{
"type": "FeatureCollection",
"name": "kdkec_170",
"crs": { "type": "name", "properties": { "name": "urn:ogc:def:crs:OGC:1.3:CRS84" } },
"xy_coordinate_resolution": 1e-15,
"features": [
{"type":"Feature","properties":{"kdkab":"15","kdkec":"170","nmkab":"SIDOARJO","nmkec":"KRIAN","kddesa":"016","kdprov":"35","nmdesa":"KRIAN","nmprov":"JAWA TIMUR","iddesa":"3515170016"},"geometry":{"type":"MultiPolygon","coordinates":[[[[112.579605701,-7.41298777199997],[112.579504998,-7.41333053999993],[112.579453286,-7.41336022799995],[112.579325365,-7.41371109199998],[112.579273653,-7.41380015799997],[112.579150422,-7.41426651699994],[112.579149601,-7.41426962099993],[112.579144537,-7.41426847699997],[112.579069781,-7.41472149999993],[112.578832447,-7.41466048399997],[112.578830454,-7.41465796899997],[112.57854518,-7.41458016599996],[112.577728858,-7.41435752999996],[112.57772376,-7.41435613999993],[112.57767768,-7.41459349],[112.57766812,-7.41464270999995],[112.57713145,-7.41721946999998],[112.577129996,-7.41722644999994],[112.577126956,-7.41724104699998],[112.57684494,-7.41859512],[112.5768449,-7.41859426999997],[112.57684385,-7.41856788999994],[112.57658688,-7.41850585999992],[112.5765877,-7.41850192999992],[112.57654996,-7.41849774],[112.57657249,-7.41839960999995],[112.57657076,-7.41839865999997],[112.57659168,-7.41834984999998],[112.57628812,-7.41824395999995],[112.57627466,-7.41823658999993],[112.576157682,-7.41819469599995],[112.57612938,-7.41818455999991],[112.57534584,-7.41790394999994],[112.57533311,-7.41789926999994],[112.57520226,-7.41785113000001],[112.57440707,-7.41755855999997],[112.574395533,-7.41601633299996],[112.574374809,-7.4132458719999],[112.57437235,-7.41291642999996],[112.574436079,-7.41193844299995],[112.57444913,-7.41173817],[112.57448532,-7.41136146999997],[112.574476775,-7.41134748999995],[112.574748208,-7.41132615399994],[112.574819773,-7.41072480299992],[112.57492712,-7.41011224599991],[112.575215262,-7.41032514699998],[112.575502885,-7.41034378900002],[112.575418384,-7.41003410799994],[112.57541978,-7.41003419999991],[112.57530333,-7.40960343999994],[112.575302001,-7.40959852199992],[112.575301233,-7.40959567999996],[112.5752975,-7.40958186999994],[112.575207191,-7.40924779799997],[112.57515382,-7.40905036999994],[112.57506726,-7.40879773999996],[112.57506798,-7.40879744999997],[112.57507333,-7.40879618999997],[112.57518,-7.40872],[112.575234458,-7.40868796599996],[112.57535,-7.40862],[112.57558,-7.40851],[112.57586738,-7.40837093999995],[112.57589,-7.40836],[112.57615,-7.40827],[112.57629,-7.40823],[112.57644,-7.4082],[112.57657,-7.40817],[112.576741072,-7.408162562],[112.5768,-7.40816],[112.57685634,-7.40815623999993],[112.5771,-7.40814],[112.57731076,-7.40811280499998],[112.57741,-7.4081],[112.577531391,-7.40807857699998],[112.57756356,-7.40807289999997],[112.57775,-7.40804],[112.57775263,-7.40803963999995],[112.578044532,-7.40800019699996],[112.57812,-7.40799],[112.5782056,-7.40799],[112.57823,-7.40799],[112.57824502,-7.407989],[112.57838,-7.40798],[112.57848015,-7.40797735999993],[112.57876,-7.40797],[112.578951184,-7.40797],[112.57895713,-7.40797],[112.578933369,-7.40727584199996],[112.57893329,-7.40727351999996],[112.57892901,-7.40714868999995],[112.57892074,-7.40713765999993],[112.57892189,-7.40706158999995],[112.578945526,-7.40548471200001],[112.57897343,-7.40362313999996],[112.57904,-7.40349],[112.57904,-7.40331],[112.57904,-7.40306],[112.57904,-7.40285942],[112.57905387,-7.40276926999997],[112.57905387,-7.40270943999997],[112.57905721,-7.40268402999995],[112.57904885,-7.40261213999996],[112.57907,-7.40245],[112.57923,-7.40251],[112.57939,-7.40254],[112.5797,-7.40279],[112.57989,-7.40303],[112.58004,-7.40324],[112.58022,-7.40351],[112.58066,-7.40441],[112.58087518,-7.40483011999995],[112.58108,-7.40523],[112.58116883,-7.40540766999996],[112.581170217,-7.40541044399993],[112.5812,-7.40547],[112.58121693,-7.40551513999998],[112.58129,-7.40571],[112.581305215,-7.40575183999993],[112.58133,-7.40582],[112.58139955,-7.40605472999994],[112.581435609,-7.40617640999995],[112.58144094,-7.40619439999998],[112.581442613,-7.40619504399995],[112.581517881,-7.40639408399994],[112.58146766,-7.40642645499998],[112.581517529,-7.4065995409999],[112.581908806,-7.40676799499991],[112.581955951,-7.40696536599998],[112.582060454,-7.40697711799991],[112.58207730928396,-7.407224318268731],[112.582079603,-7.40725795799996],[112.582113227,-7.40775108399998],[112.582119476,-7.40781649899994],[112.582136836,-7.40795628099996],[112.582142391,-7.40801343299997],[112.582143952,-7.40805058800001],[112.58216,-7.40814],[112.5821624,-7.40816156999996],[112.58216292,-7.40816626],[112.582169792,-7.40816637499995],[112.58270819,-7.40817538999993],[112.582947223150995,-7.408163329132674],[112.583151661,-7.40818078499996],[112.583128546,-7.40847367899993],[112.583166852,-7.40868177899998],[112.583081626480521,-7.408718785048359],[112.583081629480517,-7.408719496048359],[112.58315102,-7.40905678999993],[112.58315147,-7.40915912000001],[112.58315808,-7.40915886200001],[112.58386856,-7.40913111999992],[112.583871006,-7.40913102399998],[112.58409746,-7.40912217999993],[112.584099226,-7.40912211099992],[112.584198209,-7.40911824799997],[112.58420534,-7.40911796999996],[112.584211377,-7.40911773399995],[112.58432373,-7.40911333999998],[112.584348233,-7.40906693299996],[112.584426148,-7.40893669599994],[112.58507248260247,-7.409305568543992],[112.585288037724865,-7.408906848377838],[112.585413855498615,-7.408617534294021],[112.585475021215316,-7.408547506047443],[112.587617621721677,-7.408431850278769],[112.58783060961315,-7.408185257334061],[112.587896708927062,-7.408120506526488],[112.588396215570071,-7.407740568549829],[112.588486927090472,-7.40770471730794],[112.588638956860308,-7.407678066736739],[112.588813016076557,-7.407649079410212],[112.588819277307351,-7.407764137156438],[112.588848740306091,-7.407796627356005],[112.588924274462741,-7.40779486023249],[112.58893,-7.40791587299995],[112.58894793,-7.40803356999991],[112.58895452,-7.40807532],[112.58896,-7.40811],[112.58899,-7.40821],[112.58902,-7.40828],[112.589019101,-7.40828345799994],[112.589276106,-7.40878948299998],[112.589275399,-7.40878971599992],[112.589006783,-7.40887850799993],[112.58898808,-7.40996164099993],[112.588980599,-7.41021016699994],[112.58873372,-7.411549242],[112.588759904,-7.41168648699993],[112.588709061,-7.41199844699998],[112.5887,-7.41208],[112.5887,-7.41217],[112.58866,-7.41278],[112.58865,-7.41314],[112.588636464,-7.41314290099993],[112.588636464,-7.41376742299998],[112.588631491605227,-7.413795914556785],[112.588589987635913,-7.413824652274702],[112.588556532941439,-7.413879106502019],[112.588539276964269,-7.413918632177582],[112.588498083238122,-7.413987778789312],[112.588461303125499,-7.414043684560497],[112.588403926149809,-7.414118715990245],[112.588364203628174,-7.414201103442518],[112.588309769061496,-7.41429820293984],[112.588283867319234,-7.414338577055294],[112.588255823926801,-7.414364814143283],[112.588213246358748,-7.414391647466828],[112.588052932,-7.41442026299995],[112.587847199,-7.41440913499998],[112.587708797,-7.41438316999996],[112.587574136,-7.41436833299997],[112.587480621,-7.41431269299992],[112.58740955,-7.41424592499993],[112.587342219,-7.41419399499996],[112.58722252,-7.41414577399997],[112.586938235,-7.41409384299992],[112.586579138,-7.41406787799998],[112.58647066,-7.41407529599998],[112.586264928,-7.41407900599996],[112.58618468,-7.41407900599996],[112.586098168,-7.41407900599996],[112.586081106273994,-7.414079111185095],[112.586070417,-7.41407900599996],[112.585868425,-7.41407900599996],[112.585707579,-7.41407900599996],[112.585576659,-7.41410126200001],[112.585486884,-7.41410867999998],[112.585438257,-7.41412722699995],[112.585391026140783,-7.414159426056225],[112.585378407,-7.41416802899996],[112.585277411,-7.41421254099993],[112.585213353,-7.41421530299993],[112.585191377,-7.41421625099998],[112.585015569,-7.41421254099993],[112.584813577,-7.41418657599998],[112.584540514,-7.414142064],[112.584476924,-7.41411238999997],[112.584420815,-7.41406787799998],[112.584368447,-7.41393434199996],[112.58436483,-7.41393137399996],[112.584361372,-7.41393143099996],[112.584173695916604,-7.41394110497332],[112.583284692910013,-7.413926911891936],[112.582727291895722,-7.413972071696335],[112.582682132091321,-7.414024973181488],[112.582528107,-7.41403044899996],[112.582356942,-7.41404469499997],[112.582351777,-7.41404270299996],[112.582358348,-7.41404006399994],[112.582347591,-7.41401872899996],[112.582074527,-7.41367376199998],[112.582025369,-7.41362180699998],[112.581916522,-7.41350676899998],[112.581851254,-7.41343778899995],[112.581790242,-7.41337330699998],[112.581341371,-7.41316187499996],[112.581207323,-7.41311517099995],[112.581046841,-7.41305925699995],[112.58101049,-7.41304659199992],[112.580926165,-7.41301721099992],[112.580693153,-7.41294019],[112.580668064,-7.41293189699994],[112.580413704,-7.41290964099997],[112.580054607,-7.41288367599995],[112.579729175,-7.41284658199994],[112.579719952,-7.41281773599996],[112.579680547,-7.41269449999993],[112.579670157,-7.412698915],[112.579671022,-7.41269898299992],[112.579605701,-7.41298777199997]]]]}},
{"type":"Feature","properties":{"kdkab":"15","kdkec":"170","nmkab":"SIDOARJO","nmkec":"KRIAN","kddesa":"003","kdprov":"35","nmdesa":"KATRUNGAN","nmprov":"JAWA TIMUR","iddesa":"3515170003"},"geometry":{"type":"MultiPolygon","coordinates":[[[[112.58187893,-7.42157278],[112.58160762,-7.42144885999995],[112.58070803,-7.42103797999997],[112.58037768,-7.42090943999994],[112.58034426,-7.42089722000001],[112.580343337,-7.42089553200001],[112.579865759,-7.42075851399996],[112.579938503,-7.42050533499997],[112.579917108,-7.42048270499993],[112.579901418,-7.42045300199994],[112.579880023,-7.42042471399998],[112.579871508,-7.42032444399996],[112.57977234,-7.42029689999991],[112.5796815,-7.42025858999997],[112.57951137,-7.42021127999995],[112.57946023,-7.42019706999998],[112.57933742,-7.42017607999997],[112.57919147,-7.42013553999995],[112.57918848,-7.42013469999994],[112.57909869,-7.42010928999997],[112.57827618,-7.41987649999996],[112.57705867,-7.41950519999994],[112.57665855,-7.41939576999995],[112.57667,-7.41937],[112.57669485,-7.41926230999994],[112.57669545,-7.41926249999995],[112.57676,-7.41898],[112.57684977,-7.41864039999997],[112.57685153,-7.41863375999998],[112.5768509,-7.41863366999996],[112.57684574,-7.4186329],[112.57683733,-7.41863163999995],[112.57684494,-7.41859512],[112.577126956,-7.41724104699998],[112.577129996,-7.41722644999994],[112.57713145,-7.41721946999998],[112.57766812,-7.41464270999995],[112.57767768,-7.41459349],[112.57772376,-7.41435613999993],[112.577728858,-7.41435752999996],[112.57854518,-7.41458016599996],[112.578830454,-7.41465796899997],[112.578832447,-7.41466048399997],[112.579069781,-7.41472149999993],[112.579144537,-7.41426847699997],[112.579149601,-7.41426962099993],[112.579150422,-7.41426651699994],[112.579273653,-7.41380015799997],[112.579325365,-7.41371109199998],[112.579453286,-7.41336022799995],[112.579504998,-7.41333053999993],[112.579605701,-7.41298777199997],[112.579671022,-7.41269898299992],[112.579670157,-7.412698915],[112.579680547,-7.41269449999993],[112.579719952,-7.41281773599996],[112.579729175,-7.41284658199994],[112.580054607,-7.41288367599995],[112.580413704,-7.41290964099997],[112.580668064,-7.41293189699994],[112.580693153,-7.41294019],[112.580926165,-7.41301721099992],[112.58101049,-7.41304659199992],[112.581046841,-7.41305925699995],[112.581207323,-7.41311517099995],[112.581341371,-7.41316187499996],[112.581790242,-7.41337330699998],[112.581851254,-7.41343778899995],[112.581916522,-7.41350676899998],[112.582025369,-7.41362180699998],[112.582074527,-7.41367376199998],[112.582347591,-7.41401872899996],[112.582358348,-7.41404006399994],[112.582351777,-7.41404270299996],[112.58232355,-7.4140540399999],[112.58232358,-7.41405422999995],[112.5823467,-7.41417422999996],[112.58240661,-7.41442940999998],[112.58244577,-7.41452170999997],[112.582499,-7.41477602999992],[112.58258181,-7.41537339999998],[112.58258772,-7.41563363999992],[112.58262912,-7.41618960999998],[112.582664046,-7.41649619],[112.58268235,-7.41665685999995],[112.58289528,-7.41739618],[112.58307863,-7.41778062999998],[112.58327972,-7.41807043999996],[112.58330817,-7.41813444999994],[112.58330143,-7.41813986999995],[112.58339595,-7.41842752999997],[112.58344798,-7.41858882],[112.58351424,-7.41879422999994],[112.583547335,-7.41901120799995],[112.58355619,-7.41906925999994],[112.58356747,-7.41914318999992],[112.58357514,-7.41935423999994],[112.5835793,-7.41946848999994],[112.58364436,-7.41965183999998],[112.58369876,-7.41979155099995],[112.58380811,-7.42007239],[112.583809333,-7.42007552999996],[112.584169852,-7.42018749399995],[112.58417885,-7.42019028899992],[112.58417872,-7.42018903999996],[112.584217821757321,-7.420194595770895],[112.58425642,-7.42020007999998],[112.5842564,-7.4202],[112.5843,-7.4202],[112.58441135,-7.42021484999997],[112.5846,-7.42024],[112.58545,-7.4204],[112.58567,-7.42044],[112.58621,-7.42054],[112.58707,-7.42068],[112.58792,-7.42097],[112.58855,-7.4212],[112.58868860422136,-7.421236035583697],[112.588770876,-7.42125679699995],[112.5889,-7.42129],[112.58912,-7.42135],[112.58914937,-7.42136258999993],[112.58918255,-7.42137680999993],[112.5891851,-7.42138181999993],[112.589186329,-7.42138582799995],[112.589534702951667,-7.421451339275299],[112.589578692,-7.42146005899995],[112.589508555,-7.42243641499997],[112.58950689,-7.42245958999992],[112.58944,-7.42249],[112.58922,-7.42292],[112.58896,-7.42344],[112.58892,-7.42354],[112.58874,-7.42398],[112.5886,-7.42435],[112.58856,-7.42441],[112.58826,-7.42437],[112.588,-7.42434],[112.58778,-7.42435],[112.58769105,-7.42435926999997],[112.587612498013272,-7.424367160292677],[112.5873,-7.4244],[112.58694,-7.42446],[112.58686846,-7.42450291999992],[112.586857649563783,-7.424509407781068],[112.58684,-7.42452],[112.58682574,-7.42450329999997],[112.58679533,-7.42450502],[112.58673143,-7.42454040999996],[112.586576128,-7.42463611299998],[112.58657498,-7.42463681999996],[112.58640407,-7.42438214],[112.586268008,-7.42419205499993],[112.58613667,-7.42400856999997],[112.5859204,-7.42368219],[112.58588886,-7.42365414999994],[112.58589267,-7.42364832999996],[112.58582996,-7.42357798999998],[112.58579758,-7.42353244999991],[112.58576704,-7.42348950999996],[112.58565792,-7.42333122999996],[112.58545442,-7.42308349999993],[112.58524994,-7.42287901999992],[112.58485868,-7.42251921999994],[112.5847273,-7.42241850999995],[112.584589549,-7.42231292399992],[112.58449548,-7.42224081999998],[112.5844951,-7.42224330999994],[112.58431643,-7.42209046999996],[112.58388815,-7.42259137999998],[112.583732287,-7.42277944199995],[112.58365033,-7.42287832999993],[112.58348785,-7.42287214999993],[112.58326811,-7.42286379999995],[112.58287531,-7.42277478999996],[112.58284347,-7.42284321999993],[112.58258226,-7.42284862],[112.58246975,-7.42282316999998],[112.58246653,-7.42282862],[112.58238201,-7.42280210999995],[112.58251022,-7.42236781999995],[112.58250882,-7.42236722999995],[112.58254654,-7.42222942999997],[112.58263212,-7.42191678999997],[112.582605927,-7.42190482599997],[112.58188244,-7.42157438],[112.58187893,-7.42157278]]]]}},
{"type":"Feature","properties":{"kdkab":"15","kdkec":"170","nmkab":"SIDOARJO","nmkec":"KRIAN","kddesa":"014","kdprov":"35","nmdesa":"SIDOMOJO","nmprov":"JAWA TIMUR","iddesa":"3515170014"},"geometry":{"type":"MultiPolygon","coordinates":[[[[112.5844,-7.3994],[112.58432,-7.39908],[112.58428,-7.39892],[112.58415,-7.39833],[112.58411,-7.39816],[112.58402,-7.39775],[112.58386,-7.39707],[112.58375,-7.39659],[112.583744387,-7.39656457699995],[112.58371688,-7.39643998999996],[112.58367438,-7.39624749999997],[112.58351241,-7.3957641399999],[112.58349342,-7.39569337999995],[112.58332324,-7.39505906999994],[112.58326854,-7.39481808999997],[112.58319598,-7.39449845999997],[112.58319394,-7.39444133999998],[112.583193842,-7.39444134299991],[112.5831924,-7.39444138999995],[112.58317269,-7.39444211999992],[112.5831698,-7.39444223],[112.58269,-7.39446],[112.58218,-7.39451],[112.58174,-7.39454],[112.58118,-7.39458],[112.58097187,-7.39459424999994],[112.58045,-7.39463],[112.58042526,-7.39463],[112.58038533,-7.39512251000001],[112.58033775,-7.39560496999996],[112.58024964,-7.39578244999995],[112.57993455,-7.39590167999994],[112.57980448,-7.39586349999995],[112.57975252,-7.39562557999992],[112.5797215,-7.39538480999993],[112.57983106,-7.39509334999998],[112.57987057,-7.39489246999996],[112.57987704,-7.39468374999996],[112.5798497,-7.39450554999993],[112.57983422,-7.39419600999998],[112.57984282,-7.39387958999991],[112.57989613,-7.39373684999993],[112.57994944,-7.39343418999992],[112.57992537,-7.39326737999992],[112.57993053,-7.39315559999995],[112.57993365,-7.39315426999994],[112.57995331,-7.3931091699999],[112.57997574,-7.39309926999995],[112.57997478,-7.39309548999993],[112.58032614,-7.39294368999995],[112.58041631,-7.39285304],[112.58046296,-7.39277254999996],[112.58040473,-7.39256875999994],[112.58036861,-7.39232456999996],[112.58034927,-7.39209103999998],[112.580332082,-7.39203737299995],[112.580320617,-7.392001578],[112.58031468,-7.39198303999996],[112.58030298,-7.39195495999997],[112.58024808,-7.39182319999998],[112.58017376,-7.39167611999995],[112.58013302,-7.39147503999993],[112.58012061,-7.39138070999994],[112.58013543,-7.39132711999997],[112.5801313,-7.39113282999995],[112.58019493,-7.39095741999996],[112.58021041,-7.39093436999995],[112.58027231,-7.39084219999993],[112.58048039,-7.39063067999998],[112.58059561,-7.39049997999998],[112.58075038,-7.39047934999995],[112.5808656,-7.39050513999992],[112.58091717,-7.39052333999997],[112.580917209,-7.39052272399993],[112.58094467,-7.39009287999994],[112.58095033,-7.38993584],[112.58240699,-7.38993436999996],[112.58258575,-7.38993419000001],[112.5832705,-7.38993348999998],[112.58327,-7.38994],[112.583275873,-7.38994065299996],[112.58339795,-7.39006575099994],[112.583413218,-7.39007777499993],[112.583468621,-7.39012140599992],[112.58383029,-7.39019148999995],[112.583821519,-7.39000936699993],[112.58388,-7.39002],[112.58402,-7.39004],[112.58400629,-7.39046494999996],[112.58401308,-7.39077376499994],[112.58401629,-7.39091976999989],[112.58401624,-7.39092173999997],[112.58400769,-7.39126025999997],[112.58400339,-7.39152745999998],[112.58400223,-7.39165184999995],[112.584005703,-7.39165142999998],[112.584941578,-7.3915381429999],[112.587081378,-7.39127912199996],[112.587426113,-7.39123739099997],[112.58916228,-7.39102722999994],[112.58941986,-7.39114882999996],[112.58965679,-7.39126067999994],[112.58977015,-7.39131418999996],[112.58984128,-7.39134776999992],[112.5898823,-7.39134389999996],[112.59042509,-7.39129268999995],[112.5913109,-7.39120911999991],[112.59317907,-7.39103284999993],[112.59340694,-7.39101134999992],[112.59341,-7.3911],[112.59342,-7.39152],[112.59342,-7.39179166999996],[112.59342,-7.3918],[112.593421847,-7.39183077699995],[112.59351,-7.3933],[112.59357,-7.39455],[112.59359,-7.39525],[112.59359,-7.39535],[112.59362,-7.39569],[112.59365,-7.39599],[112.59366832,-7.39705235999997],[112.59367,-7.39715],[112.5936689,-7.39719842999994],[112.59366,-7.39759],[112.59366,-7.39766],[112.59366,-7.39772],[112.59356,-7.39766],[112.59342,-7.39762],[112.5933,-7.39758],[112.593198861,-7.39756103599995],[112.59314,-7.39755],[112.59296,-7.39754],[112.59278,-7.39755],[112.59266,-7.39757],[112.59262447,-7.39757417999993],[112.59249606,-7.39758928999991],[112.59249,-7.39759],[112.59232,-7.39762],[112.59216,-7.39766],[112.59203,-7.39769],[112.59197,-7.39773],[112.59189,-7.39778],[112.59184,-7.39785],[112.59179,-7.39798],[112.59174,-7.3981],[112.59170885,-7.39818099099994],[112.59169307,-7.39822201999996],[112.59169,-7.39823],[112.59163,-7.39835],[112.59157,-7.39842],[112.59153767,-7.39844771],[112.59152651,-7.39845727999996],[112.5915,-7.39848],[112.59141,-7.39853],[112.59129,-7.39857],[112.59118,-7.39857],[112.59107,-7.39854],[112.59101096,-7.39852263999996],[112.5909,-7.39849],[112.5907,-7.3984],[112.59051,-7.39829],[112.59035,-7.39819],[112.59023,-7.39813],[112.59011,-7.3981],[112.59,-7.3981],[112.5899,-7.3981],[112.58972,-7.39812],[112.58949,-7.39819],[112.589391645,-7.398224424],[112.58929,-7.39826],[112.58915,-7.39835],[112.589,-7.39847],[112.5889,-7.39856],[112.58882,-7.39862],[112.58874,-7.39868],[112.58864,-7.39872],[112.58859598,-7.39872314399996],[112.5885,-7.39873],[112.58812,-7.39876],[112.588051964,-7.39877275699998],[112.58796,-7.39879],[112.58792717,-7.39880491999997],[112.58785,-7.39884],[112.58775,-7.3989],[112.587689677,-7.39896032299992],[112.58768714,-7.39896285999992],[112.58768,-7.39897],[112.58761,-7.39908],[112.58754,-7.39924],[112.587499523,-7.39933830099995],[112.58747,-7.39941],[112.58733,-7.39971],[112.58730557,-7.39975219999998],[112.58722,-7.3999],[112.58709,-7.40016],[112.58695,-7.40038],[112.5868,-7.40061],[112.58666,-7.40077],[112.58659,-7.40076],[112.58651,-7.40075],[112.58616,-7.4007],[112.585978437,-7.40068184399995],[112.585921526515648,-7.400676152807386],[112.58586,-7.40067],[112.58581238,-7.40066498999995],[112.585806502,-7.40066437099994],[112.58567,-7.40065],[112.58545243,-7.40062748999995],[112.58538,-7.40062],[112.58512911,-7.40058726999996],[112.58497424,-7.40054752999991],[112.58478089,-7.40048928999993],[112.58466215,-7.40043531999992],[112.584659637,-7.40042677399993],[112.5845898,-7.40018930999996],[112.58454,-7.40002],[112.58452,-7.39993],[112.58446,-7.39966],[112.58442862,-7.39952402999993],[112.584402494,-7.39941080899994],[112.5844,-7.3994]]]]}},
{"type":"Feature","properties":{"kdkab":"15","kdkec":"170","nmkab":"SIDOARJO","nmkec":"KRIAN","kddesa":"007","kdprov":"35","nmdesa":"JUNWANGI","nmprov":"JAWA TIMUR","iddesa":"3515170007"},"geometry":{"type":"MultiPolygon","coordinates":[[[[112.606611973152056,-7.409510008419218],[112.606206648,-7.40951344699995],[112.60620457,-7.40951333999993],[112.605996633220485,-7.409461220876358],[112.60439,-7.40909],[112.60417,-7.40902],[112.60302,-7.40874],[112.60249,-7.40865],[112.60222,-7.40858],[112.60192,-7.40846],[112.602,-7.4078],[112.60199,-7.40769],[112.60164,-7.40757],[112.60164602,-7.40730490999992],[112.601645977,-7.40730490499994],[112.601649204,-7.40730063899996],[112.601658488,-7.407134915],[112.599783051,-7.40681267499995],[112.599734308,-7.406789658],[112.597248028,-7.406201445],[112.59726571,-7.40604339999993],[112.59747989,-7.40454080999994],[112.59758363,-7.40399197999992],[112.597655456,-7.403632885],[112.599592722,-7.40376979199994],[112.599592845,-7.40376995399991],[112.599590313,-7.40375787799998],[112.600128117,-7.403802515],[112.600257597,-7.40269382399992],[112.600327191,-7.40209791099995],[112.600679706,-7.402136753],[112.600855964,-7.40220278399995],[112.600961718,-7.40235815199994],[112.600989136,-7.40249409799998],[112.601024388,-7.40269219199994],[112.601056021,-7.40281748399997],[112.601014242,-7.40318863899992],[112.601507598162073,-7.403297270804744],[112.60154345,-7.40330516499997],[112.601984746,-7.40338457499996],[112.60212419,-7.40339379299996],[112.602128363,-7.40339406899996],[112.602137938,-7.40325337599995],[112.602148383,-7.40320072299994],[112.60214231,-7.40319908099996],[112.602132528,-7.40319643599997],[112.602323666,-7.40114489499994],[112.602699949,-7.40115763899997],[112.603666101,-7.40118957499993],[112.604427708,-7.401180081],[112.604664688,-7.40121194299994],[112.605538348,-7.40132940699995],[112.605606311,-7.40134166099994],[112.605606511,-7.40134084299997],[112.606824950635556,-7.401529831634567],[112.606964347,-7.40155145299997],[112.607006127,-7.40165503199996],[112.607643910095433,-7.401764538143339],[112.609618823180895,-7.402103626960598],[112.613280023,-7.40273224799995],[112.613530701,-7.40261313299993],[112.613543003,-7.40261550499998],[112.61348377,-7.40283138999995],[112.61317742,-7.40464832999992],[112.61302542,-7.40587894999991],[112.61294285,-7.40712554999992],[112.61293675,-7.40721766000001],[112.61288,-7.40722],[112.61283773,-7.4072131],[112.61282421,-7.40728791],[112.61281331,-7.40734818999995],[112.612812166,-7.40735452099995],[112.61281092,-7.40736140999998],[112.612808592,-7.40737428699992],[112.612798543,-7.40742987499994],[112.61278682,-7.40749471999991],[112.612788254,-7.40788870699995],[112.61278831,-7.40790398699995],[112.612771829,-7.40796318999996],[112.612765428,-7.40798618199994],[112.61271925,-7.40805109799994],[112.612673418,-7.40812201199997],[112.612670597,-7.40812637599993],[112.612656178,-7.40818062299997],[112.612649813,-7.40820911599998],[112.612575168,-7.40835950999996],[112.61257086,-7.40836818999996],[112.612572172,-7.40837545899996],[112.612571076,-7.40838129299994],[112.612564113,-7.40859074899992],[112.612580361,-7.408825523],[112.612615474,-7.40888311099997],[112.612640709,-7.40892449699996],[112.612659278,-7.40901426299996],[112.612698736,-7.40913855599998],[112.612745158,-7.4091984],[112.612805506,-7.409265149],[112.612828717,-7.40932959699998],[112.612868175,-7.40988200599997],[112.612961019,-7.41059092999994],[112.612995835,-7.41061624899997],[112.613002254,-7.41063852799993],[112.613622076,-7.41084758999996],[112.613910954,-7.41096357399996],[112.613667169,-7.412703321],[112.613672806,-7.41291851899997],[112.613686703,-7.41298742499993],[112.61359384,-7.41367964999993],[112.61329603,-7.41548691],[112.6132187,-7.41599220999998],[112.61321294,-7.41599114999996],[112.61319297,-7.41611235999996],[112.61318,-7.41611],[112.61235,-7.41595],[112.61224,-7.41593],[112.61137,-7.41579],[112.61102,-7.41571],[112.61104061,-7.41559318999998],[112.61105,-7.41554],[112.61095,-7.41533],[112.61086,-7.41523],[112.61063,-7.41511],[112.61057,-7.41508],[112.61035,-7.41499],[112.60951,-7.41477],[112.60941,-7.41473],[112.6093,-7.41452],[112.60924,-7.41441],[112.609,-7.41425],[112.60879,-7.41414],[112.608776315,-7.41411563499995],[112.60838,-7.41341],[112.60791,-7.41256],[112.607557849434727,-7.411961406998292],[112.607511510377648,-7.411755443841547],[112.607496762674202,-7.411635532038619],[112.607495304252794,-7.411406994870539],[112.607517139685925,-7.411200686552118],[112.607563255635668,-7.411055813276677],[112.607561311263098,-7.410767922820352],[112.60748832892348,-7.41059243889329],[112.607419698569842,-7.410424907303712],[112.607272075072217,-7.410121747712748],[112.607182435287342,-7.409833756490046],[112.607092922100009,-7.409666921751937],[112.607089632099999,-7.409663931752046],[112.60701,-7.40963],[112.607007581,-7.40962829299998],[112.606871741184321,-7.409555449941326],[112.606822079,-7.40951448499992],[112.606611973152056,-7.409510008419218]]]]}},
{"type":"Feature","properties":{"kdkab":"15","kdkec":"170","nmkab":"SIDOARJO","nmkec":"KRIAN","kddesa":"022","kdprov":"35","nmdesa":"SIDOREJO","nmprov":"JAWA TIMUR","iddesa":"3515170022"},"geometry":{"type":"MultiPolygon","coordinates":[[[[112.60658943,-7.38913800999996],[112.60634967,-7.38932068999995],[112.60623469,-7.38941537999995],[112.60563108,-7.38978584999994],[112.60506327,-7.39017400999997],[112.60453299,-7.39046098999995],[112.60452423,-7.39044972999994],[112.60447,-7.39038],[112.60444,-7.39032],[112.6044,-7.39026],[112.60431,-7.39003],[112.60422,-7.38962],[112.60413,-7.38914],[112.60412,-7.38905],[112.60434,-7.3888],[112.60441,-7.38875],[112.60448,-7.38871],[112.60454,-7.38867],[112.60462,-7.38862],[112.60469,-7.38858],[112.60476,-7.38855],[112.60484,-7.38851],[112.60493,-7.38847],[112.60501,-7.38843],[112.60506,-7.3884],[112.60517,-7.38833],[112.60526,-7.38827],[112.60536,-7.38821],[112.60545,-7.38816],[112.60555,-7.38811],[112.60568,-7.38804],[112.6059,-7.38793],[112.60626,-7.38773],[112.60646,-7.38767],[112.60649,-7.38722],[112.6065,-7.38695],[112.60653,-7.38656],[112.606535468,-7.38646699799996],[112.60653558,-7.38646508999993],[112.60655,-7.38622],[112.60658723,-7.38580114999996],[112.606588336,-7.38578871599995],[112.60659,-7.38577],[112.606591108,-7.38575450699991],[112.60659353,-7.38572063999994],[112.60662,-7.38535],[112.60663,-7.38522],[112.60665,-7.38498],[112.60674,-7.38383],[112.60676,-7.38357],[112.60681798,-7.3829129399999],[112.606819961,-7.38289044499996],[112.60682,-7.38289],[112.60684384,-7.38288728999993],[112.60726,-7.38284],[112.607910283,-7.38268616999995],[112.60819,-7.38262],[112.60873649,-7.38250077],[112.60874,-7.3825],[112.608819723,-7.38249003499993],[112.60882,-7.38249],[112.60882219,-7.38247250999994],[112.60883,-7.38241],[112.60883,-7.38238667999995],[112.60883,-7.38223],[112.60885,-7.38132],[112.60885,-7.38126713165734],[112.60885,-7.38124],[112.60885,-7.3808],[112.608851116839006,-7.38059789344572],[112.608852339316741,-7.380376670128577],[112.608854887647993,-7.37991551629893],[112.60885947,-7.37908627999998],[112.608859987292689,-7.378992308416351],[112.608806600948,-7.37896200805875],[112.608834214167999,-7.37881332148962],[112.608844834636997,-7.37857329888515],[112.608846181673997,-7.37847294462247],[112.60884058,-7.37847204999994],[112.60872909,-7.37845423999992],[112.60872909,-7.37845212999998],[112.60868173,-7.37845212999998],[112.60859157,-7.37837886999995],[112.60852689,-7.37837530999997],[112.60852395,-7.37837209999995],[112.6083932,-7.37834054999994],[112.60823541,-7.37830898999995],[112.60805508,-7.37828644999994],[112.60794238,-7.37829545999996],[112.607891467,-7.378299704],[112.60778008,-7.37830898999995],[112.60761778,-7.37829545999996],[112.60740589,-7.37827742999996],[112.60730842,-7.37828898999996],[112.60714,-7.37824],[112.60714014,-7.3782383],[112.607119477,-7.37823651699996],[112.60711916,-7.37823648999995],[112.60714063,-7.37776235999998],[112.60713427,-7.37764062999998],[112.60714328,-7.37726193999992],[112.60715164,-7.37716074999995],[112.60713144,-7.37653476999996],[112.60713,-7.37649],[112.607129865,-7.37648346],[112.60712929,-7.37645570999996],[112.607129241,-7.37645335699993],[112.60712593,-7.37629455999997],[112.60712,-7.37601],[112.60712,-7.37573],[112.6071143,-7.37543950499995],[112.60711429,-7.37543900999998],[112.60711416,-7.37543220999992],[112.60711,-7.37522],[112.60711,-7.375],[112.60711,-7.37488],[112.607105785,-7.37480412899993],[112.607815164,-7.37481802499997],[112.607859347,-7.37430580999997],[112.60814,-7.37448],[112.6085,-7.3747],[112.60865,-7.37473],[112.6087381,-7.37470408999995],[112.608762197,-7.37469700199993],[112.60878301,-7.37469087999995],[112.60882,-7.37468],[112.60896,-7.37463],[112.60942,-7.3745],[112.609604115,-7.37444286099998],[112.60971,-7.37441],[112.6098879309491,-7.374317166461338],[112.60994,-7.37429],[112.61019,-7.37416],[112.61039741,-7.37407301999995],[112.610443521,-7.37405368399995],[112.6105,-7.37403],[112.61075,-7.37393],[112.611174212,-7.37375696799998],[112.61120495,-7.37374442999991],[112.61128783,-7.37371061999994],[112.611347418858159,-7.373686314547705],[112.61151,-7.37362],[112.61156815,-7.37362414999997],[112.61164056,-7.373597],[112.61182393,-7.37361665],[112.61198765,-7.37368540999996],[112.61215073,-7.37380068999993],[112.612181031,-7.37374613699995],[112.61218344,-7.37374179999994],[112.612189,-7.37373178999996],[112.61220561,-7.37373370999996],[112.61225391,-7.37364406999995],[112.61234355,-7.37351267999997],[112.61235152,-7.37346424],[112.61235436,-7.37346281999995],[112.61243626,-7.37329901999992],[112.61253122,-7.37323025999995],[112.61269494,-7.37325644999992],[112.61275061,-7.37331211999997],[112.61275262,-7.37331681999997],[112.61278645,-7.37334772999997],[112.61279,-7.37333],[112.61313,-7.37334],[112.61344,-7.37334],[112.61356,-7.37333],[112.61371,-7.37284],[112.61386,-7.3726],[112.614065897,-7.37253296399994],[112.61429,-7.37246],[112.61449,-7.37242],[112.61462,-7.37239],[112.61541,-7.37224],[112.61564,-7.3722],[112.61570229,-7.37219157999993],[112.61573334,-7.37218738999994],[112.61562824,-7.37276565999996],[112.61564497,-7.37284762999996],[112.615704,-7.37284962999997],[112.61568029,-7.37317916999995],[112.615710163,-7.37318257699996],[112.61762872,-7.37340136999993],[112.617633533,-7.37344442999997],[112.617711,-7.3741374599999],[112.61773788,-7.37447345999991],[112.61774,-7.3745],[112.61775733,-7.37455198999991],[112.617760568,-7.37458095999997],[112.61776058,-7.37458106999998],[112.61781119,-7.37455710999993],[112.61846528,-7.37424738999994],[112.61904892,-7.37434022],[112.6191,-7.37435],[112.6192528,-7.37437864999992],[112.619253165,-7.374379183],[112.61929622,-7.37444207999993],[112.61933,-7.3745],[112.61939699,-7.37458931999994],[112.6195902,-7.37487160999996],[112.61970452,-7.37509780999993],[112.61983823,-7.37536237999996],[112.619838306,-7.37536252899998],[112.61983863,-7.37536315999993],[112.619799463,-7.37544208399993],[112.61978815,-7.37546487999998],[112.6196493,-7.37574463999996],[112.61962756,-7.37578844999997],[112.619623809,-7.37581421799998],[112.619621,-7.37583350999994],[112.61959942,-7.37598185999995],[112.61957663,-7.37613849999996],[112.619569708,-7.37618608199991],[112.61956947,-7.37618771999996],[112.61960429,-7.37627180999993],[112.619646373,-7.37637344099996],[112.6196467,-7.37637422999997],[112.619956349,-7.37642802599994],[112.620790561,-7.37657295699996],[112.62089683,-7.37659141999992],[112.62089717,-7.37665064999992],[112.621619378,-7.37676487199996],[112.62182739,-7.37679776999993],[112.623587534,-7.37711876999998],[112.62364396,-7.37712905999997],[112.62475686,-7.37720434999994],[112.6247573,-7.37720460999997],[112.62477625,-7.37721596999994],[112.624795545,-7.3772275279999],[112.624785303,-7.37739777499995],[112.624628342,-7.38000679399992],[112.62491745,-7.37993413999995],[112.625450187,-7.37979722699993],[112.625728807,-7.37975862299994],[112.625700327,-7.3799497599999],[112.625700273,-7.379949731],[112.62561646,-7.38060470999994],[112.625465798,-7.38173278499994],[112.622834697,-7.38173995299995],[112.62280705,-7.38184263999993],[112.62265602,-7.38240391999994],[112.62263662,-7.38246070999996],[112.62259291,-7.38264285999998],[112.622528,-7.38282259999996],[112.62250393,-7.38291731999994],[112.62001142,-7.38296109999993],[112.620049954,-7.38253407199997],[112.62005015,-7.38253189999998],[112.61976742,-7.38244883999994],[112.61963772,-7.38243773999996],[112.61945514,-7.3824174499999],[112.61933803,-7.38238884999995],[112.61933,-7.38239],[112.61924,-7.38238],[112.61918,-7.38219],[112.61918813,-7.38204372999997],[112.61919,-7.38201],[112.61918477,-7.38201161999994],[112.619193504,-7.3818850559999],[112.61919351,-7.38188496999994],[112.61911101,-7.38191666999997],[112.618118764,-7.38226920999994],[112.61638423,-7.38288547999998],[112.61632615,-7.38290686999991],[112.616293918,-7.38291874399993],[112.61615851,-7.38296862999993],[112.614841536,-7.38345373499994],[112.61397183,-7.38377408999996],[112.61299339,-7.38423603999996],[112.612885794,-7.38429286799991],[112.61288028,-7.38429577999997],[112.612822379,-7.38432635999994],[112.61179682,-7.38486800999994],[112.61118089,-7.38522088999996],[112.61060024,-7.38556414999991],[112.610567801,-7.38559171399995],[112.61004526,-7.38603571999996],[112.609676755,-7.38639532399997],[112.609297447000017,-7.386778915999964],[112.60907048,-7.38703682999995],[112.609044370000021,-7.38704302],[112.60863375,-7.38746005999998],[112.608309193,-7.38778055699995],[112.60812047,-7.38796691999994],[112.60723507,-7.38866625999996],[112.6070367,-7.38884450999994],[112.6070041,-7.38884911999997],[112.60675387,-7.38901271999991],[112.60664593,-7.38909495999997],[112.60658943,-7.38913800999996]]]]}},
{"type":"Feature","properties":{"kdkab":"15","kdkec":"170","nmkab":"SIDOARJO","nmkec":"KRIAN","kddesa":"002","kdprov":"35","nmdesa":"SEDENGAN MIJEN","nmprov":"JAWA TIMUR","iddesa":"3515170002"},"geometry":{"type":"MultiPolygon","coordinates":[[[[112.587530937,-7.43801803899991],[112.587298014,-7.43804177599996],[112.587204548,-7.4380373249999],[112.587103664,-7.43801507199993],[112.586891511,-7.43794979399998],[112.586624465,-7.43783110699994],[112.586441984,-7.437731707],[112.586247634,-7.43758334799997],[112.586090374,-7.43744982499993],[112.586054768,-7.43743350599993],[112.586019162,-7.43742608799994],[112.585974654,-7.43743647299994],[112.585915311,-7.43747059499997],[112.585628979,-7.43761598699998],[112.585425727,-7.437731707],[112.585363417,-7.43775395999997],[112.585317426,-7.43776434499996],[112.585280336,-7.43776582899994],[112.585238796,-7.43776137799993],[112.585209124,-7.437752477],[112.585180936,-7.43774357499997],[112.585136428,-7.43771242],[112.585096744,-7.43766904399995],[112.585010323,-7.43731778599993],[112.584968783,-7.43710711699993],[112.584964476,-7.43707266499996],[112.584962943,-7.43698221099993],[112.584977215,-7.43690371599997],[112.58500005,-7.43684091999995],[112.585038584,-7.43677098699993],[112.585142769,-7.43658973499994],[112.58524838,-7.43641561799994],[112.585322594,-7.43625720099996],[112.585362555,-7.43613874399992],[112.585405371,-7.43595749199993],[112.585406798,-7.43588185099998],[112.58539538,-7.43583332699995],[112.585376205,-7.43580696],[112.585372546,-7.43580192899997],[112.585328212,-7.43577207099996],[112.584843595,-7.435578708],[112.584569575,-7.43542742599992],[112.584522478,-7.43539745599996],[112.584495362,-7.43537033899994],[112.584438274,-7.43529612499997],[112.584211352,-7.43490507699991],[112.584137138,-7.43475950399993],[112.584091468,-7.43462677599994],[112.584027245,-7.434374164],[112.58398443,-7.43417293099996],[112.583971585,-7.43412155199994],[112.583957313,-7.43410299899994],[112.583928769,-7.43407873599996],[112.583878818,-7.43405875599995],[112.58377606,-7.434035921],[112.583576255,-7.43402307599993],[112.583367886,-7.43402307599993],[112.583195196,-7.43401165899997],[112.583135254,-7.43399025099993],[112.583063895,-7.43394886299996],[112.582951147,-7.43386323099998],[112.5826914,-7.43360776499998],[112.582521565,-7.433465047],[112.582347448,-7.43332803699997],[112.582244691,-7.43326666799995],[112.582127662,-7.43320815299997],[112.582024904,-7.43317818299994],[112.581927856,-7.43317104699998],[112.581907683,-7.433173288],[112.581863632,-7.43317818299994],[112.581782283,-7.43320815299997],[112.581683807,-7.43325239599994],[112.581673023,-7.43325854099993],[112.581561069,-7.433322328],[112.581449749,-7.43337513399997],[112.581368399,-7.43339796899992],[112.581281341,-7.43339796899992],[112.581235671,-7.43338226999996],[112.581235331,-7.43338188199991],[112.581185719,-7.43332518299995],[112.581156618,-7.43328002499994],[112.581144331,-7.43326095899993],[112.581120069,-7.43319102699998],[112.581122923,-7.43312537699994],[112.581140049,-7.43304545399997],[112.581164312,-7.43294555099993],[112.581188574,-7.43275002699994],[112.581177156,-7.43265583299997],[112.58116003,-7.43257305599997],[112.581132914,-7.43247172599996],[112.581102943,-7.43237753199996],[112.581062981,-7.43219770599996],[112.581041574,-7.43204785199993],[112.581029443,-7.43190798799998],[112.581029443,-7.43184794099994],[112.581029443,-7.43182521099996],[112.581036579,-7.43176812399997],[112.58105085,-7.43169605099996],[112.581080108,-7.43161184699991],[112.58110374,-7.431541586],[112.58114941,-7.43140314499996],[112.581226478,-7.43116623199996],[112.581313536,-7.43094929999993],[112.581380614,-7.43074235799997],[112.581389177,-7.43068241599997],[112.581383468,-7.43059678499996],[112.58135207,-7.430504018],[112.58126156,-7.43033054099994],[112.58123991,-7.43030339999994],[112.581239847,-7.43030327699995],[112.581221355,-7.43026727099995],[112.5811594,-7.430174338],[112.581145128,-7.43013152299996],[112.581136565,-7.43003875599993],[112.581130856,-7.42990602799996],[112.581129853,-7.42987292199994],[112.581106979,-7.42980795899998],[112.581078978,-7.42978298599997],[112.58098462,-7.42969882999996],[112.580974186,-7.429682299],[112.58097341,-7.42968107],[112.58078522,-7.42938288999994],[112.58069663,-7.42937007999996],[112.58062323,-7.42933553999994],[112.58060165,-7.42925782999991],[112.58062323,-7.42911967],[112.580679792,-7.42900924699994],[112.5807139,-7.42894265999998],[112.58082201,-7.42872643999993],[112.58086065,-7.42858547000001],[112.58090818,-7.42848716999992],[112.58098806,-7.42821732999992],[112.58104634,-7.42799066999993],[112.5811219,-7.42771650999994],[112.58114654,-7.42754266000002],[112.58119754,-7.42735660999993],[112.581197721,-7.42735574399995],[112.581198454,-7.427352232],[112.58130647,-7.42683467999995],[112.581308507,-7.42682722999996],[112.581350849337241,-7.426671442725921],[112.5814022,-7.4264846],[112.58144133,-7.42634149999997],[112.58144715,-7.42632022999993],[112.58152206155944,-7.426033561302835],[112.581815458,-7.42491080299993],[112.58190242,-7.42457801999995],[112.58189819,-7.42457747],[112.582040277,-7.42406831599992],[112.58212706,-7.42375733999998],[112.58220541,-7.42343106999994],[112.58227034,-7.42316067999996],[112.58228194,-7.42314105],[112.58238201,-7.42280210999995],[112.58246653,-7.42282862],[112.58246975,-7.42282316999998],[112.58258226,-7.42284862],[112.58284347,-7.42284321999993],[112.58287531,-7.42277478999996],[112.58326811,-7.42286379999995],[112.58348785,-7.42287214999993],[112.58365033,-7.42287832999993],[112.583732287,-7.42277944199995],[112.58388815,-7.42259137999998],[112.58431643,-7.42209046999996],[112.5844951,-7.42224330999994],[112.58449548,-7.42224081999998],[112.584589549,-7.42231292399992],[112.5847273,-7.42241850999995],[112.58485868,-7.42251921999994],[112.58524994,-7.42287901999992],[112.58545442,-7.42308349999993],[112.58565792,-7.42333122999996],[112.58576704,-7.42348950999996],[112.58579758,-7.42353244999991],[112.58582996,-7.42357798999998],[112.58589267,-7.42364832999996],[112.58588886,-7.42365414999994],[112.5859204,-7.42368219],[112.58613667,-7.42400856999997],[112.586268008,-7.42419205499993],[112.58640407,-7.42438214],[112.58657498,-7.42463681999996],[112.586576128,-7.42463611299998],[112.58673143,-7.42454040999996],[112.58679533,-7.42450502],[112.58682574,-7.42450329999997],[112.58684,-7.42452],[112.586857649563783,-7.424509407781068],[112.58686846,-7.42450291999992],[112.58694,-7.42446],[112.5873,-7.4244],[112.587612498013272,-7.424367160292677],[112.58769105,-7.42435926999997],[112.58778,-7.42435],[112.588,-7.42434],[112.58826,-7.42437],[112.58856,-7.42441],[112.5886,-7.42435],[112.58874,-7.42398],[112.58892,-7.42354],[112.58896,-7.42344],[112.58922,-7.42292],[112.58944,-7.42249],[112.58950689,-7.42245958999992],[112.58951459,-7.42245608999997],[112.58954269,-7.42244331999993],[112.590594786,-7.42275105999994],[112.59080429,-7.42281233999994],[112.592342693976079,-7.423262630464327],[112.592473187408245,-7.423301010885545],[112.59256415,-7.42332709999995],[112.592747663,-7.42337707099996],[112.59398724,-7.42371460999992],[112.59409933,-7.42374513399997],[112.594184137,-7.42376822799998],[112.594305827,-7.423869859],[112.59439574,-7.42394193199995],[112.59448717,-7.42402276199994],[112.594789643,-7.42429016499994],[112.594831031,-7.42433083999994],[112.594841022,-7.42435724299997],[112.594842449,-7.42437151499996],[112.594841022,-7.42438578699997],[112.594838167,-7.42439577699996],[112.594828177,-7.42441290299997],[112.594817473,-7.42442075299993],[112.594808196,-7.42442788899997],[112.594793924,-7.42443645199994],[112.594783221,-7.42444430099992],[112.594777512,-7.424455719],[112.59477323,-7.42446784999991],[112.594767521,-7.424497107],[112.594754677,-7.42459130099996],[112.594730415,-7.42474400999995],[112.594723992,-7.42478040299995],[112.594716856,-7.42479610299996],[112.594706866,-7.42480894700001],[112.594699017,-7.42481893699993],[112.594692594,-7.42482750100001],[112.59468974,-7.42483534999995],[112.594686172,-7.42484533999992],[112.594686172,-7.42485390399998],[112.594687599,-7.42486888899995],[112.594690454,-7.42488316099993],[112.594706866,-7.42490242799992],[112.594714236,-7.42490505399996],[112.594455564,-7.42657309],[112.592760099,-7.42639316299993],[112.592559876,-7.42637191499995],[112.592531975,-7.426368954],[112.592501203,-7.42636816000002],[112.592364693,-7.42635942299995],[112.592340311,-7.42635786200001],[112.592340237,-7.42635802499996],[112.592104801,-7.42634439899994],[112.591810458,-7.42658948999997],[112.591363766,-7.42662234799997],[112.591154757,-7.42665152299998],[112.59108948,-7.42708465899992],[112.591082416,-7.42713153099997],[112.591047872,-7.42730566799997],[112.590914564,-7.42754205199996],[112.590913,-7.42754236999997],[112.590817714,-7.42764881899993],[112.59056406,-7.42793218999996],[112.59050214,-7.42807365999994],[112.5904296,-7.42823938999994],[112.59042852,-7.42824185999994],[112.590428309,-7.42824233999993],[112.59042816,-7.42824267999992],[112.59042769,-7.42824376999993],[112.59040911,-7.42822793999993],[112.59039482,-7.42821574999995],[112.5903664,-7.4281915199999],[112.59036118,-7.42819353999994],[112.59025507,-7.42823446999997],[112.59024873,-7.42824632999996],[112.590231792,-7.42827800299993],[112.59023121,-7.42827908999993],[112.58999052,-7.42872911999997],[112.58993221,-7.42881123999998],[112.58977123,-7.42919642999993],[112.589750233,-7.42931661699992],[112.58962308,-7.43004444999995],[112.589558518,-7.43032460499993],[112.58955149,-7.43035509999995],[112.58941545,-7.43094542999995],[112.589268569,-7.43158282999997],[112.58914782,-7.43210682999997],[112.589096738,-7.43228536899994],[112.58904103,-7.43251599199992],[112.588996787,-7.43269510399996],[112.588962535,-7.43287350199996],[112.588916865,-7.43306331799995],[112.588891176,-7.43323172599995],[112.588866914,-7.43333448299994],[112.58884945,-7.43338105299996],[112.588779142,-7.43352822299994],[112.588694224,-7.433693063],[112.588669962,-7.43374515599991],[112.588630714,-7.43384149099994],[112.588525816,-7.43412193199992],[112.588404506,-7.43443733999991],[112.588375962,-7.43450441799996],[112.588348845,-7.43459290399993],[112.588305316,-7.434764166],[112.588251797,-7.435040326],[112.588164739,-7.43556552999995],[112.588083389,-7.43601937499993],[112.587950661,-7.43673296799995],[112.587913459,-7.43702342899994],[112.587806642,-7.43785742099993],[112.587801399,-7.43789835599995],[112.587789293,-7.43799287799994],[112.587759409,-7.43799430099994],[112.587729967,-7.43799735999993],[112.587530937,-7.43801803899991]]]]}},
{"type":"Feature","properties":{"kdkab":"15","kdkec":"170","nmkab":"SIDOARJO","nmkec":"KRIAN","kddesa":"021","kdprov":"35","nmdesa":"BARENGKRAJAN","nmprov":"JAWA TIMUR","iddesa":"3515170021"},"geometry":{"type":"MultiPolygon","coordinates":[[[[112.60659,-7.38577],[112.606588336,-7.38578871599995],[112.60658723,-7.38580114999996],[112.60655,-7.38622],[112.60653558,-7.38646508999993],[112.606535468,-7.38646699799996],[112.60653,-7.38656],[112.6065,-7.38695],[112.60649,-7.38722],[112.60646,-7.38767],[112.60626,-7.38773],[112.6059,-7.38793],[112.60568,-7.38804],[112.60555,-7.38811],[112.60545,-7.38816],[112.60536,-7.38821],[112.60526,-7.38827],[112.60517,-7.38833],[112.60506,-7.3884],[112.60501,-7.38843],[112.60493,-7.38847],[112.60484,-7.38851],[112.60476,-7.38855],[112.60469,-7.38858],[112.60462,-7.38862],[112.60454,-7.38867],[112.60448,-7.38871],[112.60441,-7.38875],[112.60434,-7.3888],[112.60412,-7.38905],[112.60373906,-7.38906072999992],[112.60373665,-7.38904624999997],[112.60373009,-7.38900684999992],[112.60307345,-7.38885326999998],[112.60290923,-7.38888280999995],[112.60289246,-7.38888581999993],[112.6027,-7.38884],[112.60184,-7.38866],[112.60173,-7.38864],[112.601684859,-7.38863233999997],[112.601086727,-7.38853083899993],[112.60008,-7.38836],[112.59941,-7.38827],[112.59939,-7.38816],[112.59931,-7.38803],[112.59912,-7.38782],[112.59904,-7.38769],[112.59892,-7.38757],[112.598847376928418,-7.387471440117139],[112.59878,-7.38738],[112.59846586,-7.38705052999995],[112.59837,-7.38695],[112.59813,-7.38677],[112.59795,-7.38666],[112.59790012,-7.38660558799996],[112.59785357,-7.38655480999996],[112.59784,-7.38654],[112.59775,-7.38638],[112.59773759,-7.38634773999997],[112.5977,-7.38625],[112.59755,-7.38587],[112.597454142,-7.38556325599996],[112.59714,-7.38426],[112.597104993669376,-7.384053340883106],[112.59702,-7.3835],[112.596865032,-7.38319728399994],[112.59684,-7.38315],[112.596998014,-7.38287554799993],[112.59703406,-7.38281293999995],[112.59722,-7.38249],[112.597274692,-7.38238790899992],[112.5973385,-7.38226879999997],[112.59737,-7.38221],[112.59744,-7.38197],[112.59744,-7.38177],[112.59744,-7.38165],[112.59745,-7.38139],[112.59744,-7.38097],[112.5975,-7.38058],[112.59752195,-7.38041174999994],[112.59753,-7.38035],[112.59750864,-7.38012362999995],[112.59748,-7.37982],[112.597490501,-7.37954348599991],[112.59751,-7.37903],[112.59752,-7.37891],[112.59752497,-7.37886525999994],[112.597532559,-7.37879698499995],[112.59753356,-7.37878797999994],[112.59754,-7.37873],[112.5976,-7.37853],[112.59764,-7.37843],[112.597739477,-7.37826894200002],[112.59785,-7.37809],[112.59811,-7.3778],[112.59814021,-7.37776978999992],[112.598165411,-7.37774458899997],[112.59819,-7.37772],[112.59820409,-7.3776425],[112.59821,-7.37761],[112.598196546,-7.37758309199992],[112.59818127,-7.37755253999993],[112.59818313,-7.37743555999995],[112.59802268,-7.37709828999994],[112.59794098,-7.37698183999993],[112.59793277,-7.37688329],[112.59793,-7.37685],[112.59796,-7.37662],[112.59798,-7.3765],[112.59798756,-7.37648960999995],[112.5980063,-7.37633860999994],[112.59810781,-7.37621418],[112.598262105,-7.37619168099995],[112.59826499,-7.37619125999994],[112.59835667,-7.376224],[112.59843199,-7.37631895999994],[112.59851385,-7.37640737],[112.59862191,-7.37654163],[112.59862641,-7.37654939999996],[112.59866524,-7.37655586999998],[112.59878072,-7.37652197999995],[112.59897391,-7.37651706999998],[112.59938977,-7.37652688999998],[112.59957478,-7.37654163],[112.59967465,-7.37652853],[112.5997009,-7.37653065999997],[112.59972606,-7.37650908999997],[112.599730215,-7.37650552899993],[112.59975824,-7.37648150999996],[112.59976,-7.37648],[112.59979818,-7.37642166999997],[112.59998982,-7.37630667999997],[112.60013063,-7.37603162999994],[112.600146526,-7.37598393799992],[112.60020462,-7.37580963999992],[112.60043,-7.37565],[112.6007,-7.3754],[112.60074082,-7.37535916999998],[112.60085429,-7.37516060999995],[112.60097545,-7.37504927999994],[112.60120793,-7.37498706999996],[112.601455073,-7.374906746],[112.60160087,-7.37485935999994],[112.601834789,-7.37481807899993],[112.601953678,-7.37479709799992],[112.60207155,-7.37477817699997],[112.60208355,-7.37477694999995],[112.60227434,-7.37461341999993],[112.60238838,-7.37445495999995],[112.60242048,-7.37444223499992],[112.60266508,-7.37434526999994],[112.60296633,-7.37435836000001],[112.60307943,-7.37440276499996],[112.60318736,-7.37444514],[112.603188179,-7.37444566699998],[112.60336428,-7.37455904999995],[112.603469493326799,-7.374576582764838],[112.60349,-7.37458],[112.60369,-7.37456],[112.604109831,-7.37449002799998],[112.60411,-7.37449],[112.60409755,-7.37443190999993],[112.604095975,-7.37442456099992],[112.60408,-7.37435],[112.60406,-7.37425],[112.60378,-7.37298],[112.60375,-7.37272],[112.60374,-7.3726],[112.60367,-7.37228],[112.60362,-7.37204],[112.603601039,-7.37196569399989],[112.60360101,-7.37196557999993],[112.60337,-7.37106],[112.60336967,-7.37105869999994],[112.60337059,-7.37105877999993],[112.603932357,-7.37098448699992],[112.60393309,-7.37098438999993],[112.60426264,-7.37094991999992],[112.60493463,-7.37082991999994],[112.605205296,-7.37069971899996],[112.6056089,-7.37050556999997],[112.6062774,-7.37026676999997],[112.606421555,-7.37021963499996],[112.607215401,-7.36996006899994],[112.60721653,-7.3699597],[112.60739891,-7.36990005999997],[112.60840602,-7.36958963999996],[112.60971825,-7.36919388999994],[112.61065486,-7.36900783999993],[112.61094494,-7.36894588199996],[112.61111443,-7.36890967999993],[112.6119842,-7.36884809999995],[112.61392508,-7.36842554999992],[112.61396206,-7.36841118],[112.613970313,-7.36840797099993],[112.61399835,-7.36839706999995],[112.61463921,-7.36808761999995],[112.61495202,-7.36790450999997],[112.61495215,-7.36790442999993],[112.615254224,-7.36852583799992],[112.615264931,-7.36854786399992],[112.61529132,-7.36860214999997],[112.6153,-7.36862],[112.61530682,-7.36864384999994],[112.61532,-7.36869],[112.615328845,-7.36875191499996],[112.61533,-7.36876],[112.61533039,-7.36876414999995],[112.61533473,-7.36881046999997],[112.61536,-7.36908],[112.61539,-7.36934],[112.61547,-7.37019],[112.6154788,-7.37031098800001],[112.61550643,-7.37069086],[112.61551,-7.37074],[112.61551588,-7.37083401999998],[112.61552,-7.3709],[112.61564,-7.3722],[112.61541,-7.37224],[112.61462,-7.37239],[112.61449,-7.37242],[112.61429,-7.37246],[112.614065897,-7.37253296399994],[112.61386,-7.3726],[112.61371,-7.37284],[112.61356,-7.37333],[112.61344,-7.37334],[112.61313,-7.37334],[112.61279,-7.37333],[112.61278645,-7.37334772999997],[112.61275262,-7.37331681999997],[112.61275061,-7.37331211999997],[112.61269494,-7.37325644999992],[112.61253122,-7.37323025999995],[112.61243626,-7.37329901999992],[112.61235436,-7.37346281999995],[112.61235152,-7.37346424],[112.61234355,-7.37351267999997],[112.61225391,-7.37364406999995],[112.61220561,-7.37373370999996],[112.612189,-7.37373178999996],[112.61218344,-7.37374179999994],[112.612181031,-7.37374613699995],[112.61215073,-7.37380068999993],[112.61198765,-7.37368540999996],[112.61182393,-7.37361665],[112.61164056,-7.373597],[112.61156815,-7.37362414999997],[112.61151,-7.37362],[112.611347418858159,-7.373686314547705],[112.61128783,-7.37371061999994],[112.61120495,-7.37374442999991],[112.611174212,-7.37375696799998],[112.61075,-7.37393],[112.6105,-7.37403],[112.610443521,-7.37405368399995],[112.61039741,-7.37407301999995],[112.61019,-7.37416],[112.60994,-7.37429],[112.6098879309491,-7.374317166461338],[112.60971,-7.37441],[112.609604115,-7.37444286099998],[112.60942,-7.3745],[112.60896,-7.37463],[112.60882,-7.37468],[112.60878301,-7.37469087999995],[112.608762197,-7.37469700199993],[112.6087381,-7.37470408999995],[112.60865,-7.37473],[112.6085,-7.3747],[112.60814,-7.37448],[112.607859347,-7.37430580999997],[112.607815164,-7.37481802499997],[112.607105785,-7.37480412899993],[112.60711,-7.37488],[112.60711,-7.375],[112.60711,-7.37522],[112.60711416,-7.37543220999992],[112.60711429,-7.37543900999998],[112.6071143,-7.37543950499995],[112.60712,-7.37573],[112.60712,-7.37601],[112.60712593,-7.37629455999997],[112.607129241,-7.37645335699993],[112.60712929,-7.37645570999996],[112.607129865,-7.37648346],[112.60713,-7.37649],[112.60713144,-7.37653476999996],[112.60715164,-7.37716074999995],[112.60714328,-7.37726193999992],[112.60713427,-7.37764062999998],[112.60714063,-7.37776235999998],[112.60711916,-7.37823648999995],[112.607119477,-7.37823651699996],[112.60714014,-7.3782383],[112.60714,-7.37824],[112.60730842,-7.37828898999996],[112.60740589,-7.37827742999996],[112.60761778,-7.37829545999996],[112.60778008,-7.37830898999995],[112.607891467,-7.378299704],[112.60794238,-7.37829545999996],[112.60805508,-7.37828644999994],[112.60823541,-7.37830898999995],[112.6083932,-7.37834054999994],[112.60852395,-7.37837209999995],[112.60852689,-7.37837530999997],[112.60859157,-7.37837886999995],[112.60868173,-7.37845212999998],[112.60872909,-7.37845212999998],[112.60872909,-7.37845423999992],[112.60884058,-7.37847204999994],[112.608846181673997,-7.37847294462247],[112.608844834636997,-7.37857329888515],[112.608834214167999,-7.37881332148962],[112.608806600948,-7.37896200805875],[112.608859987292689,-7.378992308416351],[112.60885947,-7.37908627999998],[112.608854887647993,-7.37991551629893],[112.608852339316741,-7.380376670128577],[112.608851116839006,-7.38059789344572],[112.60885,-7.3808],[112.60885,-7.38124],[112.60885,-7.38126713165734],[112.60885,-7.38132],[112.60883,-7.38223],[112.60883,-7.38238667999995],[112.60883,-7.38241],[112.60882219,-7.38247250999994],[112.60882,-7.38249],[112.608819723,-7.38249003499993],[112.60874,-7.3825],[112.60873649,-7.38250077],[112.60819,-7.38262],[112.607910283,-7.38268616999995],[112.60726,-7.38284],[112.60684384,-7.38288728999993],[112.60682,-7.38289],[112.606819961,-7.38289044499996],[112.60681798,-7.3829129399999],[112.60676,-7.38357],[112.60674,-7.38383],[112.60665,-7.38498],[112.60663,-7.38522],[112.60662,-7.38535],[112.60659353,-7.38572063999994],[112.606591108,-7.38575450699991],[112.60659,-7.38577]]]]}},
{"type":"Feature","properties":{"kdkab":"15","kdkec":"170","nmkab":"SIDOARJO","nmkec":"KRIAN","kddesa":"018","kdprov":"35","nmdesa":"SIDOMULYO","nmprov":"JAWA TIMUR","iddesa":"3515170018"},"geometry":{"type":"MultiPolygon","coordinates":[[[[112.565809623,-7.40284364699993],[112.565792692,-7.40284719699997],[112.565780612,-7.40174563700001],[112.565771733,-7.40093600299995],[112.565771515,-7.40093601199994],[112.565772562,-7.40052332299994],[112.565772996,-7.40035251399997],[112.5657722,-7.39972660599997],[112.565800319,-7.39947231599998],[112.565788175,-7.39892707499993],[112.566102888,-7.3988063919999],[112.56610126,-7.39878400999992],[112.56609444,-7.39869018999998],[112.56604358,-7.39799098999992],[112.56622403,-7.39794023999996],[112.56628411,-7.39792333999996],[112.56660457,-7.39779505999995],[112.56686129,-7.39766572999996],[112.56708038,-7.39748342999997],[112.56720092,-7.39739884999992],[112.56734459,-7.39726242999996],[112.56734713,-7.397259],[112.56759637,-7.39692195999994],[112.56776423,-7.39658196999995],[112.567793244,-7.39644746499994],[112.56781,-7.39636978999996],[112.5678329,-7.395861],[112.56776423,-7.39499173999995],[112.56771874,-7.39431782999997],[112.56771843,-7.39431320999995],[112.56767064,-7.39406501],[112.567650299,-7.39395938499993],[112.5675945,-7.39366962999998],[112.56755949,-7.39348783],[112.567546425,-7.39341995399996],[112.567740758,-7.39303829999995],[112.567817083,-7.39295139599994],[112.5678215,-7.39294634799996],[112.567821438,-7.39294620399994],[112.56756224,-7.39234217999998],[112.567453553,-7.39198693699995],[112.567476086,-7.39153484699997],[112.567480208,-7.39139676299995],[112.567503726,-7.39060890799993],[112.567444235,-7.39019503699996],[112.567461743,-7.38987487299994],[112.567466318,-7.38979120699998],[112.56747707,-7.389594592],[112.567685408,-7.38904863899994],[112.567735328,-7.38896585599996],[112.56776808,-7.38886536999997],[112.56806448,-7.38829143999993],[112.56835036,-7.38774964999993],[112.56838983,-7.38773712999994],[112.56845118,-7.38772417999996],[112.568851326,-7.38763974399996],[112.56891627,-7.38762603999993],[112.569107,-7.38760502999997],[112.5692367,-7.38761218999996],[112.56942743,-7.38765415999998],[112.56945794,-7.38766608999992],[112.56971734,-7.38777145999994],[112.56973313,-7.38778020999996],[112.56989281,-7.38786873999993],[112.569912702,-7.38788676299992],[112.5700149,-7.38797935999998],[112.57006829,-7.38804705999998],[112.57016747,-7.38837275999998],[112.57017532,-7.38843407999996],[112.57025904,-7.38908850999998],[112.5702787,-7.38925951999994],[112.57030481,-7.38948665],[112.57034294,-7.38985],[112.57036584,-7.39006216999998],[112.57036844,-7.39007013000001],[112.570372641,-7.39008299699997],[112.57044213,-7.39029584999997],[112.57050318,-7.39042363999996],[112.57057947,-7.39056573999996],[112.570767905,-7.39095990599998],[112.57106775,-7.39158711999994],[112.571356236,-7.39187259899994],[112.571503614,-7.39192676099998],[112.571718321,-7.39200566699998],[112.571746754,-7.39200733299996],[112.571800437,-7.39198475199995],[112.572012554,-7.39189552699997],[112.57202514,-7.39188979299994],[112.5720443,-7.39188084999995],[112.57261651,-7.39156039999993],[112.572760108,-7.39146182999997],[112.57293593,-7.39134113999994],[112.57308192,-7.39124092999996],[112.57315283,-7.39118490999994],[112.57348626,-7.39092144999993],[112.57380671,-7.39058096999997],[112.57397454,-7.39032587999997],[112.57402181,-7.39014646999992],[112.57405847,-7.39000735999996],[112.57420343,-7.38964637999996],[112.57437126,-7.38924298999998],[112.5745138,-7.38892539999995],[112.57452386,-7.388903],[112.57475113,-7.38858627999995],[112.57475277,-7.38858398999995],[112.574836197,-7.38852435499995],[112.57505027,-7.3883713299999],[112.57534783,-7.38815816999992],[112.57560725,-7.38798745999994],[112.57585901,-7.38788065999997],[112.57600397,-7.38784012999994],[112.576200765,-7.38778565999996],[112.5763244,-7.38775143999991],[112.5764071,-7.38773702],[112.57651472,-7.38771824999998],[112.57694239,-7.38764366999994],[112.57710608,-7.38760379999994],[112.57711019,-7.38760279999997],[112.5773849,-7.38753589999993],[112.57776636,-7.38742862],[112.57809649,-7.38729364999992],[112.57810399,-7.38729057999995],[112.57813258,-7.38727888999995],[112.57820762,-7.38720713999995],[112.57820887,-7.38720593999993],[112.57834493,-7.38708827999993],[112.5785947,-7.38755327999996],[112.57876747,-7.38802624999994],[112.57880878,-7.38810654999998],[112.578857005,-7.38820029399995],[112.57898674,-7.38845246999993],[112.579116314,-7.38865140399997],[112.57914314,-7.38869258999994],[112.57925285,-7.38892510999997],[112.57938555,-7.38906438999996],[112.57956483,-7.38918020999993],[112.57965088,-7.38931964999994],[112.57977578,-7.38945118999992],[112.57989288,-7.38957498999995],[112.57999434,-7.38967555999994],[112.58001022,-7.38976866999995],[112.58004927,-7.38981510999997],[112.5800768,-7.38993672999992],[112.58095033,-7.38993584],[112.58094467,-7.39009287999994],[112.580917209,-7.39052272399993],[112.58091717,-7.39052333999997],[112.5808656,-7.39050513999992],[112.58075038,-7.39047934999995],[112.58059561,-7.39049997999998],[112.58048039,-7.39063067999998],[112.58027231,-7.39084219999993],[112.58021041,-7.39093436999995],[112.58019493,-7.39095741999996],[112.5801313,-7.39113282999995],[112.58013543,-7.39132711999997],[112.58012061,-7.39138070999994],[112.58013302,-7.39147503999993],[112.58017376,-7.39167611999995],[112.58024808,-7.39182319999998],[112.58030298,-7.39195495999997],[112.58031468,-7.39198303999996],[112.580320617,-7.392001578],[112.580332082,-7.39203737299995],[112.58034927,-7.39209103999998],[112.58036861,-7.39232456999996],[112.58040473,-7.39256875999994],[112.58046296,-7.39277254999996],[112.58041631,-7.39285304],[112.58032614,-7.39294368999995],[112.57997478,-7.39309548999993],[112.57997574,-7.39309926999995],[112.57995331,-7.3931091699999],[112.57993365,-7.39315426999994],[112.57993053,-7.39315559999995],[112.57992537,-7.39326737999992],[112.57994944,-7.39343418999992],[112.57989613,-7.39373684999993],[112.57984282,-7.39387958999991],[112.57983422,-7.39419600999998],[112.5798497,-7.39450554999993],[112.57987704,-7.39468374999996],[112.57987057,-7.39489246999996],[112.57983106,-7.39509334999998],[112.5797215,-7.39538480999993],[112.57975252,-7.39562557999992],[112.57980448,-7.39586349999995],[112.57972209,-7.39583931999991],[112.57969,-7.39608],[112.57966134,-7.39618890999997],[112.579595917,-7.39643751699996],[112.57959,-7.39646],[112.57934,-7.39727],[112.57923,-7.3976],[112.5792,-7.39809],[112.57923,-7.39825],[112.57926,-7.39834],[112.57926,-7.39862],[112.57911,-7.39907],[112.5789,-7.39946],[112.57882,-7.39975],[112.57879,-7.39992],[112.57883,-7.40009],[112.57887,-7.40024],[112.57886,-7.40043],[112.57884027,-7.40047931999996],[112.57881368,-7.40054581999996],[112.5788119,-7.40055025999994],[112.578800569,-7.40057857899998],[112.5788,-7.40058],[112.57867044,-7.40066969499996],[112.578252616,-7.40069374199993],[112.577906727,-7.40064665499997],[112.577536583,-7.40052793999998],[112.577301439,-7.400451378],[112.57721582,-7.40043908199992],[112.576917683,-7.40042379399996],[112.576831535,-7.40042714799994],[112.576806536,-7.40042812199992],[112.576674995,-7.40046661199993],[112.576426995,-7.40059263899995],[112.576413717,-7.40060057199998],[112.575647494,-7.40105836799997],[112.575453495,-7.40114369499998],[112.575109958,-7.40129381799994],[112.574928533,-7.40137309900001],[112.574318488,-7.40157577099996],[112.573466022,-7.40188599299996],[112.573363532,-7.40191403999995],[112.573350078,-7.40191772199997],[112.573281082,-7.40193095399997],[112.573191134,-7.40195141499996],[112.573113459,-7.40198878999993],[112.57303672,-7.40203687599996],[112.572887907,-7.40214523099995],[112.572827614,-7.40217568899991],[112.572739072,-7.40221221599996],[112.572630112,-7.402241535],[112.572269851,-7.40231802399994],[112.572167563,-7.40234136299992],[112.572057912,-7.40238333399998],[112.571791191,-7.40248042],[112.571408392,-7.40264881899998],[112.570814346,-7.40286987799994],[112.570694519,-7.40289834899994],[112.570410528,-7.40292139599992],[112.570326211,-7.40293303999991],[112.569273047,-7.40307847399993],[112.568838793,-7.40311106999996],[112.568618899,-7.40310110499997],[112.568378277,-7.40309020099997],[112.567949442,-7.40305597399993],[112.567872320796994,-7.40304981887335],[112.567711668,-7.40303699699995],[112.567361956,-7.40300847199995],[112.567041333,-7.40298231999997],[112.566487745,-7.40294620999992],[112.566403033,-7.402933398],[112.565922644,-7.4028607409999],[112.565809623,-7.40284364699993]]]]}},
{"type":"Feature","properties":{"kdkab":"15","kdkec":"170","nmkab":"SIDOARJO","nmkec":"KRIAN","kddesa":"020","kdprov":"35","nmdesa":"WATUGOLONG","nmprov":"JAWA TIMUR","iddesa":"3515170020"},"geometry":{"type":"MultiPolygon","coordinates":[[[[112.58400339,-7.39152745999998],[112.58400769,-7.39126025999997],[112.58401624,-7.39092173999997],[112.58401629,-7.39091976999989],[112.58401308,-7.39077376499994],[112.58400629,-7.39046494999996],[112.58402,-7.39004],[112.58388,-7.39002],[112.583821519,-7.39000936699993],[112.583797033,-7.38950095599996],[112.583713891,-7.38942056599996],[112.583601649,-7.38930513299996],[112.583551763,-7.38921855899996],[112.583508114,-7.38902170499995],[112.583506928,-7.3890206409999],[112.583508121,-7.38902067999994],[112.583504481,-7.38887088399997],[112.583529959,-7.38873372199991],[112.583571816,-7.38862543499992],[112.583642792,-7.38858753499992],[112.583737425,-7.38859475399994],[112.583802941,-7.38862543499992],[112.583861177,-7.38869401700002],[112.583917593,-7.38872108799992],[112.58397037,-7.38874635499996],[112.584043165,-7.38875176899995],[112.584130519,-7.38875176899995],[112.584132804,-7.38874921999994],[112.584392541,-7.38875785799996],[112.584460094,-7.38839558499996],[112.58446001,-7.38839542499994],[112.584459651,-7.38839528999992],[112.584459604,-7.388394649],[112.584441738,-7.38814980799998],[112.584439899,-7.38812461199996],[112.584419939,-7.38800716299996],[112.584412601,-7.38796398699997],[112.584410443,-7.38796220399993],[112.58439318,-7.38787586999997],[112.58439,-7.38786],[112.584387913,-7.38784777599993],[112.58432,-7.38745],[112.584303095,-7.38733166799992],[112.58423,-7.38682],[112.58421,-7.38661],[112.58417132,-7.38608137399995],[112.584145880683195,-7.385933730091424],[112.58415273,-7.38577560699996],[112.58433,-7.38483],[112.58440956,-7.38443217999998],[112.58441,-7.38443],[112.58513,-7.38445],[112.5863,-7.38448],[112.58711,-7.38452],[112.58711208,-7.38452005999996],[112.5881,-7.38455],[112.58818692,-7.38455439999996],[112.588712803,-7.38458102799993],[112.58889,-7.38459],[112.589584049,-7.384620173],[112.58974455,-7.38462714999995],[112.58974415,-7.38460864999997],[112.589762611,-7.38460948599994],[112.589935935,-7.383978132],[112.589938728,-7.38397822400001],[112.589938906,-7.38397593399998],[112.589945944,-7.38388518599994],[112.589956864,-7.38381660399996],[112.59001449,-7.38343329199996],[112.59002083,-7.38332426999995],[112.59005674,-7.38319497999992],[112.59005979,-7.38298936999996],[112.590061094,-7.38298938499997],[112.59007407,-7.38298952999996],[112.59007418,-7.38299104999992],[112.59045,-7.383],[112.590780473,-7.38300472099995],[112.590856344,-7.38300580499994],[112.59115,-7.38301],[112.59116009,-7.38301353999996],[112.59121245,-7.38301299499996],[112.59128507,-7.38301223999997],[112.591340619,-7.38301019499994],[112.59141593,-7.38300742199995],[112.591525326,-7.38309683899995],[112.592036159,-7.38351437599996],[112.592413219,-7.38382257299994],[112.59255979,-7.38396787999993],[112.59285675,-7.38422692999993],[112.59336091,-7.38473108999995],[112.59337362,-7.38474379999997],[112.59343333,-7.38480350999997],[112.59344916,-7.38481934],[112.59345,-7.38482],[112.59345,-7.384775139476397],[112.59345,-7.38473],[112.5934499,-7.38472918999994],[112.59344927,-7.38472415399995],[112.59344,-7.38465],[112.593437243,-7.38459349299994],[112.59342216,-7.38428435],[112.59342,-7.38424],[112.59341,-7.38388],[112.593373723,-7.38320886699996],[112.59337,-7.38314],[112.59333,-7.38231],[112.59329548,-7.38175775999997],[112.59329155,-7.38169488999995],[112.593290906,-7.38168457699993],[112.59327,-7.38135],[112.59326,-7.38117],[112.59321,-7.38041],[112.59321,-7.38002413999993],[112.59321,-7.37997],[112.593210052,-7.37996999099992],[112.59321165,-7.37996972999996],[112.59333,-7.37995],[112.59376,-7.37995999999989],[112.59556,-7.38018],[112.59665,-7.38029],[112.59736,-7.38036],[112.59745,-7.38037],[112.59753,-7.38035],[112.59752195,-7.38041174999994],[112.5975,-7.38058],[112.59744,-7.38097],[112.59745,-7.38139],[112.59744,-7.38165],[112.59744,-7.38177],[112.59744,-7.38197],[112.59737,-7.38221],[112.5973385,-7.38226879999997],[112.597274692,-7.38238790899992],[112.59722,-7.38249],[112.59703406,-7.38281293999995],[112.596998014,-7.38287554799993],[112.59684,-7.38315],[112.596865032,-7.38319728399994],[112.59702,-7.3835],[112.597104993669376,-7.384053340883106],[112.59714,-7.38426],[112.597454142,-7.38556325599996],[112.59755,-7.38587],[112.5977,-7.38625],[112.59773759,-7.38634773999997],[112.59775,-7.38638],[112.59784,-7.38654],[112.59785357,-7.38655480999996],[112.59790012,-7.38660558799996],[112.59795,-7.38666],[112.59813,-7.38677],[112.59837,-7.38695],[112.59846586,-7.38705052999995],[112.59878,-7.38738],[112.598847376928418,-7.387471440117139],[112.59892,-7.38757],[112.59904,-7.38769],[112.59912,-7.38782],[112.59931,-7.38803],[112.59939,-7.38816],[112.59941,-7.38827],[112.59943,-7.38857],[112.59947,-7.38971],[112.599469915,-7.38971006399992],[112.59946275,-7.38971543999995],[112.59935,-7.3898],[112.59915782,-7.38988648000001],[112.59915,-7.38989],[112.59891,-7.38995],[112.59815,-7.39008],[112.59775,-7.39014],[112.59743,-7.39019],[112.59684465,-7.39027501999996],[112.596653481,-7.39030278799996],[112.59564,-7.39045],[112.59542,-7.3905],[112.595264004,-7.39051949899993],[112.5951,-7.39054],[112.594820741,-7.39058409399996],[112.59472,-7.3906],[112.59423,-7.39065],[112.59349,-7.39078],[112.593405,-7.39080832999998],[112.593400294,-7.39080990199996],[112.5934,-7.39081],[112.59340694,-7.39101134999992],[112.59317907,-7.39103284999993],[112.5913109,-7.39120911999991],[112.59042509,-7.39129268999995],[112.5898823,-7.39134389999996],[112.58984128,-7.39134776999992],[112.58977015,-7.39131418999996],[112.58965679,-7.39126067999994],[112.58941986,-7.39114882999996],[112.58916228,-7.39102722999994],[112.587426113,-7.39123739099997],[112.587081378,-7.39127912199996],[112.584941578,-7.3915381429999],[112.584005703,-7.39165142999998],[112.58400223,-7.39165184999995],[112.58400339,-7.39152745999998]]]]}},
{"type":"Feature","properties":{"kdkab":"15","kdkec":"170","nmkab":"SIDOARJO","nmkec":"KRIAN","kddesa":"001","kdprov":"35","nmdesa":"TROPODO","nmprov":"JAWA TIMUR","iddesa":"3515170001"},"geometry":{"type":"MultiPolygon","coordinates":[[[[112.575931803,-7.43464198899996],[112.575890568,-7.43419493299997],[112.575884601,-7.43410973299997],[112.575863077,-7.43380239699998],[112.575772358,-7.43367427699996],[112.575712609,-7.43330610199995],[112.575731216,-7.43323229899994],[112.574254852,-7.43319096099996],[112.573930580582882,-7.43319053600707],[112.573886185082912,-7.43319053600707],[112.573492010938978,-7.433199921105735],[112.573130684640375,-7.4332093062044],[112.572591041467135,-7.433213998753732],[112.572497123958513,-7.433211215121047],[112.572385017503791,-7.433221406616931],[112.572251991662782,-7.43324339879226],[112.57216187738338,-7.433249299131982],[112.572048698139625,-7.433232134507335],[112.570577138,-7.432938996],[112.570632695,-7.43275118699995],[112.570620571,-7.43274862799992],[112.570531126,-7.43273785099998],[112.570216458,-7.43267653099997],[112.570216361,-7.43267619999993],[112.57021201,-7.43266133],[112.57015517,-7.43246701999995],[112.57016596,-7.43232945999995],[112.5701907,-7.43201386999991],[112.57021936,-7.43188540999996],[112.57023943,-7.43179541999998],[112.570231664,-7.43175985999993],[112.57016394,-7.43144973999995],[112.5701553,-7.43137226999994],[112.570222008068001,-7.43079138647844],[112.570214928691001,-7.43075276258723],[112.570220238223996,-7.43066114313756],[112.570229972367002,-7.43058928475869],[112.570251210498,-7.4304985635717],[112.570279528005997,-7.43044107688842],[112.570324659034,-7.43040694417368],[112.570452087819007,-7.43031981593984],[112.570606105622005,-7.43019686515205],[112.570373771519996,-7.43009445751606],[112.57038385,-7.43003550999992],[112.57038838,-7.43000902999997],[112.57039199,-7.43000213999995],[112.57051878,-7.42976027099997],[112.57073856,-7.42934101000001],[112.5707705,-7.42928007999995],[112.570870816,-7.42906417099994],[112.57121258,-7.42832859999996],[112.57121708,-7.42825991499993],[112.571234075401819,-7.428000482519624],[112.571256067,-7.42766478099997],[112.571316915,-7.426736105],[112.57132781,-7.4265698299999],[112.571330684,-7.42607460999995],[112.57133926,-7.42508629999992],[112.57141557,-7.42216789999997],[112.57184,-7.42228],[112.57252,-7.42233],[112.57265,-7.42235],[112.57372,-7.42245],[112.57444,-7.42249],[112.57461,-7.42251],[112.57504,-7.42254],[112.5754,-7.42257],[112.57569016,-7.42258917999993],[112.57571216,-7.42247916999997],[112.57572,-7.42244],[112.575782828,-7.42223755599997],[112.57581,-7.42215],[112.57603,-7.42143],[112.57606,-7.42132],[112.57613665,-7.42101977999995],[112.57616863,-7.42089451999994],[112.57618,-7.42085],[112.57626,-7.42055],[112.576315331,-7.42039016099996],[112.57638966,-7.42017543999997],[112.57653,-7.41977],[112.5766,-7.41958],[112.57663,-7.41946],[112.57665855,-7.41939576999995],[112.57705867,-7.41950519999994],[112.57827618,-7.41987649999996],[112.57909869,-7.42010928999997],[112.57918848,-7.42013469999994],[112.57919147,-7.42013553999995],[112.57933742,-7.42017607999997],[112.57946023,-7.42019706999998],[112.57951137,-7.42021127999995],[112.5796815,-7.42025858999997],[112.57977234,-7.42029689999991],[112.579871508,-7.42032444399996],[112.579880023,-7.42042471399998],[112.579901418,-7.42045300199994],[112.579917108,-7.42048270499993],[112.579938503,-7.42050533499997],[112.579865759,-7.42075851399996],[112.580343337,-7.42089553200001],[112.58034426,-7.42089722000001],[112.58037768,-7.42090943999994],[112.58070803,-7.42103797999997],[112.58160762,-7.42144885999995],[112.58187893,-7.42157278],[112.58188244,-7.42157438],[112.582605927,-7.42190482599997],[112.58263212,-7.42191678999997],[112.58254654,-7.42222942999997],[112.58250882,-7.42236722999995],[112.58251022,-7.42236781999995],[112.58238201,-7.42280210999995],[112.58228194,-7.42314105],[112.58227034,-7.42316067999996],[112.58220541,-7.42343106999994],[112.58212706,-7.42375733999998],[112.582040277,-7.42406831599992],[112.58189819,-7.42457747],[112.58190242,-7.42457801999995],[112.581815458,-7.42491080299993],[112.58152206155944,-7.426033561302835],[112.58144715,-7.42632022999993],[112.58144133,-7.42634149999997],[112.5814022,-7.4264846],[112.581350849337241,-7.426671442725921],[112.581308507,-7.42682722999996],[112.58130647,-7.42683467999995],[112.581198454,-7.427352232],[112.581197721,-7.42735574399995],[112.58119754,-7.42735660999993],[112.58114654,-7.42754266000002],[112.5811219,-7.42771650999994],[112.58104634,-7.42799066999993],[112.58098806,-7.42821732999992],[112.58090818,-7.42848716999992],[112.58086065,-7.42858547000001],[112.58082201,-7.42872643999993],[112.5807139,-7.42894265999998],[112.580679792,-7.42900924699994],[112.58062323,-7.42911967],[112.58060165,-7.42925782999991],[112.58062323,-7.42933553999994],[112.58069663,-7.42937007999996],[112.58078522,-7.42938288999994],[112.58097341,-7.42968107],[112.580974186,-7.429682299],[112.58098462,-7.42969882999996],[112.581078978,-7.42978298599997],[112.581106979,-7.42980795899998],[112.581129853,-7.42987292199994],[112.581130856,-7.42990602799996],[112.581136565,-7.43003875599993],[112.581145128,-7.43013152299996],[112.5811594,-7.430174338],[112.581221355,-7.43026727099995],[112.581239847,-7.43030327699995],[112.58123991,-7.43030339999994],[112.58126156,-7.43033054099994],[112.58135207,-7.430504018],[112.581383468,-7.43059678499996],[112.581389177,-7.43068241599997],[112.581380614,-7.43074235799997],[112.581313536,-7.43094929999993],[112.581226478,-7.43116623199996],[112.58114941,-7.43140314499996],[112.58110374,-7.431541586],[112.581080108,-7.43161184699991],[112.58105085,-7.43169605099996],[112.581036579,-7.43176812399997],[112.581029443,-7.43182521099996],[112.581029443,-7.43184794099994],[112.581029443,-7.43190798799998],[112.581041574,-7.43204785199993],[112.581062981,-7.43219770599996],[112.581102943,-7.43237753199996],[112.581132914,-7.43247172599996],[112.58116003,-7.43257305599997],[112.581177156,-7.43265583299997],[112.581188574,-7.43275002699994],[112.581164312,-7.43294555099993],[112.581140049,-7.43304545399997],[112.581122923,-7.43312537699994],[112.581120069,-7.43319102699998],[112.581144331,-7.43326095899993],[112.581156618,-7.43328002499994],[112.581185719,-7.43332518299995],[112.581235331,-7.43338188199991],[112.581138622,-7.43334623399996],[112.580923831,-7.433278442],[112.580803947,-7.43323848099993],[112.580766841,-7.43322706399994],[112.580728148,-7.43322061499995],[112.580727717,-7.43322074799992],[112.58065106,-7.43322362999994],[112.580571495,-7.43323219299995],[112.580402194,-7.43324065799996],[112.580392043,-7.43324043399995],[112.580365525,-7.433234424],[112.580292837,-7.43343494199997],[112.580188296,-7.43372986299996],[112.58018815,-7.43372989999993],[112.57997204,-7.43439560799993],[112.579553174,-7.435685892],[112.57935317,-7.43630198999996],[112.57935146,-7.43630657699994],[112.57934242,-7.43633081999996],[112.57928077,-7.43649606999995],[112.57914317,-7.43675273999995],[112.57912646,-7.43678391999994],[112.57904461,-7.43707053999997],[112.579043801,-7.43707040599998],[112.57871796,-7.43701659999995],[112.578689277,-7.43701186199998],[112.57865355,-7.43700595999998],[112.57757421,-7.43682769999998],[112.57752243,-7.43681914999996],[112.577490172,-7.43681382299995],[112.57714645,-7.43675705999994],[112.57658617,-7.43666452999997],[112.576340238,-7.43662391600001],[112.576272223,-7.43685381699994],[112.576074606,-7.43683014699993],[112.57609208,-7.43671663999994],[112.57608115,-7.43658112999996],[112.576072550607307,-7.436513761897105],[112.576047929,-7.43639798599998],[112.575986685,-7.43611000899996],[112.575973153625355,-7.435897531692218],[112.575965576,-7.43561565799996],[112.575956548,-7.43544151199995],[112.575931803,-7.43496421599995],[112.575931803,-7.43464198899996]]]]}},
{"type":"Feature","properties":{"kdkab":"15","kdkec":"170","nmkab":"SIDOARJO","nmkec":"KRIAN","kddesa":"019","kdprov":"35","nmdesa":"TEMPEL","nmprov":"JAWA TIMUR","iddesa":"3515170019"},"geometry":{"type":"MultiPolygon","coordinates":[[[[112.58446001,-7.38839542499994],[112.584460094,-7.38839558499996],[112.584392541,-7.38875785799996],[112.584132804,-7.38874921999994],[112.584130519,-7.38875176899995],[112.584043165,-7.38875176899995],[112.58397037,-7.38874635499996],[112.583917593,-7.38872108799992],[112.583861177,-7.38869401700002],[112.583802941,-7.38862543499992],[112.583737425,-7.38859475399994],[112.583642792,-7.38858753499992],[112.583571816,-7.38862543499992],[112.583529959,-7.38873372199991],[112.583504481,-7.38887088399997],[112.583508121,-7.38902067999994],[112.583506928,-7.3890206409999],[112.583508114,-7.38902170499995],[112.583551763,-7.38921855899996],[112.583601649,-7.38930513299996],[112.583713891,-7.38942056599996],[112.583797033,-7.38950095599996],[112.583821519,-7.39000936699993],[112.58383029,-7.39019148999995],[112.583468621,-7.39012140599992],[112.583413218,-7.39007777499993],[112.58339795,-7.39006575099994],[112.583275873,-7.38994065299996],[112.58327,-7.38994],[112.5832705,-7.38993348999998],[112.58258575,-7.38993419000001],[112.58240699,-7.38993436999996],[112.58095033,-7.38993584],[112.5800768,-7.38993672999992],[112.58004927,-7.38981510999997],[112.58001022,-7.38976866999995],[112.57999434,-7.38967555999994],[112.57989288,-7.38957498999995],[112.57977578,-7.38945118999992],[112.57965088,-7.38931964999994],[112.57956483,-7.38918020999993],[112.57938555,-7.38906438999996],[112.57925285,-7.38892510999997],[112.57914314,-7.38869258999994],[112.579116314,-7.38865140399997],[112.57898674,-7.38845246999993],[112.578857005,-7.38820029399995],[112.57880878,-7.38810654999998],[112.57876747,-7.38802624999994],[112.5785947,-7.38755327999996],[112.57834493,-7.38708827999993],[112.57834619,-7.38708719999998],[112.5785522,-7.38681062999995],[112.57870477,-7.38644964999996],[112.57878108,-7.38577063999996],[112.578796433,-7.38555732199995],[112.57882686,-7.38513455999993],[112.578816319,-7.38491011399997],[112.57881425,-7.38486606],[112.57881356,-7.38485137999993],[112.57880396,-7.38464675999992],[112.57881545,-7.38440705999994],[112.57881921,-7.38432869999994],[112.57882307,-7.38432225],[112.578823929,-7.38432081299991],[112.57897179,-7.38407360999996],[112.5790866,-7.38394279999996],[112.57913964,-7.38388236999998],[112.57937615,-7.38366922999992],[112.57981866,-7.38354048999996],[112.58035274,-7.3833693],[112.58072905,-7.38331857000001],[112.580841,-7.38330347999996],[112.58103884,-7.38331387999998],[112.58122246,-7.38332352999993],[112.5819854,-7.38336310999996],[112.582342269,-7.38340134299996],[112.58236184,-7.38340343999998],[112.58251471,-7.38341980999995],[112.58294672,-7.38346608999994],[112.58324425,-7.38346466999996],[112.58324937,-7.3834632599999],[112.5833924,-7.38342400999993],[112.58352263,-7.38338827999997],[112.58355708,-7.38337882999998],[112.58360495,-7.38333609999996],[112.58371712,-7.38323597999994],[112.58374779,-7.38320859999994],[112.58396142,-7.38297449],[112.58403227,-7.38275952],[112.58404534,-7.38271985999996],[112.58404534,-7.38259942999997],[112.58404534,-7.38245227999993],[112.58404534,-7.38238034999995],[112.584045151,-7.38237754299997],[112.58402245,-7.3820413],[112.584017681,-7.38202872199996],[112.583891675645916,-7.381696373938209],[112.58386987,-7.38163885999997],[112.58382184,-7.38139629999997],[112.5838187,-7.38138039999993],[112.58381841,-7.38137895999995],[112.58378594,-7.38121496000001],[112.58378594,-7.38077004999994],[112.58380809,-7.38048642999996],[112.58382408,-7.38028178999997],[112.58382537,-7.38027819999998],[112.58384139,-7.38023363999996],[112.58384422,-7.38022578999995],[112.58395691,-7.37991236999994],[112.583962016,-7.37989816999994],[112.58403773,-7.37968762],[112.58415217,-7.37950636999993],[112.58437339,-7.37915598999996],[112.58456414,-7.37894329999994],[112.584608848,-7.37892077799995],[112.5849456,-7.37875113999996],[112.58529805,-7.37854531999994],[112.58545679,-7.37845261999994],[112.58589088,-7.37822456999993],[112.58594507,-7.37819609999998],[112.586044544,-7.37814595799996],[112.58641046,-7.37796150999995],[112.58653662,-7.37786402999996],[112.58676119,-7.37769052499997],[112.58676904,-7.37768445999996],[112.58690032,-7.37757376999995],[112.58690644,-7.37756860999998],[112.5871734,-7.37734351999996],[112.58727037,-7.37722684999997],[112.58730583,-7.37718418000002],[112.58750909,-7.37693961999995],[112.58761461,-7.37680076000001],[112.58778375,-7.37657818999997],[112.58802025,-7.37615331999994],[112.58809691,-7.37598517999993],[112.588137677,-7.37589577499997],[112.58827203,-7.37560112999994],[112.5884475,-7.37499984999993],[112.588495702,-7.37456418499992],[112.58849877,-7.37453645999997],[112.58850089,-7.37451729999998],[112.588486055,-7.37432731299998],[112.58848214,-7.37427717999998],[112.5884720001755,-7.374147315756009],[112.58841544,-7.37342292999994],[112.58840937,-7.37334520999996],[112.58836361,-7.37305457000001],[112.58833936,-7.37290056999997],[112.58826439,-7.37242444999993],[112.588211,-7.37186654999994],[112.58816846,-7.37154247999996],[112.58823331,-7.37123065000002],[112.588234257,-7.37122609899993],[112.588234853,-7.37122323099995],[112.5882689,-7.37105952999998],[112.58838706,-7.37049144999997],[112.58841431,-7.37036042999992],[112.58891034,-7.37004076999997],[112.58959954,-7.37010319999995],[112.59004967,-7.37026913999992],[112.59013948,-7.37032351999995],[112.590388876,-7.37047453599993],[112.5904159,-7.37049089999992],[112.59058373,-7.37079748999998],[112.590627296,-7.37088424099992],[112.59064215,-7.37091381999996],[112.5907173,-7.37106346999997],[112.59075159,-7.37113174999998],[112.5907703,-7.37115541999998],[112.59094993,-7.37138256999997],[112.59123223,-7.37160475999994],[112.59156792,-7.37185464999994],[112.59161192,-7.37187422999994],[112.59225654,-7.37216116999996],[112.59237666,-7.37221463999997],[112.59255366,-7.37225813999994],[112.59271234,-7.37229713999993],[112.59283952,-7.37229063999995],[112.592974214248599,-7.372284050315735],[112.593130619,-7.37227575699994],[112.59313643,-7.37227545999997],[112.59329979,-7.37226710999993],[112.59339498,-7.37225180999995],[112.593758863,-7.37219332499996],[112.59383387,-7.37218126999993],[112.59453576,-7.37201150999992],[112.59492486,-7.37198241999993],[112.595441466,-7.37203196099995],[112.59548181,-7.37203582999995],[112.595772589875878,-7.372057046071314],[112.59581705,-7.37206028999995],[112.59584802,-7.37206254999995],[112.59605313,-7.37211030999994],[112.59632105,-7.37217268999997],[112.59632878,-7.37217265999992],[112.59637823,-7.37217246999998],[112.59638071,-7.37217245999995],[112.59650522,-7.37217198999998],[112.59665385,-7.37217142999997],[112.596749643,-7.37217106499998],[112.59682456,-7.37217077999997],[112.59705118,-7.37212128999991],[112.59705126,-7.37212126999998],[112.59747306,-7.37202915999995],[112.597651879,-7.371954622],[112.59817624,-7.37173604999997],[112.59828898,-7.37168905999993],[112.59841912,-7.37163480999996],[112.598423696,-7.37163182599995],[112.59852174,-7.37156787999994],[112.59889215,-7.37132629999995],[112.59925837,-7.37115749999995],[112.59956354,-7.37104448999995],[112.59984582,-7.37096008],[112.60019676,-7.37088426999997],[112.60020067,-7.37088375999995],[112.60071547,-7.37079897999996],[112.60131702,-7.37084260999994],[112.60206664,-7.37095324999996],[112.602884632,-7.37099825999996],[112.60290716,-7.37099949999996],[112.60336967,-7.37105869999994],[112.60337,-7.37106],[112.60360101,-7.37196557999993],[112.603601039,-7.37196569399989],[112.60362,-7.37204],[112.60367,-7.37228],[112.60374,-7.3726],[112.60375,-7.37272],[112.60378,-7.37298],[112.60406,-7.37425],[112.60408,-7.37435],[112.604095975,-7.37442456099992],[112.60409755,-7.37443190999993],[112.60411,-7.37449],[112.604109831,-7.37449002799998],[112.60369,-7.37456],[112.60349,-7.37458],[112.603469493326799,-7.374576582764838],[112.60336428,-7.37455904999995],[112.603188179,-7.37444566699998],[112.60318736,-7.37444514],[112.60307943,-7.37440276499996],[112.60296633,-7.37435836000001],[112.60266508,-7.37434526999994],[112.60242048,-7.37444223499992],[112.60238838,-7.37445495999995],[112.60227434,-7.37461341999993],[112.60208355,-7.37477694999995],[112.60207155,-7.37477817699997],[112.601953678,-7.37479709799992],[112.601834789,-7.37481807899993],[112.60160087,-7.37485935999994],[112.601455073,-7.374906746],[112.60120793,-7.37498706999996],[112.60097545,-7.37504927999994],[112.60085429,-7.37516060999995],[112.60074082,-7.37535916999998],[112.6007,-7.3754],[112.60043,-7.37565],[112.60020462,-7.37580963999992],[112.600146526,-7.37598393799992],[112.60013063,-7.37603162999994],[112.59998982,-7.37630667999997],[112.59979818,-7.37642166999997],[112.59976,-7.37648],[112.59975824,-7.37648150999996],[112.599730215,-7.37650552899993],[112.59972606,-7.37650908999997],[112.5997009,-7.37653065999997],[112.59967465,-7.37652853],[112.59957478,-7.37654163],[112.59938977,-7.37652688999998],[112.59897391,-7.37651706999998],[112.59878072,-7.37652197999995],[112.59866524,-7.37655586999998],[112.59862641,-7.37654939999996],[112.59862191,-7.37654163],[112.59851385,-7.37640737],[112.59843199,-7.37631895999994],[112.59835667,-7.376224],[112.59826499,-7.37619125999994],[112.598262105,-7.37619168099995],[112.59810781,-7.37621418],[112.5980063,-7.37633860999994],[112.59798756,-7.37648960999995],[112.59798,-7.3765],[112.59796,-7.37662],[112.59793,-7.37685],[112.59793277,-7.37688329],[112.59794098,-7.37698183999993],[112.59802268,-7.37709828999994],[112.59818313,-7.37743555999995],[112.59818127,-7.37755253999993],[112.598196546,-7.37758309199992],[112.59821,-7.37761],[112.59820409,-7.3776425],[112.59819,-7.37772],[112.598165411,-7.37774458899997],[112.59814021,-7.37776978999992],[112.59811,-7.3778],[112.59785,-7.37809],[112.597739477,-7.37826894200002],[112.59764,-7.37843],[112.5976,-7.37853],[112.59754,-7.37873],[112.59753356,-7.37878797999994],[112.597532559,-7.37879698499995],[112.59752497,-7.37886525999994],[112.59752,-7.37891],[112.59751,-7.37903],[112.597490501,-7.37954348599991],[112.59748,-7.37982],[112.59750864,-7.38012362999995],[112.59753,-7.38035],[112.59745,-7.38037],[112.59736,-7.38036],[112.59665,-7.38029],[112.59556,-7.38018],[112.59376,-7.37995999999989],[112.59333,-7.37995],[112.59321165,-7.37996972999996],[112.593210052,-7.37996999099992],[112.59321,-7.37997],[112.59321,-7.38002413999993],[112.59321,-7.38041],[112.59326,-7.38117],[112.59327,-7.38135],[112.593290906,-7.38168457699993],[112.59329155,-7.38169488999995],[112.59329548,-7.38175775999997],[112.59333,-7.38231],[112.59337,-7.38314],[112.593373723,-7.38320886699996],[112.59341,-7.38388],[112.59342,-7.38424],[112.59342216,-7.38428435],[112.593437243,-7.38459349299994],[112.59344,-7.38465],[112.59344927,-7.38472415399995],[112.5934499,-7.38472918999994],[112.59345,-7.38473],[112.59345,-7.384775139476397],[112.59345,-7.38482],[112.59344916,-7.38481934],[112.59343333,-7.38480350999997],[112.59337362,-7.38474379999997],[112.59336091,-7.38473108999995],[112.59285675,-7.38422692999993],[112.59255979,-7.38396787999993],[112.592413219,-7.38382257299994],[112.592036159,-7.38351437599996],[112.591525326,-7.38309683899995],[112.59141593,-7.38300742199995],[112.591340619,-7.38301019499994],[112.59128507,-7.38301223999997],[112.59121245,-7.38301299499996],[112.59116009,-7.38301353999996],[112.59115,-7.38301],[112.590856344,-7.38300580499994],[112.590780473,-7.38300472099995],[112.59045,-7.383],[112.59007418,-7.38299104999992],[112.59007407,-7.38298952999996],[112.590061094,-7.38298938499997],[112.59005979,-7.38298936999996],[112.59005674,-7.38319497999992],[112.59002083,-7.38332426999995],[112.59001449,-7.38343329199996],[112.589956864,-7.38381660399996],[112.589945944,-7.38388518599994],[112.589938906,-7.38397593399998],[112.589938728,-7.38397822400001],[112.589935935,-7.383978132],[112.589762611,-7.38460948599994],[112.58974415,-7.38460864999997],[112.58974455,-7.38462714999995],[112.589584049,-7.384620173],[112.58889,-7.38459],[112.588712803,-7.38458102799993],[112.58818692,-7.38455439999996],[112.5881,-7.38455],[112.58711208,-7.38452005999996],[112.58711,-7.38452],[112.5863,-7.38448],[112.58513,-7.38445],[112.58441,-7.38443],[112.58440956,-7.38443217999998],[112.58433,-7.38483],[112.58415273,-7.38577560699996],[112.584145880683195,-7.385933730091424],[112.58417132,-7.38608137399995],[112.58421,-7.38661],[112.58423,-7.38682],[112.584303095,-7.38733166799992],[112.58432,-7.38745],[112.584387913,-7.38784777599993],[112.58439,-7.38786],[112.58439318,-7.38787586999997],[112.584410443,-7.38796220399993],[112.584412601,-7.38796398699997],[112.584419939,-7.38800716299996],[112.584439899,-7.38812461199996],[112.584441738,-7.38814980799998],[112.584459604,-7.388394649],[112.584459651,-7.38839528999992],[112.58446001,-7.38839542499994]]]]}},
{"type":"Feature","properties":{"kdkab":"15","kdkec":"170","nmkab":"SIDOARJO","nmkec":"KRIAN","kddesa":"005","kdprov":"35","nmdesa":"GAMPING","nmprov":"JAWA TIMUR","iddesa":"3515170005"},"geometry":{"type":"MultiPolygon","coordinates":[[[[112.59490899,-7.42099090999994],[112.59485388,-7.42089170999998],[112.59462774,-7.42053861999998],[112.59430242,-7.42027280999996],[112.59379991,-7.41988437999992],[112.593630102749998,-7.41975312862165],[112.59356847,-7.41970549],[112.593512917,-7.41964392999996],[112.59334579,-7.41945873],[112.593239797,-7.41934127899998],[112.5931801,-7.41927512999995],[112.5931281,-7.41921750999997],[112.59285697,-7.41886466999995],[112.59283849,-7.41884060999996],[112.592834534,-7.41883598799996],[112.59282316,-7.41882269999996],[112.59282177,-7.41882107999991],[112.59278233,-7.41877500999993],[112.59252492,-7.41847426999993],[112.59243393,-7.41838859999996],[112.5923997,-7.41835638],[112.59235149,-7.41825396999993],[112.59229398,-7.41805169000002],[112.5922169,-7.41760848999996],[112.59218318,-7.41737243999998],[112.592180219,-7.41735172200001],[112.59217136,-7.41728972999992],[112.59217224,-7.41728968999998],[112.59212808,-7.41698644999998],[112.59208954,-7.41670944999994],[112.592069423,-7.41659244699997],[112.591609336,-7.41662053299998],[112.591390785,-7.41654948799993],[112.591457754,-7.41610903899992],[112.591520559,-7.41569598199991],[112.591538415,-7.41557854299997],[112.591623809,-7.41558715400001],[112.591623809,-7.41560294199998],[112.591840913,-7.41558571900002],[112.591893017,-7.41557854299997],[112.591893017,-7.41550390999993],[112.591918565,-7.41550486599991],[112.59191964,-7.41548369399996],[112.59192179,-7.41544134],[112.59192266,-7.41542410999995],[112.591986048,-7.41495687799996],[112.59199822,-7.41486715999997],[112.59203707,-7.41462322999996],[112.592074487,-7.41447539999995],[112.592101413,-7.41436901599997],[112.592345556,-7.41426745099991],[112.592347015,-7.41421729300001],[112.592346412,-7.41421748399995],[112.592383198,-7.41364956299997],[112.592452671,-7.41232912499995],[112.592504776,-7.411565566],[112.592560499,-7.410917544],[112.592632867,-7.40989276399998],[112.592693607,-7.40913277499995],[112.59275144,-7.40763380999993],[112.59278,-7.40763],[112.593358289690372,-7.40756574558996],[112.59359,-7.40754],[112.593802938,-7.40751444699993],[112.594649850204149,-7.407412817680656],[112.594736431,-7.407402428],[112.59509,-7.40736],[112.595198377,-7.40735612899994],[112.59537,-7.40735],[112.595439665,-7.40734079899993],[112.5959,-7.40728],[112.596167441,-7.40725568699997],[112.59645,-7.40723],[112.596886601,-7.40724616999996],[112.59699,-7.40725],[112.59699895,-7.40724912999997],[112.5970055,-7.40721778999995],[112.59709514,-7.40721221999994],[112.597095895,-7.40720876799997],[112.597456704,-7.40718826599993],[112.597239250192388,-7.409192408416835],[112.597224231888902,-7.409330822533367],[112.597155873,-7.41006141699994],[112.597132946,-7.41034953099996],[112.597110318,-7.41063387999996],[112.597087267,-7.41092355599994],[112.597065601,-7.41119581899995],[112.597043882,-7.41146875699993],[112.597028068,-7.41166748399997],[112.596948744,-7.41166868299992],[112.596901363,-7.41233218699994],[112.596896773,-7.41239661299995],[112.59687562,-7.41269350599993],[112.596886506,-7.41295260599997],[112.596935808,-7.41301079099996],[112.597051761,-7.41314763799993],[112.597127965972703,-7.413238584327301],[112.5971336,-7.41324422399993],[112.597554925339253,-7.413734424780588],[112.597659471,-7.41386485299993],[112.597798731928975,-7.413976048276176],[112.597993788,-7.41413921599995],[112.598004827,-7.41424138399997],[112.598016199,-7.41434663399998],[112.598027579,-7.41445195499993],[112.598030147,-7.41445834999996],[112.598261645,-7.41503492799998],[112.598263304843528,-7.415035121642497],[112.59992733,-7.41522925200001],[112.599764028,-7.41642218399992],[112.599919106,-7.41652929799995],[112.602436745,-7.41826825399993],[112.602496622,-7.41880264099998],[112.602545225,-7.41882016699998],[112.60254,-7.41882],[112.60257,-7.41888],[112.60261,-7.41907],[112.60265,-7.41936],[112.60266,-7.4195],[112.60285,-7.42111],[112.60253,-7.42108],[112.60212,-7.42105],[112.60186,-7.42106],[112.60159,-7.42286],[112.60149,-7.42345],[112.601440312,-7.42364875299995],[112.601473707,-7.42365604799995],[112.601171021,-7.425341578],[112.60116993,-7.42534765199997],[112.600913933,-7.42544038499995],[112.599618277,-7.42562846499993],[112.598611704,-7.42582786299994],[112.598196363,-7.42582176799993],[112.598013973,-7.42582650499998],[112.598016865,-7.425819394],[112.598031851,-7.42579798699996],[112.598039531,-7.42578916899993],[112.59800785,-7.42578068999997],[112.59800711,-7.42578049],[112.59788165,-7.42574691999995],[112.59737,-7.42561],[112.59679268,-7.42543210999997],[112.596167041,-7.42523932299996],[112.596065903,-7.42521712199994],[112.595821855,-7.42515147199991],[112.595724806,-7.42513577299997],[112.595630612,-7.42512292799994],[112.595563534,-7.42511579199991],[112.595517864,-7.42510437499993],[112.595449002,-7.42508118299997],[112.59530343,-7.42503551299998],[112.595127172,-7.42497628499998],[112.59502156,-7.42494702699997],[112.594988735,-7.424941319],[112.594951628,-7.42493775099993],[112.594893114,-7.42493810699995],[112.594826036,-7.42493168499996],[112.59478784,-7.424924312],[112.59478782,-7.42492442999998],[112.594749291,-7.42491754499998],[112.594714236,-7.42490505399996],[112.594706866,-7.42490242799992],[112.594690454,-7.42488316099993],[112.594687599,-7.42486888899995],[112.594686172,-7.42485390399998],[112.594686172,-7.42484533999992],[112.59468974,-7.42483534999995],[112.594692594,-7.42482750100001],[112.594699017,-7.42481893699993],[112.594706866,-7.42480894700001],[112.594716856,-7.42479610299996],[112.594723992,-7.42478040299995],[112.594730415,-7.42474400999995],[112.594754677,-7.42459130099996],[112.594767521,-7.424497107],[112.59477323,-7.42446784999991],[112.594777512,-7.424455719],[112.594783221,-7.42444430099992],[112.594793924,-7.42443645199994],[112.594808196,-7.42442788899997],[112.594817473,-7.42442075299993],[112.594828177,-7.42441290299997],[112.594838167,-7.42439577699996],[112.594841022,-7.42438578699997],[112.594842449,-7.42437151499996],[112.594841022,-7.42435724299997],[112.594831031,-7.42433083999994],[112.594789643,-7.42429016499994],[112.59448717,-7.42402276199994],[112.59439574,-7.42394193199995],[112.594305827,-7.423869859],[112.594184137,-7.42376822799998],[112.59409933,-7.42374513399997],[112.594282890441931,-7.423111226319929],[112.594561026,-7.42214195799998],[112.59471376,-7.42161160899994],[112.594800755,-7.42130953199994],[112.594907682,-7.42099475999994],[112.59490899,-7.42099090999994]]]]}},
{"type":"Feature","properties":{"kdkab":"15","kdkec":"170","nmkab":"SIDOARJO","nmkec":"KRIAN","kddesa":"004","kdprov":"35","nmdesa":"JERUK GAMPING","nmprov":"JAWA TIMUR","iddesa":"3515170004"},"geometry":{"type":"MultiPolygon","coordinates":[[[[112.594561026,-7.42214195799998],[112.594282890441931,-7.423111226319929],[112.59409933,-7.42374513399997],[112.59398724,-7.42371460999992],[112.592747663,-7.42337707099996],[112.59256415,-7.42332709999995],[112.592473187408245,-7.423301010885545],[112.592342693976079,-7.423262630464327],[112.59080429,-7.42281233999994],[112.590594786,-7.42275105999994],[112.58954269,-7.42244331999993],[112.58951459,-7.42245608999997],[112.58950689,-7.42245958999992],[112.589508555,-7.42243641499997],[112.589578692,-7.42146005899995],[112.589534702951667,-7.421451339275299],[112.589186329,-7.42138582799995],[112.5891851,-7.42138181999993],[112.58918255,-7.42137680999993],[112.58914937,-7.42136258999993],[112.58912,-7.42135],[112.5889,-7.42129],[112.588770876,-7.42125679699995],[112.58868860422136,-7.421236035583697],[112.58855,-7.4212],[112.58792,-7.42097],[112.58707,-7.42068],[112.58621,-7.42054],[112.58567,-7.42044],[112.58545,-7.4204],[112.5846,-7.42024],[112.58441135,-7.42021484999997],[112.5843,-7.4202],[112.5842564,-7.4202],[112.58425642,-7.42020007999998],[112.584217821757321,-7.420194595770895],[112.58417872,-7.42018903999996],[112.58417885,-7.42019028899992],[112.584169852,-7.42018749399995],[112.583809333,-7.42007552999996],[112.58380811,-7.42007239],[112.58369876,-7.41979155099995],[112.58364436,-7.41965183999998],[112.5835793,-7.41946848999994],[112.58357514,-7.41935423999994],[112.58356747,-7.41914318999992],[112.58355619,-7.41906925999994],[112.583547335,-7.41901120799995],[112.58351424,-7.41879422999994],[112.58344798,-7.41858882],[112.58339595,-7.41842752999997],[112.58330143,-7.41813986999995],[112.58330817,-7.41813444999994],[112.58327972,-7.41807043999996],[112.58307863,-7.41778062999998],[112.58289528,-7.41739618],[112.58268235,-7.41665685999995],[112.582664046,-7.41649619],[112.58262912,-7.41618960999998],[112.58258772,-7.41563363999992],[112.58258181,-7.41537339999998],[112.582499,-7.41477602999992],[112.58244577,-7.41452170999997],[112.58240661,-7.41442940999998],[112.5823467,-7.41417422999996],[112.58232358,-7.41405422999995],[112.58232355,-7.4140540399999],[112.582351777,-7.41404270299996],[112.582356942,-7.41404469499997],[112.582528107,-7.41403044899996],[112.582682132091321,-7.414024973181488],[112.582727291895722,-7.413972071696335],[112.583284692910013,-7.413926911891936],[112.584173695916604,-7.41394110497332],[112.584361372,-7.41393143099996],[112.58436483,-7.41393137399996],[112.584368447,-7.41393434199996],[112.584420815,-7.41406787799998],[112.584476924,-7.41411238999997],[112.584540514,-7.414142064],[112.584813577,-7.41418657599998],[112.585015569,-7.41421254099993],[112.585191377,-7.41421625099998],[112.585213353,-7.41421530299993],[112.585277411,-7.41421254099993],[112.585378407,-7.41416802899996],[112.585391026140783,-7.414159426056225],[112.585438257,-7.41412722699995],[112.585486884,-7.41410867999998],[112.585576659,-7.41410126200001],[112.585707579,-7.41407900599996],[112.585868425,-7.41407900599996],[112.586070417,-7.41407900599996],[112.586081106273994,-7.414079111185095],[112.586098168,-7.41407900599996],[112.58618468,-7.41407900599996],[112.586264928,-7.41407900599996],[112.58647066,-7.41407529599998],[112.586579138,-7.41406787799998],[112.586938235,-7.41409384299992],[112.58722252,-7.41414577399997],[112.587342219,-7.41419399499996],[112.58740955,-7.41424592499993],[112.587480621,-7.41431269299992],[112.587574136,-7.41436833299997],[112.587708797,-7.41438316999996],[112.587847199,-7.41440913499998],[112.588052932,-7.41442026299995],[112.588213246358748,-7.414391647466828],[112.588255823926801,-7.414364814143283],[112.588283867319234,-7.414338577055294],[112.588309769061496,-7.41429820293984],[112.588364203628174,-7.414201103442518],[112.588403926149809,-7.414118715990245],[112.588461303125499,-7.414043684560497],[112.588498083238122,-7.413987778789312],[112.588539276964269,-7.413918632177582],[112.588556532941439,-7.413879106502019],[112.588589987635913,-7.413824652274702],[112.588631491605227,-7.413795914556785],[112.588636464,-7.41376742299998],[112.588636464,-7.41314290099993],[112.58865,-7.41314],[112.58866,-7.41278],[112.5887,-7.41217],[112.5887,-7.41208],[112.588709061,-7.41199844699998],[112.588759904,-7.41168648699993],[112.58873372,-7.411549242],[112.588980599,-7.41021016699994],[112.58898808,-7.40996164099993],[112.589006783,-7.40887850799993],[112.589275399,-7.40878971599992],[112.589276106,-7.40878948299998],[112.589019101,-7.40828345799994],[112.58902,-7.40828],[112.58899,-7.40821],[112.58896,-7.40811],[112.58895452,-7.40807532],[112.58894793,-7.40803356999991],[112.58923785,-7.40804484999996],[112.58925,-7.40803],[112.58934,-7.40801],[112.58973,-7.40796],[112.59138,-7.4078],[112.59153,-7.40779],[112.59234,-7.40769],[112.59263,-7.40765],[112.59275144,-7.40763380999993],[112.592693607,-7.40913277499995],[112.592632867,-7.40989276399998],[112.592560499,-7.410917544],[112.592504776,-7.411565566],[112.592452671,-7.41232912499995],[112.592383198,-7.41364956299997],[112.592346412,-7.41421748399995],[112.592347015,-7.41421729300001],[112.592345556,-7.41426745099991],[112.592101413,-7.41436901599997],[112.592074487,-7.41447539999995],[112.59203707,-7.41462322999996],[112.59199822,-7.41486715999997],[112.591986048,-7.41495687799996],[112.59192266,-7.41542410999995],[112.59192179,-7.41544134],[112.59191964,-7.41548369399996],[112.591918565,-7.41550486599991],[112.591893017,-7.41550390999993],[112.591893017,-7.41557854299997],[112.591840913,-7.41558571900002],[112.591623809,-7.41560294199998],[112.591623809,-7.41558715400001],[112.591538415,-7.41557854299997],[112.591520559,-7.41569598199991],[112.591457754,-7.41610903899992],[112.591390785,-7.41654948799993],[112.591609336,-7.41662053299998],[112.592069423,-7.41659244699997],[112.59208954,-7.41670944999994],[112.59212808,-7.41698644999998],[112.59217224,-7.41728968999998],[112.59217136,-7.41728972999992],[112.592180219,-7.41735172200001],[112.59218318,-7.41737243999998],[112.5922169,-7.41760848999996],[112.59229398,-7.41805169000002],[112.59235149,-7.41825396999993],[112.5923997,-7.41835638],[112.59243393,-7.41838859999996],[112.59252492,-7.41847426999993],[112.59278233,-7.41877500999993],[112.59282177,-7.41882107999991],[112.59282316,-7.41882269999996],[112.592834534,-7.41883598799996],[112.59283849,-7.41884060999996],[112.59285697,-7.41886466999995],[112.5931281,-7.41921750999997],[112.5931801,-7.41927512999995],[112.593239797,-7.41934127899998],[112.59334579,-7.41945873],[112.593512917,-7.41964392999996],[112.59356847,-7.41970549],[112.593630102749998,-7.41975312862165],[112.59379991,-7.41988437999992],[112.59430242,-7.42027280999996],[112.59462774,-7.42053861999998],[112.59485388,-7.42089170999998],[112.59490899,-7.42099090999994],[112.594907682,-7.42099475999994],[112.594800755,-7.42130953199994],[112.59471376,-7.42161160899994],[112.594561026,-7.42214195799998]]]]}},
{"type":"Feature","properties":{"kdkab":"15","kdkec":"170","nmkab":"SIDOARJO","nmkec":"KRIAN","kddesa":"009","kdprov":"35","nmdesa":"TERUNG WETAN","nmprov":"JAWA TIMUR","iddesa":"3515170009"},"geometry":{"type":"MultiPolygon","coordinates":[[[[112.61654071,-7.4028821499999],[112.616531249,-7.40288101999994],[112.61653033,-7.40288090999994],[112.616366,-7.40286134999997],[112.61634617,-7.40281849999996],[112.61627459,-7.40266378999996],[112.61606,-7.4022],[112.61588,-7.40179],[112.615849532,-7.40172053299994],[112.61563,-7.40122],[112.615591056,-7.40111290399993],[112.615277715,-7.40077852999997],[112.61484758,-7.39863881399994],[112.614845243,-7.39863881399994],[112.61484758,-7.39828296699996],[112.614913035,-7.39792132299993],[112.615006543,-7.39768949999996],[112.615174856,-7.39740667599992],[112.615341238,-7.39717799599993],[112.615413704,-7.397021437],[112.615506335,-7.39682910599993],[112.615636597,-7.39657936199998],[112.615697386,-7.39650185499997],[112.61571186,-7.39648176000001],[112.615749491,-7.39641860699995],[112.615775543,-7.39636693499994],[112.615847911,-7.39626933399995],[112.615885518,-7.39622375299995],[112.61589557,-7.39557027999995],[112.615898143,-7.39556989399994],[112.61619351,-7.39552559000001],[112.61643309,-7.39546614999994],[112.61651765,-7.39543315999993],[112.616563958,-7.39541510099997],[112.616564028,-7.39541507399997],[112.616564014,-7.395414994],[112.616744421,-7.39506969099995],[112.61681815,-7.39489199199993],[112.61676994,-7.39488430999993],[112.61669565,-7.39487253999995],[112.61670226,-7.39484234999998],[112.61669097,-7.3948417199999],[112.61669078,-7.39483913000001],[112.61666846,-7.39452219000001],[112.61666194,-7.39442965999997],[112.6166613,-7.39442055999994],[112.61663518,-7.39436031999995],[112.616612505,-7.39418442200001],[112.616612181,-7.39418190799995],[112.616255794,-7.39411725699993],[112.616223952,-7.3937440739999],[112.616166058,-7.39317568599995],[112.616113953,-7.39273073599995],[112.616085599,-7.39228850499994],[112.61609373,-7.39228677999995],[112.61622,-7.39226],[112.61644,-7.39221],[112.61650838,-7.39219896999996],[112.616560179,-7.39219061599993],[112.61675,-7.39216],[112.61697,-7.39215],[112.61719,-7.39213],[112.61735,-7.39213],[112.61744,-7.39215],[112.6175009,-7.39216405099993],[112.61750107,-7.39216408999992],[112.61757,-7.39218],[112.61764559,-7.39220362],[112.61773,-7.39223],[112.61788,-7.39228],[112.61803,-7.39234],[112.61821,-7.39242],[112.61845,-7.39253],[112.61866,-7.39262],[112.61895,-7.39275],[112.61923,-7.39288],[112.61951,-7.39298],[112.61976,-7.39306],[112.61988,-7.39309],[112.61998,-7.39312],[112.62007,-7.39315],[112.62024,-7.3932],[112.62037,-7.39323],[112.62064,-7.39326],[112.62088,-7.39331],[112.62119,-7.39337],[112.62138,-7.39341],[112.62149,-7.39343],[112.62163,-7.39349],[112.62174,-7.39355],[112.621742821,-7.39355120899997],[112.62188,-7.39361],[112.62207,-7.39371],[112.62234,-7.39385],[112.62248,-7.39391],[112.62261,-7.39393],[112.62275,-7.39394],[112.6229,-7.39391],[112.62303,-7.39386],[112.62315,-7.39378],[112.6233,-7.3937],[112.62346,-7.39357],[112.62358,-7.39351],[112.62367,-7.39348],[112.623730435,-7.39347395199996],[112.62374515,-7.39347247999994],[112.62377,-7.39347],[112.62385,-7.39348],[112.62385729,-7.39348218999995],[112.62397362,-7.39345584999995],[112.62436271,-7.39363237999994],[112.62491032,-7.39374766999993],[112.624969785073276,-7.393776639681844],[112.625065325,-7.39382318399996],[112.62519133,-7.39388456999992],[112.62550836,-7.39398543999994],[112.62565238,-7.39408067999997],[112.62568982,-7.39410543999997],[112.62575695,-7.39408091],[112.62588425,-7.39409248999992],[112.6259551,-7.39405929999997],[112.6262289,-7.39404668999991],[112.62639515,-7.39407247999997],[112.62642,-7.39407],[112.62646781,-7.39407308999995],[112.62642349,-7.39415597999992],[112.62641897,-7.39434640999998],[112.62642252,-7.39446189999994],[112.62640838,-7.39458472999998],[112.62640034,-7.39466644],[112.62621643,-7.39482630999993],[112.62600095,-7.39490305999994],[112.625823528094756,-7.395006205725222],[112.62579292,-7.395024],[112.625683749,-7.39505977199995],[112.6255264,-7.39511132999998],[112.62531723,-7.39520625999992],[112.62525807,-7.39524932999994],[112.6251432,-7.39533393999994],[112.62507202,-7.39566005999994],[112.62523002,-7.39591770999997],[112.625444142236788,-7.396116495085889],[112.62548788,-7.39615709999992],[112.62549,-7.39616],[112.62549,-7.39634359400001],[112.62549,-7.39636],[112.62549349,-7.39637916],[112.625496512,-7.39639577299992],[112.62549711,-7.39639905999998],[112.62549777,-7.39640270999995],[112.62550099,-7.39642041999995],[112.62551,-7.39647],[112.62557,-7.39670999999989],[112.62566,-7.39685],[112.62569,-7.39692],[112.6257,-7.39704],[112.62569,-7.39724],[112.62568801,-7.39726784999994],[112.62568758,-7.39727386999992],[112.62568358,-7.39732983999992],[112.625680128,-7.39737820999998],[112.62568,-7.39738],[112.62567,-7.39744],[112.62563,-7.39807],[112.62560126,-7.39841121999995],[112.62555,-7.39902],[112.62548,-7.39985],[112.62543,-7.40079],[112.62543,-7.40085],[112.62543,-7.40092],[112.62540699,-7.40122679999996],[112.6254,-7.40132],[112.62538,-7.40162],[112.62533447,-7.40192163999995],[112.6253042,-7.40212216999989],[112.6253,-7.40215],[112.62529,-7.40225],[112.62521,-7.40221],[112.62501,-7.40207],[112.624961,-7.40207979999993],[112.62492319,-7.40210815999998],[112.62491882,-7.40213896999994],[112.62491773,-7.40219732999996],[112.62492006,-7.40229719999993],[112.62492125,-7.40230203999993],[112.62492171,-7.40236212],[112.62492182,-7.40237675999998],[112.62484601,-7.40247001999996],[112.62480947,-7.40257308999996],[112.62479837,-7.40263912999995],[112.62475633,-7.40288912999998],[112.62474839,-7.40293630999997],[112.624747984,-7.40294952700002],[112.624720369,-7.40299867499993],[112.624710874,-7.40306795199994],[112.624702421,-7.40320247299996],[112.62468924,-7.40328296099994],[112.624594199,-7.40342350199995],[112.624559464,-7.40348876399996],[112.624553114,-7.40354065399996],[112.624568378,-7.40359065399996],[112.624590564,-7.40362783999995],[112.622957175,-7.40349133300002],[112.622943764,-7.40349001599998],[112.62000876,-7.40317268999994],[112.61989157,-7.4045900099999],[112.619887838,-7.40463512999998],[112.61988759,-7.40463812999996],[112.61988757,-7.40463830999992],[112.61941542,-7.40458393999998],[112.61863699,-7.40449430999995],[112.6186051,-7.40449063999997],[112.61860102,-7.40449017000001],[112.618597418,-7.40448975499994],[112.618594009,-7.40448936199996],[112.61776093,-7.40439343],[112.6165494,-7.40289290999991],[112.61654071,-7.4028821499999]]]]}},
{"type":"Feature","properties":{"kdkab":"15","kdkec":"170","nmkab":"SIDOARJO","nmkec":"KRIAN","kddesa":"011","kdprov":"35","nmdesa":"KEBOHARAN","nmprov":"JAWA TIMUR","iddesa":"3515170011"},"geometry":{"type":"MultiPolygon","coordinates":[[[[112.60578,-7.39681],[112.60566,-7.39678],[112.60556,-7.39677],[112.60544,-7.39677],[112.60533,-7.39679],[112.60518,-7.39683],[112.60506,-7.39684],[112.6049,-7.39684],[112.60482,-7.3968],[112.604803588,-7.39678358799996],[112.60475,-7.39673],[112.60467,-7.3966],[112.6046,-7.39649],[112.60449,-7.39629],[112.60437,-7.39613],[112.6043,-7.396],[112.604253534,-7.39594578999991],[112.60424,-7.39593],[112.60419409,-7.39591031999994],[112.60417,-7.3959],[112.60412104,-7.39588886999995],[112.60405034,-7.39587279999994],[112.60395,-7.39585],[112.60371,-7.3958],[112.60346,-7.3957],[112.60344386,-7.39569461999996],[112.60325,-7.39562999999989],[112.60302,-7.39553],[112.60294,-7.39549],[112.60290335,-7.39547334],[112.60283,-7.39544],[112.60268,-7.39535],[112.6026248,-7.39529479999992],[112.60257,-7.39524],[112.602496499,-7.39516649899997],[112.602522977,-7.39502038799995],[112.602712703,-7.39397345699995],[112.602712368,-7.39397330899994],[112.602712927,-7.39397298099991],[112.603205322,-7.39123872499997],[112.603474545,-7.39105136599996],[112.603478554,-7.39105229099994],[112.60347912,-7.39104913999995],[112.603561388,-7.39099448999997],[112.60381376,-7.39082683999992],[112.60381291,-7.39083946999995],[112.60409927,-7.39064557999993],[112.60430939,-7.39057660999989],[112.60446338,-7.39048197999992],[112.60452423,-7.39044972999994],[112.60453299,-7.39046098999995],[112.60506327,-7.39017400999997],[112.60563108,-7.38978584999994],[112.60623469,-7.38941537999995],[112.60634967,-7.38932068999995],[112.60658943,-7.38913800999996],[112.60664593,-7.38909495999997],[112.60675387,-7.38901271999991],[112.6070041,-7.38884911999997],[112.6070367,-7.38884450999994],[112.60723507,-7.38866625999996],[112.60812047,-7.38796691999994],[112.608309193,-7.38778055699995],[112.60863375,-7.38746005999998],[112.609044370000021,-7.38704302],[112.60907048,-7.38703682999995],[112.609297447000017,-7.386778915999964],[112.609676755,-7.38639532399997],[112.61004526,-7.38603571999996],[112.610567801,-7.38559171399995],[112.61060024,-7.38556414999991],[112.61118089,-7.38522088999996],[112.61179682,-7.38486800999994],[112.612822379,-7.38432635999994],[112.61288028,-7.38429577999997],[112.612885794,-7.38429286799991],[112.61299339,-7.38423603999996],[112.61397183,-7.38377408999996],[112.614841536,-7.38345373499994],[112.61615851,-7.38296862999993],[112.616293918,-7.38291874399993],[112.61632615,-7.38290686999991],[112.61638423,-7.38288547999998],[112.618118764,-7.38226920999994],[112.61911101,-7.38191666999997],[112.61919351,-7.38188496999994],[112.619193504,-7.3818850559999],[112.61918477,-7.38201161999994],[112.61919,-7.38201],[112.61918813,-7.38204372999997],[112.61918,-7.38219],[112.61924,-7.38238],[112.61933,-7.38239],[112.61933803,-7.38238884999995],[112.61945514,-7.3824174499999],[112.61963772,-7.38243773999996],[112.61976742,-7.38244883999994],[112.62005015,-7.38253189999998],[112.620049954,-7.38253407199997],[112.62001142,-7.38296109999993],[112.62250393,-7.38291731999994],[112.62247343,-7.3830373399999],[112.62225253,-7.38383529999993],[112.6220843,-7.38455493999992],[112.62206,-7.38464],[112.62183,-7.38551],[112.6215,-7.38662],[112.62149656,-7.38663652999998],[112.62145,-7.38686],[112.621444448,-7.38687968499992],[112.621443254,-7.38688391699996],[112.62134,-7.38725],[112.62131,-7.38736],[112.621199856,-7.38776553099996],[112.62105047,-7.38831553999996],[112.62103337,-7.38837849999994],[112.621008701102951,-7.388469326324022],[112.620904536,-7.38885284299994],[112.62087,-7.38898],[112.620867545856413,-7.388989571621855],[112.620854591,-7.38904009799996],[112.620771131224302,-7.389365595519149],[112.62075772,-7.38941789999998],[112.6207353,-7.38950531999995],[112.620720603,-7.38956264199992],[112.62067,-7.38976],[112.62064794,-7.38985560999994],[112.62064441,-7.38987089999995],[112.620614423,-7.38989310799994],[112.62061276,-7.38989433999996],[112.62048847,-7.39032485999995],[112.62041822,-7.39061307999998],[112.62041733,-7.39063709999995],[112.62040201,-7.39069953999996],[112.62039984,-7.39075747999992],[112.620399224,-7.39077405599993],[112.62039812,-7.39080376999995],[112.62039225,-7.39083031999993],[112.62022,-7.39161],[112.62021689,-7.39162862999996],[112.6202,-7.39173],[112.620195555,-7.39174881899991],[112.62019298,-7.39175971999995],[112.620033323513169,-7.392435923704341],[112.62003,-7.39245],[112.61996,-7.39269],[112.61991,-7.39294],[112.61989,-7.39301],[112.61988,-7.39309],[112.61976,-7.39306],[112.61951,-7.39298],[112.61923,-7.39288],[112.61895,-7.39275],[112.61866,-7.39262],[112.61845,-7.39253],[112.61821,-7.39242],[112.61803,-7.39234],[112.61788,-7.39228],[112.61773,-7.39223],[112.61764559,-7.39220362],[112.61757,-7.39218],[112.61750107,-7.39216408999992],[112.6175009,-7.39216405099993],[112.61744,-7.39215],[112.61735,-7.39213],[112.61719,-7.39213],[112.61697,-7.39215],[112.61675,-7.39216],[112.616560179,-7.39219061599993],[112.61650838,-7.39219896999996],[112.61644,-7.39221],[112.61622,-7.39226],[112.61609373,-7.39228677999995],[112.616085599,-7.39228850499994],[112.61600606,-7.39230537999996],[112.61589,-7.39233],[112.61552,-7.39239],[112.61533,-7.39242],[112.615189399,-7.39244811999995],[112.61508,-7.39247],[112.61487,-7.39253],[112.61476185,-7.39256932999994],[112.61468666,-7.39259667099998],[112.61454,-7.39265],[112.61453122,-7.39265345999994],[112.61421,-7.39278],[112.61397,-7.39286],[112.61366061,-7.39295979999997],[112.61366,-7.39296],[112.613639988,-7.39296732199997],[112.61337224,-7.39306528],[112.61325,-7.39311],[112.61292,-7.39325],[112.61262,-7.39338],[112.612359156,-7.39351857299995],[112.6123,-7.39355],[112.61217043,-7.39363421999998],[112.6121,-7.39368],[112.61188,-7.39383],[112.611844965,-7.39385802599995],[112.61182526,-7.39387378999991],[112.61173,-7.39395],[112.61163,-7.39405],[112.61148,-7.3942],[112.61132,-7.39434],[112.61114,-7.39446],[112.61093,-7.39458],[112.610871498,-7.39461217699993],[112.61073217,-7.39468880999995],[112.61073,-7.39469],[112.61044621,-7.39485106999996],[112.61036,-7.3949],[112.61001,-7.39505],[112.60981,-7.39517],[112.60963,-7.39529],[112.609613562,-7.39530408999994],[112.60956,-7.39535],[112.60956,-7.3953924699999],[112.60956,-7.39539504999991],[112.60938736,-7.39554233999993],[112.60949155,-7.39570731],[112.60956205,-7.39598475999996],[112.609561937,-7.39598496899995],[112.6095,-7.3961],[112.60930912,-7.39623633999995],[112.60929,-7.39625],[112.6091,-7.39635],[112.60896,-7.39641],[112.60890964,-7.39643323999997],[112.60883,-7.39647],[112.60853,-7.39665],[112.60825,-7.3968],[112.60815694,-7.39683987999996],[112.60804,-7.39689],[112.60789,-7.39688],[112.60774,-7.39679],[112.60765,-7.39670999999989],[112.6075,-7.39663],[112.60747444,-7.39662409999994],[112.60742249,-7.39661211],[112.607418061,-7.3966110879999],[112.60737,-7.3966],[112.60729,-7.39661],[112.60722,-7.39662],[112.60714,-7.39665],[112.60704,-7.39675],[112.6069,-7.39685],[112.6068,-7.39692],[112.60665,-7.39701],[112.60653,-7.39707],[112.6064,-7.39707],[112.60630809,-7.39704701999994],[112.60624,-7.39703],[112.60613857,-7.39698823000001],[112.606130521,-7.39698491599995],[112.60607,-7.39696],[112.606013354,-7.39693167699992],[112.60591,-7.39688],[112.60578,-7.39681]]]]}},
{"type":"Feature","properties":{"kdkab":"15","kdkec":"170","nmkab":"SIDOARJO","nmkec":"KRIAN","kddesa":"008","kdprov":"35","nmdesa":"TERUNG KULON","nmprov":"JAWA TIMUR","iddesa":"3515170008"},"geometry":{"type":"MultiPolygon","coordinates":[[[[112.599592845,-7.40376995399991],[112.599592722,-7.40376979199994],[112.597655456,-7.403632885],[112.597655504,-7.40363264699996],[112.59766419,-7.40358921999995],[112.59768077,-7.40349386999997],[112.59768654,-7.40345988999996],[112.59768116,-7.40336824999998],[112.59765475,-7.40302483999996],[112.59772502,-7.40257640999997],[112.59774257,-7.40250525999994],[112.59773172,-7.40211458999994],[112.59767148,-7.40163269999995],[112.597538425,-7.40103264999994],[112.597510467254438,-7.400983531137051],[112.597464214111852,-7.400967473136602],[112.597431221696553,-7.400914991320181],[112.597407666,-7.40076430699997],[112.5974,-7.40075],[112.59729372,-7.40031862999995],[112.59723,-7.40006],[112.59721,-7.39999],[112.59709783,-7.39946655999993],[112.59709,-7.39943],[112.59704,-7.39923],[112.597035556,-7.39922111199996],[112.597035539,-7.39922107799991],[112.59702575,-7.39920149999996],[112.59701,-7.39917],[112.59696,-7.39908],[112.5968,-7.39877],[112.596696,-7.39860656999997],[112.59657416,-7.39835390999994],[112.59650505,-7.39813031999997],[112.59647823,-7.39804352999996],[112.596460563,-7.39798638099997],[112.59649993,-7.39797582899994],[112.596538285,-7.39796326999989],[112.596586047,-7.39794604699992],[112.596625126,-7.39792738800001],[112.596646836,-7.39791303499993],[112.596694599,-7.39788576399997],[112.596740914,-7.39784701099997],[112.596816177,-7.39779820999995],[112.596859598,-7.39776089199997],[112.596927623,-7.39770204400001],[112.597017359,-7.39762740799994],[112.59708972,-7.39755851099995],[112.597120671,-7.39753449099993],[112.597274627,-7.39741498299997],[112.597273265,-7.39669778999996],[112.59736217,-7.39660419999996],[112.59740041,-7.39654504999994],[112.59757959,-7.39643235999992],[112.5975838,-7.39643008999996],[112.59779777,-7.39641136999998],[112.59783277,-7.39640831000001],[112.597848151,-7.39640732799997],[112.59808676,-7.39639208999993],[112.59851999,-7.39638938999997],[112.59864698,-7.39639659999995],[112.59886494,-7.39642451999991],[112.59888123,-7.39640044],[112.59897421,-7.39633362999998],[112.59906714,-7.39623629999992],[112.59914377,-7.39615603999994],[112.59919747,-7.39615975],[112.5993,-7.39608],[112.59964,-7.39579],[112.59965441,-7.39577746999995],[112.59987,-7.39559],[112.60009,-7.39547],[112.600205,-7.39540674999995],[112.60022879,-7.39539366999998],[112.60029,-7.39536],[112.60048,-7.39529],[112.600531188,-7.39526653899996],[112.60072,-7.39518],[112.600807983,-7.39516114299993],[112.60083571,-7.3951552],[112.60087296,-7.39514721999996],[112.60097008,-7.39512640999994],[112.600978206,-7.39512466899993],[112.6009895,-7.39512224999993],[112.601,-7.39512],[112.60136,-7.39502],[112.60153036,-7.39497555999996],[112.60159,-7.39496],[112.60184,-7.39493],[112.60196847,-7.39494751999994],[112.601977344,-7.39494872999997],[112.60206,-7.39496],[112.60221,-7.39498],[112.60232922,-7.39502257999996],[112.60235,-7.39503],[112.60244,-7.39511],[112.602496499,-7.39516649899997],[112.60257,-7.39524],[112.6026248,-7.39529479999992],[112.60268,-7.39535],[112.60283,-7.39544],[112.60290335,-7.39547334],[112.60294,-7.39549],[112.60302,-7.39553],[112.60325,-7.39562999999989],[112.60344386,-7.39569461999996],[112.60346,-7.3957],[112.60371,-7.3958],[112.60395,-7.39585],[112.60405034,-7.39587279999994],[112.60412104,-7.39588886999995],[112.60417,-7.3959],[112.60419409,-7.39591031999994],[112.60424,-7.39593],[112.604253534,-7.39594578999991],[112.6043,-7.396],[112.60437,-7.39613],[112.60449,-7.39629],[112.6046,-7.39649],[112.60467,-7.3966],[112.60475,-7.39673],[112.604803588,-7.39678358799996],[112.60482,-7.3968],[112.6049,-7.39684],[112.60506,-7.39684],[112.60518,-7.39683],[112.60533,-7.39679],[112.60544,-7.39677],[112.60556,-7.39677],[112.60566,-7.39678],[112.60578,-7.39681],[112.60591,-7.39688],[112.606013354,-7.39693167699992],[112.60607,-7.39696],[112.606130521,-7.39698491599995],[112.60613857,-7.39698823000001],[112.60624,-7.39703],[112.60630809,-7.39704701999994],[112.6064,-7.39707],[112.60653,-7.39707],[112.60665,-7.39701],[112.6068,-7.39692],[112.6069,-7.39685],[112.60704,-7.39675],[112.60714,-7.39665],[112.60722,-7.39662],[112.60729,-7.39661],[112.60737,-7.3966],[112.607418061,-7.3966110879999],[112.60742249,-7.39661211],[112.60747444,-7.39662409999994],[112.6075,-7.39663],[112.60765,-7.39670999999989],[112.60774,-7.39679],[112.60789,-7.39688],[112.60804,-7.39689],[112.60815694,-7.39683987999996],[112.60825,-7.3968],[112.60853,-7.39665],[112.60883,-7.39647],[112.60890964,-7.39643323999997],[112.60896,-7.39641],[112.6091,-7.39635],[112.60929,-7.39625],[112.60930912,-7.39623633999995],[112.6095,-7.3961],[112.609561937,-7.39598496899995],[112.60956205,-7.39598475999996],[112.60949155,-7.39570731],[112.60938736,-7.39554233999993],[112.60956,-7.39539504999991],[112.60956,-7.3953924699999],[112.60956,-7.39535],[112.609613562,-7.39530408999994],[112.60963,-7.39529],[112.60981,-7.39517],[112.61001,-7.39505],[112.61036,-7.3949],[112.61044621,-7.39485106999996],[112.61073,-7.39469],[112.61073217,-7.39468880999995],[112.610871498,-7.39461217699993],[112.61093,-7.39458],[112.61114,-7.39446],[112.61132,-7.39434],[112.61148,-7.3942],[112.61163,-7.39405],[112.61173,-7.39395],[112.61182526,-7.39387378999991],[112.611844965,-7.39385802599995],[112.61188,-7.39383],[112.6121,-7.39368],[112.61217043,-7.39363421999998],[112.6123,-7.39355],[112.612359156,-7.39351857299995],[112.61262,-7.39338],[112.61292,-7.39325],[112.61325,-7.39311],[112.61337224,-7.39306528],[112.613639988,-7.39296732199997],[112.61366,-7.39296],[112.61366061,-7.39295979999997],[112.61397,-7.39286],[112.61421,-7.39278],[112.61453122,-7.39265345999994],[112.61454,-7.39265],[112.61468666,-7.39259667099998],[112.61476185,-7.39256932999994],[112.61487,-7.39253],[112.61508,-7.39247],[112.615189399,-7.39244811999995],[112.61533,-7.39242],[112.61552,-7.39239],[112.61589,-7.39233],[112.61600606,-7.39230537999996],[112.616085599,-7.39228850499994],[112.616113953,-7.39273073599995],[112.616166058,-7.39317568599995],[112.616223952,-7.3937440739999],[112.616255794,-7.39411725699993],[112.616612181,-7.39418190799995],[112.616612505,-7.39418442200001],[112.61663518,-7.39436031999995],[112.6166613,-7.39442055999994],[112.61666194,-7.39442965999997],[112.61666846,-7.39452219000001],[112.61669078,-7.39483913000001],[112.61669097,-7.3948417199999],[112.61670226,-7.39484234999998],[112.61669565,-7.39487253999995],[112.61676994,-7.39488430999993],[112.61681815,-7.39489199199993],[112.616744421,-7.39506969099995],[112.616564014,-7.395414994],[112.616564028,-7.39541507399997],[112.616563958,-7.39541510099997],[112.61651765,-7.39543315999993],[112.61643309,-7.39546614999994],[112.61619351,-7.39552559000001],[112.615898143,-7.39556989399994],[112.61589557,-7.39557027999995],[112.615885518,-7.39622375299995],[112.615847911,-7.39626933399995],[112.615775543,-7.39636693499994],[112.615749491,-7.39641860699995],[112.61571186,-7.39648176000001],[112.615697386,-7.39650185499997],[112.615636597,-7.39657936199998],[112.615506335,-7.39682910599993],[112.615413704,-7.397021437],[112.615341238,-7.39717799599993],[112.615174856,-7.39740667599992],[112.615006543,-7.39768949999996],[112.614913035,-7.39792132299993],[112.61484758,-7.39828296699996],[112.614845243,-7.39863881399994],[112.61484758,-7.39863881399994],[112.615277715,-7.40077852999997],[112.615591056,-7.40111290399993],[112.61563,-7.40122],[112.615849532,-7.40172053299994],[112.61588,-7.40179],[112.61606,-7.4022],[112.61627459,-7.40266378999996],[112.61634617,-7.40281849999996],[112.616366,-7.40286134999997],[112.61637,-7.40287],[112.61634854,-7.40285926999995],[112.61630713,-7.40285433999998],[112.61382821,-7.40255920999996],[112.61354329,-7.40261445999994],[112.613543003,-7.40261550499998],[112.613530701,-7.40261313299993],[112.613280023,-7.40273224799995],[112.609618823180895,-7.402103626960598],[112.607643910095433,-7.401764538143339],[112.607006127,-7.40165503199996],[112.606964347,-7.40155145299997],[112.606824950635556,-7.401529831634567],[112.605606511,-7.40134084299997],[112.605606311,-7.40134166099994],[112.605538348,-7.40132940699995],[112.604664688,-7.40121194299994],[112.604427708,-7.401180081],[112.603666101,-7.40118957499993],[112.602699949,-7.40115763899997],[112.602323666,-7.40114489499994],[112.602132528,-7.40319643599997],[112.60214231,-7.40319908099996],[112.602148383,-7.40320072299994],[112.602137938,-7.40325337599995],[112.602128363,-7.40339406899996],[112.60212419,-7.40339379299996],[112.601984746,-7.40338457499996],[112.60154345,-7.40330516499997],[112.601507598162073,-7.403297270804744],[112.601014242,-7.40318863899992],[112.601056021,-7.40281748399997],[112.601024388,-7.40269219199994],[112.600989136,-7.40249409799998],[112.600961718,-7.40235815199994],[112.600855964,-7.40220278399995],[112.600679706,-7.402136753],[112.600327191,-7.40209791099995],[112.600257597,-7.40269382399992],[112.600128117,-7.403802515],[112.599590313,-7.40375787799998],[112.599592845,-7.40376995399991]]]]}},
{"type":"Feature","properties":{"kdkab":"15","kdkec":"170","nmkab":"SIDOARJO","nmkec":"KRIAN","kddesa":"006","kdprov":"35","nmdesa":"TERIK","nmprov":"JAWA TIMUR","iddesa":"3515170006"},"geometry":{"type":"MultiPolygon","coordinates":[[[[112.598004827,-7.41424138399997],[112.597993788,-7.41413921599995],[112.597798731928975,-7.413976048276176],[112.597659471,-7.41386485299993],[112.597554925339253,-7.413734424780588],[112.5971336,-7.41324422399993],[112.597127965972703,-7.413238584327301],[112.597051761,-7.41314763799993],[112.596935808,-7.41301079099996],[112.596886506,-7.41295260599997],[112.59687562,-7.41269350599993],[112.596896773,-7.41239661299995],[112.596901363,-7.41233218699994],[112.596948744,-7.41166868299992],[112.597028068,-7.41166748399997],[112.597043882,-7.41146875699993],[112.597065601,-7.41119581899995],[112.597087267,-7.41092355599994],[112.597110318,-7.41063387999996],[112.597132946,-7.41034953099996],[112.597155873,-7.41006141699994],[112.597224231888902,-7.409330822533367],[112.597239250192388,-7.409192408416835],[112.597456704,-7.40718826599993],[112.597095895,-7.40720876799997],[112.597102916,-7.40717664700001],[112.597134309,-7.40703302299996],[112.59720213,-7.40672274000001],[112.59721217,-7.40652194999995],[112.597248028,-7.406201445],[112.599734308,-7.406789658],[112.599783051,-7.40681267499995],[112.601658488,-7.407134915],[112.601649204,-7.40730063899996],[112.601645977,-7.40730490499994],[112.60164602,-7.40730490999992],[112.60164,-7.40757],[112.60199,-7.40769],[112.602,-7.4078],[112.60192,-7.40846],[112.60222,-7.40858],[112.60249,-7.40865],[112.60302,-7.40874],[112.60417,-7.40902],[112.60439,-7.40909],[112.605996633220485,-7.409461220876358],[112.60620457,-7.40951333999993],[112.606206648,-7.40951344699995],[112.606611973152056,-7.409510008419218],[112.606822079,-7.40951448499992],[112.606871741184321,-7.409555449941326],[112.607007581,-7.40962829299998],[112.60701,-7.40963],[112.607089632099999,-7.409663931752046],[112.607092922100009,-7.409666921751937],[112.607182435287342,-7.409833756490046],[112.607272075072217,-7.410121747712748],[112.607419698569842,-7.410424907303712],[112.60748832892348,-7.41059243889329],[112.607561311263098,-7.410767922820352],[112.607563255635668,-7.411055813276677],[112.607517139685925,-7.411200686552118],[112.607495304252794,-7.411406994870539],[112.607496762674202,-7.411635532038619],[112.607511510377648,-7.411755443841547],[112.607557849434727,-7.411961406998292],[112.60791,-7.41256],[112.60838,-7.41341],[112.608776315,-7.41411563499995],[112.60879,-7.41414],[112.609,-7.41425],[112.60924,-7.41441],[112.6093,-7.41452],[112.60941,-7.41473],[112.60951,-7.41477],[112.61035,-7.41499],[112.61057,-7.41508],[112.61063,-7.41511],[112.61086,-7.41523],[112.61095,-7.41533],[112.61105,-7.41554],[112.61104061,-7.41559318999998],[112.61102,-7.41571],[112.61095,-7.41571],[112.61077,-7.41596],[112.61071,-7.41614],[112.61059,-7.41699],[112.61052,-7.41734],[112.61051,-7.41786],[112.61042,-7.41826],[112.61039,-7.41857],[112.61037,-7.41905],[112.61031,-7.41905],[112.60999,-7.41898],[112.60923,-7.41895],[112.6087,-7.41896],[112.60754,-7.41893],[112.606520497,-7.41893],[112.60651,-7.41893],[112.60575,-7.41891],[112.60514,-7.41889],[112.60379,-7.41886],[112.603115075,-7.41883840199995],[112.602702495,-7.41882519999997],[112.602545225,-7.41882016699998],[112.602496622,-7.41880264099998],[112.602436745,-7.41826825399993],[112.599919106,-7.41652929799995],[112.599764028,-7.41642218399992],[112.59992733,-7.41522925200001],[112.598263304843528,-7.415035121642497],[112.598261645,-7.41503492799998],[112.598030147,-7.41445834999996],[112.598027579,-7.41445195499993],[112.598016199,-7.41434663399998],[112.598004827,-7.41424138399997]]]]}},
{"type":"Feature","properties":{"kdkab":"15","kdkec":"170","nmkab":"SIDOARJO","nmkec":"KRIAN","kddesa":"017","kdprov":"35","nmdesa":"KRATON","nmprov":"JAWA TIMUR","iddesa":"3515170017"},"geometry":{"type":"MultiPolygon","coordinates":[[[[112.56034384,-7.41047910999994],[112.56034,-7.41047],[112.5603238,-7.41043220999993],[112.5601,-7.40991],[112.560041125,-7.40982168799998],[112.56004,-7.40982],[112.5600371,-7.40982112999998],[112.5599044,-7.40987272999998],[112.55986,-7.40989],[112.5597,-7.41006],[112.55944,-7.41035],[112.55925,-7.4106],[112.55904,-7.41078],[112.5588,-7.41086],[112.55878,-7.41078],[112.55875,-7.41073],[112.55868,-7.41048],[112.55862336,-7.41031714999998],[112.558568337,-7.41015897099994],[112.55856746,-7.41015644999992],[112.55852,-7.41002],[112.55841,-7.40976],[112.55840526,-7.40975208999992],[112.55838,-7.40971],[112.55831,-7.4093],[112.558283985625678,-7.409097665977398],[112.55822,-7.4086],[112.55799353,-7.40687317999991],[112.55799199,-7.40686143999994],[112.55798,-7.40677],[112.55797301,-7.40673759999994],[112.557972501,-7.40673523999994],[112.55787,-7.40626],[112.55772,-7.40522],[112.55766,-7.40482],[112.55763113,-7.40471413999996],[112.55763,-7.40471],[112.557678636,-7.40469731199996],[112.55784343,-7.40465431999994],[112.55786,-7.40465],[112.55808,-7.40461],[112.55853,-7.40465],[112.558656103,-7.40466681099997],[112.558958885,-7.40466258699998],[112.559774464,-7.40460922099996],[112.559900888,-7.40461006299996],[112.560179264,-7.40461191699996],[112.560767973,-7.40461583699991],[112.561748273,-7.40459482799998],[112.562316532,-7.40455939599996],[112.562607006,-7.40454128399995],[112.563086736,-7.40449391699996],[112.563227672,-7.40446000099993],[112.563335092,-7.40445420099998],[112.563432582,-7.40445826300001],[112.563513537,-7.40445837600001],[112.563916083,-7.40435120599995],[112.564057547,-7.40431053199996],[112.564203846,-7.4042684689999],[112.56434197,-7.404202421],[112.564418017,-7.40416698699993],[112.564519502,-7.40409335199996],[112.564790844,-7.40378180599995],[112.565614553,-7.40295784799996],[112.565728065,-7.40287776399992],[112.565765464,-7.40285290699997],[112.565792692,-7.40284719699997],[112.565809623,-7.40284364699993],[112.565922644,-7.4028607409999],[112.566403033,-7.402933398],[112.566487745,-7.40294620999992],[112.567041333,-7.40298231999997],[112.567361956,-7.40300847199995],[112.567711668,-7.40303699699995],[112.567872320796994,-7.40304981887335],[112.567949442,-7.40305597399993],[112.568378277,-7.40309020099997],[112.568618899,-7.40310110499997],[112.568838793,-7.40311106999996],[112.569273047,-7.40307847399993],[112.570326211,-7.40293303999991],[112.570410528,-7.40292139599992],[112.570694519,-7.40289834899994],[112.570814346,-7.40286987799994],[112.571408392,-7.40264881899998],[112.571791191,-7.40248042],[112.572057912,-7.40238333399998],[112.572167563,-7.40234136299992],[112.572269851,-7.40231802399994],[112.572630112,-7.402241535],[112.572739072,-7.40221221599996],[112.572827614,-7.40217568899991],[112.572887907,-7.40214523099995],[112.57303672,-7.40203687599996],[112.573113459,-7.40198878999993],[112.573191134,-7.40195141499996],[112.573281082,-7.40193095399997],[112.573350078,-7.40191772199997],[112.573363532,-7.40191403999995],[112.573466022,-7.40188599299996],[112.574318488,-7.40157577099996],[112.574928533,-7.40137309900001],[112.575109958,-7.40129381799994],[112.575453495,-7.40114369499998],[112.575647494,-7.40105836799997],[112.576413717,-7.40060057199998],[112.576426995,-7.40059263899995],[112.576674995,-7.40046661199993],[112.576806536,-7.40042812199992],[112.576831535,-7.40042714799994],[112.576917683,-7.40042379399996],[112.57721582,-7.40043908199992],[112.577301439,-7.400451378],[112.577536583,-7.40052793999998],[112.577906727,-7.40064665499997],[112.578252616,-7.40069374199993],[112.57867044,-7.40066969499996],[112.57867,-7.40067],[112.57868,-7.40078],[112.5788,-7.40191],[112.57885,-7.40217],[112.5789,-7.40232],[112.57907,-7.40245],[112.57904885,-7.40261213999996],[112.57905721,-7.40268402999995],[112.57905387,-7.40270943999997],[112.57905387,-7.40276926999997],[112.57904,-7.40285942],[112.57904,-7.40306],[112.57904,-7.40331],[112.57904,-7.40349],[112.57897343,-7.40362313999996],[112.578945526,-7.40548471200001],[112.57892189,-7.40706158999995],[112.57892074,-7.40713765999993],[112.57892901,-7.40714868999995],[112.57893329,-7.40727351999996],[112.578933369,-7.40727584199996],[112.57895713,-7.40797],[112.578951184,-7.40797],[112.57876,-7.40797],[112.57848015,-7.40797735999993],[112.57838,-7.40798],[112.57824502,-7.407989],[112.57823,-7.40799],[112.5782056,-7.40799],[112.57812,-7.40799],[112.578044532,-7.40800019699996],[112.57775263,-7.40803963999995],[112.57775,-7.40804],[112.57756356,-7.40807289999997],[112.577531391,-7.40807857699998],[112.57741,-7.4081],[112.57731076,-7.40811280499998],[112.5771,-7.40814],[112.57685634,-7.40815623999993],[112.5768,-7.40816],[112.576741072,-7.408162562],[112.57657,-7.40817],[112.57644,-7.4082],[112.57629,-7.40823],[112.57615,-7.40827],[112.57589,-7.40836],[112.57586738,-7.40837093999995],[112.57558,-7.40851],[112.57535,-7.40862],[112.575234458,-7.40868796599996],[112.57518,-7.40872],[112.57507333,-7.40879618999997],[112.57506798,-7.40879744999997],[112.57506726,-7.40879773999996],[112.57515382,-7.40905036999994],[112.575207191,-7.40924779799997],[112.5752975,-7.40958186999994],[112.575301233,-7.40959567999996],[112.574738033,-7.40955833399993],[112.574737347400998,-7.40955802004436],[112.574569862562996,-7.40958820617623],[112.574410819134002,-7.40954057179394],[112.574262204782002,-7.40947441293796],[112.574162693012241,-7.409314866009925],[112.57416761,-7.40929712099998],[112.57418613,-7.40918403199992],[112.57417,-7.40918],[112.574,-7.40898],[112.57387,-7.40883],[112.57375,-7.40876],[112.5736,-7.40874],[112.5734563,-7.40876693999995],[112.573454483,-7.40876728099994],[112.57344,-7.40877],[112.57342397,-7.40877753999994],[112.57327,-7.40885],[112.57313,-7.40894],[112.57298,-7.40907],[112.57275,-7.40919],[112.572694311,-7.40920265699998],[112.57253,-7.40924],[112.57221,-7.40918],[112.572086564,-7.409144731],[112.57206073,-7.40913734999997],[112.572,-7.40912],[112.57196263,-7.40910718999997],[112.57165,-7.409],[112.57159513,-7.40898254299996],[112.57155401,-7.40896945999998],[112.57153302,-7.40896277999996],[112.57143,-7.40893],[112.57121767,-7.40890549999993],[112.57117,-7.4089],[112.57098,-7.40891],[112.57093816,-7.40891677999997],[112.57082537,-7.40893506999992],[112.57061,-7.40897],[112.57039,-7.409],[112.570325,-7.40898522999995],[112.570298806,-7.40897927699995],[112.57029816,-7.40897912999996],[112.57019147,-7.40895487999997],[112.570190015,-7.40895561199992],[112.570142496,-7.40893089199993],[112.56983697,-7.40883173699998],[112.56961477,-7.40874910799995],[112.569478389,-7.40869255199994],[112.569267236,-7.40933629699992],[112.569266298,-7.40934003300001],[112.569265979,-7.40934012799992],[112.56917052,-7.40936851999993],[112.56848254,-7.40957145999994],[112.56836661,-7.40959911999994],[112.56799513,-7.40968775999993],[112.56743552,-7.40967540999996],[112.56735113,-7.4096666],[112.567262001,-7.40965729999996],[112.56690445,-7.40961998999998],[112.566684339508001,-7.40961121672096],[112.566594054682,-7.41020451700562],[112.566155345368728,-7.410142171172894],[112.566025041047993,-7.41013928420894],[112.565715819575004,-7.4101073957445],[112.565271313707001,-7.4100571472551],[112.564840670620882,-7.410016800197357],[112.564852726287967,-7.410153919311611],[112.56486132783678,-7.410311211950916],[112.56454708963831,-7.410356399003648],[112.562705659,-7.41086864899998],[112.562544293,-7.41090554100001],[112.560718639,-7.41136159799994],[112.56069,-7.41129],[112.56061,-7.41111],[112.56035347,-7.41050193999995],[112.56034384,-7.41047910999994]]]]}},
{"type":"Feature","properties":{"kdkab":"15","kdkec":"170","nmkab":"SIDOARJO","nmkec":"KRIAN","kddesa":"012","kdprov":"35","nmdesa":"PONOKAWAN","nmprov":"JAWA TIMUR","iddesa":"3515170012"},"geometry":{"type":"MultiPolygon","coordinates":[[[[112.59594836,-7.39806610999997],[112.595900857,-7.39807752899996],[112.59588101,-7.39808229999993],[112.59551667,-7.3981698499999],[112.59546774,-7.39818230999995],[112.595460231,-7.39818422099995],[112.59521768,-7.39824595999994],[112.59514855,-7.39826355000001],[112.59493543,-7.39827638999997],[112.59492784,-7.39828041999995],[112.59491471,-7.39827986999993],[112.59480762,-7.39829073999993],[112.59469468,-7.39827902999997],[112.59464851,-7.39828536999994],[112.59462524,-7.39827484999995],[112.59448134,-7.39825643999997],[112.59440225,-7.39825149999998],[112.59434,-7.39821],[112.594218057,-7.39813109599992],[112.59417,-7.3981],[112.59415842,-7.39808970999997],[112.5940988,-7.39803670999991],[112.59408,-7.39802],[112.59399,-7.39794],[112.59392,-7.39789],[112.59382,-7.39782],[112.59374,-7.39776],[112.59366,-7.39772],[112.59366,-7.39766],[112.59366,-7.39759],[112.5936689,-7.39719842999994],[112.59367,-7.39715],[112.59366832,-7.39705235999997],[112.59365,-7.39599],[112.59362,-7.39569],[112.59359,-7.39535],[112.59359,-7.39525],[112.59357,-7.39455],[112.59351,-7.3933],[112.593421847,-7.39183077699995],[112.59342,-7.3918],[112.59342,-7.39179166999996],[112.59342,-7.39152],[112.59341,-7.3911],[112.59340694,-7.39101134999992],[112.5934,-7.39081],[112.593400294,-7.39080990199996],[112.593405,-7.39080832999998],[112.59349,-7.39078],[112.59423,-7.39065],[112.59472,-7.3906],[112.594820741,-7.39058409399996],[112.5951,-7.39054],[112.595264004,-7.39051949899993],[112.59542,-7.3905],[112.59564,-7.39045],[112.596653481,-7.39030278799996],[112.59684465,-7.39027501999996],[112.59743,-7.39019],[112.59775,-7.39014],[112.59815,-7.39008],[112.59891,-7.38995],[112.59915,-7.38989],[112.59915782,-7.38988648000001],[112.59935,-7.3898],[112.59946275,-7.38971543999995],[112.599469915,-7.38971006399992],[112.59947,-7.38971],[112.59943,-7.38857],[112.59941,-7.38827],[112.60008,-7.38836],[112.601086727,-7.38853083899993],[112.601684859,-7.38863233999997],[112.60173,-7.38864],[112.60184,-7.38866],[112.6027,-7.38884],[112.60289246,-7.38888581999993],[112.60290923,-7.38888280999995],[112.60307345,-7.38885326999998],[112.60373009,-7.38900684999992],[112.60373665,-7.38904624999997],[112.60373906,-7.38906072999992],[112.60412,-7.38905],[112.60413,-7.38914],[112.60422,-7.38962],[112.60431,-7.39003],[112.6044,-7.39026],[112.60444,-7.39032],[112.60447,-7.39038],[112.60452423,-7.39044972999994],[112.60446338,-7.39048197999992],[112.60430939,-7.39057660999989],[112.60409927,-7.39064557999993],[112.60381291,-7.39083946999995],[112.60381376,-7.39082683999992],[112.603561388,-7.39099448999997],[112.60347912,-7.39104913999995],[112.603478554,-7.39105229099994],[112.603474545,-7.39105136599996],[112.603205322,-7.39123872499997],[112.602712927,-7.39397298099991],[112.602712368,-7.39397330899994],[112.602712703,-7.39397345699995],[112.602522977,-7.39502038799995],[112.602496499,-7.39516649899997],[112.60244,-7.39511],[112.60235,-7.39503],[112.60232922,-7.39502257999996],[112.60221,-7.39498],[112.60206,-7.39496],[112.601977344,-7.39494872999997],[112.60196847,-7.39494751999994],[112.60184,-7.39493],[112.60159,-7.39496],[112.60153036,-7.39497555999996],[112.60136,-7.39502],[112.601,-7.39512],[112.6009895,-7.39512224999993],[112.600978206,-7.39512466899993],[112.60097008,-7.39512640999994],[112.60087296,-7.39514721999996],[112.60083571,-7.3951552],[112.600807983,-7.39516114299993],[112.60072,-7.39518],[112.600531188,-7.39526653899996],[112.60048,-7.39529],[112.60029,-7.39536],[112.60022879,-7.39539366999998],[112.600205,-7.39540674999995],[112.60009,-7.39547],[112.59987,-7.39559],[112.59965441,-7.39577746999995],[112.59964,-7.39579],[112.5993,-7.39608],[112.59919747,-7.39615975],[112.59914377,-7.39615603999994],[112.59906714,-7.39623629999992],[112.59897421,-7.39633362999998],[112.59888123,-7.39640044],[112.59886494,-7.39642451999991],[112.59864698,-7.39639659999995],[112.59851999,-7.39638938999997],[112.59808676,-7.39639208999993],[112.597848151,-7.39640732799997],[112.59783277,-7.39640831000001],[112.59779777,-7.39641136999998],[112.5975838,-7.39643008999996],[112.59757959,-7.39643235999992],[112.59740041,-7.39654504999994],[112.59736217,-7.39660419999996],[112.597273265,-7.39669778999996],[112.597274627,-7.39741498299997],[112.597120671,-7.39753449099993],[112.59708972,-7.39755851099995],[112.597017359,-7.39762740799994],[112.596927623,-7.39770204400001],[112.596859598,-7.39776089199997],[112.596816177,-7.39779820999995],[112.596740914,-7.39784701099997],[112.596694599,-7.39788576399997],[112.596646836,-7.39791303499993],[112.596625126,-7.39792738800001],[112.596586047,-7.39794604699992],[112.596538285,-7.39796326999989],[112.59649993,-7.39797582899994],[112.596460563,-7.39798638099997],[112.59646038,-7.39798578999996],[112.59638494,-7.39799762999996],[112.596277138,-7.39801454099997],[112.596231637,-7.39802167899994],[112.59620562,-7.39802575999993],[112.59594836,-7.39806610999997]]]]}},
{"type":"Feature","properties":{"kdkab":"15","kdkec":"170","nmkab":"SIDOARJO","nmkec":"KRIAN","kddesa":"013","kdprov":"35","nmdesa":"KEMASAN","nmprov":"JAWA TIMUR","iddesa":"3515170013"},"geometry":{"type":"MultiPolygon","coordinates":[[[[112.588813016076557,-7.407649079410212],[112.588829453605854,-7.407582860213184],[112.58886598832683,-7.407544777307861],[112.588878083674018,-7.407420202924646],[112.588883098147804,-7.407212450486814],[112.588876564689173,-7.406972578713779],[112.58892023,-7.40683417999996],[112.58905399,-7.40655471999996],[112.58935852,-7.40614309999995],[112.589418065,-7.406071496],[112.5896229,-7.40582517999996],[112.58975006,-7.40565785999998],[112.589748367,-7.40565639999992],[112.589732083,-7.40559950299994],[112.589546241,-7.40495017399993],[112.589882721,-7.40494080199996],[112.589882721,-7.404893805],[112.589882721,-7.40410509699996],[112.589421479,-7.40463149699998],[112.589221103,-7.40453401899991],[112.589342084,-7.40385917199997],[112.589418986,-7.40335394999993],[112.589432821,-7.40326305599994],[112.589456355809631,-7.40305611897323],[112.589477865774214,-7.402866986017233],[112.589480197,-7.40284648799997],[112.588571138,-7.40295075599992],[112.588561375,-7.402951876],[112.588560127,-7.40295279699998],[112.58856,-7.40295],[112.58847,-7.40295],[112.58815,-7.40296],[112.58775,-7.40291],[112.587617826,-7.40284391299993],[112.58761,-7.40284],[112.587597747,-7.40283591699996],[112.58758848,-7.40283282999995],[112.58750591,-7.40280529999995],[112.58737,-7.40276],[112.58721807,-7.40273946999996],[112.587209818,-7.40273835499994],[112.587,-7.40271],[112.58671,-7.40265],[112.58636,-7.40255],[112.58632145,-7.40251626999997],[112.58628,-7.40248],[112.586279696,-7.40247542599995],[112.5862792,-7.40246794999995],[112.58627,-7.40233],[112.58626,-7.40208],[112.58623,-7.40181],[112.58624,-7.40155],[112.58629,-7.40132],[112.58634,-7.4012],[112.58639,-7.4011],[112.58646,-7.40102],[112.5866,-7.40086],[112.58666,-7.40077],[112.5868,-7.40061],[112.58695,-7.40038],[112.58709,-7.40016],[112.58722,-7.3999],[112.58730557,-7.39975219999998],[112.58733,-7.39971],[112.58747,-7.39941],[112.587499523,-7.39933830099995],[112.58754,-7.39924],[112.58761,-7.39908],[112.58768,-7.39897],[112.58768714,-7.39896285999992],[112.587689677,-7.39896032299992],[112.58775,-7.3989],[112.58785,-7.39884],[112.58792717,-7.39880491999997],[112.58796,-7.39879],[112.588051964,-7.39877275699998],[112.58812,-7.39876],[112.5885,-7.39873],[112.58859598,-7.39872314399996],[112.58864,-7.39872],[112.58874,-7.39868],[112.58882,-7.39862],[112.5889,-7.39856],[112.589,-7.39847],[112.58915,-7.39835],[112.58929,-7.39826],[112.589391645,-7.398224424],[112.58949,-7.39819],[112.58972,-7.39812],[112.5899,-7.3981],[112.59,-7.3981],[112.59011,-7.3981],[112.59023,-7.39813],[112.59035,-7.39819],[112.59051,-7.39829],[112.5907,-7.3984],[112.5909,-7.39849],[112.59101096,-7.39852263999996],[112.59107,-7.39854],[112.59118,-7.39857],[112.59129,-7.39857],[112.59141,-7.39853],[112.5915,-7.39848],[112.59152651,-7.39845727999996],[112.59153767,-7.39844771],[112.59157,-7.39842],[112.59163,-7.39835],[112.59169,-7.39823],[112.59169307,-7.39822201999996],[112.59170885,-7.39818099099994],[112.59174,-7.3981],[112.59179,-7.39798],[112.59184,-7.39785],[112.59189,-7.39778],[112.59197,-7.39773],[112.59203,-7.39769],[112.59216,-7.39766],[112.59232,-7.39762],[112.59249,-7.39759],[112.59249606,-7.39758928999991],[112.59262447,-7.39757417999993],[112.59266,-7.39757],[112.59278,-7.39755],[112.59296,-7.39754],[112.59314,-7.39755],[112.593198861,-7.39756103599995],[112.5933,-7.39758],[112.59342,-7.39762],[112.59356,-7.39766],[112.59366,-7.39772],[112.59374,-7.39776],[112.59382,-7.39782],[112.59392,-7.39789],[112.59399,-7.39794],[112.59408,-7.39802],[112.5940988,-7.39803670999991],[112.59415842,-7.39808970999997],[112.59417,-7.3981],[112.594218057,-7.39813109599992],[112.59434,-7.39821],[112.59440225,-7.39825149999998],[112.59448134,-7.39825643999997],[112.59462524,-7.39827484999995],[112.59464851,-7.39828536999994],[112.59469468,-7.39827902999997],[112.59480762,-7.39829073999993],[112.59491471,-7.39827986999993],[112.59492784,-7.39828041999995],[112.59493543,-7.39827638999997],[112.59514855,-7.39826355000001],[112.59521768,-7.39824595999994],[112.595460231,-7.39818422099995],[112.59546774,-7.39818230999995],[112.59551667,-7.3981698499999],[112.59588101,-7.39808229999993],[112.595900857,-7.39807752899996],[112.59594836,-7.39806610999997],[112.59620562,-7.39802575999993],[112.596231637,-7.39802167899994],[112.596277138,-7.39801454099997],[112.59638494,-7.39799762999996],[112.59646038,-7.39798578999996],[112.596460563,-7.39798638099997],[112.59647823,-7.39804352999996],[112.59650505,-7.39813031999997],[112.59657416,-7.39835390999994],[112.596696,-7.39860656999997],[112.5968,-7.39877],[112.59696,-7.39908],[112.59701,-7.39917],[112.59702575,-7.39920149999996],[112.597035539,-7.39922107799991],[112.597035556,-7.39922111199996],[112.59704,-7.39923],[112.59709,-7.39943],[112.59709783,-7.39946655999993],[112.59721,-7.39999],[112.59723,-7.40006],[112.59729372,-7.40031862999995],[112.5974,-7.40075],[112.597407666,-7.40076430699997],[112.597431221696553,-7.400914991320181],[112.597464214111852,-7.400967473136602],[112.597510467254438,-7.400983531137051],[112.597538425,-7.40103264999994],[112.59767148,-7.40163269999995],[112.59773172,-7.40211458999994],[112.59774257,-7.40250525999994],[112.59772502,-7.40257640999997],[112.59765475,-7.40302483999996],[112.59768116,-7.40336824999998],[112.59768654,-7.40345988999996],[112.59768077,-7.40349386999997],[112.59766419,-7.40358921999995],[112.597655504,-7.40363264699996],[112.597655456,-7.403632885],[112.59758363,-7.40399197999992],[112.59747989,-7.40454080999994],[112.59726571,-7.40604339999993],[112.597248028,-7.406201445],[112.59721217,-7.40652194999995],[112.59720213,-7.40672274000001],[112.597134309,-7.40703302299996],[112.597102916,-7.40717664700001],[112.597095895,-7.40720876799997],[112.59709514,-7.40721221999994],[112.5970055,-7.40721778999995],[112.59699895,-7.40724912999997],[112.59699,-7.40725],[112.596886601,-7.40724616999996],[112.59645,-7.40723],[112.596167441,-7.40725568699997],[112.5959,-7.40728],[112.595439665,-7.40734079899993],[112.59537,-7.40735],[112.595198377,-7.40735612899994],[112.59509,-7.40736],[112.594736431,-7.407402428],[112.594649850204149,-7.407412817680656],[112.593802938,-7.40751444699993],[112.59359,-7.40754],[112.593358289690372,-7.40756574558996],[112.59278,-7.40763],[112.59275144,-7.40763380999993],[112.59263,-7.40765],[112.59234,-7.40769],[112.59153,-7.40779],[112.59138,-7.4078],[112.58973,-7.40796],[112.58934,-7.40801],[112.58925,-7.40803],[112.58923785,-7.40804484999996],[112.58894793,-7.40803356999991],[112.58893,-7.40791587299995],[112.588924274462741,-7.40779486023249],[112.588848740306091,-7.407796627356005],[112.588819277307351,-7.407764137156438],[112.588813016076557,-7.407649079410212]]]]}},
{"type":"Feature","properties":{"kdkab":"15","kdkec":"170","nmkab":"SIDOARJO","nmkec":"KRIAN","kddesa":"010","kdprov":"35","nmdesa":"JATIKALANG","nmprov":"JAWA TIMUR","iddesa":"3515170010"},"geometry":{"type":"MultiPolygon","coordinates":[[[[112.62367,-7.39348],[112.62358,-7.39351],[112.62346,-7.39357],[112.6233,-7.3937],[112.62315,-7.39378],[112.62303,-7.39386],[112.6229,-7.39391],[112.62275,-7.39394],[112.62261,-7.39393],[112.62248,-7.39391],[112.62234,-7.39385],[112.62207,-7.39371],[112.62188,-7.39361],[112.621742821,-7.39355120899997],[112.62174,-7.39355],[112.62163,-7.39349],[112.62149,-7.39343],[112.62138,-7.39341],[112.62119,-7.39337],[112.62088,-7.39331],[112.62064,-7.39326],[112.62037,-7.39323],[112.62024,-7.3932],[112.62007,-7.39315],[112.61998,-7.39312],[112.61988,-7.39309],[112.61989,-7.39301],[112.61991,-7.39294],[112.61996,-7.39269],[112.62003,-7.39245],[112.620033323513169,-7.392435923704341],[112.62019298,-7.39175971999995],[112.620195555,-7.39174881899991],[112.6202,-7.39173],[112.62021689,-7.39162862999996],[112.62022,-7.39161],[112.62039225,-7.39083031999993],[112.62039812,-7.39080376999995],[112.620399224,-7.39077405599993],[112.62039984,-7.39075747999992],[112.62040201,-7.39069953999996],[112.62041733,-7.39063709999995],[112.62041822,-7.39061307999998],[112.62048847,-7.39032485999995],[112.62061276,-7.38989433999996],[112.620614423,-7.38989310799994],[112.62064441,-7.38987089999995],[112.62064794,-7.38985560999994],[112.62067,-7.38976],[112.620720603,-7.38956264199992],[112.6207353,-7.38950531999995],[112.62075772,-7.38941789999998],[112.620771131224302,-7.389365595519149],[112.620854591,-7.38904009799996],[112.620867545856413,-7.388989571621855],[112.62087,-7.38898],[112.620904536,-7.38885284299994],[112.621008701102951,-7.388469326324022],[112.62103337,-7.38837849999994],[112.62105047,-7.38831553999996],[112.621199856,-7.38776553099996],[112.62131,-7.38736],[112.62134,-7.38725],[112.621443254,-7.38688391699996],[112.621444448,-7.38687968499992],[112.62145,-7.38686],[112.62149656,-7.38663652999998],[112.6215,-7.38662],[112.62183,-7.38551],[112.62206,-7.38464],[112.6220843,-7.38455493999992],[112.62225253,-7.38383529999993],[112.62247343,-7.3830373399999],[112.62250393,-7.38291731999994],[112.622528,-7.38282259999996],[112.62259291,-7.38264285999998],[112.62263662,-7.38246070999996],[112.62265602,-7.38240391999994],[112.62280705,-7.38184263999993],[112.622834697,-7.38173995299995],[112.625465798,-7.38173278499994],[112.62561646,-7.38060470999994],[112.625700273,-7.379949731],[112.625700327,-7.3799497599999],[112.625728807,-7.37975862299994],[112.62572946,-7.379758533],[112.626123494,-7.38018032399996],[112.626131118,-7.38018663799994],[112.62686,-7.38059],[112.62731,-7.38084],[112.6274,-7.38091],[112.62748,-7.38097],[112.628,-7.38135],[112.62807739,-7.38141305999992],[112.62807743,-7.38141209999998],[112.62807909,-7.38140751999993],[112.628263111,-7.38149515299993],[112.628249091,-7.38162081499996],[112.628249456,-7.38162082499996],[112.628221789,-7.38167961899996],[112.628199737,-7.38174262400001],[112.628174535,-7.38186758299998],[112.628158784,-7.38212905099996],[112.628126232,-7.38284415199997],[112.628113631,-7.38343849399994],[112.62811289,-7.38350371199995],[112.628112887,-7.38350398499995],[112.628107419,-7.383985185],[112.628107331,-7.38399293299996],[112.62810549,-7.384257315],[112.628103248,-7.38457921799994],[112.628101065,-7.38489277699996],[112.628098072,-7.38532273999991],[112.62809469,-7.38580837699993],[112.62809098,-7.38634121399997],[112.628090529,-7.38640600499997],[112.62809683,-7.38666852299996],[112.62809473,-7.38686593699992],[112.628079684,-7.38737373799996],[112.63040183,-7.38796145000001],[112.630518083,-7.38799086899997],[112.63053413,-7.38799492999992],[112.63113539,-7.38814709999995],[112.63119316,-7.38816668999993],[112.63121201,-7.38817307999996],[112.6312411,-7.38818293999995],[112.631243585,-7.38818378299995],[112.63151989,-7.38827747299994],[112.631376404,-7.38875052899996],[112.631274043,-7.388988733],[112.631259814,-7.38902184499992],[112.631180484,-7.389312993],[112.631072442,-7.38963885099994],[112.631061636,-7.38966873499994],[112.631083791,-7.38966960699996],[112.631223228,-7.3897000379999],[112.631316987,-7.38973624299997],[112.631410812,-7.38975290299997],[112.631581516,-7.38977526999997],[112.631687084,-7.38979568599995],[112.631758589,-7.38980951399996],[112.631827272,-7.38982304499998],[112.631874956,-7.38984018799994],[112.631916668,-7.3898702889999],[112.63192958,-7.38988200899998],[112.632025568,-7.38996914099995],[112.632409873,-7.39033911199994],[112.632410068,-7.39034047499996],[112.63243,-7.39048],[112.63247,-7.39063],[112.6325,-7.39097],[112.63248458,-7.39107025999993],[112.63248,-7.3911],[112.632477742,-7.39112029299994],[112.63247687,-7.39112812999997],[112.63246,-7.39128],[112.63239,-7.39147],[112.63234652,-7.39162943000001],[112.63233,-7.39169],[112.6322,-7.39201],[112.63204,-7.39233],[112.63135,-7.39294],[112.63087,-7.39328],[112.63068,-7.39345],[112.630667116,-7.39346803699994],[112.63063,-7.39352],[112.63062,-7.39363],[112.63068,-7.39382],[112.63069,-7.39389],[112.63068,-7.39397],[112.630303912,-7.39403400999992],[112.63028611,-7.39403703999996],[112.63021,-7.39405],[112.62961,-7.39415],[112.62907,-7.39423],[112.62896,-7.39425],[112.62884,-7.39426],[112.62846,-7.39418],[112.62819,-7.39409],[112.62792,-7.3941],[112.62758,-7.39414],[112.62757622,-7.39414044999996],[112.627521688,-7.39414686399993],[112.62751373,-7.39414779999993],[112.627422328,-7.39415855499995],[112.627413744,-7.39415956499994],[112.62739432,-7.39416184999993],[112.62734752,-7.39416734999995],[112.62724,-7.39418],[112.62694,-7.39413],[112.62673,-7.39409],[112.626594356,-7.39408125199998],[112.62646781,-7.39407308999995],[112.62642,-7.39407],[112.62639515,-7.39407247999997],[112.6262289,-7.39404668999991],[112.6259551,-7.39405929999997],[112.62588425,-7.39409248999992],[112.62575695,-7.39408091],[112.62568982,-7.39410543999997],[112.62565238,-7.39408067999997],[112.62550836,-7.39398543999994],[112.62519133,-7.39388456999992],[112.625065325,-7.39382318399996],[112.624969785073276,-7.393776639681844],[112.62491032,-7.39374766999993],[112.62436271,-7.39363237999994],[112.62397362,-7.39345584999995],[112.62385729,-7.39348218999995],[112.62385,-7.39348],[112.62377,-7.39347],[112.62374515,-7.39347247999994],[112.623730435,-7.39347395199996],[112.62367,-7.39348]]]]}},
{"type":"Feature","properties":{"kdkab":"15","kdkec":"170","nmkab":"SIDOARJO","nmkec":"KRIAN","kddesa":"015","kdprov":"35","nmdesa":"TAMBAK KEMERAKAN","nmprov":"JAWA TIMUR","iddesa":"3515170015"},"geometry":{"type":"MultiPolygon","coordinates":[[[[112.585288037724865,-7.408906848377838],[112.58507248260247,-7.409305568543992],[112.584426148,-7.40893669599994],[112.584348233,-7.40906693299996],[112.58432373,-7.40911333999998],[112.584211377,-7.40911773399995],[112.58420534,-7.40911796999996],[112.584198209,-7.40911824799997],[112.584099226,-7.40912211099992],[112.58409746,-7.40912217999993],[112.583871006,-7.40913102399998],[112.58386856,-7.40913111999992],[112.58315808,-7.40915886200001],[112.58315147,-7.40915912000001],[112.58315102,-7.40905678999993],[112.583081629480517,-7.408719496048359],[112.583081626480521,-7.408718785048359],[112.583166852,-7.40868177899998],[112.583128546,-7.40847367899993],[112.583151661,-7.40818078499996],[112.582947223150995,-7.408163329132674],[112.58270819,-7.40817538999993],[112.582169792,-7.40816637499995],[112.58216292,-7.40816626],[112.5821624,-7.40816156999996],[112.58216,-7.40814],[112.582143952,-7.40805058800001],[112.582142391,-7.40801343299997],[112.582136836,-7.40795628099996],[112.582119476,-7.40781649899994],[112.582113227,-7.40775108399998],[112.582079603,-7.40725795799996],[112.58207730928396,-7.407224318268731],[112.582060454,-7.40697711799991],[112.581955951,-7.40696536599998],[112.581908806,-7.40676799499991],[112.581517529,-7.4065995409999],[112.58146766,-7.40642645499998],[112.581517881,-7.40639408399994],[112.581442613,-7.40619504399995],[112.58144094,-7.40619439999998],[112.581435609,-7.40617640999995],[112.58139955,-7.40605472999994],[112.58133,-7.40582],[112.581305215,-7.40575183999993],[112.58129,-7.40571],[112.58121693,-7.40551513999998],[112.5812,-7.40547],[112.581170217,-7.40541044399993],[112.58116883,-7.40540766999996],[112.58108,-7.40523],[112.58087518,-7.40483011999995],[112.58066,-7.40441],[112.58022,-7.40351],[112.58004,-7.40324],[112.57989,-7.40303],[112.5797,-7.40279],[112.57939,-7.40254],[112.57923,-7.40251],[112.57907,-7.40245],[112.5789,-7.40232],[112.57885,-7.40217],[112.5788,-7.40191],[112.57868,-7.40078],[112.57867,-7.40067],[112.57867044,-7.40066969499996],[112.5788,-7.40058],[112.578800569,-7.40057857899998],[112.5788119,-7.40055025999994],[112.57881368,-7.40054581999996],[112.57884027,-7.40047931999996],[112.57886,-7.40043],[112.57887,-7.40024],[112.57883,-7.40009],[112.57879,-7.39992],[112.57882,-7.39975],[112.5789,-7.39946],[112.57911,-7.39907],[112.57926,-7.39862],[112.57926,-7.39834],[112.57923,-7.39825],[112.5792,-7.39809],[112.57923,-7.3976],[112.57934,-7.39727],[112.57959,-7.39646],[112.579595917,-7.39643751699996],[112.57966134,-7.39618890999997],[112.57969,-7.39608],[112.57972209,-7.39583931999991],[112.57980448,-7.39586349999995],[112.57993455,-7.39590167999994],[112.58024964,-7.39578244999995],[112.58033775,-7.39560496999996],[112.58038533,-7.39512251000001],[112.58042526,-7.39463],[112.58045,-7.39463],[112.58097187,-7.39459424999994],[112.58118,-7.39458],[112.58174,-7.39454],[112.58218,-7.39451],[112.58269,-7.39446],[112.5831698,-7.39444223],[112.58317269,-7.39444211999992],[112.5831924,-7.39444138999995],[112.583193842,-7.39444134299991],[112.58319394,-7.39444133999998],[112.58319598,-7.39449845999997],[112.58326854,-7.39481808999997],[112.58332324,-7.39505906999994],[112.58349342,-7.39569337999995],[112.58351241,-7.3957641399999],[112.58367438,-7.39624749999997],[112.58371688,-7.39643998999996],[112.583744387,-7.39656457699995],[112.58375,-7.39659],[112.58386,-7.39707],[112.58402,-7.39775],[112.58411,-7.39816],[112.58415,-7.39833],[112.58428,-7.39892],[112.58432,-7.39908],[112.5844,-7.3994],[112.584402494,-7.39941080899994],[112.58442862,-7.39952402999993],[112.58446,-7.39966],[112.58452,-7.39993],[112.58454,-7.40002],[112.5845898,-7.40018930999996],[112.584659637,-7.40042677399993],[112.58466215,-7.40043531999992],[112.58478089,-7.40048928999993],[112.58497424,-7.40054752999991],[112.58512911,-7.40058726999996],[112.58538,-7.40062],[112.58545243,-7.40062748999995],[112.58567,-7.40065],[112.585806502,-7.40066437099994],[112.58581238,-7.40066498999995],[112.58586,-7.40067],[112.585921526515648,-7.400676152807386],[112.585978437,-7.40068184399995],[112.58616,-7.4007],[112.58651,-7.40075],[112.58659,-7.40076],[112.58666,-7.40077],[112.5866,-7.40086],[112.58646,-7.40102],[112.58639,-7.4011],[112.58634,-7.4012],[112.58629,-7.40132],[112.58624,-7.40155],[112.58623,-7.40181],[112.58626,-7.40208],[112.58627,-7.40233],[112.5862792,-7.40246794999995],[112.586279696,-7.40247542599995],[112.58628,-7.40248],[112.58632145,-7.40251626999997],[112.58636,-7.40255],[112.58671,-7.40265],[112.587,-7.40271],[112.587209818,-7.40273835499994],[112.58721807,-7.40273946999996],[112.58737,-7.40276],[112.58750591,-7.40280529999995],[112.58758848,-7.40283282999995],[112.587597747,-7.40283591699996],[112.58761,-7.40284],[112.587617826,-7.40284391299993],[112.58775,-7.40291],[112.58815,-7.40296],[112.58847,-7.40295],[112.58856,-7.40295],[112.588560127,-7.40295279699998],[112.588561375,-7.402951876],[112.588571138,-7.40295075599992],[112.589480197,-7.40284648799997],[112.589477865774214,-7.402866986017233],[112.589456355809631,-7.40305611897323],[112.589432821,-7.40326305599994],[112.589418986,-7.40335394999993],[112.589342084,-7.40385917199997],[112.589221103,-7.40453401899991],[112.589421479,-7.40463149699998],[112.589882721,-7.40410509699996],[112.589882721,-7.404893805],[112.589882721,-7.40494080199996],[112.589546241,-7.40495017399993],[112.589732083,-7.40559950299994],[112.589748367,-7.40565639999992],[112.58975006,-7.40565785999998],[112.5896229,-7.40582517999996],[112.589418065,-7.406071496],[112.58935852,-7.40614309999995],[112.58905399,-7.40655471999996],[112.58892023,-7.40683417999996],[112.588876564689173,-7.406972578713779],[112.588883098147804,-7.407212450486814],[112.588878083674018,-7.407420202924646],[112.58886598832683,-7.407544777307861],[112.588829453605854,-7.407582860213184],[112.588813016076557,-7.407649079410212],[112.588638956860308,-7.407678066736739],[112.588486927090472,-7.40770471730794],[112.588396215570071,-7.407740568549829],[112.587896708927062,-7.408120506526488],[112.58783060961315,-7.408185257334061],[112.587617621721677,-7.408431850278769],[112.585475021215316,-7.408547506047443],[112.585413855498615,-7.408617534294021],[112.585288037724865,-7.408906848377838]]]]}}
]
}
