{"type":"FeatureCollection", "features": [
{"type":"Feature","geometry":{"type":"Polygon","coordinates":[[[112.73292096431203,-7.489004821559689],[112.73192096431198,-7.488914821559703],[112.73055096431196,-7.488734821559731],[112.730250964312,-7.48861482155975],[112.73011096431198,-7.488464821559685],[112.73033096431196,-7.486814821559765],[112.73033096431196,-7.485724821559728],[112.73030096431197,-7.485634821559742],[112.73027096431207,-7.485534821559728],[112.73019096431202,-7.485344821559728],[112.7288609643121,-7.48602482155977],[112.7283209643121,-7.48640482155977],[112.72792096431205,-7.486704821559723],[112.72757096431204,-7.4869548215597135],[112.727460964312,-7.487044821559699],[112.727300964312,-7.4877548215597365],[112.72711096431209,-7.488584821559666],[112.72751096431205,-7.488684821559769],[112.72711096431209,-7.489554821559722],[112.72728096431194,-7.489694821559759],[112.727460964312,-7.489854821559764],[112.72755096431199,-7.4899348215597215],[112.72761096431206,-7.489984821559773],[112.727710964312,-7.490054821559703],[112.72782096431195,-7.490124821559721],[112.72774096431208,-7.490694821559721],[112.72759096431201,-7.491484821559716],[112.72755096431199,-7.491694821559772],[112.72728096431194,-7.492144821559791],[112.72696096431193,-7.492644821559772],[112.72644096431208,-7.493374821559687],[112.72622096431199,-7.493714821559664],[112.725780964312,-7.494304821559719],[112.7255309643121,-7.494774821559705],[112.72509096431202,-7.495854821559714],[112.72492096431198,-7.4962848215596765],[112.72475096431195,-7.496474821559765],[112.72439096431201,-7.496874821559732],[112.72409096431205,-7.497254821559732],[112.72365096431206,-7.4978948215597505],[112.72301096431204,-7.498604821559699],[112.722520964312,-7.498964821559731],[112.72203096431205,-7.499234821559689],[112.72179096431191,-7.499444821559745],[112.72161096431194,-7.499624821559717],[112.721380964312,-7.499904821559703],[112.72124096431196,-7.500114821559759],[112.72110096431201,-7.500324821559726],[112.720940964312,-7.5005748215597166],[112.72104096431202,-7.500544821559721],[112.72114096431204,-7.5005748215597166],[112.72222096431196,-7.500854821559702],[112.72294096431203,-7.500924821559721],[112.72349096431196,-7.500954821559716],[112.72397096431199,-7.500954821559716],[112.72444096431197,-7.500984821559712],[112.72481096431203,-7.500984821559712],[112.72508096431207,-7.501004821559679],[112.72555096431198,-7.501024821559735],[112.72612096431206,-7.50105482155973],[112.72644096431208,-7.501034821559674],[112.72699096431201,-7.501014821559707],[112.72712096431202,-7.50099482155974],[112.72720096431208,-7.500984821559712],[112.72735096431205,-7.500964821559744],[112.72760096431203,-7.500904821559754],[112.72823096431203,-7.500834821559735],[112.72896096431204,-7.500814821559768],[112.729550964312,-7.50080482155974],[112.730090964312,-7.500824821559707],[112.730690964312,-7.500854821559702],[112.73110096431199,-7.500894821559726],[112.73144096431206,-7.500944821559688],[112.731800964312,-7.501214821559735],[112.73225096431202,-7.501584821559707],[112.73268096431198,-7.501914821559655],[112.73304096431193,-7.5021648215597345],[112.73347096431198,-7.502464821559688],[112.73399096431193,-7.502844821559776],[112.73456096431201,-7.503214821559748],[112.73517096431203,-7.503624821559654],[112.73559096431197,-7.503924821559696],[112.73612096431204,-7.503634821559771],[112.73660096431196,-7.503324821559701],[112.73717096431196,-7.502944821559701],[112.73765096431207,-7.502724821559706],[112.73833096431201,-7.502284821559716],[112.73885096431196,-7.501934821559711],[112.73970096431195,-7.5014648215597255],[112.74020096431194,-7.501154821559744],[112.74063096431199,-7.500854821559702],[112.74097096431196,-7.5006548215596744],[112.74131096431202,-7.500444821559707],[112.74124096431191,-7.500344821559693],[112.74116096431204,-7.50023482155974],[112.74109096431204,-7.500144821559754],[112.74098096431207,-7.500064821559707],[112.74071096431203,-7.499884821559736],[112.73923096431206,-7.499234821559689],[112.73906096431202,-7.499114821559708],[112.73876096431198,-7.498724821559769],[112.73863096431197,-7.498544821559708],[112.73817096431202,-7.49796482155968],[112.73798096431202,-7.4977948215597365],[112.73756096431208,-7.49752482155969],[112.73733096431205,-7.497394821559769],[112.73653096431204,-7.496584821559718],[112.73629096431208,-7.496354821559784],[112.73527096431205,-7.495644821559747],[112.73498096431194,-7.495444821559719],[112.73455096431199,-7.4951048215597424],[112.734300964312,-7.4949048215597145],[112.73398096431198,-7.494694821559747],[112.73327096431196,-7.49436482155971],[112.73279096431203,-7.4942148215597335],[112.73290096431198,-7.494024821559734],[112.73298096431202,-7.493674821559729],[112.73306096431207,-7.493384821559715],[112.73319096431209,-7.493054821559767],[112.73333096431203,-7.492844821559711],[112.73337096431206,-7.492794821559659],[112.73344096431198,-7.4927148215597015],[112.73363096431198,-7.492584821559692],[112.73332096431209,-7.491834821559721],[112.73331096431197,-7.4914248215597254],[112.73331096431197,-7.491194821559702],[112.73331096431197,-7.490774821559768],[112.733130964312,-7.49038482155974],[112.73294096431201,-7.490174821559684],[112.73280096431196,-7.4899448215597495],[112.73278096431208,-7.489694821559759],[112.73292096431203,-7.489004821559689]]]},"properties":{"KDPPUM":"","NAMOBJ":"Balongdowo","REMARK":"","KDPBPS":"","FCODE":"BA03060060","LUASWH":0,"UUPP":"","SRS_ID":"SRGI 2013","LCODE":"","METADATA":"","KDEBPS":"","KDEPUM":"","KDCBPS":"","KDCPUM":"","KDBBPS":"","KDBPUM":"","WADMKD":"Balongdowo","WIADKD":"","WADMKC":"Candi","WIADKC":"","WADMKK":"Sidoarjo","WIADKK":"","WADMPR":"Jawa Timur","WIADPR":"","TIPADM":0,"SHAPE_Leng":0.0648041513,"SHAPE_Area":0.0001472655}},
{"type":"Feature","geometry":{"type":"Polygon","coordinates":[[[112.72097189730509,-7.5006699999999515],[112.7211318973051,-7.500419999999961],[112.72127189730504,-7.500209999999994],[112.72141189730509,-7.499999999999938],[112.72164189730502,-7.499719999999952],[112.72182189730499,-7.49953999999998],[112.72206189730514,-7.499329999999924],[112.72255189730508,-7.499059999999966],[112.72304189730512,-7.498699999999934],[112.72368189730514,-7.4979899999999855],[112.72412189730514,-7.497349999999967],[112.72442189730509,-7.496969999999967],[112.72478189730504,-7.49657],[112.72495189730506,-7.4963799999999114],[112.7251218973051,-7.495949999999949],[112.72556189730518,-7.49486999999994],[112.72581189730508,-7.494399999999954],[112.72625189730508,-7.493809999999899],[112.72647189730516,-7.493469999999922],[112.72699189730501,-7.492740000000007],[112.72731189730503,-7.4922400000000255],[112.72758189730507,-7.491790000000007],[112.7276218973051,-7.491579999999951],[112.72777189730516,-7.490789999999956],[112.72785189730503,-7.490219999999956],[112.72774189730508,-7.490149999999938],[112.72764189730515,-7.490080000000008],[112.72758189730507,-7.4900299999999564],[112.72749189730509,-7.4899499999999986],[112.72731189730503,-7.489789999999994],[112.72714189730517,-7.489649999999957],[112.72695189730509,-7.49006999999998],[112.72681189730504,-7.490499999999942],[112.72671189730512,-7.490780000000017],[112.72665189730513,-7.490939999999933],[112.72658189730511,-7.491139999999961],[112.72643189730513,-7.491579999999951],[112.72628189730516,-7.4920299999999695],[112.7260718973051,-7.492629999999965],[112.72572189730509,-7.492459999999932],[112.72564189730505,-7.492419999999997],[112.72465189730502,-7.491979999999918],[112.724611897305,-7.49189999999996],[112.7245518973051,-7.491889999999932],[112.72446189730512,-7.491859999999937],[112.72430189730511,-7.491820000000002],[112.72431189730514,-7.491739999999956],[112.72435189730516,-7.4914299999999745],[112.72423189730509,-7.4914199999999465],[112.724071897305,-7.491410000000007],[112.72402189730504,-7.491570000000012],[112.72391189730509,-7.49189999999996],[112.72384189730506,-7.491879999999993],[112.72372189730517,-7.491849999999909],[112.72352189730505,-7.491790000000007],[112.72340189730517,-7.491759999999923],[112.72334189730508,-7.491999999999974],[112.72269189730513,-7.491829999999942],[112.72236189730499,-7.491769999999951],[112.72187189730514,-7.491659999999998],[112.72131189730507,-7.491509999999932],[112.72127189730504,-7.491559999999895],[112.72120189730512,-7.49170999999996],[112.72107189730511,-7.491929999999956],[112.72092189730513,-7.492059999999965],[112.7208118973051,-7.492159999999979],[112.72118189730506,-7.493159999999941],[112.72147189730516,-7.494349999999903],[112.72166189730508,-7.495129999999959],[112.72163189730509,-7.495849999999935],[112.72140189730506,-7.49657],[112.72114189730505,-7.497119999999944],[112.72095189730504,-7.497499999999944],[112.72065189730517,-7.497939999999934],[112.72013189730514,-7.49878999999992],[112.72007189730515,-7.498929999999957],[112.72000189730504,-7.499099999999901],[112.7198318973051,-7.499429999999938],[112.71981189730514,-7.499619999999938],[112.7198018973051,-7.499699999999985],[112.71978189730504,-7.499789999999971],[112.71973189730508,-7.499999999999938],[112.71972189730515,-7.500099999999952],[112.71963189730506,-7.500439999999928],[112.71946189730512,-7.501149999999965],[112.7194218973051,-7.501450000000007],[112.7193618973051,-7.501809999999951],[112.71919189730508,-7.502639999999969],[112.71940189730513,-7.502759999999951],[112.71951189730508,-7.502829999999969],[112.71975189730514,-7.502439999999941],[112.7201218973051,-7.501860000000002],[112.72041189730504,-7.501469999999886],[112.72067189730505,-7.501079999999947],[112.72085189730511,-7.500820000000017],[112.72097189730509,-7.5006699999999515]]]},"properties":{"KDPPUM":"","NAMOBJ":"Balonggabus","REMARK":"","KDPBPS":"","FCODE":"BA03060060","LUASWH":0,"UUPP":"","SRS_ID":"SRGI 2013","LCODE":"","METADATA":"","KDEBPS":"","KDEPUM":"","KDCBPS":"","KDCPUM":"","KDBBPS":"","KDBPUM":"","WADMKD":"Balonggabus","WIADKD":"","WADMKC":"Candi","WIADKC":"","WADMKK":"Sidoarjo","WIADKK":"","WADMPR":"Jawa Timur","WIADPR":"","TIPADM":0,"SHAPE_Leng":0.03786218754,"SHAPE_Area":0.00003624075}},
{"type":"Feature","geometry":{"type":"Polygon","coordinates":[[[112.72755535688047,-7.471082999265186],[112.72735535688054,-7.470972999265233],[112.72676535688056,-7.470822999265256],[112.72630535688043,-7.470692999265247],[112.72561535688054,-7.47048299926528],[112.72501535688055,-7.4703229992651865],[112.72462535688051,-7.470262999265285],[112.72453535688052,-7.470392999265294],[112.72442535688057,-7.470562999265238],[112.72433535688059,-7.470852999265252],[112.7241753568805,-7.47130299926527],[112.72355535688044,-7.472972999265246],[112.72345535688052,-7.473592999265297],[112.72097535688049,-7.473222999265237],[112.72085535688042,-7.4732029992651805],[112.72070535688053,-7.4733129992652225],[112.72063535688042,-7.473322999265251],[112.72046535688057,-7.473302999265283],[112.7203453568805,-7.473282999265227],[112.72017535688047,-7.473222999265237],[112.71970535688048,-7.473042999265265],[112.71891535688049,-7.472862999265204],[112.71805535688047,-7.4726129992652135],[112.71768535688051,-7.472562999265251],[112.71763535688054,-7.472482999265204],[112.71747535688044,-7.4721329992652885],[112.71742535688048,-7.472082999265237],[112.7173353568805,-7.471992999265251],[112.71718535688052,-7.471902999265265],[112.71677535688053,-7.471722999265293],[112.71609535688057,-7.471532999265205],[112.71591535688052,-7.471532999265205],[112.71493535688052,-7.471482999265242],[112.71481535688045,-7.473102999265255],[112.71476535688049,-7.473792999265236],[112.71475535688054,-7.4740129992652315],[112.71466535688056,-7.475242999265217],[112.71465535688053,-7.475422999265278],[112.71499535688051,-7.475452999265184],[112.71545535688047,-7.4754929992652075],[112.71639535688044,-7.475532999265231],[112.71666535688048,-7.475542999265259],[112.7171453568805,-7.4756029992652495],[112.71778535688051,-7.4757129992652915],[112.71775535688043,-7.475832999265273],[112.71772535688052,-7.475902999265203],[112.71759535688052,-7.476212999265273],[112.71753535688053,-7.4764029992652725],[112.71750535688054,-7.4765029992652865],[112.71748535688047,-7.476702999265226],[112.71796535688048,-7.4768929992652255],[112.71822535688051,-7.4769829992652115],[112.71838535688042,-7.477032999265174],[112.7187953568805,-7.477132999265277],[112.71902535688054,-7.477182999265239],[112.71913535688049,-7.477212999265235],[112.7192653568805,-7.477222999265263],[112.71964535688049,-7.475962999265282],[112.71968535688043,-7.475892999265263],[112.71972535688045,-7.475792999265249],[112.72061535688046,-7.475882999265235],[112.72087535688057,-7.475922999265259],[112.72144535688048,-7.476162999265221],[112.72200535688054,-7.476442999265207],[112.72242535688048,-7.476542999265221],[112.72270535688045,-7.47661299926524],[112.72308535688055,-7.476582999265244],[112.72369535688048,-7.476522999265254],[112.72400535688047,-7.4764929992652585],[112.7243653568805,-7.476532999265193],[112.72472535688044,-7.476552999265249],[112.72501535688055,-7.476582999265244],[112.72579535688051,-7.476542999265221],[112.7262353568805,-7.476442999265207],[112.72634535688046,-7.476412999265212],[112.72632535688048,-7.476352999265221],[112.72622535688056,-7.476142999265254],[112.72613535688058,-7.475962999265282],[112.7261053568805,-7.475832999265273],[112.72619535688048,-7.475812999265217],[112.72624535688053,-7.475742999265198],[112.72634535688046,-7.4756029992652495],[112.72640535688053,-7.475482999265268],[112.7266153568805,-7.475192999265254],[112.72671535688042,-7.475132999265264],[112.7268353568805,-7.475132999265264],[112.72695535688057,-7.475152999265231],[112.72709535688051,-7.474742999265236],[112.72721535688058,-7.473882999265222],[112.7273753568805,-7.4728129992652415],[112.72745535688054,-7.472342999265256],[112.7275653568805,-7.471582999265256],[112.72760535688043,-7.471412999265223],[112.72767535688054,-7.47130299926527],[112.72776535688052,-7.471202999265256],[112.72771535688057,-7.471172999265261],[112.72755535688047,-7.471082999265186]]]},"properties":{"KDPPUM":"","NAMOBJ":"Bligo","REMARK":"","KDPBPS":"","FCODE":"BA03060060","LUASWH":0,"UUPP":"","SRS_ID":"SRGI 2013","LCODE":"","METADATA":"","KDEBPS":"","KDEPUM":"","KDCBPS":"","KDCPUM":"","KDBBPS":"","KDBPUM":"","WADMKD":"Bligo","WIADKD":"","WADMKC":"Candi","WIADKC":"","WADMKK":"Sidoarjo","WIADKK":"","WADMPR":"Jawa Timur","WIADPR":"","TIPADM":0,"SHAPE_Leng":0.04014430846,"SHAPE_Area":0.0000506905}},
{"type":"Feature","geometry":{"type":"Polygon","coordinates":[[[112.7147000000001,-7.475409999999991],[112.71424000000005,-7.475499999999977],[112.71378,-7.4755400000000005],[112.71358000000006,-7.475589999999963],[112.71314000000008,-7.475489999999949],[112.71288000000006,-7.4754199999999305],[112.71219000000008,-7.475249999999987],[112.71177000000014,-7.475149999999973],[112.71098000000006,-7.474989999999968],[112.70964999999997,-7.474809999999907],[112.7090300000001,-7.474659999999931],[112.70809000000013,-7.474659999999931],[112.7070000000001,-7.474689999999926],[112.70704000000002,-7.474779999999912],[112.70712000000007,-7.474939999999917],[112.70727000000014,-7.475249999999987],[112.70739000000003,-7.475509999999916],[112.70749000000004,-7.475729999999912],[112.70772000000015,-7.476429999999921],[112.70775000000006,-7.476539999999963],[112.70791000000007,-7.477329999999958],[112.70790000000012,-7.47787999999999],[112.70854000000006,-7.478279999999957],[112.70878000000002,-7.478399999999938],[112.70908000000006,-7.478559999999943],[112.70905000000006,-7.478849999999957],[112.70901999999998,-7.479139999999971],[112.70914000000005,-7.479309999999915],[112.70906000000001,-7.479479999999947],[112.70901999999998,-7.479549999999966],[112.70896000000008,-7.479759999999933],[112.70885000000013,-7.480069999999914],[112.70873999999999,-7.480420000000008],[112.70870000000006,-7.480580000000012],[112.70869000000003,-7.480649999999942],[112.70901999999998,-7.480809999999947],[112.7092500000001,-7.480879999999965],[112.70991000000008,-7.4811999999999745],[112.70999000000003,-7.481239999999998],[112.71023,-7.481370000000007],[112.71034000000013,-7.481429999999909],[112.71043000000012,-7.48147999999996],[112.71049000000002,-7.481509999999956],[112.71057000000006,-7.481549999999979],[112.71085000000005,-7.481699999999956],[112.7111200000001,-7.48179999999997],[112.71144000000001,-7.481919999999951],[112.71170000000004,-7.4819899999999695],[112.7118200000001,-7.482029999999993],[112.71205000000013,-7.481309999999928],[112.71211000000002,-7.481109999999989],[112.71266000000006,-7.481169999999979],[112.71281000000013,-7.480839999999942],[112.71316000000004,-7.480879999999965],[112.71322000000012,-7.4805099999999936],[112.71370000000005,-7.480619999999947],[112.71377000000007,-7.480639999999914],[112.7148900000001,-7.480889999999905],[112.71491000000006,-7.480749999999956],[112.71509000000003,-7.479859999999947],[112.71560000000014,-7.479959999999961],[112.71571000000009,-7.479479999999947],[112.71579000000004,-7.479319999999943],[112.71588000000013,-7.479159999999938],[112.71594000000002,-7.479019999999901],[112.71601000000013,-7.478839999999929],[112.71605000000015,-7.478710000000008],[112.71616000000002,-7.478589999999938],[112.71622,-7.478549999999915],[112.71665000000006,-7.4781099999999245],[112.71712000000005,-7.4776299999999996],[112.71788999999998,-7.477909999999985],[112.71820000000005,-7.477969999999976],[112.71864000000005,-7.478029999999967],[112.71877000000005,-7.4775099999999295],[112.71902000000013,-7.47756999999992],[112.71922000000008,-7.4776099999999435],[112.71931000000006,-7.477209999999976],[112.71918000000005,-7.477199999999948],[112.7190700000001,-7.477169999999953],[112.71884000000007,-7.47711999999999],[112.71842999999998,-7.477019999999888],[112.71827000000008,-7.476969999999925],[112.71801000000005,-7.476879999999939],[112.71753000000004,-7.476689999999939],[112.7175500000001,-7.47649],[112.7175800000001,-7.476389999999986],[112.71764000000009,-7.476199999999986],[112.71777000000009,-7.475889999999916],[112.7178,-7.475819999999986],[112.71783000000008,-7.475700000000005],[112.71719000000006,-7.475589999999963],[112.71671000000005,-7.4755299999999725],[112.71644,-7.475519999999944],[112.71550000000003,-7.475479999999921],[112.71504000000007,-7.475439999999898],[112.7147000000001,-7.475409999999991]]]},"properties":{"KDPPUM":"","NAMOBJ":"Candi","REMARK":"","KDPBPS":"","FCODE":"BA03060060","LUASWH":0,"UUPP":"","SRS_ID":"SRGI 2013","LCODE":"","METADATA":"","KDEBPS":"","KDEPUM":"","KDCBPS":"","KDCPUM":"","KDBBPS":"","KDBPUM":"","WADMKD":"Candi","WIADKD":"","WADMKC":"Candi","WIADKC":"","WADMKK":"Sidoarjo","WIADKK":"","WADMPR":"Jawa Timur","WIADPR":"","TIPADM":0,"SHAPE_Leng":0.03595878792,"SHAPE_Area":0.00005043085}},
{"type":"Feature","geometry":{"type":"Polygon","coordinates":[[[112.6864368503268,-7.469870256737332],[112.68637685032681,-7.470200256737369],[112.68630685032679,-7.470560256737402],[112.68628685032682,-7.4707202567374065],[112.68595685032669,-7.4706302567374205],[112.68555685032673,-7.470440256737421],[112.68504685032671,-7.470250256737332],[112.68406685032673,-7.469940256737351],[112.68293685032675,-7.469580256737318],[112.68258685032674,-7.469490256737332],[112.68214685032684,-7.469390256737407],[112.68142685032679,-7.469090256737365],[112.68067685032672,-7.468730256737421],[112.68033685032684,-7.468590256737384],[112.68019685032671,-7.46849025673737],[112.68020685032683,-7.468580256737356],[112.68018685032676,-7.468770256737356],[112.68006685032678,-7.469150256737356],[112.68001685032674,-7.469240256737342],[112.67941685032675,-7.4691202567373605],[112.6790568503268,-7.469680256737421],[112.67894685032684,-7.469870256737332],[112.67887685032673,-7.4700202567373974],[112.67876685032678,-7.470220256737425],[112.67860685032677,-7.470350256737435],[112.67846685032674,-7.470710256737378],[112.67842685032672,-7.471030256737388],[112.67840685032684,-7.4712002567373315],[112.6783568503268,-7.471560256737364],[112.6782968503267,-7.471920256737397],[112.67825685032678,-7.47215025673742],[112.67822685032678,-7.472310256737424],[112.67814685032683,-7.472580256737382],[112.67812685032676,-7.472680256737396],[112.67803685032669,-7.472980256737349],[112.67796685032675,-7.47323025673734],[112.6778868503268,-7.473530256737382],[112.6778868503268,-7.473760256737405],[112.67792685032674,-7.473890256737414],[112.67800685032678,-7.473800256737428],[112.67808685032684,-7.473710256737354],[112.67818685032675,-7.473690256737386],[112.67825685032678,-7.473810256737368],[112.6782668503268,-7.4739802567374],[112.67830685032673,-7.474070256737386],[112.67859685032676,-7.474010256737396],[112.67868685032683,-7.474010256737396],[112.67884685032674,-7.47411025673741],[112.67892685032679,-7.4742002567373955],[112.67894685032684,-7.474260256737386],[112.67872685032675,-7.474460256737414],[112.6786468503268,-7.474530256737344],[112.67860685032677,-7.474640256737386],[112.67862685032684,-7.474720256737433],[112.67899685032681,-7.474670256737381],[112.6790868503268,-7.474660256737353],[112.67914685032679,-7.474650256737414],[112.67919685032675,-7.474700256737377],[112.67915685032672,-7.474850256737353],[112.6791168503267,-7.474970256737423],[112.67913685032676,-7.4751002567374325],[112.6791868503268,-7.475230256737353],[112.6791168503267,-7.475420256737353],[112.67912685032681,-7.4754902567373716],[112.67923685032677,-7.4755802567373575],[112.6795968503268,-7.4755902567373855],[112.67976685032674,-7.475640256737437],[112.67991685032672,-7.4756902567373995],[112.68003685032679,-7.475710256737367],[112.68009685032678,-7.475770256737357],[112.68011685032684,-7.475980256737413],[112.68012685032677,-7.476060256737371],[112.6803568503268,-7.476340256737446],[112.68042685032682,-7.4763902567374085],[112.68066685032679,-7.476270256737427],[112.68080685032682,-7.476210256737348],[112.68095685032671,-7.476210256737348],[112.68100685032675,-7.476240256737343],[112.68098685032679,-7.476460256737427],[112.68098685032679,-7.476540256737385],[112.68105685032681,-7.476640256737399],[112.68117685032679,-7.476880256737362],[112.68120685032679,-7.476970256737436],[112.68128685032683,-7.477030256737338],[112.68153685032674,-7.477030256737338],[112.68166685032675,-7.477040256737366],[112.68218685032679,-7.47733025673738],[112.68225685032671,-7.4773802567374315],[112.68228685032679,-7.477480256737357],[112.68243685032677,-7.477540256737347],[112.68258685032674,-7.477600256737427],[112.68262685032677,-7.4776702567373565],[112.68258685032674,-7.477740256737375],[112.68238685032681,-7.477840256737389],[112.68224685032678,-7.477920256737436],[112.68226685032674,-7.478100256737408],[112.68238685032681,-7.478480256737408],[112.68244685032671,-7.478660256737379],[112.68252685032675,-7.478750256737365],[112.68265685032677,-7.478810256737356],[112.68272685032679,-7.478820256737384],[112.68289685032673,-7.478610256737328],[112.68310685032678,-7.478510256737403],[112.68331685032685,-7.4785602567373655],[112.68351685032678,-7.478660256737379],[112.6836168503267,-7.478740256737337],[112.68372685032683,-7.478920256737398],[112.68388685032676,-7.479020256737412],[112.68409685032681,-7.479040256737379],[112.68443685032679,-7.479030256737351],[112.68464685032676,-7.479070256737375],[112.68486685032674,-7.47910025673737],[112.6852968503268,-7.479180256737417],[112.68564685032672,-7.479240256737318],[112.68619685032684,-7.479330256737393],[112.6866268503267,-7.479430256737407],[112.6867868503268,-7.4794702567374305],[112.68694685032672,-7.479500256737426],[112.68721685032676,-7.479550256737388],[112.68745685032681,-7.479600256737351],[112.68796685032673,-7.47973025673736],[112.68818685032682,-7.479780256737323],[112.68832685032677,-7.479800256737379],[112.68838685032676,-7.479200256737384],[112.68840685032681,-7.478990256737328],[112.68843685032672,-7.478700256737314],[112.6884668503268,-7.478430256737356],[112.6884968503268,-7.478210256737361],[112.68854685032676,-7.477950256737342],[112.68858685032679,-7.4777702567373705],[112.68862685032681,-7.477630256737422],[112.68884685032681,-7.476850256737366],[112.68886685032678,-7.476780256737348],[112.6890368503268,-7.47620025673732],[112.68907685032683,-7.476080256737339],[112.6891568503267,-7.475840256737376],[112.6892268503268,-7.475650256737376],[112.6892568503268,-7.47556025673739],[112.68938685032681,-7.475170256737362],[112.68953685032679,-7.474710256737405],[112.68985685032679,-7.473710256737354],[112.68988685032679,-7.473660256737391],[112.68992685032681,-7.4735102567374145],[112.68999685032675,-7.473310256737387],[112.69100685032673,-7.470190256737341],[112.69073685032669,-7.470040256737365],[112.69068685032673,-7.470010256737369],[112.69057685032678,-7.469960256737407],[112.69049685032672,-7.4699302567374115],[112.68973685032672,-7.469720256737444],[112.68941685032672,-7.469800256737402],[112.68884685032681,-7.469760256737379],[112.68852685032671,-7.469740256737323],[112.6871968503268,-7.469800256737402],[112.6864368503268,-7.469870256737332]]]},"properties":{"KDPPUM":"","NAMOBJ":"Durungbanjar","REMARK":"","KDPBPS":"","FCODE":"BA03060060","LUASWH":0,"UUPP":"","SRS_ID":"SRGI 2013","LCODE":"","METADATA":"","KDEBPS":"","KDEPUM":"","KDCBPS":"","KDCPUM":"","KDBBPS":"","KDBPUM":"","WADMKD":"Durungbanjar","WIADKD":"","WADMKC":"Candi","WIADKC":"","WADMKK":"Sidoarjo","WIADKK":"","WADMPR":"Jawa Timur","WIADPR":"","TIPADM":0,"SHAPE_Leng":0.04453526904,"SHAPE_Area":0.0000945122}},
{"type":"Feature","geometry":{"type":"Polygon","coordinates":[[[112.66157903568806,-7.455499999999935],[112.66103903568806,-7.455399999999921],[112.6610190356881,-7.455629999999944],[112.66099903568812,-7.4558499999999395],[112.66096903568813,-7.456079999999963],[112.66091903568817,-7.456329999999953],[112.66083903568813,-7.4567600000000045],[112.6607990356881,-7.457019999999934],[112.66069903568808,-7.457479999999981],[112.66059903568816,-7.457710000000004],[112.66047903568808,-7.45786999999992],[112.66051903568811,-7.45805999999992],[112.66051903568811,-7.458299999999971],[112.66049903568806,-7.458579999999957],[112.66044903568809,-7.458859999999943],[112.66035903568802,-7.459269999999938],[112.66030903568806,-7.4595399999999845],[112.66035903568802,-7.459679999999933],[112.6609890356881,-7.460049999999994],[112.6611190356881,-7.4601299999999515],[112.66137903568813,-7.4602299999999655],[112.66158903568818,-7.4603299999999795],[112.66176903568815,-7.460399999999909],[112.66198903568815,-7.460489999999895],[112.66218903568809,-7.46057999999997],[112.66241903568812,-7.460669999999956],[112.6628290356881,-7.460849999999928],[112.66298903568811,-7.4609199999999465],[112.6632690356881,-7.461049999999956],[112.66352903568811,-7.461189999999904],[112.66365903568813,-7.46120999999996],[112.66371903568812,-7.461290000000007],[112.66381903568804,-7.46133999999997],[112.66404903568807,-7.461439999999895],[112.66428903568811,-7.4616199999999555],[112.66451903568814,-7.461799999999927],[112.66476903568804,-7.461949999999904],[112.6651090356881,-7.4621099999999085],[112.6653590356881,-7.462199999999983],[112.66553903568807,-7.462329999999993],[112.66566903568808,-7.462429999999918],[112.66579903568808,-7.462429999999918],[112.66590903568813,-7.4624199999999785],[112.66584903568805,-7.462579999999983],[112.66577903568812,-7.462689999999936],[112.66576903568819,-7.462759999999955],[112.66580903568803,-7.462840000000002],[112.6656790356882,-7.463019999999974],[112.66559903568815,-7.463130000000016],[112.6655790356881,-7.4632200000000015],[112.66560903568809,-7.4633099999999875],[112.6656490356881,-7.463409999999913],[112.6656490356881,-7.463519999999955],[112.66545903568812,-7.463749999999978],[112.66519903568809,-7.463819999999908],[112.6649190356881,-7.4639099999999825],[112.66445903568805,-7.463829999999936],[112.66439903568806,-7.464129999999978],[112.66420903568816,-7.465169999999963],[112.6640290356881,-7.466170000000014],[112.66401903568816,-7.466239999999944],[112.66393903568812,-7.466599999999977],[112.66384903568813,-7.467029999999939],[112.66382903568807,-7.467099999999958],[112.6638090356881,-7.467189999999944],[112.66398903568808,-7.467219999999939],[112.66413903568805,-7.467250000000023],[112.66503903568808,-7.467250000000023],[112.66602903568811,-7.46721],[112.66649903568809,-7.467189999999944],[112.66711903568806,-7.46721],[112.66806903568815,-7.467299999999986],[112.66924903568817,-7.46745999999999],[112.66994903568809,-7.467599999999939],[112.66998903568812,-7.467699999999953],[112.6701090356881,-7.467999999999995],[112.67013903568818,-7.468049999999957],[112.67028903568816,-7.4681799999999665],[112.67052903568812,-7.46840999999999],[112.67068903568813,-7.468549999999938],[112.6708390356881,-7.46865999999998],[112.67111903568808,-7.4688599999999195],[112.67130903568817,-7.468979999999901],[112.67136903568807,-7.469019999999924],[112.67161903568807,-7.469119999999938],[112.67170903568805,-7.469149999999933],[112.67181903568809,-7.469179999999929],[112.67208903568815,-7.469239999999919],[112.67254903568809,-7.469339999999933],[112.67299903568812,-7.46941999999998],[112.67281903568805,-7.4719499999999694],[112.67333903568819,-7.471969999999937],[112.67345903568807,-7.472000000000021],[112.67367903568807,-7.472129999999941],[112.67386903568807,-7.472250000000011],[112.67417903568806,-7.472329999999969],[112.67426903568804,-7.4723499999999365],[112.67441903568819,-7.472489999999974],[112.67449903568806,-7.472540000000025],[112.67481903568807,-7.472540000000025],[112.67492903568811,-7.472630000000011],[112.67503903568806,-7.472729999999936],[112.6752090356881,-7.472809999999983],[112.67529903568808,-7.472799999999955],[112.6753690356881,-7.47276999999996],[112.67550903568814,-7.472839999999978],[112.67575903568805,-7.472989999999955],[112.6759690356881,-7.472949999999932],[112.67606903568812,-7.4729399999999035],[112.67612903568819,-7.472979999999927],[112.67619903568811,-7.473109999999936],[112.67645903568814,-7.4731399999999315],[112.6765390356881,-7.4731499999999595],[112.67660903568812,-7.473229999999917],[112.6766990356881,-7.473409999999978],[112.67674903568806,-7.473439999999885],[112.676889035688,-7.473379999999983],[112.67698903568811,-7.473319999999903],[112.67710903568809,-7.473309999999964],[112.67751903568809,-7.473669999999997],[112.67750903568806,-7.473859999999908],[112.67762903568813,-7.4739299999999265],[112.67785903568807,-7.473919999999987],[112.67781903568813,-7.473789999999978],[112.67781903568813,-7.473559999999955],[112.67789903568809,-7.473259999999913],[112.67796903568802,-7.473009999999922],[112.6780590356881,-7.472709999999969],[112.67807903568816,-7.472609999999955],[112.67815903568811,-7.472339999999997],[112.6781890356881,-7.472179999999993],[112.67822903568803,-7.4719499999999694],[112.67828903568812,-7.471589999999937],[112.67833903568817,-7.471229999999904],[112.67835903568805,-7.4710599999999605],[112.67839903568807,-7.470739999999951],[112.6785390356881,-7.470380000000008],[112.67869903568811,-7.470249999999998],[112.67880903568806,-7.47004999999997],[112.67887903568817,-7.469899999999905],[112.67898903568813,-7.469709999999994],[112.67934903568808,-7.469149999999933],[112.67994903568807,-7.469269999999915],[112.67999903568811,-7.469179999999929],[112.6801190356881,-7.468799999999929],[112.68013903568816,-7.468609999999929],[112.68012903568804,-7.468519999999943],[112.6791690356881,-7.466949999999981],[112.67911903568813,-7.466879999999962],[112.67903903568809,-7.466729999999897],[112.67893903568807,-7.4665699999998925],[112.67896903568816,-7.466209999999949],[112.67900903568818,-7.465899999999968],[112.67912903568808,-7.465609999999954],[112.67954903568818,-7.465429999999982],[112.67969903568807,-7.46531999999994],[112.67965903568815,-7.465090000000005],[112.67958903568804,-7.46493999999994],[112.6794890356881,-7.464719999999945],[112.67934903568808,-7.4644899999999215],[112.67917903568804,-7.464199999999908],[112.67904903568802,-7.463959999999945],[112.67893903568807,-7.463760000000006],[112.67885903568812,-7.463449999999936],[112.67886903568805,-7.463149999999894],[112.67890903568808,-7.4629099999999315],[112.67895903568804,-7.462569999999955],[112.67898903568813,-7.462229999999979],[112.6789790356881,-7.461929999999937],[112.67892903568814,-7.461569999999904],[112.67851903568814,-7.46139999999996],[112.67715903568806,-7.461059999999984],[112.67626903568814,-7.460779999999909],[112.67573903568807,-7.460659999999928],[112.67532903568816,-7.460529999999919],[112.67492903568811,-7.460409999999937],[112.6740390356881,-7.460159999999947],[112.67238903568818,-7.459659999999966],[112.67230903568813,-7.459609999999914],[112.67205903568805,-7.459509999999989],[112.67180903568816,-7.459399999999947],[112.67174903568808,-7.45937999999998],[112.67163903568812,-7.4593299999999285],[112.6711590356881,-7.45918999999998],[112.6708990356881,-7.459170000000013],[112.67012903568806,-7.458920000000022],[112.66962903568808,-7.458789999999924],[112.66957903568812,-7.4588399999999755],[112.66949903568808,-7.458909999999905],[112.66942903568814,-7.459059999999971],[112.66939903568806,-7.459109999999933],[112.66936903568806,-7.459159999999985],[112.66925903568811,-7.459239999999943],[112.66916903568813,-7.459249999999971],[112.66906903568811,-7.459219999999975],[112.66902903568808,-7.459149999999957],[112.66907903568814,-7.459010000000008],[112.66910903568814,-7.458869999999971],[112.66911903568807,-7.45880999999998],[112.66911903568807,-7.458709999999966],[112.66910903568814,-7.4586399999999475],[112.66901903568815,-7.458589999999985],[112.66886903568808,-7.458630000000008],[112.66877903568809,-7.458699999999938],[112.66872903568805,-7.4587399999999615],[112.66860903568815,-7.45868999999991],[112.66854903568807,-7.4586399999999475],[112.66849903568811,-7.458579999999957],[112.66847903568814,-7.458519999999966],[112.66845903568809,-7.458409999999924],[112.66845903568809,-7.458329999999966],[112.66846903568802,-7.458169999999962],[112.66847903568814,-7.458099999999943],[112.66851903568816,-7.45786999999992],[112.66821903568813,-7.4579399999999385],[112.6674490356881,-7.45811999999991],[112.66718903568808,-7.45805999999992],[112.66642903568808,-7.457789999999962],[112.66543903568805,-7.457379999999967],[112.66477903568816,-7.457089999999953],[112.66422903568804,-7.456799999999939],[112.6636490356881,-7.4564399999999065],[112.66280903568814,-7.4559499999999534],[112.6623190356881,-7.4557399999998974],[112.66157903568806,-7.455499999999935]]]},"properties":{"KDPPUM":"","NAMOBJ":"Durungbedug","REMARK":"","KDPBPS":"","FCODE":"BA03060060","LUASWH":0,"UUPP":"","SRS_ID":"SRGI 2013","LCODE":"","METADATA":"","KDEBPS":"","KDEPUM":"","KDCBPS":"","KDCPUM":"","KDBBPS":"","KDBPUM":"","WADMKD":"Durungbedug","WIADKD":"","WADMKC":"Candi","WIADKC":"","WADMKK":"Sidoarjo","WIADKK":"","WADMPR":"Jawa Timur","WIADPR":"","TIPADM":0,"SHAPE_Leng":0.07013994595,"SHAPE_Area":0.00017080845}},
{"type":"Feature","geometry":{"type":"Polygon","coordinates":[[[112.71484241077998,-7.4808852410778925],[112.71372241077995,-7.480635241077902],[112.71365241077993,-7.480615241077935],[112.71317241078,-7.4805052410779815],[112.71311241077993,-7.480875241077953],[112.71276241078002,-7.48083524107793],[112.71261241077994,-7.481165241077967],[112.71206241077991,-7.481105241077977],[112.71200241078002,-7.481305241077916],[112.71177241077999,-7.482025241077981],[112.71165241077992,-7.4819852410779575],[112.7113924107799,-7.481915241077939],[112.71107241077998,-7.481795241077958],[112.71080241077993,-7.481695241077944],[112.71052241077994,-7.481545241077967],[112.7104424107799,-7.481505241077944],[112.71038241078,-7.481475241077948],[112.71029241078001,-7.481425241077897],[112.71018241077988,-7.481365241077995],[112.70994241077992,-7.481235241077986],[112.70986241077996,-7.4811952410779625],[112.70920241077998,-7.480875241077953],[112.70897241077986,-7.480805241077935],[112.70864241077992,-7.48064524107793],[112.70908241078,-7.48140524107793],[112.70906241077994,-7.483305241077929],[112.70906241077994,-7.4833752410779475],[112.7090524107799,-7.483445241077966],[112.70897241077986,-7.483745241077919],[112.70888241077988,-7.484005241077938],[112.70875241077995,-7.48449524107798],[112.70868241077994,-7.484675241077952],[112.70860241077989,-7.4848652410779515],[112.7087024107799,-7.484925241077942],[112.70850241077997,-7.485325241077998],[112.70841241077999,-7.48550524107797],[112.7081924107799,-7.485405241077956],[112.70789241077985,-7.4853452410778765],[112.70758241077996,-7.485305241077942],[112.70706241077993,-7.485055241077951],[112.70701241077997,-7.485025241077956],[112.70695241077998,-7.485215241077956],[112.70690241077992,-7.4853452410778765],[112.70679241077997,-7.485495241077942],[112.70668241078002,-7.485545241077904],[112.70658241077992,-7.485705241077909],[112.70653241077994,-7.485925241077904],[112.70646241078002,-7.486195241077951],[112.70641241077996,-7.4864552410779694],[112.70640241077994,-7.486625241077913],[112.70641241077996,-7.486685241077904],[112.7064824107799,-7.486795241077946],[112.70474241077999,-7.486545241077955],[112.70474241077999,-7.487165241077918],[112.70478241077993,-7.4877452410779455],[112.70470241077997,-7.48809524107795],[112.70452241078,-7.488715241077912],[112.70452241078,-7.489005241077926],[112.70461241077999,-7.489155241077992],[112.70471241077999,-7.489205241077954],[112.7064524107799,-7.4898352410779445],[112.70763241078001,-7.490285241077963],[112.70830241078002,-7.490555241077921],[112.7089224107799,-7.490805241077911],[112.70947241078002,-7.491155241078005],[112.70990241077989,-7.491435241077902],[112.71004241077993,-7.491495241077981],[112.71018241077988,-7.491555241077883],[112.71042241078003,-7.491665241077925],[112.71052241077994,-7.491725241077916],[112.71073241078,-7.491865241077953],[112.71088241077997,-7.491945241078],[112.71108241077992,-7.491955241077939],[112.71117241077991,-7.491955241077939],[112.71151241077997,-7.4920152410779295],[112.7118024107799,-7.492085241077948],[112.7121224107799,-7.492175241077934],[112.7123424107799,-7.4922352410780135],[112.71260241077992,-7.492395241077929],[112.71379241077987,-7.493135241077873],[112.71380241077999,-7.492985241077985],[112.71380241077999,-7.492875241077943],[112.71380241077999,-7.492305241077943],[112.71382241077997,-7.491805241077962],[112.71385241077996,-7.491185241077911],[112.7138624107799,-7.491035241077935],[112.71391241077995,-7.490105241077991],[112.71392241077989,-7.489915241077902],[112.71392241077989,-7.489565241077987],[112.71393241078,-7.489285241077912],[112.71393241078,-7.489075241077945],[112.71393241078,-7.489015241077954],[112.71391241077995,-7.488575241077964],[112.71391241077995,-7.488145241077913],[112.71406241077993,-7.488215241077931],[112.7144024107799,-7.488325241077973],[112.71468241077989,-7.488425241077898],[112.7153524107799,-7.488565241077936],[112.71609241078002,-7.488745241077908],[112.71590241077993,-7.489645241077945],[112.71616241077996,-7.489695241077996],[112.71674241077999,-7.489895241077935],[112.71695241077995,-7.489975241077893],[112.71723241077993,-7.490125241077958],[112.71770241077992,-7.490375241077949],[112.71792241077992,-7.490005241077888],[112.7181424107799,-7.489575241077926],[112.71817241078,-7.489515241077935],[112.71834241078002,-7.489195241077926],[112.71892241077988,-7.487445241077992],[112.71710241077993,-7.487055241077876],[112.71663241078002,-7.4869552410779505],[112.71561241077993,-7.486725241077927],[112.71510241078,-7.486605241077946],[112.71488241078,-7.48651524107796],[112.71514241077993,-7.4855552410779325],[112.71523241077992,-7.485225241077895],[112.71524241077995,-7.485145241077937],[112.71531241077987,-7.48474524107797],[112.71544241077989,-7.484095241077924],[112.71546241078003,-7.484015241077877],[112.71555241078002,-7.483755241077947],[112.71603241077995,-7.48260524107792],[112.71609241078002,-7.482525241077962],[112.71551241078,-7.48184524107792],[112.71546241078003,-7.4817852410779295],[112.71484241077998,-7.4808852410778925]]]},"properties":{"KDPPUM":"","NAMOBJ":"Gelam","REMARK":"","KDPBPS":"","FCODE":"BA03060060","LUASWH":0,"UUPP":"","SRS_ID":"SRGI 2013","LCODE":"","METADATA":"","KDEBPS":"","KDEPUM":"","KDCBPS":"","KDCPUM":"","KDBBPS":"","KDBPUM":"","WADMKD":"Gelam","WIADKD":"","WADMKC":"Candi","WIADKC":"","WADMKK":"Sidoarjo","WIADKK":"","WADMPR":"Jawa Timur","WIADPR":"","TIPADM":0,"SHAPE_Leng":0.05462937452,"SHAPE_Area":0.0000905427}},
{"type":"Feature","geometry":{"type":"Polygon","coordinates":[[[112.68874283029812,-7.460720000000007],[112.68859283029815,-7.460669999999956],[112.68819283029819,-7.460519999999979],[112.68787283029818,-7.460449999999961],[112.68618283029815,-7.460159999999947],[112.68573283029812,-7.460090000000017],[112.68535283029821,-7.4600199999999095],[112.68491283029813,-7.459929999999924],[112.68437283029813,-7.459849999999966],[112.68410283029817,-7.459749999999952],[112.68399283029822,-7.4596999999999],[112.68390283029824,-7.460109999999895],[112.67895283029821,-7.461569999999904],[112.67900283029817,-7.461929999999937],[112.6790128302982,-7.462229999999979],[112.67898283029811,-7.462569999999955],[112.67893283029815,-7.4629099999999315],[112.67889283029812,-7.463149999999894],[112.67888283029819,-7.463449999999936],[112.67896283029815,-7.463760000000006],[112.6790728302981,-7.463959999999945],[112.67920283029811,-7.464199999999908],[112.67937283029815,-7.4644899999999215],[112.67951283029818,-7.464719999999945],[112.67961283029811,-7.46493999999994],[112.67968283029822,-7.465090000000005],[112.67972283029815,-7.46531999999994],[112.67957283029826,-7.465429999999982],[112.67915283029815,-7.465609999999954],[112.67903283029825,-7.465899999999968],[112.67899283029823,-7.466209999999949],[112.67896283029815,-7.4665699999998925],[112.67906283029816,-7.466729999999897],[112.6791428302982,-7.466879999999962],[112.67919283029818,-7.466949999999981],[112.68015283029811,-7.468519999999943],[112.68029283029824,-7.468619999999957],[112.68063283029812,-7.468759999999994],[112.68138283029819,-7.469119999999938],[112.68210283029825,-7.46941999999998],[112.68254283029815,-7.469519999999905],[112.68289283029816,-7.469609999999891],[112.68402283029813,-7.469969999999924],[112.68500283029812,-7.470279999999905],[112.68551283029814,-7.4704699999999935],[112.6859128302981,-7.470659999999993],[112.68624283029823,-7.470749999999979],[112.68626283029819,-7.470589999999975],[112.68633283029821,-7.470229999999942],[112.6863928302982,-7.469899999999905],[112.68655283029821,-7.469299999999999],[112.6866128302982,-7.469129999999966],[112.68676283029818,-7.468670000000008],[112.68681283029814,-7.468510000000004],[112.6871828302982,-7.4674799999999575],[112.6872128302982,-7.467419999999967],[112.68724283029819,-7.467299999999986],[112.68726283029815,-7.467229999999967],[112.68733283029817,-7.467069999999962],[112.6879128302982,-7.466459999999939],[112.68790283029826,-7.466019999999949],[112.68788283029821,-7.464799999999991],[112.68787283029818,-7.464669999999982],[112.68793283029817,-7.4644899999999215],[112.68806283029818,-7.4643999999999355],[112.68818283029825,-7.464359999999912],[112.6882328302982,-7.464229999999903],[112.68829283029811,-7.464049999999931],[112.68839283029813,-7.463779999999973],[112.6884528302982,-7.463469999999992],[112.68850283029816,-7.4632200000000015],[112.6885728302981,-7.4628999999999035],[112.68862283029824,-7.462659999999941],[112.68870283029811,-7.462289999999969],[112.68875283029816,-7.462009999999983],[112.68879283029818,-7.4617099999999414],[112.68875283029816,-7.461549999999937],[112.68862283029824,-7.461439999999895],[112.68844283029827,-7.461319999999914],[112.68832283029819,-7.461219999999988],[112.68818283029825,-7.461049999999956],[112.68819283029819,-7.460969999999998],[112.68825283029818,-7.460880000000012],[112.68839283029813,-7.4608299999999605],[112.68850283029816,-7.460789999999937],[112.68874283029812,-7.460720000000007]]]},"properties":{"KDPPUM":"","NAMOBJ":"Jambangan","REMARK":"","KDPBPS":"","FCODE":"BA03060060","LUASWH":0,"UUPP":"","SRS_ID":"SRGI 2013","LCODE":"","METADATA":"","KDEBPS":"","KDEPUM":"","KDCBPS":"","KDCPUM":"","KDBBPS":"","KDBPUM":"","WADMKD":"Jambangan","WIADKD":"","WADMKC":"Candi","WIADKC":"","WADMKK":"Sidoarjo","WIADKK":"","WADMPR":"Jawa Timur","WIADPR":"","TIPADM":0,"SHAPE_Leng":0.03614999409,"SHAPE_Area":0.0000782848}},
{"type":"Feature","geometry":{"type":"Polygon","coordinates":[[[112.74730710706417,-7.494934999999945],[112.74733710706427,-7.494824999999992],[112.74739710706416,-7.494754999999973],[112.74755710706425,-7.494684999999954],[112.74796710706426,-7.494644999999931],[112.74819710706419,-7.494634999999992],[112.74850710706426,-7.494504999999982],[112.74873710706419,-7.494374999999973],[112.74914710706419,-7.493984999999945],[112.74924710706429,-7.493854999999936],[112.74954710706425,-7.4928249999999785],[112.74953710706421,-7.492304999999941],[112.74973710706425,-7.491864999999951],[112.7497871070643,-7.491754999999998],[112.7497571070643,-7.491474999999923],[112.74966710706431,-7.491204999999965],[112.74963710706423,-7.491054999999989],[112.74972710706422,-7.490804999999998],[112.7497871070643,-7.490715000000012],[112.74998710706423,-7.49060499999997],[112.75005710706434,-7.49054499999998],[112.75042710706431,-7.490214999999942],[112.75061710706423,-7.490064999999966],[112.75108710706421,-7.4898349999999425],[112.75140710706431,-7.489754999999985],[112.75180710706418,-7.489764999999924],[112.75192710706426,-7.489764999999924],[112.75202710706418,-7.489704999999933],[112.75231710706429,-7.4891349999999335],[112.75240710706427,-7.48883499999998],[112.75243710706418,-7.48858499999999],[112.75239710706433,-7.488294999999976],[112.75201710706425,-7.487734999999915],[112.75184710706421,-7.48751499999992],[112.75166710706424,-7.487385],[112.75167710706435,-7.487504999999981],[112.7516571070642,-7.48763499999999],[112.7515271070642,-7.487604999999906],[112.75136710706428,-7.487554999999944],[112.7510571070643,-7.487474999999986],[112.75087710706424,-7.487344999999976],[112.75071710706423,-7.487234999999934],[112.75060710706428,-7.4871650000000045],[112.75054710706421,-7.487005],[112.75048710706422,-7.48688499999993],[112.7503571070642,-7.486764999999949],[112.75020710706423,-7.48669499999993],[112.75006710706428,-7.486704999999958],[112.74995710706423,-7.486744999999981],[112.74992710706434,-7.486804999999972],[112.74994710706422,-7.486904999999897],[112.74994710706422,-7.487005],[112.74991710706422,-7.4871650000000045],[112.74995710706423,-7.48726499999993],[112.75004710706422,-7.487464999999958],[112.75003710706429,-7.487664999999986],[112.74998710706423,-7.487824999999901],[112.74987710706428,-7.488024999999929],[112.74974710706427,-7.488164999999967],[112.74957710706424,-7.48827499999992],[112.74934710706431,-7.488354999999967],[112.74929710706425,-7.488284999999948],[112.74900710706424,-7.487765],[112.74869710706426,-7.487244999999962],[112.74869710706426,-7.487094999999986],[112.74872710706425,-7.486894999999958],[112.74868710706423,-7.486674999999963],[112.74838710706419,-7.485965000000014],[112.74815710706426,-7.485804999999921],[112.74793710706417,-7.485714999999935],[112.74772710706429,-7.48568499999994],[112.74757710706423,-7.485734999999902],[112.74724710706428,-7.48593499999993],[112.7471271070642,-7.486044999999972],[112.74708710706427,-7.485534999999963],[112.74711710706427,-7.4849649999999635],[112.7471271070642,-7.48429499999995],[112.7488371070642,-7.483994999999908],[112.74947710706431,-7.483904999999922],[112.74909710706423,-7.4834749999999595],[112.74912710706431,-7.482834999999941],[112.74912710706431,-7.482545000000016],[112.74913710706424,-7.482374999999983],[112.74913710706424,-7.482014999999951],[112.74919710706423,-7.481755000000021],[112.74916710706424,-7.481374999999932],[112.74916710706424,-7.4812849999999465],[112.74919710706423,-7.480894999999919],[112.74912710706431,-7.480545000000003],[112.74912710706431,-7.480174999999942],[112.7486771070643,-7.480114999999952],[112.7482671070643,-7.479954999999947],[112.74842710706422,-7.479564999999919],[112.74846710706423,-7.479364999999891],[112.74844710706427,-7.479264999999966],[112.74837710706424,-7.4792049999999755],[112.74824710706424,-7.479164999999952],[112.74814710706423,-7.479114999999901],[112.74815710706426,-7.479054999999999],[112.74813710706428,-7.47879499999998],[112.74790710706426,-7.478764999999985],[112.74768710706427,-7.478724999999962],[112.74758710706425,-7.478835000000004],[112.7472271070643,-7.47898499999998],[112.74683710706428,-7.479124999999929],[112.74684710706423,-7.4792049999999755],[112.7469071070643,-7.479374999999919],[112.74699710706429,-7.479424999999971],[112.7471571070642,-7.479505000000017],[112.74746710706427,-7.480034999999905],[112.7475071070643,-7.48018499999997],[112.74753710706429,-7.480684999999951],[112.74751710706424,-7.481224999999956],[112.7474471070643,-7.481824999999951],[112.74731710706429,-7.481944999999932],[112.74718710706429,-7.482054999999974],[112.74682710706425,-7.481934999999993],[112.74492710706434,-7.481484999999974],[112.74323710706422,-7.481104999999975],[112.7416471070643,-7.480854999999984],[112.73976710706427,-7.480844999999956],[112.73739710706418,-7.480994999999933],[112.73708710706421,-7.480994999999933],[112.73687710706425,-7.480904999999947],[112.7368371070643,-7.481144999999909],[112.73678710706426,-7.481554999999993],[112.73661710706422,-7.4827950000000065],[112.73710710706426,-7.483004999999974],[112.73679710706428,-7.484725000000001],[112.73679710706428,-7.484904999999884],[112.73680710706422,-7.485254999999977],[112.73678710706426,-7.485514999999996],[112.73665710706425,-7.485814999999949],[112.73675710706426,-7.485994999999921],[112.73692710706429,-7.486274999999907],[112.73704710706427,-7.486404999999916],[112.73708710706421,-7.486574999999949],[112.73708710706421,-7.486674999999963],[112.73704710706427,-7.486755000000009],[112.73690710706433,-7.486684999999991],[112.73677710706431,-7.486604999999944],[112.73665710706425,-7.486534999999925],[112.7365471070643,-7.486574999999949],[112.73653710706427,-7.486684999999991],[112.73658710706422,-7.486994999999972],[112.73669710706427,-7.487334999999948],[112.73704710706427,-7.4879549999999995],[112.73746710706429,-7.488704999999971],[112.73831710706428,-7.489394999999952],[112.7387671070643,-7.489524999999961],[112.7396571070643,-7.489795000000008],[112.74027710706419,-7.489874999999966],[112.74038710706431,-7.4897349999999285],[112.74049710706427,-7.489494999999966],[112.74054710706423,-7.489274999999971],[112.74076710706423,-7.488754999999934],[112.74096710706425,-7.488414999999957],[112.7414271070643,-7.487925000000004],[112.74157710706427,-7.487484999999925],[112.74159710706434,-7.487314999999981],[112.74155710706431,-7.487204999999939],[112.74151710706428,-7.487124999999981],[112.74150710706425,-7.486984999999944],[112.74163710706426,-7.486174999999982],[112.74166710706426,-7.48606499999994],[112.74177710706431,-7.485984999999893],[112.7423771070643,-7.486094999999935],[112.74276710706432,-7.486224999999944],[112.74293710706418,-7.486284999999935],[112.7433571070643,-7.48631499999993],[112.74363710706427,-7.48631499999993],[112.74386710706422,-7.4863549999999535],[112.74435710706426,-7.486834999999967],[112.74448710706426,-7.486924999999953],[112.7447771070642,-7.487135000000009],[112.74505710706417,-7.48732499999992],[112.74522710706421,-7.487464999999958],[112.7455071070642,-7.487564999999972],[112.7457371070643,-7.487624999999962],[112.74580710706424,-7.487664999999986],[112.74576710706421,-7.487974999999967],[112.74581710706417,-7.48820499999999],[112.74606710706425,-7.488744999999994],[112.74593710706425,-7.489084999999971],[112.74579710706429,-7.489464999999971],[112.74582710706429,-7.489564999999896],[112.74597710706426,-7.489954999999924],[112.74593710706425,-7.490074999999905],[112.74583710706432,-7.49041499999997],[112.74568710706417,-7.491074999999956],[112.74562710706427,-7.491345000000003],[112.74557710706421,-7.491594999999993],[112.74561710706423,-7.491714999999974],[112.7457371070643,-7.492094999999974],[112.74569710706429,-7.492254999999979],[112.74564710706431,-7.492295000000002],[112.74533710706424,-7.4923350000000255],[112.74525710706429,-7.49237499999996],[112.7451971070643,-7.492484999999913],[112.74517710706425,-7.492585000000016],[112.74514710706416,-7.492744999999932],[112.74501710706433,-7.493064999999941],[112.7448771070643,-7.493274999999908],[112.74476710706425,-7.493474999999936],[112.74730710706417,-7.494934999999945]]]},"properties":{"KDPPUM":"","NAMOBJ":"Kalipecabean","REMARK":"","KDPBPS":"","FCODE":"BA03060060","LUASWH":0,"UUPP":"","SRS_ID":"SRGI 2013","LCODE":"","METADATA":"","KDEBPS":"","KDEPUM":"","KDCBPS":"","KDCPUM":"","KDBBPS":"","KDBPUM":"","WADMKD":"Kalipecabean","WIADKD":"","WADMKC":"Candi","WIADKC":"","WADMKK":"Sidoarjo","WIADKK":"","WADMPR":"Jawa Timur","WIADPR":"","TIPADM":0,"SHAPE_Leng":0.07544926855,"SHAPE_Area":0.00011460445}},
{"type":"Feature","geometry":{"type":"Polygon","coordinates":[[[112.68826379461012,-7.4797943080848635],[112.68812379461016,-7.479774308084807],[112.68790379461008,-7.479724308084845],[112.68739379461016,-7.4795943080848355],[112.68715379461011,-7.479544308084873],[112.68688379461007,-7.47949430808491],[112.68672379461015,-7.479464308084915],[112.68656379461005,-7.479424308084892],[112.68613379461019,-7.479324308084878],[112.68558379461007,-7.479234308084803],[112.68523379461014,-7.479174308084901],[112.68480379461009,-7.479094308084854],[112.6845837946101,-7.479064308084859],[112.68437379461014,-7.479024308084836],[112.68403379461016,-7.479034308084864],[112.6838237946101,-7.4790143080848965],[112.68366379461018,-7.478914308084883],[112.68355379461005,-7.478734308084822],[112.68345379461013,-7.478654308084864],[112.6832537946102,-7.47855430808485],[112.68304379461013,-7.478504308084887],[112.68283379461008,-7.478604308084813],[112.68266379461014,-7.478814308084869],[112.6826837946101,-7.478884308084887],[112.68279379461005,-7.47930430808491],[112.68283379461008,-7.47962430808492],[112.68283379461008,-7.480444308084821],[112.68282379461014,-7.480534308084896],[112.68280379461017,-7.480924308084835],[112.68280379461017,-7.481304308084835],[112.68316379461011,-7.481354308084886],[112.68352379461015,-7.481434308084844],[112.68377379461005,-7.481544308084886],[112.68387379461007,-7.481644308084811],[112.68390379461015,-7.481694308084863],[112.68392379461021,-7.481754308084853],[112.68407379461009,-7.4827943080849275],[112.68428379461015,-7.482804308084867],[112.68446379461021,-7.482834308084862],[112.68472379461005,-7.482924308084848],[112.6851237946101,-7.483134308084904],[112.68549379461008,-7.483334308084932],[112.68554379461013,-7.483364308084838],[112.68576379461004,-7.483494308084848],[112.68590379461016,-7.483644308084824],[112.68605379461013,-7.484024308084824],[112.68612379461007,-7.484144308084894],[112.6862637946102,-7.484244308084908],[112.68644379461017,-7.484284308084843],[112.68683379461011,-7.484404308084824],[112.68697379461005,-7.484634308084847],[112.68723379461007,-7.48506430808481],[112.68744379461013,-7.48543430808487],[112.68749379461018,-7.4854643080848655],[112.68755379461008,-7.485484308084833],[112.68764379461007,-7.485524308084856],[112.68783379461007,-7.485544308084912],[112.68798379461013,-7.4855643080848795],[112.68817379461014,-7.485584308084847],[112.68830379461014,-7.485594308084875],[112.6885437946101,-7.485614308084842],[112.68890379461014,-7.485834308084926],[112.68922379461006,-7.485994308084842],[112.6893037946101,-7.485994308084842],[112.68942379461018,-7.485944308084879],[112.68951379461016,-7.485834308084926],[112.68961379461008,-7.485704308084917],[112.68970379461015,-7.485794308084903],[112.68976379461006,-7.485854308084805],[112.68981379461012,-7.485914308084884],[112.68985379461004,-7.486014308084898],[112.68999379461009,-7.486404308084837],[112.69024379461017,-7.486674308084884],[112.69033379461015,-7.486774308084809],[112.69040379461008,-7.48682430808486],[112.6905437946102,-7.486924308084874],[112.69104379461018,-7.487244308084883],[112.69111379461012,-7.487294308084846],[112.69119379461007,-7.487354308084837],[112.69128379461014,-7.487414308084916],[112.69187379461012,-7.487604308084827],[112.6917737946101,-7.487904308084869],[112.69295379461012,-7.488304308084836],[112.69394379461015,-7.488634308084873],[112.69466379461012,-7.488884308084864],[112.69445379461007,-7.489404308084901],[112.69440379461011,-7.489494308084887],[112.69434379461012,-7.489644308084864],[112.69429379461015,-7.489754308084906],[112.69425379461013,-7.489864308084859],[112.69422379461004,-7.489954308084934],[112.69418379461011,-7.490084308084854],[112.69412379461012,-7.490274308084854],[112.6940837946101,-7.490374308084868],[112.6940837946101,-7.490484308084821],[112.69412379461012,-7.490544308084901],[112.69418379461011,-7.490594308084863],[112.69441379461013,-7.490714308084844],[112.69450379461021,-7.490764308084896],[112.6945937946102,-7.490814308084858],[112.69474379461018,-7.490884308084877],[112.69494379461011,-7.491004308084858],[112.69501379461013,-7.491074308084877],[112.6950337946101,-7.491194308084858],[112.69506379461009,-7.491354308084863],[112.6951337946102,-7.491524308084807],[112.69521379461007,-7.491634308084849],[112.69537379461016,-7.491694308084839],[112.69555379461013,-7.4918143080848205],[112.69565379461015,-7.491884308084839],[112.69571379461004,-7.4919243080848625],[112.69578379461015,-7.491984308084853],[112.69592379461011,-7.492094308084895],[112.69667379461016,-7.492284308084895],[112.69685379461013,-7.4923243080849184],[112.6978237946101,-7.492554308084853],[112.69815379461014,-7.492904308084857],[112.6986137946101,-7.491914308084923],[112.69883379461018,-7.491444308084849],[112.69939379461006,-7.4900343080848915],[112.69990379461008,-7.488764308084883],[112.70040379461014,-7.486644308084888],[112.70032379461018,-7.484554308084889],[112.69998379461012,-7.484444308084847],[112.6995637946101,-7.484334308084894],[112.69921379461009,-7.484274308084815],[112.69897379461013,-7.484274308084815],[112.69860379461016,-7.484274308084815],[112.69819379461008,-7.484284308084843],[112.69796379461005,-7.484214308084913],[112.69767379461013,-7.484034308084852],[112.69743379461016,-7.48385430808488],[112.69708379461017,-7.483534308084871],[112.69681379461011,-7.483234308084829],[112.69591379461016,-7.482814308084806],[112.69558379461022,-7.4826743080848575],[112.69501379461013,-7.48265430808489],[112.69467379461007,-7.482604308084839],[112.69450379461021,-7.4825743080848435],[112.69404379461007,-7.482504308084914],[112.6936737946101,-7.4824743080848295],[112.69330379461013,-7.482384308084844],[112.69283379461005,-7.482184308084816],[112.69238379461004,-7.481864308084895],[112.69185379461015,-7.481404308084849],[112.6912337946101,-7.480924308084835],[112.69116379461008,-7.480854308084816],[112.6912037946101,-7.480584308084858],[112.69122379461015,-7.480464308084877],[112.6911737946102,-7.480434308084882],[112.69110379461009,-7.480484308084844],[112.69102379461013,-7.480484308084844],[112.69086379461012,-7.480454308084849],[112.69064379461012,-7.480414308084915],[112.69038379461011,-7.480334308084868],[112.69017379461006,-7.480264308084849],[112.69004379461013,-7.480214308084887],[112.6898737946102,-7.480144308084868],[112.68938379461015,-7.479994308084891],[112.68896379461022,-7.479914308084845],[112.68826379461012,-7.4797943080848635]]]},"properties":{"KDPPUM":"","NAMOBJ":"Karangtanjung","REMARK":"","KDPBPS":"","FCODE":"BA03060060","LUASWH":0,"UUPP":"","SRS_ID":"SRGI 2013","LCODE":"","METADATA":"","KDEBPS":"","KDEPUM":"","KDCBPS":"","KDCPUM":"","KDBBPS":"","KDBPUM":"","WADMKD":"Karangtanjung","WIADKD":"","WADMKC":"Candi","WIADKC":"","WADMKK":"Sidoarjo","WIADKK":"","WADMPR":"Jawa Timur","WIADPR":"","TIPADM":0,"SHAPE_Leng":0.0534399687,"SHAPE_Area":0.0001075757}},
{"type":"Feature","geometry":{"type":"Polygon","coordinates":[[[112.71820000000005,-7.478041383830151],[112.71788999999998,-7.47798138383016],[112.71712000000005,-7.4777013838301745],[112.71665000000006,-7.4781813838300994],[112.71622,-7.47862138383009],[112.71616000000002,-7.478661383830113],[112.71605000000015,-7.478781383830183],[112.71601000000013,-7.478911383830104],[112.71594000000002,-7.479091383830076],[112.71588000000013,-7.479231383830113],[112.71579000000004,-7.479391383830118],[112.71571000000009,-7.479551383830122],[112.71560000000014,-7.480031383830136],[112.71509000000003,-7.479931383830122],[112.71491000000006,-7.480821383830131],[112.7148900000001,-7.4809613838300795],[112.71551000000015,-7.4818613838301165],[112.71556000000011,-7.481921383830107],[112.71614000000014,-7.482601383830149],[112.71608000000006,-7.482681383830107],[112.71560000000014,-7.483831383830134],[112.71551000000015,-7.484091383830064],[112.71549,-7.484171383830111],[112.71535999999999,-7.484821383830157],[112.71529000000007,-7.485221383830124],[112.71528000000004,-7.485301383830082],[112.71519000000005,-7.485631383830119],[112.71493000000012,-7.486591383830147],[112.71515000000012,-7.486681383830133],[112.71566000000004,-7.486801383830114],[112.71668000000014,-7.487031383830137],[112.71715000000005,-7.487131383830063],[112.71897,-7.487521383830179],[112.71839000000014,-7.489271383830113],[112.71887000000007,-7.489491383830108],[112.71923000000001,-7.489641383830174],[112.71994000000005,-7.489941383830127],[112.71988000000015,-7.490341383830094],[112.71984000000012,-7.491051383830131],[112.71982000000007,-7.4912013838301075],[112.71990000000002,-7.491221383830164],[112.72018000000001,-7.4913013838301215],[112.72078000000009,-7.491481383830182],[112.72100000000009,-7.491541383830084],[112.72130000000004,-7.491581383830107],[112.7218600000001,-7.491731383830173],[112.72234999999996,-7.491841383830126],[112.7226800000001,-7.4919013838301165],[112.72333000000005,-7.492071383830149],[112.72339000000014,-7.491831383830098],[112.72351000000002,-7.491861383830182],[112.72371000000014,-7.491921383830084],[112.72383000000004,-7.491951383830168],[112.72390000000006,-7.491971383830135],[112.72401,-7.491641383830187],[112.72405999999997,-7.491481383830182],[112.72422000000006,-7.491491383830121],[112.72434000000013,-7.491501383830149],[112.72430000000011,-7.491811383830131],[112.72429000000008,-7.491891383830177],[112.72445000000009,-7.491931383830112],[112.72454000000008,-7.491961383830107],[112.72459999999997,-7.491971383830135],[112.72464,-7.492051383830093],[112.72563000000002,-7.492491383830172],[112.72571000000006,-7.492531383830107],[112.72606000000007,-7.4927013838301395],[112.72627000000013,-7.4921013838301445],[112.7264200000001,-7.491651383830126],[112.72657000000008,-7.4912113838301355],[112.7266400000001,-7.491011383830108],[112.7267000000001,-7.490851383830192],[112.72680000000001,-7.490571383830117],[112.72694000000006,-7.490141383830155],[112.72713000000014,-7.4897213838301315],[112.7275300000001,-7.488851383830179],[112.72713000000014,-7.488751383830076],[112.72732000000005,-7.487921383830146],[112.72748000000006,-7.487211383830109],[112.72759000000009,-7.487121383830123],[112.7279400000001,-7.486871383830133],[112.72834000000016,-7.48657138383018],[112.72888000000016,-7.48619138383018],[112.73021000000007,-7.485511383830138],[112.73016000000011,-7.485411383830124],[112.73010000000012,-7.485281383830115],[112.72890000000004,-7.485141383830166],[112.72884000000013,-7.485131383830138],[112.72817000000012,-7.485081383830087],[112.72811000000004,-7.485081383830087],[112.72797000000001,-7.485071383830148],[112.72749000000009,-7.48512138383011],[112.72749000000009,-7.484711383830115],[112.72756000000001,-7.484191383830167],[112.72761000000007,-7.484041383830101],[112.72770000000006,-7.483801383830139],[112.72786000000005,-7.483331383830153],[112.72798000000013,-7.482991383830177],[112.72803000000009,-7.482901383830191],[112.7281300000001,-7.482701383830163],[112.72788000000003,-7.482611383830177],[112.72804000000012,-7.482081383830112],[112.72814000000004,-7.4817713838301305],[112.72823000000002,-7.481481383830117],[112.72829000000002,-7.481261383830121],[112.72841000000008,-7.480901383830178],[112.72841000000008,-7.480791383830136],[112.72842000000003,-7.480731383830145],[112.72843000000015,-7.480501383830122],[112.72840000000006,-7.480291383830155],[112.72833000000004,-7.480201383830169],[112.72820000000003,-7.48026138383007],[112.72651000000009,-7.4809613838300795],[112.72596000000014,-7.481131383830112],[112.72563000000002,-7.48121138383007],[112.72513000000004,-7.481301383830145],[112.7249300000001,-7.481311383830173],[112.72450000000005,-7.48133138383014],[112.72362000000007,-7.481321383830112],[112.72184999999999,-7.48121138383007],[112.72124000000005,-7.4811813838301635],[112.72083000000006,-7.481201383830131],[112.72013000000005,-7.481251383830093],[112.71972000000005,-7.481241383830154],[112.71902000000013,-7.4811913838301916],[112.71820000000005,-7.48114138383014],[112.71749000000011,-7.48114138383014],[112.71715000000005,-7.481161383830107],[112.7169500000001,-7.4811713838301355],[112.71666000000009,-7.481201383830131],[112.71688000000009,-7.480641383830159],[112.71691000000008,-7.480591383830108],[112.71708000000002,-7.4801713838300845],[112.71754000000007,-7.47893138383016],[112.71796000000009,-7.479061383830169],[112.71803000000011,-7.478561383830099],[112.71805000000008,-7.478501383830109],[112.71813000000013,-7.478261383830146],[112.71820000000005,-7.478041383830151]]]},"properties":{"KDPPUM":"","NAMOBJ":"Kebonsari","REMARK":"","KDPBPS":"","FCODE":"BA03060060","LUASWH":0,"UUPP":"","SRS_ID":"SRGI 2013","LCODE":"","METADATA":"","KDEBPS":"","KDEPUM":"","KDCBPS":"","KDCPUM":"","KDBBPS":"","KDBPUM":"","WADMKD":"Kebonsari","WIADKD":"","WADMKC":"Candi","WIADKC":"","WADMKK":"Sidoarjo","WIADKK":"","WADMPR":"Jawa Timur","WIADPR":"","TIPADM":0,"SHAPE_Leng":0.06166786577,"SHAPE_Area":0.00011950815}},
{"type":"Feature","geometry":{"type":"Polygon","coordinates":[[[112.70074000000012,-7.472739999999964],[112.69970000000005,-7.47263999999995],[112.69729000000004,-7.472120000000002],[112.69590999999998,-7.471799999999993],[112.69504000000003,-7.471489999999923],[112.69443000000001,-7.471289999999984],[112.69391000000006,-7.471369999999942],[112.69272000000001,-7.471879999999951],[112.69268000000008,-7.471789999999965],[112.69226000000005,-7.470909999999984],[112.69177,-7.470679999999961],[112.69123,-7.470389999999947],[112.69092000000002,-7.470219999999914],[112.68991000000004,-7.4733399999999595],[112.6898400000001,-7.473539999999987],[112.68980000000008,-7.473689999999964],[112.68977000000008,-7.4737399999999266],[112.68945000000008,-7.4747399999999775],[112.6893000000001,-7.475199999999935],[112.68917000000009,-7.475589999999963],[112.6891400000001,-7.475679999999949],[112.68906999999999,-7.475869999999949],[112.68899000000012,-7.476109999999911],[112.68895000000009,-7.476229999999893],[112.68878000000007,-7.4768099999999205],[112.6887600000001,-7.476879999999939],[112.6885400000001,-7.477659999999995],[112.68850000000008,-7.477799999999943],[112.68846000000005,-7.477979999999915],[112.68841000000009,-7.478239999999934],[112.6883800000001,-7.478459999999929],[112.68835000000001,-7.478729999999887],[112.6883200000001,-7.479019999999901],[112.68830000000005,-7.479229999999957],[112.68824000000006,-7.479829999999952],[112.68894000000016,-7.479949999999933],[112.6893600000001,-7.48002999999998],[112.68985000000013,-7.480179999999956],[112.69002000000008,-7.480249999999975],[112.69015,-7.4802999999999376],[112.69036000000006,-7.480369999999956],[112.69062000000007,-7.480450000000003],[112.69084000000007,-7.4804899999999375],[112.69100000000007,-7.480519999999933],[112.69108000000003,-7.480519999999933],[112.69115000000014,-7.48046999999997],[112.6912000000001,-7.4804999999999655],[112.69118000000005,-7.480619999999947],[112.69114000000002,-7.480889999999905],[112.69121000000004,-7.480959999999923],[112.6918300000001,-7.481439999999937],[112.69235999999998,-7.481899999999984],[112.69281,-7.482219999999904],[112.69328000000007,-7.482419999999932],[112.69365000000005,-7.482509999999918],[112.69402000000001,-7.482540000000002],[112.69448000000015,-7.482609999999932],[112.69465000000001,-7.482639999999927],[112.69499000000008,-7.4826899999999785],[112.69556000000016,-7.482709999999946],[112.6958900000001,-7.482849999999894],[112.69679000000005,-7.4832699999999175],[112.6970600000001,-7.483569999999959],[112.6974100000001,-7.483889999999969],[112.69765000000007,-7.4840699999999405],[112.69793999999999,-7.484250000000001],[112.69817000000002,-7.484319999999931],[112.6985800000001,-7.484309999999903],[112.69895000000007,-7.484309999999903],[112.69897999999998,-7.484250000000001],[112.69920000000006,-7.483539999999964],[112.69931000000011,-7.483339999999936],[112.69933000000007,-7.483259999999978],[112.69929000000005,-7.4831799999999316],[112.69931000000011,-7.482879999999978],[112.69934,-7.482700000000007],[112.69933000000007,-7.482569999999997],[112.69941000000003,-7.482259999999927],[112.69942000000006,-7.482149999999974],[112.69956,-7.481449999999965],[112.69970000000005,-7.480649999999942],[112.69977000000006,-7.4802999999999376],[112.69983000000005,-7.480049999999947],[112.69991000000002,-7.479929999999966],[112.70001000000002,-7.479880000000003],[112.70014999999998,-7.479880000000003],[112.70040000000006,-7.479949999999933],[112.70038000000008,-7.479790000000017],[112.70044000000007,-7.478989999999994],[112.70064000000002,-7.477179999999981],[112.70065000000014,-7.476969999999925],[112.70068999999998,-7.476429999999921],[112.70079000000008,-7.476109999999911],[112.70073000000001,-7.475889999999916],[112.70068000000003,-7.475729999999912],[112.70063000000007,-7.4755299999999725],[112.70074000000012,-7.475399999999963],[112.70082,-7.475299999999949],[112.70084000000004,-7.475189999999907],[112.70075000000006,-7.472859999999946],[112.70074000000012,-7.472739999999964]]]},"properties":{"KDPPUM":"","NAMOBJ":"Kedungkendo","REMARK":"","KDPBPS":"","FCODE":"BA03060060","LUASWH":0,"UUPP":"","SRS_ID":"SRGI 2013","LCODE":"","METADATA":"","KDEBPS":"","KDEPUM":"","KDCBPS":"","KDCPUM":"","KDBBPS":"","KDBPUM":"","WADMKD":"Kedungkendo","WIADKD":"","WADMKC":"Candi","WIADKC":"","WADMKK":"Sidoarjo","WIADKK":"","WADMPR":"Jawa Timur","WIADPR":"","TIPADM":0,"SHAPE_Leng":0.04560389002,"SHAPE_Area":0.00011953905}},
{"type":"Feature","geometry":{"type":"Polygon","coordinates":[[[112.77290000000006,-7.4851448215597],[112.77270000000013,-7.485234821559775],[112.77265000000007,-7.485384821559663],[112.77258000000005,-7.485554821559695],[112.77254000000003,-7.4857148215597],[112.77252000000006,-7.486074821559733],[112.77257000000012,-7.4863648215597465],[112.77270000000013,-7.486784821559681],[112.77302000000013,-7.487534821559741],[112.77345000000001,-7.488114821559769],[112.77352000000012,-7.4882548215597176],[112.77350000000006,-7.4883448215597035],[112.77338000000007,-7.488574821559727],[112.77336000000003,-7.488674821559741],[112.77346000000013,-7.48887482155968],[112.7736100000001,-7.489084821559736],[112.77378000000013,-7.489284821559675],[112.7739600000001,-7.48950482155967],[112.77397000000005,-7.489584821559717],[112.77388000000006,-7.48981482155974],[112.77384000000004,-7.489994821559712],[112.77387000000012,-7.490134821559749],[112.77399000000001,-7.490394821559768],[112.77406000000012,-7.4906348215597305],[112.77402000000009,-7.490784821559707],[112.77389000000008,-7.491104821559716],[112.77357000000008,-7.491654821559749],[112.77347000000006,-7.491684821559744],[112.77333000000012,-7.491654821559749],[112.77306000000007,-7.491594821559758],[112.77270000000013,-7.491574821559702],[112.77257000000012,-7.491634821559693],[112.77237,-7.491714821559739],[112.77209,-7.491784821559758],[112.77201000000005,-7.491714821559739],[112.77182000000005,-7.491404821559758],[112.77169000000005,-7.4912248215596975],[112.77158000000009,-7.491074821559721],[112.77145000000009,-7.4904348215597025],[112.7713900000001,-7.490374821559712],[112.77132000000007,-7.490294821559665],[112.7711700000001,-7.490234821559763],[112.77092000000002,-7.490184821559712],[112.77070000000002,-7.490124821559721],[112.77065000000006,-7.490064821559731],[112.77065999999999,-7.489974821559745],[112.77070000000002,-7.489724821559754],[112.77064000000003,-7.489534821559754],[112.77053,-7.489424821559712],[112.77042000000003,-7.489384821559689],[112.77032000000011,-7.489414821559684],[112.77017000000005,-7.489514821559698],[112.77001000000004,-7.489674821559703],[112.76986000000015,-7.489824821559679],[112.76972000000002,-7.48981482155974],[112.76962000000002,-7.489774821559717],[112.76952000000009,-7.489654821559736],[112.76937000000011,-7.489374821559661],[112.76926000000007,-7.4890348215596845],[112.76927,-7.488824821559717],[112.76932000000015,-7.488764821559727],[112.7694300000001,-7.488694821559708],[112.76950000000012,-7.488644821559745],[112.76953999999996,-7.488534821559703],[112.76950000000012,-7.4884548215597455],[112.76944999999998,-7.488314821559708],[112.76947000000004,-7.488194821559727],[112.76948000000006,-7.487974821559732],[112.76942000000007,-7.48786482155969],[112.7693,-7.487804821559699],[112.76913000000006,-7.487784821559732],[112.76884000000004,-7.487704821559685],[112.76869000000006,-7.487574821559765],[112.76845000000002,-7.487404821559732],[112.76823000000002,-7.48729482155969],[112.76809000000007,-7.487274821559723],[112.76798000000012,-7.487324821559685],[112.76786999999999,-7.487434821559727],[112.76775000000009,-7.487524821559713],[112.76761000000015,-7.4875548215597085],[112.76735000000004,-7.487594821559732],[112.76725000000012,-7.487634821559666],[112.76715000000002,-7.48767482155969],[112.76701000000007,-7.487634821559666],[112.76675000000013,-7.487514821559685],[112.76653000000015,-7.487344821559741],[112.76649000000012,-7.487154821559741],[112.76645000000009,-7.486944821559774],[112.76637000000005,-7.486894821559723],[112.76618000000005,-7.4868648215597275],[112.7658500000001,-7.486834821559732],[112.76574000000005,-7.486744821559746],[112.76565000000006,-7.486594821559681],[112.7653100000001,-7.485984821559747],[112.76512000000001,-7.485794821559658],[112.76494000000004,-7.485624821559714],[112.76490000000001,-7.4855248215597],[112.76481000000003,-7.485234821559775],[112.76470000000008,-7.485104821559766],[112.76457000000006,-7.485034821559747],[112.76439000000009,-7.485014821559691],[112.76427000000002,-7.4849748215597565],[112.76425000000005,-7.484904821559738],[112.76426000000008,-7.484744821559733],[112.76431000000004,-7.484644821559719],[112.76442000000009,-7.484504821559682],[112.76453999999998,-7.4844648215596585],[112.76479000000006,-7.484384821559701],[112.76493000000009,-7.484274821559747],[112.76498000000005,-7.484164821559705],[112.76505000000007,-7.483904821559776],[112.76505000000007,-7.48369482155972],[112.76500000000011,-7.483424821559673],[112.76491000000013,-7.483274821559785],[112.76476000000007,-7.483154821559715],[112.76440000000002,-7.482854821559762],[112.7641400000001,-7.4826948215597575],[112.76402000000012,-7.4826848215597295],[112.76387000000014,-7.482724821559753],[112.76368000000005,-7.4827848215597434],[112.76359000000006,-7.482754821559659],[112.76325000000008,-7.482514821559697],[112.76322,-7.482434821559739],[112.76315000000008,-7.482374821559748],[112.76308000000006,-7.482324821559697],[112.763,-7.482264821559706],[112.76293000000008,-7.482204821559716],[112.76286000000006,-7.48217482155972],[112.76287,-7.48211482155973],[112.76286000000006,-7.481804821559749],[112.76289000000006,-7.481554821559669],[112.76295000000005,-7.4811948215597255],[112.76282000000003,-7.48116482155973],[112.76261000000007,-7.481054821559688],[112.76241999999998,-7.480624821559726],[112.76223000000007,-7.479854821559698],[112.76213000000006,-7.479254821559703],[112.76207000000007,-7.478684821559703],[112.76201000000007,-7.478584821559689],[112.76199000000011,-7.4785248215597875],[112.76196000000003,-7.478464821559708],[112.76194000000005,-7.478404821559717],[112.76190000000013,-7.478334821559699],[112.7618600000001,-7.478254821559741],[112.76182000000007,-7.478174821559694],[112.76177000000011,-7.478084821559708],[112.76172000000007,-7.477994821559722],[112.76165999999998,-7.477894821559708],[112.76161000000002,-7.477804821559722],[112.76155000000003,-7.477704821559708],[112.76150000000007,-7.4776248215597505],[112.76145000000011,-7.477544821559704],[112.76141000000008,-7.477474821559685],[112.76138,-7.4774148215596945],[112.76129000000002,-7.477284821559685],[112.76029000000005,-7.477274821559746],[112.76022000000012,-7.477284821559685],[112.76029999999999,-7.47750482155968],[112.76029000000005,-7.477724821559676],[112.76028000000011,-7.477894821559708],[112.75982000000006,-7.47781482155975],[112.75927000000003,-7.477714821559736],[112.75898000000011,-7.477694821559769],[112.75895000000003,-7.477554821559732],[112.75884000000006,-7.4774248215597225],[112.75878000000007,-7.477334821559737],[112.75882000000001,-7.477174821559732],[112.75889000000004,-7.476854821559723],[112.75899000000004,-7.476334821559686],[112.75886000000004,-7.476254821559728],[112.75849000000007,-7.476074821559756],[112.75813000000004,-7.476004821559737],[112.75776000000006,-7.475914821559751],[112.75766000000013,-7.475904821559723],[112.75756000000003,-7.475884821559667],[112.75750000000004,-7.475874821559728],[112.75744000000005,-7.4758648215597],[112.75728999999998,-7.475364821559719],[112.75726000000007,-7.475284821559761],[112.75671000000014,-7.475304821559728],[112.7565400000001,-7.475284821559761],[112.75645000000011,-7.475284821559761],[112.75620999999998,-7.475274821559733],[112.75577000000007,-7.4752248215596815],[112.75548000000006,-7.47503482155977],[112.75529000000006,-7.474964821559663],[112.75519000000004,-7.474924821559728],[112.75489,-7.474864821559738],[112.7547300000001,-7.474714821559672],[112.75453000000006,-7.474504821559705],[112.75443000000004,-7.474484821559738],[112.75428000000007,-7.4746448215597425],[112.75418000000006,-7.474674821559738],[112.75411000000013,-7.474894821559733],[112.75399000000006,-7.474884821559705],[112.75386999999999,-7.474844821559682],[112.75385000000001,-7.4747348215597285],[112.75377000000006,-7.4743348215596725],[112.75358000000006,-7.474274821559771],[112.75336000000007,-7.474264821559743],[112.75323999999999,-7.474274821559771],[112.7532100000001,-7.47440482155978],[112.75318,-7.474484821559738],[112.75296000000002,-7.474654821559771],[112.75274000000002,-7.4747348215597285],[112.75255000000001,-7.474794821559719],[112.75240000000004,-7.474864821559738],[112.75226000000009,-7.474874821559677],[112.75210000000008,-7.474864821559738],[112.75210000000008,-7.474674821559738],[112.75219000000007,-7.474294821559738],[112.75222000000007,-7.474164821559729],[112.75218000000004,-7.474034821559719],[112.75205000000004,-7.473874821559715],[112.75187000000007,-7.4737448215597055],[112.75174999999999,-7.473824821559752],[112.75139000000004,-7.473884821559654],[112.75119000000011,-7.4739348215597055],[112.75084000000001,-7.47402482155978],[112.74999000000003,-7.473894821559682],[112.74979000000009,-7.473864821559776],[112.74940000000007,-7.473804821559696],[112.74904999999997,-7.4737448215597055],[112.74892000000014,-7.47371482155971],[112.74866000000011,-7.473684821559715],[112.74850000000002,-7.473664821559748],[112.74833,-7.473724821559738],[112.74813999999999,-7.473764821559673],[112.74800999999998,-7.473754821559734],[112.74773000000009,-7.4737448215597055],[112.74746999999998,-7.473664821559748],[112.74695000000013,-7.473594821559729],[112.74654000000012,-7.475344821559663],[112.74653,-7.475424821559709],[112.74670000000005,-7.475514821559695],[112.74773000000009,-7.475694821559756],[112.74791000000006,-7.475744821559719],[112.74808000000009,-7.475794821559681],[112.74807000000007,-7.4760148215596764],[112.74796000000002,-7.476444821559728],[112.74774000000002,-7.476934821559681],[112.74760000000008,-7.477204821559727],[112.74737999999999,-7.477574821559699],[112.74729,-7.477774821559727],[112.7474500000001,-7.4780148215596896],[112.7474800000001,-7.478124821559732],[112.74763000000007,-7.478534821559727],[112.74785000000007,-7.47857482155975],[112.74808000000009,-7.478604821559745],[112.74810000000006,-7.478864821559764],[112.74809000000003,-7.478924821559666],[112.74819000000005,-7.478974821559717],[112.74832000000005,-7.4790148215597405],[112.74839000000007,-7.479074821559731],[112.74841000000004,-7.479174821559656],[112.74837000000002,-7.479374821559684],[112.7482100000001,-7.479764821559712],[112.7486200000001,-7.479924821559717],[112.74907000000012,-7.479984821559707],[112.74907000000012,-7.480354821559768],[112.74914000000004,-7.480704821559684],[112.74911000000004,-7.4810948215597115],[112.74911000000004,-7.481184821559697],[112.74914000000004,-7.481564821559786],[112.74908000000005,-7.481824821559716],[112.74908000000005,-7.482184821559748],[112.74907000000012,-7.482354821559781],[112.74907000000012,-7.482644821559706],[112.74904000000004,-7.4832848215597245],[112.74942000000011,-7.483714821559687],[112.74878000000001,-7.483804821559673],[112.74707000000001,-7.484104821559715],[112.74706000000008,-7.4847748215597285],[112.74703000000008,-7.485344821559728],[112.74707000000001,-7.485854821559737],[112.74719000000009,-7.485744821559695],[112.74752000000004,-7.485544821559667],[112.7476700000001,-7.485494821559705],[112.74787999999998,-7.4855248215597],[112.74810000000006,-7.485614821559686],[112.74833,-7.4857748215597795],[112.74863000000003,-7.486484821559728],[112.74867000000006,-7.486704821559723],[112.74864000000007,-7.486904821559751],[112.74864000000007,-7.4870548215597275],[112.74895000000005,-7.487574821559765],[112.74924000000006,-7.488094821559713],[112.74929000000012,-7.488164821559732],[112.74952000000005,-7.488084821559685],[112.74969000000007,-7.487974821559732],[112.74982000000008,-7.487834821559694],[112.74993000000003,-7.487634821559666],[112.7499800000001,-7.487474821559751],[112.74999000000003,-7.487274821559723],[112.74990000000004,-7.487074821559695],[112.74986000000003,-7.48697482155977],[112.74989000000002,-7.486814821559765],[112.74989000000002,-7.486714821559662],[112.74987000000014,-7.486614821559737],[112.74990000000004,-7.486554821559746],[112.75001000000009,-7.486514821559723],[112.75015000000003,-7.486504821559695],[112.75030000000001,-7.486574821559714],[112.75043000000002,-7.486694821559695],[112.75049000000001,-7.486814821559765],[112.75055000000009,-7.48697482155977],[112.75066000000004,-7.487044821559699],[112.75082000000005,-7.487154821559741],[112.7510000000001,-7.487284821559751],[112.75131000000009,-7.487364821559709],[112.75147000000001,-7.487414821559671],[112.75160000000001,-7.487444821559755],[112.75162000000016,-7.487314821559746],[112.75161000000004,-7.487194821559765],[112.75179000000001,-7.487324821559685],[112.75196000000005,-7.4875448215596805],[112.75234000000013,-7.488104821559741],[112.75237999999999,-7.488394821559755],[112.75235000000008,-7.488644821559745],[112.75226000000009,-7.4889448215596985],[112.75196999999999,-7.489514821559698],[112.75187000000007,-7.489574821559689],[112.75174999999999,-7.489574821559689],[112.75135000000012,-7.48956482155975],[112.75103000000001,-7.489644821559708],[112.75056000000004,-7.489874821559731],[112.75037000000012,-7.490024821559707],[112.75000000000014,-7.490354821559745],[112.74993000000003,-7.490414821559735],[112.7497300000001,-7.490524821559777],[112.74967000000002,-7.490614821559763],[112.74958000000004,-7.490864821559754],[112.74961000000012,-7.49101482155973],[112.7497000000001,-7.491284821559688],[112.7497300000001,-7.491564821559763],[112.74968000000005,-7.491674821559716],[112.74948000000002,-7.492114821559706],[112.74949000000005,-7.492634821559744],[112.7491900000001,-7.493664821559701],[112.74909,-7.49379482155971],[112.74868,-7.494184821559738],[112.74845000000006,-7.4943148215597475],[112.74813999999999,-7.494444821559757],[112.74791000000006,-7.494454821559696],[112.74750000000006,-7.494494821559719],[112.74733999999997,-7.494564821559738],[112.74728000000007,-7.494634821559757],[112.74724999999998,-7.49474482155971],[112.74727000000004,-7.494924821559682],[112.74733999999997,-7.495064821559719],[112.74757000000008,-7.495384821559728],[112.74773000000009,-7.495644821559747],[112.74785000000007,-7.495894821559737],[112.74794000000006,-7.496074821559709],[112.74808000000009,-7.4963948215597185],[112.74820000000007,-7.496614821559714],[112.74822000000005,-7.496794821559686],[112.7482100000001,-7.497114821559695],[112.74813000000006,-7.497494821559695],[112.74800999999998,-7.497854821559727],[112.7478900000001,-7.497994821559676],[112.74774000000002,-7.49809482155969],[112.74756000000005,-7.498164821559708],[112.74733999999997,-7.498174821559736],[112.74719000000009,-7.498174821559736],[112.74692000000003,-7.498184821559764],[112.74638000000003,-7.497994821559676],[112.74628000000011,-7.49796482155968],[112.74602000000009,-7.497934821559774],[112.74595000000006,-7.497994821559676],[112.74595000000006,-7.498104821559718],[112.74598000000006,-7.498474821559778],[112.74592000000007,-7.498774821559731],[112.7458,-7.499244821559717],[112.74572000000005,-7.499734821559759],[112.74566999999999,-7.499904821559703],[112.74559000000012,-7.500164821559721],[112.74560000000007,-7.500294821559731],[112.74571000000002,-7.500544821559721],[112.74584000000003,-7.500904821559754],[112.74585000000006,-7.50124482155973],[112.74611000000007,-7.501194821559679],[112.74660000000003,-7.501094821559754],[112.74724999999998,-7.500844821559763],[112.74759000000005,-7.500684821559759],[112.7478900000001,-7.500524821559754],[112.74823000000006,-7.500344821559693],[112.7484300000001,-7.500334821559665],[112.74878000000001,-7.500394821559745],[112.74925000000009,-7.500604821559712],[112.7497000000001,-7.500854821559702],[112.75000000000014,-7.501024821559735],[112.75030000000001,-7.50118482155974],[112.75048000000007,-7.501154821559744],[112.75079000000005,-7.501094821559754],[112.75110000000004,-7.501044821559702],[112.75139000000004,-7.501034821559674],[112.75171000000014,-7.501034821559674],[112.75196000000005,-7.50099482155974],[112.75212000000015,-7.500814821559768],[112.75225000000015,-7.5005748215597166],[112.75228000000006,-7.500504821559698],[112.75244000000006,-7.500394821559745],[112.75269999999999,-7.500324821559726],[112.75291000000004,-7.500294821559731],[112.75320000000015,-7.500294821559731],[112.75345999999999,-7.50023482155974],[112.75393000000007,-7.500244821559679],[112.75420000000011,-7.500304821559759],[112.75447000000007,-7.500334821559665],[112.75474000000011,-7.500284821559703],[112.75566000000003,-7.500284821559703],[112.75610000000002,-7.500334821559665],[112.75641000000009,-7.500314821559698],[112.75671000000014,-7.500274821559763],[112.75714,-7.500274821559763],[112.75766000000013,-7.500314821559698],[112.75791999999997,-7.500394821559745],[112.75830000000006,-7.500544821559721],[112.75870000000012,-7.500634821559707],[112.75905000000013,-7.500694821559698],[112.75930000000002,-7.500754821559688],[112.75962999999997,-7.500814821559768],[112.76027000000008,-7.500904821559754],[112.76089000000005,-7.50099482155974],[112.76141000000008,-7.501064821559758],[112.76184000000005,-7.50118482155974],[112.76206000000003,-7.5012548215596695],[112.76236000000009,-7.501374821559651],[112.76264000000006,-7.5014648215597255],[112.76294000000011,-7.501514821559777],[112.76325000000008,-7.501604821559763],[112.76361000000013,-7.501724821559744],[112.76384000000006,-7.501784821559735],[112.7641100000001,-7.501844821559725],[112.76436000000001,-7.501904821559716],[112.7645500000001,-7.501964821559707],[112.76486000000007,-7.502084821559688],[112.76526000000004,-7.5021548215597065],[112.76552000000007,-7.5022648215597485],[112.76594000000009,-7.502554821559762],[112.76596000000005,-7.502644821559748],[112.76594000000009,-7.502794821559725],[112.76591000000009,-7.5029648215597575],[112.76590000000006,-7.503124821559673],[112.76590000000006,-7.503184821559753],[112.76595000000012,-7.503314821559762],[112.76603000000016,-7.503354821559697],[112.76609000000006,-7.503374821559664],[112.76626000000009,-7.503374821559664],[112.76647000000006,-7.503384821559692],[112.76667000000009,-7.503404821559748],[112.76694000000013,-7.503484821559706],[112.76717000000006,-7.5035548215597245],[112.7673400000001,-7.503604821559776],[112.76745000000005,-7.50358482155972],[112.76758000000007,-7.50351482155979],[112.76789000000005,-7.503534821559668],[112.76843000000005,-7.503744821559724],[112.76860000000008,-7.503784821559748],[112.76868000000005,-7.503794821559687],[112.76895,-7.50402482155971],[112.76907000000007,-7.50415482155972],[112.76916000000006,-7.504254821559734],[112.76923000000008,-7.5043348215596914],[112.7694300000001,-7.5043548215597475],[112.76976000000005,-7.504374821559715],[112.77011000000006,-7.50440482155971],[112.77028000000008,-7.504414821559649],[112.77037000000007,-7.504484821559757],[112.77064000000003,-7.504604821559738],[112.77097000000006,-7.504764821559743],[112.77126000000008,-7.504894821559752],[112.77158000000009,-7.5050448215597285],[112.77180000000008,-7.5051448215597425],[112.77197000000002,-7.505074821559724],[112.77223000000005,-7.504914821559719],[112.77241000000002,-7.504814821559705],[112.7726600000001,-7.504694821559724],[112.77282000000001,-7.504624821559705],[112.77293000000006,-7.5044448215597335],[112.77308000000004,-7.504304821559785],[112.77325000000006,-7.504194821559743],[112.77354,-7.504034821559738],[112.77367,-7.503904821559729],[112.77383000000009,-7.5036448215597105],[112.7739300000001,-7.5034548215597106],[112.77408,-7.503184821559753],[112.77421000000001,-7.5028648215597435],[112.77465000000008,-7.502794821559725],[112.77485000000003,-7.5028548215597155],[112.77499000000014,-7.502994821559664],[112.77516,-7.503094821559767],[112.77547000000007,-7.503174821559725],[112.77557,-7.50320482155972],[112.77571000000013,-7.503264821559711],[112.77581000000005,-7.503414821559687],[112.77588000000007,-7.503534821559668],[112.7759900000001,-7.503674821559706],[112.77617000000008,-7.5037648215597805],[112.77635000000005,-7.503844821559738],[112.77655000000009,-7.503884821559762],[112.77672000000003,-7.503864821559706],[112.77689000000007,-7.503824821559682],[112.77699000000007,-7.503804821559715],[112.77729000000012,-7.503874821559734],[112.77764000000003,-7.503944821559752],[112.77786000000003,-7.503984821559687],[112.77827000000002,-7.504064821559734],[112.77840999999997,-7.504124821559724],[112.77857000000006,-7.504284821559729],[112.77865000000011,-7.50440482155971],[112.77867000000008,-7.504494821559696],[112.77869000000014,-7.50459482155971],[112.77870000000007,-7.504714821559691],[112.77873000000007,-7.504874821559696],[112.77887000000011,-7.5050348215597005],[112.77904000000005,-7.505214821559761],[112.77912,-7.505294821559719],[112.77930000000006,-7.5053448215597705],[112.7795000000001,-7.505404821559672],[112.77968000000007,-7.505444821559696],[112.77993000000006,-7.505504821559686],[112.78020000000002,-7.505584821559733],[112.78037000000005,-7.5056248215596675],[112.78030000000003,-7.505824821559695],[112.78027000000013,-7.505894821559714],[112.78027000000013,-7.506044821559691],[112.78027000000013,-7.506164821559672],[112.78028000000006,-7.506264821559775],[112.78035000000008,-7.5063248215596765],[112.78049000000011,-7.5064248215596905],[112.78065999999997,-7.506514821559765],[112.78087000000004,-7.50661482155969],[112.78107000000014,-7.50667482155977],[112.78130000000009,-7.50667482155977],[112.78149000000008,-7.50667482155977],[112.78171000000007,-7.506684821559709],[112.78187,-7.506694821559737],[112.78180000000006,-7.506804821559779],[112.78164000000005,-7.507174821559751],[112.78149000000008,-7.507604821559713],[112.78140000000009,-7.507854821559704],[112.7813400000001,-7.508084821559727],[112.78139000000007,-7.5084148215596755],[112.78147000000003,-7.5087248215597455],[112.78156000000001,-7.50895482155968],[112.78173999999999,-7.509274821559689],[112.78196000000007,-7.509474821559717],[112.782,-7.509594821559787],[112.78199000000006,-7.509804821559754],[112.78192000000004,-7.5100048215596935],[112.78169000000003,-7.510264821559712],[112.78155000000007,-7.510404821559749],[112.78157000000013,-7.510814821559745],[112.78158000000006,-7.510984821559688],[112.78216000000009,-7.510984821559688],[112.78226000000011,-7.510984821559688],[112.78298000000008,-7.511324821559665],[112.78408000000006,-7.51185482155973],[112.78496000000004,-7.512144821559744],[112.78539,-7.512314821559688],[112.78563000000005,-7.512464821559753],[112.78598000000015,-7.512764821559706],[112.78658000000006,-7.5135748215596685],[112.78690000000006,-7.514074821559738],[112.78720000000011,-7.514714821559757],[112.78727999999998,-7.514974821559775],[112.7872900000001,-7.515254821559761],[112.78698000000011,-7.516124821559714],[112.7868500000001,-7.516414821559728],[112.78649000000007,-7.516804821559756],[112.78638000000002,-7.516914821559709],[112.78662000000008,-7.517334821559732],[112.78682000000002,-7.517694821559676],[112.78690000000006,-7.517864821559709],[112.78694000000009,-7.517934821559727],[112.78709000000006,-7.518084821559704],[112.78758000000002,-7.518334821559694],[112.78820000000007,-7.518574821559657],[112.78839000000006,-7.518604821559741],[112.78869000000012,-7.51854482155975],[112.78936000000013,-7.518204821559685],[112.78993000000004,-7.517784821559662],[112.7901400000001,-7.517624821559746],[112.79035000000015,-7.517534821559671],[112.7908100000001,-7.5174648215597415],[112.79119000000001,-7.5174548215597135],[112.79147000000009,-7.517514821559704],[112.79195000000001,-7.51772482155976],[112.79231999999999,-7.5179448215596665],[112.79277,-7.518274821559704],[112.79322000000002,-7.517904821559732],[112.79363000000002,-7.5165748215597326],[112.79370000000004,-7.515554821559714],[112.79389000000003,-7.514524821559757],[112.7939100000001,-7.5143848215597195],[112.79396000000006,-7.513844821559715],[112.79404000000011,-7.513494821559711],[112.79411000000003,-7.513214821559725],[112.79434000000006,-7.512604821559702],[112.79443999999998,-7.512374821559678],[112.79462000000004,-7.511934821559777],[112.79472000000005,-7.511624821559707],[112.7947,-7.511344821559721],[112.79465000000003,-7.511274821559702],[112.79447000000006,-7.51116482155966],[112.79429,-7.511064821559735],[112.79407,-7.510954821559693],[112.79380000000005,-7.5106948215596745],[112.79374000000006,-7.510574821559693],[112.79367000000005,-7.510334821559731],[112.79365000000007,-7.509944821559703],[112.79368000000007,-7.509684821559773],[112.79376000000003,-7.509534821559708],[112.79389999999998,-7.509494821559684],[112.79408000000004,-7.509504821559712],[112.79424000000004,-7.50952482155968],[112.79438000000007,-7.509434821559694],[112.79441000000007,-7.5093148215597125],[112.79451000000009,-7.508854821559755],[112.79472000000005,-7.507904821559755],[112.79485000000015,-7.507444821559709],[112.7949900000001,-7.506984821559751],[112.79508000000008,-7.5066448215597745],[112.79513000000006,-7.506414821559662],[112.79509000000012,-7.506114821559709],[112.79519999999998,-7.5057348215597095],[112.79610000000002,-7.504654821559701],[112.79612000000007,-7.503914821559668],[112.79609000000008,-7.50351482155979],[112.79582000000003,-7.502944821559701],[112.79571000000008,-7.502684821559772],[112.79565,-7.502494821559683],[112.79580000000007,-7.501664821559665],[112.79584000000008,-7.5015648215597395],[112.79596000000006,-7.50143482155973],[112.79627000000005,-7.501294821559693],[112.7963800000001,-7.501264821559786],[112.79650000000008,-7.501204821559707],[112.79653000000008,-7.501154821559744],[112.79671000000005,-7.501274821559726],[112.7974600000001,-7.501534821559744],[112.79791000000012,-7.501704821559688],[112.79850000000009,-7.501714821559716],[112.79897000000007,-7.501654821559725],[112.7994900000001,-7.5014748215597535],[112.79969999999999,-7.501424821559702],[112.80002,-7.5014748215597535],[112.80058000000005,-7.5014748215597535],[112.80082000000002,-7.5014548215596975],[112.80127999999998,-7.501224821559763],[112.80156000000014,-7.50105482155973],[112.80197000000014,-7.500694821559698],[112.80220000000007,-7.500394821559745],[112.8024,-7.500324821559726],[112.80264000000015,-7.500154821559693],[112.80289000000005,-7.499904821559703],[112.8029700000001,-7.4997748215596935],[112.80304000000002,-7.499654821559712],[112.80310000000011,-7.499554821559698],[112.80315000000007,-7.49947482155974],[112.80318000000015,-7.499404821559722],[112.80322,-7.499344821559731],[112.80325000000009,-7.4992748215597125],[112.80329000000002,-7.4991848215597265],[112.80333000000005,-7.499104821559769],[112.80335000000001,-7.49903482155975],[112.80337000000007,-7.498964821559731],[112.80339000000004,-7.498904821559741],[112.80341000000008,-7.49884482155975],[112.80342000000012,-7.498784821559671],[112.80343000000006,-7.498714821559741],[112.80344,-7.498644821559722],[112.80345000000011,-7.4985848215597315],[112.80345000000011,-7.498524821559741],[112.80345000000011,-7.498424821559727],[112.80345000000011,-7.498344821559769],[112.80344,-7.49828482155969],[112.80344,-7.498224821559788],[112.80343000000006,-7.498134821559713],[112.80342000000012,-7.498044821559727],[112.80341000000008,-7.497974821559708],[112.80339999999997,-7.49790482155969],[112.80339000000004,-7.497814821559704],[112.80337000000007,-7.497724821559718],[112.80336000000013,-7.497664821559727],[112.80336000000013,-7.497594821559709],[112.80336000000013,-7.49752482155969],[112.80336000000013,-7.497444821559732],[112.80336000000013,-7.497374821559713],[112.80338000000009,-7.497304821559695],[112.80339999999997,-7.497214821559709],[112.80342000000012,-7.497134821559751],[112.80344,-7.497074821559671],[112.80346000000006,-7.49701482155977],[112.80349000000005,-7.496944821559751],[112.80352000000005,-7.496874821559732],[112.8035400000001,-7.496794821559686],[112.80357000000001,-7.496714821559728],[112.80360000000009,-7.496644821559709],[112.80363000000008,-7.496564821559751],[112.80366000000008,-7.496484821559704],[112.80368000000014,-7.496414821559686],[112.80371000000004,-7.496334821559728],[112.8037300000001,-7.496264821559709],[112.80375000000006,-7.496204821559719],[112.80377000000013,-7.496144821559728],[112.80379000000009,-7.496054821559742],[112.80381000000014,-7.495974821559784],[112.80382000000009,-7.4959048215597655],[112.80383000000002,-7.4958148215597795],[112.80382000000009,-7.495744821559672],[112.80379000000009,-7.495674821559742],[112.80375000000006,-7.4956048215597235],[112.80372000000007,-7.495554821559761],[112.80365000000005,-7.495484821559742],[112.80358000000004,-7.495424821559752],[112.8035100000001,-7.495354821559733],[112.80342000000012,-7.49530482155977],[112.80334000000008,-7.495264821559747],[112.80325000000009,-7.495224821559724],[112.80316,-7.495174821559672],[112.80307000000002,-7.49512482155971],[112.8029700000001,-7.495074821559747],[112.80288000000012,-7.495024821559696],[112.80282000000012,-7.494984821559761],[112.80276000000005,-7.494954821559677],[112.80270000000006,-7.4949048215597145],[112.80264000000015,-7.494874821559719],[112.80259000000001,-7.494824821559757],[112.80253000000002,-7.494774821559705],[112.80248999999999,-7.494714821559715],[112.8024600000001,-7.494644821559785],[112.8024300000001,-7.494584821559705],[112.8024,-7.494524821559715],[112.80237000000011,-7.494464821559724],[112.80233000000008,-7.49436482155971],[112.80229000000006,-7.494264821559696],[112.80226000000006,-7.494184821559738],[112.80222999999998,-7.494094821559752],[112.80219000000014,-7.4940148215597056],[112.80216000000004,-7.49392482155972],[112.80212000000003,-7.493814821559766],[112.80208000000009,-7.493714821559664],[112.80205000000001,-7.493624821559678],[112.80201000000007,-7.49354482155972],[112.80199000000002,-7.493474821559701],[112.80194999999999,-7.4934048215596825],[112.80190000000003,-7.493344821559692],[112.80185000000007,-7.493304821559757],[112.80179000000008,-7.493254821559706],[112.80174000000011,-7.493234821559739],[112.80168000000003,-7.493194821559715],[112.80162000000004,-7.49316482155972],[112.80157000000008,-7.493134821559725],[112.80152000000012,-7.493104821559729],[112.80146000000003,-7.493074821559734],[112.80140000000004,-7.49304482155965],[112.80133000000004,-7.493004821559715],[112.80125000000007,-7.492954821559664],[112.80118000000006,-7.492914821559729],[112.80109000000007,-7.492864821559678],[112.80101000000002,-7.4928248215597435],[112.80093000000015,-7.492774821559692],[112.80085000000011,-7.4927248215597295],[112.80077000000006,-7.492674821559678],[112.80070000000003,-7.492634821559744],[112.80063000000011,-7.49259482155972],[112.80057000000012,-7.492554821559697],[112.80051000000005,-7.492514821559762],[112.80046000000007,-7.492474821559739],[112.80041000000003,-7.492444821559744],[112.80036000000007,-7.492414821559748],[112.80030000000008,-7.492364821559697],[112.80023999999999,-7.492314821559734],[112.8001800000001,-7.492274821559711],[112.80013000000004,-7.4922248215597484],[112.80008000000008,-7.492164821559669],[112.80002,-7.492104821559767],[112.79997000000003,-7.4920148215596925],[112.79992000000007,-7.491954821559702],[112.79988999999999,-7.491904821559739],[112.79985000000015,-7.491834821559721],[112.79981000000012,-7.491754821559674],[112.7997700000001,-7.491674821559716],[112.79973000000007,-7.491594821559758],[112.79969999999999,-7.491544821559707],[112.79967000000008,-7.491474821559777],[112.79963000000006,-7.491384821559702],[112.79959000000012,-7.491294821559716],[112.7995500000001,-7.49120482155973],[112.79952000000002,-7.4911248215596835],[112.79947999999999,-7.491064821559782],[112.79945000000009,-7.490994821559674],[112.79943000000003,-7.490934821559772],[112.79939,-7.490864821559754],[112.7993600000001,-7.490794821559735],[112.79932000000008,-7.490744821559684],[112.79928000000005,-7.490694821559721],[112.7992300000001,-7.4906448215597585],[112.79918000000013,-7.490604821559735],[112.79914000000011,-7.490554821559684],[112.79908000000012,-7.490524821559777],[112.79902999999997,-7.490484821559754],[112.79897000000007,-7.4904348215597025],[112.79889000000003,-7.49038482155974],[112.79883000000004,-7.490344821559717],[112.79875000000008,-7.490284821559726],[112.79867000000003,-7.490244821559703],[112.79862000000007,-7.490204821559679],[112.79854000000012,-7.490154821559717],[112.79846000000006,-7.490104821559754],[112.79839000000004,-7.490054821559703],[112.79831,-7.490004821559651],[112.79824000000006,-7.489954821559689],[112.79818000000007,-7.489914821559665],[112.79813000000003,-7.489874821559731],[112.79807000000004,-7.4898448215597355],[112.79802000000008,-7.489804821559712],[112.79795000000006,-7.489754821559661],[112.79788000000003,-7.489694821559759],[112.79781000000001,-7.489644821559708],[112.79775000000002,-7.489604821559773],[112.79770000000006,-7.48956482155975],[112.79764000000007,-7.489514821559698],[112.79756000000012,-7.489454821559708],[112.79748000000006,-7.489384821559689],[112.79742000000007,-7.489334821559726],[112.79737000000011,-7.489284821559675],[112.79731999999997,-7.489234821559712],[112.79726000000008,-7.489174821559722],[112.79720000000009,-7.489094821559675],[112.79714,-7.489024821559745],[112.79709000000004,-7.488964821559666],[112.79704000000008,-7.488904821559764],[112.79699000000002,-7.4888348215596565],[112.79694000000006,-7.488774821559755],[112.7968900000001,-7.488714821559675],[112.79683000000011,-7.488664821559713],[112.79675000000006,-7.488604821559722],[112.79668000000005,-7.488564821559699],[112.79662000000006,-7.488524821559764],[112.79655000000004,-7.488484821559741],[112.7964800000001,-7.4884448215597175],[112.79643000000014,-7.488414821559722],[112.7963800000001,-7.488384821559727],[112.79632000000001,-7.4883548215597315],[112.79627000000005,-7.488324821559736],[112.79621000000006,-7.488294821559741],[112.7961600000001,-7.488264821559746],[112.79611000000014,-7.48823482155975],[112.79606,-7.488204821559755],[112.79601000000004,-7.488174821559671],[112.7959400000001,-7.488144821559764],[112.79586000000006,-7.488094821559713],[112.79579000000004,-7.48805482155969],[112.79571000000008,-7.488014821559755],[112.7956200000001,-7.487974821559732],[112.79555000000008,-7.487934821559708],[112.79549000000009,-7.487904821559713],[112.79541000000003,-7.487874821559718],[112.79533000000008,-7.487834821559694],[112.79523000000006,-7.487824821559755],[112.79517000000007,-7.487814821559727],[112.79509000000012,-7.487804821559699],[112.79501000000008,-7.487804821559699],[112.79493000000002,-7.487804821559699],[112.79485000000015,-7.487804821559699],[112.79477000000011,-7.487804821559699],[112.79469000000006,-7.487804821559699],[112.79462000000004,-7.487814821559727],[112.79455000000011,-7.487824821559755],[112.79447000000006,-7.487844821559722],[112.79438000000007,-7.48786482155969],[112.79432000000008,-7.487894821559774],[112.7942300000001,-7.487964821559704],[112.79417000000002,-7.488024821559783],[112.7941300000001,-7.488084821559685],[112.79408000000004,-7.488154821559704],[112.79405000000004,-7.488214821559694],[112.79401000000011,-7.488264821559746],[112.79396000000006,-7.488324821559736],[112.7939100000001,-7.4883548215597315],[112.79386000000014,-7.488384821559727],[112.79379000000003,-7.488404821559694],[112.7936900000001,-7.488434821559778],[112.79363000000002,-7.4884448215597175],[112.79356000000008,-7.4884548215597455],[112.79348000000005,-7.488464821559685],[112.79342000000005,-7.488464821559685],[112.7933400000001,-7.488474821559713],[112.79326000000005,-7.488484821559741],[112.79317000000006,-7.488484821559741],[112.79307000000004,-7.48849482155968],[112.79294999999998,-7.48849482155968],[112.79281999999996,-7.488504821559708],[112.79269000000014,-7.488514821559736],[112.79256000000012,-7.488514821559736],[112.79242000000009,-7.488524821559764],[112.79229000000008,-7.488524821559764],[112.7921700000001,-7.488534821559703],[112.79206000000015,-7.488534821559703],[112.79197000000008,-7.4885448215597314],[112.79189000000011,-7.4885448215597314],[112.79182,-7.4885448215597314],[112.79174000000005,-7.4885448215597314],[112.79166000000009,-7.4885448215597314],[112.79160000000002,-7.488534821559703],[112.79153000000008,-7.488524821559764],[112.79143000000006,-7.488484821559741],[112.79132000000003,-7.488414821559722],[112.79113000000002,-7.488294821559741],[112.7906200000001,-7.488084821559685],[112.79047000000004,-7.48805482155969],[112.79025000000004,-7.488094821559713],[112.7898600000001,-7.488324821559736],[112.78952000000004,-7.488504821559708],[112.78941000000009,-7.4885448215597314],[112.78930000000004,-7.4885448215597314],[112.78915000000006,-7.488414821559722],[112.78872000000001,-7.48798482155976],[112.78855000000007,-7.48786482155969],[112.78814000000008,-7.487784821559732],[112.78791000000005,-7.487734821559769],[112.78779000000007,-7.487704821559685],[112.78752000000011,-7.487594821559732],[112.78731000000006,-7.4874548215596946],[112.78710000000001,-7.487254821559667],[112.78692000000004,-7.487014821559704],[112.7868500000001,-7.48703482155976],[112.78672000000009,-7.487024821559732],[112.78655000000006,-7.486924821559718],[112.78640000000009,-7.4868648215597275],[112.78569999999999,-7.486834821559732],[112.78544000000015,-7.486924821559718],[112.78532000000007,-7.486894821559723],[112.78498,-7.486674821559728],[112.78487000000005,-7.486734821559718],[112.78478000000007,-7.486744821559746],[112.78469000000008,-7.486684821559756],[112.7845400000001,-7.486514821559723],[112.78442000000004,-7.486294821559728],[112.78436000000013,-7.485704821559672],[112.78434000000009,-7.485594821559719],[112.78425,-7.4854748215597375],[112.78407000000003,-7.485384821559663],[112.78362000000001,-7.485034821559747],[112.78329000000006,-7.4847848215597566],[112.7830200000001,-7.484534821559766],[112.78273,-7.484244821559752],[112.78259000000006,-7.484144821559738],[112.78210000000001,-7.484034821559696],[112.78150000000002,-7.483904821559776],[112.78129000000006,-7.483804821559673],[112.78115000000001,-7.483734821559743],[112.78101000000007,-7.483734821559743],[112.78089000000008,-7.483764821559738],[112.78071000000011,-7.483954821559738],[112.78064000000009,-7.484274821559747],[112.78055000000002,-7.484604821559785],[112.78050000000006,-7.484714821559649],[112.77995000000011,-7.485114821559705],[112.77977000000014,-7.485354821559756],[112.77956000000009,-7.485614821559686],[112.77939000000005,-7.485754821559723],[112.77914000000007,-7.485894821559761],[112.77839000000009,-7.4860548215596765],[112.77777000000005,-7.486374821559686],[112.77766000000008,-7.486414821559709],[112.77741,-7.486184821559775],[112.77718000000007,-7.4859048215597],[112.7770300000001,-7.485494821559705],[112.77697000000002,-7.485354821559756],[112.77685000000012,-7.485204821559691],[112.77636000000008,-7.485024821559719],[112.77618000000011,-7.4849548215597],[112.77600000000005,-7.484804821559724],[112.77585000000008,-7.484634821559691],[112.77565000000004,-7.48451482155971],[112.77538,-7.484424821559724],[112.77479000000004,-7.484384821559701],[112.7744,-7.484454821559719],[112.77420000000006,-7.484484821559715],[112.77394999999999,-7.484434821559752],[112.77365000000012,-7.484404821559757],[112.77349000000002,-7.48470482155971],[112.77345000000001,-7.484804821559724],[112.77338000000007,-7.484914821559677],[112.77325000000006,-7.485024821559719],[112.77297000000009,-7.485114821559705],[112.77290000000006,-7.4851448215597]]]},"properties":{"KDPPUM":"","NAMOBJ":"Kedungpeluk","REMARK":"","KDPBPS":"","FCODE":"BA03060060","LUASWH":0,"UUPP":"","SRS_ID":"SRGI 2013","LCODE":"","METADATA":"","KDEBPS":"","KDEPUM":"","KDCBPS":"","KDCPUM":"","KDBBPS":"","KDBPUM":"","WADMKD":"Kedungpeluk","WIADKD":"","WADMKC":"Candi","WIADKC":"","WADMKK":"Sidoarjo","WIADKK":"","WADMPR":"Jawa Timur","WIADPR":"","TIPADM":0,"SHAPE_Leng":0.23101086845,"SHAPE_Area":0.0011483104}},
{"type":"Feature","geometry":{"type":"Polygon","coordinates":[[[112.74742608011442,-7.494911383830121],[112.7448860801145,-7.493451383830112],[112.74499608011455,-7.493251383830084],[112.74513608011458,-7.493041383830117],[112.7452660801144,-7.492721383830108],[112.7452960801145,-7.492561383830192],[112.74531608011455,-7.492461383830089],[112.74537608011454,-7.492351383830136],[112.7454560801145,-7.492311383830201],[112.74576608011456,-7.492271383830178],[112.74581608011454,-7.492231383830155],[112.74585608011455,-7.49207138383015],[112.74573608011448,-7.49169138383015],[112.74569608011446,-7.491571383830169],[112.74574608011451,-7.491321383830178],[112.74580608011442,-7.491051383830132],[112.74595608011457,-7.490391383830146],[112.7460560801145,-7.490051383830081],[112.74609608011451,-7.4899313838301],[112.74594608011454,-7.489541383830072],[112.74591608011454,-7.489441383830147],[112.7460560801145,-7.489061383830147],[112.7461860801145,-7.48872138383017],[112.74593608011442,-7.488181383830166],[112.74588608011446,-7.487951383830143],[112.74592608011449,-7.487641383830161],[112.74585608011455,-7.487601383830138],[112.74562608011445,-7.4875413838301474],[112.74534608011446,-7.4874413838301335],[112.74517608011442,-7.487301383830096],[112.74489608011444,-7.487111383830185],[112.74460608011451,-7.486901383830129],[112.74447608011451,-7.486811383830143],[112.74398608011447,-7.486331383830129],[112.74375608011452,-7.486291383830106],[112.74347608011455,-7.486291383830106],[112.74305608011443,-7.486261383830111],[112.74288608011457,-7.48620138383012],[112.74249608011455,-7.486071383830111],[112.74189608011456,-7.485961383830069],[112.74178608011451,-7.486041383830115],[112.74175608011451,-7.486151383830157],[112.7416260801145,-7.48696138383012],[112.74163608011453,-7.487101383830157],[112.74167608011456,-7.487181383830115],[112.74171608011459,-7.487291383830157],[112.74169608011452,-7.487461383830101],[112.74154608011455,-7.48790138383018],[112.7410860801145,-7.488391383830133],[112.74088608011448,-7.4887313838301095],[112.74066608011448,-7.489251383830147],[112.74061608011452,-7.489471383830142],[112.74050608011456,-7.489711383830104],[112.74039608011444,-7.489851383830142],[112.73977608011455,-7.489771383830184],[112.73888608011455,-7.489501383830137],[112.73843608011452,-7.489371383830128],[112.73758608011454,-7.488681383830147],[112.73716608011452,-7.487931383830175],[112.73681608011452,-7.487311383830124],[112.73670608011447,-7.486971383830148],[112.73665608011451,-7.4866613838301665],[112.73666608011455,-7.4865513838301245],[112.7367760801145,-7.486511383830101],[112.73689608011456,-7.48658138383012],[112.73702608011457,-7.4866613838301665],[112.73716608011452,-7.486731383830185],[112.73720608011446,-7.4866513838301385],[112.73720608011446,-7.4865513838301245],[112.73716608011452,-7.486381383830092],[112.73704608011454,-7.486251383830083],[112.73687608011451,-7.485971383830097],[112.7367760801145,-7.485791383830125],[112.73387608011453,-7.485871383830083],[112.73350608011447,-7.4859513838301295],[112.73335608011449,-7.486141383830129],[112.73337608011447,-7.48639138383012],[112.73334608011456,-7.4867513838301525],[112.73330608011453,-7.487581383830082],[112.73311608011453,-7.4891713838301],[112.73297608011458,-7.48986138383017],[112.73299608011446,-7.49011138383016],[112.7331360801145,-7.490341383830095],[112.7333260801145,-7.490551383830151],[112.73350608011447,-7.490941383830179],[112.73350608011447,-7.491361383830113],[112.73350608011447,-7.491591383830136],[112.73351608011458,-7.492001383830131],[112.73382608011448,-7.492751383830103],[112.73363608011448,-7.492881383830112],[112.73356608011456,-7.49296138383007],[112.73352608011453,-7.4930113838301216],[112.73338608011458,-7.4932213838301776],[112.73325608011457,-7.493551383830126],[112.73317608011452,-7.49384138383014],[112.73309608011448,-7.494191383830144],[112.73298608011453,-7.494381383830144],[112.73346608011445,-7.494531383830121],[112.73417608011448,-7.494861383830158],[112.7344960801145,-7.495071383830125],[112.73474608011449,-7.495271383830153],[112.73517608011444,-7.49561138383013],[112.73546608011455,-7.495811383830158],[112.73648608011457,-7.496521383830195],[112.73672608011454,-7.496751383830129],[112.73752608011455,-7.49756138383018],[112.73775608011458,-7.497691383830101],[112.73817608011451,-7.497961383830147],[112.73836608011452,-7.498131383830091],[112.73882608011446,-7.498711383830119],[112.73895608011448,-7.49889138383018],[112.73925608011452,-7.499281383830119],[112.73942608011455,-7.4994013838301],[112.74090608011453,-7.500051383830146],[112.74117608011457,-7.500231383830118],[112.74128608011453,-7.500311383830165],[112.74135608011454,-7.500401383830151],[112.74143608011441,-7.500511383830104],[112.74150608011452,-7.500611383830118],[112.74186608011446,-7.500931383830127],[112.74229608011451,-7.501301383830099],[112.74274608011454,-7.501711383830094],[112.74308608011451,-7.502031383830103],[112.74322608011447,-7.502151383830173],[112.74381608011443,-7.50199138383008],[112.74427608011456,-7.5018613838301595],[112.74465608011448,-7.5017513838301175],[112.7452660801144,-7.501641383830164],[112.74573608011448,-7.501491383830099],[112.7460260801145,-7.501411383830141],[112.74601608011447,-7.501071383830165],[112.74588608011446,-7.500711383830132],[112.74577608011451,-7.5004613838301415],[112.74576608011456,-7.500331383830132],[112.74584608011443,-7.500071383830114],[112.74589608011449,-7.49990138383017],[112.74597608011445,-7.499411383830128],[112.74609608011451,-7.498941383830142],[112.7461560801145,-7.498641383830189],[112.74612608011451,-7.4982713838301285],[112.74612608011451,-7.4981613838300865],[112.74619608011453,-7.498101383830185],[112.74645608011456,-7.498131383830091],[112.74655608011447,-7.4981613838300865],[112.74709608011447,-7.498351383830175],[112.74736608011453,-7.498341383830147],[112.74751608011441,-7.498341383830147],[112.74773608011449,-7.498331383830119],[112.74791608011446,-7.4982613838301],[112.74806608011454,-7.4981613838300865],[112.74818608011442,-7.498021383830138],[112.7483060801145,-7.497661383830105],[112.74838608011454,-7.497281383830106],[112.74839608011449,-7.496961383830096],[112.74837608011451,-7.4967813838301245],[112.74825608011453,-7.496561383830129],[112.7481160801145,-7.49624138383012],[112.74802608011451,-7.496061383830148],[112.74790608011453,-7.495811383830158],[112.74774608011452,-7.495551383830139],[112.74751608011441,-7.49523138383013],[112.74744608011449,-7.4950913838300925],[112.74742608011442,-7.494911383830121]]]},"properties":{"KDPPUM":"","NAMOBJ":"Kendalpecabean","REMARK":"","KDPBPS":"","FCODE":"BA03060060","LUASWH":0,"UUPP":"","SRS_ID":"SRGI 2013","LCODE":"","METADATA":"","KDEBPS":"","KDEPUM":"","KDCBPS":"","KDCPUM":"","KDBBPS":"","KDBPUM":"","WADMKD":"Kendalpecabean","WIADKD":"","WADMKC":"Candi","WIADKC":"","WADMKK":"Sidoarjo","WIADKK":"","WADMPR":"Jawa Timur","WIADPR":"","TIPADM":0,"SHAPE_Leng":0.06256121712,"SHAPE_Area":0.0001530859}},
{"type":"Feature","geometry":{"type":"Polygon","coordinates":[[[112.72639000000002,-7.476447589220042],[112.72628000000006,-7.476477589220037],[112.72584000000008,-7.476577589220051],[112.72506000000011,-7.476617589220075],[112.72477,-7.476587589220079],[112.72441000000006,-7.476567589220023],[112.72405000000003,-7.476527589220089],[112.72374000000005,-7.476557589220084],[112.72313000000011,-7.476617589220075],[112.72275000000002,-7.47664758922007],[112.72247000000004,-7.476577589220051],[112.72205000000011,-7.476477589220037],[112.72149000000005,-7.476197589220051],[112.72092000000013,-7.475957589220089],[112.72066000000002,-7.4759175892200656],[112.71977000000001,-7.47582758922008],[112.71973,-7.475927589220094],[112.71969000000006,-7.475997589220112],[112.71931000000006,-7.477257589220093],[112.71922000000008,-7.47765758922006],[112.71902000000013,-7.477617589220037],[112.71877000000005,-7.477557589220046],[112.71864000000005,-7.478077589220083],[112.71820000000005,-7.478017589220093],[112.71813000000013,-7.478237589220088],[112.71805000000008,-7.47847758922005],[112.71803000000011,-7.478537589220041],[112.71796000000009,-7.479037589220111],[112.71754000000007,-7.478907589220102],[112.71708000000002,-7.480147589220026],[112.71691000000008,-7.480567589220049],[112.71688000000009,-7.480617589220101],[112.71666000000009,-7.4811775892200725],[112.7169500000001,-7.481147589220077],[112.71715000000005,-7.481137589220049],[112.71749000000011,-7.481117589220082],[112.71820000000005,-7.481117589220082],[112.71902000000013,-7.481167589220133],[112.71972000000005,-7.481217589220096],[112.72013000000005,-7.481227589220035],[112.72083000000006,-7.4811775892200725],[112.72124000000005,-7.481157589220105],[112.72184999999999,-7.481187589220012],[112.72362000000007,-7.481297589220054],[112.72450000000005,-7.481307589220082],[112.7249300000001,-7.4812875892201145],[112.72513000000004,-7.4812775892200865],[112.72563000000002,-7.481187589220012],[112.72596000000014,-7.481107589220054],[112.72651000000009,-7.480937589220021],[112.72820000000003,-7.480237589220012],[112.72833000000004,-7.48017758922011],[112.72840000000006,-7.480267589220096],[112.72843000000015,-7.4804775892200635],[112.72842000000003,-7.480707589220087],[112.72841000000008,-7.480767589220077],[112.72841000000008,-7.480877589220119],[112.72829000000002,-7.481237589220063],[112.72823000000002,-7.481457589220058],[112.72814000000004,-7.481747589220072],[112.72804000000012,-7.482057589220053],[112.72788000000003,-7.482587589220119],[112.7281300000001,-7.4826775892201045],[112.72803000000009,-7.4828775892201325],[112.72798000000013,-7.482967589220118],[112.72786000000005,-7.483307589220095],[112.72770000000006,-7.483777589220081],[112.72761000000007,-7.484017589220043],[112.72756000000001,-7.4841675892201085],[112.72749000000009,-7.484687589220057],[112.72749000000009,-7.485097589220052],[112.72797000000001,-7.485047589220089],[112.72811000000004,-7.485057589220029],[112.72817000000012,-7.485057589220029],[112.72884000000013,-7.48510758922008],[112.72890000000004,-7.485117589220108],[112.73010000000012,-7.485257589220057],[112.73016000000011,-7.485387589220066],[112.73021000000007,-7.48548758922008],[112.73029000000012,-7.48567758922008],[112.73032000000002,-7.485777589220094],[112.73035000000002,-7.48586758922008],[112.73035000000002,-7.486957589220117],[112.73013000000003,-7.488607589220036],[112.73027000000006,-7.488757589220102],[112.73057000000001,-7.488877589220083],[112.73194000000004,-7.489057589220055],[112.73294000000008,-7.489147589220041],[112.73313000000009,-7.487557589220023],[112.73317000000011,-7.486727589220093],[112.73320000000002,-7.486367589220061],[112.73318000000005,-7.48611758922007],[112.73333000000002,-7.48592758922007],[112.73370000000008,-7.485847589220024],[112.73660000000005,-7.485767589220066],[112.73673000000007,-7.485467589220113],[112.73675000000003,-7.485207589220094],[112.73674000000008,-7.484857589220001],[112.73674000000008,-7.484677589220118],[112.73705000000007,-7.48295758922009],[112.73656000000003,-7.482747589220123],[112.73673000000007,-7.48150758922011],[112.73678000000011,-7.481097589220026],[112.73682000000005,-7.480857589220063],[112.73679000000006,-7.480797589220073],[112.73679000000006,-7.480647589220096],[112.73683000000007,-7.4797875892200825],[112.73684000000002,-7.479307589220069],[112.7368100000001,-7.479027589220083],[112.73662000000002,-7.478467589220111],[112.73642000000008,-7.478057589220027],[112.73624000000011,-7.477867589220027],[112.73606000000005,-7.477757589220074],[112.73568000000013,-7.4775075892200835],[112.73549000000004,-7.477427589220037],[112.73540000000006,-7.477187589220074],[112.73498000000004,-7.477167589220107],[112.73472000000002,-7.477177589220046],[112.73433000000009,-7.477227589220098],[112.7340200000001,-7.477247589220065],[112.73392,-7.47721758922007],[112.73374000000003,-7.477097589220088],[112.73357000000009,-7.476827589220042],[112.73344000000007,-7.476557589220084],[112.7332600000001,-7.476147589220089],[112.73317000000011,-7.476047589220075],[112.73312000000006,-7.4760175892200795],[112.73303000000007,-7.475987589220084],[112.73292000000004,-7.475987589220084],[112.73286000000004,-7.475997589220112],[112.73270000000004,-7.4760075892200515],[112.73233000000006,-7.476257589220131],[112.73160000000006,-7.476597589220107],[112.73147999999999,-7.47664758922007],[112.73112000000005,-7.476787589220107],[112.73053000000009,-7.477037589220098],[112.73028000000009,-7.47708758922006],[112.72959000000002,-7.477047589220126],[112.72914,-7.477017589220042],[112.72893000000012,-7.476987589220046],[112.72845000000011,-7.4770075892201024],[112.72797000000001,-7.476967589220079],[112.7271800000001,-7.476657589220098],[112.72686000000009,-7.476487589220065],[112.72663000000016,-7.476417589220135],[112.72656000000005,-7.476417589220135],[112.72639000000002,-7.476447589220042]]]},"properties":{"KDPPUM":"","NAMOBJ":"Klurak","REMARK":"","KDPBPS":"","FCODE":"BA03060060","LUASWH":0,"UUPP":"","SRS_ID":"SRGI 2013","LCODE":"","METADATA":"","KDEBPS":"","KDEPUM":"","KDCBPS":"","KDCPUM":"","KDBBPS":"","KDBPUM":"","WADMKD":"Klurak","WIADKD":"","WADMKC":"Candi","WIADKC":"","WADMKK":"Sidoarjo","WIADKK":"","WADMPR":"Jawa Timur","WIADPR":"","TIPADM":0,"SHAPE_Leng":0.06643398675,"SHAPE_Area":0.00013202495}},
{"type":"Feature","geometry":{"type":"Polygon","coordinates":[[[112.71498000000008,-7.471469999999956],[112.71596000000008,-7.471519999999918],[112.71614000000014,-7.471519999999918],[112.7168200000001,-7.471710000000007],[112.71723000000009,-7.471889999999979],[112.71738000000006,-7.471979999999965],[112.71747000000005,-7.472069999999951],[112.71752000000001,-7.472120000000002],[112.7176800000001,-7.472469999999918],[112.71773000000007,-7.4725499999999645],[112.71810000000004,-7.472599999999927],[112.71896000000005,-7.472849999999918],[112.71975000000005,-7.473029999999978],[112.72022000000004,-7.47320999999995],[112.72039000000007,-7.473269999999941],[112.72051000000013,-7.473289999999997],[112.72067999999999,-7.473309999999964],[112.7207500000001,-7.473299999999936],[112.72089999999999,-7.473189999999894],[112.72102000000005,-7.47320999999995],[112.72350000000009,-7.473580000000011],[112.7236,-7.47295999999996],[112.72422000000006,-7.471289999999984],[112.72438000000015,-7.470839999999965],[112.72447000000014,-7.470549999999951],[112.72458000000009,-7.470380000000008],[112.72467000000007,-7.470249999999998],[112.72327000000006,-7.470039999999942],[112.72157,-7.469819999999947],[112.72148000000001,-7.469819999999947],[112.72114000000013,-7.46979999999998],[112.72092000000013,-7.4698699999999985],[112.7203700000001,-7.470039999999942],[112.7203400000001,-7.469939999999928],[112.72025000000012,-7.46985999999997],[112.72000000000004,-7.469769999999896],[112.71988000000015,-7.469719999999933],[112.71985000000006,-7.4696599999999425],[112.71986,-7.469219999999952],[112.71991000000006,-7.4690699999999755],[112.7203400000001,-7.468670000000008],[112.72052000000008,-7.468449999999924],[112.72061000000006,-7.468249999999985],[112.72072000000001,-7.467979999999939],[112.72076000000004,-7.467869999999985],[112.7207500000001,-7.467699999999953],[112.72067000000006,-7.467539999999948],[112.72051000000013,-7.467509999999953],[112.72033000000008,-7.4674899999999855],[112.71987000000003,-7.467629999999934],[112.71973,-7.467699999999953],[112.71941000000007,-7.467679999999985],[112.71918999999998,-7.467569999999943],[112.71853000000009,-7.467309999999925],[112.71815000000001,-7.467109999999897],[112.71783000000008,-7.467469999999929],[112.71740000000013,-7.467329999999981],[112.71731000000014,-7.467299999999986],[112.71661000000003,-7.467049999999995],[112.71659000000007,-7.46721],[112.71656000000007,-7.467409999999939],[112.71626000000003,-7.467359999999887],[112.71572000000003,-7.467259999999962],[112.71560000000014,-7.4672699999999015],[112.71540000000002,-7.467049999999995],[112.71532000000006,-7.467039999999967],[112.71462000000005,-7.466949999999981],[112.71386000000005,-7.466859999999906],[112.71310000000005,-7.466749999999953],[112.71303000000012,-7.466669999999995],[112.71295000000008,-7.4665899999999485],[112.71270000000008,-7.466409999999977],[112.71253000000006,-7.466289999999995],[112.71180000000005,-7.4659999999999815],[112.71146000000007,-7.465939999999902],[112.71115000000009,-7.4658899999999395],[112.71023,-7.465929999999963],[112.71004000000009,-7.4659799999999255],[112.7099800000001,-7.4659999999999815],[112.70938000000001,-7.466249999999972],[112.70901000000003,-7.466369999999953],[112.7084900000001,-7.466449999999911],[112.70836000000008,-7.466429999999944],[112.70819000000004,-7.466449999999911],[112.70771000000003,-7.468489999999948],[112.70769000000007,-7.468569999999906],[112.70801000000007,-7.468709999999943],[112.70817000000008,-7.468779999999962],[112.7082700000001,-7.468819999999896],[112.70843,-7.468889999999915],[112.70854000000006,-7.468939999999966],[112.70875000000002,-7.469179999999929],[112.70884000000001,-7.469279999999943],[112.70899000000007,-7.469449999999975],[112.70912000000008,-7.4695699999999565],[112.70916000000011,-7.4696599999999425],[112.70920000000004,-7.469809999999919],[112.70926000000011,-7.469959999999984],[112.70950000000008,-7.470019999999975],[112.71009000000005,-7.469919999999961],[112.71038000000006,-7.469899999999905],[112.71055000000001,-7.469879999999938],[112.71061000000009,-7.4698699999999985],[112.71072000000004,-7.46985999999997],[112.71091000000004,-7.469919999999961],[112.71104000000005,-7.469969999999924],[112.71133000000006,-7.470119999999989],[112.71138000000012,-7.4701499999998955],[112.71146000000007,-7.470229999999942],[112.71153,-7.470290000000022],[112.71165000000008,-7.470579999999947],[112.71174000000006,-7.470669999999933],[112.71187000000006,-7.470729999999923],[112.7120100000001,-7.470749999999979],[112.7122300000001,-7.470709999999956],[112.7124200000001,-7.470719999999984],[112.71268000000012,-7.470759999999919],[112.71349000000008,-7.470679999999961],[112.71369000000001,-7.470709999999956],[112.71391000000001,-7.470779999999975],[112.71414000000004,-7.470899999999956],[112.71455999999998,-7.471279999999956],[112.7147000000001,-7.471389999999909],[112.71498000000008,-7.471469999999956]]]},"properties":{"KDPPUM":"","NAMOBJ":"Larangan","REMARK":"","KDPBPS":"","FCODE":"BA03060060","LUASWH":0,"UUPP":"","SRS_ID":"SRGI 2013","LCODE":"","METADATA":"","KDEBPS":"","KDEPUM":"","KDCBPS":"","KDCPUM":"","KDBBPS":"","KDBPUM":"","WADMKD":"Larangan","WIADKD":"","WADMKC":"Candi","WIADKC":"","WADMKK":"Sidoarjo","WIADKK":"","WADMPR":"Jawa Timur","WIADPR":"","TIPADM":0,"SHAPE_Leng":0.04453284048,"SHAPE_Area":0.0000661746}},
{"type":"Feature","geometry":{"type":"Polygon","coordinates":[[[112.71839000000014,-7.489199999999938],[112.71822000000012,-7.489519999999947],[112.71819000000002,-7.489579999999938],[112.71797000000004,-7.4900099999999],[112.71775000000004,-7.490379999999961],[112.71728000000004,-7.49012999999997],[112.71700000000007,-7.489979999999905],[112.7167900000001,-7.489899999999947],[112.71621000000007,-7.489700000000008],[112.71595000000005,-7.489649999999957],[112.71614000000014,-7.48874999999992],[112.71540000000002,-7.488569999999948],[112.71473,-7.48842999999991],[112.71445000000001,-7.488329999999985],[112.71411000000005,-7.488219999999943],[112.71396000000007,-7.488149999999925],[112.71396000000007,-7.488579999999976],[112.71398000000012,-7.489019999999966],[112.71398000000012,-7.489079999999957],[112.71398000000012,-7.489289999999924],[112.71397,-7.489569999999999],[112.71397,-7.489919999999914],[112.71396000000007,-7.490110000000003],[112.71391000000001,-7.491039999999947],[112.71390000000008,-7.491189999999923],[112.71387000000009,-7.491809999999974],[112.71385000000011,-7.492309999999955],[112.71385000000011,-7.492879999999955],[112.71385000000011,-7.492989999999997],[112.71383999999999,-7.493139999999885],[112.7138100000001,-7.49341999999996],[112.71378,-7.493779999999992],[112.71376000000012,-7.494029999999983],[112.71377000000007,-7.494519999999936],[112.7138100000001,-7.4950999999999635],[112.7139400000001,-7.4959100000000145],[112.71403000000008,-7.496909999999977],[112.71408000000005,-7.497529999999939],[112.71414000000004,-7.498030000000009],[112.71417000000012,-7.498869999999966],[112.71412000000007,-7.4991799999999476],[112.7133100000001,-7.499859999999989],[112.71349000000008,-7.499999999999938],[112.7135900000001,-7.5000799999999845],[112.71383999999999,-7.50017999999991],[112.71515000000012,-7.500709999999975],[112.71595000000005,-7.5012599999999185],[112.71624000000007,-7.501409999999984],[112.71636000000005,-7.501469999999886],[112.71677000000012,-7.501669999999914],[112.7173600000001,-7.501909999999965],[112.7179000000001,-7.5021599999999555],[112.7183100000001,-7.502400000000007],[112.71887000000007,-7.502549999999895],[112.71918000000005,-7.502639999999969],[112.71935000000008,-7.501809999999951],[112.71941000000007,-7.501450000000007],[112.7194500000001,-7.501149999999965],[112.71962000000003,-7.500439999999928],[112.71971000000012,-7.500099999999952],[112.71972000000005,-7.499999999999938],[112.71977000000001,-7.499789999999971],[112.71979000000007,-7.499699999999985],[112.7198000000001,-7.499619999999938],[112.71982000000007,-7.499429999999938],[112.71999000000001,-7.499099999999901],[112.72006000000012,-7.498929999999957],[112.72012000000011,-7.49878999999992],[112.72064000000015,-7.497939999999934],[112.72094000000001,-7.497499999999944],[112.72113000000002,-7.497119999999944],[112.72139000000003,-7.49657],[112.72162000000006,-7.495849999999935],[112.72165000000005,-7.495129999999959],[112.72146000000014,-7.494349999999903],[112.72117000000003,-7.493159999999941],[112.72080000000007,-7.492159999999979],[112.7209100000001,-7.492059999999965],[112.72106000000008,-7.491929999999956],[112.72119000000009,-7.49170999999996],[112.72126000000002,-7.491559999999895],[112.72130000000004,-7.491509999999932],[112.72100000000009,-7.491469999999909],[112.72078000000009,-7.491410000000007],[112.72018000000001,-7.4912299999999465],[112.71990000000002,-7.491149999999989],[112.71982000000007,-7.491129999999933],[112.71984000000012,-7.490979999999956],[112.71988000000015,-7.490269999999919],[112.71994000000005,-7.489869999999952],[112.71923000000001,-7.489569999999999],[112.71887000000007,-7.489419999999933],[112.71839000000014,-7.489199999999938]]]},"properties":{"KDPPUM":"","NAMOBJ":"Ngampelsari","REMARK":"","KDPBPS":"","FCODE":"BA03060060","LUASWH":0,"UUPP":"","SRS_ID":"SRGI 2013","LCODE":"","METADATA":"","KDEBPS":"","KDEPUM":"","KDCBPS":"","KDCPUM":"","KDBBPS":"","KDBPUM":"","WADMKD":"Ngampelsari","WIADKD":"","WADMKC":"Candi","WIADKC":"","WADMKK":"Sidoarjo","WIADKK":"","WADMPR":"Jawa Timur","WIADPR":"","TIPADM":0,"SHAPE_Leng":0.04157465254,"SHAPE_Area":0.0000819067}},
{"type":"Feature","geometry":{"type":"Polygon","coordinates":[[[112.68870000000001,-7.460720000000007],[112.68846000000005,-7.460789999999937],[112.68835000000001,-7.4608299999999605],[112.68821000000007,-7.460880000000012],[112.68815000000008,-7.460969999999998],[112.68814000000013,-7.461049999999956],[112.68828000000008,-7.461219999999988],[112.68840000000016,-7.461319999999914],[112.68858000000013,-7.461439999999895],[112.68871000000004,-7.461549999999937],[112.68875000000007,-7.4617099999999414],[112.68871000000004,-7.462009999999983],[112.68866,-7.462289999999969],[112.68858000000013,-7.462659999999941],[112.68852999999999,-7.4628999999999035],[112.68846000000005,-7.4632200000000015],[112.68841000000009,-7.463469999999992],[112.68835000000001,-7.463779999999973],[112.68825,-7.464049999999931],[112.68819000000009,-7.464229999999903],[112.68814000000013,-7.464359999999912],[112.68802000000007,-7.4643999999999355],[112.68789000000005,-7.4644899999999215],[112.68783000000006,-7.464669999999982],[112.6878400000001,-7.464799999999991],[112.68786000000014,-7.466019999999949],[112.68787000000009,-7.466459999999939],[112.68869000000008,-7.466019999999949],[112.68979000000006,-7.465819999999921],[112.69109000000006,-7.465639999999949],[112.69131999999999,-7.465709999999968],[112.69150000000005,-7.46575999999993],[112.6923700000001,-7.465649999999888],[112.69261999999999,-7.46575999999993],[112.69309000000007,-7.4659799999999255],[112.69323000000011,-7.46594999999993],[112.69347000000008,-7.465869999999972],[112.69362000000005,-7.465739999999963],[112.69368000000013,-7.46563000000001],[112.69382000000007,-7.4653899999999584],[112.69400000000005,-7.465489999999972],[112.69422000000013,-7.465039999999954],[112.69491000000002,-7.46525000000001],[112.6957000000001,-7.465599999999926],[112.69580000000012,-7.46525000000001],[112.69595000000001,-7.465079999999977],[112.69613000000007,-7.464959999999996],[112.69631000000004,-7.464829999999987],[112.69653000000004,-7.464679999999921],[112.69694000000003,-7.464859999999893],[112.69697000000012,-7.464789999999963],[112.6970600000001,-7.464579999999996],[112.69717000000006,-7.46430999999995],[112.69768000000006,-7.464449999999987],[112.69781000000016,-7.4644899999999215],[112.69790000000015,-7.464519999999917],[112.69827000000012,-7.464659999999954],[112.6986400000001,-7.464899999999917],[112.69908000000008,-7.465179999999991],[112.69917000000007,-7.465239999999982],[112.69930000000008,-7.46531999999994],[112.69946000000009,-7.465429999999982],[112.69962000000008,-7.465599999999926],[112.69968000000007,-7.465719999999996],[112.70012000000007,-7.465769999999958],[112.70043000000014,-7.46588],[112.70094999999999,-7.466059999999972],[112.70112000000003,-7.466119999999963],[112.70163000000004,-7.466199999999921],[112.70213000000003,-7.466239999999944],[112.70232000000011,-7.466249999999972],[112.70284000000005,-7.466289999999995],[112.70370000000007,-7.466359999999925],[112.70416000000012,-7.466359999999925],[112.70445000000004,-7.464889999999977],[112.70469,-7.4639200000000105],[112.7047200000001,-7.4638099999999685],[112.7051,-7.46215999999996],[112.70513000000008,-7.462019999999923],[112.70508000000004,-7.461919999999997],[112.70486000000004,-7.461659999999979],[112.70468000000007,-7.461420000000016],[112.70464999999999,-7.461369999999965],[112.70501000000002,-7.460289999999956],[112.70514000000003,-7.459859999999905],[112.70530000000012,-7.459389999999919],[112.70533000000012,-7.459279999999966],[112.70535000000008,-7.459199999999919],[112.70539000000011,-7.458949999999929],[112.70541000000007,-7.458849999999915],[112.7054200000001,-7.458709999999966],[112.70546000000003,-7.458399999999896],[112.70554000000008,-7.458079999999976],[112.70560000000016,-7.457929999999999],[112.70571000000011,-7.45786999999992],[112.70579000000006,-7.457819999999957],[112.70589000000008,-7.457729999999971],[112.70560000000016,-7.457689999999948],[112.70535000000008,-7.457639999999985],[112.70515000000015,-7.457609999999901],[112.70477000000005,-7.457689999999948],[112.7040900000001,-7.457849999999953],[112.7037100000001,-7.457859999999892],[112.70326000000009,-7.457649999999925],[112.70289000000002,-7.457559999999939],[112.70224000000006,-7.4574600000000135],[112.7017800000001,-7.4573499999999715],[112.70130000000009,-7.457199999999906],[112.70086,-7.456999999999967],[112.70072000000006,-7.45685999999993],[112.7006,-7.456659999999902],[112.70058000000003,-7.4566],[112.70055000000004,-7.456510000000014],[112.70055000000004,-7.456429999999967],[112.70055000000004,-7.45628999999993],[112.70053000000006,-7.456009999999944],[112.70052000000013,-7.455899999999902],[112.70047000000007,-7.4557599999999535],[112.70036000000003,-7.455669999999968],[112.70018999999999,-7.455579999999982],[112.70000000000009,-7.455569999999954],[112.69989000000014,-7.45559000000001],[112.69971000000007,-7.455679999999996],[112.69946000000009,-7.455889999999963],[112.69924,-7.456209999999972],[112.69916000000003,-7.456429999999967],[112.69917000000007,-7.456519999999953],[112.6992100000001,-7.456589999999972],[112.69936000000007,-7.45684999999999],[112.69944000000011,-7.45710999999992],[112.69944000000011,-7.457179999999939],[112.69944000000011,-7.4572399999999295],[112.69942000000006,-7.457329999999915],[112.69942000000006,-7.457409999999962],[112.69936000000007,-7.457509999999976],[112.69928000000002,-7.457599999999962],[112.69920000000006,-7.457659999999953],[112.69910000000004,-7.457689999999948],[112.69886000000008,-7.457639999999985],[112.69860000000007,-7.457559999999939],[112.69826,-7.457369999999939],[112.69785,-7.457189999999967],[112.69774000000005,-7.457159999999972],[112.69755000000005,-7.4571499999999435],[112.69721000000008,-7.457189999999967],[112.6969300000001,-7.457189999999967],[112.69642000000009,-7.457050000000018],[112.69567000000002,-7.456819999999906],[112.69527000000005,-7.456670000000019],[112.69503000000009,-7.4565399999999205],[112.69482000000004,-7.4564499999999345],[112.6946200000001,-7.456339999999981],[112.69433,-7.456149999999981],[112.6940800000001,-7.455979999999949],[112.69385000000007,-7.455789999999949],[112.69343000000005,-7.45559000000001],[112.69326000000001,-7.455579999999982],[112.69314000000013,-7.455579999999982],[112.69304000000011,-7.455599999999949],[112.69293000000006,-7.455619999999916],[112.69285000000002,-7.4556499999999115],[112.69264000000014,-7.4557399999998974],[112.69250000000011,-7.45584],[112.69219000000012,-7.4559700000000095],[112.69210000000014,-7.455989999999888],[112.69200000000004,-7.456000000000005],[112.69191000000005,-7.455989999999888],[112.69185000000006,-7.4559700000000095],[112.69172000000005,-7.455979999999949],[112.69126000000009,-7.456039999999939],[112.69124000000012,-7.456229999999939],[112.69117000000001,-7.456499999999986],[112.69108000000003,-7.45679],[112.69088000000009,-7.457389999999995],[112.69057000000011,-7.458259999999948],[112.69052000000015,-7.458399999999896],[112.69026000000004,-7.459219999999975],[112.69011000000015,-7.459659999999966],[112.69004000000004,-7.459899999999928],[112.68998000000015,-7.460090000000017],[112.68986000000007,-7.46038999999997],[112.68980000000008,-7.460549999999975],[112.68963000000005,-7.460849999999928],[112.68951000000007,-7.460999999999993],[112.68948000000016,-7.461049999999956],[112.68942000000008,-7.4611300000000025],[112.68870000000001,-7.460720000000007]]]},"properties":{"KDPPUM":"","NAMOBJ":"Sepande","REMARK":"","KDPBPS":"","FCODE":"BA03060060","LUASWH":0,"UUPP":"","SRS_ID":"SRGI 2013","LCODE":"","METADATA":"","KDEBPS":"","KDEPUM":"","KDCBPS":"","KDCPUM":"","KDBBPS":"","KDBPUM":"","WADMKD":"Sepande","WIADKD":"","WADMKC":"Candi","WIADKC":"","WADMKK":"Sidoarjo","WIADKK":"","WADMPR":"Jawa Timur","WIADPR":"","TIPADM":0,"SHAPE_Leng":0.05893349865,"SHAPE_Area":0.00013855435}},
{"type":"Feature","geometry":{"type":"Polygon","coordinates":[[[112.69185000000006,-7.4559700000000095],[112.6918000000001,-7.45584],[112.69179000000007,-7.4557599999999535],[112.69179000000007,-7.45565999999994],[112.69177,-7.455569999999954],[112.69176000000007,-7.455329999999991],[112.69176000000007,-7.455239999999916],[112.69172999999999,-7.454979999999987],[112.69174000000011,-7.454759999999991],[112.69185999999999,-7.45451999999994],[112.69199,-7.4543599999999355],[112.69227,-7.453979999999936],[112.69243000000009,-7.453720000000006],[112.69244000000002,-7.4536599999999265],[112.69245000000005,-7.4535699999999405],[112.69253,-7.452949999999889],[112.69251000000004,-7.4527699999999175],[112.69247000000011,-7.452659999999964],[112.69238000000003,-7.452569999999978],[112.69228000000011,-7.452539999999983],[112.69207000000006,-7.45255999999995],[112.69184000000003,-7.452629999999969],[112.69172999999999,-7.452639999999997],[112.69166000000006,-7.452599999999974],[112.69155000000002,-7.452439999999969],[112.69147000000005,-7.4522799999999645],[112.69137000000005,-7.452159999999894],[112.69123,-7.4520699999999085],[112.69102000000012,-7.452029999999974],[112.69007000000013,-7.4522899999999925],[112.68989000000006,-7.452329999999927],[112.68975000000012,-7.452329999999927],[112.68965000000001,-7.452300000000021],[112.68954000000006,-7.452170000000011],[112.68931000000013,-7.452329999999927],[112.68868000000005,-7.45274999999995],[112.68868000000005,-7.4530900000000155],[112.68855000000003,-7.453359999999973],[112.68835000000001,-7.45363000000002],[112.68815000000008,-7.453899999999978],[112.68768000000009,-7.454169999999936],[112.68700000000004,-7.454429999999954],[112.68674000000011,-7.454589999999959],[112.68632000000001,-7.454589999999959],[112.68552000000007,-7.454639999999921],[112.68532999999998,-7.454779999999959],[112.68501000000006,-7.455079999999912],[112.68495000000007,-7.4551699999999865],[112.6848000000001,-7.455449999999972],[112.68464000000009,-7.4557399999998974],[112.68443000000003,-7.456229999999939],[112.6842600000001,-7.45672999999992],[112.68419000000007,-7.456929999999948],[112.68413000000008,-7.45710999999992],[112.68408000000012,-7.4572399999999295],[112.68398000000002,-7.45748999999992],[112.68368000000007,-7.457919999999971],[112.68361000000004,-7.457849999999953],[112.68333000000005,-7.457539999999971],[112.68333000000005,-7.457469999999953],[112.68291000000012,-7.45748999999992],[112.68275000000003,-7.4574600000000135],[112.68253000000003,-7.457399999999934],[112.68235000000006,-7.457319999999976],[112.68221000000003,-7.457259999999986],[112.68208000000001,-7.457009999999995],[112.68212000000004,-7.456799999999939],[112.68214000000009,-7.456689999999986],[112.68217,-7.4565499999999485],[112.68212000000004,-7.456369999999977],[112.68185000000008,-7.456249999999995],[112.68152000000013,-7.45609999999993],[112.68119,-7.4559499999999534],[112.68058000000008,-7.455689999999935],[112.68052000000009,-7.45565999999994],[112.68033,-7.455579999999982],[112.67986000000009,-7.455439999999944],[112.67839000000006,-7.454919999999996],[112.67785000000005,-7.456619999999967],[112.67776000000006,-7.456879999999986],[112.67762000000003,-7.4572399999999295],[112.67751000000008,-7.4575499999999995],[112.67736000000001,-7.457999999999929],[112.67713000000008,-7.458339999999994],[112.67702000000013,-7.458869999999971],[112.67688000000008,-7.459209999999947],[112.67671000000006,-7.459659999999966],[112.6762500000001,-7.460779999999909],[112.67714000000002,-7.461059999999984],[112.6785000000001,-7.46139999999996],[112.6789100000001,-7.461569999999904],[112.68386000000012,-7.460109999999895],[112.68395000000011,-7.4596999999999],[112.68406000000006,-7.459749999999952],[112.68433000000002,-7.459849999999966],[112.68487000000002,-7.459929999999924],[112.6853100000001,-7.4600199999999095],[112.68569000000001,-7.460090000000017],[112.68614000000004,-7.460159999999947],[112.68783000000006,-7.460449999999961],[112.68815000000008,-7.460519999999979],[112.68855000000003,-7.460669999999956],[112.68870000000001,-7.460720000000007],[112.68942000000008,-7.4611300000000025],[112.68948000000016,-7.461049999999956],[112.68951000000007,-7.460999999999993],[112.68963000000005,-7.460849999999928],[112.68980000000008,-7.460549999999975],[112.68986000000007,-7.46038999999997],[112.68998000000015,-7.460090000000017],[112.69004000000004,-7.459899999999928],[112.69011000000015,-7.459659999999966],[112.69026000000004,-7.459219999999975],[112.69052000000015,-7.458399999999896],[112.69057000000011,-7.458259999999948],[112.69088000000009,-7.457389999999995],[112.69108000000003,-7.45679],[112.69117000000001,-7.456499999999986],[112.69124000000012,-7.456229999999939],[112.69126000000009,-7.456039999999939],[112.69172000000005,-7.455979999999949],[112.69185000000006,-7.4559700000000095]]]},"properties":{"KDPPUM":"","NAMOBJ":"Sidodadi","REMARK":"","KDPBPS":"","FCODE":"BA03060060","LUASWH":0,"UUPP":"","SRS_ID":"SRGI 2013","LCODE":"","METADATA":"","KDEBPS":"","KDEPUM":"","KDCBPS":"","KDCPUM":"","KDBBPS":"","KDBPUM":"","WADMKD":"Sidodadi","WIADKD":"","WADMKC":"Candi","WIADKC":"","WADMKK":"Sidoarjo","WIADKK":"","WADMPR":"Jawa Timur","WIADPR":"","TIPADM":0,"SHAPE_Leng":0.04893958093,"SHAPE_Area":0.00007978855}},
{"type":"Feature","geometry":{"type":"Polygon","coordinates":[[[112.70467948652522,-7.473699999999992],[112.7040694865252,-7.47320999999995],[112.70326948652517,-7.472869999999974],[112.70252948652524,-7.472799999999955],[112.70163948652522,-7.472689999999913],[112.70079948652527,-7.472739999999964],[112.7008094865252,-7.472859999999946],[112.70089948652519,-7.475189999999907],[112.70087948652514,-7.475299999999949],[112.70079948652527,-7.475399999999963],[112.70068948652522,-7.4755299999999725],[112.70073948652518,-7.475729999999912],[112.70078948652515,-7.475889999999916],[112.70084948652523,-7.476109999999911],[112.70074948652513,-7.476429999999921],[112.70070948652528,-7.476969999999925],[112.70069948652517,-7.477179999999981],[112.70049948652522,-7.478989999999994],[112.70043948652523,-7.479790000000017],[112.7004594865252,-7.479949999999933],[112.70020948652513,-7.479880000000003],[112.70006948652517,-7.479880000000003],[112.69996948652516,-7.479929999999966],[112.6998894865252,-7.480049999999947],[112.6998294865252,-7.4802999999999376],[112.6997594865252,-7.480649999999942],[112.69961948652515,-7.481449999999965],[112.6994794865252,-7.482149999999974],[112.69946948652517,-7.482259999999927],[112.69938948652522,-7.482569999999997],[112.69939948652515,-7.482700000000007],[112.69936948652526,-7.482879999999978],[112.6993494865252,-7.4831799999999316],[112.69938948652522,-7.483259999999978],[112.69936948652526,-7.483339999999936],[112.69925948652521,-7.483539999999964],[112.69903948652512,-7.484250000000001],[112.69900948652521,-7.484309999999903],[112.69924948652518,-7.484309999999903],[112.69959948652519,-7.484369999999982],[112.7000194865252,-7.484479999999936],[112.70035948652527,-7.484589999999978],[112.70088948652526,-7.484790000000006],[112.70107948652524,-7.4848699999999635],[112.70154948652515,-7.485039999999996],[112.70182948652513,-7.485179999999945],[112.7023594865252,-7.485429999999935],[112.70259948652524,-7.485539999999977],[112.70397948652521,-7.486289999999949],[112.70451948652521,-7.486449999999953],[112.70484948652525,-7.486549999999967],[112.70658948652516,-7.486799999999958],[112.70651948652522,-7.486689999999916],[112.7065094865252,-7.486629999999925],[112.70651948652522,-7.4864599999999815],[112.70656948652528,-7.486199999999963],[112.7066394865252,-7.485929999999916],[112.70668948652518,-7.485709999999921],[112.70678948652528,-7.485549999999916],[112.70689948652523,-7.485499999999954],[112.70700948652518,-7.4853499999998885],[112.70705948652524,-7.485219999999968],[112.70711948652523,-7.485029999999968],[112.70716948652519,-7.485059999999963],[112.70768948652523,-7.485309999999954],[112.70799948652511,-7.4853499999998885],[112.70829948652516,-7.485409999999968],[112.70851948652525,-7.485509999999982],[112.70860948652523,-7.48533000000001],[112.70880948652517,-7.484929999999954],[112.70870948652515,-7.4848699999999635],[112.7087894865252,-7.484679999999964],[112.70885948652521,-7.484499999999992],[112.70898948652514,-7.48400999999995],[112.70907948652513,-7.483749999999931],[112.70915948652517,-7.483449999999978],[112.7091694865252,-7.4833799999999595],[112.7091694865252,-7.483309999999941],[112.70918948652526,-7.481409999999942],[112.70874948652518,-7.480649999999942],[112.70875948652521,-7.480580000000012],[112.70879948652514,-7.480420000000008],[112.70890948652527,-7.480069999999914],[112.70901948652522,-7.479759999999933],[112.70907948652513,-7.479549999999966],[112.70911948652515,-7.479479999999947],[112.7091994865252,-7.479309999999915],[112.70907948652513,-7.479139999999971],[112.70910948652521,-7.478849999999957],[112.7091394865252,-7.478559999999943],[112.70883948652516,-7.478399999999938],[112.7085994865252,-7.478279999999957],[112.70795948652527,-7.47787999999999],[112.70796948652522,-7.477329999999958],[112.7078094865252,-7.476539999999963],[112.7077794865253,-7.476429999999921],[112.70754948652518,-7.475729999999912],[112.70744948652518,-7.475509999999916],[112.70732948652528,-7.475249999999987],[112.70717948652522,-7.474939999999917],[112.70709948652517,-7.474779999999912],[112.70705948652524,-7.474689999999926],[112.70668948652518,-7.474689999999926],[112.70613948652523,-7.474569999999945],[112.70529948652528,-7.474149999999922],[112.70467948652522,-7.473699999999992]]]},"properties":{"KDPPUM":"","NAMOBJ":"Sugihwaras","REMARK":"","KDPBPS":"","FCODE":"BA03060060","LUASWH":0,"UUPP":"","SRS_ID":"SRGI 2013","LCODE":"","METADATA":"","KDEBPS":"","KDEPUM":"","KDCBPS":"","KDCPUM":"","KDBBPS":"","KDBPUM":"","WADMKD":"Sugihwaras","WIADKD":"","WADMKC":"Candi","WIADKC":"","WADMKK":"Sidoarjo","WIADKK":"","WADMPR":"Jawa Timur","WIADPR":"","TIPADM":0,"SHAPE_Leng":0.04278165401,"SHAPE_Area":0.0001008245}},
{"type":"Feature","geometry":{"type":"Polygon","coordinates":[[[112.70416000000012,-7.466336205389867],[112.70370000000007,-7.466336205389867],[112.70284000000005,-7.466266205389937],[112.70232000000011,-7.466226205389914],[112.70213000000003,-7.466216205389886],[112.70163000000004,-7.466176205389862],[112.70112000000003,-7.4660962053899045],[112.70094999999999,-7.466036205389914],[112.70043000000014,-7.465856205389942],[112.70012000000007,-7.4657462053899],[112.69968000000007,-7.465696205389937],[112.69962000000008,-7.465576205389867],[112.69946000000009,-7.4654062053899235],[112.69930000000008,-7.4652962053898815],[112.69917000000007,-7.465216205389924],[112.69908000000008,-7.465156205389933],[112.6986400000001,-7.464876205389858],[112.69827000000012,-7.464636205389896],[112.69790000000015,-7.4644962053898585],[112.69781000000016,-7.464466205389863],[112.69768000000006,-7.464426205389929],[112.69717000000006,-7.464286205389891],[112.6970600000001,-7.464556205389938],[112.69697000000012,-7.464766205389905],[112.69694000000003,-7.464836205389835],[112.69653000000004,-7.464656205389863],[112.69631000000004,-7.4648062053899285],[112.69613000000007,-7.464936205389938],[112.69595000000001,-7.465056205389919],[112.69580000000012,-7.465226205389952],[112.6957000000001,-7.465576205389867],[112.69491000000002,-7.465226205389952],[112.69422000000013,-7.465016205389896],[112.69400000000005,-7.465466205389914],[112.69382000000007,-7.4653662053899],[112.69368000000013,-7.4656062053899515],[112.69362000000005,-7.465716205389905],[112.69347000000008,-7.465846205389914],[112.69323000000011,-7.465926205389872],[112.69309000000007,-7.465956205389867],[112.69261999999999,-7.465736205389872],[112.6923700000001,-7.46562620538983],[112.69150000000005,-7.465736205389872],[112.69131999999999,-7.465686205389909],[112.69109000000006,-7.465616205389891],[112.68979000000006,-7.4657962053898625],[112.68869000000008,-7.4659962053898905],[112.68787000000009,-7.466436205389881],[112.68729000000006,-7.467046205389904],[112.68722000000004,-7.467206205389909],[112.68720000000008,-7.467276205389927],[112.68717000000008,-7.467396205389909],[112.68714000000008,-7.467456205389899],[112.68677000000002,-7.4684862053899455],[112.68672000000007,-7.46864620538995],[112.68657000000009,-7.469106205389908],[112.6865100000001,-7.46927620538994],[112.68635000000009,-7.469876205389847],[112.68711000000009,-7.469806205389917],[112.68844,-7.469746205389837],[112.6887600000001,-7.469766205389893],[112.68933000000001,-7.469806205389917],[112.68965000000001,-7.469726205389959],[112.69041000000001,-7.469936205389926],[112.69049000000007,-7.469966205389921],[112.69060000000002,-7.470016205389884],[112.69064999999998,-7.470046205389879],[112.69092000000002,-7.470196205389856],[112.69123,-7.4703662053898885],[112.69177,-7.470656205389902],[112.69226000000005,-7.470886205389926],[112.69268000000008,-7.4717662053899065],[112.69272000000001,-7.4718562053898925],[112.69391000000006,-7.471346205389883],[112.69443000000001,-7.4712662053899255],[112.69504000000003,-7.471466205389865],[112.69590999999998,-7.471776205389935],[112.69729000000004,-7.472096205389944],[112.69970000000005,-7.472616205389892],[112.70074000000012,-7.472716205389906],[112.70158000000008,-7.472666205389855],[112.70247000000009,-7.472776205389897],[112.70321000000003,-7.472846205389915],[112.70401000000005,-7.473186205389892],[112.70462000000008,-7.473676205389934],[112.70464000000004,-7.47357620538992],[112.70505000000004,-7.4710662053898975],[112.70539000000011,-7.4689862053899265],[112.70556000000013,-7.46770620538989],[112.70559000000004,-7.4674962053899225],[112.70556000000013,-7.467016205389909],[112.70555000000002,-7.4668962053899275],[112.70554000000008,-7.46668620538996],[112.70554000000008,-7.466626205389881],[112.70553000000005,-7.466536205389895],[112.7054800000001,-7.4665062053899],[112.7044400000001,-7.466366205389862],[112.70416000000012,-7.466336205389867]]]},"properties":{"KDPPUM":"","NAMOBJ":"Sumokali","REMARK":"","KDPBPS":"","FCODE":"BA03060060","LUASWH":0,"UUPP":"","SRS_ID":"SRGI 2013","LCODE":"","METADATA":"","KDEBPS":"","KDEPUM":"","KDCBPS":"","KDCPUM":"","KDBBPS":"","KDBPUM":"","WADMKD":"Sumokali","WIADKD":"","WADMKC":"Candi","WIADKC":"","WADMKK":"Sidoarjo","WIADKK":"","WADMPR":"Jawa Timur","WIADPR":"","TIPADM":0,"SHAPE_Leng":0.05072273982,"SHAPE_Area":0.0001086466}},
{"type":"Feature","geometry":{"type":"Polygon","coordinates":[[[112.70474536624279,-7.486622328185747],[112.70441536624276,-7.486522328185733],[112.70387536624276,-7.486362328185728],[112.70249536624279,-7.4856123281857565],[112.70225536624274,-7.4855023281857145],[112.70172536624267,-7.485252328185724],[112.7014453662427,-7.485112328185775],[112.70097536624279,-7.484942328185743],[112.7007853662428,-7.484862328185785],[112.70025536624281,-7.484662328185757],[112.70033536624277,-7.486752328185756],[112.69983536624271,-7.48887232818575],[112.69932536624269,-7.490142328185759],[112.69876536624281,-7.491552328185716],[112.69854536624273,-7.492022328185791],[112.69808536624276,-7.493012328185725],[112.69835536624282,-7.493302328185739],[112.69868536624277,-7.493502328185678],[112.69896536624275,-7.493672328185711],[112.69889536624282,-7.494062328185739],[112.69915536624275,-7.494062328185739],[112.69944536624277,-7.494192328185748],[112.70004536624276,-7.494472328185734],[112.70390536624275,-7.49632232818577],[112.70490536624271,-7.496692328185742],[112.70564536624283,-7.4969623281857],[112.70639536624272,-7.497182328185784],[112.70698536624268,-7.497352328185728],[112.70752536624269,-7.497502328185704],[112.70801536624273,-7.4976223281856855],[112.70808536624274,-7.49784232818577],[112.70816536624271,-7.497972328185779],[112.7083553662428,-7.498142328185723],[112.70851536624271,-7.498172328185718],[112.70869536624268,-7.498202328185713],[112.70900536624275,-7.498252328185676],[112.70948536624276,-7.498352328185779],[112.70963536624274,-7.498382328185685],[112.70978536624271,-7.4984123281856805],[112.7099753662428,-7.498482328185788],[112.71056536624278,-7.498782328185741],[112.7113953662427,-7.499242328185699],[112.71167536624269,-7.499382328185736],[112.7127553662427,-7.499692328185717],[112.7132653662428,-7.499932328185769],[112.71407536624275,-7.499252328185727],[112.71412536624281,-7.498942328185746],[112.71409536624273,-7.498102328185788],[112.71403536624274,-7.497602328185718],[112.71398536624277,-7.496982328185756],[112.71389536624278,-7.495982328185794],[112.71376536624278,-7.495172328185743],[112.71372536624276,-7.494592328185715],[112.71371536624281,-7.494102328185762],[112.71373536624269,-7.493852328185771],[112.71376536624278,-7.493492328185739],[112.71379536624268,-7.493212328185664],[112.71260536624273,-7.492472328185721],[112.7123453662427,-7.492312328185805],[112.7121253662427,-7.492252328185725],[112.7118053662427,-7.4921623281857395],[112.71151536624278,-7.492092328185721],[112.71117536624271,-7.49203232818573],[112.71108536624273,-7.49203232818573],[112.71088536624278,-7.492022328185791],[112.7107353662428,-7.491942328185744],[112.71052536624275,-7.491802328185707],[112.71042536624283,-7.491742328185716],[112.71018536624268,-7.491632328185674],[112.71004536624274,-7.4915723281857725],[112.7099053662427,-7.491512328185693],[112.70947536624283,-7.491232328185796],[112.70892536624271,-7.490882328185703],[112.70830536624283,-7.490632328185712],[112.70763536624281,-7.490362328185754],[112.70645536624271,-7.489912328185736],[112.7047153662428,-7.4892823281857455],[112.70461536624279,-7.489232328185783],[112.7045253662428,-7.4890823281857175],[112.7045253662428,-7.488792328185704],[112.70470536624278,-7.488172328185741],[112.70478536624273,-7.487822328185737],[112.70474536624279,-7.487242328185709],[112.70474536624279,-7.486622328185747]]]},"properties":{"KDPPUM":"","NAMOBJ":"Sumorame","REMARK":"","KDPBPS":"","FCODE":"BA03060060","LUASWH":0,"UUPP":"","SRS_ID":"SRGI 2013","LCODE":"","METADATA":"","KDEBPS":"","KDEPUM":"","KDCBPS":"","KDCPUM":"","KDBBPS":"","KDBPUM":"","WADMKD":"Sumorame","WIADKD":"","WADMKC":"Candi","WIADKC":"","WADMKK":"Sidoarjo","WIADKK":"","WADMPR":"Jawa Timur","WIADPR":"","TIPADM":0,"SHAPE_Leng":0.05081642587,"SHAPE_Area":0.00011782355}},
{"type":"Feature","geometry":{"type":"Polygon","coordinates":[[[112.70819000000004,-7.466449999999911],[112.70813000000005,-7.466459999999939],[112.70774000000003,-7.466489999999935],[112.70743999999999,-7.466449999999911],[112.70667000000005,-7.466319999999902],[112.70648999999999,-7.466349999999986],[112.70647000000011,-7.466429999999944],[112.70571000000011,-7.466489999999935],[112.70558000000001,-7.466509999999991],[112.70553000000005,-7.466559999999953],[112.70554000000008,-7.466649999999939],[112.70554000000008,-7.466710000000019],[112.70555000000002,-7.466919999999986],[112.70556000000013,-7.467039999999967],[112.70559000000004,-7.467519999999981],[112.70556000000013,-7.467729999999948],[112.70539000000011,-7.469009999999985],[112.70505000000004,-7.471089999999956],[112.70464000000004,-7.473599999999978],[112.70462000000008,-7.473699999999992],[112.70524000000013,-7.474149999999922],[112.70608000000009,-7.474569999999945],[112.70663000000003,-7.474689999999926],[112.7070000000001,-7.474689999999926],[112.70809000000013,-7.474659999999931],[112.7090300000001,-7.474659999999931],[112.70964999999997,-7.474809999999907],[112.71098000000006,-7.474989999999968],[112.71177000000014,-7.475149999999973],[112.71219000000008,-7.475249999999987],[112.71288000000006,-7.4754199999999305],[112.71314000000008,-7.475489999999949],[112.71358000000006,-7.475589999999963],[112.71378,-7.4755400000000005],[112.71424000000005,-7.475499999999977],[112.7147000000001,-7.475409999999991],[112.71471000000012,-7.4752299999999305],[112.71480000000011,-7.473999999999945],[112.71481000000006,-7.47377999999995],[112.71486000000002,-7.473089999999969],[112.71498000000008,-7.471469999999956],[112.7147000000001,-7.471389999999909],[112.71455999999998,-7.471279999999956],[112.71414000000004,-7.470899999999956],[112.71391000000001,-7.470779999999975],[112.71369000000001,-7.470709999999956],[112.71349000000008,-7.470679999999961],[112.71268000000012,-7.470759999999919],[112.7124200000001,-7.470719999999984],[112.7122300000001,-7.470709999999956],[112.7120100000001,-7.470749999999979],[112.71187000000006,-7.470729999999923],[112.71174000000006,-7.470669999999933],[112.71165000000008,-7.470579999999947],[112.71153,-7.470290000000022],[112.71146000000007,-7.470229999999942],[112.71138000000012,-7.4701499999998955],[112.71133000000006,-7.470119999999989],[112.71104000000005,-7.469969999999924],[112.71091000000004,-7.469919999999961],[112.71072000000004,-7.46985999999997],[112.71061000000009,-7.4698699999999985],[112.71055000000001,-7.469879999999938],[112.71038000000006,-7.469899999999905],[112.71009000000005,-7.469919999999961],[112.70950000000008,-7.470019999999975],[112.70926000000011,-7.469959999999984],[112.70920000000004,-7.469809999999919],[112.70916000000011,-7.4696599999999425],[112.70912000000008,-7.4695699999999565],[112.70899000000007,-7.469449999999975],[112.70884000000001,-7.469279999999943],[112.70875000000002,-7.469179999999929],[112.70854000000006,-7.468939999999966],[112.70843,-7.468889999999915],[112.7082700000001,-7.468819999999896],[112.70817000000008,-7.468779999999962],[112.70801000000007,-7.468709999999943],[112.70769000000007,-7.468569999999906],[112.70771000000003,-7.468489999999948],[112.70819000000004,-7.466449999999911]]]},"properties":{"KDPPUM":"","NAMOBJ":"Tenggulunan","REMARK":"","KDPBPS":"","FCODE":"BA03060060","LUASWH":0,"UUPP":"","SRS_ID":"SRGI 2013","LCODE":"","METADATA":"","KDEBPS":"","KDEPUM":"","KDCBPS":"","KDCPUM":"","KDBBPS":"","KDBPUM":"","WADMKD":"Tenggulunan","WIADKD":"","WADMKC":"Candi","WIADKC":"","WADMKK":"Sidoarjo","WIADKK":"","WADMPR":"Jawa Timur","WIADPR":"","TIPADM":0,"SHAPE_Leng":0.03511761602,"SHAPE_Area":0.00005616615}},
{"type":"Feature","geometry":{"type":"Polygon","coordinates":[[[112.74695000000013,-7.473689999999964],[112.74624000000009,-7.473389999999922],[112.74577000000009,-7.473669999999997],[112.74468000000006,-7.473509999999992],[112.74271000000013,-7.473029999999978],[112.74135000000005,-7.472790000000016],[112.73997000000008,-7.472719999999997],[112.73961000000006,-7.472609999999955],[112.73942000000014,-7.472589999999988],[112.73924000000008,-7.472589999999988],[112.73889000000008,-7.472759999999932],[112.73875000000012,-7.472679999999974],[112.73869000000005,-7.47264999999989],[112.7382,-7.4724399999999225],[112.73796999999999,-7.472369999999993],[112.73794000000008,-7.472149999999909],[112.73791000000008,-7.471789999999965],[112.73783000000003,-7.471519999999918],[112.7378200000001,-7.471349999999974],[112.73774000000004,-7.471330000000007],[112.73711000000006,-7.4712599999999885],[112.73603000000006,-7.471119999999951],[112.73591000000008,-7.471019999999937],[112.7358300000001,-7.470909999999984],[112.73576,-7.470729999999923],[112.73563,-7.470699999999928],[112.73543000000005,-7.470639999999937],[112.7352900000001,-7.470659999999993],[112.73517000000004,-7.470729999999923],[112.7349700000001,-7.470839999999965],[112.73472000000002,-7.4708499999999045],[112.73451000000014,-7.47080999999997],[112.73435000000005,-7.471529999999946],[112.73398000000007,-7.471409999999965],[112.73344000000007,-7.471239999999932],[112.73302000000005,-7.471109999999923],[112.73305999999998,-7.470699999999928],[112.7330700000001,-7.470589999999975],[112.73312000000006,-7.470189999999919],[112.73073000000011,-7.469299999999999],[112.73055000000014,-7.469229999999891],[112.73044,-7.469189999999957],[112.73013999999996,-7.4690699999999755],[112.73010000000012,-7.469169999999989],[112.73001000000014,-7.469269999999915],[112.72982000000005,-7.469379999999957],[112.72956000000012,-7.469519999999905],[112.7294900000001,-7.469620000000008],[112.72943000000011,-7.469829999999975],[112.72937000000003,-7.470099999999933],[112.72931000000004,-7.470339999999984],[112.72934000000012,-7.470540000000012],[112.72938000000015,-7.470829999999937],[112.72934000000012,-7.4710499999999325],[112.72926000000007,-7.471129999999979],[112.72912000000012,-7.47118999999997],[112.7289500000001,-7.471199999999998],[112.7287000000001,-7.4711700000000025],[112.72840000000006,-7.471139999999918],[112.72809000000008,-7.471139999999918],[112.72781000000009,-7.47118999999997],[112.7277200000001,-7.471289999999984],[112.72765,-7.471399999999937],[112.72761000000007,-7.47156999999997],[112.7275000000001,-7.472329999999969],[112.72742000000007,-7.472799999999955],[112.72726000000014,-7.473869999999936],[112.72714000000008,-7.4747299999999495],[112.72700000000013,-7.475139999999945],[112.72688000000007,-7.475119999999977],[112.72675999999998,-7.475119999999977],[112.72666000000007,-7.475179999999968],[112.7264500000001,-7.475469999999982],[112.72639000000002,-7.475589999999963],[112.72629000000009,-7.475729999999912],[112.72624000000005,-7.47579999999993],[112.72615000000006,-7.475819999999986],[112.72618000000014,-7.475949999999996],[112.72627000000013,-7.4761299999999675],[112.72637000000005,-7.476339999999935],[112.72639000000002,-7.476399999999925],[112.72656000000005,-7.476370000000019],[112.72663000000016,-7.476370000000019],[112.72686000000009,-7.476439999999949],[112.7271800000001,-7.476609999999981],[112.72797000000001,-7.4769199999999625],[112.72845000000011,-7.476959999999986],[112.72893000000012,-7.47693999999993],[112.72914,-7.476969999999925],[112.72959000000002,-7.477000000000009],[112.73028000000009,-7.477039999999944],[112.73053000000009,-7.476989999999981],[112.73112000000005,-7.476739999999991],[112.73147999999999,-7.476599999999953],[112.73160000000006,-7.476549999999991],[112.73233000000006,-7.476210000000014],[112.73270000000004,-7.475959999999935],[112.73286000000004,-7.475949999999996],[112.73292000000004,-7.475939999999968],[112.73303000000007,-7.475939999999968],[112.73312000000006,-7.475969999999963],[112.73317000000011,-7.475999999999958],[112.7332600000001,-7.476099999999972],[112.73344000000007,-7.476509999999967],[112.73357000000009,-7.476779999999925],[112.73374000000003,-7.477049999999972],[112.73392,-7.477169999999953],[112.7340200000001,-7.477199999999948],[112.73433000000009,-7.477179999999981],[112.73472000000002,-7.47712999999993],[112.73498000000004,-7.47711999999999],[112.73540000000006,-7.477139999999958],[112.73549000000004,-7.47737999999992],[112.73568000000013,-7.477459999999967],[112.73606000000005,-7.4777099999999574],[112.73624000000011,-7.477819999999911],[112.73642000000008,-7.478009999999911],[112.73662000000002,-7.4784199999999945],[112.7368100000001,-7.478979999999966],[112.73684000000002,-7.479259999999952],[112.73683000000007,-7.479739999999966],[112.73679000000006,-7.4805999999999795],[112.73679000000006,-7.480749999999956],[112.73682000000005,-7.480809999999947],[112.73703000000002,-7.480899999999933],[112.73733999999999,-7.480899999999933],[112.73971000000007,-7.480749999999956],[112.7415900000001,-7.480759999999984],[112.74318000000002,-7.481009999999975],[112.74487000000015,-7.4813899999999744],[112.74677000000005,-7.481839999999993],[112.7471300000001,-7.481959999999974],[112.7472600000001,-7.481849999999932],[112.74739000000011,-7.481729999999951],[112.74746000000005,-7.481129999999956],[112.7474800000001,-7.4805899999999514],[112.7474500000001,-7.48008999999997],[112.74741000000007,-7.479939999999905],[112.7471,-7.479410000000017],[112.7469400000001,-7.479329999999971],[112.74685000000011,-7.479279999999919],[112.74679000000003,-7.4791099999999755],[112.74678000000009,-7.479029999999929],[112.74717000000011,-7.47888999999998],[112.74753000000005,-7.478740000000004],[112.74763000000007,-7.478629999999962],[112.7474800000001,-7.478219999999967],[112.7474500000001,-7.4781099999999245],[112.74729,-7.477869999999962],[112.74737999999999,-7.477669999999934],[112.74760000000008,-7.477299999999962],[112.74774000000002,-7.477029999999916],[112.74796000000002,-7.476539999999963],[112.74807000000007,-7.476109999999911],[112.74808000000009,-7.475889999999916],[112.74791000000006,-7.475839999999954],[112.74773000000009,-7.475789999999991],[112.74670000000005,-7.47560999999993],[112.74653,-7.475519999999944],[112.74654000000012,-7.475439999999898],[112.74695000000013,-7.473689999999964]]]},"properties":{"KDPPUM":"","NAMOBJ":"Wedoroklurak","REMARK":"","KDPBPS":"","FCODE":"BA03060060","LUASWH":0,"UUPP":"","SRS_ID":"SRGI 2013","LCODE":"","METADATA":"","KDEBPS":"","KDEPUM":"","KDCBPS":"","KDCPUM":"","KDBBPS":"","KDBPUM":"","WADMKD":"Wedoroklurak","WIADKD":"","WADMKC":"Candi","WIADKC":"","WADMKK":"Sidoarjo","WIADKK":"","WADMPR":"Jawa Timur","WIADPR":"","TIPADM":0,"SHAPE_Leng":0.06559392873,"SHAPE_Area":0.00014809005}}
]}