{"type":"FeatureCollection", "features": [
{"type":"Feature","geometry":{"type":"Polygon","coordinates":[[[112.70432000000004,-7.377599999999971],[112.70429000000004,-7.377889999999985],[112.70427000000007,-7.378209999999994],[112.7042200000001,-7.378269999999896],[112.70418000000008,-7.378409999999933],[112.70414000000007,-7.378749999999998],[112.70410000000004,-7.378910000000003],[112.70408000000008,-7.379139999999937],[112.70406000000001,-7.37930999999997],[112.70401999999999,-7.379469999999975],[112.70387000000001,-7.379479999999914],[112.70365000000002,-7.379559999999961],[112.70337000000004,-7.379679999999942],[112.70328000000005,-7.379830000000007],[112.70324000000002,-7.379899999999937],[112.70315000000004,-7.380029999999946],[112.70307,-7.380039999999974],[112.70284000000005,-7.380019999999918],[112.70269000000008,-7.380029999999946],[112.70249000000005,-7.380099999999965],[112.70237000000007,-7.380109999999904],[112.70198999999998,-7.38006999999997],[112.7017800000001,-7.380099999999965],[112.70131999999997,-7.380079999999998],[112.70111000000009,-7.38006999999997],[112.7010200000001,-7.380099999999965],[112.70099000000002,-7.380210000000007],[112.70065000000014,-7.38088999999996],[112.70053000000006,-7.381160000000007],[112.7002600000001,-7.381889999999922],[112.70007000000011,-7.382289999999978],[112.69957000000012,-7.383269999999884],[112.69945000000006,-7.383489999999968],[112.69924,-7.383899999999963],[112.69891000000005,-7.38467999999993],[112.69865000000003,-7.38505999999993],[112.70024000000005,-7.385599999999934],[112.70053000000006,-7.385660000000014],[112.70073000000001,-7.3857099999999765],[112.70115000000011,-7.38581999999993],[112.70131999999997,-7.385859999999953],[112.7014600000001,-7.385889999999948],[112.70162,-7.385919999999944],[112.70179000000005,-7.385929999999972],[112.70222000000001,-7.3861899999999014],[112.70243000000006,-7.3863099999999715],[112.7031700000001,-7.386419999999925],[112.70386000000008,-7.386539999999995],[112.70392000000007,-7.386269999999948],[112.70393,-7.3862099999999575],[112.70398000000014,-7.385899999999976],[112.70401000000005,-7.38568999999992],[112.70407000000013,-7.38537],[112.7040900000001,-7.385289999999953],[112.70420000000006,-7.384849999999963],[112.7042200000001,-7.384789999999972],[112.70434000000009,-7.38448999999993],[112.70443000000007,-7.38429999999993],[112.70455000000005,-7.383889999999935],[112.70477999999999,-7.3835299999999915],[112.70517000000011,-7.3835199999999634],[112.70525000000006,-7.383539999999931],[112.70607000000005,-7.383779999999982],[112.70666000000003,-7.383589999999982],[112.7108400000001,-7.383729999999931],[112.71161000000005,-7.383589999999982],[112.7128300000001,-7.383239999999978],[112.71309000000011,-7.3832299999999496],[112.71361000000006,-7.3833199999999355],[112.71411000000005,-7.3834299999999775],[112.71437000000006,-7.383489999999968],[112.71494000000006,-7.383609999999949],[112.71579000000004,-7.383829999999945],[112.71603,-7.383879999999996],[112.71617999999998,-7.383889999999935],[112.71626999999997,-7.38385999999994],[112.71629000000011,-7.383539999999931],[112.71631,-7.3834199999999495],[112.71647000000009,-7.382579999999992],[112.71653000000008,-7.382359999999908],[112.71659000000007,-7.382259999999983],[112.71665000000006,-7.382209999999931],[112.71745000000008,-7.382330000000001],[112.71774,-7.382349999999969],[112.71810000000004,-7.382339999999941],[112.71868000000006,-7.382389999999903],[112.71900000000008,-7.3824299999999266],[112.71913000000009,-7.382419999999987],[112.71922000000008,-7.382359999999908],[112.71921000000013,-7.38208999999995],[112.71949000000004,-7.380739999999983],[112.71955000000003,-7.38050999999996],[112.71963000000007,-7.380199999999979],[112.71982000000007,-7.379450000000007],[112.71982000000007,-7.379379999999989],[112.71973,-7.379379999999989],[112.71957000000008,-7.379359999999933],[112.71861000000006,-7.379269999999947],[112.71829000000004,-7.379339999999965],[112.71808000000007,-7.379429999999951],[112.71740000000013,-7.379769999999928],[112.71727000000011,-7.3797399999999325],[112.71717000000001,-7.379659999999975],[112.71712000000005,-7.3795499999999326],[112.71708000000002,-7.379379999999989],[112.71708000000002,-7.3791899999999],[112.71717000000001,-7.378729999999942],[112.71726,-7.378529999999914],[112.71737000000003,-7.378389999999966],[112.71743000000002,-7.378269999999896],[112.71741000000006,-7.378199999999966],[112.71742000000009,-7.378039999999961],[112.7175800000001,-7.377629999999966],[112.71760000000006,-7.3775599999999475],[112.71777000000009,-7.376679999999967],[112.71771000000001,-7.376569999999925],[112.71759000000011,-7.376540000000018],[112.71730000000002,-7.376489999999967],[112.71717000000001,-7.376479999999939],[112.71664000000013,-7.376399999999892],[112.71566000000004,-7.376119999999995],[112.71532000000006,-7.376159999999929],[112.71484000000014,-7.376149999999901],[112.71444000000008,-7.37609],[112.71437000000006,-7.3760799999999715],[112.71367000000005,-7.375989999999986],[112.71358000000006,-7.3759699999999295],[112.71354000000004,-7.375919999999967],[112.71357000000013,-7.375739999999995],[112.71358000000006,-7.375659999999948],[112.71334000000002,-7.37558999999993],[112.71323000000007,-7.37558999999993],[112.7131800000001,-7.37571],[112.71317000000008,-7.375939999999934],[112.71317000000008,-7.3760699999999435],[112.71308000000009,-7.376309999999906],[112.71310000000005,-7.376439999999915],[112.71301000000007,-7.376790000000009],[112.71286000000009,-7.377129999999985],[112.71274000000003,-7.377330000000013],[112.71267000000009,-7.377499999999957],[112.71252000000003,-7.377439999999966],[112.71237000000005,-7.377439999999966],[112.71224000000004,-7.377499999999957],[112.71205000000013,-7.377589999999943],[112.71165000000008,-7.377710000000013],[112.71121000000008,-7.377789999999971],[112.71111000000006,-7.377779999999943],[112.71093000000009,-7.377769999999915],[112.71059000000002,-7.377689999999957],[112.71047000000014,-7.3776599999999615],[112.71009999999998,-7.377580000000004],[112.70995,-7.377589999999943],[112.70981000000006,-7.377580000000004],[112.70962000000006,-7.3775699999999755],[112.70892000000005,-7.37760999999991],[112.70660000000012,-7.377719999999952],[112.7064,-7.377649999999933],[112.7063400000001,-7.377629999999966],[112.70618,-7.3775499999999195],[112.70609000000002,-7.37753999999998],[112.70588000000005,-7.377529999999952],[112.70563000000007,-7.377439999999966],[112.70527000000003,-7.377509999999985],[112.70518999999999,-7.377509999999985],[112.70482000000001,-7.377519999999924],[112.70457000000012,-7.3775599999999475],[112.70432000000004,-7.377599999999971]]]},"properties":{"KDPPUM":"","NAMOBJ":"Bohar","REMARK":"BATAS DESA SALAH","KDPBPS":"","FCODE":"BA03060060","LUASWH":0,"UUPP":"","SRS_ID":"SRGI 2013","LCODE":"","METADATA":"","KDEBPS":"","KDEPUM":"","KDCBPS":"","KDCPUM":"","KDBBPS":"","KDBPUM":"","WADMKD":"Bohar","WIADKD":"","WADMKC":"Taman","WIADKC":"","WADMKK":"Sidoarjo","WIADKK":"","WADMPR":"Jawa Timur","WIADPR":"","TIPADM":0,"SHAPE_Leng":0.05985572459,"SHAPE_Area":0.0001169995,"Luas":null,"NAMA_BLOK":"","KELOMPOK_T":"","NAMA_DESA":"","KARTU_TANI":"","KARTU_TA_1":"","PANEN_TAHU":"","PRODUKTIFI":"","POLA_TANAM":"","KOMODITI_2":"","KONDISI_IR":"","N_IRIGASI":"","ADA_TIDAK":"","ELEVASI":"","KEASAMAN_T":"","UNSUR_HARA":"","REKOMENDAS":"","BAPPEDA":"","KETERANGAN":"","IP":"","IRPOM":"","TglTnmPadi":"","TglPnnPadi":"","layer":"Admin_Desa","path":"C:/Users/bppta/Documents/ArcGIS/Kec. Taman/Kec. Taman/Kec. Taman/Admin_Desa.shp"}},
{"type":"Feature","geometry":{"type":"Polygon","coordinates":[[[112.66601000000007,-7.367179999999971],[112.66559000000005,-7.367130000000008],[112.66544000000007,-7.367099999999924],[112.66541000000008,-7.366819999999938],[112.66546000000004,-7.3660299999999435],[112.66547000000007,-7.3658199999998875],[112.66563000000006,-7.36553999999999],[112.66565000000004,-7.365260000000005],[112.66556000000006,-7.364959999999963],[112.66554000000008,-7.364880000000005],[112.6653600000001,-7.364959999999963],[112.66500000000008,-7.365109999999939],[112.66420000000005,-7.365399999999953],[112.66335000000007,-7.365749999999958],[112.66195000000005,-7.366309999999929],[112.66160000000005,-7.366439999999939],[112.66117000000008,-7.366599999999943],[112.66072000000007,-7.366779999999915],[112.66024000000006,-7.366949999999948],[112.66026000000011,-7.366379999999948],[112.66004000000011,-7.366319999999957],[112.65957999999998,-7.366119999999929],[112.65928000000011,-7.366119999999929],[112.6589600000001,-7.366279999999934],[112.65846000000012,-7.366539999999953],[112.65828000000006,-7.366590000000004],[112.65788000000009,-7.366500000000018],[112.65761000000005,-7.366429999999999],[112.65726000000005,-7.366399999999915],[112.65709000000001,-7.366439999999939],[112.65700000000002,-7.366599999999943],[112.65709000000001,-7.366880000000018],[112.65736000000005,-7.367339999999976],[112.65739000000005,-7.36749999999998],[112.65733000000016,-7.367699999999919],[112.6572500000001,-7.367789999999994],[112.65691000000004,-7.367969999999966],[112.65643000000011,-7.368159999999966],[112.6557600000001,-7.368429999999924],[112.65539000000004,-7.368549999999994],[112.65530000000005,-7.368539999999966],[112.65499000000007,-7.368359999999905],[112.65482000000013,-7.3683199999999704],[112.6546800000001,-7.368279999999947],[112.65453000000002,-7.368289999999975],[112.65434000000003,-7.368369999999933],[112.65412999999997,-7.368460000000008],[112.65400000000014,-7.368409999999956],[112.65383000000011,-7.368349999999966],[112.65353000000006,-7.3682199999999565],[112.6532900000001,-7.368199999999989],[112.65314000000004,-7.368229999999896],[112.6529700000001,-7.3683299999999985],[112.65266000000011,-7.36850999999997],[112.65245000000006,-7.368569999999961],[112.65235000000004,-7.368539999999966],[112.65226000000006,-7.368460000000008],[112.65197000000005,-7.368189999999961],[112.65190000000011,-7.368159999999966],[112.6518000000001,-7.3681199999999425],[112.65157000000008,-7.368069999999891],[112.65146000000003,-7.368039999999985],[112.6510400000001,-7.367939999999971],[112.65086000000004,-7.367779999999966],[112.65053000000009,-7.36749999999998],[112.65041000000011,-7.367479999999924],[112.65032000000012,-7.367510000000008],[112.65024000000008,-7.367589999999966],[112.65005000000008,-7.367899999999947],[112.64995000000006,-7.36813999999991],[112.64978000000012,-7.368559999999933],[112.64961000000008,-7.368729999999966],[112.64941000000015,-7.368859999999886],[112.64930000000001,-7.368870000000003],[112.64920000000009,-7.369250000000003],[112.64916000000007,-7.369809999999974],[112.64908000000003,-7.370719999999951],[112.64915000000003,-7.370869999999927],[112.64918000000013,-7.370929999999918],[112.64926,-7.371139999999974],[112.64924000000012,-7.371349999999941],[112.64915000000003,-7.371559999999908],[112.64906000000005,-7.371679999999978],[112.64901000000009,-7.371749999999997],[112.6487300000001,-7.372019999999955],[112.64862000000007,-7.37204999999995],[112.6485,-7.3719999999999875],[112.64822000000001,-7.371889999999945],[112.6481600000001,-7.371929999999969],[112.64811000000006,-7.372109999999941],[112.64807000000012,-7.372479999999912],[112.64811000000006,-7.372769999999926],[112.64812000000008,-7.37286999999994],[112.64813000000002,-7.3729899999999216],[112.64810000000011,-7.37324999999994],[112.64854000000001,-7.37343999999994],[112.64899000000004,-7.373449999999968],[112.64947000000005,-7.373459999999996],[112.65003000000002,-7.373509999999959],[112.65037000000008,-7.373539999999954],[112.65042999999999,-7.373549999999982],[112.6506900000001,-7.373579999999977],[112.65100000000008,-7.373659999999935],[112.65124000000004,-7.373669999999963],[112.65124999999998,-7.373919999999954],[112.6512300000001,-7.37419999999994],[112.65115000000006,-7.374519999999949],[112.65100000000008,-7.374999999999963],[112.6509800000001,-7.375069999999981],[112.65093000000006,-7.375210000000019],[112.65086000000004,-7.375389999999902],[112.65083999999999,-7.375460000000009],[112.65079000000001,-7.37558999999993],[112.65076000000012,-7.37571],[112.65072000000009,-7.375870000000004],[112.65042000000005,-7.377029999999971],[112.65029999999997,-7.377139999999924],[112.65024000000008,-7.377209999999943],[112.65017000000014,-7.377249999999966],[112.65002000000008,-7.377439999999966],[112.64988000000004,-7.377649999999933],[112.64969000000005,-7.377989999999999],[112.64962000000003,-7.378139999999975],[112.64948000000008,-7.3784599999999845],[112.64937000000012,-7.378719999999914],[112.64935000000007,-7.378779999999994],[112.64930000000001,-7.378889999999947],[112.64912000000004,-7.379299999999942],[112.64894000000007,-7.379709999999937],[112.64891000000007,-7.379769999999928],[112.64885,-7.379929999999932],[112.64824000000006,-7.381449999999932],[112.64808000000006,-7.381809999999964],[112.64783000000016,-7.382349999999969],[112.64772000000002,-7.382669999999978],[112.64769000000003,-7.3827399999999965],[112.6476500000001,-7.38284999999995],[112.64752000000009,-7.383679999999968],[112.64750999999997,-7.383739999999959],[112.64750000000004,-7.383819999999917],[112.64745000000006,-7.384409999999972],[112.64744000000005,-7.384569999999977],[112.64757000000004,-7.38442999999994],[112.64826000000004,-7.383689999999907],[112.64876000000001,-7.383129999999936],[112.64907000000008,-7.382809999999926],[112.64922000000006,-7.382669999999978],[112.64956000000004,-7.382299999999917],[112.64961000000008,-7.381979999999908],[112.64965000000011,-7.381679999999955],[112.64971000000001,-7.381349999999918],[112.64978000000012,-7.381219999999908],[112.64992000000007,-7.3812399999999645],[112.65006000000001,-7.3812499999999925],[112.65042000000005,-7.381259999999932],[112.65060000000003,-7.380849999999937],[112.65076000000012,-7.380739999999983],[112.65089000000012,-7.38069999999996],[112.6510400000001,-7.380649999999909],[112.65115999999999,-7.380559999999923],[112.65132000000008,-7.3804399999999415],[112.6514500000001,-7.380399999999918],[112.65251000000005,-7.3803399999999275],[112.65266000000011,-7.380329999999988],[112.65410000000007,-7.38031999999996],[112.65432000000006,-7.380349999999956],[112.65433000000009,-7.3804499999999695],[112.65432000000006,-7.380829999999969],[112.65425999999998,-7.381469999999988],[112.6542400000001,-7.382129999999973],[112.65422000000005,-7.383509999999935],[112.65421000000002,-7.383660000000001],[112.65419000000006,-7.383849999999912],[112.65418000000011,-7.384069999999996],[112.65546000000006,-7.3841299999999865],[112.65850000000015,-7.384259999999907],[112.65856000000005,-7.384269999999935],[112.65862000000004,-7.384269999999935],[112.65862000000004,-7.384029999999973],[112.65860000000008,-7.383609999999949],[112.65862000000004,-7.3833099999999074],[112.65864000000009,-7.383049999999978],[112.65871000000003,-7.38284999999995],[112.65892000000008,-7.382229999999899],[112.65909000000012,-7.381779999999969],[112.65923000000006,-7.381359999999946],[112.65928000000011,-7.381059999999904],[112.65927000000009,-7.3806399999999694],[112.65926000000006,-7.380109999999904],[112.65931000000002,-7.379429999999951],[112.65939000000007,-7.379319999999909],[112.65963000000012,-7.379109999999942],[112.65977000000007,-7.3789499999999375],[112.65990000000008,-7.37873999999997],[112.65986000000005,-7.37867999999998],[112.66005000000006,-7.378439999999928],[112.66044000000008,-7.378139999999975],[112.66057,-7.378099999999952],[112.66080000000011,-7.378089999999924],[112.66092,-7.378129999999947],[112.66106000000005,-7.378169999999971],[112.66137000000002,-7.378189999999938],[112.66156000000002,-7.378139999999975],[112.66191000000003,-7.378049999999989],[112.66214000000005,-7.377649999999933],[112.66289000000002,-7.376289999999939],[112.66318000000004,-7.375919999999967],[112.66330000000002,-7.375639999999981],[112.66336000000001,-7.3753799999999625],[112.66347000000005,-7.375139999999911],[112.66353999999998,-7.374999999999963],[112.66375000000004,-7.374749999999972],[112.66379000000006,-7.374629999999991],[112.66398000000007,-7.374209999999968],[112.66401000000006,-7.374040000000024],[112.66407000000005,-7.373769999999977],[112.66436000000006,-7.372949999999987],[112.66423000000005,-7.37261999999995],[112.66455000000006,-7.371309999999918],[112.66465000000008,-7.371069999999955],[112.66474000000007,-7.370609999999909],[112.6648200000001,-7.370389999999913],[112.66488000000001,-7.3696099999999465],[112.66512000000014,-7.3690199999999795],[112.66524000000004,-7.368729999999966],[112.66550000000007,-7.36851999999991],[112.66566000000016,-7.368579999999989],[112.66571000000012,-7.368529999999938],[112.66578000000004,-7.368169999999994],[112.66583000000001,-7.367759999999999],[112.66593000000012,-7.367389999999938],[112.66601000000007,-7.367179999999971]]]},"properties":{"KDPPUM":"","NAMOBJ":"Bringinbendo","REMARK":"BATAS DESA SALAH","KDPBPS":"","FCODE":"BA03060060","LUASWH":0,"UUPP":"","SRS_ID":"SRGI 2013","LCODE":"","METADATA":"","KDEBPS":"","KDEPUM":"","KDCBPS":"","KDCPUM":"","KDBBPS":"","KDBPUM":"","WADMKD":"Bringinbendo","WIADKD":"","WADMKC":"Taman","WIADKC":"","WADMKK":"Sidoarjo","WIADKK":"","WADMPR":"Jawa Timur","WIADPR":"","TIPADM":0,"SHAPE_Leng":0.08128955194,"SHAPE_Area":0.0002062305,"Luas":null,"NAMA_BLOK":"","KELOMPOK_T":"","NAMA_DESA":"","KARTU_TANI":"","KARTU_TA_1":"","PANEN_TAHU":"","PRODUKTIFI":"","POLA_TANAM":"","KOMODITI_2":"","KONDISI_IR":"","N_IRIGASI":"","ADA_TIDAK":"","ELEVASI":"","KEASAMAN_T":"","UNSUR_HARA":"","REKOMENDAS":"","BAPPEDA":"","KETERANGAN":"","IP":"","IRPOM":"","TglTnmPadi":"","TglPnnPadi":"","layer":"Admin_Desa","path":"C:/Users/bppta/Documents/ArcGIS/Kec. Taman/Kec. Taman/Kec. Taman/Admin_Desa.shp"}},
{"type":"Feature","geometry":{"type":"Polygon","coordinates":[[[112.67047405134757,-7.357592974326247],[112.6694340513475,-7.3572629743262095],[112.66873405134757,-7.357082974326238],[112.66819405134757,-7.356732974326233],[112.66770405134753,-7.35650297432621],[112.66716405134753,-7.356352974326233],[112.66672405134753,-7.356072974326159],[112.66655405134759,-7.355942974326238],[112.6662440513476,-7.35593297432621],[112.6661440513475,-7.356382974326229],[112.6661440513475,-7.3570629743261815],[112.66601405134759,-7.357572974326191],[112.66574405134763,-7.357922974326195],[112.66559405134755,-7.358222974326237],[112.66574405134763,-7.3586529743261995],[112.66586405134751,-7.359132974326213],[112.66584405134755,-7.359372974326176],[112.66572405134757,-7.359572974326204],[112.66515405134749,-7.359932974326236],[112.66500405134751,-7.360182974326227],[112.66504405134752,-7.360382974326255],[112.66533405134754,-7.3607429743261985],[112.66553405134756,-7.361082974326175],[112.66535405134759,-7.36142297432624],[112.66510405134751,-7.3614329743261795],[112.66461405134747,-7.361382974326217],[112.66452405134748,-7.3614329743261795],[112.6644640513475,-7.361822974326207],[112.66427405134759,-7.362152974326156],[112.66388405134757,-7.3623429743262445],[112.66372405134756,-7.362412974326174],[112.66342405134752,-7.3629329743262115],[112.66300405134758,-7.363942974326202],[112.66292405134753,-7.364272974326239],[112.6626940513476,-7.364982974326187],[112.6622840513476,-7.365232974326178],[112.66175405134754,-7.365462974326201],[112.66133405134761,-7.3657029743261635],[112.66092405134752,-7.366002974326205],[112.6602540513476,-7.366382974326205],[112.66023405134754,-7.366952974326205],[112.66071405134755,-7.366782974326172],[112.66116405134757,-7.3666029743262005],[112.66159405134754,-7.366442974326196],[112.66194405134753,-7.366312974326187],[112.66334405134755,-7.365752974326215],[112.66419405134754,-7.36540297432621],[112.66499405134756,-7.3651129743261965],[112.66535405134759,-7.36496297432622],[112.66553405134756,-7.364882974326262],[112.66555405134754,-7.36496297432622],[112.66564405134753,-7.365262974326262],[112.66562405134755,-7.365542974326248],[112.66546405134756,-7.365822974326145],[112.66545405134752,-7.366032974326201],[112.66540405134756,-7.366822974326196],[112.66543405134756,-7.3671029743261816],[112.66558405134754,-7.367132974326266],[112.66600405134756,-7.367182974326228],[112.66607405134758,-7.367242974326219],[112.66612405134754,-7.367352974326172],[112.66622405134756,-7.367572974326167],[112.66634405134754,-7.367662974326242],[112.66650405134753,-7.367682974326209],[112.66684405134751,-7.367692974326149],[112.66686405134747,-7.368522974326167],[112.66686405134747,-7.3686829743261715],[112.66686405134747,-7.368982974326213],[112.66687405134759,-7.369062974326171],[112.66692405134756,-7.369122974326251],[112.66710405134762,-7.368902974326167],[112.66730405134756,-7.368742974326162],[112.66751405134752,-7.368542974326223],[112.66778405134757,-7.3683129743262],[112.66787405134755,-7.368232974326153],[112.66811405134752,-7.368112974326172],[112.66831405134764,-7.368052974326181],[112.6684240513475,-7.368032974326214],[112.66886405134758,-7.3679829743261624],[112.66916405134754,-7.367952974326167],[112.6697240513476,-7.367862974326181],[112.67009405134756,-7.367762974326256],[112.67033405134752,-7.367762974326256],[112.67074405134761,-7.367762974326256],[112.6709540513475,-7.367722974326233],[112.6712740513475,-7.367612974326191],[112.67182405134763,-7.3674129743262515],[112.6727640513475,-7.367062974326247],[112.67310405134756,-7.366942974326177],[112.67358405134759,-7.366382974326205],[112.67377405134758,-7.366072974326224],[112.67391405134754,-7.365882974326224],[112.67413405134752,-7.365512974326252],[112.6743540513476,-7.365132974326253],[112.67460405134752,-7.364712974326229],[112.67490405134755,-7.364372974326253],[112.67547405134755,-7.363752974326202],[112.67572405134754,-7.363482974326244],[112.67623405134746,-7.362952974326179],[112.67632405134745,-7.362712974326216],[112.67641405134752,-7.362472974326254],[112.6763740513476,-7.362402974326235],[112.67631405134752,-7.362312974326249],[112.6763440513476,-7.362172974326212],[112.67644405134752,-7.361932974326249],[112.67664405134764,-7.3614429743262075],[112.67667405134755,-7.361312974326198],[112.67667405134755,-7.361252974326208],[112.67660405134761,-7.361202974326156],[112.67621405134759,-7.360992974326189],[112.67620405134755,-7.360902974326203],[112.67626405134754,-7.360872974326208],[112.67655405134757,-7.36079297432625],[112.67693405134756,-7.360652974326213],[112.67695405134754,-7.360592974326222],[112.67692405134754,-7.360452974326185],[112.67683405134756,-7.360262974326185],[112.67628405134761,-7.360432974326217],[112.6759640513475,-7.360542974326259],[112.67572405134754,-7.360632974326245],[112.67550405134754,-7.360712974326203],[112.67544405134755,-7.3607329743261705],[112.67532405134749,-7.359962974326232],[112.67528405134746,-7.359722974326269],[112.67496405134754,-7.359432974326255],[112.67487405134756,-7.359312974326185],[112.67478405134749,-7.359022974326171],[112.6746940513475,-7.35890297432619],[112.67418405134758,-7.3591529743261805],[112.67363405134755,-7.359422974326227],[112.67363405134755,-7.359322974326213],[112.6736240513476,-7.3592529743261945],[112.6736240513476,-7.358942974326213],[112.67361405134749,-7.3584529743261715],[112.67360405134755,-7.358162974326158],[112.67359405134752,-7.357882974326261],[112.67359405134752,-7.357652974326237],[112.67356405134753,-7.357292974326205],[112.67342405134758,-7.357202974326219],[112.67295405134759,-7.3573229743262],[112.67181405134751,-7.357572974326191],[112.67093405134761,-7.3576629743261766],[112.67047405134757,-7.357592974326247]]]},"properties":{"KDPPUM":"","NAMOBJ":"Gilang","REMARK":"","KDPBPS":"","FCODE":"BA03060060","LUASWH":0,"UUPP":"","SRS_ID":"SRGI 2013","LCODE":"","METADATA":"","KDEBPS":"","KDEPUM":"","KDCBPS":"","KDCPUM":"","KDBBPS":"","KDBPUM":"","WADMKD":"Gilang","WIADKD":"","WADMKC":"Taman","WIADKC":"","WADMKK":"Sidoarjo","WIADKK":"","WADMPR":"Jawa Timur","WIADPR":"","TIPADM":0,"SHAPE_Leng":0.05586775381,"SHAPE_Area":0.00010938185,"Luas":null,"NAMA_BLOK":"","KELOMPOK_T":"","NAMA_DESA":"","KARTU_TANI":"","KARTU_TA_1":"","PANEN_TAHU":"","PRODUKTIFI":"","POLA_TANAM":"","KOMODITI_2":"","KONDISI_IR":"","N_IRIGASI":"","ADA_TIDAK":"","ELEVASI":"","KEASAMAN_T":"","UNSUR_HARA":"","REKOMENDAS":"","BAPPEDA":"","KETERANGAN":"","IP":"","IRPOM":"","TglTnmPadi":"","TglPnnPadi":"","layer":"Admin_Desa","path":"C:/Users/bppta/Documents/ArcGIS/Kec. Taman/Kec. Taman/Kec. Taman/Admin_Desa.shp"}},
{"type":"Feature","geometry":{"type":"Polygon","coordinates":[[[112.68874762053906,-7.362549999999954],[112.68849762053907,-7.362509999999931],[112.68842762053904,-7.362549999999954],[112.68837762053909,-7.362849999999996],[112.68807762053905,-7.362899999999959],[112.68783762053909,-7.3629599999999495],[112.68767762053908,-7.363039999999996],[112.68703762053906,-7.363279999999959],[112.68678762053906,-7.363469999999959],[112.68667762053903,-7.363719999999949],[112.68658762053904,-7.364079999999982],[112.6864176205391,-7.364689999999916],[112.68605762053906,-7.365149999999963],[112.68585762053904,-7.365329999999934],[112.6856576205391,-7.365389999999925],[112.68500762053905,-7.36529],[112.68405762053905,-7.365040000000009],[112.68368762053908,-7.364989999999958],[112.68326762053906,-7.365049999999949],[112.68263762053907,-7.365389999999925],[112.6818876205391,-7.365849999999972],[112.6814776205391,-7.366059999999939],[112.68122762053902,-7.366189999999948],[112.68049762053901,-7.366849999999934],[112.68002762053912,-7.3673199999999195],[112.67954762053901,-7.367619999999961],[112.67924762053897,-7.367699999999919],[112.67893762053899,-7.367759999999999],[112.67895762053905,-7.3675199999999474],[112.67900762053901,-7.367089999999985],[112.67907762053912,-7.3668299999999665],[112.67837762053902,-7.366669999999962],[112.67799762053912,-7.366579999999976],[112.6769176205391,-7.36629999999999],[112.67677762053897,-7.367689999999891],[112.67645762053905,-7.368779999999928],[112.67614762053898,-7.369389999999951],[112.67546762053904,-7.36964999999997],[112.67505762053904,-7.369679999999965],[112.6737176205391,-7.369479999999937],[112.673397620539,-7.369489999999965],[112.67319762053906,-7.369559999999984],[112.67290762053914,-7.369859999999937],[112.6726076205391,-7.370829999999993],[112.67195762053905,-7.373469999999935],[112.67278762053907,-7.37362999999994],[112.67410762053903,-7.373829999999968],[112.67552762053911,-7.374049999999963],[112.67696762053906,-7.374349999999916],[112.67754762053909,-7.374439999999902],[112.67866762053903,-7.374670000000014],[112.67879762053904,-7.3746799999999535],[112.67892762053906,-7.374649999999958],[112.67931762053908,-7.374689999999893],[112.67964762053903,-7.374719999999977],[112.68016762053907,-7.3747799999999675],[112.68122762053902,-7.374920000000005],[112.68135762053903,-7.37495],[112.68167762053903,-7.374969999999967],[112.6864776205391,-7.374999999999963],[112.68649762053906,-7.375089999999949],[112.6865176205391,-7.375249999999953],[112.68686762053912,-7.375199999999991],[112.68726762053899,-7.3752699999999205],[112.68750762053905,-7.375300000000005],[112.68800762053903,-7.3753699999999345],[112.68837762053909,-7.375389999999902],[112.6887276205391,-7.3753799999999625],[112.688917620539,-7.3754699999999485],[112.68925762053907,-7.375629999999953],[112.68962762053904,-7.375729999999967],[112.69035762053905,-7.375889999999972],[112.69035762053905,-7.375729999999967],[112.69035762053905,-7.37564999999992],[112.69052762053907,-7.3753799999999625],[112.69072762053902,-7.374999999999963],[112.69104762053902,-7.374279999999986],[112.69139762053904,-7.373709999999987],[112.69193762053904,-7.372799999999922],[112.69247762053904,-7.371899999999885],[112.69266762053904,-7.371579999999964],[112.69321762053907,-7.370649999999932],[112.69329762053903,-7.3705099999999835],[112.69340762053908,-7.370359999999918],[112.69338762053901,-7.370269999999932],[112.69247762053904,-7.370170000000007],[112.69165762053905,-7.370159999999979],[112.689867620539,-7.370129999999984],[112.68941762053907,-7.370129999999984],[112.68918762053904,-7.370079999999932],[112.68871762053907,-7.369849999999909],[112.68848762053914,-7.369749999999984],[112.68797762053903,-7.3697099999999605],[112.68791762053904,-7.369699999999932],[112.6879976205391,-7.369299999999965],[112.6879976205391,-7.369229999999947],[112.68800762053903,-7.3690199999999795],[112.68819762053903,-7.367759999999999],[112.68828762053901,-7.367159999999915],[112.68847762053902,-7.365979999999981],[112.68859762053908,-7.365089999999972],[112.68875762053909,-7.364649999999893],[112.68898762053911,-7.364500000000005],[112.68895762053903,-7.36434],[112.68879762053902,-7.363939999999944],[112.68883762053905,-7.363539999999977],[112.68880762053914,-7.363460000000019],[112.68876762053911,-7.363309999999954],[112.68874762053906,-7.3629499999999215],[112.68874762053906,-7.362549999999954]]]},"properties":{"KDPPUM":"","NAMOBJ":"Jemundo","REMARK":"BATAS DESA SALAH","KDPBPS":"","FCODE":"BA03060060","LUASWH":0,"UUPP":"","SRS_ID":"SRGI 2013","LCODE":"","METADATA":"","KDEBPS":"","KDEPUM":"","KDCBPS":"","KDCPUM":"","KDBBPS":"","KDBPUM":"","WADMKD":"Jemundo","WIADKD":"","WADMKC":"Taman","WIADKC":"","WADMKK":"Sidoarjo","WIADKK":"","WADMPR":"Jawa Timur","WIADPR":"","TIPADM":0,"SHAPE_Leng":0.06413844626,"SHAPE_Area":0.00014760705,"Luas":null,"NAMA_BLOK":"","KELOMPOK_T":"","NAMA_DESA":"","KARTU_TANI":"","KARTU_TA_1":"","PANEN_TAHU":"","PRODUKTIFI":"","POLA_TANAM":"","KOMODITI_2":"","KONDISI_IR":"","N_IRIGASI":"","ADA_TIDAK":"","ELEVASI":"","KEASAMAN_T":"","UNSUR_HARA":"","REKOMENDAS":"","BAPPEDA":"","KETERANGAN":"","IP":"","IRPOM":"","TglTnmPadi":"","TglPnnPadi":"","layer":"Admin_Desa","path":"C:/Users/bppta/Documents/ArcGIS/Kec. Taman/Kec. Taman/Kec. Taman/Admin_Desa.shp"}},
{"type":"Feature","geometry":{"type":"Polygon","coordinates":[[[112.70999000000003,-7.350269999999979],[112.70912000000008,-7.349959999999998],[112.70872000000011,-7.349879999999951],[112.70837000000002,-7.349859999999984],[112.70748000000002,-7.349869999999923],[112.70739999999996,-7.349859999999984],[112.70714000000012,-7.34981999999996],[112.70687000000008,-7.349749999999942],[112.70658000000006,-7.349599999999965],[112.70626999999999,-7.349369999999942],[112.70577000000002,-7.349029999999965],[112.70554000000008,-7.348979999999914],[112.70532,-7.348989999999942],[112.70501000000002,-7.349050000000021],[112.7044400000001,-7.349159999999886],[112.70437000000008,-7.349170000000003],[112.70426000000013,-7.349919999999974],[112.70434000000009,-7.350220000000016],[112.70437000000008,-7.350369999999904],[112.70440000000008,-7.350549999999965],[112.70441000000002,-7.3506199999998945],[112.70441000000002,-7.3508399999999785],[112.70442000000004,-7.35095999999996],[112.70455000000005,-7.351579999999922],[112.70463000000011,-7.351949999999894],[112.70454000000002,-7.3524299999999965],[112.70438000000003,-7.353209999999963],[112.70435000000012,-7.353339999999973],[112.70420000000006,-7.353499999999977],[112.7040900000001,-7.353589999999963],[112.70401999999999,-7.353829999999926],[112.70399000000009,-7.354189999999958],[112.70397000000003,-7.3544099999999535],[112.7039000000001,-7.354619999999921],[112.70376000000006,-7.354869999999911],[112.70359000000012,-7.355049999999972],[112.70354000000006,-7.3550999999999345],[112.7032700000001,-7.354959999999986],[112.70229000000002,-7.355029999999916],[112.70136,-7.355380000000009],[112.70094000000006,-7.355549999999953],[112.70068000000003,-7.355909999999897],[112.70034000000007,-7.356179999999943],[112.69999000000006,-7.356189999999971],[112.69992000000003,-7.355849999999995],[112.69955000000007,-7.355639999999939],[112.69888000000006,-7.355679999999962],[112.69815000000006,-7.355719999999986],[112.69777000000013,-7.3560099999999995],[112.69748999999997,-7.356349999999976],[112.69748000000004,-7.356719999999948],[112.69768000000006,-7.357039999999957],[112.69812000000006,-7.3572999999999755],[112.69819000000007,-7.358349999999989],[112.69818000000014,-7.359389999999975],[112.69779000000001,-7.359289999999961],[112.69731,-7.35903999999997],[112.69717000000006,-7.359439999999937],[112.69733000000006,-7.359569999999946],[112.69743000000007,-7.359720000000012],[112.69748999999997,-7.35985999999996],[112.69755000000005,-7.359929999999979],[112.6976900000001,-7.359939999999918],[112.69787000000007,-7.359919999999951],[112.69798000000002,-7.359959999999974],[112.69805000000012,-7.360019999999965],[112.69809000000006,-7.360219999999993],[112.69796000000005,-7.360309999999979],[112.69765000000007,-7.360439999999899],[112.69777000000013,-7.360849999999983],[112.69762000000007,-7.3608699999999505],[112.69770000000003,-7.361139999999997],[112.69780000000004,-7.361449999999978],[112.69703000000001,-7.361599999999955],[112.69574000000013,-7.3616800000000016],[112.69543000000006,-7.361689999999941],[112.69545000000002,-7.361809999999922],[112.69546000000005,-7.362179999999983],[112.69547000000009,-7.3624699999999965],[112.6953500000001,-7.3624699999999965],[112.69428000000003,-7.3624599999999685],[112.69365000000005,-7.363669999999987],[112.69352000000003,-7.3639499999999725],[112.69339000000002,-7.364679999999977],[112.69381000000014,-7.364729999999939],[112.69395000000009,-7.3647499999999955],[112.69454000000005,-7.364859999999949],[112.69504000000003,-7.365019999999953],[112.69512000000007,-7.365079999999944],[112.69547000000009,-7.365369999999958],[112.69565000000014,-7.36553999999999],[112.6956,-7.366149999999925],[112.69555000000004,-7.366689999999929],[112.69553000000008,-7.36686999999999],[112.69548000000012,-7.3673299999999475],[112.69539000000013,-7.367829999999929],[112.69540000000006,-7.367909999999975],[112.69540000000006,-7.367989999999933],[112.6953500000001,-7.368359999999905],[112.69533000000004,-7.36869999999997],[112.69526000000012,-7.369129999999933],[112.69518000000006,-7.369999999999974],[112.6951600000001,-7.370119999999956],[112.69613000000007,-7.370149999999951],[112.69718000000009,-7.3701999999999135],[112.69815000000006,-7.37021999999997],[112.69828000000005,-7.370189999999974],[112.69855000000011,-7.370039999999998],[112.69888000000006,-7.369769999999951],[112.69904000000005,-7.369739999999956],[112.69951999999998,-7.369669999999937],[112.69970000000005,-7.369569999999923],[112.69999000000006,-7.369429999999975],[112.70049000000004,-7.36926999999997],[112.70082,-7.369039999999947],[112.70111000000009,-7.3688099999999235],[112.70118000000002,-7.368779999999928],[112.70137000000011,-7.368669999999975],[112.70151000000006,-7.368589999999928],[112.70208000000005,-7.368460000000008],[112.70231,-7.368189999999961],[112.70255000000013,-7.367899999999947],[112.70282000000009,-7.367670000000013],[112.70318000000012,-7.3673199999999195],[112.70332000000008,-7.367099999999924],[112.70339,-7.367019999999966],[112.70345000000007,-7.366979999999943],[112.70283000000003,-7.36667999999999],[112.70205000000006,-7.366429999999999],[112.70212000000008,-7.36629999999999],[112.70216000000002,-7.366059999999939],[112.7021900000001,-7.365899999999934],[112.70223000000013,-7.365659999999972],[112.70228000000009,-7.365499999999967],[112.70239999999998,-7.365299999999939],[112.70257000000001,-7.364999999999986],[112.70303000000006,-7.364309999999916],[112.70316000000007,-7.364079999999982],[112.70324000000002,-7.363789999999968],[112.7032700000001,-7.363529999999949],[112.70328000000005,-7.363269999999931],[112.70337000000004,-7.363029999999968],[112.70347999999998,-7.36276000000001],[112.70360000000005,-7.361949999999959],[112.70361,-7.361779999999927],[112.70363000000005,-7.361609999999894],[112.70367000000007,-7.361229999999983],[112.70418000000008,-7.361199999999899],[112.70449000000006,-7.361169999999992],[112.70539000000011,-7.361099999999974],[112.70625000000003,-7.361029999999955],[112.7063400000001,-7.361029999999955],[112.70669000000011,-7.361019999999927],[112.70673000000014,-7.360920000000002],[112.70696000000007,-7.360439999999899],[112.70713,-7.360099999999923],[112.7073200000001,-7.359649999999904],[112.70799000000011,-7.3580999999999985],[112.70853000000011,-7.356509999999981],[112.70871000000008,-7.35594999999992],[112.70896000000008,-7.355159999999925],[112.70910000000002,-7.354529999999935],[112.70915,-7.354289999999972],[112.70917000000004,-7.354219999999954],[112.70950000000008,-7.352759999999945],[112.7097900000001,-7.3513299999999315],[112.70982000000001,-7.351169999999927],[112.70991000000008,-7.350989999999955],[112.70994000000007,-7.350679999999974],[112.70999000000003,-7.350269999999979]]]},"properties":{"KDPPUM":"","NAMOBJ":"Kedungturi","REMARK":"","KDPBPS":"","FCODE":"BA03060060","LUASWH":0,"UUPP":"","SRS_ID":"SRGI 2013","LCODE":"","METADATA":"","KDEBPS":"","KDEPUM":"","KDCBPS":"","KDCPUM":"","KDBBPS":"","KDBPUM":"","WADMKD":"Kedungturi","WIADKD":"","WADMKC":"Taman","WIADKC":"","WADMKK":"Sidoarjo","WIADKK":"","WADMPR":"Jawa Timur","WIADPR":"","TIPADM":0,"SHAPE_Leng":0.0716841936,"SHAPE_Area":0.00015364975,"Luas":null,"NAMA_BLOK":"","KELOMPOK_T":"","NAMA_DESA":"","KARTU_TANI":"","KARTU_TA_1":"","PANEN_TAHU":"","PRODUKTIFI":"","POLA_TANAM":"","KOMODITI_2":"","KONDISI_IR":"","N_IRIGASI":"","ADA_TIDAK":"","ELEVASI":"","KEASAMAN_T":"","UNSUR_HARA":"","REKOMENDAS":"","BAPPEDA":"","KETERANGAN":"","IP":"","IRPOM":"","TglTnmPadi":"","TglPnnPadi":"","layer":"Admin_Desa","path":"C:/Users/bppta/Documents/ArcGIS/Kec. Taman/Kec. Taman/Kec. Taman/Admin_Desa.shp"}},
{"type":"Feature","geometry":{"type":"Polygon","coordinates":[[[112.71135000000002,-7.344609999999916],[112.71126000000004,-7.344559999999953],[112.71119000000012,-7.344550000000014],[112.71075000000003,-7.344459999999939],[112.71031999999998,-7.344349999999986],[112.71007000000009,-7.344289999999907],[112.70972000000008,-7.3441699999999255],[112.70938000000001,-7.3440699999999115],[112.70912000000008,-7.343989999999954],[112.70831000000013,-7.34394999999993],[112.70698000000003,-7.343939999999991],[112.70648000000006,-7.343869999999972],[112.70617000000007,-7.343819999999921],[112.70517000000011,-7.343729999999935],[112.70501000000002,-7.343709999999968],[112.70512000000005,-7.34350999999994],[112.70525000000006,-7.343149999999996],[112.70550000000006,-7.342269999999926],[112.7054200000001,-7.342219999999964],[112.70508000000004,-7.342039999999903],[112.70490000000007,-7.341939999999978],[112.70449000000006,-7.341719999999983],[112.70421000000007,-7.341559999999978],[112.70399000000009,-7.341439999999997],[112.70373000000006,-7.341279999999903],[112.70329000000008,-7.340749999999927],[112.70305000000012,-7.340619999999918],[112.70281000000016,-7.3404999999999365],[112.70277000000013,-7.340419999999979],[112.70280000000004,-7.340339999999932],[112.70289000000002,-7.340239999999918],[112.70298000000001,-7.340139999999993],[112.70305000000012,-7.339919999999909],[112.70252000000005,-7.3397899999998995],[112.70210000000012,-7.339709999999942],[112.7020000000001,-7.339609999999928],[112.70191000000011,-7.33958999999996],[112.70173000000014,-7.339519999999942],[112.70151000000006,-7.339359999999937],[112.70112179400009,-7.338941931999985],[112.70053854800005,-7.339276151000016],[112.69920341700008,-7.340621292999936],[112.69914676600001,-7.340676641999986],[112.6991423870001,-7.3406809199999845],[112.69807427300009,-7.3417204299999295],[112.69706718799999,-7.342418497999956],[112.69563287200006,-7.343182891999964],[112.69520732000002,-7.3434246399999825],[112.69521000000006,-7.343429999999982],[112.69532000000002,-7.343649999999977],[112.69546000000005,-7.343989999999954],[112.69552000000013,-7.344109999999935],[112.69559000000007,-7.344199999999921],[112.69562000000006,-7.344249999999972],[112.69566000000009,-7.344309999999963],[112.69620000000009,-7.344489999999935],[112.69691000000013,-7.344729999999986],[112.69730000000007,-7.344889999999991],[112.69742000000005,-7.344939999999953],[112.69766000000001,-7.3450699999999625],[112.69785,-7.345159999999948],[112.69796000000005,-7.345219999999939],[112.69874000000002,-7.345399999999911],[112.69909000000011,-7.345449999999962],[112.69949000000008,-7.345479999999958],[112.69989000000014,-7.345539999999948],[112.70011000000012,-7.345579999999972],[112.7006,-7.3456699999999575],[112.70077000000002,-7.345699999999953],[112.7009200000001,-7.345729999999948],[112.70098000000009,-7.345739999999976],[112.70027000000005,-7.346169999999939],[112.69951000000005,-7.3465599999999665],[112.69948000000014,-7.346609999999929],[112.69944000000011,-7.346659999999892],[112.69942000000006,-7.346800000000018],[112.69935000000012,-7.347439999999947],[112.69929000000005,-7.347729999999961],[112.69917000000007,-7.348029999999914],[112.69922000000012,-7.348079999999966],[112.69957000000012,-7.347919999999961],[112.70017000000003,-7.347829999999975],[112.70055000000004,-7.347779999999924],[112.70131999999997,-7.347769999999985],[112.70162,-7.3477599999999565],[112.70182000000013,-7.347720000000022],[112.70193000000008,-7.347659999999943],[112.7020000000001,-7.347599999999952],[112.70296000000003,-7.346829999999924],[112.70332000000008,-7.3464599999999525],[112.70343000000003,-7.346329999999943],[112.70355000000009,-7.346139999999943],[112.70361,-7.345889999999953],[112.70376000000006,-7.345249999999934],[112.70385000000013,-7.3448799999999625],[112.70389000000016,-7.344779999999949],[112.70395000000006,-7.344749999999953],[112.70440000000008,-7.344849999999967],[112.70460000000001,-7.344909999999958],[112.70482000000001,-7.3449699999999485],[112.70508000000004,-7.345099999999958],[112.70522000000007,-7.345209999999911],[112.70543000000012,-7.345499999999925],[112.70578000000005,-7.346019999999962],[112.70610000000013,-7.346179999999967],[112.70658000000006,-7.346379999999995],[112.7067800000001,-7.346419999999929],[112.70688000000011,-7.346419999999929],[112.70702000000006,-7.346419999999929],[112.70720000000003,-7.3463599999999385],[112.70765000000004,-7.346010000000023],[112.70771000000003,-7.345979999999939],[112.70788000000007,-7.346029999999901],[112.7092500000001,-7.346499999999976],[112.70942000000004,-7.3465599999999665],[112.70967000000012,-7.347669999999971],[112.70973000000002,-7.3479499999999565],[112.7097900000001,-7.348159999999924],[112.70995,-7.3483499999999236],[112.71005000000002,-7.348369999999891],[112.71015000000013,-7.348469999999994],[112.71037000000004,-7.348499999999989],[112.71039000000009,-7.34842999999997],[112.71047000000014,-7.34804999999997],[112.71062000000002,-7.347379999999957],[112.71072999999998,-7.34685999999992],[112.71095000000007,-7.346079999999953],[112.71120000000005,-7.34514999999992],[112.71135000000002,-7.344609999999916]]]},"properties":{"KDPPUM":"","NAMOBJ":"Kel. Bebekan","REMARK":"GAMBAR SAWAH BELUM ADA","KDPBPS":"","FCODE":"BA03060060","LUASWH":0,"UUPP":"","SRS_ID":"SRGI 2013","LCODE":"","METADATA":"","KDEBPS":"","KDEPUM":"","KDCBPS":"","KDCPUM":"","KDBBPS":"","KDBPUM":"","WADMKD":"Kel. Bebekan","WIADKD":"","WADMKC":"Taman","WIADKC":"","WADMKK":"Sidoarjo","WIADKK":"","WADMPR":"Jawa Timur","WIADPR":"","TIPADM":0,"SHAPE_Leng":0.05061115614,"SHAPE_Area":0.00006338657,"Luas":null,"NAMA_BLOK":"","KELOMPOK_T":"","NAMA_DESA":"","KARTU_TANI":"","KARTU_TA_1":"","PANEN_TAHU":"","PRODUKTIFI":"","POLA_TANAM":"","KOMODITI_2":"","KONDISI_IR":"","N_IRIGASI":"","ADA_TIDAK":"","ELEVASI":"","KEASAMAN_T":"","UNSUR_HARA":"","REKOMENDAS":"","BAPPEDA":"","KETERANGAN":"","IP":"","IRPOM":"","TglTnmPadi":"","TglPnnPadi":"","layer":"Admin_Desa","path":"C:/Users/bppta/Documents/ArcGIS/Kec. Taman/Kec. Taman/Kec. Taman/Admin_Desa.shp"}},
{"type":"Feature","geometry":{"type":"Polygon","coordinates":[[[112.69748999999997,-7.356349999999976],[112.6970900000001,-7.356369999999943],[112.6963900000001,-7.3563999999999385],[112.69619000000014,-7.356319999999892],[112.69554000000001,-7.3557899999999155],[112.69419000000005,-7.356469999999957],[112.69394000000014,-7.3565999999999665],[112.69365000000005,-7.356729999999976],[112.69359000000006,-7.356759999999971],[112.69340000000014,-7.356869999999924],[112.69331000000015,-7.356719999999948],[112.69328000000007,-7.356669999999985],[112.69320000000002,-7.356539999999976],[112.69315000000006,-7.356449999999901],[112.69287000000007,-7.356019999999939],[112.6923700000001,-7.355469999999995],[112.69187000000011,-7.356019999999939],[112.69168000000002,-7.356179999999943],[112.69117000000001,-7.356629999999962],[112.6907900000001,-7.356930000000004],[112.69028,-7.3571899999999335],[112.68965000000001,-7.357380000000022],[112.68981000000011,-7.357689999999915],[112.68991000000004,-7.357880000000003],[112.69008000000007,-7.358229999999919],[112.69022000000011,-7.358499999999966],[112.6903100000001,-7.35865999999997],[112.69032000000003,-7.358800000000008],[112.69036000000006,-7.358979999999979],[112.69039000000014,-7.359079999999993],[112.69033000000006,-7.359249999999937],[112.69012000000009,-7.360909999999974],[112.69008000000007,-7.361289999999974],[112.69005000000007,-7.361579999999988],[112.69002000000008,-7.3617599999999594],[112.6899000000001,-7.3617599999999594],[112.68964000000008,-7.361829999999978],[112.68957000000015,-7.361849999999945],[112.68946000000001,-7.36219999999995],[112.68937000000003,-7.362499999999992],[112.68934000000003,-7.36257999999995],[112.68922000000005,-7.362569999999922],[112.68895000000009,-7.362509999999931],[112.68883000000002,-7.362509999999931],[112.68875000000007,-7.362549999999954],[112.68875000000007,-7.3629499999999215],[112.68877000000012,-7.363309999999954],[112.68881000000015,-7.363460000000019],[112.68884000000006,-7.363539999999977],[112.68880000000003,-7.363939999999944],[112.68896000000004,-7.36434],[112.68899000000012,-7.364500000000005],[112.6887600000001,-7.364649999999893],[112.6886000000001,-7.365089999999972],[112.68848000000003,-7.365979999999981],[112.68829000000002,-7.367159999999915],[112.68820000000004,-7.367759999999999],[112.68801000000003,-7.3690199999999795],[112.6880000000001,-7.369229999999947],[112.6880000000001,-7.369299999999965],[112.68792000000005,-7.369699999999932],[112.68798000000004,-7.3697099999999605],[112.68849000000014,-7.369749999999984],[112.68872000000007,-7.369849999999909],[112.68919000000005,-7.370079999999932],[112.68942000000008,-7.370129999999984],[112.68987000000001,-7.370129999999984],[112.69166000000006,-7.370159999999979],[112.69248000000005,-7.370170000000007],[112.69339000000002,-7.370269999999932],[112.69341000000009,-7.370359999999918],[112.69346000000004,-7.3703099999999555],[112.69377000000011,-7.370170000000007],[112.69406999999998,-7.370119999999956],[112.69465000000001,-7.370099999999988],[112.6951600000001,-7.370119999999956],[112.69518000000006,-7.369999999999974],[112.69526000000012,-7.369129999999933],[112.69533000000004,-7.36869999999997],[112.6953500000001,-7.368359999999905],[112.69540000000006,-7.367989999999933],[112.69540000000006,-7.367909999999975],[112.69539000000013,-7.367829999999929],[112.69548000000012,-7.3673299999999475],[112.69553000000008,-7.36686999999999],[112.69555000000004,-7.366689999999929],[112.6956,-7.366149999999925],[112.69565000000014,-7.36553999999999],[112.69547000000009,-7.365369999999958],[112.69512000000007,-7.365079999999944],[112.69504000000003,-7.365019999999953],[112.69454000000005,-7.364859999999949],[112.69395000000009,-7.3647499999999955],[112.69381000000014,-7.364729999999939],[112.69339000000002,-7.364679999999977],[112.69352000000003,-7.3639499999999725],[112.69365000000005,-7.363669999999987],[112.69428000000003,-7.3624599999999685],[112.6953500000001,-7.3624699999999965],[112.69547000000009,-7.3624699999999965],[112.69546000000005,-7.362179999999983],[112.69545000000002,-7.361809999999922],[112.69543000000006,-7.361689999999941],[112.69574000000013,-7.3616800000000016],[112.69703000000001,-7.361599999999955],[112.69780000000004,-7.361449999999978],[112.69770000000003,-7.361139999999997],[112.69762000000007,-7.3608699999999505],[112.69777000000013,-7.360849999999983],[112.69765000000007,-7.360439999999899],[112.69796000000005,-7.360309999999979],[112.69809000000006,-7.360219999999993],[112.69805000000012,-7.360019999999965],[112.69798000000002,-7.359959999999974],[112.69787000000007,-7.359919999999951],[112.6976900000001,-7.359939999999918],[112.69755000000005,-7.359929999999979],[112.69748999999997,-7.35985999999996],[112.69743000000007,-7.359720000000012],[112.69733000000006,-7.359569999999946],[112.69717000000006,-7.359439999999937],[112.69731,-7.35903999999997],[112.69779000000001,-7.359289999999961],[112.69818000000014,-7.359389999999975],[112.69819000000007,-7.358349999999989],[112.69812000000006,-7.3572999999999755],[112.69768000000006,-7.357039999999957],[112.69748000000004,-7.356719999999948],[112.69748999999997,-7.356349999999976]]]},"properties":{"KDPPUM":"","NAMOBJ":"Kel. Geluran","REMARK":"BATAS UTARA DESA KELIRU","KDPBPS":"","FCODE":"BA03060060","LUASWH":0,"UUPP":"","SRS_ID":"SRGI 2013","LCODE":"","METADATA":"","KDEBPS":"","KDEPUM":"","KDCBPS":"","KDCPUM":"","KDBBPS":"","KDBPUM":"","WADMKD":"Kel. Geluran","WIADKD":"","WADMKC":"Taman","WIADKC":"","WADMKK":"Sidoarjo","WIADKK":"","WADMPR":"Jawa Timur","WIADPR":"","TIPADM":0,"SHAPE_Leng":0.05259672398,"SHAPE_Area":0.0000949223,"Luas":null,"NAMA_BLOK":"","KELOMPOK_T":"","NAMA_DESA":"","KARTU_TANI":"","KARTU_TA_1":"","PANEN_TAHU":"","PRODUKTIFI":"","POLA_TANAM":"","KOMODITI_2":"","KONDISI_IR":"","N_IRIGASI":"","ADA_TIDAK":"","ELEVASI":"","KEASAMAN_T":"","UNSUR_HARA":"","REKOMENDAS":"","BAPPEDA":"","KETERANGAN":"","IP":"","IRPOM":"","TglTnmPadi":"","TglPnnPadi":"","layer":"Admin_Desa","path":"C:/Users/bppta/Documents/ArcGIS/Kec. Taman/Kec. Taman/Kec. Taman/Admin_Desa.shp"}},
{"type":"Feature","geometry":{"type":"Polygon","coordinates":[[[112.69449000000009,-7.3521299999999545],[112.69452,-7.352079999999903],[112.69454000000005,-7.351999999999945],[112.6945900000001,-7.351919999999987],[112.69460999999998,-7.3514299999999455],[112.69419000000005,-7.351300000000025],[112.69401000000008,-7.351249999999974],[112.69342000000002,-7.351089999999969],[112.69327000000013,-7.351089999999969],[112.69315000000006,-7.351089999999969],[112.69277000000015,-7.35101999999995],[112.69267000000005,-7.350999999999983],[112.69260000000011,-7.350999999999983],[112.69247000000011,-7.35101999999995],[112.69227,-7.351099999999997],[112.69221000000009,-7.351129999999992],[112.69214000000007,-7.351159999999899],[112.69209000000002,-7.351189999999983],[112.69203000000003,-7.351099999999997],[112.69191000000005,-7.351029999999978],[112.6916100000001,-7.350999999999983],[112.69155000000002,-7.350999999999983],[112.69136000000002,-7.35101999999995],[112.69099000000004,-7.35120999999995],[112.69072000000008,-7.351349999999988],[112.69026000000004,-7.351449999999913],[112.6898400000001,-7.351479999999997],[112.68967000000008,-7.351479999999997],[112.68958000000009,-7.351519999999931],[112.68948000000016,-7.351550000000016],[112.68918000000012,-7.351699999999903],[112.68893000000004,-7.351800000000006],[112.68848000000003,-7.352029999999941],[112.68840000000016,-7.352059999999936],[112.68829000000002,-7.351939999999955],[112.68822000000009,-7.351899999999931],[112.6879700000001,-7.352009999999973],[112.68766000000004,-7.3521299999999545],[112.68723000000016,-7.352210000000001],[112.68689000000009,-7.352249999999936],[112.68665000000013,-7.352269999999992],[112.68630000000003,-7.35259999999994],[112.68582000000002,-7.353089999999982],[112.68581000000009,-7.35436999999993],[112.68573999999998,-7.355369999999981],[112.68570000000012,-7.35549999999999],[112.6853400000001,-7.355739999999953],[112.68501000000006,-7.35587999999999],[112.6843600000001,-7.355969999999976],[112.68434000000005,-7.356349999999976],[112.68386000000012,-7.3563999999999385],[112.68319000000011,-7.356479999999985],[112.68285999999998,-7.356539999999976],[112.68281000000002,-7.356289999999985],[112.68276000000006,-7.356089999999957],[112.68266000000004,-7.356059999999962],[112.6824600000001,-7.356069999999901],[112.68237000000012,-7.356059999999962],[112.68227000000002,-7.3558099999999715],[112.68138000000009,-7.355979999999915],[112.68082999999997,-7.356089999999957],[112.68039000000007,-7.356119999999953],[112.68019999999999,-7.356089999999957],[112.68035000000005,-7.356269999999929],[112.68086000000005,-7.356749999999943],[112.68113000000001,-7.356979999999966],[112.68118000000007,-7.357159999999938],[112.68117000000004,-7.357369999999905],[112.68115000000016,-7.35790999999991],[112.68132000000001,-7.358429999999947],[112.68165000000015,-7.358669999999998],[112.68181000000006,-7.3586899999999655],[112.68248000000007,-7.3586799999999375],[112.68315000000008,-7.3585699999998955],[112.68361999999998,-7.358529999999961],[112.68386000000012,-7.358559999999956],[112.68445000000008,-7.358640000000003],[112.68471000000011,-7.358489999999938],[112.68490000000011,-7.358119999999966],[112.68501000000006,-7.35790999999991],[112.68510999999998,-7.357729999999938],[112.68525000000011,-7.357639999999952],[112.68567000000004,-7.357729999999938],[112.68617000000003,-7.3579799999999285],[112.68659000000005,-7.3581599999999],[112.68684000000005,-7.358179999999956],[112.68717000000008,-7.3579899999999565],[112.68755000000007,-7.357739999999966],[112.68772000000003,-7.357639999999952],[112.68811999999998,-7.357609999999957],[112.68839000000004,-7.357659999999919],[112.68880000000003,-7.357679999999975],[112.6893600000001,-7.357470000000008],[112.68965000000001,-7.357380000000022],[112.69028,-7.3571899999999335],[112.6907900000001,-7.356930000000004],[112.69117000000001,-7.356629999999962],[112.69168000000002,-7.356179999999943],[112.69187000000011,-7.356019999999939],[112.6923700000001,-7.355469999999995],[112.69204000000006,-7.3551099999999625],[112.69189000000009,-7.354719999999935],[112.69200000000004,-7.3539200000000005],[112.69246000000008,-7.35335999999994],[112.69311000000003,-7.352989999999968],[112.6940800000001,-7.352809999999996],[112.69434000000003,-7.352379999999945],[112.69444000000013,-7.3522199999999405],[112.69449000000009,-7.3521299999999545]]]},"properties":{"KDPPUM":"","NAMOBJ":"Kel. Kalijaten","REMARK":"","KDPBPS":"","FCODE":"BA03060060","LUASWH":0,"UUPP":"","SRS_ID":"SRGI 2013","LCODE":"","METADATA":"","KDEBPS":"","KDEPUM":"","KDCBPS":"","KDCPUM":"","KDBBPS":"","KDBPUM":"","WADMKD":"Kel. Kalijaten","WIADKD":"","WADMKC":"Taman","WIADKC":"","WADMKK":"Sidoarjo","WIADKK":"","WADMPR":"Jawa Timur","WIADPR":"","TIPADM":0,"SHAPE_Leng":0.03971890915,"SHAPE_Area":0.00005103145,"Luas":null,"NAMA_BLOK":"","KELOMPOK_T":"","NAMA_DESA":"","KARTU_TANI":"","KARTU_TA_1":"","PANEN_TAHU":"","PRODUKTIFI":"","POLA_TANAM":"","KOMODITI_2":"","KONDISI_IR":"","N_IRIGASI":"","ADA_TIDAK":"","ELEVASI":"","KEASAMAN_T":"","UNSUR_HARA":"","REKOMENDAS":"","BAPPEDA":"","KETERANGAN":"","IP":"","IRPOM":"","TglTnmPadi":"","TglPnnPadi":"","layer":"Admin_Desa","path":"C:/Users/bppta/Documents/ArcGIS/Kec. Taman/Kec. Taman/Kec. Taman/Admin_Desa.shp"}},
{"type":"Feature","geometry":{"type":"Polygon","coordinates":[[[112.71037000000004,-7.348499999999989],[112.71015000000013,-7.348469999999994],[112.71005000000002,-7.348369999999891],[112.70995,-7.3483499999999236],[112.7097900000001,-7.348159999999924],[112.70973000000002,-7.3479499999999565],[112.70967000000012,-7.347669999999971],[112.70942000000004,-7.3465599999999665],[112.7092500000001,-7.346499999999976],[112.70788000000007,-7.346029999999901],[112.70771000000003,-7.345979999999939],[112.70765000000004,-7.346010000000023],[112.70720000000003,-7.3463599999999385],[112.70702000000006,-7.346419999999929],[112.70688000000011,-7.346419999999929],[112.7067800000001,-7.346419999999929],[112.70658000000006,-7.346379999999995],[112.70610000000013,-7.346179999999967],[112.70578000000005,-7.346019999999962],[112.70543000000012,-7.345499999999925],[112.70522000000007,-7.345209999999911],[112.70508000000004,-7.345099999999958],[112.70482000000001,-7.3449699999999485],[112.70460000000001,-7.344909999999958],[112.70440000000008,-7.344849999999967],[112.70395000000006,-7.344749999999953],[112.70389000000016,-7.344779999999949],[112.70385000000013,-7.3448799999999625],[112.70376000000006,-7.345249999999934],[112.70361,-7.345889999999953],[112.70355000000009,-7.346139999999943],[112.70343000000003,-7.346329999999943],[112.70332000000008,-7.3464599999999525],[112.70329000000008,-7.346629999999985],[112.70316000000007,-7.34703999999998],[112.70312000000004,-7.34741999999998],[112.70306000000005,-7.347569999999957],[112.70293000000004,-7.347779999999924],[112.70284000000005,-7.347919999999961],[112.70278000000006,-7.348109999999961],[112.7027300000001,-7.348419999999942],[112.70271000000005,-7.3487499999999795],[112.70277000000013,-7.348779999999975],[112.70290000000014,-7.34880999999997],[112.70322000000014,-7.348819999999909],[112.70328000000005,-7.348819999999909],[112.70336000000009,-7.348869999999961],[112.70335000000016,-7.348929999999951],[112.70351000000007,-7.348949999999919],[112.70437000000008,-7.349170000000003],[112.7044400000001,-7.349159999999886],[112.70501000000002,-7.349050000000021],[112.70532,-7.348989999999942],[112.70554000000008,-7.348979999999914],[112.70577000000002,-7.349029999999965],[112.70626999999999,-7.349369999999942],[112.70658000000006,-7.349599999999965],[112.70687000000008,-7.349749999999942],[112.70714000000012,-7.34981999999996],[112.70739999999996,-7.349859999999984],[112.70748000000002,-7.349869999999923],[112.70837000000002,-7.349859999999984],[112.70872000000011,-7.349879999999951],[112.70912000000008,-7.349959999999998],[112.70999000000003,-7.350269999999979],[112.71057000000006,-7.350439999999923],[112.71135000000002,-7.350599999999927],[112.71175000000008,-7.350699999999941],[112.71191000000009,-7.3507399999999645],[112.7120100000001,-7.350689999999913],[112.71214000000012,-7.350609999999955],[112.71221000000004,-7.350569999999932],[112.71238000000008,-7.350459999999979],[112.71282000000006,-7.350179999999993],[112.71317000000008,-7.3499399999999415],[112.71351000000004,-7.34969999999989],[112.71376000000012,-7.349519999999918],[112.71383999999999,-7.349459999999928],[112.71368000000008,-7.349319999999979],[112.71336000000007,-7.349129999999979],[112.71319000000004,-7.349059999999961],[112.71287000000002,-7.349019999999937],[112.71278000000004,-7.348979999999914],[112.71199000000004,-7.3487600000000075],[112.71148000000004,-7.348689999999989],[112.71111000000006,-7.348600000000003],[112.71077,-7.348529999999895],[112.71063000000005,-7.348510000000017],[112.71048000000008,-7.348499999999989],[112.71037000000004,-7.348499999999989]]]},"properties":{"KDPPUM":"","NAMOBJ":"Kel. Ketegan","REMARK":"GAMBAR SAWAH BELUM ADA","KDPBPS":"","FCODE":"BA03060060","LUASWH":0,"UUPP":"","SRS_ID":"SRGI 2013","LCODE":"","METADATA":"","KDEBPS":"","KDEPUM":"","KDCBPS":"","KDCPUM":"","KDBBPS":"","KDBPUM":"","WADMKD":"Kel. Ketegan","WIADKD":"","WADMKC":"Taman","WIADKC":"","WADMKK":"Sidoarjo","WIADKK":"","WADMPR":"Jawa Timur","WIADPR":"","TIPADM":0,"SHAPE_Leng":0.02859992685,"SHAPE_Area":0.00002997095,"Luas":null,"NAMA_BLOK":"","KELOMPOK_T":"","NAMA_DESA":"","KARTU_TANI":"","KARTU_TA_1":"","PANEN_TAHU":"","PRODUKTIFI":"","POLA_TANAM":"","KOMODITI_2":"","KONDISI_IR":"","N_IRIGASI":"","ADA_TIDAK":"","ELEVASI":"","KEASAMAN_T":"","UNSUR_HARA":"","REKOMENDAS":"","BAPPEDA":"","KETERANGAN":"","IP":"","IRPOM":"","TglTnmPadi":"","TglPnnPadi":"","layer":"Admin_Desa","path":"C:/Users/bppta/Documents/ArcGIS/Kec. Taman/Kec. Taman/Kec. Taman/Admin_Desa.shp"}},
{"type":"Feature","geometry":{"type":"Polygon","coordinates":[[[112.69155000000002,-7.350999999999983],[112.69154000000007,-7.3508399999999785],[112.69153000000004,-7.350659999999918],[112.69153000000004,-7.350569999999932],[112.69152000000011,-7.350489999999974],[112.69150000000005,-7.350299999999974],[112.69151000000008,-7.350149999999909],[112.69149000000003,-7.349129999999979],[112.69149000000003,-7.348969999999975],[112.69152000000011,-7.348589999999975],[112.69155000000002,-7.34842999999997],[112.69153000000004,-7.348269999999966],[112.69154000000007,-7.347569999999957],[112.69155000000002,-7.347409999999952],[112.69165000000012,-7.345939999999915],[112.69172000000005,-7.345479999999958],[112.69176000000007,-7.345319999999953],[112.69164,-7.344919999999986],[112.69163913400011,-7.344917113999925],[112.69023888600007,-7.345471719999983],[112.68795769900007,-7.346143069999931],[112.68633262900008,-7.346495005999918],[112.685638357,-7.346695721999916],[112.68379204300001,-7.347264138999963],[112.68220512900007,-7.3478754270000035],[112.681771786,-7.348141512999993],[112.68249000000002,-7.3487499999999795],[112.68259000000002,-7.348859999999933],[112.68272000000003,-7.349019999999937],[112.68281000000002,-7.349079999999928],[112.68303000000002,-7.349149999999947],[112.68315000000008,-7.34918999999997],[112.6835000000001,-7.3493399999999465],[112.68367000000003,-7.349489999999923],[112.68400000000007,-7.349680000000012],[112.68523000000006,-7.350259999999951],[112.68589000000013,-7.35076999999996],[112.68590000000007,-7.3508299999999505],[112.68594000000009,-7.35101999999995],[112.68601000000002,-7.35139999999995],[112.68613000000009,-7.351919999999987],[112.68627999999998,-7.3521199999999265],[112.68644000000008,-7.352180000000006],[112.68665000000013,-7.352269999999992],[112.68689000000009,-7.352249999999936],[112.68723000000016,-7.352210000000001],[112.68766000000004,-7.3521299999999545],[112.6879700000001,-7.352009999999973],[112.68822000000009,-7.351899999999931],[112.68829000000002,-7.351939999999955],[112.68840000000016,-7.352059999999936],[112.68848000000003,-7.352029999999941],[112.68893000000004,-7.351800000000006],[112.68918000000012,-7.351699999999903],[112.68948000000016,-7.351550000000016],[112.68958000000009,-7.351519999999931],[112.68967000000008,-7.351479999999997],[112.6898400000001,-7.351479999999997],[112.69026000000004,-7.351449999999913],[112.69072000000008,-7.351349999999988],[112.69099000000004,-7.35120999999995],[112.69136000000002,-7.35101999999995],[112.69155000000002,-7.350999999999983]]]},"properties":{"KDPPUM":"","NAMOBJ":"Kel. Ngelom","REMARK":"","KDPBPS":"","FCODE":"BA03060060","LUASWH":0,"UUPP":"","SRS_ID":"SRGI 2013","LCODE":"","METADATA":"","KDEBPS":"","KDEPUM":"","KDCBPS":"","KDCPUM":"","KDBBPS":"","KDBPUM":"","WADMKD":"Kel. Ngelom","WIADKD":"","WADMKC":"Taman","WIADKC":"","WADMKK":"Sidoarjo","WIADKK":"","WADMPR":"Jawa Timur","WIADPR":"","TIPADM":0,"SHAPE_Leng":0.02854216746,"SHAPE_Area":0.00004251027,"Luas":null,"NAMA_BLOK":"","KELOMPOK_T":"","NAMA_DESA":"","KARTU_TANI":"","KARTU_TA_1":"","PANEN_TAHU":"","PRODUKTIFI":"","POLA_TANAM":"","KOMODITI_2":"","KONDISI_IR":"","N_IRIGASI":"","ADA_TIDAK":"","ELEVASI":"","KEASAMAN_T":"","UNSUR_HARA":"","REKOMENDAS":"","BAPPEDA":"","KETERANGAN":"","IP":"","IRPOM":"","TglTnmPadi":"","TglPnnPadi":"","layer":"Admin_Desa","path":"C:/Users/bppta/Documents/ArcGIS/Kec. Taman/Kec. Taman/Kec. Taman/Admin_Desa.shp"}},
{"type":"Feature","geometry":{"type":"Polygon","coordinates":[[[112.71135000000002,-7.344609999999916],[112.71178000000008,-7.344699999999902],[112.71191000000009,-7.344729999999986],[112.71218000000013,-7.344789999999977],[112.71348000000015,-7.345129999999953],[112.71390000000008,-7.345199999999972],[112.71443000000014,-7.345219999999939],[112.71449000000004,-7.345139999999981],[112.71475000000007,-7.344669999999995],[112.71481000000006,-7.344539999999897],[112.71481000000006,-7.344439999999972],[112.71475000000007,-7.343979999999926],[112.71483000000002,-7.343829999999949],[112.71495000000009,-7.343639999999949],[112.71502000000011,-7.343529999999907],[112.71515000000012,-7.343179999999991],[112.71527,-7.343049999999982],[112.71544000000004,-7.342859999999982],[112.71559000000002,-7.342449999999898],[112.71560088800003,-7.342373784999987],[112.71566000000004,-7.341959999999945],[112.71566971800004,-7.341901689999917],[112.71566764800005,-7.341901145999961],[112.71568290500007,-7.341811003999963],[112.71568290500007,-7.341616477999944],[112.71569052200007,-7.341383772999963],[112.71572870200012,-7.341098620999995],[112.71526329100007,-7.340975135999903],[112.71325676200006,-7.340488277999944],[112.71311944500006,-7.340392912999958],[112.71318047500004,-7.3401659139999165],[112.71332543200005,-7.339584174000011],[112.71341697600008,-7.339264711999958],[112.71344751500011,-7.339172683999982],[112.713439718,-7.339169936999932],[112.71311180400005,-7.339054420999966],[112.71289820100006,-7.338997670999978],[112.71217339000012,-7.338788346999978],[112.711646973,-7.338604266999935],[112.71121971800008,-7.338480782000021],[112.71097557500005,-7.338396369999964],[112.71049493100007,-7.3382995789999494],[112.71035759000007,-7.338236662999984],[112.71027368600006,-7.338199451000014],[112.70996849000004,-7.338117432999978],[112.7097396050001,-7.3380549529999595],[112.7095183610001,-7.338007294999924],[112.70925134400011,-7.337929580999978],[112.7085265330001,-7.337692111999958],[112.70811453500002,-7.337582892999892],[112.70803824800011,-7.337534750999994],[112.7080230150001,-7.337470359999907],[112.70808404400007,-7.337380725999951],[112.7081069180001,-7.337338749999942],[112.70793906300007,-7.3373154169999655],[112.707534706,-7.337290607999956],[112.70700067200005,-7.33718426599995],[112.70587914500007,-7.336852858999974],[112.70564261900005,-7.336758436999977],[112.70542137500003,-7.336625883999934],[112.70505517300002,-7.336389357999993],[112.70484154500002,-7.336256346000001],[112.70484918600003,-7.336210548999942],[112.7046126600001,-7.336230110999962],[112.70459466900002,-7.336248396999965],[112.70371237700012,-7.337145167999912],[112.70261374800008,-7.3381155239999085],[112.70112604200008,-7.338939496999961],[112.70112179400009,-7.338941931999985],[112.70151000000006,-7.339359999999937],[112.70173000000014,-7.339519999999942],[112.70191000000011,-7.33958999999996],[112.7020000000001,-7.339609999999928],[112.70210000000012,-7.339709999999942],[112.70252000000005,-7.3397899999998995],[112.70305000000012,-7.339919999999909],[112.70298000000001,-7.340139999999993],[112.70289000000002,-7.340239999999918],[112.70280000000004,-7.340339999999932],[112.70277000000013,-7.340419999999979],[112.70281000000016,-7.3404999999999365],[112.70305000000012,-7.340619999999918],[112.70329000000008,-7.340749999999927],[112.70373000000006,-7.341279999999903],[112.70399000000009,-7.341439999999997],[112.70421000000007,-7.341559999999978],[112.70449000000006,-7.341719999999983],[112.70490000000007,-7.341939999999978],[112.70508000000004,-7.342039999999903],[112.7054200000001,-7.342219999999964],[112.70550000000006,-7.342269999999926],[112.70525000000006,-7.343149999999996],[112.70512000000005,-7.34350999999994],[112.70501000000002,-7.343709999999968],[112.70517000000011,-7.343729999999935],[112.70617000000007,-7.343819999999921],[112.70648000000006,-7.343869999999972],[112.70698000000003,-7.343939999999991],[112.70831000000013,-7.34394999999993],[112.70912000000008,-7.343989999999954],[112.70938000000001,-7.3440699999999115],[112.70972000000008,-7.3441699999999255],[112.71007000000009,-7.344289999999907],[112.71031999999998,-7.344349999999986],[112.71075000000003,-7.344459999999939],[112.71119000000012,-7.344550000000014],[112.71126000000004,-7.344559999999953],[112.71135000000002,-7.344609999999916]]]},"properties":{"KDPPUM":"","NAMOBJ":"Kel. Sepanjang","REMARK":"GAMBAR SAWAH BELUM ADA","KDPBPS":"","FCODE":"BA03060060","LUASWH":0,"UUPP":"","SRS_ID":"SRGI 2013","LCODE":"","METADATA":"","KDEBPS":"","KDEPUM":"","KDCBPS":"","KDCPUM":"","KDBBPS":"","KDBPUM":"","WADMKD":"Kel. Sepanjang","WIADKD":"","WADMKC":"Taman","WIADKC":"","WADMKK":"Sidoarjo","WIADKK":"","WADMPR":"Jawa Timur","WIADPR":"","TIPADM":0,"SHAPE_Leng":0.03985973313,"SHAPE_Area":0.0000722223,"Luas":null,"NAMA_BLOK":"","KELOMPOK_T":"","NAMA_DESA":"","KARTU_TANI":"","KARTU_TA_1":"","PANEN_TAHU":"","PRODUKTIFI":"","POLA_TANAM":"","KOMODITI_2":"","KONDISI_IR":"","N_IRIGASI":"","ADA_TIDAK":"","ELEVASI":"","KEASAMAN_T":"","UNSUR_HARA":"","REKOMENDAS":"","BAPPEDA":"","KETERANGAN":"","IP":"","IRPOM":"","TglTnmPadi":"","TglPnnPadi":"","layer":"Admin_Desa","path":"C:/Users/bppta/Documents/ArcGIS/Kec. Taman/Kec. Taman/Kec. Taman/Admin_Desa.shp"}},
{"type":"Feature","geometry":{"type":"Polygon","coordinates":[[[112.70437000000008,-7.349170000000003],[112.70351000000007,-7.348949999999919],[112.70335000000016,-7.348929999999951],[112.70336000000009,-7.348869999999961],[112.70328000000005,-7.348819999999909],[112.70322000000014,-7.348819999999909],[112.70290000000014,-7.34880999999997],[112.70277000000013,-7.348779999999975],[112.70271000000005,-7.3487499999999795],[112.7027300000001,-7.348419999999942],[112.70278000000006,-7.348109999999961],[112.70284000000005,-7.347919999999961],[112.70293000000004,-7.347779999999924],[112.70306000000005,-7.347569999999957],[112.70312000000004,-7.34741999999998],[112.70316000000007,-7.34703999999998],[112.70329000000008,-7.346629999999985],[112.70332000000008,-7.3464599999999525],[112.70296000000003,-7.346829999999924],[112.7020000000001,-7.347599999999952],[112.70193000000008,-7.347659999999943],[112.70182000000013,-7.347720000000022],[112.70162,-7.3477599999999565],[112.70131999999997,-7.347769999999985],[112.70055000000004,-7.347779999999924],[112.70017000000003,-7.347829999999975],[112.69957000000012,-7.347919999999961],[112.69922000000012,-7.348079999999966],[112.69901000000006,-7.34824999999991],[112.69873000000008,-7.3485399999999235],[112.69843000000003,-7.348869999999961],[112.6982300000001,-7.34899999999997],[112.69731,-7.34956999999997],[112.69717000000006,-7.349659999999956],[112.69708000000007,-7.349749999999942],[112.69692000000006,-7.34994999999997],[112.69681000000003,-7.350179999999993],[112.69649000000001,-7.3507299999999365],[112.6964300000001,-7.350789999999927],[112.69628000000013,-7.350919999999936],[112.69606000000014,-7.351199999999922],[112.6958900000001,-7.351519999999931],[112.69577000000004,-7.351699999999903],[112.6956,-7.351879999999964],[112.69542000000003,-7.351979999999978],[112.69511000000014,-7.352079999999903],[112.69480000000007,-7.3521299999999545],[112.69449000000009,-7.3521299999999545],[112.69444000000013,-7.3522199999999405],[112.69434000000003,-7.352379999999945],[112.6940800000001,-7.352809999999996],[112.69311000000003,-7.352989999999968],[112.69246000000008,-7.35335999999994],[112.69200000000004,-7.3539200000000005],[112.69189000000009,-7.354719999999935],[112.69204000000006,-7.3551099999999625],[112.6923700000001,-7.355469999999995],[112.69287000000007,-7.356019999999939],[112.69315000000006,-7.356449999999901],[112.69320000000002,-7.356539999999976],[112.69328000000007,-7.356669999999985],[112.69331000000015,-7.356719999999948],[112.69340000000014,-7.356869999999924],[112.69359000000006,-7.356759999999971],[112.69365000000005,-7.356729999999976],[112.69394000000014,-7.3565999999999665],[112.69419000000005,-7.356469999999957],[112.69554000000001,-7.3557899999999155],[112.69619000000014,-7.356319999999892],[112.6963900000001,-7.3563999999999385],[112.6970900000001,-7.356369999999943],[112.69748999999997,-7.356349999999976],[112.69777000000013,-7.3560099999999995],[112.69815000000006,-7.355719999999986],[112.69888000000006,-7.355679999999962],[112.69955000000007,-7.355639999999939],[112.69992000000003,-7.355849999999995],[112.69999000000006,-7.356189999999971],[112.70034000000007,-7.356179999999943],[112.70068000000003,-7.355909999999897],[112.70094000000006,-7.355549999999953],[112.70136,-7.355380000000009],[112.70229000000002,-7.355029999999916],[112.7032700000001,-7.354959999999986],[112.70354000000006,-7.3550999999999345],[112.70359000000012,-7.355049999999972],[112.70376000000006,-7.354869999999911],[112.7039000000001,-7.354619999999921],[112.70397000000003,-7.3544099999999535],[112.70399000000009,-7.354189999999958],[112.70401999999999,-7.353829999999926],[112.7040900000001,-7.353589999999963],[112.70420000000006,-7.353499999999977],[112.70435000000012,-7.353339999999973],[112.70438000000003,-7.353209999999963],[112.70454000000002,-7.3524299999999965],[112.70463000000011,-7.351949999999894],[112.70455000000005,-7.351579999999922],[112.70442000000004,-7.35095999999996],[112.70441000000002,-7.3508399999999785],[112.70441000000002,-7.3506199999998945],[112.70440000000008,-7.350549999999965],[112.70437000000008,-7.350369999999904],[112.70434000000009,-7.350220000000016],[112.70426000000013,-7.349919999999974],[112.70437000000008,-7.349170000000003]]]},"properties":{"KDPPUM":"","NAMOBJ":"Kel. Taman","REMARK":"BATAS KELURAHAN SALAH/KELIRU","KDPBPS":"","FCODE":"BA03060060","LUASWH":0,"UUPP":"","SRS_ID":"SRGI 2013","LCODE":"","METADATA":"","KDEBPS":"","KDEPUM":"","KDCBPS":"","KDCPUM":"","KDBBPS":"","KDBPUM":"","WADMKD":"Kel. Taman","WIADKD":"","WADMKC":"Taman","WIADKC":"","WADMKK":"Sidoarjo","WIADKK":"","WADMPR":"Jawa Timur","WIADPR":"","TIPADM":0,"SHAPE_Leng":0.03988981906,"SHAPE_Area":0.00007264235,"Luas":null,"NAMA_BLOK":"","KELOMPOK_T":"","NAMA_DESA":"","KARTU_TANI":"","KARTU_TA_1":"","PANEN_TAHU":"","PRODUKTIFI":"","POLA_TANAM":"","KOMODITI_2":"","KONDISI_IR":"","N_IRIGASI":"","ADA_TIDAK":"","ELEVASI":"","KEASAMAN_T":"","UNSUR_HARA":"","REKOMENDAS":"","BAPPEDA":"","KETERANGAN":"","IP":"","IRPOM":"","TglTnmPadi":"","TglPnnPadi":"","layer":"Admin_Desa","path":"C:/Users/bppta/Documents/ArcGIS/Kec. Taman/Kec. Taman/Kec. Taman/Admin_Desa.shp"}},
{"type":"Feature","geometry":{"type":"Polygon","coordinates":[[[112.69922000000012,-7.348079999999966],[112.69917000000007,-7.348029999999914],[112.69929000000005,-7.347729999999961],[112.69935000000012,-7.347439999999947],[112.69942000000006,-7.346800000000018],[112.69944000000011,-7.346659999999892],[112.69948000000014,-7.346609999999929],[112.69951000000005,-7.3465599999999665],[112.70027000000005,-7.346169999999939],[112.70098000000009,-7.345739999999976],[112.7009200000001,-7.345729999999948],[112.70077000000002,-7.345699999999953],[112.7006,-7.3456699999999575],[112.70011000000012,-7.345579999999972],[112.69989000000014,-7.345539999999948],[112.69949000000008,-7.345479999999958],[112.69909000000011,-7.345449999999962],[112.69874000000002,-7.345399999999911],[112.69796000000005,-7.345219999999939],[112.69785,-7.345159999999948],[112.69766000000001,-7.3450699999999625],[112.69742000000005,-7.344939999999953],[112.69730000000007,-7.344889999999991],[112.69691000000013,-7.344729999999986],[112.69620000000009,-7.344489999999935],[112.69566000000009,-7.344309999999963],[112.69562000000006,-7.344249999999972],[112.69559000000007,-7.344199999999921],[112.69552000000013,-7.344109999999935],[112.69546000000005,-7.343989999999954],[112.69532000000002,-7.343649999999977],[112.69521000000006,-7.343429999999982],[112.69520732000002,-7.3434246399999825],[112.69520561600005,-7.343425607999974],[112.69469443300012,-7.343579608000015],[112.69338981700001,-7.3440869719999835],[112.69164268700004,-7.344915706999897],[112.69163913400011,-7.344917113999925],[112.69164,-7.344919999999986],[112.69176000000007,-7.345319999999953],[112.69172000000005,-7.345479999999958],[112.69165000000012,-7.345939999999915],[112.69155000000002,-7.347409999999952],[112.69154000000007,-7.347569999999957],[112.69153000000004,-7.348269999999966],[112.69155000000002,-7.34842999999997],[112.69152000000011,-7.348589999999975],[112.69149000000003,-7.348969999999975],[112.69149000000003,-7.349129999999979],[112.69151000000008,-7.350149999999909],[112.69150000000005,-7.350299999999974],[112.69152000000011,-7.350489999999974],[112.69153000000004,-7.350569999999932],[112.69153000000004,-7.350659999999918],[112.69154000000007,-7.3508399999999785],[112.69155000000002,-7.350999999999983],[112.6916100000001,-7.350999999999983],[112.69191000000005,-7.351029999999978],[112.69203000000003,-7.351099999999997],[112.69209000000002,-7.351189999999983],[112.69214000000007,-7.351159999999899],[112.69221000000009,-7.351129999999992],[112.69227,-7.351099999999997],[112.69247000000011,-7.35101999999995],[112.69260000000011,-7.350999999999983],[112.69267000000005,-7.350999999999983],[112.69277000000015,-7.35101999999995],[112.69315000000006,-7.351089999999969],[112.69327000000013,-7.351089999999969],[112.69342000000002,-7.351089999999969],[112.69401000000008,-7.351249999999974],[112.69419000000005,-7.351300000000025],[112.69460999999998,-7.3514299999999455],[112.6945900000001,-7.351919999999987],[112.69454000000005,-7.351999999999945],[112.69452,-7.352079999999903],[112.69449000000009,-7.3521299999999545],[112.69480000000007,-7.3521299999999545],[112.69511000000014,-7.352079999999903],[112.69542000000003,-7.351979999999978],[112.6956,-7.351879999999964],[112.69577000000004,-7.351699999999903],[112.6958900000001,-7.351519999999931],[112.69606000000014,-7.351199999999922],[112.69628000000013,-7.350919999999936],[112.6964300000001,-7.350789999999927],[112.69649000000001,-7.3507299999999365],[112.69681000000003,-7.350179999999993],[112.69692000000006,-7.34994999999997],[112.69708000000007,-7.349749999999942],[112.69717000000006,-7.349659999999956],[112.69731,-7.34956999999997],[112.6982300000001,-7.34899999999997],[112.69843000000003,-7.348869999999961],[112.69873000000008,-7.3485399999999235],[112.69901000000006,-7.34824999999991],[112.69922000000012,-7.348079999999966]]]},"properties":{"KDPPUM":"","NAMOBJ":"Kel. Wonocolo","REMARK":"","KDPBPS":"","FCODE":"BA03060060","LUASWH":0,"UUPP":"","SRS_ID":"SRGI 2013","LCODE":"","METADATA":"","KDEBPS":"","KDEPUM":"","KDCBPS":"","KDCPUM":"","KDBBPS":"","KDBPUM":"","WADMKD":"Kel. Wonocolo","WIADKD":"","WADMKC":"Taman","WIADKC":"","WADMKK":"Sidoarjo","WIADKK":"","WADMPR":"Jawa Timur","WIADPR":"","TIPADM":0,"SHAPE_Leng":0.0302737796,"SHAPE_Area":0.00004804205,"Luas":null,"NAMA_BLOK":"","KELOMPOK_T":"","NAMA_DESA":"","KARTU_TANI":"","KARTU_TA_1":"","PANEN_TAHU":"","PRODUKTIFI":"","POLA_TANAM":"","KOMODITI_2":"","KONDISI_IR":"","N_IRIGASI":"","ADA_TIDAK":"","ELEVASI":"","KEASAMAN_T":"","UNSUR_HARA":"","REKOMENDAS":"","BAPPEDA":"","KETERANGAN":"","IP":"","IRPOM":"","TglTnmPadi":"","TglPnnPadi":"","layer":"Admin_Desa","path":"C:/Users/bppta/Documents/ArcGIS/Kec. Taman/Kec. Taman/Kec. Taman/Admin_Desa.shp"}},
{"type":"Feature","geometry":{"type":"Polygon","coordinates":[[[112.68965000000001,-7.357380000000022],[112.6893600000001,-7.357470000000008],[112.68880000000003,-7.357679999999975],[112.68839000000004,-7.357659999999919],[112.68811999999998,-7.357609999999957],[112.68772000000003,-7.357639999999952],[112.68755000000007,-7.357739999999966],[112.68717000000008,-7.3579899999999565],[112.68684000000005,-7.358179999999956],[112.68659000000005,-7.3581599999999],[112.68617000000003,-7.3579799999999285],[112.68567000000004,-7.357729999999938],[112.68525000000011,-7.357639999999952],[112.68510999999998,-7.357729999999938],[112.68501000000006,-7.35790999999991],[112.68490000000011,-7.358119999999966],[112.68471000000011,-7.358489999999938],[112.68445000000008,-7.358640000000003],[112.68386000000012,-7.358559999999956],[112.68361999999998,-7.358529999999961],[112.68315000000008,-7.3585699999998955],[112.68248000000007,-7.3586799999999375],[112.68181000000006,-7.3586899999999655],[112.68165000000015,-7.358669999999998],[112.68132000000001,-7.358429999999947],[112.68115000000016,-7.35790999999991],[112.68117000000004,-7.357369999999905],[112.68118000000007,-7.357159999999938],[112.68113000000001,-7.356979999999966],[112.68086000000005,-7.356749999999943],[112.68035000000005,-7.356269999999929],[112.68019999999999,-7.356089999999957],[112.68015000000003,-7.356119999999953],[112.68009000000004,-7.356149999999948],[112.68000000000005,-7.356209999999939],[112.67897000000009,-7.356719999999948],[112.67848999999998,-7.356979999999966],[112.67775000000005,-7.357359999999966],[112.67706000000005,-7.357689999999915],[112.67636999999999,-7.358039999999919],[112.67546000000002,-7.358529999999961],[112.67541000000006,-7.358559999999956],[112.67519999999999,-7.35865999999997],[112.67470000000002,-7.358899999999933],[112.67479,-7.359019999999914],[112.67488000000007,-7.359309999999928],[112.67497000000006,-7.359429999999998],[112.67528999999998,-7.359720000000012],[112.67533,-7.359959999999974],[112.67545000000007,-7.360729999999913],[112.67551000000006,-7.360709999999946],[112.67573000000006,-7.360629999999988],[112.67597000000002,-7.360540000000002],[112.67629000000012,-7.36042999999996],[112.67684000000007,-7.360259999999927],[112.67693000000006,-7.360449999999927],[112.67696000000005,-7.360589999999965],[112.67694000000007,-7.360649999999955],[112.67656000000008,-7.360789999999993],[112.67627000000006,-7.3608699999999505],[112.67621000000007,-7.360899999999946],[112.6762200000001,-7.360989999999932],[112.67661000000012,-7.361199999999899],[112.67668000000006,-7.36124999999995],[112.67668000000006,-7.361309999999941],[112.67665000000015,-7.36143999999995],[112.67645000000003,-7.361929999999992],[112.67635000000011,-7.362169999999955],[112.67632000000003,-7.362309999999992],[112.67638000000011,-7.362399999999978],[112.67642000000004,-7.3624699999999965],[112.67632999999996,-7.362709999999959],[112.67623999999998,-7.3629499999999215],[112.67573000000006,-7.363479999999987],[112.67548000000006,-7.3637499999999445],[112.67491000000007,-7.364369999999996],[112.67461000000003,-7.364709999999972],[112.67436000000012,-7.365129999999995],[112.67460000000008,-7.3652299999999205],[112.6746700000001,-7.365269999999944],[112.67480000000003,-7.3653499999999905],[112.67488000000007,-7.365399999999953],[112.67494000000006,-7.365429999999948],[112.67504000000008,-7.365479999999911],[112.6751400000001,-7.36553999999999],[112.67524000000002,-7.365589999999953],[112.67541999999999,-7.365689999999967],[112.67599000000008,-7.365960000000014],[112.67667000000003,-7.366239999999911],[112.67692000000011,-7.36629999999999],[112.67800000000013,-7.366579999999976],[112.67838000000003,-7.366669999999962],[112.67908000000013,-7.3668299999999665],[112.67901000000002,-7.367089999999985],[112.67896000000006,-7.3675199999999474],[112.67894,-7.367759999999999],[112.67924999999998,-7.367699999999919],[112.67955000000002,-7.367619999999961],[112.68003000000013,-7.3673199999999195],[112.68050000000002,-7.366849999999934],[112.68123000000003,-7.366189999999948],[112.68148000000011,-7.366059999999939],[112.68189000000011,-7.365849999999972],[112.68264000000008,-7.365389999999925],[112.68327000000006,-7.365049999999949],[112.68369000000008,-7.364989999999958],[112.68406000000006,-7.365040000000009],[112.68501000000006,-7.36529],[112.68566000000011,-7.365389999999925],[112.68586000000005,-7.365329999999934],[112.68606000000007,-7.365149999999963],[112.68642000000011,-7.364689999999916],[112.68659000000005,-7.364079999999982],[112.68668000000004,-7.363719999999949],[112.68679000000007,-7.363469999999959],[112.68704000000007,-7.363279999999959],[112.68768000000009,-7.363039999999996],[112.6878400000001,-7.3629599999999495],[112.68808000000006,-7.362899999999959],[112.6883800000001,-7.362849999999996],[112.68843000000005,-7.362549999999954],[112.68850000000008,-7.362509999999931],[112.68875000000007,-7.362549999999954],[112.68883000000002,-7.362509999999931],[112.68895000000009,-7.362509999999931],[112.68922000000005,-7.362569999999922],[112.68934000000003,-7.36257999999995],[112.68937000000003,-7.362499999999992],[112.68946000000001,-7.36219999999995],[112.68957000000015,-7.361849999999945],[112.68964000000008,-7.361829999999978],[112.6899000000001,-7.3617599999999594],[112.69002000000008,-7.3617599999999594],[112.69005000000007,-7.361579999999988],[112.69008000000007,-7.361289999999974],[112.69012000000009,-7.360909999999974],[112.69033000000006,-7.359249999999937],[112.69039000000014,-7.359079999999993],[112.69036000000006,-7.358979999999979],[112.69032000000003,-7.358800000000008],[112.6903100000001,-7.35865999999997],[112.69022000000011,-7.358499999999966],[112.69008000000007,-7.358229999999919],[112.68991000000004,-7.357880000000003],[112.68981000000011,-7.357689999999915],[112.68965000000001,-7.357380000000022]]]},"properties":{"KDPPUM":"","NAMOBJ":"Kletek","REMARK":"","KDPBPS":"","FCODE":"BA03060060","LUASWH":0,"UUPP":"","SRS_ID":"SRGI 2013","LCODE":"","METADATA":"","KDEBPS":"","KDEPUM":"","KDCBPS":"","KDCPUM":"","KDBBPS":"","KDBPUM":"","WADMKD":"Kletek","WIADKD":"","WADMKC":"Taman","WIADKC":"","WADMKK":"Sidoarjo","WIADKK":"","WADMPR":"Jawa Timur","WIADPR":"","TIPADM":0,"SHAPE_Leng":0.05299876513,"SHAPE_Area":0.00010859665,"Luas":null,"NAMA_BLOK":"","KELOMPOK_T":"","NAMA_DESA":"","KARTU_TANI":"","KARTU_TA_1":"","PANEN_TAHU":"","PRODUKTIFI":"","POLA_TANAM":"","KOMODITI_2":"","KONDISI_IR":"","N_IRIGASI":"","ADA_TIDAK":"","ELEVASI":"","KEASAMAN_T":"","UNSUR_HARA":"","REKOMENDAS":"","BAPPEDA":"","KETERANGAN":"","IP":"","IRPOM":"","TglTnmPadi":"","TglPnnPadi":"","layer":"Admin_Desa","path":"C:/Users/bppta/Documents/ArcGIS/Kec. Taman/Kec. Taman/Kec. Taman/Admin_Desa.shp"}},
{"type":"Feature","geometry":{"type":"Polygon","coordinates":[[[112.64092762053899,-7.379089999999975],[112.64026762053909,-7.379079999999947],[112.63990762053905,-7.379079999999947],[112.63949762053915,-7.379089999999975],[112.63771762053904,-7.3789499999999375],[112.63728762053898,-7.378910000000003],[112.63706762053909,-7.378979999999933],[112.63683762053897,-7.379099999999914],[112.63672762053902,-7.379079999999947],[112.63664762053907,-7.379069999999919],[112.63552762053902,-7.378829999999956],[112.63500762053908,-7.378759999999938],[112.63458762053915,-7.378439999999928],[112.63452762053906,-7.3783699999999985],[112.634537620539,-7.378229999999961],[112.63455762053906,-7.377979999999971],[112.63456762053909,-7.377849999999961],[112.63457762053903,-7.377679999999929],[112.63457762053903,-7.3775499999999195],[112.63459762053908,-7.377249999999966],[112.63462762053899,-7.376639999999943],[112.63465762053907,-7.3761699999999575],[112.63427762053908,-7.376299999999967],[112.63403762053902,-7.376449999999943],[112.63366762053906,-7.376639999999943],[112.63256762053908,-7.377179999999948],[112.63253762053908,-7.37734999999998],[112.63245762053903,-7.377529999999952],[112.63218762053899,-7.37791999999998],[112.63208762053907,-7.378069999999957],[112.63202762053908,-7.378269999999896],[112.63201762053905,-7.3783699999999985],[112.63195762053905,-7.3783699999999985],[112.631877620539,-7.3783599999999705],[112.63159762053903,-7.378399999999905],[112.63132762053907,-7.378439999999928],[112.63125762053913,-7.378449999999956],[112.63117762053909,-7.3783599999999705],[112.63106762053904,-7.378340000000003],[112.63071762053913,-7.378409999999933],[112.6304576205391,-7.378519999999975],[112.630257620539,-7.378629999999928],[112.63001762053904,-7.378769999999966],[112.62941762053913,-7.379139999999937],[112.62903762053904,-7.379369999999961],[112.6286176205391,-7.379699999999998],[112.62860762053907,-7.379809999999951],[112.62859762053895,-7.379909999999965],[112.62858762053902,-7.380039999999974],[112.62852762053903,-7.380349999999956],[112.62851762053909,-7.380409999999946],[112.62847762053906,-7.380620000000002],[112.62841762053898,-7.380629999999941],[112.62833762053911,-7.381109999999955],[112.62829762053909,-7.381399999999969],[112.628267620539,-7.381569999999913],[112.62799762053905,-7.381799999999936],[112.62797762053908,-7.382599999999959],[112.62797762053908,-7.38265999999995],[112.62797762053908,-7.382779999999931],[112.62796762053897,-7.3834299999999775],[112.628007620539,-7.383539999999931],[112.62808762053903,-7.383499999999996],[112.62814762053902,-7.38347999999994],[112.62812762053906,-7.383639999999945],[112.62812762053906,-7.383749999999987],[112.62809762053898,-7.38499],[112.6280776205391,-7.385339999999916],[112.6280776205391,-7.385669999999953],[112.6280776205391,-7.385869999999981],[112.6280776205391,-7.38637999999999],[112.62806762053907,-7.387309999999934],[112.62812762053906,-7.387319999999962],[112.62911762053908,-7.38757999999998],[112.62957762053904,-7.38770999999999],[112.62998762053904,-7.387809999999915],[112.63068762053905,-7.388019999999971],[112.63115762053903,-7.38814999999998],[112.63123762053908,-7.388169999999947],[112.63188762053912,-7.3883799999999145],[112.63185762053904,-7.388479999999928],[112.63166762053913,-7.388939999999975],[112.63163762053904,-7.389019999999933],[112.63145762053907,-7.389509999999975],[112.63136762053908,-7.389689999999947],[112.6323876205391,-7.390039999999951],[112.6324476205391,-7.3900799999999744],[112.632507620539,-7.389939999999937],[112.63268762053906,-7.3896799999999185],[112.63296762053913,-7.389269999999923],[112.63307762053908,-7.389119999999947],[112.63311762053911,-7.389049999999928],[112.63324762053912,-7.388819999999994],[112.63376762053898,-7.3879100000000175],[112.63404762053914,-7.387429999999915],[112.63420762053906,-7.387149999999929],[112.63429762053904,-7.38720999999992],[112.63435762053903,-7.387259999999971],[112.63448762053905,-7.38732999999999],[112.6346976205391,-7.387479999999966],[112.63489762053904,-7.38764999999991],[112.63521762053914,-7.387849999999938],[112.63536762053911,-7.3879100000000175],[112.63558762053911,-7.387919999999957],[112.635707620539,-7.3879100000000175],[112.63596762053902,-7.387879999999933],[112.63635762053904,-7.387849999999938],[112.63679762053913,-7.387849999999938],[112.63732762053901,-7.387879999999933],[112.63797762053906,-7.387859999999966],[112.63821762053902,-7.387869999999994],[112.63818762053903,-7.387809999999915],[112.63793762053903,-7.38726999999991],[112.63789762053901,-7.387029999999948],[112.63784762053905,-7.386749999999962],[112.63776762053901,-7.386469999999976],[112.63768762053904,-7.386219999999986],[112.63768762053904,-7.38606999999992],[112.63768762053904,-7.385959999999967],[112.63773762053901,-7.38575],[112.63777762053903,-7.385699999999948],[112.63793762053903,-7.385500000000009],[112.63888762053904,-7.384309999999958],[112.63992762053903,-7.383979999999921],[112.63996762053904,-7.38379000000001],[112.63998762053902,-7.383699999999935],[112.64005762053903,-7.383349999999931],[112.64029762053899,-7.382189999999964],[112.64048762053908,-7.381380000000002],[112.64059762053904,-7.380869999999993],[112.64081762053902,-7.379839999999946],[112.64087762053902,-7.379450000000007],[112.64092762053899,-7.379089999999975]]]},"properties":{"KDPPUM":"","NAMOBJ":"Kramatjegu","REMARK":"","KDPBPS":"","FCODE":"BA03060060","LUASWH":0,"UUPP":"","SRS_ID":"SRGI 2013","LCODE":"","METADATA":"","KDEBPS":"","KDEPUM":"","KDCBPS":"","KDCPUM":"","KDBBPS":"","KDBPUM":"","WADMKD":"Kramatjegu","WIADKD":"","WADMKC":"Taman","WIADKC":"","WADMKK":"Sidoarjo","WIADKK":"","WADMPR":"Jawa Timur","WIADPR":"","TIPADM":0,"SHAPE_Leng":0.0486900998,"SHAPE_Area":0.00010865715,"Luas":null,"NAMA_BLOK":"","KELOMPOK_T":"","NAMA_DESA":"","KARTU_TANI":"","KARTU_TA_1":"","PANEN_TAHU":"","PRODUKTIFI":"","POLA_TANAM":"","KOMODITI_2":"","KONDISI_IR":"","N_IRIGASI":"","ADA_TIDAK":"","ELEVASI":"","KEASAMAN_T":"","UNSUR_HARA":"","REKOMENDAS":"","BAPPEDA":"","KETERANGAN":"","IP":"","IRPOM":"","TglTnmPadi":"","TglPnnPadi":"","layer":"Admin_Desa","path":"C:/Users/bppta/Documents/ArcGIS/Kec. Taman/Kec. Taman/Kec. Taman/Admin_Desa.shp"}},
{"type":"Feature","geometry":{"type":"Polygon","coordinates":[[[112.66026000000011,-7.366379999999948],[112.66093000000004,-7.365999999999948],[112.66134000000012,-7.365699999999906],[112.66176000000006,-7.365459999999944],[112.66229000000011,-7.3652299999999205],[112.66270000000011,-7.36497999999993],[112.66293000000005,-7.364269999999982],[112.6630100000001,-7.363939999999944],[112.66343000000003,-7.362929999999954],[112.66373000000007,-7.362409999999917],[112.66389000000008,-7.362339999999987],[112.6642800000001,-7.3621499999998985],[112.66447000000001,-7.36181999999995],[112.66453,-7.361429999999922],[112.66461999999999,-7.36137999999996],[112.66511000000003,-7.361429999999922],[112.6653600000001,-7.361419999999983],[112.66554000000008,-7.361079999999918],[112.66534000000006,-7.360739999999941],[112.66505000000004,-7.3603799999999975],[112.66501000000002,-7.3601799999999695],[112.66516,-7.359929999999979],[112.66573000000008,-7.359569999999946],[112.66585000000006,-7.3593699999999185],[112.66587000000003,-7.359129999999956],[112.66575000000014,-7.358649999999942],[112.66560000000007,-7.35821999999998],[112.66575000000014,-7.357919999999938],[112.6660200000001,-7.357569999999933],[112.66615000000002,-7.357059999999924],[112.66615000000002,-7.356379999999971],[112.66625000000012,-7.355929999999953],[112.6665600000001,-7.355939999999981],[112.66673000000004,-7.356069999999901],[112.66717000000004,-7.356349999999976],[112.66771000000004,-7.3564999999999525],[112.66820000000008,-7.356729999999976],[112.66874000000008,-7.35707999999998],[112.66944000000001,-7.357259999999952],[112.67048000000008,-7.357589999999989],[112.67049000000011,-7.357519999999971],[112.67053000000013,-7.357429999999985],[112.67054000000007,-7.357359999999966],[112.67061,-7.357049999999985],[112.6707100000001,-7.35663999999999],[112.67094000000013,-7.355489999999962],[112.67097000000004,-7.355380000000009],[112.67105000000008,-7.355029999999916],[112.67126000000005,-7.354129999999968],[112.67140000000009,-7.353369999999968],[112.67160000000003,-7.352689999999926],[112.671829311,-7.351363983999901],[112.67182915500007,-7.35136397999999],[112.67117303900014,-7.351346352999952],[112.66989127200013,-7.351233312999925],[112.66903678600013,-7.351040697999975],[112.66770165500006,-7.351032597999927],[112.66619866800013,-7.351304377999943],[112.66553491100002,-7.351402595999987],[112.6644667720001,-7.351444571999908],[112.66376148200001,-7.351403973999924],[112.66374365300014,-7.3514009809999425],[112.66333134134562,-7.3513317579895965],[112.66314789542326,-7.351301180255385],[112.66280522420236,-7.3514341329115585],[112.66236108200005,-7.351607156999949],[112.66217305373864,-7.351809631835513],[112.66179959800004,-7.352215438000007],[112.66119412100012,-7.352808800999986],[112.66078495600003,-7.353083144999948],[112.65979933600009,-7.353586969999979],[112.65949951643891,-7.35367861344046],[112.65914912200003,-7.353786306000041],[112.6588097367039,-7.353928011697262],[112.65860074700005,-7.354015798999933],[112.65773901999998,-7.355155755999929],[112.65730940931668,-7.355852037067843],[112.65719595700007,-7.356036493999971],[112.65707220123275,-7.356188375726456],[112.65604599600015,-7.357450716999923],[112.65522797700014,-7.358090334999909],[112.65511757838891,-7.358160063630246],[112.65457910800009,-7.3585017370000205],[112.65422507720608,-7.358841847098061],[112.65416749900005,-7.358897573999998],[112.65413512333417,-7.35904263445236],[112.65398399700015,-7.359728180999978],[112.65395370518523,-7.360571221617382],[112.65392489000014,-7.361426738000008],[112.65371214200003,-7.361988543999951],[112.65363142800003,-7.362041484999979],[112.65412999999997,-7.3625599999999825],[112.65439000000008,-7.362779999999889],[112.65454000000014,-7.362869999999964],[112.65461000000008,-7.362879999999992],[112.6550000000001,-7.3629499999999215],[112.6552200000001,-7.362989999999945],[112.65570000000002,-7.3631700000000055],[112.65581000000006,-7.363269999999931],[112.65580000000013,-7.363329999999921],[112.65574000000005,-7.363529999999949],[112.65647000000006,-7.363569999999973],[112.65679000000014,-7.363539999999977],[112.65702000000009,-7.3637599999999725],[112.65773000000003,-7.363869999999926],[112.65849000000003,-7.363929999999916],[112.6588300000001,-7.364019999999902],[112.65916000000004,-7.36434],[112.65929999999999,-7.364659999999921],[112.65945000000015,-7.365119999999967],[112.65964000000005,-7.36567],[112.65982000000012,-7.365960000000014],[112.6600000000001,-7.366149999999925],[112.66026000000011,-7.366379999999948]]]},"properties":{"KDPPUM":"","NAMOBJ":"Krembangan","REMARK":"","KDPBPS":"","FCODE":"BA03060060","LUASWH":0,"UUPP":"","SRS_ID":"SRGI 2013","LCODE":"","METADATA":"","KDEBPS":"","KDEPUM":"","KDCBPS":"","KDCPUM":"","KDBBPS":"","KDBPUM":"","WADMKD":"Krembangan","WIADKD":"","WADMKC":"Taman","WIADKC":"","WADMKK":"Sidoarjo","WIADKK":"","WADMPR":"Jawa Timur","WIADPR":"","TIPADM":0,"SHAPE_Leng":0.05803308776,"SHAPE_Area":0.00014531972,"Luas":null,"NAMA_BLOK":"","KELOMPOK_T":"","NAMA_DESA":"","KARTU_TANI":"","KARTU_TA_1":"","PANEN_TAHU":"","PRODUKTIFI":"","POLA_TANAM":"","KOMODITI_2":"","KONDISI_IR":"","N_IRIGASI":"","ADA_TIDAK":"","ELEVASI":"","KEASAMAN_T":"","UNSUR_HARA":"","REKOMENDAS":"","BAPPEDA":"","KETERANGAN":"","IP":"","IRPOM":"","TglTnmPadi":"","TglPnnPadi":"","layer":"Admin_Desa","path":"C:/Users/bppta/Documents/ArcGIS/Kec. Taman/Kec. Taman/Kec. Taman/Admin_Desa.shp"}},
{"type":"Feature","geometry":{"type":"Polygon","coordinates":[[[112.6339700000001,-7.370556912964442],[112.6339700000001,-7.370356912964414],[112.63395000000004,-7.369976912964415],[112.63392000000015,-7.369426912964382],[112.63387000000009,-7.3692669129643775],[112.63384000000009,-7.369066912964438],[112.63376999999998,-7.368346912964373],[112.63372000000003,-7.3678769129643875],[112.63368,-7.367616912964458],[112.63363000000004,-7.367516912964444],[112.63347000000012,-7.367336912964383],[112.63320000000007,-7.367046912964458],[112.63288000000016,-7.3666969129644535],[112.63272000000006,-7.366516912964393],[112.63252000000013,-7.366336912964421],[112.63251914400006,-7.366336142964446],[112.63201997500005,-7.3667542309644],[112.63163555588386,-7.366979828228292],[112.63156120800019,-7.367023583964482],[112.63117974899998,-7.3672739169645],[112.63024133400015,-7.3677750899644],[112.62916183682636,-7.368016534619514],[112.62893536600009,-7.368067238964414],[112.62856945961472,-7.3680533635150915],[112.62847130700007,-7.368049747964477],[112.62816613500004,-7.367974379964458],[112.62778748249131,-7.367874701534415],[112.62730315100013,-7.367747738964447],[112.62698295297967,-7.367611318326016],[112.62631982100004,-7.367330183964448],[112.62596522263284,-7.367105902184367],[112.62574600500008,-7.366968502964454],[112.6255781073133,-7.366902208086955],[112.62536005800013,-7.366817234964461],[112.62535850800018,-7.366816630964411],[112.62499994700008,-7.366793273964433],[112.62467951700003,-7.36689151596439],[112.62405389200005,-7.367166632964416],[112.62392818754458,-7.3672326844363525],[112.62368138100014,-7.367363406964355],[112.62329118600009,-7.367637962964423],[112.62318398254047,-7.367735889812121],[112.62307734600007,-7.367833726964456],[112.62272637700008,-7.367951989964471],[112.6227253741239,-7.367952094414608],[112.62272511100007,-7.367952182964398],[112.62264290149703,-7.367960683988549],[112.62233727700013,-7.367992514964449],[112.62233499075195,-7.367992524062682],[112.62233407300003,-7.367992618964458],[112.62207697320135,-7.367993550851381],[112.62197869200013,-7.367993941964478],[112.62158959200008,-7.367995368964419],[112.62141803986198,-7.367944290364225],[112.62119921500002,-7.367879670964438],[112.62098239312579,-7.367761369563407],[112.62062830400012,-7.367569563964448],[112.62008558863742,-7.367172669496224],[112.61996408300006,-7.367084226964437],[112.61980773290914,-7.366979400908512],[112.61935417800004,-7.366676437964447],[112.61919206506683,-7.366617823142473],[112.61870996700011,-7.366444925964387],[112.61824019500015,-7.36634907596445],[112.61806158265514,-7.366376461625212],[112.61785119100003,-7.3664089379644295],[112.6176983175337,-7.366443805483257],[112.617419282,-7.366508122964465],[112.61675511700003,-7.366744646964406],[112.61636962876678,-7.366962776423879],[112.61582176400016,-7.3672748869644025],[112.61527244900009,-7.367705937964452],[112.61520779582297,-7.367743363109835],[112.61495236100008,-7.367891768964373],[112.61530000000006,-7.368606912964392],[112.61532000000011,-7.3686769129644105],[112.61533000000006,-7.368746912964429],[112.61536000000005,-7.369066912964438],[112.61539000000005,-7.369326912964457],[112.61547000000009,-7.3701769129644426],[112.61551000000011,-7.370726912964386],[112.61552000000006,-7.370886912964391],[112.61564000000013,-7.372186912964395],[112.61675000000004,-7.372036912964418],[112.61772000000009,-7.37214691296446],[112.61795000000004,-7.372186912964395],[112.6178500000001,-7.373406912964441],[112.61770000000004,-7.37341691296438],[112.61768000000008,-7.373736912964478],[112.61774000000007,-7.37448691296445],[112.61776000000012,-7.3745469129644405],[112.61847000000016,-7.374226912964431],[112.61863000000007,-7.374246912964399],[112.61910000000015,-7.3743369129643845],[112.61926000000007,-7.374366912964469],[112.61933000000008,-7.37448691296445],[112.61951000000015,-7.374726912964412],[112.61968,-7.374996912964459],[112.6198400000001,-7.375346912964375],[112.62001000000012,-7.3754369129644495],[112.62010000000011,-7.3754369129644495],[112.62025000000008,-7.375406912964454],[112.62054,-7.375346912964375],[112.62080000000003,-7.3753369129644355],[112.62106000000004,-7.37537691296437],[112.62122000000014,-7.37549691296444],[112.62138000000006,-7.375606912964482],[112.62154000000007,-7.375606912964482],[112.62205000000007,-7.375696912964468],[112.62293000000014,-7.376096912964435],[112.62500000000009,-7.377336912964449],[112.62507000000001,-7.377306912964453],[112.62603000000004,-7.377036912964407],[112.6264000000001,-7.376926912964365],[112.62679000000004,-7.376686912964402],[112.6270000000001,-7.37644691296444],[112.62724000000006,-7.375966912964426],[112.62731000000008,-7.375776912964426],[112.62731000000008,-7.375296912964412],[112.62772000000007,-7.375296912964412],[112.62801,-7.37530691296444],[112.62840000000003,-7.375316912964468],[112.62850000000005,-7.3753269129644075],[112.62868000000002,-7.375266912964417],[112.62872000000003,-7.375216912964365],[112.62881000000002,-7.375086912964445],[112.62889000000007,-7.374986912964431],[112.6290600000001,-7.374626912964398],[112.62909,-7.374126912964417],[112.62916000000011,-7.373806912964408],[112.62922000000002,-7.373406912964441],[112.62920000000005,-7.373236912964408],[112.62923000000005,-7.372896912964432],[112.62926999999998,-7.372626912964385],[112.62932000000004,-7.372406912964479],[112.62931,-7.372076912964442],[112.6292800000001,-7.3718669129644745],[112.62932000000004,-7.371746912964404],[112.62971000000006,-7.3717569129644325],[112.63021000000003,-7.371806912964395],[112.63097000000003,-7.371936912964404],[112.63117000000015,-7.37195691296446],[112.63159000000009,-7.371996912964395],[112.63242000000002,-7.372056912964386],[112.63259000000005,-7.371786912964428],[112.63273,-7.371536912964437],[112.6329900000001,-7.371126912964442],[112.63330000000009,-7.3707569129643815],[112.63342000000016,-7.3706369129644],[112.63357000000005,-7.37056691296447],[112.6339700000001,-7.370556912964442]]]},"properties":{"KDPPUM":"","NAMOBJ":"Pertapanmaduretno","REMARK":"","KDPBPS":"","FCODE":"BA03060060","LUASWH":0,"UUPP":"","SRS_ID":"SRGI 2013","LCODE":"","METADATA":"","KDEBPS":"","KDEPUM":"","KDCBPS":"","KDCPUM":"","KDBBPS":"","KDBPUM":"","WADMKD":"Pertapanmaduretno","WIADKD":"","WADMKC":"Taman","WIADKC":"","WADMKK":"Sidoarjo","WIADKK":"","WADMPR":"Jawa Timur","WIADPR":"","TIPADM":0,"SHAPE_Leng":0.0556959063,"SHAPE_Area":0.00012882744,"Luas":null,"NAMA_BLOK":"","KELOMPOK_T":"","NAMA_DESA":"","KARTU_TANI":"","KARTU_TA_1":"","PANEN_TAHU":"","PRODUKTIFI":"","POLA_TANAM":"","KOMODITI_2":"","KONDISI_IR":"","N_IRIGASI":"","ADA_TIDAK":"","ELEVASI":"","KEASAMAN_T":"","UNSUR_HARA":"","REKOMENDAS":"","BAPPEDA":"","KETERANGAN":"","IP":"","IRPOM":"","TglTnmPadi":"","TglPnnPadi":"","layer":"Admin_Desa","path":"C:/Users/bppta/Documents/ArcGIS/Kec. Taman/Kec. Taman/Kec. Taman/Admin_Desa.shp"}},
{"type":"Feature","geometry":{"type":"Polygon","coordinates":[[[112.67217000000002,-7.378769999999966],[112.67228000000016,-7.378790000000022],[112.67326000000006,-7.379099999999914],[112.67385000000003,-7.379239999999951],[112.67410000000011,-7.379299999999942],[112.67459000000007,-7.379419999999923],[112.6747300000001,-7.379469999999975],[112.67488000000007,-7.379580000000017],[112.67506000000004,-7.379709999999937],[112.67515999999998,-7.379719999999965],[112.67525000000005,-7.379679999999942],[112.67539000000008,-7.379539999999993],[112.67553000000012,-7.3794399999998905],[112.67575000000012,-7.379379999999989],[112.67614000000006,-7.379279999999975],[112.67652000000005,-7.3791599999999935],[112.67686000000003,-7.3790499999999515],[112.67702000000013,-7.3790599999999795],[112.67724000000013,-7.379089999999975],[112.67775000000005,-7.3791599999999935],[112.67832000000013,-7.379169999999933],[112.67848000000005,-7.379179999999961],[112.67855000000006,-7.379179999999961],[112.67859000000009,-7.379109999999942],[112.67861000000005,-7.378919999999942],[112.67862,-7.378759999999938],[112.67884000000008,-7.378729999999942],[112.67913000000009,-7.378769999999966],[112.67965000000004,-7.3788499999999235],[112.67988000000007,-7.378910000000003],[112.68006000000004,-7.378999999999989],[112.68045000000006,-7.3791599999999935],[112.68066000000012,-7.379179999999961],[112.68082000000004,-7.379129999999998],[112.68110000000001,-7.379019999999956],[112.68127000000005,-7.378999999999989],[112.68165000000015,-7.379040000000012],[112.6819800000001,-7.3790599999999795],[112.68206000000013,-7.3790599999999795],[112.68250000000003,-7.378749999999998],[112.68280000000009,-7.378629999999928],[112.68294000000003,-7.378569999999938],[112.68312,-7.378129999999947],[112.68324000000007,-7.377649999999933],[112.68330000000006,-7.377369999999948],[112.6834700000001,-7.377149999999952],[112.68352000000006,-7.3770800000000225],[112.68380000000005,-7.376799999999948],[112.68456999999998,-7.376239999999976],[112.68558000000006,-7.375829999999981],[112.68565,-7.37577999999993],[112.68573000000004,-7.375739999999995],[112.68598000000011,-7.375499999999944],[112.68611000000013,-7.375389999999902],[112.68652000000012,-7.375249999999953],[112.68650000000007,-7.375089999999949],[112.6864800000001,-7.374999999999963],[112.68168000000004,-7.374969999999967],[112.68136000000004,-7.37495],[112.68123000000003,-7.374920000000005],[112.68017000000007,-7.3747799999999675],[112.67965000000004,-7.374719999999977],[112.67932000000009,-7.374689999999893],[112.67893000000007,-7.374649999999958],[112.67880000000005,-7.3746799999999535],[112.67867000000004,-7.374670000000014],[112.6775500000001,-7.374439999999902],[112.67697000000007,-7.374349999999916],[112.67553000000012,-7.374049999999963],[112.67411000000004,-7.373829999999968],[112.67279000000008,-7.37362999999994],[112.67196000000006,-7.373469999999935],[112.67148000000013,-7.374999999999963],[112.67145999999998,-7.375089999999949],[112.67141000000002,-7.375389999999902],[112.67136000000006,-7.375739999999995],[112.67139000000006,-7.37595999999999],[112.67217000000002,-7.378769999999966]]]},"properties":{"KDPPUM":"","NAMOBJ":"Sadang","REMARK":"BATAS DESA UTARA SALAH","KDPBPS":"","FCODE":"BA03060060","LUASWH":0,"UUPP":"","SRS_ID":"SRGI 2013","LCODE":"","METADATA":"","KDEBPS":"","KDEPUM":"","KDCBPS":"","KDCPUM":"","KDBBPS":"","KDBPUM":"","WADMKD":"Sadang","WIADKD":"","WADMKC":"Taman","WIADKC":"","WADMKK":"Sidoarjo","WIADKK":"","WADMPR":"Jawa Timur","WIADPR":"","TIPADM":0,"SHAPE_Leng":0.03728963142,"SHAPE_Area":0.0000582305,"Luas":null,"NAMA_BLOK":"","KELOMPOK_T":"","NAMA_DESA":"","KARTU_TANI":"","KARTU_TA_1":"","PANEN_TAHU":"","PRODUKTIFI":"","POLA_TANAM":"","KOMODITI_2":"","KONDISI_IR":"","N_IRIGASI":"","ADA_TIDAK":"","ELEVASI":"","KEASAMAN_T":"","UNSUR_HARA":"","REKOMENDAS":"","BAPPEDA":"","KETERANGAN":"","IP":"","IRPOM":"","TglTnmPadi":"","TglPnnPadi":"","layer":"Admin_Desa","path":"C:/Users/bppta/Documents/ArcGIS/Kec. Taman/Kec. Taman/Kec. Taman/Admin_Desa.shp"}},
{"type":"Feature","geometry":{"type":"Polygon","coordinates":[[[112.67692000000011,-7.36629999999999],[112.67667000000003,-7.366239999999911],[112.67599000000008,-7.365960000000014],[112.67541999999999,-7.365689999999967],[112.67524000000002,-7.365589999999953],[112.6751400000001,-7.36553999999999],[112.67504000000008,-7.365479999999911],[112.67494000000006,-7.365429999999948],[112.67488000000007,-7.365399999999953],[112.67480000000003,-7.3653499999999905],[112.6746700000001,-7.365269999999944],[112.67460000000008,-7.3652299999999205],[112.67436000000012,-7.365129999999995],[112.67414000000004,-7.365509999999995],[112.67392000000005,-7.365879999999967],[112.6737800000001,-7.366069999999967],[112.6735900000001,-7.366379999999948],[112.67311000000008,-7.36693999999992],[112.67277000000001,-7.36705999999999],[112.67183000000014,-7.367409999999994],[112.67128000000001,-7.367609999999933],[112.67096000000001,-7.367719999999975],[112.67075000000013,-7.367759999999999],[112.67034000000004,-7.367759999999999],[112.67010000000008,-7.367759999999999],[112.66973000000011,-7.367859999999924],[112.66917000000005,-7.36794999999991],[112.6688700000001,-7.367979999999905],[112.66843000000001,-7.368029999999957],[112.66832000000015,-7.368049999999924],[112.66812000000003,-7.3681099999999145],[112.66788000000007,-7.368229999999896],[112.66779000000008,-7.368309999999942],[112.66752000000004,-7.368539999999966],[112.66731000000007,-7.368739999999905],[112.66711000000014,-7.368899999999909],[112.66693000000008,-7.3691199999999935],[112.6668800000001,-7.369059999999914],[112.66686999999999,-7.368979999999956],[112.66686999999999,-7.368679999999914],[112.66686999999999,-7.36851999999991],[112.66685000000003,-7.367689999999891],[112.66651000000005,-7.367679999999952],[112.66635000000005,-7.367659999999985],[112.66623000000007,-7.36756999999991],[112.66613000000005,-7.367349999999915],[112.6660800000001,-7.367239999999962],[112.66601000000007,-7.367179999999971],[112.66593000000012,-7.367389999999938],[112.66583000000001,-7.367759999999999],[112.66578000000004,-7.368169999999994],[112.66571000000012,-7.368529999999938],[112.66566000000016,-7.368579999999989],[112.66550000000007,-7.36851999999991],[112.66524000000004,-7.368729999999966],[112.66512000000014,-7.3690199999999795],[112.66488000000001,-7.3696099999999465],[112.6648200000001,-7.370389999999913],[112.66474000000007,-7.370609999999909],[112.66465000000008,-7.371069999999955],[112.66455000000006,-7.371309999999918],[112.66423000000005,-7.37261999999995],[112.66436000000006,-7.372949999999987],[112.66407000000005,-7.373769999999977],[112.66401000000006,-7.374040000000024],[112.66398000000007,-7.374209999999968],[112.66379000000006,-7.374629999999991],[112.66375000000004,-7.374749999999972],[112.66353999999998,-7.374999999999963],[112.66347000000005,-7.375139999999911],[112.66336000000001,-7.3753799999999625],[112.66330000000002,-7.375639999999981],[112.66318000000004,-7.375919999999967],[112.66289000000002,-7.376289999999939],[112.66214000000005,-7.377649999999933],[112.66191000000003,-7.378049999999989],[112.66156000000002,-7.378139999999975],[112.66137000000002,-7.378189999999938],[112.66106000000005,-7.378169999999971],[112.66092,-7.378129999999947],[112.66080000000011,-7.378089999999924],[112.66057,-7.378099999999952],[112.66044000000008,-7.378139999999975],[112.66005000000006,-7.378439999999928],[112.65986000000005,-7.37867999999998],[112.65990000000008,-7.37873999999997],[112.65977000000007,-7.3789499999999375],[112.65963000000012,-7.379109999999942],[112.66081000000005,-7.37930999999997],[112.66143000000011,-7.379409999999984],[112.66267000000003,-7.379619999999951],[112.66278000000007,-7.3796399999999185],[112.66371000000001,-7.3797399999999325],[112.66443000000008,-7.379809999999951],[112.66469000000009,-7.379869999999942],[112.66496000000005,-7.379919999999993],[112.66516,-7.379959999999928],[112.66548000000009,-7.379999999999951],[112.66565000000004,-7.380019999999918],[112.66594000000005,-7.380049999999914],[112.6665600000001,-7.3801399999999],[112.66692000000005,-7.380219999999946],[112.6675700000001,-7.380349999999956],[112.66806000000004,-7.380459999999998],[112.66866999999998,-7.380589999999918],[112.66891000000012,-7.380649999999909],[112.66977000000004,-7.380839999999997],[112.66986000000011,-7.380859999999965],[112.67008000000011,-7.380879999999932],[112.67055,-7.380939999999923],[112.67081000000012,-7.380969999999918],[112.67151000000004,-7.3810399999999365],[112.67157000000012,-7.380799999999974],[112.67171000000006,-7.380249999999942],[112.67179000000012,-7.379899999999937],[112.67181000000008,-7.379819999999979],[112.67191000000001,-7.37930999999997],[112.67203000000008,-7.378859999999952],[112.67209000000007,-7.378799999999961],[112.67217000000002,-7.378769999999966],[112.67139000000006,-7.37595999999999],[112.67136000000006,-7.375739999999995],[112.67141000000002,-7.375389999999902],[112.67145999999998,-7.375089999999949],[112.67148000000013,-7.374999999999963],[112.67196000000006,-7.373469999999935],[112.6726100000001,-7.370829999999993],[112.67291000000014,-7.369859999999937],[112.67320000000007,-7.369559999999984],[112.67340000000002,-7.369489999999965],[112.6737200000001,-7.369479999999937],[112.67506000000004,-7.369679999999965],[112.67547000000005,-7.36964999999997],[112.67614999999999,-7.369389999999951],[112.67646000000006,-7.368779999999928],[112.67677999999998,-7.367689999999891],[112.67692000000011,-7.36629999999999]]]},"properties":{"KDPPUM":"","NAMOBJ":"Sambibulu","REMARK":"BATAS DESA SALAH","KDPBPS":"","FCODE":"BA03060060","LUASWH":0,"UUPP":"","SRS_ID":"SRGI 2013","LCODE":"","METADATA":"","KDEBPS":"","KDEPUM":"","KDCBPS":"","KDCPUM":"","KDBBPS":"","KDBPUM":"","WADMKD":"Sambibulu","WIADKD":"","WADMKC":"Taman","WIADKC":"","WADMKK":"Sidoarjo","WIADKK":"","WADMPR":"Jawa Timur","WIADPR":"","TIPADM":0,"SHAPE_Leng":0.05958141704,"SHAPE_Area":0.0001209902,"Luas":null,"NAMA_BLOK":"","KELOMPOK_T":"","NAMA_DESA":"","KARTU_TANI":"","KARTU_TA_1":"","PANEN_TAHU":"","PRODUKTIFI":"","POLA_TANAM":"","KOMODITI_2":"","KONDISI_IR":"","N_IRIGASI":"","ADA_TIDAK":"","ELEVASI":"","KEASAMAN_T":"","UNSUR_HARA":"","REKOMENDAS":"","BAPPEDA":"","KETERANGAN":"","IP":"","IRPOM":"","TglTnmPadi":"","TglPnnPadi":"","layer":"Admin_Desa","path":"C:/Users/bppta/Documents/ArcGIS/Kec. Taman/Kec. Taman/Kec. Taman/Admin_Desa.shp"}},
{"type":"Feature","geometry":{"type":"Polygon","coordinates":[[[112.64811000000006,-7.372109999999941],[112.64794000000002,-7.372099999999913],[112.64772000000002,-7.372149999999964],[112.64755,-7.372159999999992],[112.6472100000001,-7.372319999999908],[112.64665000000005,-7.3724899999999405],[112.64636000000003,-7.372629999999978],[112.64605000000005,-7.372719999999964],[112.64595000000013,-7.372759999999987],[112.64561000000006,-7.37286999999994],[112.64531000000011,-7.372969999999954],[112.64525000000003,-7.3729799999998935],[112.64508,-7.373029999999945],[112.64506000000003,-7.373119999999931],[112.64504000000015,-7.3731999999999775],[112.64460000000007,-7.3731799999999215],[112.64456000000004,-7.373279999999935],[112.64450000000015,-7.373539999999954],[112.64441000000006,-7.3738899999999585],[112.64426,-7.374519999999949],[112.64424000000012,-7.374619999999963],[112.6442000000001,-7.3747799999999675],[112.64415000000005,-7.374909999999977],[112.64405000000012,-7.374969999999967],[112.64399000000004,-7.374999999999963],[112.64387000000006,-7.375239999999925],[112.64362000000007,-7.376549999999957],[112.64349000000007,-7.377179999999948],[112.64341000000002,-7.377469999999962],[112.64336000000006,-7.37760999999991],[112.64302000000008,-7.377699999999985],[112.64295000000006,-7.377719999999952],[112.64255,-7.378979999999933],[112.64250999999999,-7.3790599999999795],[112.6423000000001,-7.379099999999914],[112.64171000000013,-7.379099999999914],[112.64093,-7.379089999999975],[112.64088000000002,-7.379450000000007],[112.64082000000003,-7.379839999999946],[112.64060000000005,-7.380869999999993],[112.64049000000009,-7.381380000000002],[112.6403,-7.382189999999964],[112.64006000000003,-7.383349999999931],[112.63999000000003,-7.383699999999935],[112.63997000000005,-7.38379000000001],[112.63993000000004,-7.383979999999921],[112.63889000000005,-7.384309999999958],[112.63794000000004,-7.385500000000009],[112.63778000000003,-7.385699999999948],[112.63774000000002,-7.38575],[112.63769000000005,-7.385959999999967],[112.63769000000005,-7.38606999999992],[112.63769000000005,-7.386219999999986],[112.63777000000002,-7.386469999999976],[112.63785000000006,-7.386749999999962],[112.63790000000002,-7.387029999999948],[112.63794000000004,-7.38726999999991],[112.63819000000004,-7.387809999999915],[112.63822000000003,-7.387869999999994],[112.63829000000014,-7.387919999999957],[112.63847000000011,-7.388059999999905],[112.63852000000007,-7.388089999999989],[112.6396400000001,-7.3879100000000175],[112.6406500000001,-7.387679999999905],[112.64106,-7.387620000000004],[112.64128000000008,-7.3875999999999475],[112.64158000000013,-7.387559999999924],[112.6418900000001,-7.387499999999934],[112.64261000000009,-7.38732999999999],[112.6436600000001,-7.387079999999999],[112.64379000000011,-7.387029999999948],[112.64385000000001,-7.386979999999896],[112.6438800000001,-7.386849999999976],[112.6438800000001,-7.386689999999971],[112.64391,-7.386589999999957],[112.64404,-7.386429999999953],[112.64419000000008,-7.385969999999906],[112.64427000000003,-7.3857099999999765],[112.64433000000011,-7.385569999999939],[112.64441000000006,-7.385500000000009],[112.64468000000012,-7.385419999999963],[112.64562,-7.385229999999963],[112.64604000000011,-7.385139999999977],[112.64624000000005,-7.385109999999981],[112.64638,-7.385089999999925],[112.64646000000005,-7.385049999999991],[112.64744000000005,-7.384569999999977],[112.64745000000006,-7.384409999999972],[112.64750000000004,-7.383819999999917],[112.64750999999997,-7.383739999999959],[112.64752000000009,-7.383679999999968],[112.6476500000001,-7.38284999999995],[112.64769000000003,-7.3827399999999965],[112.64772000000002,-7.382669999999978],[112.64783000000016,-7.382349999999969],[112.64808000000006,-7.381809999999964],[112.64824000000006,-7.381449999999932],[112.64885,-7.379929999999932],[112.64891000000007,-7.379769999999928],[112.64894000000007,-7.379709999999937],[112.64912000000004,-7.379299999999942],[112.64930000000001,-7.378889999999947],[112.64935000000007,-7.378779999999994],[112.64937000000012,-7.378719999999914],[112.64948000000008,-7.3784599999999845],[112.64962000000003,-7.378139999999975],[112.64969000000005,-7.377989999999999],[112.64988000000004,-7.377649999999933],[112.65002000000008,-7.377439999999966],[112.65017000000014,-7.377249999999966],[112.65024000000008,-7.377209999999943],[112.65029999999997,-7.377139999999924],[112.65042000000005,-7.377029999999971],[112.65072000000009,-7.375870000000004],[112.65076000000012,-7.37571],[112.65079000000001,-7.37558999999993],[112.65083999999999,-7.375460000000009],[112.65086000000004,-7.375389999999902],[112.65093000000006,-7.375210000000019],[112.6509800000001,-7.375069999999981],[112.65100000000008,-7.374999999999963],[112.65115000000006,-7.374519999999949],[112.6512300000001,-7.37419999999994],[112.65124999999998,-7.373919999999954],[112.65124000000004,-7.373669999999963],[112.65100000000008,-7.373659999999935],[112.6506900000001,-7.373579999999977],[112.65042999999999,-7.373549999999982],[112.65037000000008,-7.373539999999954],[112.65003000000002,-7.373509999999959],[112.64947000000005,-7.373459999999996],[112.64899000000004,-7.373449999999968],[112.64854000000001,-7.37343999999994],[112.64810000000011,-7.37324999999994],[112.64813000000002,-7.3729899999999216],[112.64812000000008,-7.37286999999994],[112.64811000000006,-7.372769999999926],[112.64807000000012,-7.372479999999912],[112.64811000000006,-7.372109999999941]]]},"properties":{"KDPPUM":"","NAMOBJ":"Sidodadi","REMARK":"","KDPBPS":"","FCODE":"BA03060060","LUASWH":0,"UUPP":"","SRS_ID":"SRGI 2013","LCODE":"","METADATA":"","KDEBPS":"","KDEPUM":"","KDCBPS":"","KDCPUM":"","KDBBPS":"","KDBPUM":"","WADMKD":"Sidodadi","WIADKD":"","WADMKC":"Taman","WIADKC":"","WADMKK":"Sidoarjo","WIADKK":"","WADMPR":"Jawa Timur","WIADPR":"","TIPADM":0,"SHAPE_Leng":0.04873368047,"SHAPE_Area":0.00010481945,"Luas":null,"NAMA_BLOK":"","KELOMPOK_T":"","NAMA_DESA":"","KARTU_TANI":"","KARTU_TA_1":"","PANEN_TAHU":"","PRODUKTIFI":"","POLA_TANAM":"","KOMODITI_2":"","KONDISI_IR":"","N_IRIGASI":"","ADA_TIDAK":"","ELEVASI":"","KEASAMAN_T":"","UNSUR_HARA":"","REKOMENDAS":"","BAPPEDA":"","KETERANGAN":"","IP":"","IRPOM":"","TglTnmPadi":"","TglPnnPadi":"","layer":"Admin_Desa","path":"C:/Users/bppta/Documents/ArcGIS/Kec. Taman/Kec. Taman/Kec. Taman/Admin_Desa.shp"}},
{"type":"Feature","geometry":{"type":"Polygon","coordinates":[[[112.65363142800003,-7.362041484999979],[112.65342219900003,-7.362178721999966],[112.65341980931372,-7.362178400358319],[112.65341942500007,-7.36217864999996],[112.65308340010887,-7.362133121099843],[112.65255615400005,-7.362062156000002],[112.65207131470885,-7.361829242878768],[112.65144341100009,-7.361528723000008],[112.65071862400006,-7.361194923000012],[112.65008892322312,-7.361114852600812],[112.64984091670816,-7.361083407838551],[112.64963907087379,-7.361114620913964],[112.64881300200014,-7.3612430079999935],[112.64786860100007,-7.361599264999983],[112.64689103,-7.361881813000002],[112.64620256102945,-7.3618403342854055],[112.64569084000009,-7.361809571999975],[112.64568983300009,-7.361809060999933],[112.6451415250002,-7.361531094000027],[112.64452234651722,-7.361272962466723],[112.64381893300002,-7.360981050999991],[112.64270647102343,-7.360813002809605],[112.64242243950673,-7.360923809943474],[112.64201559300011,-7.36108337900002],[112.64111095394568,-7.361905168582803],[112.64102164100011,-7.361986494999959],[112.64048760800016,-7.362620196999989],[112.63979293084978,-7.363096524995969],[112.63970141500012,-7.363159369999925],[112.63839835900005,-7.363642735999951],[112.63649913900011,-7.363764545999993],[112.63578930700008,-7.363805425999912],[112.63527808806322,-7.36399171499623],[112.6351012630001,-7.364056424999985],[112.63378136499995,-7.365037759000002],[112.63340159185164,-7.365455206336167],[112.6328234440001,-7.366094356999939],[112.63251914400006,-7.366349229999978],[112.63252000000013,-7.366349999999953],[112.63272000000006,-7.3665299999999245],[112.63288000000016,-7.366709999999985],[112.63320000000007,-7.36705999999999],[112.63347000000012,-7.367349999999915],[112.63363000000004,-7.3675299999999755],[112.63368,-7.3676299999999895],[112.63372000000003,-7.367889999999919],[112.63376999999998,-7.368359999999905],[112.63384000000009,-7.36907999999997],[112.63387000000009,-7.369279999999909],[112.63392000000015,-7.369439999999914],[112.63395000000004,-7.369989999999946],[112.6339700000001,-7.370369999999946],[112.6339700000001,-7.370569999999974],[112.63421000000007,-7.370589999999941],[112.6343200000001,-7.370609999999909],[112.63466000000008,-7.370710000000011],[112.63497000000007,-7.370809999999937],[112.63545000000008,-7.3710099999999645],[112.6358100000001,-7.371139999999974],[112.63592000000007,-7.371049999999988],[112.63601999999999,-7.3710099999999645],[112.63614000000005,-7.371019999999904],[112.63646000000007,-7.37110999999989],[112.63755000000002,-7.3715999999999315],[112.63774000000002,-7.371739999999969],[112.63789000000008,-7.3717999999999595],[112.63795000000007,-7.371459999999983],[112.6379900000001,-7.371090000000011],[112.63803000000003,-7.370689999999955],[112.63809000000002,-7.370619999999937],[112.63836000000006,-7.3705099999999835],[112.63850000000002,-7.3704199999999975],[112.63861000000006,-7.370189999999974],[112.63869000000011,-7.36964999999997],[112.6387800000001,-7.3695199999999605],[112.63896000000015,-7.369359999999956],[112.63913000000001,-7.36926999999997],[112.63950000000015,-7.369229999999947],[112.63989000000001,-7.369199999999951],[112.64138000000001,-7.369179999999984],[112.64156000000007,-7.369139999999961],[112.64240000000002,-7.3689199999999655],[112.64248000000008,-7.3689199999999655],[112.6425800000001,-7.3690199999999795],[112.64266000000013,-7.3691199999999935],[112.64268000000001,-7.3695099999999325],[112.6426500000001,-7.370019999999942],[112.64253000000004,-7.371019999999904],[112.64248000000008,-7.3710999999999505],[112.64234000000013,-7.371159999999941],[112.6423000000001,-7.371469999999922],[112.64223000000008,-7.372149999999964],[112.6423000000001,-7.372179999999959],[112.64255,-7.372229999999922],[112.64279000000015,-7.372299999999941],[112.64273000000007,-7.372609999999922],[112.64270000000008,-7.372919999999992],[112.64288000000013,-7.372849999999973],[112.64302000000008,-7.37280999999995],[112.64314000000006,-7.372779999999954],[112.64339000000005,-7.372709999999936],[112.64341000000002,-7.372830000000006],[112.64336999999999,-7.373259999999968],[112.64372,-7.373359999999893],[112.64390000000006,-7.373399999999917],[112.6441400000001,-7.373459999999996],[112.64441000000006,-7.373529999999926],[112.64450000000015,-7.373539999999954],[112.64456000000004,-7.373279999999935],[112.64460000000007,-7.3731799999999215],[112.64504000000015,-7.3731999999999775],[112.64506000000003,-7.373119999999931],[112.64508,-7.373029999999945],[112.64525000000003,-7.3729799999998935],[112.64531000000011,-7.372969999999954],[112.64561000000006,-7.37286999999994],[112.64595000000013,-7.372759999999987],[112.64605000000005,-7.372719999999964],[112.64636000000003,-7.372629999999978],[112.64665000000005,-7.3724899999999405],[112.6472100000001,-7.372319999999908],[112.64755,-7.372159999999992],[112.64772000000002,-7.372149999999964],[112.64794000000002,-7.372099999999913],[112.64811000000006,-7.372109999999941],[112.6481600000001,-7.371929999999969],[112.64822000000001,-7.371889999999945],[112.6485,-7.3719999999999875],[112.64862000000007,-7.37204999999995],[112.6487300000001,-7.372019999999955],[112.64901000000009,-7.371749999999997],[112.64906000000005,-7.371679999999978],[112.64915000000003,-7.371559999999908],[112.64924000000012,-7.371349999999941],[112.64926,-7.371139999999974],[112.64918000000013,-7.370929999999918],[112.64915000000003,-7.370869999999927],[112.64908000000003,-7.370719999999951],[112.64916000000007,-7.369809999999974],[112.64920000000009,-7.369250000000003],[112.64930000000001,-7.368870000000003],[112.64941000000015,-7.368859999999886],[112.64961000000008,-7.368729999999966],[112.64978000000012,-7.368559999999933],[112.64995000000006,-7.36813999999991],[112.65005000000008,-7.367899999999947],[112.65024000000008,-7.367589999999966],[112.65032000000012,-7.367510000000008],[112.65041000000011,-7.367479999999924],[112.65053000000009,-7.36749999999998],[112.65086000000004,-7.367779999999966],[112.6510400000001,-7.367939999999971],[112.65146000000003,-7.368039999999985],[112.65157000000008,-7.368069999999891],[112.6518000000001,-7.3681199999999425],[112.65190000000011,-7.368159999999966],[112.65197000000005,-7.368189999999961],[112.65226000000006,-7.368460000000008],[112.65235000000004,-7.368539999999966],[112.65245000000006,-7.368569999999961],[112.65266000000011,-7.36850999999997],[112.6529700000001,-7.3683299999999985],[112.65314000000004,-7.368229999999896],[112.6532900000001,-7.368199999999989],[112.65353000000006,-7.3682199999999565],[112.65383000000011,-7.368349999999966],[112.65400000000014,-7.368409999999956],[112.65412999999997,-7.368460000000008],[112.65434000000003,-7.368369999999933],[112.65453000000002,-7.368289999999975],[112.6546800000001,-7.368279999999947],[112.65482000000013,-7.3683199999999704],[112.65499000000007,-7.368359999999905],[112.65530000000005,-7.368539999999966],[112.65539000000004,-7.368549999999994],[112.6557600000001,-7.368429999999924],[112.65643000000011,-7.368159999999966],[112.65691000000004,-7.367969999999966],[112.6572500000001,-7.367789999999994],[112.65733000000016,-7.367699999999919],[112.65739000000005,-7.36749999999998],[112.65736000000005,-7.367339999999976],[112.65709000000001,-7.366880000000018],[112.65700000000002,-7.366599999999943],[112.65709000000001,-7.366439999999939],[112.65726000000005,-7.366399999999915],[112.65761000000005,-7.366429999999999],[112.65788000000009,-7.366500000000018],[112.65828000000006,-7.366590000000004],[112.65846000000012,-7.366539999999953],[112.6589600000001,-7.366279999999934],[112.65928000000011,-7.366119999999929],[112.65957999999998,-7.366119999999929],[112.66004000000011,-7.366319999999957],[112.66026000000011,-7.366379999999948],[112.6600000000001,-7.366149999999925],[112.65982000000012,-7.365960000000014],[112.65964000000005,-7.36567],[112.65945000000015,-7.365119999999967],[112.65929999999999,-7.364659999999921],[112.65916000000004,-7.36434],[112.6588300000001,-7.364019999999902],[112.65849000000003,-7.363929999999916],[112.65773000000003,-7.363869999999926],[112.65702000000009,-7.3637599999999725],[112.65679000000014,-7.363539999999977],[112.65647000000006,-7.363569999999973],[112.65574000000005,-7.363529999999949],[112.65580000000013,-7.363329999999921],[112.65581000000006,-7.363269999999931],[112.65570000000002,-7.3631700000000055],[112.6552200000001,-7.362989999999945],[112.6550000000001,-7.3629499999999215],[112.65461000000008,-7.362879999999992],[112.65454000000014,-7.362869999999964],[112.65439000000008,-7.362779999999889],[112.65412999999997,-7.3625599999999825],[112.65363142800003,-7.362041484999979]]]},"properties":{"KDPPUM":"","NAMOBJ":"Tanjungsari","REMARK":"","KDPBPS":"","FCODE":"BA03060060","LUASWH":0,"UUPP":"","SRS_ID":"SRGI 2013","LCODE":"","METADATA":"","KDEBPS":"","KDEPUM":"","KDCBPS":"","KDCPUM":"","KDBBPS":"","KDBPUM":"","WADMKD":"Tanjungsari","WIADKD":"","WADMKC":"Taman","WIADKC":"","WADMKK":"Sidoarjo","WIADKK":"","WADMPR":"Jawa Timur","WIADPR":"","TIPADM":0,"SHAPE_Leng":0.07754942901,"SHAPE_Area":0.00019047339,"Luas":null,"NAMA_BLOK":"","KELOMPOK_T":"","NAMA_DESA":"","KARTU_TANI":"","KARTU_TA_1":"","PANEN_TAHU":"","PRODUKTIFI":"","POLA_TANAM":"","KOMODITI_2":"","KONDISI_IR":"","N_IRIGASI":"","ADA_TIDAK":"","ELEVASI":"","KEASAMAN_T":"","UNSUR_HARA":"","REKOMENDAS":"","BAPPEDA":"","KETERANGAN":"","IP":"","IRPOM":"","TglTnmPadi":"","TglPnnPadi":"","layer":"Admin_Desa","path":"C:/Users/bppta/Documents/ArcGIS/Kec. Taman/Kec. Taman/Kec. Taman/Admin_Desa.shp"}},
{"type":"Feature","geometry":{"type":"Polygon","coordinates":[[[112.68664405134761,-7.352269999999992],[112.68643405134756,-7.352180000000006],[112.68627405134747,-7.3521199999999265],[112.68612405134758,-7.351919999999987],[112.68600405134751,-7.35139999999995],[112.68593405134757,-7.35101999999995],[112.68589405134756,-7.3508299999999505],[112.68588405134761,-7.35076999999996],[112.68522405134755,-7.350259999999951],[112.68399405134755,-7.349680000000012],[112.68366405134752,-7.349489999999923],[112.68349405134758,-7.3493399999999465],[112.68314405134757,-7.34918999999997],[112.6830240513475,-7.349149999999947],[112.6828040513475,-7.349079999999928],[112.68271405134752,-7.349019999999937],[112.6825840513475,-7.348859999999933],[112.6824840513475,-7.3487499999999795],[112.68176583734748,-7.348141512999993],[112.68176428334753,-7.348142466999983],[112.68107003634748,-7.348562565999925],[112.68000953834756,-7.349457577999905],[112.67927713434754,-7.349887686999965],[112.67927386234754,-7.349889611999947],[112.67835397734754,-7.350430811999962],[112.67772835134755,-7.350642045999942],[112.67646186634748,-7.351013034999907],[112.67479866534754,-7.3513067709999635],[112.67326513934758,-7.3514035379999765],[112.67182336234748,-7.351363983999901],[112.67159405134751,-7.352689999999926],[112.67139405134758,-7.353369999999968],[112.67125405134753,-7.354129999999968],[112.67104405134756,-7.355029999999916],[112.67096405134753,-7.355380000000009],[112.67093405134761,-7.355489999999962],[112.67070405134758,-7.35663999999999],[112.67060405134748,-7.357049999999985],[112.67053405134756,-7.357359999999966],[112.67052405134761,-7.357429999999985],[112.6704840513476,-7.357519999999971],[112.67047405134757,-7.357589999999989],[112.67093405134761,-7.357659999999919],[112.67181405134751,-7.357569999999933],[112.67295405134759,-7.357319999999943],[112.67342405134758,-7.3571999999999615],[112.67356405134753,-7.3572899999999475],[112.67359405134752,-7.35764999999998],[112.67359405134752,-7.357880000000003],[112.67360405134755,-7.3581599999999],[112.67361405134749,-7.358449999999914],[112.6736240513476,-7.358939999999956],[112.6736240513476,-7.359249999999937],[112.67363405134755,-7.359319999999956],[112.67363405134755,-7.35941999999997],[112.67418405134758,-7.359149999999923],[112.6746940513475,-7.358899999999933],[112.67519405134748,-7.35865999999997],[112.67540405134754,-7.358559999999956],[112.6754540513475,-7.358529999999961],[112.67636405134748,-7.358039999999919],[112.67705405134754,-7.357689999999915],[112.67774405134753,-7.357359999999966],[112.67848405134747,-7.356979999999966],[112.67896405134758,-7.356719999999948],[112.67999405134753,-7.356209999999939],[112.68008405134752,-7.356149999999948],[112.68014405134751,-7.356119999999953],[112.68019405134747,-7.356089999999957],[112.68038405134756,-7.356119999999953],[112.68082405134746,-7.356089999999957],[112.68137405134758,-7.355979999999915],[112.6822640513475,-7.3558099999999715],[112.6823640513476,-7.356059999999962],[112.68245405134759,-7.356069999999901],[112.68265405134753,-7.356059999999962],[112.68275405134754,-7.356089999999957],[112.6828040513475,-7.356289999999985],[112.68285405134746,-7.356539999999976],[112.6831840513476,-7.356479999999985],[112.68385405134761,-7.3563999999999385],[112.68433405134753,-7.356349999999976],[112.68435405134758,-7.355969999999976],[112.68500405134755,-7.35587999999999],[112.68533405134758,-7.355739999999953],[112.68569405134761,-7.35549999999999],[112.68573405134747,-7.355369999999981],[112.68580405134757,-7.35436999999993],[112.6858140513475,-7.353089999999982],[112.68629405134752,-7.35259999999994],[112.68664405134761,-7.352269999999992]]]},"properties":{"KDPPUM":"","NAMOBJ":"Tawangsari","REMARK":"","KDPBPS":"","FCODE":"BA03060060","LUASWH":0,"UUPP":"","SRS_ID":"SRGI 2013","LCODE":"","METADATA":"","KDEBPS":"","KDEPUM":"","KDCBPS":"","KDCPUM":"","KDBBPS":"","KDBPUM":"","WADMKD":"Tawangsari","WIADKD":"","WADMKC":"Taman","WIADKC":"","WADMKK":"Sidoarjo","WIADKK":"","WADMPR":"Jawa Timur","WIADPR":"","TIPADM":0,"SHAPE_Leng":0.04670650096,"SHAPE_Area":0.00010015347,"Luas":null,"NAMA_BLOK":"","KELOMPOK_T":"","NAMA_DESA":"","KARTU_TANI":"","KARTU_TA_1":"","PANEN_TAHU":"","PRODUKTIFI":"","POLA_TANAM":"","KOMODITI_2":"","KONDISI_IR":"","N_IRIGASI":"","ADA_TIDAK":"","ELEVASI":"","KEASAMAN_T":"","UNSUR_HARA":"","REKOMENDAS":"","BAPPEDA":"","KETERANGAN":"","IP":"","IRPOM":"","TglTnmPadi":"","TglPnnPadi":"","layer":"Admin_Desa","path":"C:/Users/bppta/Documents/ArcGIS/Kec. Taman/Kec. Taman/Kec. Taman/Admin_Desa.shp"}},
{"type":"Feature","geometry":{"type":"Polygon","coordinates":[[[112.64449286161714,-7.373539999999954],[112.64440286161705,-7.373529999999926],[112.6441328616171,-7.373459999999996],[112.64389286161705,-7.373399999999917],[112.64371286161699,-7.373359999999893],[112.64336286161698,-7.373259999999968],[112.643402861617,-7.372830000000006],[112.64338286161704,-7.372709999999936],[112.64313286161705,-7.372779999999954],[112.64301286161707,-7.37280999999995],[112.64287286161712,-7.372849999999973],[112.64269286161706,-7.372919999999992],[112.64272286161706,-7.372609999999922],[112.64278286161714,-7.372299999999941],[112.64254286161699,-7.372229999999922],[112.6422928616171,-7.372179999999959],[112.64222286161707,-7.372149999999964],[112.6422928616171,-7.371469999999922],[112.64233286161712,-7.371159999999941],[112.64247286161707,-7.3710999999999505],[112.64252286161702,-7.371019999999904],[112.64264286161709,-7.370019999999942],[112.642672861617,-7.3695099999999325],[112.64265286161712,-7.3691199999999935],[112.64257286161708,-7.3690199999999795],[112.64247286161707,-7.3689199999999655],[112.64239286161701,-7.3689199999999655],[112.64155286161706,-7.369139999999961],[112.641372861617,-7.369179999999984],[112.639882861617,-7.369199999999951],[112.63949286161714,-7.369229999999947],[112.639122861617,-7.36926999999997],[112.63895286161714,-7.369359999999956],[112.63877286161708,-7.3695199999999605],[112.6386828616171,-7.36964999999997],[112.63860286161704,-7.370189999999974],[112.63849286161701,-7.3704199999999975],[112.63835286161705,-7.3705099999999835],[112.63808286161701,-7.370619999999937],[112.63802286161702,-7.370689999999955],[112.63798286161709,-7.371090000000011],[112.63794286161706,-7.371459999999983],[112.63788286161707,-7.3717999999999595],[112.63773286161701,-7.371739999999969],[112.637542861617,-7.3715999999999315],[112.63645286161706,-7.37110999999989],[112.63613286161704,-7.371019999999904],[112.63601286161698,-7.3710099999999645],[112.63591286161706,-7.371049999999988],[112.6358028616171,-7.371139999999974],[112.63544286161707,-7.3710099999999645],[112.63496286161705,-7.370809999999937],[112.63465286161707,-7.370710000000011],[112.63431286161709,-7.370609999999909],[112.63420286161706,-7.370589999999941],[112.63396286161709,-7.370569999999974],[112.63356286161704,-7.370580000000002],[112.63341286161715,-7.370649999999932],[112.63329286161708,-7.370769999999913],[112.6329828616171,-7.371139999999974],[112.63272286161698,-7.371549999999969],[112.63258286161704,-7.3717999999999595],[112.63241286161701,-7.372069999999917],[112.63158286161708,-7.372009999999927],[112.63116286161714,-7.371969999999992],[112.63096286161702,-7.371949999999936],[112.63020286161702,-7.371819999999927],[112.62970286161705,-7.371769999999964],[112.62931286161702,-7.371759999999936],[112.62927286161708,-7.371880000000006],[112.62930286161699,-7.372089999999973],[112.62931286161702,-7.372420000000011],[112.62926286161697,-7.372639999999917],[112.62922286161704,-7.372909999999964],[112.62919286161704,-7.37324999999994],[112.629212861617,-7.373419999999973],[112.6291528616171,-7.37381999999994],[112.629082861617,-7.374139999999949],[112.62905286161708,-7.37463999999993],[112.62888286161706,-7.374999999999963],[112.628802861617,-7.375099999999977],[112.62871286161702,-7.375229999999897],[112.628672861617,-7.3752799999999485],[112.62849286161703,-7.375339999999939],[112.62839286161702,-7.37533],[112.62800286161699,-7.375319999999972],[112.62771286161706,-7.375309999999944],[112.62730286161707,-7.375309999999944],[112.62730286161707,-7.375789999999958],[112.62723286161705,-7.375979999999958],[112.62699286161708,-7.376459999999971],[112.62678286161703,-7.376699999999934],[112.62639286161709,-7.376939999999896],[112.62602286161703,-7.377049999999938],[112.625062861617,-7.377319999999985],[112.62499286161707,-7.37734999999998],[112.62499286161707,-7.3774599999999335],[112.62502286161707,-7.379199999999928],[112.625032861617,-7.379359999999933],[112.625032861617,-7.379489999999942],[112.62558286161713,-7.379889999999909],[112.6258228616171,-7.380019999999918],[112.62685286161705,-7.380589999999918],[112.62730286161707,-7.380839999999997],[112.62739286161705,-7.380910000000016],[112.6274728616171,-7.380969999999918],[112.62799286161705,-7.381349999999918],[112.628262861617,-7.381569999999913],[112.62829286161708,-7.381399999999969],[112.62833286161711,-7.381109999999955],[112.62841286161698,-7.380629999999941],[112.62847286161706,-7.380620000000002],[112.62851286161708,-7.380409999999946],[112.62852286161703,-7.380349999999956],[112.62858286161702,-7.380039999999974],[112.62859286161695,-7.379909999999965],[112.62860286161707,-7.379809999999951],[112.6286128616171,-7.379699999999998],[112.62903286161703,-7.379369999999961],[112.62941286161713,-7.379139999999937],[112.63001286161703,-7.378769999999966],[112.630252861617,-7.378629999999928],[112.6304528616171,-7.378519999999975],[112.63071286161713,-7.378409999999933],[112.63106286161704,-7.378340000000003],[112.63117286161709,-7.3783599999999705],[112.63125286161713,-7.378449999999956],[112.63132286161706,-7.378439999999928],[112.63159286161702,-7.378399999999905],[112.631872861617,-7.3783599999999705],[112.63195286161705,-7.3783699999999985],[112.63201286161704,-7.3783699999999985],[112.63202286161707,-7.378269999999896],[112.63208286161706,-7.378069999999957],[112.63218286161698,-7.37791999999998],[112.63245286161703,-7.377529999999952],[112.63253286161708,-7.37734999999998],[112.63256286161707,-7.377179999999948],[112.63366286161705,-7.376639999999943],[112.63403286161702,-7.376449999999943],[112.63427286161708,-7.376299999999967],[112.63465286161707,-7.3761699999999575],[112.63462286161699,-7.376639999999943],[112.63459286161708,-7.377249999999966],[112.63457286161703,-7.3775499999999195],[112.63457286161703,-7.377679999999929],[112.63456286161708,-7.377849999999961],[112.63455286161705,-7.377979999999971],[112.634532861617,-7.378229999999961],[112.63452286161706,-7.3783699999999985],[112.63458286161715,-7.378439999999928],[112.63500286161708,-7.378759999999938],[112.63552286161702,-7.378829999999956],[112.63664286161706,-7.379069999999919],[112.63672286161702,-7.379079999999947],[112.63683286161697,-7.379099999999914],[112.63706286161708,-7.378979999999933],[112.63728286161698,-7.378910000000003],[112.63771286161703,-7.3789499999999375],[112.63949286161714,-7.379089999999975],[112.63990286161705,-7.379079999999947],[112.64026286161709,-7.379079999999947],[112.64092286161699,-7.379089999999975],[112.64170286161712,-7.379099999999914],[112.6422928616171,-7.379099999999914],[112.64250286161698,-7.3790599999999795],[112.64254286161699,-7.378979999999933],[112.64294286161704,-7.377719999999952],[112.64301286161707,-7.377699999999985],[112.64335286161705,-7.37760999999991],[112.643402861617,-7.377469999999962],[112.64348286161706,-7.377179999999948],[112.64361286161706,-7.376549999999957],[112.64386286161705,-7.375239999999925],[112.64398286161703,-7.374999999999963],[112.64404286161711,-7.374969999999967],[112.64414286161704,-7.374909999999977],[112.64419286161709,-7.3747799999999675],[112.64423286161711,-7.374619999999963],[112.64425286161699,-7.374519999999949],[112.64440286161705,-7.3738899999999585],[112.64449286161714,-7.373539999999954]]]},"properties":{"KDPPUM":"","NAMOBJ":"Trosobo","REMARK":"","KDPBPS":"","FCODE":"BA03060060","LUASWH":0,"UUPP":"","SRS_ID":"SRGI 2013","LCODE":"","METADATA":"","KDEBPS":"","KDEPUM":"","KDCBPS":"","KDCPUM":"","KDBBPS":"","KDBPUM":"","WADMKD":"Trosobo","WIADKD":"","WADMKC":"Taman","WIADKC":"","WADMKK":"Sidoarjo","WIADKK":"","WADMPR":"Jawa Timur","WIADPR":"","TIPADM":0,"SHAPE_Leng":0.06363561235,"SHAPE_Area":0.00012856375,"Luas":null,"NAMA_BLOK":"","KELOMPOK_T":"","NAMA_DESA":"","KARTU_TANI":"","KARTU_TA_1":"","PANEN_TAHU":"","PRODUKTIFI":"","POLA_TANAM":"","KOMODITI_2":"","KONDISI_IR":"","N_IRIGASI":"","ADA_TIDAK":"","ELEVASI":"","KEASAMAN_T":"","UNSUR_HARA":"","REKOMENDAS":"","BAPPEDA":"","KETERANGAN":"","IP":"","IRPOM":"","TglTnmPadi":"","TglPnnPadi":"","layer":"Admin_Desa","path":"C:/Users/bppta/Documents/ArcGIS/Kec. Taman/Kec. Taman/Kec. Taman/Admin_Desa.shp"}},
{"type":"Feature","geometry":{"type":"Polygon","coordinates":[[[112.71334000000002,-7.37558999999993],[112.71354000000004,-7.375479999999888],[112.71367000000005,-7.375419999999986],[112.71379000000003,-7.375349999999967],[112.71383000000006,-7.375259999999981],[112.71386000000005,-7.374999999999963],[112.71387000000009,-7.374909999999977],[112.71391000000001,-7.374629999999991],[112.7139400000001,-7.374469999999986],[112.71404000000011,-7.373919999999954],[112.7140700000001,-7.3737799999999165],[112.71409000000007,-7.373539999999954],[112.71414999999998,-7.373259999999968],[112.71414000000004,-7.373109999999903],[112.71429000000002,-7.372719999999964],[112.71438,-7.372349999999903],[112.71441000000009,-7.3721899999998985],[112.71444000000008,-7.371979999999931],[112.71445000000001,-7.371839999999983],[112.71446999999999,-7.371539999999941],[112.71448000000011,-7.371259999999955],[112.71450000000007,-7.370819999999965],[112.71453000000007,-7.370460000000021],[112.71455000000003,-7.370349999999979],[112.71455999999998,-7.370229999999909],[112.71459999999999,-7.369909999999988],[112.71463000000008,-7.369659999999998],[112.71466000000008,-7.36945999999997],[112.7147000000001,-7.369299999999965],[112.71473,-7.369229999999947],[112.71478000000006,-7.3691499999999],[112.71488000000006,-7.369029999999919],[112.71504000000007,-7.368849999999947],[112.71519000000005,-7.368689999999942],[112.71545000000008,-7.368399999999928],[112.71576000000005,-7.368059999999952],[112.71598000000004,-7.367799999999933],[112.71624000000007,-7.367459999999957],[112.71635000000002,-7.36730999999998],[112.71662000000006,-7.366949999999948],[112.71678000000007,-7.3667399999999805],[112.71696000000013,-7.366500000000018],[112.71716000000006,-7.366229999999971],[112.71739000000001,-7.3659399999999575],[112.71765000000002,-7.365619999999948],[112.7175800000001,-7.36554999999993],[112.71751000000008,-7.365499999999967],[112.71746000000012,-7.365459999999944],[112.71740000000013,-7.365409999999981],[112.71734000000004,-7.36535999999993],[112.71728000000004,-7.365319999999906],[112.71723000000009,-7.365279999999972],[112.71716000000006,-7.3652299999999205],[112.71709000000014,-7.365179999999958],[112.71702000000003,-7.365129999999995],[112.71693999999998,-7.365079999999944],[112.71686000000011,-7.365019999999953],[112.71677000000012,-7.364969999999991],[112.71668000000014,-7.364909999999911],[112.71659000000007,-7.364859999999949],[112.71650000000008,-7.364799999999958],[112.71639999999998,-7.3647499999999955],[112.71631,-7.364689999999916],[112.71622,-7.3646399999999534],[112.71614000000014,-7.36459999999993],[112.7160600000001,-7.3645499999999675],[112.71598000000004,-7.364509999999944],[112.71591000000002,-7.364479999999949],[112.7158400000001,-7.3644399999999255],[112.71576999999999,-7.36440999999993],[112.71570000000006,-7.364379999999935],[112.71563999999998,-7.3643499999999396],[112.71557000000006,-7.364319999999944],[112.71550000000003,-7.364299999999977],[112.71544000000004,-7.364269999999982],[112.71537000000002,-7.364250000000014],[112.71531000000003,-7.36421999999993],[112.71525000000004,-7.364199999999963],[112.71519000000005,-7.364179999999996],[112.7151100000001,-7.364139999999972],[112.71500999999999,-7.364099999999949],[112.71494000000006,-7.364069999999954],[112.71488000000006,-7.36402999999993],[112.71480000000011,-7.36396999999994],[112.71471000000012,-7.363899999999921],[112.71463000000008,-7.36383999999993],[112.71458000000003,-7.363799999999996],[112.71452000000012,-7.3637399999999165],[112.71445000000001,-7.363689999999954],[112.71438,-7.363629999999963],[112.71430000000014,-7.363559999999945],[112.71421000000005,-7.363489999999926],[112.71412000000007,-7.363419999999996],[112.71403000000008,-7.363339999999949],[112.71392999999998,-7.363269999999931],[112.71383999999999,-7.363189999999973],[112.71367000000005,-7.362929999999954],[112.71327000000008,-7.363109999999926],[112.71290000000012,-7.363309999999954],[112.71246000000012,-7.363539999999977],[112.71219000000008,-7.36371000000001],[112.71174000000006,-7.364039999999958],[112.71142000000005,-7.364250000000014],[112.7112800000001,-7.36434],[112.71072000000004,-7.364729999999939],[112.71045000000008,-7.362439999999912],[112.70967000000012,-7.360739999999941],[112.70871000000008,-7.360829999999927],[112.70829000000006,-7.3608699999999505],[112.7071000000001,-7.36099999999996],[112.70702000000006,-7.361009999999988],[112.70669000000011,-7.361019999999927],[112.7063400000001,-7.361029999999955],[112.70625000000003,-7.361029999999955],[112.70539000000011,-7.361099999999974],[112.70449000000006,-7.361169999999992],[112.70418000000008,-7.361199999999899],[112.70367000000007,-7.361229999999983],[112.70363000000005,-7.361609999999894],[112.70361,-7.361779999999927],[112.70360000000005,-7.361949999999959],[112.70347999999998,-7.36276000000001],[112.70337000000004,-7.363029999999968],[112.70328000000005,-7.363269999999931],[112.7032700000001,-7.363529999999949],[112.70324000000002,-7.363789999999968],[112.70316000000007,-7.364079999999982],[112.70303000000006,-7.364309999999916],[112.70257000000001,-7.364999999999986],[112.70239999999998,-7.365299999999939],[112.70228000000009,-7.365499999999967],[112.70223000000013,-7.365659999999972],[112.7021900000001,-7.365899999999934],[112.70216000000002,-7.366059999999939],[112.70212000000008,-7.36629999999999],[112.70205000000006,-7.366429999999999],[112.70283000000003,-7.36667999999999],[112.70345000000007,-7.366979999999943],[112.70353000000013,-7.36693999999992],[112.70366000000004,-7.366919999999952],[112.70380000000009,-7.366959999999976],[112.70398000000014,-7.367069999999929],[112.70427000000007,-7.367209999999966],[112.70459000000008,-7.3673299999999475],[112.70471000000006,-7.367349999999915],[112.70485000000009,-7.367369999999971],[112.70497000000007,-7.367359999999943],[112.70518000000004,-7.367279999999896],[112.70529000000009,-7.367389999999938],[112.70540000000004,-7.3675199999999474],[112.70530000000012,-7.368659999999947],[112.7050400000001,-7.369639999999942],[112.70471000000006,-7.371149999999913],[112.70456,-7.372349999999903],[112.70453000000009,-7.37261999999995],[112.70462000000008,-7.372779999999954],[112.7049800000001,-7.373019999999917],[112.70514000000003,-7.373219999999945],[112.70500000000007,-7.373479999999963],[112.70470000000012,-7.3742900000000144],[112.70455000000005,-7.374999999999963],[112.70432000000004,-7.377599999999971],[112.70457000000012,-7.3775599999999475],[112.70482000000001,-7.377519999999924],[112.70518999999999,-7.377509999999985],[112.70527000000003,-7.377509999999985],[112.70563000000007,-7.377439999999966],[112.70588000000005,-7.377529999999952],[112.70609000000002,-7.37753999999998],[112.70618,-7.3775499999999195],[112.7063400000001,-7.377629999999966],[112.7064,-7.377649999999933],[112.70660000000012,-7.377719999999952],[112.70892000000005,-7.37760999999991],[112.70962000000006,-7.3775699999999755],[112.70981000000006,-7.377580000000004],[112.70995,-7.377589999999943],[112.71009999999998,-7.377580000000004],[112.71047000000014,-7.3776599999999615],[112.71059000000002,-7.377689999999957],[112.71093000000009,-7.377769999999915],[112.71111000000006,-7.377779999999943],[112.71121000000008,-7.377789999999971],[112.71165000000008,-7.377710000000013],[112.71205000000013,-7.377589999999943],[112.71224000000004,-7.377499999999957],[112.71237000000005,-7.377439999999966],[112.71252000000003,-7.377439999999966],[112.71267000000009,-7.377499999999957],[112.71274000000003,-7.377330000000013],[112.71286000000009,-7.377129999999985],[112.71301000000007,-7.376790000000009],[112.71310000000005,-7.376439999999915],[112.71308000000009,-7.376309999999906],[112.71317000000008,-7.3760699999999435],[112.71317000000008,-7.375939999999934],[112.7131800000001,-7.37571],[112.71323000000007,-7.37558999999993],[112.71334000000002,-7.37558999999993]]]},"properties":{"KDPPUM":"","NAMOBJ":"Wage","REMARK":"BATAS TIMUR LAUT SALAH","KDPBPS":"","FCODE":"BA03060060","LUASWH":0,"UUPP":"","SRS_ID":"SRGI 2013","LCODE":"","METADATA":"","KDEBPS":"","KDEPUM":"","KDCBPS":"","KDCPUM":"","KDBBPS":"","KDBPUM":"","WADMKD":"Wage","WIADKD":"","WADMKC":"Taman","WIADKC":"","WADMKK":"Sidoarjo","WIADKK":"","WADMPR":"Jawa Timur","WIADPR":"","TIPADM":0,"SHAPE_Leng":0.06034139124,"SHAPE_Area":0.00016557775,"Luas":null,"NAMA_BLOK":"","KELOMPOK_T":"","NAMA_DESA":"","KARTU_TANI":"","KARTU_TA_1":"","PANEN_TAHU":"","PRODUKTIFI":"","POLA_TANAM":"","KOMODITI_2":"","KONDISI_IR":"","N_IRIGASI":"","ADA_TIDAK":"","ELEVASI":"","KEASAMAN_T":"","UNSUR_HARA":"","REKOMENDAS":"","BAPPEDA":"","KETERANGAN":"","IP":"","IRPOM":"","TglTnmPadi":"","TglPnnPadi":"","layer":"Admin_Desa","path":"C:/Users/bppta/Documents/ArcGIS/Kec. Taman/Kec. Taman/Kec. Taman/Admin_Desa.shp"}},
{"type":"Feature","geometry":{"type":"MultiPolygon","coordinates":[[[[112.64386791874988,-7.386895819685145],[112.64387901743518,-7.386841973459745],[112.64387946299958,-7.3867668336472025],[112.64386791874988,-7.386895819685145]]],[[[112.64386791874988,-7.386895819685145],[112.64386516182026,-7.386909194855485],[112.64386700516323,-7.386906022925136],[112.64386791874988,-7.386895819685145]]]]},"properties":{"KDPPUM":"","NAMOBJ":"","REMARK":"","KDPBPS":"","FCODE":"","LUASWH":null,"UUPP":"","SRS_ID":"","LCODE":"","METADATA":"","KDEBPS":"","KDEPUM":"","KDCBPS":"","KDCPUM":"","KDBBPS":"","KDBPUM":"","WADMKD":"","WIADKD":"","WADMKC":"Taman","WIADKC":"","WADMKK":"","WIADKK":"","WADMPR":"","WIADPR":"","TIPADM":null,"SHAPE_Leng":null,"SHAPE_Area":null,"Luas":0.00050417875,"NAMA_BLOK":"","KELOMPOK_T":"","NAMA_DESA":"","KARTU_TANI":"","KARTU_TA_1":"","PANEN_TAHU":"","PRODUKTIFI":"","POLA_TANAM":"","KOMODITI_2":"","KONDISI_IR":"","N_IRIGASI":"","ADA_TIDAK":"","ELEVASI":"","KEASAMAN_T":"","UNSUR_HARA":"","REKOMENDAS":"","BAPPEDA":"","KETERANGAN":"","IP":"","IRPOM":"","TglTnmPadi":"","TglPnnPadi":"","layer":"LAHAN_SAWAH","path":"C:/Users/bppta/Documents/ArcGIS/Kec. Taman/Kec. Taman/Kec. Taman/LAHAN_SAWAH.shp"}},
{"type":"Feature","geometry":{"type":"Polygon","coordinates":[[[112.65972072662225,-7.379125370013785],[112.65969214582321,-7.379072291466638],[112.65967698765108,-7.379056291683874],[112.65963000037183,-7.3791099920225784],[112.65972072662225,-7.379125370013785]]]},"properties":{"KDPPUM":"","NAMOBJ":"","REMARK":"","KDPBPS":"","FCODE":"","LUASWH":null,"UUPP":"","SRS_ID":"","LCODE":"","METADATA":"","KDEBPS":"","KDEPUM":"","KDCBPS":"","KDCPUM":"","KDBBPS":"","KDBPUM":"","WADMKD":"","WIADKD":"","WADMKC":"Taman","WIADKC":"","WADMKK":"","WIADKK":"","WADMPR":"","WIADPR":"","TIPADM":null,"SHAPE_Leng":null,"SHAPE_Area":null,"Luas":0.00362747063,"NAMA_BLOK":"","KELOMPOK_T":"","NAMA_DESA":"","KARTU_TANI":"","KARTU_TA_1":"","PANEN_TAHU":"","PRODUKTIFI":"","POLA_TANAM":"","KOMODITI_2":"","KONDISI_IR":"","N_IRIGASI":"","ADA_TIDAK":"","ELEVASI":"","KEASAMAN_T":"","UNSUR_HARA":"","REKOMENDAS":"","BAPPEDA":"","KETERANGAN":"","IP":"","IRPOM":"","TglTnmPadi":"","TglPnnPadi":"","layer":"LAHAN_SAWAH","path":"C:/Users/bppta/Documents/ArcGIS/Kec. Taman/Kec. Taman/Kec. Taman/LAHAN_SAWAH.shp"}},
{"type":"Feature","geometry":{"type":"MultiPolygon","coordinates":[[[[112.66496060419196,-7.361458853219823],[112.66474645270158,-7.361350885176712],[112.6646245053248,-7.361452012269439],[112.66460191675469,-7.361585562279759],[112.66459852381786,-7.361686485870827],[112.66458245116075,-7.362044693688225],[112.66440143085548,-7.362175665847116],[112.66432781195873,-7.362274579708474],[112.66397015354823,-7.362427591280868],[112.66375182655871,-7.362582035650466],[112.66358736569157,-7.362818377908823],[112.66322443046909,-7.363934206501833],[112.66315304663885,-7.364238777510321],[112.66346237656956,-7.364362509482542],[112.66363845668398,-7.364600455582906],[112.66489005317305,-7.363991313565931],[112.66498875197736,-7.3639236822706],[112.66504721744887,-7.363433356467526],[112.66510634617862,-7.363089081439902],[112.6651955759662,-7.362737813509203],[112.66536213823667,-7.361527262723611],[112.66511526915723,-7.361535293404535],[112.66496060419196,-7.361458853219823]]],[[[112.66704318381358,-7.356391231839251],[112.66681713501805,-7.35621574659021],[112.66655405134782,-7.355942966586722],[112.66637578862537,-7.356034514942822],[112.66628655883757,-7.356278409695537],[112.66627466153237,-7.356534201753583],[112.66628718137179,-7.356683603179704],[112.66627190282556,-7.356701167522982],[112.66628675315995,-7.357113993119068],[112.66625248892137,-7.357435125176193],[112.66613446765564,-7.357624149558303],[112.66602977137119,-7.357749785099237],[112.6658927144174,-7.3578925527594565],[112.66578611456418,-7.358054356107724],[112.66575375389459,-7.358200930905602],[112.66578079026668,-7.358346139734576],[112.66582891571113,-7.358494028673847],[112.66591903125605,-7.35883686565341],[112.66594758478823,-7.359115262590846],[112.66592260044774,-7.359340121655679],[112.66576555602137,-7.359739871104254],[112.66564420351004,-7.359804116551359],[112.66526943840152,-7.3600039912756765],[112.66515864584697,-7.360182474560367],[112.66515864764345,-7.3602194350879415],[112.66520975908826,-7.360346458035023],[112.66532227846733,-7.360498336237865],[112.66566849384104,-7.361014488877322],[112.66566551951485,-7.361160230863744],[112.66561495596862,-7.3613654593753415],[112.66546921398195,-7.361493355404366],[112.66539485582553,-7.361523098666867],[112.66535024093184,-7.361671814979497],[112.6651375171176,-7.363234644966753],[112.66538498106229,-7.363253680654806],[112.66588466787344,-7.363163261136701],[112.6662320691803,-7.363182296824752],[112.66677707671386,-7.362965865666858],[112.6673275545961,-7.357720243275716],[112.66737201414753,-7.357244921425195],[112.66704318381358,-7.356391231839251]]]]},"properties":{"KDPPUM":"","NAMOBJ":"","REMARK":"","KDPBPS":"","FCODE":"","LUASWH":null,"UUPP":"","SRS_ID":"","LCODE":"","METADATA":"","KDEBPS":"","KDEPUM":"","KDCBPS":"","KDCPUM":"","KDBBPS":"","KDBPUM":"","WADMKD":"","WIADKD":"","WADMKC":"Taman","WIADKC":"","WADMKK":"","WIADKK":"","WADMPR":"","WIADPR":"","TIPADM":null,"SHAPE_Leng":null,"SHAPE_Area":null,"Luas":0,"NAMA_BLOK":"BARAT","KELOMPOK_T":"SENDANG ARUM 2","NAMA_DESA":"GILANG","KARTU_TANI":"0","KARTU_TA_1":"0","PANEN_TAHU":"0","PRODUKTIFI":"6,7","POLA_TANAM":"PADI-HORTI-BERA","KOMODITI_2":"HORTI","KONDISI_IR":"TADAH HUJAN","N_IRIGASI":"AVOER BUNTUNG","ADA_TIDAK":"0","ELEVASI":"7,34 m","KEASAMAN_T":"5","UNSUR_HARA":"0","REKOMENDAS":"0","BAPPEDA":"tikus","KETERANGAN":"SAWAH SELATANNYA TIDAK TERGAMBAR (JADI 1 BLOK DENGAN TIMURNYA YAITU BLOK BARAT)","IP":"100","IRPOM":"ADA","TglTnmPadi":"13 OKT S/D 28 OKT 2024","TglPnnPadi":"TAMANAN SEBAGIAN RUSAK (EST PANEN AKHIR FEBRUARI 2025)","layer":"LAHAN_SAWAH","path":"C:/Users/bppta/Documents/ArcGIS/Kec. Taman/Kec. Taman/Kec. Taman/LAHAN_SAWAH.shp"}},
{"type":"Feature","geometry":{"type":"Polygon","coordinates":[[[112.62397941966138,-7.374703255832189],[112.62373671463878,-7.374891709143705],[112.6236940924151,-7.374879008759614],[112.623499149252,-7.374847451169042],[112.62321789696102,-7.37480176551774],[112.62275047564128,-7.374773211985717],[112.62224079509372,-7.374718960274721],[112.6220794676376,-7.374778922692089],[112.62195383209654,-7.374863155611685],[112.62190943952338,-7.374948941892072],[112.6219010080623,-7.375172961434351],[112.62190243573878,-7.375225785468601],[112.62189529735575,-7.375260049707047],[112.62189672503223,-7.375294313945383],[112.62188673129606,-7.375310018388085],[112.62188530361935,-7.37533428889037],[112.62188102058961,-7.375359987069235],[112.62180249837638,-7.375505610082667],[112.62175941391877,-7.375543587614948],[112.62174797028035,-7.375568382573827],[112.62174224891031,-7.375579826401353],[112.62173652664204,-7.375591270229267],[112.62164968939042,-7.376821570990832],[112.62207204371906,-7.376845365600813],[112.62298813620622,-7.376952441346004],[112.62364843663532,-7.37704761978615],[112.62370197450797,-7.376452754535241],[112.62375551238061,-7.37615532190976],[112.62389828004108,-7.3753760484310815],[112.6240358128873,-7.374718960274721],[112.62397941966138,-7.374703255832189]]]},"properties":{"KDPPUM":"","NAMOBJ":"","REMARK":"","KDPBPS":"","FCODE":"","LUASWH":null,"UUPP":"","SRS_ID":"","LCODE":"","METADATA":"","KDEBPS":"","KDEPUM":"","KDCBPS":"","KDCPUM":"","KDBBPS":"","KDBPUM":"","WADMKD":"","WIADKD":"","WADMKC":"Taman","WIADKC":"","WADMKK":"","WIADKK":"","WADMPR":"","WIADPR":"","TIPADM":null,"SHAPE_Leng":null,"SHAPE_Area":null,"Luas":4.46555371601,"NAMA_BLOK":"BLOK MADURETNO","KELOMPOK_T":"TANI MAKMUR 2","NAMA_DESA":"PERTAPAN MADURETNO","KARTU_TANI":"0","KARTU_TA_1":"0","PANEN_TAHU":"0","PRODUKTIFI":"6,7","POLA_TANAM":"BERA-PADI-PADI","KOMODITI_2":"0","KONDISI_IR":"TIDAK LANCAR","N_IRIGASI":"AVOER BUNTUNG (TADAH HUJAN)","ADA_TIDAK":"0","ELEVASI":"8,68","KEASAMAN_T":"5,5","UNSUR_HARA":"0","REKOMENDAS":"0","BAPPEDA":"0","KETERANGAN":"0","IP":"200","IRPOM":"0","TglTnmPadi":"15 November 2024","TglPnnPadi":"25 Februari 2025","layer":"LAHAN_SAWAH","path":"C:/Users/bppta/Documents/ArcGIS/Kec. Taman/Kec. Taman/Kec. Taman/LAHAN_SAWAH.shp"}},
{"type":"Feature","geometry":{"type":"Polygon","coordinates":[[[112.62808190151715,-7.386299193580103],[112.62806999973805,-7.387309992456926],[112.62813000001246,-7.387319992388853],[112.62912000004938,-7.3875799925201715],[112.629580000357,-7.387709992641655],[112.629990000436,-7.387809992059004],[112.63055311476148,-7.387978926208958],[112.63063898831274,-7.3879956420207975],[112.63063952999698,-7.388004851490528],[112.63069000004452,-7.388019991819254],[112.63115880833345,-7.38814966292915],[112.6315735668985,-7.38720025724873],[112.63104116249848,-7.387027746326009],[112.629158377875,-7.3865727433402295],[112.62813135197689,-7.386308031939387],[112.62812763385011,-7.3863073672844095],[112.62808190151715,-7.386299193580103]]]},"properties":{"KDPPUM":"","NAMOBJ":"","REMARK":"","KDPBPS":"","FCODE":"","LUASWH":null,"UUPP":"","SRS_ID":"","LCODE":"","METADATA":"","KDEBPS":"","KDEPUM":"","KDCBPS":"","KDCPUM":"","KDBBPS":"","KDBPUM":"","WADMKD":"","WIADKD":"","WADMKC":"Taman","WIADKC":"","WADMKK":"","WIADKK":"","WADMPR":"","WIADPR":"","TIPADM":null,"SHAPE_Leng":null,"SHAPE_Area":null,"Luas":4.09,"NAMA_BLOK":"MBUJUR NGULON","KELOMPOK_T":"WELAS ASIH","NAMA_DESA":"KRAMATJEGU","KARTU_TANI":"0","KARTU_TA_1":"0","PANEN_TAHU":"0","PRODUKTIFI":"6,5","POLA_TANAM":"BERA-PADI-PADI","KOMODITI_2":"0","KONDISI_IR":"TIDAK LANCAR (SERING BANJIR)","N_IRIGASI":"JATIPUNDEN","ADA_TIDAK":"0","ELEVASI":"8,8 m","KEASAMAN_T":"5,4","UNSUR_HARA":"0","REKOMENDAS":"0","BAPPEDA":"0","KETERANGAN":"-","IP":"200","IRPOM":"0","TglTnmPadi":"BELUM TANAM","TglPnnPadi":"-","layer":"LAHAN_SAWAH","path":"C:/Users/bppta/Documents/ArcGIS/Kec. Taman/Kec. Taman/Kec. Taman/LAHAN_SAWAH.shp"}},
{"type":"Feature","geometry":{"type":"Polygon","coordinates":[[[112.64705521863301,-7.38221043879397],[112.6470894201908,-7.382117811007725],[112.64714552895644,-7.38198703055423],[112.64719502174557,-7.381850925384823],[112.6472254788464,-7.381753843375908],[112.6472578395161,-7.381559679357903],[112.64724897176508,-7.38144027191054],[112.6472522209715,-7.381323532800867],[112.64725752193009,-7.381133058897027],[112.64724641810311,-7.381079980019578],[112.64723447026142,-7.3810223883039985],[112.64726845712208,-7.380867019549906],[112.64725974308476,-7.380786830423999],[112.64719502174557,-7.380750662616665],[112.64705606122266,-7.380718301947048],[112.64682192225985,-7.380654532392193],[112.64681240441577,-7.380538414695166],[112.64665717825221,-7.380517664176912],[112.64651735125108,-7.380502246887948],[112.6464088478292,-7.380426104135743],[112.64638600500335,-7.380304275732401],[112.64644779760089,-7.3800999356547345],[112.64652596899701,-7.379783693853583],[112.64644136835852,-7.379766310051941],[112.64624501165304,-7.3797369241523],[112.64620135882933,-7.3799568744258845],[112.64603384477459,-7.3799264173249775],[112.64541328134429,-7.382824600827483],[112.64544854495637,-7.382896301919073],[112.64551683548733,-7.38291406856126],[112.64554538901926,-7.382923586405285],[112.64572813162454,-7.382902250571655],[112.64589183854171,-7.382162158884124],[112.6462611308899,-7.38220403739771],[112.64664374821973,-7.382255433755443],[112.64673245452582,-7.382263048030698],[112.64702955602205,-7.382279940790581],[112.64705521863301,-7.38221043879397]]]},"properties":{"KDPPUM":"","NAMOBJ":"","REMARK":"","KDPBPS":"","FCODE":"","LUASWH":null,"UUPP":"","SRS_ID":"","LCODE":"","METADATA":"","KDEBPS":"","KDEPUM":"","KDCBPS":"","KDCPUM":"","KDBBPS":"","KDBPUM":"","WADMKD":"","WIADKD":"","WADMKC":"Taman","WIADKC":"","WADMKK":"","WIADKK":"","WADMPR":"","WIADPR":"","TIPADM":null,"SHAPE_Leng":null,"SHAPE_Area":null,"Luas":3.5,"NAMA_BLOK":"JENGGLONGAN","KELOMPOK_T":"SUMBER PANGAN 2","NAMA_DESA":"SIDODADI","KARTU_TANI":"0","KARTU_TA_1":"0","PANEN_TAHU":"0","PRODUKTIFI":"6,5","POLA_TANAM":"BERA-PADI-PADI","KOMODITI_2":"0","KONDISI_IR":"TIDAK LANCAR SERING BANJIR ATAU KEKERINGAN","N_IRIGASI":"JATIPUNDEN","ADA_TIDAK":"0","ELEVASI":"8,21 m","KEASAMAN_T":"5,4","UNSUR_HARA":"0","REKOMENDAS":"0","BAPPEDA":"0","KETERANGAN":"BENTUK BLOK TIDAK BENAR","IP":"200","IRPOM":"0","TglTnmPadi":"BELUM","TglPnnPadi":"","layer":"LAHAN_SAWAH","path":"C:/Users/bppta/Documents/ArcGIS/Kec. Taman/Kec. Taman/Kec. Taman/LAHAN_SAWAH.shp"}},
{"type":"Feature","geometry":{"type":"Polygon","coordinates":[[[112.63896018019182,-7.38374114061472],[112.63873746264163,-7.38368212998185],[112.6384614451648,-7.383672612137822],[112.6380959599544,-7.383712587082757],[112.63712799521738,-7.383851547605374],[112.63705736188126,-7.383886056667687],[112.63693771098029,-7.383904154089006],[112.63685107925095,-7.383919055407582],[112.63681961707096,-7.38389152255019],[112.63662354948406,-7.3839124618070695],[112.6366201906634,-7.383942506933082],[112.63663777069347,-7.384238757371377],[112.63664538122066,-7.384366995983292],[112.63664627923525,-7.38438213458108],[112.63686834843223,-7.384351853075919],[112.6376321554154,-7.384277613892654],[112.63770389616457,-7.384285466114005],[112.63773601888805,-7.384278327730885],[112.63776814161179,-7.384278327730885],[112.63785737139936,-7.384274758539438],[112.63784666382502,-7.384485340838322],[112.63776696558203,-7.384506755987339],[112.63774306320897,-7.38463024565835],[112.6376622696306,-7.384665583466957],[112.63757660898011,-7.384700481823584],[112.63750681167913,-7.384725863525805],[112.63741480622774,-7.384748071490676],[112.63732914467892,-7.384779797026376],[112.6373211615437,-7.385150315426511],[112.63785023301637,-7.385020719564057],[112.63817212734818,-7.3849579048799],[112.63819018167531,-7.385186606537224],[112.63819503436332,-7.385248068834364],[112.63824634188997,-7.385236203552567],[112.63841575951345,-7.3851905179012665],[112.63868987342141,-7.385080110910781],[112.63907249075123,-7.385049653809875],[112.63936944748491,-7.38503252169071],[112.63960663215789,-7.385064977538836],[112.63965847664042,-7.384647172003999],[112.6394817104549,-7.384665228090204],[112.63952016603831,-7.384456469280846],[112.63954595590224,-7.384344000854624],[112.63956737105116,-7.384251201875556],[112.63963540118596,-7.384073470623784],[112.63967611970361,-7.383948249766842],[112.63896018019182,-7.38374114061472]]]},"properties":{"KDPPUM":"","NAMOBJ":"","REMARK":"","KDPBPS":"","FCODE":"","LUASWH":null,"UUPP":"","SRS_ID":"","LCODE":"","METADATA":"","KDEBPS":"","KDEPUM":"","KDCBPS":"","KDCPUM":"","KDBBPS":"","KDBPUM":"","WADMKD":"","WIADKD":"","WADMKC":"Taman","WIADKC":"","WADMKK":"","WIADKK":"","WADMPR":"","WIADPR":"","TIPADM":null,"SHAPE_Leng":null,"SHAPE_Area":null,"Luas":0,"NAMA_BLOK":"MIJEN NGAREP OMAH","KELOMPOK_T":"SUMBER PANGAN 2","NAMA_DESA":"SIDODADI","KARTU_TANI":"0","KARTU_TA_1":"0","PANEN_TAHU":"0","PRODUKTIFI":"6,5","POLA_TANAM":"BERA-PADI-PADI","KOMODITI_2":"0","KONDISI_IR":"TIDAK LANCAR","N_IRIGASI":"JATIPUNDEN","ADA_TIDAK":"0","ELEVASI":"8,85 m","KEASAMAN_T":"5,4","UNSUR_HARA":"0","REKOMENDAS":"0","BAPPEDA":"-","KETERANGAN":"BAGIAN DARI SAWAH MIJEN SIDODADI","IP":"200","IRPOM":"0","TglTnmPadi":"23 DES 24 S/D 3 JAN 2025","TglPnnPadi":"3 APRIL 2025","layer":"LAHAN_SAWAH","path":"C:/Users/bppta/Documents/ArcGIS/Kec. Taman/Kec. Taman/Kec. Taman/LAHAN_SAWAH.shp"}},
{"type":"Feature","geometry":{"type":"MultiPolygon","coordinates":[[[[112.6437755561776,-7.386621577722836],[112.64262515925179,-7.386588720594506],[112.64172589175347,-7.386563033356752],[112.64063779568755,-7.386531949558117],[112.64024982409603,-7.386533375512396],[112.63998111194337,-7.386534362010151],[112.63986676089904,-7.386559634406568],[112.6397366839477,-7.386607223356918],[112.63967051853535,-7.386626433626969],[112.63961205258363,-7.386641390650732],[112.63961107521662,-7.386636032380042],[112.63960286551298,-7.386638133019148],[112.63910769616211,-7.386725329605219],[112.63908947114167,-7.386727782174835],[112.63894133176483,-7.386730171834472],[112.63894117276311,-7.386726769236194],[112.63893214469454,-7.386726915113916],[112.63890541622139,-7.386237008698118],[112.63887121107052,-7.386193879081575],[112.63880259954567,-7.386156714949227],[112.63872746086211,-7.386136155331865],[112.63853763606255,-7.386086163098607],[112.63852074773534,-7.386085250452283],[112.63849854856822,-7.3861007900567435],[112.63846878867217,-7.38653804995182],[112.63840945684647,-7.386543579403282],[112.63821315131361,-7.386497179913579],[112.63804539931265,-7.386457918807163],[112.6379347543759,-7.386440072849594],[112.63781697105594,-7.386432934466532],[112.63776704231974,-7.386432493381328],[112.63776293956266,-7.386419672265282],[112.6378205402476,-7.386764869276616],[112.63790666249099,-7.387029992231714],[112.63794546195048,-7.3873573550665625],[112.63802041497205,-7.387514399492678],[112.63819904216756,-7.387809992059004],[112.63822904230472,-7.387869992631893],[112.63822028969662,-7.387953410047896],[112.63822028969662,-7.388024793878061],[112.63827028992546,-7.388054793724027],[112.63962655115095,-7.38786418026033],[112.64063841694383,-7.387621475237926],[112.64106904182096,-7.387619992273051],[112.64126302545777,-7.38754295302481],[112.64156283754471,-7.387460861620195],[112.64189834154672,-7.387403754556093],[112.6426157490398,-7.387253848512815],[112.64365795296033,-7.387043266214047],[112.64379904173245,-7.387029992628538],[112.64385904200685,-7.386979992091198],[112.643889042144,-7.386849992178787],[112.643889042144,-7.386689992548082],[112.643916773137,-7.386597553488978],[112.64390724535497,-7.386599174382533],[112.6437755561776,-7.386621577722836]],[[112.64387696070183,-7.38689581968517],[112.64388850495163,-7.386766833647154],[112.64388805938732,-7.386841973459763],[112.64387696070183,-7.38689581968517],[112.64387604711511,-7.386906022925084],[112.64387420377203,-7.386909194855441],[112.64387696070183,-7.38689581968517]]],[[[112.64638904190143,-7.385089992048998],[112.64646904226741,-7.385049992519061],[112.64696123100838,-7.384808919569548],[112.6468043052098,-7.384804789423486],[112.6466983641933,-7.384849681286286],[112.64646116494087,-7.38486087735665],[112.64639114395935,-7.38488850010543],[112.6463687965703,-7.384911778451937],[112.64633389791958,-7.3849561944009485],[112.64631803457019,-7.38499109277997],[112.64628630876904,-7.385045028135629],[112.64626928838958,-7.385099941786646],[112.64625377987443,-7.385109315309667],[112.64638904190143,-7.385089992048998]]],[[[112.64194474103611,-7.385081995481687],[112.64192332588686,-7.384914243481006],[112.64177698903505,-7.3848607056083555],[112.64131882377558,-7.384747207168926],[112.64112025779762,-7.38465726169259],[112.64100247447787,-7.384642984926522],[112.64097035175415,-7.384632277352072],[112.6409025371155,-7.385117687396768],[112.64091324469017,-7.385224763141904],[112.6409025371155,-7.385281870206001],[112.64245334657197,-7.385566655208884],[112.6426931239896,-7.385600276295997],[112.64292015970273,-7.385629550239506],[112.64295908100904,-7.385634568421652],[112.64370487762925,-7.385775779578327],[112.6440434256434,-7.385774418633819],[112.64408982513282,-7.385785126208271],[112.64416477815438,-7.385824387314854],[112.6442421784959,-7.385829798830379],[112.6442790421313,-7.385709992507689],[112.64433904150746,-7.38556999215364],[112.64441904187345,-7.385499991992845],[112.64468904221017,-7.3854199919524754],[112.64562904201863,-7.38522999225497],[112.64592516446544,-7.38516653747589],[112.64578023387058,-7.385182690644917],[112.64572772195241,-7.385185072090968],[112.64566764891445,-7.385187795436765],[112.64566748811615,-7.385184128447585],[112.64565846184415,-7.38518453781558],[112.6456471906822,-7.384927187638497],[112.64552285552371,-7.384914243481006],[112.64526230454362,-7.384996334885623],[112.64498390760593,-7.385160517694856],[112.64487766775845,-7.385152897042681],[112.64480469760814,-7.385181449776621],[112.64472538265657,-7.3852322123244285],[112.64465241160781,-7.385273456386056],[112.64456040705488,-7.385305181958535],[112.64438908485556,-7.385330562782754],[112.64428438890411,-7.385330562782754],[112.64417969295266,-7.385333736525623],[112.64408451375321,-7.385333736525623],[112.64389701648906,-7.385323097512519],[112.64377538459927,-7.385319417757949],[112.6436614444465,-7.385312992755926],[112.64351499497901,-7.385309481439725],[112.64336527925673,-7.3852747318230545],[112.64315826614892,-7.385242609099417],[112.64304762121229,-7.385242609099417],[112.64284774648773,-7.385206917184334],[112.64272639397655,-7.385192640418437],[112.64260504146522,-7.385174794460867],[112.64222313797382,-7.385121256588272],[112.64216309912331,-7.385135662511908],[112.64194474103611,-7.385081995481687]]]]},"properties":{"KDPPUM":"","NAMOBJ":"","REMARK":"","KDPBPS":"","FCODE":"","LUASWH":null,"UUPP":"","SRS_ID":"","LCODE":"","METADATA":"","KDEBPS":"","KDEPUM":"","KDCBPS":"","KDCPUM":"","KDBBPS":"","KDBPUM":"","WADMKD":"","WIADKD":"","WADMKC":"Taman","WIADKC":"","WADMKK":"","WIADKK":"","WADMPR":"","WIADPR":"","TIPADM":null,"SHAPE_Leng":null,"SHAPE_Area":null,"Luas":0,"NAMA_BLOK":"SAMBIRONO KULON","KELOMPOK_T":"SUMBER PANGAN 1","NAMA_DESA":"SIDODADI","KARTU_TANI":"0","KARTU_TA_1":"0","PANEN_TAHU":"0","PRODUKTIFI":"6,6","POLA_TANAM":"BERA-PADI-PADI","KOMODITI_2":"0","KONDISI_IR":"TIDAK LANCAR","N_IRIGASI":"JATIPUNDEN","ADA_TIDAK":"0","ELEVASI":"8,21 m","KEASAMAN_T":"5,9","UNSUR_HARA":"0","REKOMENDAS":"0","BAPPEDA":"0","KETERANGAN":"Peta Tidak jadi 1, perlu direvisi","IP":"200","IRPOM":"0","TglTnmPadi":"10 s/d 27 DES 24","TglPnnPadi":"20 MARET 2025","layer":"LAHAN_SAWAH","path":"C:/Users/bppta/Documents/ArcGIS/Kec. Taman/Kec. Taman/Kec. Taman/LAHAN_SAWAH.shp"}},
{"type":"Feature","geometry":{"type":"MultiPolygon","coordinates":[[[[112.63591999971344,-7.371049992266396],[112.63599208322682,-7.371021158703571],[112.63592003025644,-7.371045926976401],[112.63590822908827,-7.371059162189422],[112.63590877436582,-7.3710591767766935],[112.63591999971344,-7.371049992266396]]],[[[112.63800517903256,-7.370938198173312],[112.63802662990304,-7.370723692462708],[112.63802259646752,-7.370721794295485],[112.63800777606184,-7.370714820673528],[112.63800517903256,-7.370938198173312]]],[[[112.63851830480769,-7.370381717981868],[112.63850350416487,-7.370397793130686],[112.63850544991578,-7.3703980702884575],[112.63850746483693,-7.370398357474818],[112.63850783224802,-7.370398409441984],[112.63851016337615,-7.370398741301935],[112.63851830480769,-7.370381717981868]]],[[[112.63860075218429,-7.370209328639033],[112.63861000034011,-7.370189992336265],[112.63864633180367,-7.3699447553196675],[112.63864635246476,-7.369942805188575],[112.63863403027403,-7.37001292603312],[112.63860075218429,-7.370209328639033]]],[[[112.6342961439251,-7.369465777619231],[112.63470957527488,-7.369418188399157],[112.63642271352762,-7.3692313498684765],[112.63674096643717,-7.369201606605861],[112.63680391159401,-7.369188591986971],[112.63725178985133,-7.369131392783784],[112.6372509607064,-7.369125008144796],[112.63755598276293,-7.3691085701841015],[112.63822046998905,-7.369067217901019],[112.63820559835767,-7.368859015063215],[112.63815800913754,-7.368280508606718],[112.63809554828615,-7.367709437965791],[112.63805093339239,-7.367245443070108],[112.63797954956213,-7.366677346755498],[112.63794088332088,-7.366317453278696],[112.6379260116895,-7.366005149021961],[112.6378873454481,-7.365672024481392],[112.63786664640894,-7.365374382782576],[112.63770591154638,-7.365398386465946],[112.63758190634529,-7.365424263800886],[112.63741373992741,-7.3654618337651145],[112.63721685975997,-7.365505818406439],[112.63700046369284,-7.365554163681556],[112.63678881432372,-7.365610157158639],[112.63635831558838,-7.365724050485033],[112.63577836413923,-7.365891832250175],[112.63536176323963,-7.366054262431062],[112.63524705556448,-7.366095541220489],[112.63484662703502,-7.366244430071255],[112.63471277087115,-7.366294201315599],[112.63462020936254,-7.366334369682258],[112.63441398941096,-7.366432720610508],[112.63428391066304,-7.3664898273755535],[112.63416652510989,-7.366556452247693],[112.63415432239492,-7.36656302283657],[112.63414568599183,-7.366568938828171],[112.63399782688928,-7.366670223643704],[112.63361083266489,-7.366967639826491],[112.63332577656422,-7.367195085300762],[112.6333531087049,-7.367224442846787],[112.63348766256183,-7.367321689923706],[112.63357570261905,-7.367307413157639],[112.63371371135736,-7.367388314831775],[112.63373750596746,-7.3675762922510994],[112.63373036758445,-7.36764767608121],[112.6337446443506,-7.367888001642539],[112.63376999976025,-7.368359992647427],[112.63384000008044,-7.3690799920204055],[112.63387000021758,-7.369279991795184],[112.63392000044644,-7.36943999258993],[112.63392376528589,-7.369509016580229],[112.63392703066175,-7.369521863363865],[112.6340403518668,-7.36949552088173],[112.6342961439251,-7.369465777619231]]]]},"properties":{"KDPPUM":"","NAMOBJ":"","REMARK":"","KDPBPS":"","FCODE":"","LUASWH":null,"UUPP":"","SRS_ID":"","LCODE":"","METADATA":"","KDEBPS":"","KDEPUM":"","KDCBPS":"","KDCPUM":"","KDBBPS":"","KDBPUM":"","WADMKD":"","WIADKD":"","WADMKC":"Taman","WIADKC":"","WADMKK":"","WIADKK":"","WADMPR":"","WIADPR":"","TIPADM":null,"SHAPE_Leng":null,"SHAPE_Area":null,"Luas":14.3879946011,"NAMA_BLOK":"TANJUNG ANOM BARAT","KELOMPOK_T":"HARAPAN TANI 1","NAMA_DESA":"TANJUNGSARI","KARTU_TANI":"0","KARTU_TA_1":"0","PANEN_TAHU":"0","PRODUKTIFI":"6,6","POLA_TANAM":"PADI-PADI-PADI","KOMODITI_2":"0","KONDISI_IR":"LANCAR","N_IRIGASI":"PELAYARAN","ADA_TIDAK":"0","ELEVASI":"9,23 m","KEASAMAN_T":"4,9","UNSUR_HARA":"0","REKOMENDAS":"0","BAPPEDA":"Tikus dan P.Batang","KETERANGAN":"0","IP":"300","IRPOM":"0","TglTnmPadi":"13 S/D 30 NOV 2024","TglPnnPadi":"15 FEBRUARI 2025","layer":"LAHAN_SAWAH","path":"C:/Users/bppta/Documents/ArcGIS/Kec. Taman/Kec. Taman/Kec. Taman/LAHAN_SAWAH.shp"}},
{"type":"Feature","geometry":{"type":"MultiPolygon","coordinates":[[[[112.66966935923413,-7.358019342339062],[112.66922017648255,-7.357991038650466],[112.66737722556762,-7.357771606815919],[112.6673180551835,-7.3581888789355805],[112.66689787767825,-7.362402936820387],[112.66721526246795,-7.362647393991101],[112.66826855293176,-7.362087949663428],[112.66826688782385,-7.362100271476319],[112.66832015510668,-7.362062193508538],[112.66834060705081,-7.361968715575534],[112.66841806338799,-7.361823138454523],[112.66841926973699,-7.361728922043708],[112.668467426711,-7.361646843045056],[112.66849541248904,-7.361548083007385],[112.66851444817722,-7.361433868879134],[112.66853824278724,-7.361153092480794],[112.6684604818356,-7.361091442706157],[112.66856484810522,-7.3607484826376846],[112.66862578442431,-7.360618324298058],[112.66876507090409,-7.360422826572756],[112.66888560415396,-7.3603379652917384],[112.66901000015946,-7.360294607475695],[112.66913543371938,-7.360278084135558],[112.66932772708901,-7.360308722150138],[112.66958211233045,-7.360318734479783],[112.66968295242667,-7.360351325134635],[112.66965259277605,-7.360538543432559],[112.6702942850095,-7.360558227229886],[112.67032283854165,-7.360334557895594],[112.67035469188556,-7.360170676314639],[112.67001350861072,-7.360127068896019],[112.67008489244097,-7.359379918140869],[112.6702942850095,-7.359279980778737],[112.67030110613109,-7.3591441135554305],[112.67031538289699,-7.358701533808766],[112.67033679804615,-7.358343424927739],[112.67036090991758,-7.35801410752483],[112.67002389892387,-7.358019342339062],[112.66971694845402,-7.358020532069541],[112.66966935923413,-7.358019342339062]]],[[[112.6673275545961,-7.357720243275716],[112.66801710078003,-7.357789461765434],[112.66945907436752,-7.357968195824813],[112.66967798477991,-7.357972954746855],[112.66977411500464,-7.357516574126261],[112.66978077749548,-7.357459467062161],[112.66974651325722,-7.357427106392599],[112.66965349616066,-7.357396756367357],[112.6690229389943,-7.357230194097219],[112.66882518595547,-7.357206292411459],[112.66856202153417,-7.357061272194858],[112.66822175861046,-7.3567876341794145],[112.66800284819782,-7.356675799512239],[112.66777204048049,-7.35657824161107],[112.66750078192568,-7.3565187550860065],[112.66731042504523,-7.356471165865936],[112.66720082310519,-7.356468564321885],[112.66704318381358,-7.356391231839251],[112.66737201414753,-7.357244921425195],[112.6673275545961,-7.357720243275716]]]]},"properties":{"KDPPUM":"","NAMOBJ":"","REMARK":"","KDPBPS":"","FCODE":"","LUASWH":null,"UUPP":"","SRS_ID":"","LCODE":"","METADATA":"","KDEBPS":"","KDEPUM":"","KDCBPS":"","KDCPUM":"","KDBBPS":"","KDBPUM":"","WADMKD":"","WIADKD":"","WADMKC":"Taman","WIADKC":"","WADMKK":"","WIADKK":"","WADMPR":"","WIADPR":"","TIPADM":null,"SHAPE_Leng":null,"SHAPE_Area":null,"Luas":0,"NAMA_BLOK":"TIMUR","KELOMPOK_T":"SENDANG ARUM I","NAMA_DESA":"GILANG","KARTU_TANI":"0","KARTU_TA_1":"0","PANEN_TAHU":"0","PRODUKTIFI":"6,6","POLA_TANAM":"PADI-HORTI-BERA","KOMODITI_2":"HORTIKULTURA","KONDISI_IR":"TADAH HUJAN","N_IRIGASI":"AVOER BUNTUNG","ADA_TIDAK":"0","ELEVASI":"6,44 m","KEASAMAN_T":"5","UNSUR_HARA":"0","REKOMENDAS":"0","BAPPEDA":"tikus","KETERANGAN":"0","IP":"100","IRPOM":"ADA","TglTnmPadi":"27 DES 24 S/D 8 JANUARI 2025","TglPnnPadi":"APRIL 2025","layer":"LAHAN_SAWAH","path":"C:/Users/bppta/Documents/ArcGIS/Kec. Taman/Kec. Taman/Kec. Taman/LAHAN_SAWAH.shp"}},
{"type":"Feature","geometry":{"type":"MultiPolygon","coordinates":[[[[112.66266691598831,-7.359260439360589],[112.6624182200968,-7.3610144044635915],[112.66447624064972,-7.361220936562818],[112.66454142150847,-7.361229178192849],[112.66465002602978,-7.3612429099885555],[112.6647732937513,-7.361254107301117],[112.66500699137076,-7.361292480115541],[112.66519276207327,-7.3613292346925885],[112.66528347574717,-7.361328897369075],[112.66534148355834,-7.361308386281779],[112.66538795520465,-7.361269658820471],[112.66541456060837,-7.361217963558958],[112.6654223615784,-7.361119580024756],[112.66540471686959,-7.361052662385644],[112.66533180510953,-7.360930865014379],[112.66526816396332,-7.360859107272638],[112.66519992074768,-7.360782160237724],[112.66515897374039,-7.360731028452065],[112.6650907233385,-7.360645802440023],[112.66503310090455,-7.360573846907968],[112.66497931068373,-7.36047165358874],[112.66494894583035,-7.3603940985266085],[112.66494565440314,-7.360380454277952],[112.6649423620778,-7.360366810941465],[112.66493997255894,-7.360294853630038],[112.66493961862271,-7.360199911897259],[112.66497131657593,-7.359994530803994],[112.66501233095687,-7.359908840883665],[112.66505986171683,-7.35984743545177],[112.6651409607225,-7.35979499641908],[112.6652413375739,-7.359758753419385],[112.66534093828112,-7.359737273285041],[112.66536980204954,-7.359730856868931],[112.66547178239374,-7.359692775924092],[112.66553518997817,-7.3596563396559755],[112.66560880511894,-7.359590007531367],[112.66567878926958,-7.359501391190247],[112.66572461502709,-7.359401289507945],[112.66575701007287,-7.359177371571855],[112.66575233883351,-7.359031191810449],[112.66573502021298,-7.35891844705143],[112.6656760601877,-7.358746173273827],[112.66558546958277,-7.358520201646237],[112.6655671628157,-7.358459005175923],[112.66551598759054,-7.358370009796237],[112.66550102525126,-7.358242959137364],[112.66554302059238,-7.358089028585373],[112.6656238348321,-7.357981535325956],[112.66566923299149,-7.357898186973625],[112.66572323970648,-7.35781892660023],[112.6657908639828,-7.357737295878385],[112.66584024796701,-7.357684865293758],[112.66593823440176,-7.357550402888699],[112.66596804679091,-7.35749681267201],[112.66601045086566,-7.357395023004155],[112.66602932267311,-7.357320472441165],[112.66606947197668,-7.357157564921308],[112.66608100005658,-7.356968201526647],[112.66608103419242,-7.356965945128102],[112.66608062635737,-7.356649124991151],[112.66608001011296,-7.356170948666223],[112.66610882716904,-7.356053606129147],[112.66601552634722,-7.356053756555365],[112.66319018656326,-7.35605831383146],[112.66266691598831,-7.359260439360589]]],[[[112.66328931512498,-7.355176674092004],[112.66319116407499,-7.356052332001652],[112.66601686393845,-7.356048310212616],[112.66603859328687,-7.355959825841339],[112.66613489178711,-7.355871744447038],[112.66620160144724,-7.355830002179052],[112.66624607302856,-7.355627780240646],[112.66636742553965,-7.355577811559608],[112.666453086136,-7.355456459048406],[112.66654588511516,-7.355253015132474],[112.66659228460493,-7.355074555557229],[112.66665296086056,-7.354917511131059],[112.6667314830737,-7.354753328321824],[112.66687425073394,-7.354717636406743],[112.66694563456416,-7.35459271470398],[112.66704557192632,-7.354546315214445],[112.66708126384162,-7.354378563213709],[112.66705271030945,-7.354210811212917],[112.6671240941398,-7.35410016627628],[112.6672775693745,-7.353971675382015],[112.66746316733315,-7.353814630955789],[112.66763091933387,-7.3537718006577],[112.66770376888803,-7.35350185945354],[112.66768519532114,-7.353477711158181],[112.66768378676295,-7.353464883972223],[112.66768237910276,-7.35345205861003],[112.66769257677788,-7.35341330811287],[112.66770259479006,-7.353289616511924],[112.66768729378566,-7.3532017225256],[112.66758491997938,-7.35291450686715],[112.66755583792029,-7.3529080759604035],[112.66669173227888,-7.3529623083636295],[112.66665521306753,-7.353603998333201],[112.66643744527299,-7.353602959030123],[112.66627048529254,-7.353602163142627],[112.66597155022066,-7.353618362598001],[112.66567701958841,-7.353644708024398],[112.66563568361062,-7.353165519252011],[112.66426273536125,-7.353301148211525],[112.66427333907494,-7.353842514837207],[112.66344495404233,-7.3539037115994645],[112.6633606989552,-7.354632372387314],[112.66328931512498,-7.355176674092004]]]]},"properties":{"KDPPUM":"","NAMOBJ":"","REMARK":"","KDPBPS":"","FCODE":"","LUASWH":null,"UUPP":"","SRS_ID":"","LCODE":"","METADATA":"","KDEBPS":"","KDEPUM":"","KDCBPS":"","KDCPUM":"","KDBBPS":"","KDBPUM":"","WADMKD":"","WIADKD":"","WADMKC":"Taman","WIADKC":"","WADMKK":"","WIADKK":"","WADMPR":"","WIADPR":"","TIPADM":null,"SHAPE_Leng":null,"SHAPE_Area":null,"Luas":19.68,"NAMA_BLOK":"TIMUR","KELOMPOK_T":"TUNGGAL WADAH 1","NAMA_DESA":"KREMBANGAN","KARTU_TANI":"0","KARTU_TA_1":"0","PANEN_TAHU":"0","PRODUKTIFI":"6,7","POLA_TANAM":"PADI-PADI-BERA","KOMODITI_2":"0","KONDISI_IR":"LANCAR","N_IRIGASI":"PELAYARAN","ADA_TIDAK":"0","ELEVASI":"7,93 m","KEASAMAN_T":"5,2 - 5,3","UNSUR_HARA":"0","REKOMENDAS":"0","BAPPEDA":"TIKUS","KETERANGAN":"-","IP":"200","IRPOM":"0","TglTnmPadi":"24 DES 24 S/D 16 JAN 25","TglPnnPadi":"APRIL 2025","layer":"LAHAN_SAWAH","path":"C:/Users/bppta/Documents/ArcGIS/Kec. Taman/Kec. Taman/Kec. Taman/LAHAN_SAWAH.shp"}},
{"type":"Feature","geometry":{"type":"Polygon","coordinates":[[[112.6758886969011,-7.374200401959082],[112.67594440934977,-7.373860493906303],[112.676089062365,-7.373317352087936],[112.67618716378375,-7.37285187202453],[112.676218109847,-7.372668263182692],[112.6762665065829,-7.372525596455865],[112.67628864825804,-7.372484824904078],[112.67631370676303,-7.372438681577254],[112.67634404826003,-7.372346700359316],[112.67637871155182,-7.372237206183927],[112.6764045983034,-7.372125559495608],[112.67644787374388,-7.372035797434341],[112.6767762115735,-7.3717512448426525],[112.67682190617698,-7.371678611981017],[112.67686949532752,-7.371596124506181],[112.67692660212843,-7.3715326725424974],[112.67699479503857,-7.371474221290876],[112.6771781277133,-7.371401824605234],[112.67728114561156,-7.371368767090608],[112.67737761209662,-7.371296956647971],[112.67739571764128,-7.371267154838906],[112.67742501709245,-7.371181054352942],[112.67746696033146,-7.370666629839766],[112.67749199188675,-7.370283119128604],[112.6774997030253,-7.370164980685385],[112.67750230454622,-7.370119389173891],[112.67702196997413,-7.370111221230776],[112.67683532071918,-7.370114975621887],[112.67619444497915,-7.37009303695209],[112.6758607981909,-7.370108684378909],[112.6759017712752,-7.369800363248591],[112.67633007425638,-7.369807501631542],[112.6763372126394,-7.369586211758208],[112.67510227237732,-7.369586211758208],[112.67453987184945,-7.36960236118063],[112.67346758266613,-7.369586211758208],[112.67299644938691,-7.369600488524276],[112.67179720104001,-7.369636180439359],[112.67190439942986,-7.37100533684465],[112.67196291324343,-7.371654255568314],[112.67225873125084,-7.373920612337827],[112.6758886969011,-7.374200401959082]]]},"properties":{"KDPPUM":"","NAMOBJ":"","REMARK":"","KDPBPS":"","FCODE":"","LUASWH":null,"UUPP":"","SRS_ID":"","LCODE":"","METADATA":"","KDEBPS":"","KDEPUM":"","KDCBPS":"","KDCPUM":"","KDBBPS":"","KDBPUM":"","WADMKD":"","WIADKD":"","WADMKC":"Taman","WIADKC":"","WADMKK":"","WIADKK":"","WADMPR":"","WIADPR":"","TIPADM":null,"SHAPE_Leng":null,"SHAPE_Area":null,"Luas":21.3072167646,"NAMA_BLOK":"KULON","KELOMPOK_T":"SAMUDRA TANI","NAMA_DESA":"JEMUNDO","KARTU_TANI":"0","KARTU_TA_1":"0","PANEN_TAHU":"0","PRODUKTIFI":"6,6","POLA_TANAM":"BERA-PADI-PADI","KOMODITI_2":"0","KONDISI_IR":"TIDAK LANCAR","N_IRIGASI":"BOTOKAN","ADA_TIDAK":"0","ELEVASI":"5,67 m","KEASAMAN_T":"5,7","UNSUR_HARA":"0","REKOMENDAS":"0","BAPPEDA":"0","KETERANGAN":"-","IP":"200","IRPOM":"SWADAYA","TglTnmPadi":"6 JANUARI 2025","TglPnnPadi":"MEI 2025","layer":"LAHAN_SAWAH","path":"C:/Users/bppta/Documents/ArcGIS/Kec. Taman/Kec. Taman/Kec. Taman/LAHAN_SAWAH.shp"}},
{"type":"Feature","geometry":{"type":"Polygon","coordinates":[[[112.67225873125084,-7.373920612337827],[112.67225591495242,-7.37419191575819],[112.67224172401404,-7.37555897613932],[112.67214059692138,-7.376582144370941],[112.6721206342678,-7.376881359242922],[112.6720561260555,-7.377848255571061],[112.67217000024128,-7.378769992401159],[112.67227999984605,-7.3787899918891595],[112.67325999983734,-7.379099992271385],[112.67384999984118,-7.3792399924545595],[112.67410000008637,-7.379299991895018],[112.67458999963276,-7.379419992623108],[112.67473000027337,-7.379469992327974],[112.67473122288027,-7.379470888550077],[112.67478081437558,-7.379482104545655],[112.67491516461301,-7.3790790527858805],[112.67500768839226,-7.378767264535226],[112.67496489085556,-7.3787549098191505],[112.6748894503379,-7.378742199532764],[112.67488287017851,-7.378731232454917],[112.67487629001903,-7.378720266289181],[112.67490393836681,-7.378494827215245],[112.67488419878669,-7.378468411059779],[112.67488016714765,-7.378466900340934],[112.6747802286742,-7.378429441443914],[112.67477661385338,-7.378421721005784],[112.67477299813423,-7.378414002391138],[112.67480241167164,-7.377902892906905],[112.67481442484188,-7.377796393298413],[112.67487087587267,-7.377295944303122],[112.67488449882399,-7.377137509808491],[112.67489982335609,-7.377058207576967],[112.67491436062096,-7.376982979338279],[112.67494295758945,-7.376837530523892],[112.67498236218943,-7.376623669348138],[112.67501240095419,-7.3765822938732795],[112.67509283071477,-7.376539058502682],[112.6751689737149,-7.376488296014559],[112.67521339001597,-7.376440706301028],[112.67525780721519,-7.376389945647239],[112.67529905066645,-7.376345527800572],[112.67534029501608,-7.376291594389354],[112.6754545086179,-7.376101237470921],[112.67547037196744,-7.376069511629456],[112.67551161631707,-7.375967987675249],[112.67554651496778,-7.375891844040888],[112.67562502772341,-7.375670613016752],[112.67564309104715,-7.375581858610814],[112.67565116779997,-7.37548574669566],[112.6757431391153,-7.374791115594394],[112.67576689955467,-7.374701398592566],[112.67582123325622,-7.374509113158715],[112.67583115425019,-7.374469130059314],[112.67587091997291,-7.374308860364104],[112.6758886969011,-7.374200401959082],[112.67553057535837,-7.3741490661791556],[112.6741243139038,-7.37404199043402],[112.67283940496054,-7.373956329837842],[112.67225873125084,-7.373920612337827]]]},"properties":{"KDPPUM":"","NAMOBJ":"","REMARK":"","KDPBPS":"","FCODE":"","LUASWH":null,"UUPP":"","SRS_ID":"","LCODE":"","METADATA":"","KDEBPS":"","KDEPUM":"","KDCBPS":"","KDCPUM":"","KDBBPS":"","KDBPUM":"","WADMKD":"","WIADKD":"","WADMKC":"Taman","WIADKC":"","WADMKK":"","WIADKK":"","WADMPR":"","WIADPR":"","TIPADM":null,"SHAPE_Leng":null,"SHAPE_Area":null,"Luas":23.1743438931,"NAMA_BLOK":"BALONGBIRU","KELOMPOK_T":"KARYA MULYA 2","NAMA_DESA":"SADANG","KARTU_TANI":"0","KARTU_TA_1":"0","PANEN_TAHU":"0","PRODUKTIFI":"6,7","POLA_TANAM":"BERA-PADI-PADI","KOMODITI_2":"0","KONDISI_IR":"0","N_IRIGASI":"BOTOKAN","ADA_TIDAK":"0","ELEVASI":"5,67 m","KEASAMAN_T":"6,3","UNSUR_HARA":"0","REKOMENDAS":"0","BAPPEDA":"TIKUS","KETERANGAN":"-","IP":"200","IRPOM":"0","TglTnmPadi":"DESEMBER 2024","TglPnnPadi":"APRIL 2025","layer":"LAHAN_SAWAH","path":"C:/Users/bppta/Documents/ArcGIS/Kec. Taman/Kec. Taman/Kec. Taman/LAHAN_SAWAH.shp"}},
{"type":"Feature","geometry":{"type":"Polygon","coordinates":[[[112.67177987950186,-7.379056741704778],[112.6672175633338,-7.378260368599199],[112.66523040361629,-7.377916226871667],[112.66513948882492,-7.3781370054436195],[112.66477305183001,-7.378960298950977],[112.66464456093581,-7.379217280739397],[112.66460648955956,-7.3793600483996125],[112.66452558788522,-7.379550405279904],[112.66443000000002,-7.37980999223847],[112.66421935536995,-7.380330479546949],[112.66634773565033,-7.380778674821591],[112.66764577921843,-7.381058594613994],[112.66812405088068,-7.381158531976183],[112.67020845872173,-7.381472620828696],[112.67072718122097,-7.381515451126723],[112.67133254257988,-7.381009979948762],[112.67137915353656,-7.380711193307476],[112.67146729491093,-7.38020716215089],[112.67154729527691,-7.379857161907669],[112.6716123407151,-7.379588087713782],[112.67175295552373,-7.379157707058082],[112.67177987950186,-7.379056741704778]]]},"properties":{"KDPPUM":"","NAMOBJ":"","REMARK":"","KDPBPS":"","FCODE":"","LUASWH":null,"UUPP":"","SRS_ID":"","LCODE":"","METADATA":"","KDEBPS":"","KDEPUM":"","KDCBPS":"","KDCPUM":"","KDBBPS":"","KDBPUM":"","WADMKD":"","WIADKD":"","WADMKC":"Taman","WIADKC":"","WADMKK":"","WIADKK":"","WADMPR":"","WIADPR":"","TIPADM":null,"SHAPE_Leng":null,"SHAPE_Area":null,"Luas":76.3968300679,"NAMA_BLOK":"KEPUH","KELOMPOK_T":"SAMBI TANI 1","NAMA_DESA":"SAMBIBULU","KARTU_TANI":"0","KARTU_TA_1":"0","PANEN_TAHU":"0","PRODUKTIFI":"6,4","POLA_TANAM":"BERA-PADI-PADI","KOMODITI_2":"0","KONDISI_IR":"LANCAR","N_IRIGASI":"BOTOKAN","ADA_TIDAK":"0","ELEVASI":"7,99","KEASAMAN_T":"5,8","UNSUR_HARA":"0","REKOMENDAS":"0","BAPPEDA":"0","KETERANGAN":"BANYAK BLOK DAN 3 POKTAN JADI 1 GAMBAR (SEHARUSNYA DIPISAH)","IP":"200","IRPOM":"ADA","TglTnmPadi":"25 Nov s/d 5 Januari 2025","TglPnnPadi":"Maret s/d April 2025","layer":"LAHAN_SAWAH","path":"C:/Users/bppta/Documents/ArcGIS/Kec. Taman/Kec. Taman/Kec. Taman/LAHAN_SAWAH.shp"}},
{"type":"Feature","geometry":{"type":"MultiPolygon","coordinates":[[[[112.6730220627038,-7.357154992943908],[112.67365828456876,-7.353425854491374],[112.67293373357109,-7.3534262130435675],[112.6725696811585,-7.355467432032509],[112.67245546703032,-7.3560741945885235],[112.67231850922064,-7.3568400835990495],[112.67225460691145,-7.357284760845528],[112.6730220627038,-7.357154992943908]]],[[[112.67257708874023,-7.353426389533234],[112.67171080281103,-7.353389924630248],[112.6715851672701,-7.354099955793796],[112.67149379596742,-7.354092341518542],[112.67144891494866,-7.354378191744868],[112.67121907180079,-7.354305398830752],[112.67088154041947,-7.355782290163609],[112.67059733818631,-7.35707972197335],[112.67074961953777,-7.357100004021741],[112.67069608166514,-7.357370667710927],[112.67079126010536,-7.3574033852996905],[112.67086065253658,-7.357476845147009],[112.67096485806383,-7.357497130631298],[112.67126187715076,-7.357480810001108],[112.67136245342827,-7.357463257479552],[112.67169324545524,-7.3573905029091655],[112.67186549706855,-7.357355608394984],[112.67204207137239,-7.356318374876705],[112.67222612268118,-7.355300262999743],[112.67238971062544,-7.3544139137758755],[112.67257708874023,-7.353426389533234]]]]},"properties":{"KDPPUM":"","NAMOBJ":"","REMARK":"","KDPBPS":"","FCODE":"","LUASWH":null,"UUPP":"","SRS_ID":"","LCODE":"","METADATA":"","KDEBPS":"","KDEPUM":"","KDCBPS":"","KDCPUM":"","KDBBPS":"","KDBPUM":"","WADMKD":"","WIADKD":"","WADMKC":"Taman","WIADKC":"","WADMKK":"","WIADKK":"","WADMPR":"","WIADPR":"","TIPADM":null,"SHAPE_Leng":null,"SHAPE_Area":null,"Luas":9.75,"NAMA_BLOK":"BARAT","KELOMPOK_T":"PUTRA DELTA 2","NAMA_DESA":"TAWANGSARI","KARTU_TANI":"0","KARTU_TA_1":"0","PANEN_TAHU":"0","PRODUKTIFI":"6,8","POLA_TANAM":"PADI-PADI-PADI","KOMODITI_2":"0","KONDISI_IR":"LANCAR","N_IRIGASI":"PELAYARAN","ADA_TIDAK":"0","ELEVASI":"6,66 m","KEASAMAN_T":"5,2","UNSUR_HARA":"0","REKOMENDAS":"0","BAPPEDA":"0","KETERANGAN":"DI TENGAH GAMBAR ADA YANG SUDAH JADI PEMUKIMAN PENDUDUK","IP":"300","IRPOM":"0","TglTnmPadi":"5 S/D 13 JANUARI 2025","TglPnnPadi":"APRIL 2025","layer":"LAHAN_SAWAH","path":"C:/Users/bppta/Documents/ArcGIS/Kec. Taman/Kec. Taman/Kec. Taman/LAHAN_SAWAH.shp"}},
{"type":"Feature","geometry":{"type":"Polygon","coordinates":[[[112.65429325838933,-7.381138989665871],[112.65427927162021,-7.381291655248464],[112.65427940636754,-7.381289372289153],[112.654262730941,-7.381473156018121],[112.65425622713838,-7.381681947545813],[112.65425627205411,-7.381681195372206],[112.65425527761897,-7.38171245024321],[112.65424228079348,-7.382129674394417],[112.65422946632599,-7.382856807967011],[112.65421999987949,-7.383509992325701],[112.65420999983371,-7.383659991895845],[112.65419883826642,-7.383766025161559],[112.65419218624184,-7.3838549233961235],[112.65419206227419,-7.383854915190493],[112.65419198052746,-7.383856004707962],[112.65419015335418,-7.383855839684922],[112.65419026564358,-7.383854796665656],[112.65418978324827,-7.383854764755121],[112.65412043811442,-7.384381209676244],[112.6554624541219,-7.384416901591385],[112.65850340528742,-7.384459731889527],[112.65841144107877,-7.384138587335205],[112.65832419389913,-7.384028338586342],[112.65832419389913,-7.38385701717645],[112.65839557772937,-7.383722974188334],[112.65839557772937,-7.383535790621627],[112.65839557772937,-7.383373986935311],[112.65839557772937,-7.3831868026006475],[112.65841778587968,-7.38307893324897],[112.65854623558572,-7.38291070277603],[112.65861393125135,-7.3826455118471195],[112.65864248478329,-7.382545574484988],[112.65863669722955,-7.382323851239594],[112.65866525018089,-7.3822350180373615],[112.65875091083149,-7.382019279811711],[112.65882388098213,-7.381879685401926],[112.65884926198201,-7.381784507585639],[112.65890954163261,-7.3816480842298535],[112.65896982128321,-7.381508489022438],[112.65909458237444,-7.381165487102826],[112.65903644573439,-7.381061150268977],[112.65891029311969,-7.38089054038379],[112.6588817395875,-7.380726357574558],[112.6590133008724,-7.380367905969893],[112.65899325635564,-7.379767524466787],[112.65728988017452,-7.380295913078978],[112.65671167114999,-7.3803030514620405],[112.65521974909927,-7.380317328227995],[112.65413563350057,-7.380313134060781],[112.65432000033695,-7.3803499920470905],[112.65432035696801,-7.3803535605311765],[112.65430108357373,-7.380347412468418],[112.65432833849934,-7.380396007624076],[112.65433398800417,-7.3804470130672275],[112.65433285612697,-7.380480959260494],[112.654333001654,-7.380482997873934],[112.65433060584724,-7.380548444114501],[112.65433285612697,-7.380480959260494],[112.6543326629893,-7.380478251442325],[112.65432084295662,-7.380832698609125],[112.65428814517882,-7.381193066793052],[112.65429325838933,-7.381138989665871],[112.65429904623477,-7.381075807152215],[112.65429798442597,-7.381089008011747],[112.65429325838933,-7.381138989665871]]]},"properties":{"KDPPUM":"","NAMOBJ":"","REMARK":"","KDPBPS":"","FCODE":"","LUASWH":null,"UUPP":"","SRS_ID":"","LCODE":"","METADATA":"","KDEBPS":"","KDEPUM":"","KDCBPS":"","KDCPUM":"","KDBBPS":"","KDBPUM":"","WADMKD":"","WIADKD":"","WADMKC":"Taman","WIADKC":"","WADMKK":"","WIADKK":"","WADMPR":"","WIADPR":"","TIPADM":null,"SHAPE_Leng":null,"SHAPE_Area":null,"Luas":0,"NAMA_BLOK":"JUWET","KELOMPOK_T":"TANI ESTU","NAMA_DESA":"BRINGINBENDO","KARTU_TANI":"0","KARTU_TA_1":"0","PANEN_TAHU":"0","PRODUKTIFI":"6,7","POLA_TANAM":"PADI-PADI-BERA","KOMODITI_2":"0","KONDISI_IR":"TIDAK LANCAR","N_IRIGASI":"BOTOKAN","ADA_TIDAK":"0","ELEVASI":"8,25 m","KEASAMAN_T":"5,5","UNSUR_HARA":"0","REKOMENDAS":"0","BAPPEDA":"0","KETERANGAN":"GAMBAR SALAH (3 BLOK JADI 1, SEHARUSNYA DIPISAH), BATAS DESA JUGA SALAH","IP":"200","IRPOM":"0","TglTnmPadi":"10 DES 24 S/D 20 JAN 2025","TglPnnPadi":"MARET S/D APRIL 25","layer":"LAHAN_SAWAH","path":"C:/Users/bppta/Documents/ArcGIS/Kec. Taman/Kec. Taman/Kec. Taman/LAHAN_SAWAH.shp"}},
{"type":"Feature","geometry":{"type":"Polygon","coordinates":[[[112.70084195766083,-7.36302514597457],[112.70156360487124,-7.362908442588876],[112.70169548024988,-7.362886471817784],[112.70224104778333,-7.362795580174045],[112.70281777428043,-7.362709553314064],[112.70245539479309,-7.3601808586413515],[112.702418585426,-7.359924004892277],[112.70193797596926,-7.360043960396089],[112.70113574808124,-7.360282282435123],[112.70005650311565,-7.360658389143756],[112.70016496210995,-7.361130545766271],[112.70060882238668,-7.3630628196733205],[112.70084195766083,-7.36302514597457]]]},"properties":{"KDPPUM":"","NAMOBJ":"","REMARK":"","KDPBPS":"","FCODE":"","LUASWH":null,"UUPP":"","SRS_ID":"","LCODE":"","METADATA":"","KDEBPS":"","KDEPUM":"","KDCBPS":"","KDCPUM":"","KDBBPS":"","KDBPUM":"","WADMKD":"","WIADKD":"","WADMKC":"Taman","WIADKC":"","WADMKK":"","WIADKK":"","WADMPR":"","WIADPR":"","TIPADM":null,"SHAPE_Leng":null,"SHAPE_Area":null,"Luas":1.16866907906,"NAMA_BLOK":"KIDUL","KELOMPOK_T":"REMBESING MADU","NAMA_DESA":"KEDUNGTURI","KARTU_TANI":"0","KARTU_TA_1":"0","PANEN_TAHU":"0","PRODUKTIFI":"6,5","POLA_TANAM":"PADI-PADI-PADI","KOMODITI_2":"0","KONDISI_IR":"TIDAK LANCAR","N_IRIGASI":"BOTOKAN","ADA_TIDAK":"0","ELEVASI":"3,63 m","KEASAMAN_T":"5,8","UNSUR_HARA":"0","REKOMENDAS":"0","BAPPEDA":"0","KETERANGAN":"-","IP":"300","IRPOM":"0","TglTnmPadi":"10 JANUARI 2025","TglPnnPadi":"MEI 2025","layer":"LAHAN_SAWAH","path":"C:/Users/bppta/Documents/ArcGIS/Kec. Taman/Kec. Taman/Kec. Taman/LAHAN_SAWAH.shp"}},
{"type":"Feature","geometry":{"type":"Polygon","coordinates":[[[112.71321645757995,-7.383168528817114],[112.71349918550425,-7.383196133834608],[112.71355629256834,-7.38321041060062],[112.71362291747663,-7.383219928444646],[112.71373237268278,-7.383257999820693],[112.71383231004516,-7.383291312274697],[112.71487927288761,-7.3835007048430406],[112.71573016814341,-7.383652990347284],[112.7158919714917,-7.383719615255353],[112.71603949807411,-7.383729133099377],[112.7161203997483,-7.383729133099377],[112.71613467651433,-7.383714856333426],[112.71615847112433,-7.383610160049252],[112.71647759062671,-7.382269037302502],[112.71648289517861,-7.382233972286601],[112.7164892345895,-7.382192062940683],[112.71424681326481,-7.381911769957368],[112.71346815267826,-7.38179957112192],[112.71312518039451,-7.381759028493131],[112.71309943605523,-7.381844599984463],[112.71303757006909,-7.3822824208091475],[112.71294239162886,-7.382910598514171],[112.71291859701887,-7.383029571564296],[112.71288052564272,-7.383143785692496],[112.71291383809671,-7.383167580302471],[112.71300901653694,-7.3831580624583895],[112.71308515928932,-7.38316282138055],[112.71313274850934,-7.38316282138055],[112.71321645757995,-7.383168528817114],[112.71321840910548,-7.383167580302471],[112.71334214107786,-7.383177098146501],[112.71321645757995,-7.383168528817114]]]},"properties":{"KDPPUM":"","NAMOBJ":"","REMARK":"","KDPBPS":"","FCODE":"","LUASWH":null,"UUPP":"","SRS_ID":"","LCODE":"","METADATA":"","KDEBPS":"","KDEPUM":"","KDCBPS":"","KDCPUM":"","KDBBPS":"","KDBPUM":"","WADMKD":"","WIADKD":"","WADMKC":"Taman","WIADKC":"","WADMKK":"","WIADKK":"","WADMPR":"","WIADPR":"","TIPADM":null,"SHAPE_Leng":null,"SHAPE_Area":null,"Luas":6.65751750037,"NAMA_BLOK":"KUWUNG","KELOMPOK_T":"DEWI SRI 1","NAMA_DESA":"BOHAR","KARTU_TANI":"0","KARTU_TA_1":"0","PANEN_TAHU":"0","PRODUKTIFI":"6,5","POLA_TANAM":"PADI-PADI-PADI","KOMODITI_2":"0","KONDISI_IR":"BOTOKAN","N_IRIGASI":"DUNGUS","ADA_TIDAK":"0","ELEVASI":"2,13 m","KEASAMAN_T":"5,8","UNSUR_HARA":"0","REKOMENDAS":"0","BAPPEDA":"0","KETERANGAN":"","IP":"300","IRPOM":"0","TglTnmPadi":"DESEMBER 24","TglPnnPadi":"APRIL 2025","layer":"LAHAN_SAWAH","path":"C:/Users/bppta/Documents/ArcGIS/Kec. Taman/Kec. Taman/Kec. Taman/LAHAN_SAWAH.shp"}},
{"type":"Feature","geometry":{"type":"Polygon","coordinates":[[[112.71217018316564,-7.381051466145446],[112.7122504899746,-7.381063363450434],[112.71228023323727,-7.380899775506331],[112.71272935650211,-7.379179127768142],[112.71306445608661,-7.377917530542168],[112.71304463508544,-7.377836219464108],[112.71295837962396,-7.377761861307681],[112.71288402146739,-7.377681554498897],[112.71279479167971,-7.377583401732549],[112.71273827948083,-7.3775387868386835],[112.71267000000012,-7.377499992240574],[112.71260275342388,-7.377473093610165],[112.7124684490484,-7.377500612037171],[112.71235423454812,-7.377516475007641],[112.71224953769875,-7.377554547415226],[112.71211946074698,-7.377637035059342],[112.71206235394617,-7.37765924358952],[112.7119640027954,-7.377697314185616],[112.71189420549467,-7.37772586827442],[112.71176095569342,-7.3777766299891345],[112.71161184254285,-7.377840081912514],[112.71145500657565,-7.37786684357257],[112.71139293209126,-7.37786546323144],[112.71128506239198,-7.37786546323144],[112.71118353929045,-7.3778749815681826],[112.71106099740746,-7.3778749815681826],[112.71083205007902,-7.377850109899223],[112.71056170658585,-7.37779883852602],[112.7104443210328,-7.377770285344321],[112.71037452283338,-7.377748075897092],[112.71023081933753,-7.377711325464102],[112.71018099338185,-7.377703660652774],[112.71004139878005,-7.377681451208893],[112.7099842910809,-7.3776687610102325],[112.70992083858097,-7.377656069900315],[112.70989125438734,-7.3777023747826735],[112.70987935708227,-7.377746989676543],[112.70989422871355,-7.377833245137902],[112.7099299206286,-7.377952218188084],[112.70998345850136,-7.378210984572224],[112.70996561254378,-7.3784965198927175],[112.70993289495492,-7.37863036457415],[112.70990315169252,-7.378731491666762],[112.70986448545113,-7.378935233015259],[112.7096011973416,-7.379205063518905],[112.70952415692454,-7.379282696548834],[112.70945753157467,-7.379358838927978],[112.70938456142414,-7.37943498223157],[112.70931159037549,-7.379498434386584],[112.70927351977342,-7.3795269885885055],[112.70914344282208,-7.379625339634762],[112.709099025623,-7.379663410395651],[112.70882941991351,-7.379851325501631],[112.70874019012568,-7.379881068764132],[112.70870449821062,-7.379955426920558],[112.70868665225304,-7.380035733729452],[112.70868367792683,-7.380098194580719],[112.70869260090558,-7.380166604084681],[112.70871044686339,-7.380371832596167],[112.70870747253683,-7.380538394866478],[112.70869068070827,-7.380618995643672],[112.70879729718979,-7.380683244555153],[112.71217018316564,-7.381051466145446]]]},"properties":{"KDPPUM":"","NAMOBJ":"","REMARK":"","KDPBPS":"","FCODE":"","LUASWH":null,"UUPP":"","SRS_ID":"","LCODE":"","METADATA":"","KDEBPS":"","KDEPUM":"","KDCBPS":"","KDCPUM":"","KDBBPS":"","KDBPUM":"","WADMKD":"","WIADKD":"","WADMKC":"Taman","WIADKC":"","WADMKK":"","WIADKK":"","WADMPR":"","WIADPR":"","TIPADM":null,"SHAPE_Leng":null,"SHAPE_Area":null,"Luas":26.6402638833,"NAMA_BLOK":"BULU","KELOMPOK_T":"DEWI SRI 1","NAMA_DESA":"BOHAR","KARTU_TANI":"0","KARTU_TA_1":"0","PANEN_TAHU":"0","PRODUKTIFI":"6,8","POLA_TANAM":"PADI-PADI-PADI","KOMODITI_2":"0","KONDISI_IR":"KURANG LANCAR","N_IRIGASI":"DUNGUS","ADA_TIDAK":"0","ELEVASI":"3,13 m","KEASAMAN_T":"6,0","UNSUR_HARA":"0","REKOMENDAS":"0","BAPPEDA":"0","KETERANGAN":"2 BLOK JADI 1 (HARUSNYA DIPISAH)","IP":"300","IRPOM":"0","TglTnmPadi":"DESEMBER 2024","TglPnnPadi":"APRIL 2025","layer":"LAHAN_SAWAH","path":"C:/Users/bppta/Documents/ArcGIS/Kec. Taman/Kec. Taman/Kec. Taman/LAHAN_SAWAH.shp"}},
{"type":"Feature","geometry":{"type":"Polygon","coordinates":[[[112.63414568599183,-7.366568938828217],[112.63415432239495,-7.366563022836592],[112.63414211878182,-7.36656959433724],[112.63413607222165,-7.366573810928642],[112.63414568599183,-7.366568938828217]]]},"properties":{"KDPPUM":"","NAMOBJ":"","REMARK":"","KDPBPS":"","FCODE":"","LUASWH":null,"UUPP":"","SRS_ID":"","LCODE":"","METADATA":"","KDEBPS":"","KDEPUM":"","KDCBPS":"","KDCPUM":"","KDBBPS":"","KDBPUM":"","WADMKD":"","WIADKD":"","WADMKC":"Taman","WIADKC":"","WADMKK":"","WIADKK":"","WADMPR":"","WIADPR":"","TIPADM":null,"SHAPE_Leng":null,"SHAPE_Area":null,"Luas":0.00001619082,"NAMA_BLOK":"","KELOMPOK_T":"","NAMA_DESA":"","KARTU_TANI":"","KARTU_TA_1":"","PANEN_TAHU":"","PRODUKTIFI":"","POLA_TANAM":"","KOMODITI_2":"","KONDISI_IR":"","N_IRIGASI":"","ADA_TIDAK":"","ELEVASI":"","KEASAMAN_T":"","UNSUR_HARA":"","REKOMENDAS":"","BAPPEDA":"","KETERANGAN":"","IP":"","IRPOM":"","TglTnmPadi":"","TglPnnPadi":"","layer":"LAHAN_SAWAH","path":"C:/Users/bppta/Documents/ArcGIS/Kec. Taman/Kec. Taman/Kec. Taman/LAHAN_SAWAH.shp"}},
{"type":"Feature","geometry":{"type":"Polygon","coordinates":[[[112.63350152835618,-7.367385462196242],[112.63334603087888,-7.3672449259380155],[112.63333613054623,-7.367235024911082],[112.6332652265206,-7.367279220325758],[112.63324323486414,-7.367260747524431],[112.63293555020117,-7.3674638198309506],[112.63275765323236,-7.367577677153288],[112.63270873816839,-7.367614997490098],[112.63252223713562,-7.367725587325512],[112.63167413940776,-7.368106585153289],[112.63174335108181,-7.368895140238328],[112.63180878625951,-7.3695970812345415],[112.63202209744644,-7.372041228420498],[112.63237559884372,-7.372066782688708],[112.63238410588929,-7.372036015332159],[112.63239168497545,-7.371998121169451],[112.63239802977625,-7.371918805462283],[112.63242341077625,-7.371861698015801],[112.63246465512587,-7.371798246015057],[112.63249955377648,-7.371747484056028],[112.63254714292702,-7.371703067574628],[112.63257252392691,-7.371684032071258],[112.63267500912445,-7.371645148737335],[112.63267717226756,-7.371644328202303],[112.63280022834488,-7.37165430373186],[112.63288350948028,-7.371692969973203],[112.63294597033156,-7.371877378201027],[112.63304114877178,-7.371874403874711],[112.63303520011937,-7.371945787704874],[112.63311848125464,-7.3719547106836005],[112.63311272968029,-7.372137903961568],[112.63323383705345,-7.372140690632982],[112.63330000000006,-7.370762853863723],[112.633419999956,-7.370649992160286],[112.63356999974371,-7.37057999247413],[112.63396999977681,-7.370569991998841],[112.63396999977681,-7.370369992568759],[112.63394999968523,-7.369989992161367],[112.63392376528589,-7.369509016580229],[112.63385103139217,-7.369222927529975],[112.633728029572,-7.368091862955888],[112.63368603063736,-7.3676729249313775],[112.63366345417774,-7.367596900294451],[112.63363000001813,-7.36752999264381],[112.63350152835618,-7.367385462196242]]]},"properties":{"KDPPUM":"","NAMOBJ":"","REMARK":"","KDPBPS":"","FCODE":"","LUASWH":null,"UUPP":"","SRS_ID":"","LCODE":"","METADATA":"","KDEBPS":"","KDEPUM":"","KDCBPS":"","KDCPUM":"","KDBBPS":"","KDBPUM":"","WADMKD":"","WIADKD":"","WADMKC":"Taman","WIADKC":"","WADMKK":"","WIADKK":"","WADMPR":"","WIADPR":"","TIPADM":null,"SHAPE_Leng":null,"SHAPE_Area":null,"Luas":18.5645183798,"NAMA_BLOK":"BANJARSARI TIMUR","KELOMPOK_T":"BANJARSARI MAKMUR","NAMA_DESA":"PERTAPAN MADURETNO","KARTU_TANI":"0","KARTU_TA_1":"0","PANEN_TAHU":"0","PRODUKTIFI":"6,7","POLA_TANAM":"BERA-PADI-PADI","KOMODITI_2":"0","KONDISI_IR":"LANCAR","N_IRIGASI":"PELAYARAN","ADA_TIDAK":"0","ELEVASI":"9,24 m","KEASAMAN_T":"5,5","UNSUR_HARA":"0","REKOMENDAS":"0","BAPPEDA":"0","KETERANGAN":"SISI BARAT DAYA ADALAH SAWAH DESA TROSOBO BLOK SIDOROGO TANJUNG","IP":"BERA-PADI-PADI","IRPOM":"0","TglTnmPadi":"1 s/d 17 DESEMBER 2025","TglPnnPadi":"15 s/d 30 Maret 2025","layer":"LAHAN_SAWAH","path":"C:/Users/bppta/Documents/ArcGIS/Kec. Taman/Kec. Taman/Kec. Taman/LAHAN_SAWAH.shp"}},
{"type":"Feature","geometry":{"type":"MultiPolygon","coordinates":[[[[112.63125561464574,-7.374803898789345],[112.63125878749509,-7.374743620044203],[112.63125878749509,-7.374682383097795],[112.63125878749509,-7.374654785584313],[112.63125878749509,-7.374591334102607],[112.63125244179616,-7.3745088460956065],[112.63125466332973,-7.374419988889021],[112.63127465084483,-7.374191585230592],[112.63127782638945,-7.374167449512466],[112.63128006049942,-7.374150467989364],[112.63130320379626,-7.373915767283962],[112.63131242230759,-7.373676912038541],[112.63130954859707,-7.373639550175739],[112.63131272144663,-7.373538025847787],[112.63133492959695,-7.37345553803189],[112.63137300199537,-7.373376222978595],[112.63137386976803,-7.373374102343107],[112.6314015549468,-7.373306425269102],[112.63143645359717,-7.373227110241726],[112.6314618345974,-7.373157311643429],[112.6315062517964,-7.37308434213341],[112.63154114954862,-7.373020889959297],[112.63155985516777,-7.3729877958569485],[112.63158239389826,-7.372947919559508],[112.63169026269928,-7.372754390376878],[112.63180447630123,-7.372541824824814],[112.63186158400025,-7.372446647136138],[112.63191212501499,-7.372411268337512],[112.6319455279704,-7.372409982830531],[112.63206598888257,-7.372022023772603],[112.63160876124833,-7.371988971236893],[112.63148509557332,-7.371977192902848],[112.63118876202235,-7.371948971034836],[112.63098876200581,-7.371928970935145],[112.63068226016001,-7.371900773738317],[112.62990479190192,-7.371792843188785],[112.62961072929191,-7.371759842169808],[112.62939979138854,-7.371741905268794],[112.62939755188857,-7.371740478449244],[112.62933876164459,-7.371738971399473],[112.62933025639563,-7.371764487311338],[112.62931973892024,-7.371796037806315],[112.62929876146188,-7.371858971048963],[112.62932458353451,-7.372039727754867],[112.62932876159901,-7.372068970739746],[112.62933061841647,-7.372130243802419],[112.62933876164459,-7.372398971231273],[112.62928876141608,-7.372618970780311],[112.62924876123304,-7.372888971242485],[112.62921876199401,-7.373228971039463],[112.6292293935554,-7.373319345097043],[112.62923876118725,-7.373398971033306],[112.62922466033238,-7.373492979198197],[112.62917876181098,-7.373798970840421],[112.62910876149088,-7.374118971121887],[112.62908645722086,-7.374490703039309],[112.62907876135364,-7.374618970815768],[112.62907432098109,-7.374628375121202],[112.62894731716653,-7.374897323748945],[112.62894396555191,-7.374904421428255],[112.62896170548231,-7.374914763891401],[112.6290704025299,-7.374940643754619],[112.629148998829,-7.374959356649019],[112.62924734997954,-7.374953012043203],[112.62932031923184,-7.374937149161636],[112.62942184323207,-7.374908596158316],[112.62948846858158,-7.374892732366456],[112.62958999168369,-7.37487052397066],[112.62974842485515,-7.374844686961689],[112.62983508443243,-7.3748536846481905],[112.6300423814639,-7.3749321903586935],[112.63008932113256,-7.374948984098481],[112.63013090235052,-7.374960355885721],[112.63029054375625,-7.375004375180898],[112.63049707901654,-7.375061155719802],[112.63067817578438,-7.37509668698055],[112.63104046094873,-7.375090843814686],[112.63116359751633,-7.375085930595789],[112.63118299753307,-7.375004375180898],[112.63122946648456,-7.375004375180898],[112.63125561464574,-7.374803898789345]]],[[[112.62908999991214,-7.374139992382504],[112.62916000023232,-7.373819992100982],[112.62920589875374,-7.373514000458815],[112.62920702973247,-7.373383863084633],[112.62921063197665,-7.373340366357657],[112.62920000041527,-7.37324999230008],[112.62922999965429,-7.372909992503046],[112.62926999983733,-7.372639992040875],[112.62932000006595,-7.37241999249189],[112.62931185683783,-7.372151265063036],[112.62930582195577,-7.3720607490154855],[112.62927999988312,-7.371879992309522],[112.62930097734146,-7.3718170590669345],[112.62930096925673,-7.371788927469059],[112.62926590387245,-7.3715716055646725],[112.62914217190028,-7.371514498500573],[112.6285060320954,-7.3714429260972],[112.62837603060244,-7.371414924896193],[112.62829583889538,-7.371820454259879],[112.62827218805069,-7.372018259850612],[112.62819059407343,-7.372484822169115],[112.62784508551465,-7.374036274427516],[112.62795705472695,-7.374117756438223],[112.62802843855707,-7.374184381346348],[112.6281093402314,-7.37423197056642],[112.62823307220377,-7.374322390084524],[112.62831873279994,-7.374389014992649],[112.62826686283756,-7.374470205878652],[112.62839419004604,-7.374555248490289],[112.62853764321254,-7.374507988042775],[112.62865185734063,-7.374536541574907],[112.62877083039108,-7.374617443248987],[112.6288422142211,-7.374703103845163],[112.62891359805131,-7.3747744876752135],[112.62896509214532,-7.374840973656034],[112.62905555940246,-7.374649396381819],[112.62906769564222,-7.374511724299927],[112.62908999991214,-7.374139992382504]]]]},"properties":{"KDPPUM":"","NAMOBJ":"","REMARK":"","KDPBPS":"","FCODE":"","LUASWH":null,"UUPP":"","SRS_ID":"","LCODE":"","METADATA":"","KDEBPS":"","KDEPUM":"","KDCBPS":"","KDCPUM":"","KDBBPS":"","KDBPUM":"","WADMKD":"","WIADKD":"","WADMKC":"Taman","WIADKC":"","WADMKK":"","WIADKK":"","WADMPR":"","WIADPR":"","TIPADM":null,"SHAPE_Leng":null,"SHAPE_Area":null,"Luas":12.460713468,"NAMA_BLOK":"SIDOROGO TANJUNG","KELOMPOK_T":"SUGIH WARAS 1","NAMA_DESA":"TROSOBO","KARTU_TANI":"0","KARTU_TA_1":"0","PANEN_TAHU":"0","PRODUKTIFI":"6,7","POLA_TANAM":"BERA-PADI-PADI","KOMODITI_2":"0","KONDISI_IR":"TIDAK LANCAR (SERING BANJIR)","N_IRIGASI":"PELAYARAN","ADA_TIDAK":"0","ELEVASI":"9,24 m","KEASAMAN_T":"5,5","UNSUR_HARA":"0","REKOMENDAS":"0","BAPPEDA":"0","KETERANGAN":"GAMBAR BLOK TIDAK BERATURAN, HARUSNYA TIDAK JADI 1","IP":"200","IRPOM":"0","TglTnmPadi":"BELUM TANAM","TglPnnPadi":"-","layer":"LAHAN_SAWAH","path":"C:/Users/bppta/Documents/ArcGIS/Kec. Taman/Kec. Taman/Kec. Taman/LAHAN_SAWAH.shp"}},
{"type":"Feature","geometry":{"type":"Polygon","coordinates":[[[112.64773499628154,-7.366878562645314],[112.64817351336387,-7.366874824600948],[112.6483216671138,-7.36687038646468],[112.64835643281366,-7.3668875692001805],[112.64838659285111,-7.366937335044745],[112.64837815407735,-7.367104645910082],[112.64839680310263,-7.367249251939328],[112.64840639531336,-7.367393890835726],[112.64840666211272,-7.367465983288455],[112.64843199460392,-7.367556764637546],[112.64849750065262,-7.367640874201696],[112.64854706699532,-7.367666780089308],[112.64860667470576,-7.3676689399010495],[112.64863827743739,-7.367676703006472],[112.64894904422032,-7.367751765815518],[112.64929823733743,-7.367825967082352],[112.64945674686578,-7.367871974098375],[112.64948615680997,-7.3678459250626585],[112.6495252308299,-7.367629678555606],[112.64955835800252,-7.3676030761334115],[112.64989806760535,-7.36761046088318],[112.6500069272481,-7.367584745543743],[112.65006599417312,-7.36755576815229],[112.65009160065027,-7.367536875958968],[112.6501262441792,-7.367490405834554],[112.65022850569632,-7.367406760351898],[112.65034004142011,-7.367364158571286],[112.65048036186067,-7.367345556305494],[112.65059838431931,-7.367384989025433],[112.65064373666485,-7.367415279249862],[112.650707189165,-7.3674787315510795],[112.65074208781537,-7.367523148531795],[112.65078967696593,-7.36759611805807],[112.65085312856763,-7.367684951135131],[112.65090071861653,-7.367761094307522],[112.65097686071852,-7.3678308911628845],[112.6510530037185,-7.3678879981034076],[112.65112100798204,-7.3679263450378185],[112.65121271698956,-7.367978059295096],[112.65121589882209,-7.367979853517306],[112.65130290155571,-7.368002587625713],[112.65145757348148,-7.368039414768447],[112.65145999983088,-7.368039991873585],[112.651570000334,-7.368069992221421],[112.65159396379259,-7.368075201666378],[112.65164285999184,-7.368058726363936],[112.65166898569521,-7.368031595131617],[112.65176366992284,-7.36799586749755],[112.65186836587428,-7.367989522077453],[112.65189480508968,-7.367942200380696],[112.65273042784838,-7.364873127396884],[112.65265755741109,-7.364864640455836],[112.6524759378235,-7.364843489201425],[112.65211650930189,-7.3648016306894455],[112.65200078832686,-7.36478815406021],[112.65129012032594,-7.364713806506045],[112.65082522060686,-7.364663569560111],[112.65011634743962,-7.364586968325201],[112.64997362400561,-7.364573855467128],[112.6495198472263,-7.364516345974815],[112.64939650763971,-7.364492227181474],[112.64941865021298,-7.364356512838541],[112.64943561220217,-7.364228071093087],[112.64934613820333,-7.364210938600968],[112.64936809572372,-7.363969398974775],[112.6493715183052,-7.363931747993328],[112.64887976255216,-7.363880986000143],[112.64885573441494,-7.364079769118789],[112.64884432581071,-7.36418476031469],[112.64883860983069,-7.364237363045346],[112.64881024372892,-7.364322218671068],[112.6487767141109,-7.364361391297177],[112.64874240834854,-7.364366594317752],[112.64789998085155,-7.364433657402745],[112.64776102944349,-7.364429840151848],[112.64772547880318,-7.365013108106076],[112.64772547880318,-7.365522312760751],[112.64773499628154,-7.366878562645314]]]},"properties":{"KDPPUM":"","NAMOBJ":"","REMARK":"","KDPBPS":"","FCODE":"","LUASWH":null,"UUPP":"","SRS_ID":"","LCODE":"","METADATA":"","KDEBPS":"","KDEPUM":"","KDCBPS":"","KDCPUM":"","KDBBPS":"","KDBPUM":"","WADMKD":"","WIADKD":"","WADMKC":"Taman","WIADKC":"","WADMKK":"","WIADKK":"","WADMPR":"","WIADPR":"","TIPADM":null,"SHAPE_Leng":null,"SHAPE_Area":null,"Luas":18.188065282,"NAMA_BLOK":"DODOKAN","KELOMPOK_T":"HARAPAN TANI 3","NAMA_DESA":"TANJUNGSARI","KARTU_TANI":"0","KARTU_TA_1":"0","PANEN_TAHU":"0","PRODUKTIFI":"6,7","POLA_TANAM":"PADI-PADI-PADI","KOMODITI_2":"0","KONDISI_IR":"LANCAR","N_IRIGASI":"PELAYARAN","ADA_TIDAK":"0","ELEVASI":"8,97 m","KEASAMAN_T":"5,3","UNSUR_HARA":"0","REKOMENDAS":"0","BAPPEDA":"Tikus dan Penggerek Batang","KETERANGAN":"-","IP":"300","IRPOM":"0","TglTnmPadi":"25 OKT 24 S/D 18 NOV 2024","TglPnnPadi":"FEBRUARI 2025","layer":"LAHAN_SAWAH","path":"C:/Users/bppta/Documents/ArcGIS/Kec. Taman/Kec. Taman/Kec. Taman/LAHAN_SAWAH.shp"}},
{"type":"Feature","geometry":{"type":"Polygon","coordinates":[[[112.6416511285539,-7.364508895401957],[112.64100415174437,-7.364658385988852],[112.6410040170116,-7.3652721719227205],[112.64090979035562,-7.36527788262926],[112.64091407338547,-7.364923818831873],[112.64083697884892,-7.364922391155295],[112.64083337144905,-7.364697846517103],[112.63913524140126,-7.365090216774853],[112.63913709190626,-7.365196267116781],[112.63915422402556,-7.36536187760265],[112.63917849452785,-7.365677394131738],[112.63908426787201,-7.365677394131738],[112.63906570807615,-7.365454676581832],[112.63904143757394,-7.365234814385076],[112.63903429919094,-7.3651077511674465],[112.6382777257694,-7.365295871354422],[112.63831770071431,-7.365619478050791],[112.63835767565934,-7.3659830596923195],[112.63807975461383,-7.365981632015683],[112.63837897886867,-7.369012601736055],[112.63879977951422,-7.368979237330462],[112.63880691789723,-7.369217659323074],[112.6390938808946,-7.369219086999596],[112.63915384331186,-7.36921480396986],[112.63947007367936,-7.3691962441740575],[112.63988999990703,-7.3691999918747575],[112.64121574617978,-7.369182197300625],[112.64134903011676,-7.369177925983077],[112.64163167783441,-7.369121219117284],[112.64227140587762,-7.368953671380132],[112.64227561178974,-7.3689473305052315],[112.64252929602593,-7.3685648870199945],[112.64281181708121,-7.368183054694219],[112.64285057669065,-7.3681460114672035],[112.64293482339303,-7.367993398618479],[112.64295670994659,-7.367899882088052],[112.64300436018253,-7.367249965797912],[112.64306160801901,-7.367146805493519],[112.64313767597092,-7.367118874128689],[112.64339656505284,-7.364447093819754],[112.6434268783388,-7.364098590312692],[112.64293350592139,-7.36421258903906],[112.64283739171663,-7.3651571249833],[112.64247333418278,-7.3651571249833],[112.64251384516162,-7.364309555935509],[112.64185126252106,-7.364462652408665],[112.64175235749791,-7.368131451237843],[112.64155248277346,-7.368152866386856],[112.6416511285539,-7.364508895401957]]]},"properties":{"KDPPUM":"","NAMOBJ":"","REMARK":"","KDPBPS":"","FCODE":"","LUASWH":null,"UUPP":"","SRS_ID":"","LCODE":"","METADATA":"","KDEBPS":"","KDEPUM":"","KDCBPS":"","KDCPUM":"","KDBBPS":"","KDBPUM":"","WADMKD":"","WIADKD":"","WADMKC":"Taman","WIADKC":"","WADMKK":"","WIADKK":"","WADMPR":"","WIADPR":"","TIPADM":null,"SHAPE_Leng":null,"SHAPE_Area":null,"Luas":35.6234815109,"NAMA_BLOK":"TANJUNG ANOM TIMUR","KELOMPOK_T":"HARAPAN TANI 1 DAN 2","NAMA_DESA":"TANJUNGSARI","KARTU_TANI":"0","KARTU_TA_1":"0","PANEN_TAHU":"0","PRODUKTIFI":"6,7","POLA_TANAM":"PADI-PADI-PADI","KOMODITI_2":"0","KONDISI_IR":"LANCAR","N_IRIGASI":"PELAYARAN","ADA_TIDAK":"0","ELEVASI":"8,44 m","KEASAMAN_T":"5,4","UNSUR_HARA":"0","REKOMENDAS":"0","BAPPEDA":"0","KETERANGAN":"-","IP":"300","IRPOM":"0","TglTnmPadi":"1S/D 31 DES 2024","TglPnnPadi":"10 APRIL 2025","layer":"LAHAN_SAWAH","path":"C:/Users/bppta/Documents/ArcGIS/Kec. Taman/Kec. Taman/Kec. Taman/LAHAN_SAWAH.shp"}},
{"type":"Feature","geometry":{"type":"Polygon","coordinates":[[[112.69639025733238,-7.357721016962221],[112.69641694280972,-7.3576516929920315],[112.696464260123,-7.357620147878137],[112.69657398718583,-7.357546995950311],[112.69675482613728,-7.357542237906159],[112.69691187141198,-7.357546995950311],[112.6970451212129,-7.357570791642134],[112.69720692396527,-7.357575550598282],[112.69721248975041,-7.357519925350254],[112.69720773082862,-7.357434264754133],[112.69721724867236,-7.35728197924989],[112.69720297190632,-7.357029756383515],[112.69729815034657,-7.356944095787399],[112.69737429309907,-7.356844158425269],[112.6973457395669,-7.35672518537503],[112.69730766819065,-7.356644283700952],[112.69737905202088,-7.3564872392746645],[112.69749326614918,-7.356177909344191],[112.69761699812135,-7.35609700767006],[112.69774548901592,-7.355925686477762],[112.69776452470376,-7.3557734009735185],[112.69755037321328,-7.355825749115633],[112.69741236447497,-7.355873338335706],[112.69728387358064,-7.356001829229798],[112.69716965945234,-7.356125561202077],[112.69706496316802,-7.3562588110182725],[112.69696502580574,-7.356273087784337],[112.69676991000334,-7.356282605628362],[112.69649389252673,-7.356339712692462],[112.69632093182757,-7.356372364990991],[112.69613697337581,-7.356344471614448],[112.69597992894944,-7.356249293174302],[112.69583716128898,-7.35614935581206],[112.69570867039465,-7.356011347073882],[112.69542708740141,-7.3560479364262115],[112.69530335525063,-7.356062213247074],[112.69516058779925,-7.3561335973585],[112.69478463297128,-7.356328712163458],[112.69423751943748,-7.356618848246172],[112.69437498503213,-7.357046793493284],[112.69463533981444,-7.357857308670526],[112.69470343187447,-7.358069287293086],[112.6949044125746,-7.358054828183963],[112.69516058779925,-7.3580514419074765],[112.69537605193544,-7.3580098614053435],[112.69541317036715,-7.357940505476704],[112.69639025733238,-7.357721016962221]]]},"properties":{"KDPPUM":"","NAMOBJ":"","REMARK":"","KDPBPS":"","FCODE":"","LUASWH":null,"UUPP":"","SRS_ID":"","LCODE":"","METADATA":"","KDEBPS":"","KDEPUM":"","KDCBPS":"","KDCPUM":"","KDBBPS":"","KDBPUM":"","WADMKD":"","WIADKD":"","WADMKC":"Taman","WIADKC":"","WADMKK":"","WIADKK":"","WADMPR":"","WIADPR":"","TIPADM":null,"SHAPE_Leng":null,"SHAPE_Area":null,"Luas":4.20779517492,"NAMA_BLOK":"SELATAN","KELOMPOK_T":"ANUGRAH","NAMA_DESA":"TAMAN","KARTU_TANI":"0","KARTU_TA_1":"0","PANEN_TAHU":"0","PRODUKTIFI":"6,7","POLA_TANAM":"PADI-BERA-PADI","KOMODITI_2":"0","KONDISI_IR":"TIDAK LANCAR","N_IRIGASI":"BOTOKAN","ADA_TIDAK":"0","ELEVASI":"5,21 m","KEASAMAN_T":"6,2","UNSUR_HARA":"0","REKOMENDAS":"0","BAPPEDA":"0","KETERANGAN":"hARUSNYA MASUK KELURAHAN TAMAN, BUKAM GELURAN","IP":"200","IRPOM":"0","TglTnmPadi":"24 JANUARI 2025","TglPnnPadi":"MEI 2025","layer":"LAHAN_SAWAH","path":"C:/Users/bppta/Documents/ArcGIS/Kec. Taman/Kec. Taman/Kec. Taman/LAHAN_SAWAH.shp"}},
{"type":"Feature","geometry":{"type":"MultiPolygon","coordinates":[[[[112.65060000038851,-7.380849992190942],[112.65166967980916,-7.380909784104091],[112.65248345547307,-7.380981167934314],[112.6542569672979,-7.381570073142926],[112.65430108357373,-7.380347412468418],[112.65275829186781,-7.380353892612134],[112.65144999978531,-7.380399991854277],[112.65060000038851,-7.380849992190942]]],[[[112.65060000038851,-7.380849992190942],[112.65131342762392,-7.380417503536334],[112.65146196151169,-7.380332953355313],[112.65247275654724,-7.380312014098432],[112.65267834197788,-7.380302496254405],[112.65406337864033,-7.380298689116866],[112.65428721453713,-7.3779818079376],[112.65324067999744,-7.377919941951462],[112.65297270509916,-7.377957061543122],[112.65259722615235,-7.378035583756239],[112.65221560819622,-7.378042722139244],[112.65212423689375,-7.378062709611624],[112.65209770590353,-7.378122315109789],[112.65205368587486,-7.378255564925981],[112.6519192463279,-7.378212734627895],[112.65177885812886,-7.378210355166989],[112.65176815055416,-7.378260323848081],[112.65175268405778,-7.378355502288227],[112.65171818187287,-7.3785048134661535],[112.65168011049694,-7.378608320019784],[112.65167177654372,-7.3786681790391455],[112.65164203912069,-7.378768933637516],[112.65162776235479,-7.378866491538737],[112.6514945125384,-7.378884337496252],[112.6514742871201,-7.378962264844124],[112.65146001035384,-7.379038407596219],[112.65144692331819,-7.379128827114323],[112.65142074924734,-7.379191882831003],[112.65138386760167,-7.379212108249476],[112.65129939673602,-7.3792049698665325],[112.65118636580883,-7.379199196595794],[112.6511419504062,-7.379199196595794],[112.65104835689215,-7.379217042553304],[112.65097638490441,-7.379262433849774],[112.6509609184078,-7.379301694956244],[112.65095259029431,-7.379342145793313],[112.6509359340673,-7.379426616659004],[112.65093474433672,-7.379494431297556],[112.65089429349973,-7.379597937851188],[112.65083004805251,-7.379759027361226],[112.65075985395286,-7.379784011701743],[112.65067538308723,-7.379801857659315],[112.65058972249096,-7.379870862028404],[112.65051239000832,-7.379936297205989],[112.65044576510002,-7.379987455617562],[112.65039936561061,-7.380017198880066],[112.65034463800737,-7.380051701064611],[112.65028851585225,-7.380087528022491],[112.65022823709978,-7.38013511720624],[112.65015526694935,-7.380170016126527],[112.6500632605996,-7.380204915049428],[112.65001249859947,-7.380220778114259],[112.64985611086831,-7.380280777724162],[112.64980992541619,-7.380562973995048],[112.64973305545902,-7.38112285144564],[112.65032191880755,-7.38125726771971],[112.65037395624836,-7.381258713243924],[112.65040010324367,-7.381191873342454],[112.65046553842113,-7.3810395878382105],[112.6505488195563,-7.380896820177991],[112.650584085835,-7.380886240517831],[112.65060000038851,-7.380849992190942]]]]},"properties":{"KDPPUM":"","NAMOBJ":"","REMARK":"","KDPBPS":"","FCODE":"","LUASWH":null,"UUPP":"","SRS_ID":"","LCODE":"","METADATA":"","KDEBPS":"","KDEPUM":"","KDCBPS":"","KDCPUM":"","KDBBPS":"","KDBPUM":"","WADMKD":"","WIADKD":"","WADMKC":"TAMAN","WIADKC":"","WADMKK":"","WIADKK":"","WADMPR":"","WIADPR":"","TIPADM":null,"SHAPE_Leng":null,"SHAPE_Area":null,"Luas":0,"NAMA_BLOK":"NITEN","KELOMPOK_T":"TANI ESTU","NAMA_DESA":"BRINGINBENDO","KARTU_TANI":"0","KARTU_TA_1":"0","PANEN_TAHU":"0","PRODUKTIFI":"6,7","POLA_TANAM":"PADI-PADI-PADI","KOMODITI_2":"0","KONDISI_IR":"TIDAK LANCAR","N_IRIGASI":"BOTOKAN","ADA_TIDAK":"0","ELEVASI":"8,12 m","KEASAMAN_T":"5,5","UNSUR_HARA":"0","REKOMENDAS":"0","BAPPEDA":"0","KETERANGAN":"JADI 1 BLOK NITEN","IP":"300","IRPOM":"0","TglTnmPadi":"10 DES 24 S/D 20 JAN 2025","TglPnnPadi":"","layer":"LAHAN_SAWAH","path":"C:/Users/bppta/Documents/ArcGIS/Kec. Taman/Kec. Taman/Kec. Taman/LAHAN_SAWAH.shp"}},
{"type":"Feature","geometry":{"type":"MultiPolygon","coordinates":[[[[112.63234142989141,-7.3890217407169905],[112.63233612466443,-7.389018165455465],[112.6323408835866,-7.389022924377447],[112.63234142989141,-7.3890217407169905]]],[[[112.63234142989141,-7.3890217407169905],[112.63277394548969,-7.389313218619868],[112.63286912392995,-7.3891609331156225],[112.63239799065069,-7.388899192405337],[112.63234142989141,-7.3890217407169905]]],[[[112.63306524716528,-7.3888238495416125],[112.63285453833237,-7.388724660437486],[112.63256233699438,-7.3885860047878325],[112.6324401233271,-7.388770214048459],[112.63293349305934,-7.389031549449651],[112.63306524716528,-7.3888238495416125]]],[[[112.6333245042341,-7.388415152836028],[112.63314102191087,-7.388341951404232],[112.63292449095934,-7.388220598893033],[112.6327717295627,-7.388095835821098],[112.63265261026264,-7.388353927637737],[112.63296018287451,-7.388522790440444],[112.63318985960585,-7.388627408647509],[112.6333245042341,-7.388415152836028]]],[[[112.63358825015871,-7.387999379804765],[112.63295209767159,-7.38767055127117],[112.63293876772535,-7.387692358550137],[112.63282407770487,-7.387986380614942],[112.6334101436903,-7.388280149513142],[112.63358825015871,-7.387999379804765]]],[[[112.63422010747706,-7.387004099454919],[112.63429387076815,-7.386832778262623],[112.63380132233998,-7.386644800843239],[112.63331353283377,-7.386435408275007],[112.63325166684764,-7.3865567607862115],[112.63319455978353,-7.386699528446429],[112.63417013879587,-7.3870992778950635],[112.63422010747706,-7.387004099454919]]]]},"properties":{"KDPPUM":"","NAMOBJ":"","REMARK":"","KDPBPS":"","FCODE":"","LUASWH":null,"UUPP":"","SRS_ID":"","LCODE":"","METADATA":"","KDEBPS":"","KDEPUM":"","KDCBPS":"","KDCPUM":"","KDBBPS":"","KDBPUM":"","WADMKD":"","WIADKD":"","WADMKC":"Taman","WIADKC":"","WADMKK":"","WIADKK":"","WADMPR":"","WIADPR":"","TIPADM":null,"SHAPE_Leng":null,"SHAPE_Area":null,"Luas":1.07,"NAMA_BLOK":"TIMUR","KELOMPOK_T":"WELAS ASIH","NAMA_DESA":"KRAMATJEGU","KARTU_TANI":"0","KARTU_TA_1":"0","PANEN_TAHU":"0","PRODUKTIFI":"6,5","POLA_TANAM":"BERA-PADI-PADI","KOMODITI_2":"0","KONDISI_IR":"TIDAK LANCAR","N_IRIGASI":"JATIPUNDEN","ADA_TIDAK":"0","ELEVASI":"8,8 m","KEASAMAN_T":"5,4","UNSUR_HARA":"0","REKOMENDAS":"0","BAPPEDA":"TIKUS","KETERANGAN":"SAWAH WELAS ASIH","IP":"200","IRPOM":"0","TglTnmPadi":"BELUM","TglPnnPadi":"BELUM","layer":"LAHAN_SAWAH","path":"C:/Users/bppta/Documents/ArcGIS/Kec. Taman/Kec. Taman/Kec. Taman/LAHAN_SAWAH.shp"}},
{"type":"Feature","geometry":{"type":"Polygon","coordinates":[[[112.65899325635564,-7.379767524466787],[112.65898261868267,-7.379448900568104],[112.65883554021603,-7.379345136672147],[112.65864201076441,-7.379262647806184],[112.65853414196363,-7.379227748955532],[112.65849845189723,-7.379203213637436],[112.65848721756629,-7.379154190414735],[112.6585076290862,-7.378948571923292],[112.65855453911034,-7.378262544891214],[112.65858279112614,-7.377849387818524],[112.65847250585703,-7.377810607893069],[112.65804555906037,-7.377660478055202],[112.65666229905001,-7.377187758160966],[112.65608171069539,-7.377035473231181],[112.65578031244276,-7.376956157557042],[112.65539008069003,-7.376860978948697],[112.65515127554659,-7.376844718740214],[112.65513477854745,-7.377080230163279],[112.65442331970655,-7.3770516766312015],[112.6543609778282,-7.3779865668595885],[112.65413563350057,-7.380313134060781],[112.65521974909927,-7.380317328227995],[112.65671167114999,-7.3803030514620405],[112.65728988017452,-7.380295913078978],[112.65899325635564,-7.379767524466787]]]},"properties":{"KDPPUM":"","NAMOBJ":"","REMARK":"","KDPBPS":"","FCODE":"","LUASWH":null,"UUPP":"","SRS_ID":"","LCODE":"","METADATA":"","KDEBPS":"","KDEPUM":"","KDCBPS":"","KDCPUM":"","KDBBPS":"","KDBPUM":"","WADMKD":"","WIADKD":"","WADMKC":"Taman","WIADKC":"","WADMKK":"","WIADKK":"","WADMPR":"","WIADPR":"","TIPADM":null,"SHAPE_Leng":null,"SHAPE_Area":null,"Luas":0,"NAMA_BLOK":"KEPUH","KELOMPOK_T":"TANI ESTU","NAMA_DESA":"BRINGINBENDO","KARTU_TANI":"0","KARTU_TA_1":"0","PANEN_TAHU":"0","PRODUKTIFI":"6,7","POLA_TANAM":"PADI-PADI-BERA","KOMODITI_2":"0","KONDISI_IR":"TIDAK LANCAR","N_IRIGASI":"BOTOKAN","ADA_TIDAK":"0","ELEVASI":"8,25 m","KEASAMAN_T":"5,5","UNSUR_HARA":"0","REKOMENDAS":"0","BAPPEDA":"0","KETERANGAN":"GAMBAR SALAH (3 BLOK JADI 1, SEHARUSNYA DIPISAH), BATAS DESA JUGA SALAH","IP":"200","IRPOM":"0","TglTnmPadi":"10 DES 24 S/D 20 JAN 2025","TglPnnPadi":"MARET S/D APRIL 25","layer":"LAHAN_SAWAH","path":"C:/Users/bppta/Documents/ArcGIS/Kec. Taman/Kec. Taman/Kec. Taman/LAHAN_SAWAH.shp"}},
{"type":"Feature","geometry":{"type":"Polygon","coordinates":[[[112.6909349084782,-7.370087207272616],[112.6916523159714,-7.370090776464117],[112.69176296090835,-7.3701014840385675],[112.69185575988752,-7.370090776464117],[112.69192054243592,-7.370100135051984],[112.6919765128681,-7.3693354032716],[112.69205615570445,-7.3686058434074795],[112.6921271935787,-7.367949681883029],[112.69216258091284,-7.3675442252553305],[112.69128279813445,-7.367482672177716],[112.69120614940164,-7.367477309529625],[112.69092420090361,-7.370051515357532],[112.6909349084782,-7.370087207272616]]]},"properties":{"KDPPUM":"","NAMOBJ":"","REMARK":"","KDPBPS":"","FCODE":"","LUASWH":null,"UUPP":"","SRS_ID":"","LCODE":"","METADATA":"","KDEBPS":"","KDEPUM":"","KDCBPS":"","KDCPUM":"","KDBBPS":"","KDBPUM":"","WADMKD":"","WIADKD":"","WADMKC":"Taman","WIADKC":"","WADMKK":"","WIADKK":"","WADMPR":"","WIADPR":"","TIPADM":null,"SHAPE_Leng":null,"SHAPE_Area":null,"Luas":3.1,"NAMA_BLOK":"KROPAK","KELOMPOK_T":"SINAMBUNG","NAMA_DESA":"GELURAN","KARTU_TANI":"0","KARTU_TA_1":"0","PANEN_TAHU":"0","PRODUKTIFI":"6,5","POLA_TANAM":"BERA-PADI-PADI","KOMODITI_2":"0","KONDISI_IR":"TIDAK LANCAR","N_IRIGASI":"BOTOKAN","ADA_TIDAK":"0","ELEVASI":"4,98 m","KEASAMAN_T":"6","UNSUR_HARA":"0","REKOMENDAS":"0","BAPPEDA":"0","KETERANGAN":"SEHARUSNYA DIPISAH GAMBARNYA JADI 2 BLOK","IP":"200","IRPOM":"0","TglTnmPadi":"Des 24 s/d jan 25","TglPnnPadi":"Mar s/d Apr 25","layer":"LAHAN_SAWAH","path":"C:/Users/bppta/Documents/ArcGIS/Kec. Taman/Kec. Taman/Kec. Taman/LAHAN_SAWAH.shp"}},
{"type":"Feature","geometry":{"type":"MultiPolygon","coordinates":[[[[112.68840999537508,-7.36641475962363],[112.6882900003169,-7.3671599922732725],[112.68819999990501,-7.367759992064808],[112.68800999993438,-7.369019992105081],[112.6880036158177,-7.369154058065609],[112.68803938996916,-7.369226556227499],[112.68804890781325,-7.369316023961272],[112.6879755159374,-7.369422412561961],[112.68793429672074,-7.369628510575788],[112.68802987212517,-7.369649148501782],[112.68813076127184,-7.3696301128137875],[112.68830779317068,-7.369616787832047],[112.68851071657923,-7.3696407361156515],[112.68875580106292,-7.369750191321865],[112.68920551621908,-7.369968948060724],[112.68944917302598,-7.370046994381589],[112.68991620681241,-7.3700700333625075],[112.68992512979138,-7.370031367121163],[112.69007979475667,-7.368731586547892],[112.69022269183108,-7.367342827797858],[112.69107321972672,-7.367408011364644],[112.69116937270165,-7.366679037648882],[112.69076179079228,-7.366664937569554],[112.6907707137709,-7.3667898592723144],[112.69073799618228,-7.367027805372677],[112.69065471504699,-7.367057548635183],[112.69053276767045,-7.367066471613968],[112.69041379462034,-7.3670159080676925],[112.69032159050607,-7.366944524237527],[112.69021748908709,-7.3668850377124615],[112.6901490795832,-7.366816628208615],[112.69010743901559,-7.366694680832172],[112.69004497816421,-7.366584630760716],[112.6894709331965,-7.366540015866905],[112.68897422071154,-7.3664894523206295],[112.68873627461107,-7.366447811752965],[112.68860242992933,-7.3664448374267595],[112.6885250974467,-7.366450786079284],[112.68840999537508,-7.36641475962363]]],[[[112.68897556695377,-7.364428568081229],[112.68868874487781,-7.3645380266078915],[112.688614539171,-7.36504287189053],[112.6885999999381,-7.3650828541621225],[112.68848000028764,-7.36597285378133],[112.68840999537508,-7.366407621240566],[112.6885250974467,-7.366443647696224],[112.68860242992933,-7.3664376990437574],[112.68873627461107,-7.3664406733699614],[112.68897422071154,-7.366482313937624],[112.6894709331965,-7.366532877483899],[112.69004497816421,-7.366577492377656],[112.68992600511399,-7.3663782125186925],[112.68986949291514,-7.366217598900962],[112.68984867263134,-7.366068882588108],[112.68984867263134,-7.365967755495494],[112.68986651858894,-7.365816064856436],[112.6899022105041,-7.365688168827585],[112.68999441461777,-7.3656405796075095],[112.69024723234985,-7.365548375493683],[112.6904762554716,-7.365524580883476],[112.69068148398343,-7.365670322870128],[112.69077368809735,-7.365827962161538],[112.6907885597285,-7.366015344715567],[112.69076179079228,-7.366657799186549],[112.69116937270165,-7.366671899265878],[112.69120111575567,-7.36643124262256],[112.69139147263637,-7.3644577771525315],[112.69040205273744,-7.364448249178838],[112.69036400998345,-7.364504185996046],[112.69025398612416,-7.36450460172721],[112.68989538652862,-7.364469674457635],[112.68964851744933,-7.364472648783952],[112.68897556695377,-7.364428568081229]]]]},"properties":{"KDPPUM":"","NAMOBJ":"","REMARK":"","KDPBPS":"","FCODE":"","LUASWH":null,"UUPP":"","SRS_ID":"","LCODE":"","METADATA":"","KDEBPS":"","KDEPUM":"","KDCBPS":"","KDCPUM":"","KDBBPS":"","KDBPUM":"","WADMKD":"","WIADKD":"","WADMKC":"Taman","WIADKC":"","WADMKK":"","WIADKK":"","WADMPR":"","WIADPR":"","TIPADM":null,"SHAPE_Leng":null,"SHAPE_Area":null,"Luas":14,"NAMA_BLOK":"DORO","KELOMPOK_T":"SINAMBUNG","NAMA_DESA":"GELURAN","KARTU_TANI":"0","KARTU_TA_1":"0","PANEN_TAHU":"0","PRODUKTIFI":"6,5","POLA_TANAM":"BERA-PADI-PADI","KOMODITI_2":"0","KONDISI_IR":"TIDAK LANCAR","N_IRIGASI":"BOTOKAN","ADA_TIDAK":"0","ELEVASI":"4,98 m","KEASAMAN_T":"6","UNSUR_HARA":"0","REKOMENDAS":"0","BAPPEDA":"0","KETERANGAN":"SEHARUSNYA DIPISAH GAMBARNYA JADI 2 BLOK","IP":"200","IRPOM":"0","TglTnmPadi":"Des 24 s/d jan 25","TglPnnPadi":"Mar s/d Apr 25","layer":"LAHAN_SAWAH","path":"C:/Users/bppta/Documents/ArcGIS/Kec. Taman/Kec. Taman/Kec. Taman/LAHAN_SAWAH.shp"}},
{"type":"Feature","geometry":{"type":"Polygon","coordinates":[[[112.69105000036528,-7.374279991949613],[112.69131746116476,-7.373844412253173],[112.69140000016976,-7.373709992483747],[112.6884654547664,-7.373673380045203],[112.68720433958343,-7.37359723679499],[112.6852604673793,-7.373492107804673],[112.6828976245789,-7.37336431994015],[112.68286365530321,-7.3742026407005214],[112.68293688568552,-7.374206649135449],[112.68278931309989,-7.374976925255215],[112.68510698022385,-7.374991415880716],[112.68648000012217,-7.3749999924883385],[112.686494770222,-7.375066456322048],[112.68680254561491,-7.375061712682193],[112.68697608665298,-7.375080554132188],[112.68707417639371,-7.375120828121595],[112.68717146393908,-7.375171436377548],[112.68724284766483,-7.375195230255671],[112.68733406080217,-7.375211094057307],[112.68745303367847,-7.375226956947797],[112.68754821197933,-7.375230921986637],[112.68767908214339,-7.375222990997189],[112.68781391926744,-7.375199196205994],[112.68785946744548,-7.375194179962608],[112.68807606922677,-7.375228517800036],[112.68818871616678,-7.375247729412388],[112.68825357722515,-7.375263010631337],[112.68846473072448,-7.3753034806551625],[112.68863483301152,-7.37531023827156],[112.68872208008689,-7.3752983404176895],[112.68882122355149,-7.375314204222793],[112.68891640185268,-7.375349895051542],[112.68897588918901,-7.375397485562584],[112.68905123807838,-7.375449040207862],[112.68920594593668,-7.375506504584744],[112.68925643664555,-7.3755208139259025],[112.6893672896498,-7.375541662076194],[112.68941937397017,-7.375551036313565],[112.68941972970288,-7.375551100133547],[112.68942008633405,-7.37555116395353],[112.68953949758827,-7.375572658510016],[112.6902303622287,-7.375695562062053],[112.69030838719938,-7.375718712297712],[112.69048900157212,-7.37527381169366],[112.69095050476118,-7.374354338331663],[112.6910111572124,-7.374356501822026],[112.69101125243388,-7.374356505468873],[112.69101358625697,-7.374356588434514],[112.69101592008006,-7.3743566714001565],[112.69105000036528,-7.374279991949613]]]},"properties":{"KDPPUM":"","NAMOBJ":"","REMARK":"","KDPBPS":"","FCODE":"","LUASWH":null,"UUPP":"","SRS_ID":"","LCODE":"","METADATA":"","KDEBPS":"","KDEPUM":"","KDCBPS":"","KDCPUM":"","KDBBPS":"","KDBPUM":"","WADMKD":"","WIADKD":"","WADMKC":"Taman","WIADKC":"","WADMKK":"","WIADKK":"","WADMPR":"","WIADPR":"","TIPADM":null,"SHAPE_Leng":null,"SHAPE_Area":null,"Luas":35.9860718541,"NAMA_BLOK":"TIMUR","KELOMPOK_T":"KARYA MULYA 1","NAMA_DESA":"SADANG","KARTU_TANI":"0","KARTU_TA_1":"0","PANEN_TAHU":"0","PRODUKTIFI":"6,5","POLA_TANAM":"PADI-PADI-PADI","KOMODITI_2":"0","KONDISI_IR":"TIDAK LANCAR","N_IRIGASI":"DUNGUS","ADA_TIDAK":"0","ELEVASI":"4,86 m","KEASAMAN_T":"5,6","UNSUR_HARA":"0","REKOMENDAS":"0","BAPPEDA":"TIKUS","KETERANGAN":"-","IP":"300","IRPOM":"0","TglTnmPadi":"5 s/d 30 Nov 2024","TglPnnPadi":"Maret 2025","layer":"LAHAN_SAWAH","path":"C:/Users/bppta/Documents/ArcGIS/Kec. Taman/Kec. Taman/Kec. Taman/LAHAN_SAWAH.shp"}},
{"type":"Feature","geometry":{"type":"Polygon","coordinates":[[[112.70232433986838,-7.384369124928715],[112.70240426717884,-7.38400850891595],[112.70246900326673,-7.383716389286629],[112.70013407822783,-7.383029373275924],[112.70006269439749,-7.38327207829827],[112.69964921513633,-7.383114730228084],[112.69956999981241,-7.383269992387065],[112.69951886680826,-7.383363736364725],[112.69945465612989,-7.383487458933963],[112.69941917216215,-7.383555824355118],[112.70042146952811,-7.383850287322202],[112.70121383004289,-7.384071577195536],[112.70232433986838,-7.384369124928715]]]},"properties":{"KDPPUM":"","NAMOBJ":"","REMARK":"","KDPBPS":"","FCODE":"","LUASWH":null,"UUPP":"","SRS_ID":"","LCODE":"","METADATA":"","KDEBPS":"","KDEPUM":"","KDCBPS":"","KDCPUM":"","KDBBPS":"","KDBPUM":"","WADMKD":"","WIADKD":"","WADMKC":"Taman","WIADKC":"","WADMKK":"","WIADKK":"","WADMPR":"","WIADPR":"","TIPADM":null,"SHAPE_Leng":null,"SHAPE_Area":null,"Luas":18.2262683569,"NAMA_BLOK":"BALUN KULON","KELOMPOK_T":"DEWI SRI 2","NAMA_DESA":"BOHAR","KARTU_TANI":"","KARTU_TA_1":"","PANEN_TAHU":"","PRODUKTIFI":"","POLA_TANAM":"","KOMODITI_2":"","KONDISI_IR":"","N_IRIGASI":"","ADA_TIDAK":"","ELEVASI":"","KEASAMAN_T":"","UNSUR_HARA":"","REKOMENDAS":"","BAPPEDA":"","KETERANGAN":"SUDAH JADI PERUMAHAN, TINGGAL SAWAH TKD DI TENGAH 2 HA","IP":"","IRPOM":"","TglTnmPadi":"","TglPnnPadi":"","layer":"LAHAN_SAWAH","path":"C:/Users/bppta/Documents/ArcGIS/Kec. Taman/Kec. Taman/Kec. Taman/LAHAN_SAWAH.shp"}},
{"type":"Feature","geometry":{"type":"Polygon","coordinates":[[[112.70856086799574,-7.38112243356983],[112.70742015438964,-7.380988231969193],[112.70729537545435,-7.381157173700469],[112.70720019701412,-7.381242834296645],[112.70715736671603,-7.3813951198008905],[112.70708598288581,-7.381666378355257],[112.70691942061556,-7.382189859776116],[112.70687659031728,-7.382413529110414],[112.70690990277149,-7.38248491294058],[112.70691223123845,-7.382533810743049],[112.70832729922743,-7.382723490683136],[112.70856086799574,-7.38112243356983]]]},"properties":{"KDPPUM":"","NAMOBJ":"","REMARK":"","KDPBPS":"","FCODE":"","LUASWH":null,"UUPP":"","SRS_ID":"","LCODE":"","METADATA":"","KDEBPS":"","KDEPUM":"","KDCBPS":"","KDCPUM":"","KDBBPS":"","KDBPUM":"","WADMKD":"","WIADKD":"","WADMKC":"Taman","WIADKC":"","WADMKK":"","WIADKK":"","WADMPR":"","WIADPR":"","TIPADM":null,"SHAPE_Leng":null,"SHAPE_Area":null,"Luas":26.6402638833,"NAMA_BLOK":"JUWET","KELOMPOK_T":"DEWI SRI 2","NAMA_DESA":"BOHAR","KARTU_TANI":"0","KARTU_TA_1":"0","PANEN_TAHU":"0","PRODUKTIFI":"6,8","POLA_TANAM":"PADI-PADI-PADI","KOMODITI_2":"0","KONDISI_IR":"KURANG LANCAR","N_IRIGASI":"DUNGUS","ADA_TIDAK":"0","ELEVASI":"3,13 m","KEASAMAN_T":"6,0","UNSUR_HARA":"0","REKOMENDAS":"0","BAPPEDA":"0","KETERANGAN":"2 BLOK JADI 1 (HARUSNYA DIPISAH)","IP":"300","IRPOM":"0","TglTnmPadi":"DESEMBER 2024","TglPnnPadi":"APRIL 2025","layer":"LAHAN_SAWAH","path":"C:/Users/bppta/Documents/ArcGIS/Kec. Taman/Kec. Taman/Kec. Taman/LAHAN_SAWAH.shp"}},
{"type":"Feature","geometry":{"type":"Polygon","coordinates":[[[112.70832729922743,-7.382723490683136],[112.70885202479303,-7.382793826465383],[112.71071045637325,-7.3830087774926145],[112.7107177542191,-7.382942959183736],[112.71075106667308,-7.3828144682895855],[112.71079635574777,-7.382734518399837],[112.71083442712403,-7.382634581037702],[112.7108677395778,-7.382520366909567],[112.71090581095405,-7.38240615278137],[112.71092484664199,-7.3822824208091475],[112.71091918127172,-7.382121103252405],[112.710957252772,-7.382006888538208],[112.71099849622317,-7.3818609485185265],[112.71102705097108,-7.381778460107477],[112.71105243197132,-7.381705490128498],[112.71107463922328,-7.381632520161177],[112.71110002022317,-7.381537341485016],[112.71115395507319,-7.381438990024827],[112.71119610519655,-7.381306841797653],[112.71134363177917,-7.381325877485594],[112.71152922973748,-7.381344913173703],[112.71164820278794,-7.381363948861751],[112.71179572937024,-7.381373466705668],[112.7119194613424,-7.381387743471733],[112.7120527111591,-7.381402020237801],[112.7121270900934,-7.38139351695262],[112.71216134727217,-7.381121600957443],[112.71080556227876,-7.380973538797576],[112.71012503643122,-7.380892637123382],[112.70890675239615,-7.380759387307246],[112.70867475494822,-7.38076146933559],[112.70863087452162,-7.381036299375378],[112.70856086799574,-7.38112243356983],[112.70832729922743,-7.382723490683136]]]},"properties":{"KDPPUM":"","NAMOBJ":"","REMARK":"","KDPBPS":"","FCODE":"","LUASWH":null,"UUPP":"","SRS_ID":"","LCODE":"","METADATA":"","KDEBPS":"","KDEPUM":"","KDCBPS":"","KDCPUM":"","KDBBPS":"","KDBPUM":"","WADMKD":"","WIADKD":"","WADMKC":"Taman","WIADKC":"","WADMKK":"","WIADKK":"","WADMPR":"","WIADPR":"","TIPADM":null,"SHAPE_Leng":null,"SHAPE_Area":null,"Luas":26.6402638833,"NAMA_BLOK":"JUWET","KELOMPOK_T":"DEWI SRI 2","NAMA_DESA":"BOHAR","KARTU_TANI":"0","KARTU_TA_1":"0","PANEN_TAHU":"0","PRODUKTIFI":"6,8","POLA_TANAM":"PADI-PADI-PADI","KOMODITI_2":"0","KONDISI_IR":"KURANG LANCAR","N_IRIGASI":"DUNGUS","ADA_TIDAK":"0","ELEVASI":"3,13 m","KEASAMAN_T":"6,0","UNSUR_HARA":"0","REKOMENDAS":"0","BAPPEDA":"0","KETERANGAN":"2 BLOK JADI 1 (HARUSNYA DIPISAH)","IP":"300","IRPOM":"0","TglTnmPadi":"DESEMBER 2024","TglPnnPadi":"APRIL 2025","layer":"LAHAN_SAWAH","path":"C:/Users/bppta/Documents/ArcGIS/Kec. Taman/Kec. Taman/Kec. Taman/LAHAN_SAWAH.shp"}},
{"type":"Feature","geometry":{"type":"Polygon","coordinates":[[[112.70829399676005,-7.382992574448489],[112.70786216901456,-7.382946111969626],[112.70687319813851,-7.3828336316325505],[112.70681948325317,-7.383155920943581],[112.70679568864318,-7.38331296536981],[112.7067480994233,-7.383527116860194],[112.706743340501,-7.383541393626091],[112.70674275787654,-7.383544109993733],[112.70673243913622,-7.383592219010493],[112.70674194631522,-7.383592537436012],[112.70662662623407,-7.384245668956359],[112.70808761529177,-7.384412231226613],[112.70829399676005,-7.382992574448489]]]},"properties":{"KDPPUM":"","NAMOBJ":"","REMARK":"","KDPBPS":"","FCODE":"","LUASWH":null,"UUPP":"","SRS_ID":"","LCODE":"","METADATA":"","KDEBPS":"","KDEPUM":"","KDCBPS":"","KDCPUM":"","KDBBPS":"","KDBPUM":"","WADMKD":"","WIADKD":"","WADMKC":"Taman","WIADKC":"","WADMKK":"","WIADKK":"","WADMPR":"","WIADPR":"","TIPADM":null,"SHAPE_Leng":null,"SHAPE_Area":null,"Luas":26.6402638833,"NAMA_BLOK":"BALUN ETAN","KELOMPOK_T":"DEWI SRI 2","NAMA_DESA":"BOHAR","KARTU_TANI":"0","KARTU_TA_1":"0","PANEN_TAHU":"0","PRODUKTIFI":"6,8","POLA_TANAM":"PADI-PADI-PADI","KOMODITI_2":"0","KONDISI_IR":"KURANG LANCAR","N_IRIGASI":"DUNGUS","ADA_TIDAK":"0","ELEVASI":"3,13 m","KEASAMAN_T":"6,0","UNSUR_HARA":"0","REKOMENDAS":"0","BAPPEDA":"0","KETERANGAN":"2 BLOK JADI 1 (HARUSNYA DIPISAH)","IP":"300","IRPOM":"0","TglTnmPadi":"DESEMBER 2024","TglPnnPadi":"APRIL 2025","layer":"LAHAN_SAWAH","path":"C:/Users/bppta/Documents/ArcGIS/Kec. Taman/Kec. Taman/Kec. Taman/LAHAN_SAWAH.shp"}},
{"type":"Feature","geometry":{"type":"Polygon","coordinates":[[[112.70808761529177,-7.384412231226613],[112.70940107776721,-7.384588311340838],[112.71037595958603,-7.383714450211242],[112.71060826447047,-7.383583678302281],[112.71062535181692,-7.383495390713364],[112.71064319777439,-7.383388314968287],[112.71064319777439,-7.383275290570573],[112.7106594733691,-7.38323188898464],[112.70936598837034,-7.38310791531784],[112.70829399676005,-7.382992574448489],[112.70808761529177,-7.384412231226613]]]},"properties":{"KDPPUM":"","NAMOBJ":"","REMARK":"","KDPBPS":"","FCODE":"","LUASWH":null,"UUPP":"","SRS_ID":"","LCODE":"","METADATA":"","KDEBPS":"","KDEPUM":"","KDCBPS":"","KDCPUM":"","KDBBPS":"","KDBPUM":"","WADMKD":"","WIADKD":"","WADMKC":"Taman","WIADKC":"","WADMKK":"","WIADKK":"","WADMPR":"","WIADPR":"","TIPADM":null,"SHAPE_Leng":null,"SHAPE_Area":null,"Luas":26.6402638833,"NAMA_BLOK":"JUWET","KELOMPOK_T":"DEWI SRI 2","NAMA_DESA":"BOHAR","KARTU_TANI":"0","KARTU_TA_1":"0","PANEN_TAHU":"0","PRODUKTIFI":"6,8","POLA_TANAM":"PADI-PADI-PADI","KOMODITI_2":"0","KONDISI_IR":"KURANG LANCAR","N_IRIGASI":"DUNGUS","ADA_TIDAK":"0","ELEVASI":"3,13 m","KEASAMAN_T":"6,0","UNSUR_HARA":"0","REKOMENDAS":"0","BAPPEDA":"0","KETERANGAN":"2 BLOK JADI 1 (HARUSNYA DIPISAH)","IP":"300","IRPOM":"0","TglTnmPadi":"DESEMBER 2024","TglPnnPadi":"APRIL 2025","layer":"LAHAN_SAWAH","path":"C:/Users/bppta/Documents/ArcGIS/Kec. Taman/Kec. Taman/Kec. Taman/LAHAN_SAWAH.shp"}},
{"type":"Feature","geometry":{"type":"Polygon","coordinates":[[[112.70564673841989,-7.345227984851713],[112.70554653931696,-7.3454689211413475],[112.7057230953236,-7.345889689162189],[112.70580875591985,-7.345657453768194],[112.70590203079108,-7.345383339860613],[112.70594797818329,-7.34526653211984],[112.70565244912619,-7.34521085273249],[112.70564673841989,-7.345227984851713]]]},"properties":{"KDPPUM":"","NAMOBJ":"","REMARK":"","KDPBPS":"","FCODE":"","LUASWH":null,"UUPP":"","SRS_ID":"","LCODE":"","METADATA":"","KDEBPS":"","KDEPUM":"","KDCBPS":"","KDCPUM":"","KDBBPS":"","KDBPUM":"","WADMKD":"","WIADKD":"","WADMKC":"Taman","WIADKC":"","WADMKK":"","WIADKK":"","WADMPR":"","WIADPR":"","TIPADM":null,"SHAPE_Leng":null,"SHAPE_Area":null,"Luas":0.28,"NAMA_BLOK":"BARAT","KELOMPOK_T":"SEJATINING URIP","NAMA_DESA":"KETEGAN","KARTU_TANI":"0","KARTU_TA_1":"0","PANEN_TAHU":"0","PRODUKTIFI":"6,5","POLA_TANAM":"PADI-PADI-PADI","KOMODITI_2":"0","KONDISI_IR":"LANCAR","N_IRIGASI":"DAM KETEGAN","ADA_TIDAK":"0","ELEVASI":"4,14 m","KEASAMAN_T":"5,7","UNSUR_HARA":"0","REKOMENDAS":"0","BAPPEDA":"-","KETERANGAN":"0","IP":"300","IRPOM":"0","TglTnmPadi":"Belum Tanam","TglPnnPadi":"-","layer":"LAHAN_SAWAH","path":"C:/Users/bppta/Documents/ArcGIS/Kec. Taman/Kec. Taman/Kec. Taman/LAHAN_SAWAH.shp"}},
{"type":"Feature","geometry":{"type":"Polygon","coordinates":[[[112.70618100474803,-7.345334227785456],[112.70595198162617,-7.346033194455238],[112.70632377240837,-7.346199756725547],[112.70667474290666,-7.346354421690754],[112.70690971468103,-7.346387139279634],[112.7070495080154,-7.346294935165691],[112.7072517622006,-7.34622355133564],[112.70741237581865,-7.346107552611663],[112.70752242589003,-7.34598560523522],[112.70762652730912,-7.345908272752587],[112.70774550035935,-7.345896375447598],[112.70784960177843,-7.345955861972661],[112.70796738509819,-7.34601832282404],[112.70849681517198,-7.346205705377957],[112.70861696432767,-7.3462440138043625],[112.70879722212396,-7.34549186707698],[112.70858604495969,-7.345450226509431],[112.7084313799944,-7.345426431899396],[112.70812502438991,-7.345447252183114],[112.70802984594968,-7.345465098140687],[112.70798820538198,-7.34546212381442],[112.7079495391406,-7.345482944098195],[112.70789005261541,-7.345482944098195],[112.70785733502656,-7.345465098140687],[112.70772943899772,-7.345497815729504],[112.7076253375785,-7.345533507644587],[112.70740821176172,-7.345539456297054],[112.7072059575763,-7.345533507644587],[112.70689067899298,-7.345509713034496],[112.70672709104883,-7.34549186707698],[112.70618278934386,-7.345331253459252],[112.70618100474803,-7.345334227785456]]]},"properties":{"KDPPUM":"","NAMOBJ":"","REMARK":"","KDPBPS":"","FCODE":"","LUASWH":null,"UUPP":"","SRS_ID":"","LCODE":"","METADATA":"","KDEBPS":"","KDEPUM":"","KDCBPS":"","KDCPUM":"","KDBBPS":"","KDBPUM":"","WADMKD":"","WIADKD":"","WADMKC":"Taman","WIADKC":"","WADMKK":"","WIADKK":"","WADMPR":"","WIADPR":"","TIPADM":null,"SHAPE_Leng":null,"SHAPE_Area":null,"Luas":3.33,"NAMA_BLOK":"BARAT","KELOMPOK_T":"SEJATINING URIP","NAMA_DESA":"KETEGAN","KARTU_TANI":"0","KARTU_TA_1":"0","PANEN_TAHU":"0","PRODUKTIFI":"6,5","POLA_TANAM":"PADI-PADI-PADI","KOMODITI_2":"0","KONDISI_IR":"LANCAR","N_IRIGASI":"DAM KETEGAN","ADA_TIDAK":"0","ELEVASI":"4,14","KEASAMAN_T":"5,7","UNSUR_HARA":"0","REKOMENDAS":"0","BAPPEDA":"-","KETERANGAN":"0","IP":"300","IRPOM":"0","TglTnmPadi":"Belum Tanam","TglPnnPadi":"-","layer":"LAHAN_SAWAH","path":"C:/Users/bppta/Documents/ArcGIS/Kec. Taman/Kec. Taman/Kec. Taman/LAHAN_SAWAH.shp"}},
{"type":"Feature","geometry":{"type":"Polygon","coordinates":[[[112.70877759157064,-7.345430595956139],[112.70884421647882,-7.345092712493644],[112.70831121721368,-7.344374115270458],[112.7079162266865,-7.34410285671609],[112.70755454861374,-7.343998160431976],[112.70713397888096,-7.343971391495622],[112.70665248361149,-7.3438941399771736],[112.70629521887632,-7.343882161708056],[112.70599183759806,-7.34386134142417],[112.70552987020108,-7.3438217680133615],[112.70515391536208,-7.3450733645013155],[112.70553462912301,-7.3451495072534065],[112.70585585635877,-7.345213752700568],[112.70614139167957,-7.345251824076614],[112.70646975729835,-7.345344623055685],[112.7066934266329,-7.3454088685028465],[112.70695992626554,-7.345446939878891],[112.7073715730196,-7.345461216644959],[112.70761189858102,-7.3454445604179295],[112.70790457228497,-7.345375556048839],[112.7080330631792,-7.344999601210244],[112.70834512949021,-7.345039457182013],[112.70822913076618,-7.345363658743735],[112.70834512949021,-7.345360684417533],[112.70843435927792,-7.345357710091214],[112.70851466608678,-7.345378530375046],[112.7087762560983,-7.345438207257005],[112.70877759157064,-7.345430595956139]]]},"properties":{"KDPPUM":"","NAMOBJ":"","REMARK":"","KDPBPS":"","FCODE":"","LUASWH":null,"UUPP":"","SRS_ID":"","LCODE":"","METADATA":"","KDEBPS":"","KDEPUM":"","KDCBPS":"","KDCPUM":"","KDBBPS":"","KDBPUM":"","WADMKD":"","WIADKD":"","WADMKC":"TAMAN","WIADKC":"","WADMKK":"","WIADKK":"","WADMPR":"","WIADPR":"","TIPADM":null,"SHAPE_Leng":null,"SHAPE_Area":null,"Luas":7,"NAMA_BLOK":"KIDUL TOL","KELOMPOK_T":"SRI REJEKI","NAMA_DESA":"BEBEKAN","KARTU_TANI":"0","KARTU_TA_1":"0","PANEN_TAHU":"0","PRODUKTIFI":"-","POLA_TANAM":"-","KOMODITI_2":"-","KONDISI_IR":"-","N_IRIGASI":"DAM KETEGAN","ADA_TIDAK":"0","ELEVASI":"4,15","KEASAMAN_T":"5,5","UNSUR_HARA":"0","REKOMENDAS":"0","BAPPEDA":"0","KETERANGAN":"SENGKETA","IP":"0","IRPOM":"0","TglTnmPadi":"0","TglPnnPadi":"0","layer":"LAHAN_SAWAH","path":"C:/Users/bppta/Documents/ArcGIS/Kec. Taman/Kec. Taman/Kec. Taman/LAHAN_SAWAH.shp"}},
{"type":"Feature","geometry":{"type":"Polygon","coordinates":[[[112.71060431667388,-7.342704682455761],[112.71060907559581,-7.342704682455761],[112.71116111054924,-7.342709441377687],[112.71119442300322,-7.342680887845667],[112.71126104791144,-7.342481013121349],[112.7113847798837,-7.342076504750732],[112.7114180923378,-7.341881388948457],[112.71140381557176,-7.341790969430301],[112.71142761018176,-7.341705308834234],[112.71149423508996,-7.341491157343851],[112.71159893137417,-7.341319836151555],[112.71165603843849,-7.3411961041793905],[112.71169886873656,-7.34107713112921],[112.71175121687872,-7.340929604547063],[112.71177977041076,-7.340886774248916],[112.71188446669487,-7.340853461794912],[112.7117845293327,-7.340815390418867],[112.7118083239427,-7.340729729822748],[112.71187970777292,-7.3404822658783],[112.71200343974533,-7.340225284089944],[112.71138953880563,-7.340115828883789],[112.71129911928755,-7.340410882048248],[112.71111828025118,-7.340977193767133],[112.71088033415049,-7.34175289805431],[112.71060431667388,-7.342704682455761]]]},"properties":{"KDPPUM":"","NAMOBJ":"","REMARK":"","KDPBPS":"","FCODE":"","LUASWH":null,"UUPP":"","SRS_ID":"","LCODE":"","METADATA":"","KDEBPS":"","KDEPUM":"","KDCBPS":"","KDCPUM":"","KDBBPS":"","KDBPUM":"","WADMKD":"","WIADKD":"","WADMKC":"Taman","WIADKC":"","WADMKK":"","WIADKK":"","WADMPR":"","WIADPR":"","TIPADM":null,"SHAPE_Leng":null,"SHAPE_Area":null,"Luas":1.8,"NAMA_BLOK":"BARAT TOL","KELOMPOK_T":"TANI PANUTAN","NAMA_DESA":"SEPANJANG","KARTU_TANI":"0","KARTU_TA_1":"0","PANEN_TAHU":"0","PRODUKTIFI":"6,6","POLA_TANAM":"PADI-PADI-PADI","KOMODITI_2":"0","KONDISI_IR":"LANCAR","N_IRIGASI":"DAM KETEGAN","ADA_TIDAK":"0","ELEVASI":"4,33 m","KEASAMAN_T":"6,2","UNSUR_HARA":"0","REKOMENDAS":"0","BAPPEDA":"-","KETERANGAN":"0","IP":"300","IRPOM":"0","TglTnmPadi":"14 S/D 19 NOV 2024","TglPnnPadi":"15 FEBRUARI 2025","layer":"LAHAN_SAWAH","path":"C:/Users/bppta/Documents/ArcGIS/Kec. Taman/Kec. Taman/Kec. Taman/LAHAN_SAWAH.shp"}},
{"type":"Feature","geometry":{"type":"Polygon","coordinates":[[[112.70906242594195,-7.342599986171588],[112.70906718486411,-7.342604745093629],[112.70916236330423,-7.34261902185964],[112.70923374713446,-7.342357281149241],[112.70931464880857,-7.342362040071228],[112.70936699695073,-7.342224031332938],[112.70955259490924,-7.342243067021042],[112.70963349658349,-7.342190718878932],[112.7103425759632,-7.339925472003498],[112.70992854974827,-7.339863606017414],[112.70906242594195,-7.342599986171588]]]},"properties":{"KDPPUM":"","NAMOBJ":"","REMARK":"","KDPBPS":"","FCODE":"","LUASWH":null,"UUPP":"","SRS_ID":"","LCODE":"","METADATA":"","KDEBPS":"","KDEPUM":"","KDCBPS":"","KDCPUM":"","KDBBPS":"","KDBPUM":"","WADMKD":"","WIADKD":"","WADMKC":"TAMAN","WIADKC":"","WADMKK":"","WIADKK":"","WADMPR":"","WIADPR":"","TIPADM":null,"SHAPE_Leng":null,"SHAPE_Area":null,"Luas":1.5,"NAMA_BLOK":"TOWER","KELOMPOK_T":"TANI PANUTAN","NAMA_DESA":"SEPANJANG","KARTU_TANI":"0","KARTU_TA_1":"0","PANEN_TAHU":"0","PRODUKTIFI":"6,6","POLA_TANAM":"PADI-PADI-PADI","KOMODITI_2":"0","KONDISI_IR":"LANCAR","N_IRIGASI":"DAM KETEGAN","ADA_TIDAK":"0","ELEVASI":"4,33 m","KEASAMAN_T":"6,2","UNSUR_HARA":"0","REKOMENDAS":"0","BAPPEDA":"-","KETERANGAN":"0","IP":"300","IRPOM":"0","TglTnmPadi":"14 S/D 19 NOV 2024","TglPnnPadi":"15 FEBRUARI 2025","layer":"LAHAN_SAWAH","path":"C:/Users/bppta/Documents/ArcGIS/Kec. Taman/Kec. Taman/Kec. Taman/LAHAN_SAWAH.shp"}},
{"type":"Feature","geometry":{"type":"Polygon","coordinates":[[[112.70589219072882,-7.341863463675505],[112.70589219072882,-7.341872981519587],[112.70610158329714,-7.341925329661642],[112.70643946676,-7.341892017207526],[112.70652512735636,-7.341834910143542],[112.70721517104789,-7.339579181112022],[112.70710571584173,-7.339560145423966],[112.70711047476367,-7.339464966983821],[112.70660602903047,-7.339412618841821],[112.7064727792142,-7.33960297572211],[112.70607302976521,-7.3408831257420895],[112.70606827084316,-7.341121071842394],[112.7061063422193,-7.341221009204579],[112.70589219072882,-7.341863463675505]]]},"properties":{"KDPPUM":"","NAMOBJ":"","REMARK":"","KDPBPS":"","FCODE":"","LUASWH":null,"UUPP":"","SRS_ID":"","LCODE":"","METADATA":"","KDEBPS":"","KDEPUM":"","KDCBPS":"","KDCPUM":"","KDBBPS":"","KDBPUM":"","WADMKD":"","WIADKD":"","WADMKC":"Taman","WIADKC":"","WADMKK":"","WIADKK":"","WADMPR":"","WIADPR":"","TIPADM":null,"SHAPE_Leng":null,"SHAPE_Area":null,"Luas":2.4,"NAMA_BLOK":"MASJID","KELOMPOK_T":"TANI PANUTAN","NAMA_DESA":"SEPANJANG","KARTU_TANI":"0","KARTU_TA_1":"0","PANEN_TAHU":"0","PRODUKTIFI":"6,6","POLA_TANAM":"PADI-PADI-PADI","KOMODITI_2":"0","KONDISI_IR":"LANCAR","N_IRIGASI":"DAM KETEGAN","ADA_TIDAK":"0","ELEVASI":"4,33","KEASAMAN_T":"6,2","UNSUR_HARA":"0","REKOMENDAS":"0","BAPPEDA":"-","KETERANGAN":"0","IP":"300","IRPOM":"0","TglTnmPadi":"14 S/D 19 NOV 2024","TglPnnPadi":"15 FEBRUARI 2025","layer":"LAHAN_SAWAH","path":"C:/Users/bppta/Documents/ArcGIS/Kec. Taman/Kec. Taman/Kec. Taman/LAHAN_SAWAH.shp"}},
{"type":"Feature","geometry":{"type":"Polygon","coordinates":[[[112.71031934235064,-7.338377389755504],[112.71031743878176,-7.338379293324271],[112.71016324970854,-7.338615335855863],[112.7101765746902,-7.338634371543916],[112.71014231045183,-7.338678153626392],[112.7101194676262,-7.338735260690432],[112.71008901052538,-7.338788560616932],[112.71005664985569,-7.338811403442579],[112.71002048204842,-7.338860896231424],[112.70998812137873,-7.338906581882725],[112.7099557607089,-7.338944653258772],[112.70991768933277,-7.3389370389835165],[112.7098834250944,-7.338977013928449],[112.70990817148879,-7.339024603148522],[112.7099481464338,-7.339081710212619],[112.70994433929603,-7.339155949395887],[112.70995005000246,-7.339199731478417],[112.70995005000246,-7.339249224267261],[112.70990626792002,-7.339251127836031],[112.70983583587417,-7.339254934973687],[112.70974636814036,-7.33927968136811],[112.70966070754423,-7.339331077725776],[112.70958456479205,-7.3394110276155295],[112.70952174702143,-7.339492881074052],[112.70961502189289,-7.3395157238997015],[112.70969116464504,-7.3395119167621],[112.7097692109661,-7.3395157238997015],[112.70987390725031,-7.33954998813815],[112.71006616769965,-7.339218767166358],[112.71007187840598,-7.339161660102256],[112.71004142130516,-7.339135010139116],[112.71003571059873,-7.339074095937365],[112.71006045699322,-7.33903792813009],[112.71016324970854,-7.338996049616501],[112.71022226034152,-7.338967496084425],[112.71054205990083,-7.3384230754068005],[112.71047162785499,-7.338413557562775],[112.71041832792844,-7.338392618305893],[112.71036883513955,-7.338377389755504],[112.71031934235064,-7.338377389755504]]]},"properties":{"KDPPUM":"","NAMOBJ":"","REMARK":"","KDPBPS":"","FCODE":"","LUASWH":null,"UUPP":"","SRS_ID":"","LCODE":"","METADATA":"","KDEBPS":"","KDEPUM":"","KDCBPS":"","KDCPUM":"","KDBBPS":"","KDBPUM":"","WADMKD":"","WIADKD":"","WADMKC":"Taman","WIADKC":"","WADMKK":"","WIADKK":"","WADMPR":"","WIADPR":"","TIPADM":null,"SHAPE_Leng":null,"SHAPE_Area":null,"Luas":0.3,"NAMA_BLOK":"REL","KELOMPOK_T":"TANI PANUTAN","NAMA_DESA":"SEPANJANG","KARTU_TANI":"0","KARTU_TA_1":"0","PANEN_TAHU":"0","PRODUKTIFI":"6,6","POLA_TANAM":"PADI-PADI-PADI","KOMODITI_2":"0","KONDISI_IR":"LANCAR","N_IRIGASI":"DAM KETEGAN","ADA_TIDAK":"0","ELEVASI":"4,33","KEASAMAN_T":"6,2","UNSUR_HARA":"0","REKOMENDAS":"0","BAPPEDA":"-","KETERANGAN":"0","IP":"300","IRPOM":"0","TglTnmPadi":"14 S/D 19 NOV 2024","TglPnnPadi":"15 FEBRUARI 2025","layer":"LAHAN_SAWAH","path":"C:/Users/bppta/Documents/ArcGIS/Kec. Taman/Kec. Taman/Kec. Taman/LAHAN_SAWAH.shp"}},
{"type":"Feature","geometry":{"type":"Polygon","coordinates":[[[112.63751459324065,-7.3784700743129354],[112.6375193521626,-7.378474833234921],[112.6383188510607,-7.3780417713322795],[112.6384901722531,-7.377227995669001],[112.63784295885942,-7.377175647526946],[112.63751459324065,-7.3784700743129354]]]},"properties":{"KDPPUM":"","NAMOBJ":"","REMARK":"","KDPBPS":"","FCODE":"","LUASWH":null,"UUPP":"","SRS_ID":"","LCODE":"","METADATA":"","KDEBPS":"","KDEPUM":"","KDCBPS":"","KDCPUM":"","KDBBPS":"","KDBPUM":"","WADMKD":"","WIADKD":"","WADMKC":"TAMAN","WIADKC":"","WADMKK":"","WIADKK":"","WADMPR":"","WIADPR":"","TIPADM":null,"SHAPE_Leng":null,"SHAPE_Area":null,"Luas":0,"NAMA_BLOK":"LOR SEPUR","KELOMPOK_T":"Welas Asih","NAMA_DESA":"Kramatjegu","KARTU_TANI":"0","KARTU_TA_1":"0","PANEN_TAHU":"0","PRODUKTIFI":"6,3","POLA_TANAM":"BERA-PADI-PADI","KOMODITI_2":"0","KONDISI_IR":"TIDAK LANCAR","N_IRIGASI":"TADAH HUJAN","ADA_TIDAK":"0","ELEVASI":"8,51 m","KEASAMAN_T":"4,8","UNSUR_HARA":"0","REKOMENDAS":"0","BAPPEDA":"TIKUS","KETERANGAN":"Sawah kramatjegu namun di peta masuk trosobo","IP":"200","IRPOM":"0","TglTnmPadi":"Belum","TglPnnPadi":"Belum","layer":"LAHAN_SAWAH","path":"C:/Users/bppta/Documents/ArcGIS/Kec. Taman/Kec. Taman/Kec. Taman/LAHAN_SAWAH.shp"}},
{"type":"Feature","geometry":{"type":"Polygon","coordinates":[[[112.64026495216352,-7.382359390112753],[112.64097410917054,-7.382477558719988],[112.64164035825227,-7.379203420378885],[112.64143096568374,-7.379203420378885],[112.6412548855693,-7.3792605274429794],[112.64090585035227,-7.379263869702594],[112.64026570100178,-7.382355770727316],[112.64026495216352,-7.382359390112753]]]},"properties":{"KDPPUM":"","NAMOBJ":"","REMARK":"","KDPBPS":"","FCODE":"","LUASWH":null,"UUPP":"","SRS_ID":"","LCODE":"","METADATA":"","KDEBPS":"","KDEPUM":"","KDCBPS":"","KDCPUM":"","KDBBPS":"","KDBPUM":"","WADMKD":"","WIADKD":"","WADMKC":"TAMAN","WIADKC":"","WADMKK":"","WIADKK":"","WADMPR":"","WIADPR":"","TIPADM":null,"SHAPE_Leng":null,"SHAPE_Area":null,"Luas":0,"NAMA_BLOK":"PERUMAHAN CIMON","KELOMPOK_T":"SUMBER PANGAN 2","NAMA_DESA":"SIDODADI","KARTU_TANI":"0","KARTU_TA_1":"0","PANEN_TAHU":"0","PRODUKTIFI":"0","POLA_TANAM":"BERA TIDAK DIGARAP","KOMODITI_2":"0","KONDISI_IR":"TIDAK LANCAR","N_IRIGASI":"JATIPUNDEN","ADA_TIDAK":"0","ELEVASI":"8,71 m","KEASAMAN_T":"4,8","UNSUR_HARA":"0","REKOMENDAS":"0","BAPPEDA":"-","KETERANGAN":"0","IP":"0","IRPOM":"0","TglTnmPadi":"TIDAK DIGARAP (DISEWA CIMON)","TglPnnPadi":"TIDAK DIGARAP (DISEWA CIMON)","layer":"LAHAN_SAWAH","path":"C:/Users/bppta/Documents/ArcGIS/Kec. Taman/Kec. Taman/Kec. Taman/LAHAN_SAWAH.shp"}},
{"type":"Feature","geometry":{"type":"MultiPolygon","coordinates":[[[[112.65989149946893,-7.377451475452382],[112.6598907270045,-7.377451351858077],[112.6598907270045,-7.3774549210495834],[112.65989149946893,-7.377451475452382]]],[[[112.66116849756462,-7.376494808534583],[112.66101145313826,-7.376484100960017],[112.66051176632709,-7.37635917925737],[112.66021909262325,-7.37744421347496],[112.66030832241096,-7.377465628624032],[112.66022980019783,-7.37774045636996],[112.66022980019783,-7.377744025561461],[112.66045109007145,-7.377801132625561],[112.6606152728808,-7.377272892282835],[112.66075804054105,-7.377297876623294],[112.66061170368924,-7.377829686157695],[112.66069379509406,-7.37784753211521],[112.66116849756462,-7.376494808534583]]],[[[112.65989149946893,-7.377451475452382],[112.6599799567922,-7.377465628624032],[112.65996924921761,-7.3775762735607255],[112.66006561738844,-7.377615534667313],[112.66041182896468,-7.376327056533848],[112.66016198555917,-7.376244965129229],[112.65989149946893,-7.377451475452382]]]]},"properties":{"KDPPUM":"","NAMOBJ":"","REMARK":"","KDPBPS":"","FCODE":"","LUASWH":null,"UUPP":"","SRS_ID":"","LCODE":"","METADATA":"","KDEBPS":"","KDEPUM":"","KDCBPS":"","KDCPUM":"","KDBBPS":"","KDBPUM":"","WADMKD":"","WIADKD":"","WADMKC":"TAMAN","WIADKC":"","WADMKK":"","WIADKK":"","WADMPR":"","WIADPR":"","TIPADM":null,"SHAPE_Leng":null,"SHAPE_Area":null,"Luas":0,"NAMA_BLOK":"LEBAK","KELOMPOK_T":"SAMBI TANI 1","NAMA_DESA":"SAMBIBULU","KARTU_TANI":"0","KARTU_TA_1":"0","PANEN_TAHU":"0","PRODUKTIFI":"TIDAK DIGARAP","POLA_TANAM":"TIDAK DIGARAP","KOMODITI_2":"0","KONDISI_IR":"TADAH HUJAN","N_IRIGASI":"BOTOKAN","ADA_TIDAK":"0","ELEVASI":"7,97 m","KEASAMAN_T":"4,9","UNSUR_HARA":"0","REKOMENDAS":"0","BAPPEDA":"TIKUS","KETERANGAN":"MASUK KE PETA BRINGINBENDO","IP":"0","IRPOM":"0","TglTnmPadi":"TIDAK DIGARAP","TglPnnPadi":"TIDAK DIGARAP","layer":"LAHAN_SAWAH","path":"C:/Users/bppta/Documents/ArcGIS/Kec. Taman/Kec. Taman/Kec. Taman/LAHAN_SAWAH.shp"}},
{"type":"Feature","geometry":{"type":"Polygon","coordinates":[[[112.67177987950186,-7.379056741704778],[112.67187295517454,-7.378707706423327],[112.6717455905315,-7.378553022177172],[112.67150103058451,-7.378385254928528],[112.67150764443089,-7.378267486856621],[112.67165041209135,-7.378243692246642],[112.67171227807752,-7.3778391838760236],[112.67167340904324,-7.377712770655725],[112.67166157919155,-7.377513606818388],[112.67165041209135,-7.377410880895369],[112.67176280220086,-7.377309990546107],[112.67188359926978,-7.377115827730792],[112.67204540261821,-7.376814112075576],[112.67205967938433,-7.376576165975214],[112.67206680030756,-7.376482946618261],[112.67168082541833,-7.376327425350375],[112.67146403087212,-7.376226693203906],[112.67139000000019,-7.375959992241965],[112.67128821435232,-7.375797995276941],[112.67113949803966,-7.3757087654893745],[112.67099673037909,-7.375643330311789],[112.67078852754115,-7.375679022226869],[112.6706041193131,-7.3757087654893745],[112.6704435056954,-7.375738508751932],[112.67030073803494,-7.375738508751932],[112.67011038115446,-7.375726611446943],[112.669920024274,-7.375696868184382],[112.66973561604595,-7.375684970879393],[112.66962259164825,-7.375655227616778],[112.66952741320802,-7.375643330311789],[112.66931921036996,-7.3757087654893745],[112.66920023731973,-7.375756354709445],[112.6691288534895,-7.375774200667017],[112.66894444526156,-7.375750406056868],[112.66882547221131,-7.375720662794363],[112.66875408838109,-7.375649278964311],[112.66865296128844,-7.375601689744238],[112.66852803958545,-7.375601689744238],[112.66832578540027,-7.375673073574289],[112.66820086369727,-7.375690919531861],[112.66800455816417,-7.375655227616778],[112.66787963646152,-7.375571946481624],[112.66764763901357,-7.375577895134145],[112.66735020638771,-7.375607638396705],[112.6671301062446,-7.375530305914129],[112.6669338007117,-7.3754648707364865],[112.66678635436426,-7.37542755376708],[112.66664711531826,-7.376338132924825],[112.66603739583252,-7.376428967967695],[112.66595014875735,-7.376448796861943],[112.66586686684558,-7.376464659795637],[112.66583117588118,-7.376504317588115],[112.665767723381,-7.376611393097975],[112.66523040361629,-7.377916226871667],[112.6672175633338,-7.378260368599199],[112.67177987950186,-7.379056741704778]]]},"properties":{"KDPPUM":"","NAMOBJ":"","REMARK":"","KDPBPS":"","FCODE":"","LUASWH":null,"UUPP":"","SRS_ID":"","LCODE":"","METADATA":"","KDEBPS":"","KDEPUM":"","KDCBPS":"","KDCPUM":"","KDBBPS":"","KDBPUM":"","WADMKD":"","WIADKD":"","WADMKC":"Taman","WIADKC":"","WADMKK":"","WIADKK":"","WADMPR":"","WIADPR":"","TIPADM":null,"SHAPE_Leng":null,"SHAPE_Area":null,"Luas":76.3968300679,"NAMA_BLOK":"KRAMAT","KELOMPOK_T":"SAMBI TANI 1","NAMA_DESA":"SAMBIBULU","KARTU_TANI":"0","KARTU_TA_1":"0","PANEN_TAHU":"0","PRODUKTIFI":"6,4","POLA_TANAM":"BERA-PADI-PADI","KOMODITI_2":"0","KONDISI_IR":"LANCAR","N_IRIGASI":"BOTOKAN","ADA_TIDAK":"0","ELEVASI":"7,99","KEASAMAN_T":"5,8","UNSUR_HARA":"0","REKOMENDAS":"0","BAPPEDA":"0","KETERANGAN":"BANYAK BLOK DAN 3 POKTAN JADI 1 GAMBAR (SEHARUSNYA DIPISAH)","IP":"200","IRPOM":"ADA","TglTnmPadi":"25 Nov s/d 5 Januari 2025","TglPnnPadi":"Maret s/d April 2025","layer":"LAHAN_SAWAH","path":"C:/Users/bppta/Documents/ArcGIS/Kec. Taman/Kec. Taman/Kec. Taman/LAHAN_SAWAH.shp"}},
{"type":"Feature","geometry":{"type":"Polygon","coordinates":[[[112.67209880025621,-7.373149425737635],[112.66712627327867,-7.372647458696042],[112.66708017722134,-7.372997369675656],[112.66710022139159,-7.3731096201612525],[112.6670883241038,-7.373208763917289],[112.66704686476724,-7.373335253138148],[112.66694692740487,-7.374377457057764],[112.66678635436426,-7.37542755376708],[112.6669338007117,-7.3754648707364865],[112.6671301062446,-7.375530305914129],[112.66735020638771,-7.375607638396705],[112.66764763901357,-7.375577895134145],[112.66787963646152,-7.375571946481624],[112.66800455816417,-7.375655227616778],[112.66820086369727,-7.375690919531861],[112.66832578540027,-7.375673073574289],[112.66852803958545,-7.375601689744238],[112.66865296128844,-7.375601689744238],[112.66875408838109,-7.375649278964311],[112.66882547221131,-7.375720662794363],[112.66894444526156,-7.375750406056868],[112.6691288534895,-7.375774200667017],[112.66920023731973,-7.375756354709445],[112.66931921036996,-7.3757087654893745],[112.66952741320802,-7.375643330311789],[112.66962259164825,-7.375655227616778],[112.66973561604595,-7.375684970879393],[112.669920024274,-7.375696868184382],[112.67011038115446,-7.375726611446943],[112.67030073803494,-7.375738508751932],[112.6704435056954,-7.375738508751932],[112.6706041193131,-7.3757087654893745],[112.67078852754115,-7.375679022226869],[112.67099673037909,-7.375643330311789],[112.67113949803966,-7.3757087654893745],[112.67128821435232,-7.375797995276941],[112.67139000000019,-7.375959992241965],[112.67146403087212,-7.376226693203906],[112.67168082541833,-7.376327425350375],[112.67206680030756,-7.376482946618261],[112.67211202752651,-7.375890881206087],[112.67211678644843,-7.37548161391354],[112.67214287434797,-7.375094939028025],[112.67219287367833,-7.37479493901547],[112.67219292920083,-7.374615490108152],[112.67217389351264,-7.373779823403666],[112.67211826100231,-7.373363553097134],[112.67209880025621,-7.373149425737635]]]},"properties":{"KDPPUM":"","NAMOBJ":"","REMARK":"","KDPBPS":"","FCODE":"","LUASWH":null,"UUPP":"","SRS_ID":"","LCODE":"","METADATA":"","KDEBPS":"","KDEPUM":"","KDCBPS":"","KDCPUM":"","KDBBPS":"","KDBPUM":"","WADMKD":"","WIADKD":"","WADMKC":"Taman","WIADKC":"","WADMKK":"","WIADKK":"","WADMPR":"","WIADPR":"","TIPADM":null,"SHAPE_Leng":null,"SHAPE_Area":null,"Luas":76.3968300679,"NAMA_BLOK":"GEMPOL","KELOMPOK_T":"SAMBI TANI 2 DAN SAMBI HORTI","NAMA_DESA":"SAMBIBULU","KARTU_TANI":"0","KARTU_TA_1":"0","PANEN_TAHU":"0","PRODUKTIFI":"6,4","POLA_TANAM":"BERA-PADI-PADI","KOMODITI_2":"0","KONDISI_IR":"LANCAR","N_IRIGASI":"BOTOKAN","ADA_TIDAK":"0","ELEVASI":"7,99","KEASAMAN_T":"5,8","UNSUR_HARA":"0","REKOMENDAS":"0","BAPPEDA":"0","KETERANGAN":"BANYAK BLOK DAN 3 POKTAN JADI 1 GAMBAR (SEHARUSNYA DIPISAH)","IP":"200","IRPOM":"ADA","TglTnmPadi":"25 Nov s/d 21 Jan 2025","TglPnnPadi":"Maret s/d April 2025","layer":"LAHAN_SAWAH","path":"C:/Users/bppta/Documents/ArcGIS/Kec. Taman/Kec. Taman/Kec. Taman/LAHAN_SAWAH.shp"}},
{"type":"Feature","geometry":{"type":"Polygon","coordinates":[[[112.67194622503314,-7.3714706345314625],[112.66807310677505,-7.3710678603194575],[112.6680469563439,-7.371229992992009],[112.66742353756024,-7.371191921616016],[112.66730456451,-7.3716249835186],[112.66723318067976,-7.371872447462988],[112.6672134270375,-7.371983719288063],[112.66718487350555,-7.372202629700431],[112.66712627327867,-7.372647458696042],[112.67209880025621,-7.373149425737635],[112.67194622503314,-7.3714706345314625]]]},"properties":{"KDPPUM":"","NAMOBJ":"","REMARK":"","KDPBPS":"","FCODE":"","LUASWH":null,"UUPP":"","SRS_ID":"","LCODE":"","METADATA":"","KDEBPS":"","KDEPUM":"","KDCBPS":"","KDCPUM":"","KDBBPS":"","KDBPUM":"","WADMKD":"","WIADKD":"","WADMKC":"Taman","WIADKC":"","WADMKK":"","WIADKK":"","WADMPR":"","WIADPR":"","TIPADM":null,"SHAPE_Leng":null,"SHAPE_Area":null,"Luas":76.3968300679,"NAMA_BLOK":"KENEP","KELOMPOK_T":"SAMBI TANI 2","NAMA_DESA":"SAMBIBULU","KARTU_TANI":"0","KARTU_TA_1":"0","PANEN_TAHU":"0","PRODUKTIFI":"6,4","POLA_TANAM":"BERA-PADI-PADI","KOMODITI_2":"0","KONDISI_IR":"LANCAR","N_IRIGASI":"BOTOKAN","ADA_TIDAK":"0","ELEVASI":"7,99","KEASAMAN_T":"5,8","UNSUR_HARA":"0","REKOMENDAS":"0","BAPPEDA":"0","KETERANGAN":"BANYAK BLOK DAN 3 POKTAN JADI 1 GAMBAR (SEHARUSNYA DIPISAH)","IP":"200","IRPOM":"ADA","TglTnmPadi":"25 Nov s/d 21 Jan 2025","TglPnnPadi":"Maret s/d April 2025","layer":"LAHAN_SAWAH","path":"C:/Users/bppta/Documents/ArcGIS/Kec. Taman/Kec. Taman/Kec. Taman/LAHAN_SAWAH.shp"}},
{"type":"Feature","geometry":{"type":"Polygon","coordinates":[[[112.67194622503314,-7.3714706345314625],[112.6719302367055,-7.371294714331359],[112.67187312964143,-7.370655115213479],[112.67182554042118,-7.370164946246798],[112.67177320797668,-7.369718215929436],[112.67175891551312,-7.369616718431466],[112.67170180844892,-7.368993299648534],[112.66933662420898,-7.368812460612213],[112.66917923377592,-7.369011934497544],[112.66886073200781,-7.369435879395256],[112.66863706267337,-7.369711896871606],[112.6684942950129,-7.369892735907986],[112.6682991792105,-7.370130682008293],[112.66812309909606,-7.370340074576638],[112.66800412604584,-7.3704495297828485],[112.66789942976152,-7.370573261754957],[112.66775666210106,-7.370720788337219],[112.66761389444092,-7.370882591685489],[112.66809454556392,-7.370934939827545],[112.66807310677505,-7.3710678603194575],[112.67194622503314,-7.3714706345314625]]]},"properties":{"KDPPUM":"","NAMOBJ":"","REMARK":"","KDPBPS":"","FCODE":"","LUASWH":null,"UUPP":"","SRS_ID":"","LCODE":"","METADATA":"","KDEBPS":"","KDEPUM":"","KDCBPS":"","KDCPUM":"","KDBBPS":"","KDBPUM":"","WADMKD":"","WIADKD":"","WADMKC":"Taman","WIADKC":"","WADMKK":"","WIADKK":"","WADMPR":"","WIADPR":"","TIPADM":null,"SHAPE_Leng":null,"SHAPE_Area":null,"Luas":76.3968300679,"NAMA_BLOK":"KLAMPIS","KELOMPOK_T":"SAMBI TANI 2","NAMA_DESA":"SAMBIBULU","KARTU_TANI":"0","KARTU_TA_1":"0","PANEN_TAHU":"0","PRODUKTIFI":"6,4","POLA_TANAM":"BERA-PADI-PADI","KOMODITI_2":"0","KONDISI_IR":"LANCAR","N_IRIGASI":"BOTOKAN","ADA_TIDAK":"0","ELEVASI":"7,99","KEASAMAN_T":"5,8","UNSUR_HARA":"0","REKOMENDAS":"0","BAPPEDA":"0","KETERANGAN":"BANYAK BLOK DAN 3 POKTAN JADI 1 GAMBAR (SEHARUSNYA DIPISAH)","IP":"200","IRPOM":"ADA","TglTnmPadi":"25 Nov s/d 21 Jan 2025","TglPnnPadi":"Maret s/d April 2025","layer":"LAHAN_SAWAH","path":"C:/Users/bppta/Documents/ArcGIS/Kec. Taman/Kec. Taman/Kec. Taman/LAHAN_SAWAH.shp"}},
{"type":"Feature","geometry":{"type":"Polygon","coordinates":[[[112.66328931512498,-7.355176674092004],[112.6633606989552,-7.354632372387314],[112.66337551580602,-7.354504232255428],[112.66328931512498,-7.355176674092004]]]},"properties":{"KDPPUM":"","NAMOBJ":"","REMARK":"","KDPBPS":"","FCODE":"","LUASWH":null,"UUPP":"","SRS_ID":"","LCODE":"","METADATA":"","KDEBPS":"","KDEPUM":"","KDCBPS":"","KDCPUM":"","KDBBPS":"","KDBPUM":"","WADMKD":"","WIADKD":"","WADMKC":"Taman","WIADKC":"","WADMKK":"","WIADKK":"","WADMPR":"","WIADPR":"","TIPADM":null,"SHAPE_Leng":null,"SHAPE_Area":null,"Luas":27.8040431094,"NAMA_BLOK":"BARAT DAN TIMUR SERTA PENAMBANGAN","KELOMPOK_T":"TUNGGAL WADAH 1 DAN 2","NAMA_DESA":"KREMBANGAN","KARTU_TANI":"0","KARTU_TA_1":"0","PANEN_TAHU":"0","PRODUKTIFI":"6,7","POLA_TANAM":"PADI-PADI-BERA","KOMODITI_2":"0","KONDISI_IR":"LANCAR","N_IRIGASI":"PELAYARAN","ADA_TIDAK":"0","ELEVASI":"7,93 m","KEASAMAN_T":"5,2 - 5,3","UNSUR_HARA":"0","REKOMENDAS":"0","BAPPEDA":"0","KETERANGAN":"BATAS PALING BARAT KELIRU, BATAS TIMUR JUGA KELIRU (SUDAH JADI KOLAM)","IP":"200","IRPOM":"0","TglTnmPadi":"24 DES 24 S/D 16 JAN 25","TglPnnPadi":"APRIL 2025","layer":"LAHAN_SAWAH","path":"C:/Users/bppta/Documents/ArcGIS/Kec. Taman/Kec. Taman/Kec. Taman/LAHAN_SAWAH.shp"}},
{"type":"Feature","geometry":{"type":"MultiPolygon","coordinates":[[[[112.66266691598831,-7.359260439360589],[112.66308469268404,-7.356703877829184],[112.66202701106135,-7.35656627931825],[112.66196157588377,-7.356917249816273],[112.6617662471183,-7.356878901026663],[112.66010256721209,-7.356576413399561],[112.65999138003427,-7.356556197908958],[112.65993406212918,-7.356545776547657],[112.65993698794215,-7.35652992980661],[112.65991227528876,-7.356552698898788],[112.6598563527874,-7.356550225979626],[112.65987736633087,-7.356111603978107],[112.65933451842396,-7.35616225767219],[112.65932845299903,-7.35615898658372],[112.65927182769497,-7.356161192836138],[112.65909029075247,-7.356177437054623],[112.65901603331622,-7.356186145370717],[112.65894696005739,-7.356194245600187],[112.658843577443,-7.356227783377413],[112.65879441264735,-7.356263396128995],[112.65873254657208,-7.356315744499394],[112.65866537055511,-7.356393740117976],[112.65856112376139,-7.356514779586106],[112.65828689377793,-7.356833181448537],[112.65925018006739,-7.356988633646269],[112.65922638545737,-7.357226579746745],[112.65985456316297,-7.35732651710893],[112.65984980424105,-7.35750735614514],[112.65798837422074,-7.357189511154828],[112.65791873580677,-7.357273005984746],[112.6569970517488,-7.358378089095848],[112.65689396737525,-7.358518863300907],[112.65683607364987,-7.358585047577551],[112.65688354601956,-7.3585971875012826],[112.6572782055682,-7.35869811863547],[112.65970572655363,-7.359298094514229],[112.65976750010257,-7.358592113093375],[112.66007296502845,-7.358662283243906],[112.66090637164348,-7.358853731442803],[112.66266691598831,-7.359260439360589]]],[[[112.66328931512498,-7.355176674092004],[112.6622072750614,-7.355070827735015],[112.6622786588914,-7.354442650030102],[112.66299249719314,-7.354485480328132],[112.66310818911711,-7.353716791919634],[112.66304917788773,-7.353743441849514],[112.66235627856314,-7.354188877533745],[112.66165738927201,-7.354665952303532],[112.66127071035623,-7.355049159951563],[112.66113888977496,-7.3551920864993665],[112.6620641203816,-7.355351609186618],[112.66325868221804,-7.355449966606444],[112.66328931512498,-7.355176674092004]]],[[[112.66344495404233,-7.3539037115994645],[112.66345463788116,-7.353674914373348],[112.66332519603861,-7.353663492064703],[112.66328141305007,-7.353663492064703],[112.66323763095977,-7.353669203674712],[112.66319827307211,-7.353678229204082],[112.66314625971881,-7.353697756256477],[112.66302580964725,-7.3544807214061505],[112.66337551580602,-7.354504232255428],[112.66344495404233,-7.3539037115994645]]]]},"properties":{"KDPPUM":"","NAMOBJ":"","REMARK":"","KDPBPS":"","FCODE":"","LUASWH":null,"UUPP":"","SRS_ID":"","LCODE":"","METADATA":"","KDEBPS":"","KDEPUM":"","KDCBPS":"","KDCPUM":"","KDBBPS":"","KDBPUM":"","WADMKD":"","WIADKD":"","WADMKC":"Taman","WIADKC":"","WADMKK":"","WIADKK":"","WADMPR":"","WIADPR":"","TIPADM":null,"SHAPE_Leng":null,"SHAPE_Area":null,"Luas":16.12,"NAMA_BLOK":"BARAT","KELOMPOK_T":"TUNGGAL WADAH 2","NAMA_DESA":"KREMBANGAN","KARTU_TANI":"0","KARTU_TA_1":"0","PANEN_TAHU":"0","PRODUKTIFI":"6,7","POLA_TANAM":"PADI-PADI-BERA","KOMODITI_2":"0","KONDISI_IR":"LANCAR","N_IRIGASI":"PELAYARAN","ADA_TIDAK":"0","ELEVASI":"7,93 m","KEASAMAN_T":"5,2 - 5,3","UNSUR_HARA":"0","REKOMENDAS":"0","BAPPEDA":"tikus","KETERANGAN":"-","IP":"200","IRPOM":"0","TglTnmPadi":"24 DES 24 S/D 16 JAN 25","TglPnnPadi":"APRIL 2025","layer":"LAHAN_SAWAH","path":"C:/Users/bppta/Documents/ArcGIS/Kec. Taman/Kec. Taman/Kec. Taman/LAHAN_SAWAH.shp"}},
{"type":"Feature","geometry":{"type":"MultiPolygon","coordinates":[[[[112.68813755479333,-7.3681583229843275],[112.68752276506075,-7.368052128237209],[112.68741064642778,-7.369024213291223],[112.68799762053925,-7.36922999224823],[112.68802842084345,-7.368897832369301],[112.68813755479333,-7.3681583229843275]]],[[[112.68854157816735,-7.365505639841535],[112.68853664561355,-7.365077353553178],[112.68794415982325,-7.364931016701459],[112.68786920680144,-7.365262951511429],[112.68779782297146,-7.3656341474280405],[112.68776213105627,-7.365976789812575],[112.68757177351209,-7.367627217749664],[112.6882024811747,-7.36771232075732],[112.68854157816735,-7.365505639841535]]]]},"properties":{"KDPPUM":"","NAMOBJ":"","REMARK":"","KDPBPS":"","FCODE":"","LUASWH":null,"UUPP":"","SRS_ID":"","LCODE":"","METADATA":"","KDEBPS":"","KDEPUM":"","KDCBPS":"","KDCPUM":"","KDBBPS":"","KDBPUM":"","WADMKD":"","WIADKD":"","WADMKC":"Taman","WIADKC":"","WADMKK":"","WIADKK":"","WADMPR":"","WIADPR":"","TIPADM":null,"SHAPE_Leng":null,"SHAPE_Area":null,"Luas":3.51,"NAMA_BLOK":"Sambikerep","KELOMPOK_T":"Samudra Tani","NAMA_DESA":"Jemundo","KARTU_TANI":"0","KARTU_TA_1":"0","PANEN_TAHU":"0","PRODUKTIFI":"6,7","POLA_TANAM":"BERA-PADI-PADI","KOMODITI_2":"0","KONDISI_IR":"Tidak Lancar","N_IRIGASI":"Botokan","ADA_TIDAK":"0","ELEVASI":"5,34 m","KEASAMAN_T":"4,9","UNSUR_HARA":"0","REKOMENDAS":"0","BAPPEDA":"Tikus","KETERANGAN":"-","IP":"200","IRPOM":"0","TglTnmPadi":"6 JANUARI 2025","TglPnnPadi":"MEI 2025","layer":"LAHAN_SAWAH","path":"C:/Users/bppta/Documents/ArcGIS/Kec. Taman/Kec. Taman/Kec. Taman/LAHAN_SAWAH.shp"}},
{"type":"Feature","geometry":{"type":"Polygon","coordinates":[[[112.64293350592139,-7.36421258903906],[112.6425138451616,-7.364309555935509],[112.64247333418278,-7.3651571249833],[112.64283739171663,-7.3651571249833],[112.64293350592139,-7.36421258903906]]]},"properties":{"KDPPUM":"","NAMOBJ":"","REMARK":"","KDPBPS":"","FCODE":"","LUASWH":null,"UUPP":"","SRS_ID":"","LCODE":"","METADATA":"","KDEBPS":"","KDEPUM":"","KDCBPS":"","KDCPUM":"","KDBBPS":"","KDBPUM":"","WADMKD":"","WIADKD":"","WADMKC":"Taman","WIADKC":"","WADMKK":"","WIADKK":"","WADMPR":"","WIADPR":"","TIPADM":null,"SHAPE_Leng":null,"SHAPE_Area":null,"Luas":35.6234815109,"NAMA_BLOK":"TIMUR DAN BARAT","KELOMPOK_T":"HARAPAN TANI 1 DAN 2","NAMA_DESA":"TANJUNGSARI","KARTU_TANI":"0","KARTU_TA_1":"0","PANEN_TAHU":"0","PRODUKTIFI":"6,7","POLA_TANAM":"PADI-PADI-PADI","KOMODITI_2":"0","KONDISI_IR":"LANCAR","N_IRIGASI":"PELAYARAN","ADA_TIDAK":"0","ELEVASI":"8,44 m","KEASAMAN_T":"5,4","UNSUR_HARA":"0","REKOMENDAS":"0","BAPPEDA":"0","KETERANGAN":"GAMBAR 2 BLOK JADI 1, HARUSNYA DIPISAH","IP":"300","IRPOM":"0","TglTnmPadi":"1S/D 31 DES 2024","TglPnnPadi":"10 APRIL 2025","layer":"LAHAN_SAWAH","path":"C:/Users/bppta/Documents/ArcGIS/Kec. Taman/Kec. Taman/Kec. Taman/LAHAN_SAWAH.shp"}},
{"type":"Feature","geometry":{"type":"Polygon","coordinates":[[[112.6416511285539,-7.364508895401957],[112.64155248277346,-7.368152866386856],[112.64175235749791,-7.368131451237843],[112.64185126252106,-7.364462652408665],[112.6416511285539,-7.364508895401957]]]},"properties":{"KDPPUM":"","NAMOBJ":"","REMARK":"","KDPBPS":"","FCODE":"","LUASWH":null,"UUPP":"","SRS_ID":"","LCODE":"","METADATA":"","KDEBPS":"","KDEPUM":"","KDCBPS":"","KDCPUM":"","KDBBPS":"","KDBPUM":"","WADMKD":"","WIADKD":"","WADMKC":"Taman","WIADKC":"","WADMKK":"","WIADKK":"","WADMPR":"","WIADPR":"","TIPADM":null,"SHAPE_Leng":null,"SHAPE_Area":null,"Luas":35.6234815109,"NAMA_BLOK":"TIMUR DAN BARAT","KELOMPOK_T":"HARAPAN TANI 1 DAN 2","NAMA_DESA":"TANJUNGSARI","KARTU_TANI":"0","KARTU_TA_1":"0","PANEN_TAHU":"0","PRODUKTIFI":"6,7","POLA_TANAM":"PADI-PADI-PADI","KOMODITI_2":"0","KONDISI_IR":"LANCAR","N_IRIGASI":"PELAYARAN","ADA_TIDAK":"0","ELEVASI":"8,44 m","KEASAMAN_T":"5,4","UNSUR_HARA":"0","REKOMENDAS":"0","BAPPEDA":"0","KETERANGAN":"GAMBAR 2 BLOK JADI 1, HARUSNYA DIPISAH","IP":"300","IRPOM":"0","TglTnmPadi":"1S/D 31 DES 2024","TglPnnPadi":"10 APRIL 2025","layer":"LAHAN_SAWAH","path":"C:/Users/bppta/Documents/ArcGIS/Kec. Taman/Kec. Taman/Kec. Taman/LAHAN_SAWAH.shp"}},
{"type":"Feature","geometry":{"type":"Polygon","coordinates":[[[112.64724950728656,-7.364559924822172],[112.64725664566959,-7.364522939139339],[112.64726616351356,-7.364396827706153],[112.64722333321549,-7.364387309862129],[112.64706866825018,-7.3643849304011635],[112.64704487364018,-7.364808474459775],[112.64696432709265,-7.364814187422148],[112.64690210597972,-7.364813233381816],[112.64680930700057,-7.364827510147827],[112.64671412856033,-7.364827510147827],[112.64654994575096,-7.364817992303802],[112.64652303060755,-7.365952926697749],[112.64725712156199,-7.36596965142957],[112.64724950728656,-7.364559924822172]]]},"properties":{"KDPPUM":"","NAMOBJ":"","REMARK":"","KDPBPS":"","FCODE":"","LUASWH":null,"UUPP":"","SRS_ID":"","LCODE":"","METADATA":"","KDEBPS":"","KDEPUM":"","KDCBPS":"","KDCPUM":"","KDBBPS":"","KDBPUM":"","WADMKD":"","WIADKD":"","WADMKC":"Taman","WIADKC":"","WADMKK":"","WIADKK":"","WADMPR":"","WIADPR":"","TIPADM":null,"SHAPE_Leng":null,"SHAPE_Area":null,"Luas":18.188065282,"NAMA_BLOK":"Ngampel Blok Timur","KELOMPOK_T":"HARAPAN TANI 2","NAMA_DESA":"TANJUNGSARI","KARTU_TANI":"0","KARTU_TA_1":"0","PANEN_TAHU":"0","PRODUKTIFI":"6,7","POLA_TANAM":"PADI-PADI-PADI","KOMODITI_2":"0","KONDISI_IR":"LANCAR","N_IRIGASI":"PELAYARAN","ADA_TIDAK":"0","ELEVASI":"8,97 m","KEASAMAN_T":"5,3","UNSUR_HARA":"0","REKOMENDAS":"0","BAPPEDA":"Tikus dan P. Batang","KETERANGAN":"0","IP":"300","IRPOM":"0","TglTnmPadi":"25 OKT 24 S/D 18 NOV 2024","TglPnnPadi":"FEBRUARI 2025","layer":"LAHAN_SAWAH","path":"C:/Users/bppta/Documents/ArcGIS/Kec. Taman/Kec. Taman/Kec. Taman/LAHAN_SAWAH.shp"}},
{"type":"Feature","geometry":{"type":"Polygon","coordinates":[[[112.64339656505284,-7.364447093819754],[112.64324131763044,-7.366049274195281],[112.64360690940599,-7.366092253157666],[112.64347577197884,-7.367190371200721],[112.64357651784813,-7.367265715360362],[112.64374914709627,-7.367452245834782],[112.64388357818189,-7.367646584163813],[112.64392423503362,-7.36773590136223],[112.64394274931158,-7.367844339619785],[112.64392963031501,-7.367970978134825],[112.6439298800468,-7.368038792990176],[112.64397077135833,-7.368074812371153],[112.64402058563597,-7.36807462911974],[112.64406511242942,-7.368058066294348],[112.64411326572201,-7.368031935195038],[112.6441200174596,-7.3680212063288035],[112.64415564823707,-7.367964583483268],[112.64423092885453,-7.367894830368914],[112.64438657365564,-7.367847229702453],[112.64454489363959,-7.367796914916276],[112.64467159562058,-7.367769323292112],[112.6447757220401,-7.367759898159988],[112.64483566212743,-7.367785425699628],[112.64536364513924,-7.368339788485888],[112.64552679087262,-7.368495055407271],[112.64560980867962,-7.368574063274865],[112.64565034695352,-7.368087224234028],[112.64589787323848,-7.365791642552324],[112.64590256873247,-7.365748086379464],[112.64596445187567,-7.365174181882541],[112.64596637516865,-7.365138991459649],[112.64598259065792,-7.364842274827673],[112.64512267925058,-7.364828953184691],[112.6451633148498,-7.364131815236814],[112.6448123443513,-7.364191301761875],[112.64406712465573,-7.364338621814712],[112.64339656505284,-7.364447093819754]]]},"properties":{"KDPPUM":"","NAMOBJ":"","REMARK":"","KDPBPS":"","FCODE":"","LUASWH":null,"UUPP":"","SRS_ID":"","LCODE":"","METADATA":"","KDEBPS":"","KDEPUM":"","KDCBPS":"","KDCPUM":"","KDBBPS":"","KDBPUM":"","WADMKD":"","WIADKD":"","WADMKC":"Taman","WIADKC":"","WADMKK":"","WIADKK":"","WADMPR":"","WIADPR":"","TIPADM":null,"SHAPE_Leng":null,"SHAPE_Area":null,"Luas":35.6234815109,"NAMA_BLOK":"Ngampel BARAT","KELOMPOK_T":"HARAPAN TANI 2","NAMA_DESA":"TANJUNGSARI","KARTU_TANI":"0","KARTU_TA_1":"0","PANEN_TAHU":"0","PRODUKTIFI":"6,7","POLA_TANAM":"PADI-PADI-PADI","KOMODITI_2":"0","KONDISI_IR":"LANCAR","N_IRIGASI":"PELAYARAN","ADA_TIDAK":"0","ELEVASI":"8,44 m","KEASAMAN_T":"5,4","UNSUR_HARA":"0","REKOMENDAS":"0","BAPPEDA":"0","KETERANGAN":"-","IP":"300","IRPOM":"0","TglTnmPadi":"1S/D 31 DES 2024","TglPnnPadi":"Puso Belum Tanam Lagi","layer":"LAHAN_SAWAH","path":"C:/Users/bppta/Documents/ArcGIS/Kec. Taman/Kec. Taman/Kec. Taman/LAHAN_SAWAH.shp"}},
{"type":"Feature","geometry":{"type":"MultiPolygon","coordinates":[[[[112.63864635246476,-7.369942805188575],[112.63864662645095,-7.369916980313062],[112.63864759548187,-7.36980541887759],[112.63718788305664,-7.369905387996889],[112.63718217782319,-7.36949375963609],[112.63719424495672,-7.369135596009681],[112.63650746909286,-7.3692288403018535],[112.63479656943069,-7.369408975476359],[112.6342961439251,-7.369465777619231],[112.6340403518668,-7.36949552088173],[112.63392703066175,-7.369521863363865],[112.63392376528589,-7.369509016580229],[112.63394999968523,-7.369989992161367],[112.63396999977681,-7.370369992568759],[112.63396999977681,-7.370549439799884],[112.63358876132246,-7.370558971213516],[112.63343876153476,-7.370628970899669],[112.63331876188386,-7.370748971168121],[112.63331162319581,-7.370748970986225],[112.63323978570587,-7.37195033375269],[112.63322788840104,-7.372069306802928],[112.63323383705345,-7.372140690632982],[112.63311272968029,-7.372137903961568],[112.63305899936584,-7.372568526347998],[112.63299475391885,-7.372785057299345],[112.633063758288,-7.372889753583519],[112.6332374589415,-7.37297779364066],[112.63332549899872,-7.372980173101622],[112.63339371820962,-7.372986943409677],[112.63348474442658,-7.373005752307383],[112.63346114645003,-7.373134449323953],[112.63351973028453,-7.373227780347757],[112.63347173060401,-7.373738903745101],[112.63344079262559,-7.374016904219297],[112.63348182587106,-7.374204978261862],[112.6335245892717,-7.3742083990005804],[112.63360390422326,-7.3741687423182585],[112.63367925490932,-7.374089426228875],[112.6337783983738,-7.374002180096435],[112.63380168863237,-7.3738599788077845],[112.63392066168285,-7.373800492282609],[112.634037255272,-7.3737172111476195],[112.63415384886139,-7.373648206778365],[112.63427282191162,-7.373591099714264],[112.63439179496184,-7.373553028338216],[112.63450600909016,-7.37355064887731],[112.63458929022558,-7.373553028338216],[112.63470350435354,-7.373631550551386],[112.63478678548893,-7.373748144140664],[112.63484865147507,-7.373874255573735],[112.6348695907318,-7.373598238097382],[112.6348862469589,-7.373398363373065],[112.63489338534178,-7.3732199037977635],[112.63491480049103,-7.372972439853374],[112.63506410044623,-7.372959975989575],[112.63504506424691,-7.372845760837233],[112.63504506424691,-7.372731546625021],[112.63506727329559,-7.372576088615332],[112.63509582624702,-7.372484082749183],[112.63513707059666,-7.372414286088282],[112.6352068687961,-7.372363524058371],[112.63522999975883,-7.372309898765768],[112.63525082004263,-7.372184977063122],[112.63527461465264,-7.372098721601761],[112.63528948628402,-7.3720094918140235],[112.63533707550424,-7.37189349309016],[112.63539358770309,-7.371777494366128],[112.63538763905035,-7.371664469968581],[112.6354352282707,-7.37153657393956],[112.63549174046955,-7.37141165223691],[112.63555420132082,-7.371304576491663],[112.63560773919356,-7.371200475072731],[112.63568593225204,-7.371113514275381],[112.63570085723347,-7.371100579310038],[112.6357047346254,-7.37110197947821],[112.63571476072228,-7.3710932909343585],[112.63580610343172,-7.370968678601791],[112.63591020485056,-7.370858628530337],[112.63597861435458,-7.370828885267667],[112.6360470238584,-7.3708169879627325],[112.6361303049938,-7.370814013636526],[112.63621358612886,-7.370846731225348],[112.63627902130645,-7.370885397466637],[112.63638014839931,-7.370938935339173],[112.63650804442841,-7.371048985410629],[112.63679952840153,-7.371144163850773],[112.63687983521048,-7.371167958460697],[112.63693039875682,-7.371164984134491],[112.63696311634578,-7.37117093278707],[112.63700934623431,-7.371155474655602],[112.63701315329445,-7.3711250173402805],[112.63708879124489,-7.37112253933841],[112.6370791150698,-7.370802116331478],[112.63724270301405,-7.370793193352753],[112.63731408684428,-7.370802116331478],[112.63739736797936,-7.370811039310265],[112.63744198287314,-7.370808064983945],[112.63751634102958,-7.370811039310265],[112.63763531407982,-7.370811039310265],[112.63771588737494,-7.37083313613005],[112.63778251182633,-7.37083313613005],[112.63790895209557,-7.3708318595940385],[112.6379565413156,-7.3708943204454185],[112.63795951564201,-7.370965704275471],[112.63800517903256,-7.370938198173312],[112.63800777606184,-7.370714820673528],[112.6379760421763,-7.3706998869664755],[112.63789355437518,-7.370693541508634],[112.63785865482645,-7.370658643315887],[112.63783644667592,-7.370611053300745],[112.63783010097687,-7.370538083291017],[112.63783231262903,-7.370465084118453],[112.6378568168734,-7.370420288493665],[112.63795100612923,-7.370383988122477],[112.63819152555492,-7.370379171595087],[112.63836814511967,-7.37037852428588],[112.63850190157054,-7.370397565204835],[112.63850350416487,-7.370397793130686],[112.63851830480769,-7.370381717981868],[112.63860075218429,-7.370209328639033],[112.63863403027403,-7.37001292603312],[112.63864635246476,-7.369942805188575]]],[[[112.63366345417774,-7.367596900294451],[112.63363703203026,-7.367507926833247],[112.63350152835618,-7.367385462196242],[112.63363000001813,-7.36752999264381],[112.63366345417774,-7.367596900294451]]]]},"properties":{"KDPPUM":"","NAMOBJ":"","REMARK":"","KDPBPS":"","FCODE":"","LUASWH":null,"UUPP":"","SRS_ID":"","LCODE":"","METADATA":"","KDEBPS":"","KDEPUM":"","KDCBPS":"","KDCPUM":"","KDBBPS":"","KDBPUM":"","WADMKD":"","WIADKD":"","WADMKC":"Taman","WIADKC":"","WADMKK":"","WIADKK":"","WADMPR":"","WIADPR":"","TIPADM":null,"SHAPE_Leng":null,"SHAPE_Area":null,"Luas":12.460713468,"NAMA_BLOK":"SOBO WIDORO","KELOMPOK_T":"SUGIH WARAS 2","NAMA_DESA":"TROSOBO","KARTU_TANI":"0","KARTU_TA_1":"0","PANEN_TAHU":"0","PRODUKTIFI":"6,7","POLA_TANAM":"BERA-PADI-PADI","KOMODITI_2":"0","KONDISI_IR":"TIDAK LANCAR (SERING BANJIR)","N_IRIGASI":"PELAYARAN","ADA_TIDAK":"0","ELEVASI":"9,24 m","KEASAMAN_T":"5,5","UNSUR_HARA":"0","REKOMENDAS":"0","BAPPEDA":"0","KETERANGAN":"-","IP":"200","IRPOM":"0","TglTnmPadi":"BELUM TANAM","TglPnnPadi":"-","layer":"LAHAN_SAWAH","path":"C:/Users/bppta/Documents/ArcGIS/Kec. Taman/Kec. Taman/Kec. Taman/LAHAN_SAWAH.shp"}},
{"type":"Feature","geometry":{"type":"Polygon","coordinates":[[[112.63125889460144,-7.369439425991954],[112.63121919547955,-7.369450030544473],[112.63112592060821,-7.369461451957273],[112.63098315294775,-7.369469066232522],[112.63097553867253,-7.369339623553932],[112.63096792439742,-7.369297745040228],[112.6307737603792,-7.369292034333859],[112.63082896387452,-7.369897369213123],[112.63057388565466,-7.369914501332461],[112.63047323093647,-7.36991021181473],[112.63032832527885,-7.369931633451627],[112.63005801850866,-7.369967801258959],[112.63007324705899,-7.370187187563519],[112.6300789577654,-7.370316630242113],[112.63008619343115,-7.370457572623549],[112.6300960898847,-7.370560287048846],[112.63012356202697,-7.370781784287144],[112.63013225769195,-7.370845822369342],[112.63014367910483,-7.370980975754305],[112.63009037917838,-7.370994300735926],[112.63002788868384,-7.371011437200147],[112.63002621822594,-7.37098108262465],[112.63002549920887,-7.370933624480324],[112.62961662385504,-7.370945322253208],[112.62844146354286,-7.3709473952142845],[112.62838672418086,-7.37138662558738],[112.62837900492869,-7.371414924896193],[112.62850900642165,-7.3714429260972],[112.62914514622655,-7.371514498500573],[112.62926887819872,-7.3715716055646725],[112.62932297432639,-7.371752853862754],[112.62971297437973,-7.3717699922497015],[112.63021297397168,-7.371819992024999],[112.63068523448626,-7.371900773738317],[112.63079600394728,-7.371912863873349],[112.63130994269787,-7.371969926652618],[112.63148806989958,-7.371977192902848],[112.63147474959185,-7.37186464808453],[112.63145761747266,-7.371674291204297],[112.63143287107839,-7.371451573654329],[112.63136894135079,-7.3707608635381385],[112.63125889460144,-7.369439425991954]]]},"properties":{"KDPPUM":"","NAMOBJ":"","REMARK":"","KDPBPS":"","FCODE":"","LUASWH":null,"UUPP":"","SRS_ID":"","LCODE":"","METADATA":"","KDEBPS":"","KDEPUM":"","KDCBPS":"","KDCPUM":"","KDBBPS":"","KDBPUM":"","WADMKD":"","WIADKD":"","WADMKC":"Taman","WIADKC":"","WADMKK":"","WIADKK":"","WADMPR":"","WIADPR":"","TIPADM":null,"SHAPE_Leng":null,"SHAPE_Area":null,"Luas":18.5645183798,"NAMA_BLOK":"BANJARSARI BARAT","KELOMPOK_T":"BANJARSARI MAKMUR","NAMA_DESA":"PERTAPAN MADURETNO","KARTU_TANI":"0","KARTU_TA_1":"0","PANEN_TAHU":"0","PRODUKTIFI":"6,7","POLA_TANAM":"BERA-PADI-PADI","KOMODITI_2":"0","KONDISI_IR":"LANCAR","N_IRIGASI":"PELAYARAN","ADA_TIDAK":"0","ELEVASI":"9,24 m","KEASAMAN_T":"5,5","UNSUR_HARA":"0","REKOMENDAS":"0","BAPPEDA":"Tikus dan P.Batang","KETERANGAN":"-","IP":"BERA-PADI-PADI","IRPOM":"0","TglTnmPadi":"1 s/d 17 DESEMBER 2025","TglPnnPadi":"15 s/d 30 Maret 2025","layer":"LAHAN_SAWAH","path":"C:/Users/bppta/Documents/ArcGIS/Kec. Taman/Kec. Taman/Kec. Taman/LAHAN_SAWAH.shp"}},
{"type":"Feature","geometry":{"type":"Polygon","coordinates":[[[112.62734047575157,-7.371023449133304],[112.6273440449429,-7.371815809647565],[112.6283068137086,-7.371764954643649],[112.62832557260786,-7.371462459688522],[112.62834698775703,-7.371216185474559],[112.62834698775703,-7.370952065303139],[112.62734047575157,-7.371023449133304]]]},"properties":{"KDPPUM":"","NAMOBJ":"","REMARK":"","KDPBPS":"","FCODE":"","LUASWH":null,"UUPP":"","SRS_ID":"","LCODE":"","METADATA":"","KDEBPS":"","KDEPUM":"","KDCBPS":"","KDCPUM":"","KDBBPS":"","KDBPUM":"","WADMKD":"","WIADKD":"","WADMKC":"Taman","WIADKC":"","WADMKK":"","WIADKK":"","WADMPR":"","WIADPR":"","TIPADM":null,"SHAPE_Leng":null,"SHAPE_Area":null,"Luas":0,"NAMA_BLOK":"BANJAR PERTAPAN TIMUR","KELOMPOK_T":"TANI MAKMUR 1","NAMA_DESA":"PERTAPAN MADURETNO","KARTU_TANI":"0","KARTU_TA_1":"0","PANEN_TAHU":"0","PRODUKTIFI":"6,7","POLA_TANAM":"BERA-PADI-PADI","KOMODITI_2":"0","KONDISI_IR":"LANCAR","N_IRIGASI":"PELAYARAN","ADA_TIDAK":"0","ELEVASI":"9,24 m","KEASAMAN_T":"5,5","UNSUR_HARA":"0","REKOMENDAS":"0","BAPPEDA":"Tikus dan Penggerek Batang","KETERANGAN":"-","IP":"200","IRPOM":"0","TglTnmPadi":"13 NOV s/d 15 Des 2024","TglPnnPadi":"Maret 2025","layer":"LAHAN_SAWAH","path":"C:/Users/bppta/Documents/ArcGIS/Kec. Taman/Kec. Taman/Kec. Taman/LAHAN_SAWAH.shp"}},
{"type":"Feature","geometry":{"type":"Polygon","coordinates":[[[112.62334262434216,-7.373325553859707],[112.62345755230864,-7.373326981536341],[112.62350466563667,-7.37331912931499],[112.62353821603688,-7.373310563255407],[112.62358532936467,-7.373304138710692],[112.62361959360315,-7.373304138710692],[112.62367884218223,-7.373318415476761],[112.62369211957457,-7.373325553859707],[112.62371282088532,-7.373324840021474],[112.62372781148973,-7.373327695374687],[112.62373637754945,-7.373328409212977],[112.62386986531179,-7.373336261434329],[112.62389556349069,-7.3733384029491384],[112.62392197550774,-7.3733384029491384],[112.62393696611205,-7.373344827493913],[112.62399978388284,-7.373364101128059],[112.62400245687763,-7.373218528317942],[112.6239986426308,-7.373222342907484],[112.62399764236795,-7.373209198216643],[112.62399621469113,-7.373190638420842],[112.6239919316614,-7.373159229535606],[112.62398764863165,-7.373097839441658],[112.62398836246985,-7.373071427424562],[112.6240444180828,-7.373058311030826],[112.6240444180828,-7.373041145384789],[112.62404632610446,-7.373028747062359],[112.62404823322775,-7.3729820201869645],[112.62404823322775,-7.372974387365235],[112.62405204837285,-7.372945777048968],[112.62405586261946,-7.372915260352629],[112.62405872375393,-7.372902385210379],[112.62405967686617,-7.372898092888509],[112.62406349201137,-7.372880928160148],[112.62407112230119,-7.372865668902198],[112.62407493744638,-7.372858038817649],[112.62407875079464,-7.372850410556585],[112.62409019443317,-7.37283705950452],[112.62409400328987,-7.3728322976536225],[112.62409782382484,-7.372827522127166],[112.6241092683615,-7.372814170164183],[112.62411498613824,-7.372808451931976],[112.62412071199981,-7.372802727317781],[112.62413215743491,-7.37279128356012],[112.6241359689866,-7.372788423532443],[112.62416076698025,-7.372769346956751],[112.62416648835018,-7.372764579636435],[112.62418748557171,-7.372750581274259],[112.62419079406686,-7.372748257331065],[112.6242046362071,-7.372737876625998],[112.62421989499033,-7.372728340162568],[112.62423896712242,-7.372718803699312],[112.62425422590567,-7.372711174528866],[112.62426948468907,-7.372705450827693],[112.62429237376261,-7.3726959152767115],[112.62430763164751,-7.372690193399078],[112.6243190761844,-7.372688285194894],[112.6243305198228,-7.37268447152161],[112.62435340889637,-7.372680656025016],[112.62436103738958,-7.372679702378782],[112.62439718290159,-7.372673808188675],[112.62441062888479,-7.372671119562781],[112.62442588766815,-7.372669212270367],[112.62444496159672,-7.372669212270367],[112.62445640613326,-7.3726682586241346],[112.62446784887366,-7.372667304977897],[112.62449455309206,-7.372665397685541],[112.62450853986081,-7.372665397685541],[112.62450981187531,-7.372665397685541],[112.62452125641197,-7.372665397685541],[112.6245327000504,-7.372667304977897],[112.6245441436888,-7.372669212270367],[112.62455558822568,-7.372671119562781],[112.6245746612559,-7.372676841440077],[112.62459373518412,-7.372684470609899],[112.62460327708901,-7.372688287930028],[112.62461280821425,-7.3726921006916015],[112.62462650824273,-7.372698950506888],[112.62464495094001,-7.37269989838346],[112.62465851386786,-7.37270418141325],[112.62468492588482,-7.372710605957969],[112.6247170486083,-7.372719409963704],[112.624815558294,-7.372719172017554],[112.62488123141804,-7.372697994814573],[112.62493357955987,-7.372659923438586],[112.62501832854423,-7.372556499850538],[112.62509332334787,-7.37233214404533],[112.62516846113327,-7.372051446874724],[112.62519384213316,-7.371991167585423],[112.62520970458456,-7.371937232867434],[112.62529636955149,-7.3718467341848655],[112.62537251255173,-7.371795972220553],[112.62543683556282,-7.371758107718057],[112.62549632208798,-7.371740261760542],[112.62564503840088,-7.3717128979590605],[112.62575806279858,-7.371703380115035],[112.62597578348074,-7.371680775235479],[112.62608285922578,-7.371674826582901],[112.62641647840825,-7.371679606707706],[112.62641696935951,-7.371502863424394],[112.62638148158213,-7.370585628308509],[112.62638386104321,-7.370497588251369],[112.62639099942612,-7.370453568222741],[112.6264005172702,-7.370365528165716],[112.6264203317536,-7.37031549734567],[112.6264210297446,-7.370068862621482],[112.62643156608453,-7.370068805184161],[112.62641126154288,-7.369981335589725],[112.62637743649837,-7.369892491318147],[112.62638386104321,-7.369602672967862],[112.62618127373308,-7.3695798301422695],[112.62576175096318,-7.369490243435442],[112.62574877687472,-7.369425691511424],[112.6255869319632,-7.369376029307248],[112.62513178866197,-7.369246110736461],[112.6250554079636,-7.369236830838533],[112.62486909616689,-7.369204708114951],[112.62478828422343,-7.36919783752601],[112.62476430470406,-7.369199711246813],[112.62474003420185,-7.369212560336302],[112.62470719764006,-7.36921684336615],[112.62467293340147,-7.36921398801288],[112.62465009057597,-7.369211132659666],[112.624629389265,-7.369196142055367],[112.62461059650978,-7.369188940820937],[112.62460126403619,-7.369184720642513],[112.62460340555106,-7.369174726906351],[112.62461125777247,-7.369149742565835],[112.62458770110834,-7.36914617337433],[112.62456914131246,-7.369147601050852],[112.62456200292945,-7.36914617337433],[112.62452559717599,-7.369144031859349],[112.6244577825373,-7.36913903499127],[112.62425391031842,-7.369082641765518],[112.62418895103303,-7.369068364999448],[112.62414754841141,-7.3690583712632876],[112.62412327790923,-7.369043380658931],[112.62409900740715,-7.369031245407731],[112.62404261418123,-7.369036956114214],[112.62396123661472,-7.369072648029298],[112.62392340318479,-7.369090493986698],[112.62388556975475,-7.369101201561321],[112.62386843763556,-7.369092635501736],[112.62385701622259,-7.3690790725740145],[112.62382986446026,-7.369086560822352],[112.62381632743939,-7.3690869247952495],[112.62379348461376,-7.369090493986698],[112.6237663587583,-7.3690962046931805],[112.62373851906456,-7.369103343076185],[112.62368883591874,-7.369124758225201],[112.6236431502674,-7.36914617337433],[112.62360460299907,-7.369154025595568],[112.62344970008756,-7.369185434480748],[112.62340212150296,-7.369119185531526],[112.62340258675977,-7.369117619842253],[112.62338402696412,-7.369094063178314],[112.62336546716811,-7.369101915399666],[112.62334690737212,-7.369104056914531],[112.62329765252946,-7.369119047518833],[112.62327837889518,-7.369126185901781],[112.62325981909929,-7.369134038123131],[112.62323483475905,-7.369136893476401],[112.62323983162707,-7.36918614831915],[112.62324054546524,-7.369299648609],[112.62325125303981,-7.369353186481653],[112.62322555486081,-7.369358183349734],[112.6231782987487,-7.3693552809206775],[112.62320176025092,-7.3699956409525775],[112.62321127809491,-7.370383493096218],[112.62326362623706,-7.371635089584179],[112.62328742084706,-7.371870656223578],[112.62331835384008,-7.372301338665307],[112.62333869890074,-7.373002998595089],[112.62334048282729,-7.373022172581756],[112.62334048282729,-7.373047156922275],[112.62333976898888,-7.37307571045441],[112.62333976898888,-7.373129248326894],[112.62334262434216,-7.373325553859707]]]},"properties":{"KDPPUM":"","NAMOBJ":"","REMARK":"","KDPBPS":"","FCODE":"","LUASWH":null,"UUPP":"","SRS_ID":"","LCODE":"","METADATA":"","KDEBPS":"","KDEPUM":"","KDCBPS":"","KDCPUM":"","KDBBPS":"","KDBPUM":"","WADMKD":"","WIADKD":"","WADMKC":"Taman","WIADKC":"","WADMKK":"","WIADKK":"","WADMPR":"","WIADPR":"","TIPADM":null,"SHAPE_Leng":null,"SHAPE_Area":null,"Luas":5.36754680431,"NAMA_BLOK":"BANJAR PERTAPAN TENGAH","KELOMPOK_T":"TANI MAKMUR 1","NAMA_DESA":"PERTAPAN MADURETNO","KARTU_TANI":"0","KARTU_TA_1":"0","PANEN_TAHU":"0","PRODUKTIFI":"6,5","POLA_TANAM":"BERA-PADI-PADI","KOMODITI_2":"0","KONDISI_IR":"LANCAR","N_IRIGASI":"PELAYARAN","ADA_TIDAK":"0","ELEVASI":"9,24 m","KEASAMAN_T":"5,5","UNSUR_HARA":"0","REKOMENDAS":"0","BAPPEDA":"TIKUS DAN P. BATANG","KETERANGAN":"","IP":"-","IRPOM":"0","TglTnmPadi":"13 NOV s/d 15 Des 2024","TglPnnPadi":"MARET 2025","layer":"LAHAN_SAWAH","path":"C:/Users/bppta/Documents/ArcGIS/Kec. Taman/Kec. Taman/Kec. Taman/LAHAN_SAWAH.shp"}},
{"type":"Feature","geometry":{"type":"Polygon","coordinates":[[[112.62334262434216,-7.373325553859707],[112.62332383594024,-7.372490405190159],[112.62328983260305,-7.371904235285384],[112.62323820566155,-7.37144497064998],[112.62321821818908,-7.371053787260991],[112.62319537536325,-7.370648327105877],[112.62317967092075,-7.3702514330104565],[112.62316824950777,-7.3700872502012205],[112.62314683435885,-7.369681790046156],[112.62312970223944,-7.369361990487164],[112.62309638978537,-7.36887658044241],[112.62306307733138,-7.368576768355962],[112.62222550705724,-7.368867062598382],[112.62184955221822,-7.368986035648623],[112.62159732935176,-7.368976517804596],[112.62159323667868,-7.368975447047162],[112.62162535940216,-7.369521533347461],[112.62163249778519,-7.369981959051807],[112.62163606697675,-7.370456661522052],[112.62163249778519,-7.371211545525568],[112.62165337381305,-7.3715835271292995],[112.6217134470487,-7.372760336692851],[112.62175028110504,-7.373295953364964],[112.62197870936153,-7.373295953364964],[112.62221427600115,-7.37328881498196],[112.6224641194069,-7.373285245790399],[112.62269968604653,-7.373313799322477],[112.62294952945206,-7.373353060429061],[112.6231743885171,-7.373363768003516],[112.62322435719818,-7.373338783662997],[112.62334262434216,-7.373325553859707]]]},"properties":{"KDPPUM":"","NAMOBJ":"","REMARK":"","KDPBPS":"","FCODE":"","LUASWH":null,"UUPP":"","SRS_ID":"","LCODE":"","METADATA":"","KDEBPS":"","KDEPUM":"","KDCBPS":"","KDCPUM":"","KDBBPS":"","KDBPUM":"","WADMKD":"","WIADKD":"","WADMKC":"Taman","WIADKC":"","WADMKK":"","WIADKK":"","WADMPR":"","WIADPR":"","TIPADM":null,"SHAPE_Leng":null,"SHAPE_Area":null,"Luas":0,"NAMA_BLOK":"BANJAR PERTAPAN BARAT","KELOMPOK_T":"TANI MAKMUR 1","NAMA_DESA":"PERTAPAN MADURETNO","KARTU_TANI":"0","KARTU_TA_1":"0","PANEN_TAHU":"0","PRODUKTIFI":"6,5","POLA_TANAM":"BERA-PADI-PADI","KOMODITI_2":"0","KONDISI_IR":"LANCAR","N_IRIGASI":"pelayaran","ADA_TIDAK":"0","ELEVASI":"9,24 m","KEASAMAN_T":"5,5","UNSUR_HARA":"0","REKOMENDAS":"0","BAPPEDA":"Tikus dan P. Batang","KETERANGAN":"0","IP":"200","IRPOM":"0","TglTnmPadi":"13 NOV s/d 15 Des 2024","TglPnnPadi":"MARET 2025","layer":"LAHAN_SAWAH","path":"C:/Users/bppta/Documents/ArcGIS/Kec. Taman/Kec. Taman/Kec. Taman/LAHAN_SAWAH.shp"}},
{"type":"Feature","geometry":{"type":"Polygon","coordinates":[[[112.62002406146028,-7.370136306755536],[112.6200184300693,-7.370129168372585],[112.61995894354423,-7.371437871924359],[112.61992325162919,-7.372074377742927],[112.619887559714,-7.372853651221549],[112.61989945701919,-7.3732403136347076],[112.61992325162919,-7.373591284132733],[112.61995894354423,-7.37388276810569],[112.6200184300693,-7.37422778995119],[112.6200779165945,-7.374501427966578],[112.62011955716207,-7.374834552507091],[112.62016119772976,-7.375256906835274],[112.62035155461025,-7.375256906835274],[112.62044078439804,-7.3752331122251835],[112.62055380879563,-7.375215266267726],[112.62073226837116,-7.37520336896262],[112.62091667659921,-7.375185523005109],[112.62105349560693,-7.375179574352642],[112.6211784173098,-7.375256906835274],[112.62126764709738,-7.375298547402768],[112.62148774724052,-7.3753342393178505],[112.62167810412097,-7.3753342393178505],[112.62172569334096,-7.375209317615202],[112.62173759064603,-7.375013012082331],[112.62171379603603,-7.373274101981193],[112.62161956938017,-7.371311998437495],[112.62161528635022,-7.371210633398727],[112.62160767207502,-7.371184459327674],[112.6215933953091,-7.371086901426504],[112.62158149800392,-7.370294540912302],[112.62083601287087,-7.370220777621226],[112.62002406146028,-7.370136306755536]]]},"properties":{"KDPPUM":"","NAMOBJ":"","REMARK":"","KDPBPS":"","FCODE":"","LUASWH":null,"UUPP":"","SRS_ID":"","LCODE":"","METADATA":"","KDEBPS":"","KDEPUM":"","KDCBPS":"","KDCPUM":"","KDBBPS":"","KDBPUM":"","WADMKD":"","WIADKD":"","WADMKC":"Taman","WIADKC":"","WADMKK":"","WIADKK":"","WADMPR":"","WIADPR":"","TIPADM":null,"SHAPE_Leng":null,"SHAPE_Area":null,"Luas":0,"NAMA_BLOK":"BANJAR ANYAR TIMUR","KELOMPOK_T":"TANI MAKMUR 2","NAMA_DESA":"PERTAPAN MADURETNO","KARTU_TANI":"0","KARTU_TA_1":"0","PANEN_TAHU":"0","PRODUKTIFI":"6,5","POLA_TANAM":"PADI-PADI-PADI","KOMODITI_2":"0","KONDISI_IR":"LAMCAR","N_IRIGASI":"PELAYARAN","ADA_TIDAK":"0","ELEVASI":"9,24 m","KEASAMAN_T":"5,5","UNSUR_HARA":"0","REKOMENDAS":"0","BAPPEDA":"Tikus dan P.Batang","KETERANGAN":"0","IP":"300","IRPOM":"0","TglTnmPadi":"1 Nov s/d 24 Nov 2024","TglPnnPadi":"Maret 2025","layer":"LAHAN_SAWAH","path":"C:/Users/bppta/Documents/ArcGIS/Kec. Taman/Kec. Taman/Kec. Taman/LAHAN_SAWAH.shp"}},
{"type":"Feature","geometry":{"type":"Polygon","coordinates":[[[112.61857654857839,-7.369935774387935],[112.61857647669979,-7.369936828608197],[112.61857435897957,-7.36993559922005],[112.61857654857839,-7.369935774387935],[112.61859432265734,-7.369675087897739],[112.61841586308208,-7.369660216266546],[112.61835637655689,-7.370186672013494],[112.61761874364493,-7.370115288183441],[112.6175919747087,-7.370564411447925],[112.61758305172987,-7.370695281802928],[112.61757710307732,-7.370894561662059],[112.61755330846732,-7.371073021237247],[112.61801730336354,-7.371126559109845],[112.6180024317323,-7.371162251024926],[112.61798161144851,-7.3712425578337655],[112.61796673981712,-7.371313941663929],[112.61795484251206,-7.371391274146504],[112.6179607911647,-7.371432914714111],[112.61793402222827,-7.3714924012391725],[112.6179399708809,-7.371578656700535],[112.61792807357585,-7.371712501381852],[112.61793104790206,-7.371846346063399],[112.61793104790206,-7.372006959681131],[112.61791022761827,-7.372155675993874],[112.61788940733449,-7.372271674717793],[112.61790546869634,-7.372389814956523],[112.61791117940267,-7.3724469220206785],[112.6178897642536,-7.372546859382809],[112.61786977678106,-7.372643941391725],[112.61788786068472,-7.372743402861717],[112.61787168034994,-7.372814786691773],[112.617866921428,-7.372911868700685],[112.61785359644635,-7.372992770374879],[112.61786121072156,-7.373087948814967],[112.61784407860239,-7.373126020191015],[112.61783931968023,-7.3732250057688145],[112.61784883752419,-7.373272594988888],[112.61785026520077,-7.373455059990109],[112.61776103541318,-7.3734580343164255],[112.61769445956041,-7.373511500896746],[112.61769013116337,-7.373580755248184],[112.61768451813532,-7.3736705636985125],[112.61771642051917,-7.373695980416791],[112.61771939484561,-7.373773312899366],[112.6176887433486,-7.373852145717309],[112.6176726384367,-7.373891215192056],[112.6177018001208,-7.374015355368694],[112.61777162401448,-7.374193882631771],[112.6178115989594,-7.374344264567188],[112.61815995205086,-7.374191979062945],[112.61843654059817,-7.374100607760399],[112.61855075472634,-7.374108222035538],[112.61868590811139,-7.374163425530866],[112.61879631510213,-7.37420911118211],[112.61912258679523,-7.374226243301391],[112.6192006331163,-7.374250989695814],[112.61935101505185,-7.374361396686357],[112.61943857921675,-7.37443563586968],[112.61952614338179,-7.374671678401213],[112.61961941825336,-7.374818253198972],[112.6197698001888,-7.375058102868165],[112.61988211074843,-7.375185641977988],[112.62002107127103,-7.375229424060404],[112.62009150331697,-7.375168509858704],[112.62003629982154,-7.374702135502061],[112.61997538561967,-7.374353782411103],[112.6199087607116,-7.373967357944094],[112.61988591788598,-7.373775097495029],[112.6198192929777,-7.3735238264130984],[112.61980787156493,-7.373251616074291],[112.61983642509709,-7.373097427001272],[112.61985355721629,-7.372592029484199],[112.61987830361078,-7.372104715870671],[112.61988782145488,-7.371954333935256],[112.6199163749868,-7.371318541955202],[112.61995254279407,-7.370554259080884],[112.61997538561967,-7.370085981155524],[112.61990495357405,-7.3700688490363016],[112.619632743235,-7.3700345847977395],[112.61915304389608,-7.369983188440123],[112.61876471586002,-7.369950827770446],[112.61857654857839,-7.369935774387935]]]},"properties":{"KDPPUM":"","NAMOBJ":"","REMARK":"","KDPBPS":"","FCODE":"","LUASWH":null,"UUPP":"","SRS_ID":"","LCODE":"","METADATA":"","KDEBPS":"","KDEPUM":"","KDCBPS":"","KDCPUM":"","KDBBPS":"","KDBPUM":"","WADMKD":"","WIADKD":"","WADMKC":"Taman","WIADKC":"","WADMKK":"","WIADKK":"","WADMPR":"","WIADPR":"","TIPADM":null,"SHAPE_Leng":null,"SHAPE_Area":null,"Luas":0,"NAMA_BLOK":"BANJAR ANYAR TENGAH","KELOMPOK_T":"TANI MAKMUR 2","NAMA_DESA":"PERTAPAN MADURETNO","KARTU_TANI":"0","KARTU_TA_1":"0","PANEN_TAHU":"0","PRODUKTIFI":"6,5","POLA_TANAM":"PADI_PADI_PADI","KOMODITI_2":"0","KONDISI_IR":"LANCAR","N_IRIGASI":"PELAYARAN","ADA_TIDAK":"0","ELEVASI":"9,24 m","KEASAMAN_T":"5,5","UNSUR_HARA":"0","REKOMENDAS":"0","BAPPEDA":"tIKUS DAN P. BATANG","KETERANGAN":"0","IP":"300","IRPOM":"0","TglTnmPadi":"1 Nov s/d 24 Nov 2024","TglPnnPadi":"Maret 2025","layer":"LAHAN_SAWAH","path":"C:/Users/bppta/Documents/ArcGIS/Kec. Taman/Kec. Taman/Kec. Taman/LAHAN_SAWAH.shp"}},
{"type":"Feature","geometry":{"type":"Polygon","coordinates":[[[112.61761874364493,-7.370115288183441],[112.61785391115654,-7.370138046329621],[112.61787794626377,-7.370113067353757],[112.6179084033646,-7.369271689942903],[112.61791601763991,-7.3692117275257045],[112.61722882930133,-7.369070863434315],[112.6172136007509,-7.369634319799988],[112.61703847242097,-7.369630512662276],[112.61704037598962,-7.36927835243383],[112.61695471539349,-7.369280256002599],[112.61695661896236,-7.369055634883802],[112.61679862275162,-7.369048020608666],[112.61678910490751,-7.369192691837651],[112.61676435851302,-7.369215534663301],[112.61669963717361,-7.3692193418008465],[112.61669392646729,-7.369030888489381],[112.61661968728389,-7.369030888489381],[112.61662159085277,-7.369291677415453],[112.61664062654087,-7.370024551404541],[112.6165625802198,-7.370026454973366],[112.61653212311899,-7.369453480763609],[112.61650889957956,-7.368987106406967],[112.61641943184554,-7.368971877856568],[112.61634328909338,-7.368962360012546],[112.61609772871759,-7.368922385067611],[112.61577526416214,-7.368865278003512],[112.61543452534613,-7.368827206627466],[112.61550876452941,-7.369731401808906],[112.61554493233666,-7.370140669101509],[112.61557919657525,-7.370578489926073],[112.6156229786577,-7.371200956924447],[112.61568769999711,-7.371827231060477],[112.61570292854765,-7.372381169582067],[112.61570102497876,-7.372653379920879],[112.6156724714466,-7.373207318442355],[112.61567260628294,-7.373206168369365],[112.61660773445816,-7.373259706241909],[112.61681117837408,-7.373291828965484],[112.61713954399306,-7.373288259773985],[112.6172823116533,-7.373323951688956],[112.61745363284581,-7.3733489360295845],[112.61752858586738,-7.373359643604036],[112.61777842927292,-7.37336321279554],[112.6178495448212,-7.373362991480859],[112.61782363903215,-7.37327755219942],[112.61781888011001,-7.373134784539257],[112.61785473059318,-7.373006947208625],[112.61784267472024,-7.372842110835705],[112.61786583480738,-7.372743997727017],[112.61785917231656,-7.372646915718098],[112.61786488302278,-7.372601230066798],[112.6178801115733,-7.372539839972966],[112.61789438833942,-7.372470359711684],[112.61789534012381,-7.372403734803561],[112.61788296692644,-7.372299038519389],[112.61787440086687,-7.372270484987426],[112.61789113084149,-7.372182615747885],[112.61793104790206,-7.372006959681131],[112.61793104790206,-7.371846346063399],[112.61789403142028,-7.371776350252377],[112.61792807357585,-7.371712501381852],[112.61793402222827,-7.3714924012391725],[112.6179607911647,-7.371432914714111],[112.61796258066602,-7.371340976146307],[112.61797374336378,-7.371220151242811],[112.61799158932136,-7.371145198221145],[112.61783216543414,-7.371123783072129],[112.61766917235525,-7.3711106960366015],[112.61753711226936,-7.371090470618068],[112.61755852741827,-7.3709239083481535],[112.61759688760206,-7.37048198401503],[112.6176100355227,-7.370261391123413],[112.61761874364493,-7.370115288183441]]]},"properties":{"KDPPUM":"","NAMOBJ":"","REMARK":"","KDPBPS":"","FCODE":"","LUASWH":null,"UUPP":"","SRS_ID":"","LCODE":"","METADATA":"","KDEBPS":"","KDEPUM":"","KDCBPS":"","KDCPUM":"","KDBBPS":"","KDBPUM":"","WADMKD":"","WIADKD":"","WADMKC":"Taman","WIADKC":"","WADMKK":"","WIADKK":"","WADMPR":"","WIADPR":"","TIPADM":null,"SHAPE_Leng":null,"SHAPE_Area":null,"Luas":0,"NAMA_BLOK":"BANJAR ANYAR BARAT","KELOMPOK_T":"TANI MAKMUR 2","NAMA_DESA":"PERTAPAN MADURETNO","KARTU_TANI":"0","KARTU_TA_1":"0","PANEN_TAHU":"0","PRODUKTIFI":"6,5","POLA_TANAM":"PADI-PADI-PADI","KOMODITI_2":"0","KONDISI_IR":"LANCAR","N_IRIGASI":"PELAYARAN","ADA_TIDAK":"0","ELEVASI":"9,24 m","KEASAMAN_T":"5,5","UNSUR_HARA":"0","REKOMENDAS":"0","BAPPEDA":"TIKUS DAN P. BATANG","KETERANGAN":"0","IP":"300","IRPOM":"0","TglTnmPadi":"15 s/d 25 JAN 2025","TglPnnPadi":"Akhir April s/d Awal Mei 2025","layer":"LAHAN_SAWAH","path":"C:/Users/bppta/Documents/ArcGIS/Kec. Taman/Kec. Taman/Kec. Taman/LAHAN_SAWAH.shp"}},
{"type":"Feature","geometry":{"type":"Polygon","coordinates":[[[112.69537605193544,-7.3580098614053435],[112.69543184577729,-7.357999094249383],[112.69541361722996,-7.358240426142211],[112.69568011686248,-7.358245185064198],[112.69597992894944,-7.358188078000211],[112.6961702858299,-7.358016756807915],[112.69631305349014,-7.357921578367771],[112.69639025733238,-7.357721016962221],[112.69541317036715,-7.357940505476704],[112.69537605193544,-7.3580098614053435]]]},"properties":{"KDPPUM":"","NAMOBJ":"","REMARK":"","KDPBPS":"","FCODE":"","LUASWH":null,"UUPP":"","SRS_ID":"","LCODE":"","METADATA":"","KDEBPS":"","KDEPUM":"","KDCBPS":"","KDCPUM":"","KDBBPS":"","KDBPUM":"","WADMKD":"","WIADKD":"","WADMKC":"Taman","WIADKC":"","WADMKK":"","WIADKK":"","WADMPR":"","WIADPR":"","TIPADM":null,"SHAPE_Leng":null,"SHAPE_Area":null,"Luas":4.20779517492,"NAMA_BLOK":"UTARA","KELOMPOK_T":"SINAMBUNG","NAMA_DESA":"GELURAN","KARTU_TANI":"0","KARTU_TA_1":"0","PANEN_TAHU":"0","PRODUKTIFI":"6,7","POLA_TANAM":"BERA-PADI-PADI","KOMODITI_2":"0","KONDISI_IR":"TIDAK LANCAR","N_IRIGASI":"BOTOKAN","ADA_TIDAK":"0","ELEVASI":"5,21 m","KEASAMAN_T":"6,2","UNSUR_HARA":"0","REKOMENDAS":"0","BAPPEDA":"0","KETERANGAN":"-","IP":"200","IRPOM":"0","TglTnmPadi":"Des 24 s/d jan 25","TglPnnPadi":"Mar s/d Apr 25","layer":"LAHAN_SAWAH","path":"C:/Users/bppta/Documents/ArcGIS/Kec. Taman/Kec. Taman/Kec. Taman/LAHAN_SAWAH.shp"}},
{"type":"Feature","geometry":{"type":"Polygon","coordinates":[[[112.71310817358948,-7.347002737079622],[112.71317001016108,-7.346907921003028],[112.71346030440395,-7.3469840637552375],[112.71343650979372,-7.34709827788332],[112.71379818786681,-7.347202974167492],[112.71393143768296,-7.347236286621612],[112.7139837858251,-7.347055447585232],[112.71400282151319,-7.34694123345715],[112.71308910848688,-7.34661286783857],[112.71256562706571,-7.346451064490413],[112.71209459986561,-7.347805032701288],[112.71271920837977,-7.347962077127464],[112.71310817358948,-7.347002737079622]]]},"properties":{"KDPPUM":"","NAMOBJ":"","REMARK":"","KDPBPS":"","FCODE":"","LUASWH":null,"UUPP":"","SRS_ID":"","LCODE":"","METADATA":"","KDEBPS":"","KDEPUM":"","KDCBPS":"","KDCPUM":"","KDBBPS":"","KDBPUM":"","WADMKD":"","WIADKD":"","WADMKC":"Taman","WIADKC":"","WADMKK":"","WIADKK":"","WADMPR":"","WIADPR":"","TIPADM":null,"SHAPE_Leng":null,"SHAPE_Area":null,"Luas":1.44,"NAMA_BLOK":"HEAVENLAND","KELOMPOK_T":"SEJATINING URIP","NAMA_DESA":"KETEGAN","KARTU_TANI":"0","KARTU_TA_1":"0","PANEN_TAHU":"0","PRODUKTIFI":"6,5","POLA_TANAM":"PADI-PADI-PADI","KOMODITI_2":"0","KONDISI_IR":"LANCAR","N_IRIGASI":"DAM KETEGAN","ADA_TIDAK":"0","ELEVASI":"4,14 m","KEASAMAN_T":"5,7","UNSUR_HARA":"0","REKOMENDAS":"0","BAPPEDA":"-","KETERANGAN":"0","IP":"300","IRPOM":"0","TglTnmPadi":"Belum Tanam","TglPnnPadi":"-","layer":"LAHAN_SAWAH","path":"C:/Users/bppta/Documents/ArcGIS/Kec. Taman/Kec. Taman/Kec. Taman/LAHAN_SAWAH.shp"}},
{"type":"Feature","geometry":{"type":"Polygon","coordinates":[[[112.70412850943966,-7.384372256281682],[112.70413041300843,-7.384373446012222],[112.70394957397195,-7.385422788314896],[112.70382346253858,-7.386227046134147],[112.70395956770822,-7.386255599666171],[112.7040928175246,-7.386293671042218],[112.70416896027676,-7.386341260262289],[112.70437359392315,-7.38639836732639],[112.70442118314338,-7.386208010446097],[112.70469244169806,-7.385205067632953],[112.70494466456465,-7.384305631373557],[112.70412850943966,-7.384372256281682]]]},"properties":{"KDPPUM":"","NAMOBJ":"","REMARK":"","KDPBPS":"","FCODE":"","LUASWH":null,"UUPP":"","SRS_ID":"","LCODE":"","METADATA":"","KDEBPS":"","KDEPUM":"","KDCBPS":"","KDCPUM":"","KDBBPS":"","KDBPUM":"","WADMKD":"","WIADKD":"","WADMKC":"","WIADKC":"","WADMKK":"","WIADKK":"","WADMPR":"","WIADPR":"","TIPADM":null,"SHAPE_Leng":null,"SHAPE_Area":null,"Luas":0,"NAMA_BLOK":"BALUN NGAREP MAKAM","KELOMPOK_T":"DEWI SRI 2","NAMA_DESA":"","KARTU_TANI":"","KARTU_TA_1":"","PANEN_TAHU":"","PRODUKTIFI":"","POLA_TANAM":"","KOMODITI_2":"","KONDISI_IR":"","N_IRIGASI":"","ADA_TIDAK":"","ELEVASI":"","KEASAMAN_T":"","UNSUR_HARA":"","REKOMENDAS":"","BAPPEDA":"","KETERANGAN":"","IP":"","IRPOM":"","TglTnmPadi":"","TglPnnPadi":"","layer":"LAHAN_SAWAH","path":"C:/Users/bppta/Documents/ArcGIS/Kec. Taman/Kec. Taman/Kec. Taman/LAHAN_SAWAH.shp"}}
]}