{
"type": "FeatureCollection",
"name": "kdkec_010",
"crs": { "type": "name", "properties": { "name": "urn:ogc:def:crs:OGC:1.3:CRS84" } },
"xy_coordinate_resolution": 1e-15,
"features": [
{"type":"Feature","properties":{"kdkab":"15","kdkec":"010","nmkab":"SIDOARJO","nmkec":"TARIK","kddesa":"014","kdprov":"35","nmdesa":"KEMUNING","nmprov":"JAWA TIMUR","iddesa":"3515010014"},"geometry":{"type":"MultiPolygon","coordinates":[[[[112.52792652,-7.45170498999995],[112.52790278,-7.45176058999995],[112.52759874,-7.45247268999996],[112.52757,-7.45254],[112.5273,-7.45294],[112.52721,-7.45291],[112.52709,-7.45288],[112.52676,-7.4528],[112.526,-7.45263],[112.52426,-7.45222],[112.5237,-7.45209],[112.52313,-7.45195],[112.52256,-7.45183],[112.522476105,-7.45180483199994],[112.52246,-7.4518],[112.52231,-7.45176],[112.52096,-7.45145],[112.52048,-7.45135],[112.52021,-7.45129],[112.5197518,-7.45115267999994],[112.51975168,-7.45115294999994],[112.51973929,-7.45114817999997],[112.51969151,-7.45112980999993],[112.51977908,-7.45091549999997],[112.51980659,-7.45085030999996],[112.52037444,-7.44950512],[112.5208222,-7.44841539999993],[112.520950197,-7.44810390299994],[112.52096382,-7.44807074999996],[112.52097815,-7.44803586999992],[112.52118644,-7.44752895999993],[112.52117484,-7.44747677799995],[112.52116,-7.44741],[112.5211,-7.4474],[112.52078,-7.44732],[112.52031,-7.44727],[112.51997,-7.4472],[112.51974,-7.44721],[112.51909,-7.44716],[112.51864,-7.44715],[112.51799,-7.44717],[112.51764,-7.44714],[112.51711,-7.44715],[112.51686,-7.44712],[112.51631,-7.44709],[112.51606,-7.44708],[112.51599,-7.44708],[112.51579,-7.44706],[112.51548,-7.44707],[112.51513,-7.44707],[112.51468,-7.44703],[112.51446,-7.44701],[112.51429,-7.44701],[112.51405,-7.44701],[112.51393,-7.447],[112.51386,-7.44699],[112.51369,-7.44697],[112.51351,-7.44694],[112.51312,-7.44687],[112.51228874,-7.44673676999995],[112.51135,-7.44657],[112.51105,-7.44651],[112.51096,-7.4465],[112.51085,-7.44647],[112.51053,-7.44642],[112.5101,-7.44635],[112.50944,-7.44618],[112.50893,-7.44607],[112.50891866,-7.44606823999992],[112.50899157,-7.44549820999992],[112.50931693,-7.44330806999992],[112.50943049,-7.44282279],[112.50958065,-7.44212762999993],[112.50966499,-7.44169912999998],[112.50970517,-7.44160465999991],[112.50972173,-7.44156571999998],[112.5097239,-7.44155572999997],[112.509731339,-7.44152155199993],[112.50973786,-7.44149158999993],[112.50988129,-7.44083246],[112.50994656,-7.44040402999998],[112.51002152,-7.44002313999994],[112.51007768,-7.43971844999993],[112.51012407,-7.43925872999995],[112.51012407,-7.43925836999994],[112.51012424,-7.43925833999995],[112.51012424,-7.43922763999996],[112.51018156,-7.43920837999995],[112.51025333,-7.43919199999989],[112.51043492,-7.43915008999995],[112.51044648,-7.43914767999994],[112.51068251,-7.43911251999998],[112.51109002,-7.43905086999996],[112.51147585,-7.43899353999995],[112.511652053,-7.43899826699994],[112.51167789,-7.43899895999993],[112.51171748,-7.43900001999995],[112.51178124,-7.43900173],[112.51185061,-7.43897475999994],[112.51188336,-7.43897234999997],[112.51193322,-7.43896458999995],[112.51202257,-7.43895066999994],[112.5121926,-7.43893862999994],[112.51248017,-7.43891743999995],[112.51260122,-7.43890907799993],[112.51266851,-7.43890442999998],[112.513024,-7.43887937999993],[112.51319066,-7.43886637999997],[112.51366079,-7.43884855999993],[112.51407552,-7.43883361999997],[112.514348255431358,-7.43881834520079],[112.51435924,-7.4388177299999],[112.5146969,-7.43879652999997],[112.51488476,-7.43878737999996],[112.51522317,-7.43876521999992],[112.51522388,-7.43876516999996],[112.515231675,-7.43876169099997],[112.51533373,-7.43871613999995],[112.51566397,-7.43858108999994],[112.51578785,-7.43851311000001],[112.51600539,-7.43839073999994],[112.51634375,-7.43818772999997],[112.51653381,-7.43816857999998],[112.51666599,-7.43815497999998],[112.51667657,-7.43815497999998],[112.51925459,-7.43801749999992],[112.51944041,-7.43800843999998],[112.51986719,-7.43803260999993],[112.52088465,-7.43813004999993],[112.52108331,-7.43815572999997],[112.52108784,-7.43815875999994],[112.52113543,-7.43818443999994],[112.52113996,-7.43819047999994],[112.52098918,-7.43928961999995],[112.52099033,-7.43928891999998],[112.520992273,-7.43928940299998],[112.52105663,-7.43930538999997],[112.52105687,-7.43930553999996],[112.52109098,-7.43931390999994],[112.5210914,-7.43931250999997],[112.52126975,-7.43935787],[112.521271,-7.43935838999996],[112.52139526,-7.43938906999995],[112.52142368,-7.43939267999997],[112.52164598,-7.4394256699999],[112.52170137,-7.43942374999995],[112.52177892,-7.43942061999997],[112.5218218,-7.43941941],[112.52185551,-7.4394182099999],[112.52209684,-7.43940930000001],[112.52232371,-7.43940327999998],[112.52235839,-7.43940495999992],[112.5225253,-7.43941121999997],[112.52252803,-7.43941140999996],[112.52253067,-7.43941041999997],[112.52253189,-7.43941093999994],[112.52261583,-7.43941584999992],[112.52265321,-7.43941802999994],[112.52265365,-7.43941805999998],[112.52286826,-7.4394306099999],[112.52291571,-7.43942747999997],[112.52301277,-7.43941904999994],[112.52320279,-7.43940242999996],[112.52331012,-7.43939348999993],[112.52332057,-7.43939243999996],[112.52332131,-7.43939239999998],[112.5233237,-7.43939147],[112.52343641,-7.43938207999997],[112.52364959,-7.43936455999993],[112.52365271,-7.43936387],[112.5237008,-7.4393603],[112.52370237,-7.43936031999992],[112.52373265,-7.43935775999995],[112.52386776,-7.43934667999998],[112.5240036,-7.43933511999997],[112.52420543,-7.43931945999997],[112.52425962,-7.43931488999992],[112.52435692,-7.43930741999996],[112.52446361,-7.43930018999993],[112.52455899,-7.43929440999996],[112.5246717,-7.43928838999993],[112.52481067,-7.43927827999998],[112.52495012,-7.43926863999993],[112.52503779,-7.43926285999992],[112.5251912,-7.43925153999992],[112.52533884,-7.43924118999997],[112.52556451,-7.43922480999994],[112.52559268,-7.43922279],[112.52559504,-7.43922240999994],[112.52561509,-7.43922215999993],[112.52564134,-7.43922335999997],[112.52578368,-7.43923082999991],[112.52580608,-7.43923227999993],[112.52582221,-7.43923323999995],[112.52582824,-7.439233],[112.52583973,-7.43923170999996],[112.52584209,-7.43923212999993],[112.52621045,-7.43919855999995],[112.5264513,-7.43917591999995],[112.52657846,-7.43917206999993],[112.52697827,-7.43915809999991],[112.52718443,-7.43915472999994],[112.52732315,-7.43915664999997],[112.52759769,-7.43916283999996],[112.52760237,-7.43916175999993],[112.52761433,-7.43916314999997],[112.52762977,-7.43916117999992],[112.52765947,-7.43916295999996],[112.52773512,-7.43915375999996],[112.5278883,-7.43914315999996],[112.52811084,-7.43912389999996],[112.52820525,-7.43911618999992],[112.52835746,-7.43911040999996],[112.52872354,-7.439095],[112.52914068,-7.43907573],[112.52984973,-7.43904393999998],[112.52992873,-7.43903429999994],[112.53020136,-7.43900732999998],[112.53060983,-7.43896397999994],[112.53069846,-7.43895433999994],[112.53083815,-7.43894663999994],[112.53139209,-7.43891580999993],[112.53143352,-7.43890135999992],[112.53165895,-7.43882139999996],[112.53174662,-7.43877611999993],[112.53198264,-7.43870867999992],[112.53243832,-7.43858921999994],[112.53309053,-7.43841581999994],[112.53316952,-7.43839461999997],[112.53318397,-7.43839172999997],[112.53324563,-7.43839268999994],[112.53331981,-7.43839847],[112.53335642,-7.43840521999992],[112.53372154,-7.43851600999997],[112.5337437,-7.43851696999998],[112.53384196,-7.43851118999991],[112.53428028,-7.43846248999997],[112.53426527,-7.43857803999993],[112.53427054,-7.43857601999995],[112.53426416,-7.43865304999995],[112.53426191,-7.43867988999995],[112.53426127,-7.43868748999994],[112.53425308,-7.43875829999996],[112.53424923,-7.43877924999996],[112.53422707,-7.43893025999992],[112.53419913,-7.43912871],[112.53409557,-7.43980981999993],[112.534016835,-7.44032978899997],[112.53400673,-7.44039651999998],[112.53400308,-7.44042059999994],[112.53398189,-7.44064988],[112.53392602,-7.44103715999996],[112.53379018,-7.4414591199999],[112.53373311,-7.44162271999991],[112.533700556,-7.44185011699996],[112.53369729,-7.44187292999992],[112.5336956,-7.44188470999997],[112.53368156,-7.44192683999994],[112.53365651,-7.44196441],[112.53362954,-7.44201353999995],[112.53361123,-7.44204821999994],[112.5336093,-7.44210409999992],[112.533611274,-7.44212284199998],[112.53361701,-7.44217731999994],[112.5336199,-7.44236132],[112.53362086,-7.44241430999994],[112.53362028,-7.44248082999996],[112.53361685,-7.44251178999998],[112.53356891,-7.44251105400001],[112.53349009,-7.44250907999998],[112.53335633,-7.44249713999995],[112.53304477,-7.44246933999992],[112.53303484,-7.44246933999992],[112.53302722,-7.44247327999996],[112.53299949,-7.44249727999994],[112.53286413,-7.44260276999997],[112.53285322,-7.44261202999995],[112.53280761,-7.44264398999996],[112.53279549,-7.44265081999994],[112.53276659,-7.44266815999989],[112.53275523,-7.44266735999996],[112.53274179,-7.44266249999989],[112.53242146,-7.44255748999994],[112.53234728,-7.44253243999998],[112.53193014,-7.44237624999991],[112.53191118,-7.44236896999997],[112.5318963,-7.44236325],[112.53187511,-7.44235553999991],[112.53175252,-7.44233626999993],[112.53169881,-7.44232711999995],[112.53151288,-7.44232615999994],[112.5313072,-7.4423252],[112.53118774,-7.44232470999998],[112.531119685615565,-7.442321710949961],[112.531051069930854,-7.442317873119219],[112.530938368766385,-7.442311996868786],[112.53077686,-7.44230351999992],[112.53072243,-7.44229869999997],[112.53071904,-7.442299],[112.53062684,-7.44246948999994],[112.53051035,-7.44268488999996],[112.53048722,-7.44277351999996],[112.530424191691452,-7.443268758002159],[112.530394845,-7.44351180399997],[112.53039219,-7.44353554999997],[112.530390726,-7.44354864499997],[112.53033694,-7.44402975999996],[112.530311034,-7.44504942499998],[112.53031102,-7.44504996999993],[112.53031455,-7.44505034999996],[112.530308904,-7.44510139699998],[112.530302175317914,-7.445169796161156],[112.52956973,-7.45178669999997],[112.529558,-7.45189279999995],[112.529492738,-7.45191890899997],[112.52949,-7.45192],[112.52934254,-7.45179096999994],[112.52909,-7.45157],[112.52883,-7.45139],[112.52867,-7.45133],[112.52855,-7.45125],[112.52837,-7.45106],[112.52836673,-7.45105708999993],[112.528353,-7.45104091999996],[112.52830604,-7.45099081999994],[112.5282964,-7.45098070999996],[112.52827714,-7.45097323999995],[112.52827708,-7.45097324999995],[112.528271316,-7.45097475099994],[112.52827063,-7.45097492999997],[112.52826603,-7.45097840999994],[112.52826076,-7.45098238999998],[112.52824824,-7.45099202999992],[112.52823066,-7.45100960999996],[112.52823,-7.45101],[112.52822143,-7.45103049999994],[112.528,-7.45156],[112.52795,-7.45165],[112.527927212,-7.45170336999995],[112.52792652,-7.45170498999995]]]]}},
{"type":"Feature","properties":{"kdkab":"15","kdkec":"010","nmkab":"SIDOARJO","nmkec":"TARIK","kddesa":"009","kdprov":"35","nmdesa":"KENDALSEWU","nmprov":"JAWA TIMUR","iddesa":"3515010009"},"geometry":{"type":"MultiPolygon","coordinates":[[[[112.542598291312004,-7.46476248150648],[112.542588586516999,-7.46480577982488],[112.542567683879994,-7.4649199978027],[112.542563204743999,-7.46498345223483],[112.542560218652994,-7.46502973664416],[112.542564697789004,-7.46508348628079],[112.542568430402994,-7.46512081241732],[112.542581121289004,-7.46516112464479],[112.542589333039004,-7.46519695773588],[112.542605010016999,-7.46525145389523],[112.542619940470999,-7.46528952655451],[112.542630226238003,-7.46530506949011],[112.54263397,-7.46533363],[112.54263778,-7.4653627],[112.54264196,-7.46539455999994],[112.5426519,-7.46545090999992],[112.54266234,-7.46549904599994],[112.54270669,-7.46570352999991],[112.54272003,-7.46576505999993],[112.542757971,-7.46593001299993],[112.54280709,-7.46614355999998],[112.542672862,-7.46647756099996],[112.542339029,-7.46656211799997],[112.541929589,-7.46658777699998],[112.541798876,-7.46658963099997],[112.541731005,-7.46657243699997],[112.541669644,-7.46652781199995],[112.541611631,-7.46650215199996],[112.541535768,-7.46649099599996],[112.541341646,-7.46648876399995],[112.540817295,-7.46661371599993],[112.540649906,-7.46667924099996],[112.5405038,-7.46673643599997],[112.540393597,-7.46681020899995],[112.540376025,-7.46680899699995],[112.54037592,-7.46680898999993],[112.54022192,-7.46679836999991],[112.54003267,-7.46673780999991],[112.53986991,-7.46665075999993],[112.53980557,-7.46657505999994],[112.5397223,-7.4665258499999],[112.53960118,-7.46647664999991],[112.53950277,-7.46634416999995],[112.539393,-7.46623440999996],[112.53925295,-7.46617762999994],[112.53912805,-7.46615113999997],[112.53896908,-7.46618140999996],[112.53873819,-7.46640472999994],[112.53846946,-7.46665454000001],[112.53819315,-7.46699897999997],[112.538004443,-7.46695263199996],[112.5379774,-7.46694598999996],[112.53793145,-7.46692709999997],[112.53793186,-7.46692491999994],[112.53728023,-7.46669992999996],[112.5372621,-7.46665914999994],[112.53725304,-7.46658059],[112.53726663,-7.46627542999996],[112.53733159,-7.46576631999992],[112.53737087,-7.46560466999997],[112.53745396,-7.46529497999997],[112.5374872,-7.46524058999996],[112.53698262,-7.46504117999992],[112.53620309,-7.46476320999994],[112.53538065,-7.46446304999996],[112.53538361,-7.46444264999996],[112.53538334,-7.46444254999997],[112.53539,-7.4644],[112.53547,-7.46401],[112.53547,-7.46395],[112.53552,-7.46371],[112.53563,-7.46304],[112.53565,-7.46292],[112.535840728,-7.46192032399995],[112.53594,-7.4614],[112.53596,-7.46131],[112.53599,-7.4607],[112.536,-7.46041],[112.53602,-7.46033],[112.536013361,-7.46020177299994],[112.535721831,-7.46020965199995],[112.535647419,-7.45916215599995],[112.53565135,-7.45913778399997],[112.535944292,-7.45910966099995],[112.535942206,-7.459090606],[112.535942389,-7.45908988699997],[112.536171167,-7.45903336599995],[112.536611917,-7.45904767599996],[112.536949634,-7.45913067399996],[112.53764224,-7.45937966899994],[112.538200332,-7.45964011199993],[112.538482827,-7.45978252699997],[112.53848291,-7.45978161299995],[112.538602839,-7.45984216399997],[112.538762494,-7.45982345099996],[112.538764519,-7.45981752699992],[112.538763942,-7.45981723499995],[112.538764906,-7.459814659],[112.53883317,-7.45963217999997],[112.5388664,-7.45953095999997],[112.53887396,-7.45948261999996],[112.53887093,-7.45942973999998],[112.53885798,-7.45939330999994],[112.53884676,-7.45936176000002],[112.53880446,-7.45931945999997],[112.53865188,-7.45921673],[112.53853285,-7.45914458999995],[112.53850232,-7.45912608999994],[112.53843979,-7.45905329999995],[112.53840564,-7.45901353999995],[112.53839998,-7.45900905999998],[112.53832557,-7.45895008999996],[112.53830668,-7.45893120999994],[112.53830895,-7.45889571000001],[112.5383277,-7.45878679999994],[112.53834289,-7.45869853999997],[112.53834568,-7.45868231999996],[112.5383724,-7.45852709999997],[112.53839355,-7.45832767999994],[112.53837542,-7.45815847999994],[112.53803694,-7.45807094999998],[112.53803698,-7.45806856999998],[112.53798169,-7.45805726999996],[112.53797565,-7.45778835999994],[112.53798341,-7.45775600499995],[112.537984332,-7.45775601899992],[112.53799756,-7.45767958999997],[112.53806629,-7.45745373999997],[112.53808291,-7.45741445999994],[112.53807687,-7.45736006999994],[112.53809198,-7.45730417999994],[112.53810557,-7.45724374999997],[112.53812974,-7.45708965999997],[112.53816449,-7.45698692999998],[112.53818564,-7.45690534999996],[112.5381796,-7.45687513999996],[112.53816449,-7.45686002999994],[112.53815694,-7.45682075],[112.538166,-7.45677240999991],[112.53823851,-7.45663039999996],[112.53825211,-7.45657752999995],[112.53823851,-7.45651407999995],[112.53823247,-7.45645062999995],[112.53824909,-7.45639774999993],[112.53829139,-7.45624667999991],[112.53830196,-7.45616207999997],[112.5382793,-7.45609107999997],[112.53827628,-7.45600043999994],[112.53832916,-7.45587050999993],[112.53838807,-7.45579044999992],[112.53842735,-7.45570886999997],[112.53843793,-7.45559707999995],[112.53846512,-7.45538256],[112.53847267,-7.45529039999994],[112.53847267,-7.45526018999996],[112.53852404,-7.45509551999992],[112.53851951,-7.45503357999997],[112.53852253,-7.45492329999994],[112.53853612,-7.45483265999997],[112.53858956,-7.45464561999994],[112.53866011,-7.45464862999992],[112.53866232,-7.45464830999994],[112.54004234,-7.45505469999995],[112.54048235,-7.45518108999993],[112.54095618,-7.45532379999997],[112.54139047,-7.45545169],[112.54207576,-7.45564945999998],[112.54248649,-7.45575870999995],[112.54304061,-7.45591120999996],[112.54336125,-7.45599384999996],[112.54363117,-7.45606205999994],[112.54394178,-7.45614346999995],[112.54414438,-7.45619567999993],[112.544175922,-7.45620380999997],[112.54428266,-7.45623131999995],[112.54428944,-7.45623434],[112.5444806,-7.45628156999994],[112.54453003,-7.45630170999992],[112.54456217,-7.45631479999993],[112.54464829,-7.45636465999997],[112.544680129679705,-7.456376884780646],[112.54471193971375,-7.45643166872817],[112.544730053760915,-7.456471431270727],[112.54473893,-7.45650061999995],[112.544779536036089,-7.456584533614003],[112.544804277173682,-7.456609495654609],[112.544831227341376,-7.456644177427842],[112.544868780853804,-7.456692776090969],[112.544930633697774,-7.456775835624313],[112.544967745404165,-7.456860662381771],[112.54497879055495,-7.456991436966185],[112.545029156442212,-7.457137232955565],[112.545078638717399,-7.457191133291034],[112.545068493188097,-7.457260229348678],[112.545073241811153,-7.457316025669495],[112.545079771167835,-7.457370041256668],[112.545088081258172,-7.457422276110199],[112.545091642725467,-7.457447206381204],[112.545094684812085,-7.457471914060499],[112.545148444069895,-7.457520278782213],[112.545108681527338,-7.457574841826723],[112.545072011626985,-7.457611732630097],[112.545048311540114,-7.457623202222924],[112.544996373475527,-7.457693541201826],[112.544906743215506,-7.45781730219002],[112.544871722120519,-7.457863601264741],[112.544839075337052,-7.457909900339461],[112.544793369840207,-7.458004872800426],[112.544757458378399,-7.458087973703771],[112.54472421801708,-7.45822063836018],[112.544700178112876,-7.458313533298561],[112.544681777198562,-7.458381497965939],[112.544656550138598,-7.458476470426904],[112.544632213445482,-7.458563726375415],[112.544618353194039,-7.458634644565536],[112.544611578425716,-7.458633826970327],[112.544603469463695,-7.458662898462391],[112.544590691051951,-7.458712889681334],[112.544577912640193,-7.458758909231758],[112.544555211255741,-7.458855037939918],[112.544533360880294,-7.458923906156452],[112.544516440546246,-7.458959903725841],[112.544498569331992,-7.459065948517638],[112.544549247554357,-7.459071721297778],[112.544540268129893,-7.459172394460623],[112.544537505230068,-7.459224198832584],[112.544529907255509,-7.459331951926262],[112.544525072180789,-7.459403096597088],[112.544521618556004,-7.45945213806921],[112.544516783481271,-7.459532952889469],[112.544509185506712,-7.459619984234362],[112.544505041156953,-7.459691819630147],[112.544499515357288,-7.459769871550567],[112.544494939304599,-7.459844124483713],[112.544489888378166,-7.459896878602492],[112.544466607514863,-7.459886819292947],[112.544449093993236,-7.459919980937499],[112.544381256079518,-7.460030070042272],[112.54429974696977,-7.460161313524042],[112.544213316229488,-7.460262595500431],[112.54388,-7.46047],[112.5438393,-7.46050052999992],[112.543774595,-7.46054905699995],[112.54376755,-7.46055433999992],[112.54364,-7.46065],[112.543594634043998,-7.46070341007079],[112.543570967655,-7.46120458065923],[112.543584835534006,-7.46136752823907],[112.543602170382997,-7.46150447354555],[112.54360800339164,-7.46156273162712],[112.543643069509272,-7.461605590215341],[112.54369177245043,-7.461670202783946],[112.543706708019045,-7.461698450489818],[112.543738851960214,-7.461760790254501],[112.543761579999426,-7.461805596960368],[112.543791775822939,-7.461864689862308],[112.543804113901373,-7.461889690705436],[112.543820997587645,-7.461919561842683],[112.543843076254305,-7.461981252234819],[112.543865154920965,-7.462050735097539],[112.543882687979774,-7.462098139293602],[112.543903894590898,-7.462146828817366],[112.543944647363489,-7.462277375834705],[112.544010266234636,-7.462408268214525],[112.544067260923342,-7.462506723267758],[112.544091271410721,-7.462543662479129],[112.544142986306653,-7.462647092270967],[112.544194701202571,-7.462720970693709],[112.54424826305906,-7.462774532550197],[112.544320294521228,-7.462846564012371],[112.544423724313063,-7.462914901553407],[112.544476062864845,-7.462949295458861],[112.544488367932971,-7.462957381646484],[112.544523460183768,-7.462981392133875],[112.544557118795083,-7.462991636059058],[112.54461,-7.46303],[112.54461276,-7.46303256999994],[112.544633018,-7.46305140099996],[112.544668425,-7.46313991799995],[112.544787235,-7.463302857],[112.544889072,-7.46345561299996],[112.544912977,-7.46350467999994],[112.545018066,-7.46372038899998],[112.545062195,-7.46389351199997],[112.545074601,-7.46389533699995],[112.545181102,-7.46419559299996],[112.545181194,-7.46419585299996],[112.545147119,-7.46450294299995],[112.54514695,-7.46450446999997],[112.54514682,-7.46450564],[112.54494315,-7.46448921999996],[112.54476132,-7.46447455000001],[112.54461029,-7.46445440999995],[112.54444091,-7.46443825999995],[112.54400458,-7.46442678999995],[112.543828485,-7.46443453099993],[112.54352279,-7.46444796999997],[112.54346702,-7.46445026999992],[112.5434367,-7.46445151999994],[112.54336727,-7.46445922999992],[112.54287143,-7.46448193999991],[112.542871317,-7.46448201299994],[112.542733775938004,-7.46456938452735],[112.542666971402994,-7.46458854171019],[112.542649054858003,-7.4646034721648],[112.542633377881003,-7.46463557264223],[112.542620686993999,-7.46467140573331],[112.542598291312004,-7.46476248150648]]]]}},
{"type":"Feature","properties":{"kdkab":"15","kdkec":"010","nmkab":"SIDOARJO","nmkec":"TARIK","kddesa":"015","kdprov":"35","nmdesa":"BALONGMACEKAN","nmprov":"JAWA TIMUR","iddesa":"3515010015"},"geometry":{"type":"MultiPolygon","coordinates":[[[[112.50506756,-7.45203449999995],[112.50475706,-7.45202629999994],[112.50443964,-7.45194713999995],[112.50443243,-7.45193357999993],[112.50442495,-7.45176143],[112.50445509,-7.45161270999993],[112.50446225,-7.45156522999997],[112.504518768095537,-7.451338242859216],[112.50444762,-7.45132807999995],[112.50436134,-7.45132087999998],[112.504277026,-7.45130675199994],[112.50426156,-7.45130415999994],[112.50413758,-7.45128337999996],[112.50411459,-7.45128004],[112.50389,-7.45119],[112.50382,-7.45118],[112.50346558,-7.45108652999992],[112.50291,-7.45094],[112.50239,-7.45081],[112.50182,-7.45068],[112.50169572,-7.45064812999996],[112.50163719,-7.45063097999995],[112.5014023,-7.45058204999998],[112.50085076,-7.45044557999993],[112.50035607,-7.45035459999997],[112.50007745,-7.45030342999995],[112.49992375,-7.45025384999996],[112.4998935,-7.45024791999998],[112.49974484,-7.45021262999996],[112.4996543,-7.45019312999991],[112.49946624,-7.45015810999993],[112.49933735,-7.45013916999993],[112.49929175,-7.45013353999998],[112.49919243,-7.45012150999996],[112.49919212,-7.45012206999997],[112.49912115,-7.45011204999998],[112.49916511,-7.45001840999995],[112.49916397,-7.45001062999993],[112.49915403,-7.44975154999997],[112.49912757,-7.44909585999992],[112.49912714,-7.44909474999996],[112.49912714,-7.44908454999995],[112.49912116,-7.44905209999996],[112.49911931,-7.44904639999993],[112.49911817,-7.44903459999994],[112.49911515,-7.44902780999994],[112.49911337,-7.44902210999994],[112.49911009,-7.44901554999997],[112.49911006,-7.44901538999993],[112.49908786,-7.44896075],[112.49906567,-7.44892147999998],[112.49899447,-7.44879609999998],[112.498986679,-7.44877940499993],[112.49895082,-7.44870253999995],[112.49890561,-7.44860618999996],[112.49889001,-7.44858990999995],[112.49885375,-7.44856422999993],[112.49880843,-7.44854760999994],[112.49875858,-7.44852192999994],[112.49872383,-7.44849020999992],[112.49864678,-7.44833157999995],[112.4986211,-7.44827417999993],[112.49863016,-7.44825000999998],[112.49868606,-7.44819863999995],[112.49871174,-7.44813971999997],[112.498712033,-7.44813752599994],[112.49872081,-7.44807173999991],[112.49872081,-7.44798661999995],[112.49872109,-7.44798631],[112.49872109,-7.44782113],[112.49872025,-7.44781695999996],[112.49871971,-7.44768843],[112.49875612,-7.44768159999995],[112.49879691,-7.44766195999996],[112.49885885,-7.44759246999996],[112.49894551,-7.44746115999994],[112.49895855,-7.44744139999991],[112.49899934,-7.44741571999998],[112.49904466,-7.44740211999994],[112.49912473,-7.44740513999994],[112.4995473,-7.44746444999995],[112.499553148,-7.44744067899998],[112.49987844,-7.44611851],[112.49994667,-7.44585694999995],[112.50005471,-7.44533951999997],[112.500080006300848,-7.445279949593161],[112.50009617087791,-7.445150632976685],[112.50011,-7.44504],[112.50019,-7.44483],[112.50049,-7.44489],[112.50083,-7.44493],[112.50095218,-7.44493718999996],[112.50117,-7.44495],[112.50119449,-7.44495375],[112.50126948,-7.44496521999996],[112.50202,-7.44508],[112.50299,-7.44521],[112.5031,-7.44524],[112.50317,-7.44525],[112.50339,-7.44526],[112.50417964219595,-7.445368916164958],[112.50426,-7.44538],[112.50438,-7.44539],[112.50522,-7.44552],[112.50577,-7.44560999999989],[112.50596,-7.44564],[112.5061,-7.44566],[112.50681,-7.44575],[112.507012212204089,-7.445783014237402],[112.5073,-7.44583],[112.50757,-7.44588],[112.50768,-7.44591],[112.50785,-7.44592],[112.507914823227239,-7.445927778787268],[112.50835,-7.44598],[112.50891866,-7.44606823999992],[112.50893,-7.44607],[112.50944,-7.44618],[112.5101,-7.44635],[112.51053,-7.44642],[112.51085,-7.44647],[112.51096,-7.4465],[112.51105,-7.44651],[112.51135,-7.44657],[112.51228874,-7.44673676999995],[112.51312,-7.44687],[112.51351,-7.44694],[112.51369,-7.44697],[112.51386,-7.44699],[112.51393,-7.447],[112.51405,-7.44701],[112.51429,-7.44701],[112.51446,-7.44701],[112.51468,-7.44703],[112.51513,-7.44707],[112.51548,-7.44707],[112.51579,-7.44706],[112.51599,-7.44708],[112.51606,-7.44708],[112.51631,-7.44709],[112.51686,-7.44712],[112.51711,-7.44715],[112.51764,-7.44714],[112.51799,-7.44717],[112.51864,-7.44715],[112.51909,-7.44716],[112.51974,-7.44721],[112.51997,-7.4472],[112.52031,-7.44727],[112.52078,-7.44732],[112.5211,-7.4474],[112.52116,-7.44741],[112.52117484,-7.44747677799995],[112.52118644,-7.44752895999993],[112.52097815,-7.44803586999992],[112.52096382,-7.44807074999996],[112.520950197,-7.44810390299994],[112.5208222,-7.44841539999993],[112.52037444,-7.44950512],[112.51980659,-7.45085030999996],[112.51977908,-7.45091549999997],[112.51969151,-7.45112980999993],[112.51941299,-7.45181144],[112.51901611,-7.45284740799994],[112.51901555,-7.45284886999994],[112.51901606,-7.45284896999992],[112.51899752,-7.45289242999993],[112.51884064,-7.45326019999993],[112.518785688599067,-7.453372135544318],[112.5187706,-7.45340210999997],[112.51854294,-7.45392403999994],[112.51851338,-7.45396421],[112.518484405,-7.45400358799998],[112.518360529082216,-7.454277010957196],[112.51796708,-7.45419884999992],[112.51787826,-7.45414363999992],[112.51769824,-7.45406202999991],[112.51705977,-7.45383881],[112.51658451,-7.45364917999995],[112.51628207,-7.45344035999991],[112.51630368,-7.45332754999991],[112.51626767,-7.45326513999991],[112.51617886,-7.45323153999992],[112.516109585783937,-7.453175982233363],[112.51606365,-7.45314031999993],[112.51585002,-7.45310191999991],[112.51574441,-7.45303231],[112.5156508,-7.45301550999997],[112.5156148,-7.45298670999993],[112.51552923,-7.45294002999998],[112.515543911838051,-7.452849867379324],[112.51536922804037,-7.452809879522023],[112.515624233137913,-7.451177557269132],[112.515227676,-7.45107827599996],[112.514574583,-7.45091653099993],[112.514358804,-7.45178631999997],[112.51420789,-7.45239783999994],[112.51415126,-7.45249321999997],[112.51405597,-7.45260935999993],[112.5138626,-7.45258726],[112.51377498,-7.452551],[112.51361485,-7.45249661999997],[112.51337918,-7.45243619],[112.51305891,-7.45230626999998],[112.51275676,-7.45218843],[112.51261476,-7.45214916],[112.51249692,-7.45211289999998],[112.51237909,-7.45206153999992],[112.51225521,-7.45202225999997],[112.51216155,-7.45197390999993],[112.512144039284962,-7.451970160500646],[112.51203213580655,-7.451944127766274],[112.51185336,-7.45188326999991],[112.5115633,-7.45179564999997],[112.5114213,-7.45174125999995],[112.51124606,-7.45167479],[112.51117354,-7.45165968999991],[112.511099348,-7.45161729499997],[112.5110739,-7.45160083999998],[112.51106024,-7.4515866099999],[112.511048341693325,-7.451525748804884],[112.51104415,-7.45151208999995],[112.51100867,-7.45144570999997],[112.510965881111233,-7.451413784844398],[112.51091803,-7.45138225999997],[112.50958256,-7.45092451999994],[112.50815947,-7.45040029999998],[112.50814436,-7.45039954000001],[112.50814134,-7.45040332],[112.50811572,-7.45052541999998],[112.50811567,-7.45052540999993],[112.508067,-7.45074892],[112.508059878,-7.450781621],[112.50804168,-7.45086516999992],[112.50778859,-7.45204025999992],[112.50778022,-7.45205853999996],[112.5077744,-7.45206718999998],[112.50775805,-7.45209941999998],[112.50773614,-7.45214700999994],[112.50771801,-7.45221876999992],[112.50769971,-7.45230267999991],[112.50765977,-7.45245026999992],[112.50764918,-7.45244897999991],[112.50719,-7.45238],[112.50711,-7.45238],[112.50707969,-7.45237359000001],[112.50694545,-7.45236577999995],[112.506702884,-7.45230041799998],[112.50659,-7.45227],[112.50641,-7.45223],[112.50628,-7.4522],[112.505772466366267,-7.452130509602155],[112.50535076,-7.45207305],[112.50506756,-7.45203449999995]]]]}},
{"type":"Feature","properties":{"kdkab":"15","kdkec":"010","nmkab":"SIDOARJO","nmkec":"TARIK","kddesa":"005","kdprov":"35","nmdesa":"SINGOGALIH","nmprov":"JAWA TIMUR","iddesa":"3515010005"},"geometry":{"type":"MultiPolygon","coordinates":[[[[112.505487,-7.46247918999995],[112.50548549,-7.46247848999997],[112.50532922,-7.46244759999998],[112.50517197,-7.46241651999995],[112.50569799,-7.4611439],[112.50587581,-7.46071366999997],[112.50606572,-7.46010535999997],[112.50615779,-7.45981042999996],[112.506169683,-7.45977233299995],[112.50617132,-7.45976708999997],[112.50635943,-7.45916455999997],[112.50633765,-7.45908562999995],[112.50633121,-7.45906226999994],[112.50635846,-7.45892949999995],[112.50637869,-7.45866938999996],[112.50637633,-7.45866755999997],[112.50637635,-7.45866741999995],[112.50628601,-7.45855889999995],[112.506145174039418,-7.458390161158377],[112.50566716,-7.45810894999992],[112.50514372,-7.45796673999993],[112.50420827,-7.45778053999996],[112.504144705919913,-7.457767885728338],[112.50332115,-7.45760395999997],[112.50312507,-7.45753379],[112.50312025,-7.45753205999995],[112.502726887,-7.45739127699995],[112.50253346,-7.45732204999994],[112.502530653,-7.45732104499996],[112.50197605,-7.45712255999995],[112.50162662,-7.45694560999993],[112.50155947,-7.45692463999997],[112.500845279,-7.45622845599996],[112.5008376,-7.45622096999997],[112.50036868,-7.45610282999997],[112.50017211,-7.45605330999995],[112.500111627,-7.45603807199995],[112.499768694267004,-7.455951674369295],[112.496958409,-7.45524365799997],[112.49695401,-7.45524254999995],[112.49696536,-7.45518591999996],[112.49697313,-7.45514712999995],[112.497011182,-7.45495723499993],[112.49702502,-7.45488817999997],[112.49705327,-7.45473988],[112.49705449,-7.45473979999998],[112.49705755,-7.45472604999995],[112.49713,-7.4544],[112.4971612,-7.45425178999995],[112.497169318,-7.45421323999994],[112.49717,-7.45421],[112.49717354,-7.45419113999995],[112.4972,-7.45405],[112.4972906,-7.45361037999996],[112.49734614,-7.45336447999994],[112.49735278,-7.45333508999993],[112.497354989,-7.45332355399996],[112.49735988,-7.45329802],[112.49739127,-7.45313401999994],[112.49742719,-7.45294636999995],[112.49748312,-7.45268789999995],[112.49750798,-7.45257441999998],[112.4976678,-7.45193552999994],[112.49778394,-7.45144376999996],[112.49792703,-7.45083222999992],[112.49799913,-7.45046382999992],[112.49799954,-7.45046384999993],[112.49802727,-7.45033124999996],[112.49802962,-7.45032000999992],[112.49804243,-7.45032687999998],[112.49808597,-7.45033896999998],[112.49891706,-7.45044824999998],[112.49894657,-7.45044639999997],[112.49896919,-7.4504358],[112.49912115,-7.45011204999998],[112.49919212,-7.45012206999997],[112.49919243,-7.45012150999996],[112.49929175,-7.45013353999998],[112.49933735,-7.45013916999993],[112.49946624,-7.45015810999993],[112.4996543,-7.45019312999991],[112.49974484,-7.45021262999996],[112.4998935,-7.45024791999998],[112.49992375,-7.45025384999996],[112.50007745,-7.45030342999995],[112.50035607,-7.45035459999997],[112.50085076,-7.45044557999993],[112.5014023,-7.45058204999998],[112.50163719,-7.45063097999995],[112.50169572,-7.45064812999996],[112.50182,-7.45068],[112.50239,-7.45081],[112.50291,-7.45094],[112.50346558,-7.45108652999992],[112.50382,-7.45118],[112.50389,-7.45119],[112.50411459,-7.45128004],[112.50413758,-7.45128337999996],[112.50426156,-7.45130415999994],[112.504277026,-7.45130675199994],[112.50436134,-7.45132087999998],[112.50444762,-7.45132807999995],[112.504518768095537,-7.451338242859216],[112.50446225,-7.45156522999997],[112.50445509,-7.45161270999993],[112.50442495,-7.45176143],[112.50443243,-7.45193357999993],[112.50443964,-7.45194713999995],[112.50475706,-7.45202629999994],[112.50506756,-7.45203449999995],[112.50535076,-7.45207305],[112.505772466366267,-7.452130509602155],[112.50628,-7.4522],[112.50641,-7.45223],[112.50659,-7.45227],[112.506702884,-7.45230041799998],[112.50694545,-7.45236577999995],[112.50707969,-7.45237359000001],[112.50711,-7.45238],[112.50719,-7.45238],[112.50764918,-7.45244897999991],[112.50765977,-7.45245026999992],[112.50769971,-7.45230267999991],[112.50771801,-7.45221876999992],[112.50773614,-7.45214700999994],[112.50775805,-7.45209941999998],[112.5077744,-7.45206718999998],[112.50778022,-7.45205853999996],[112.50778859,-7.45204025999992],[112.50804168,-7.45086516999992],[112.508059878,-7.450781621],[112.508067,-7.45074892],[112.50811567,-7.45052540999993],[112.50811572,-7.45052541999998],[112.50814134,-7.45040332],[112.50814436,-7.45039954000001],[112.50815947,-7.45040029999998],[112.50958256,-7.45092451999994],[112.51091803,-7.45138225999997],[112.510965881111233,-7.451413784844398],[112.51100867,-7.45144570999997],[112.51104415,-7.45151208999995],[112.511048341693325,-7.451525748804884],[112.51106024,-7.4515866099999],[112.5110739,-7.45160083999998],[112.511099348,-7.45161729499997],[112.51117354,-7.45165968999991],[112.51124606,-7.45167479],[112.5114213,-7.45174125999995],[112.5115633,-7.45179564999997],[112.51185336,-7.45188326999991],[112.51203213580655,-7.451944127766274],[112.512144039284962,-7.451970160500646],[112.51216155,-7.45197390999993],[112.51225521,-7.45202225999997],[112.51237909,-7.45206153999992],[112.51249692,-7.45211289999998],[112.51261476,-7.45214916],[112.51275676,-7.45218843],[112.51305891,-7.45230626999998],[112.51337918,-7.45243619],[112.51361485,-7.45249661999997],[112.51377498,-7.452551],[112.5138626,-7.45258726],[112.51405597,-7.45260935999993],[112.51403202,-7.45267207999995],[112.51324195,-7.45618164899998],[112.51323612,-7.45620815999996],[112.51311282,-7.45681740999994],[112.5131124,-7.45681737999994],[112.51310832,-7.45684122999993],[112.51308264,-7.45688267999998],[112.513087072,-7.45689839599992],[112.51315503,-7.45713937999996],[112.51332331,-7.45727716999991],[112.513455356,-7.45757952199993],[112.51345546,-7.4575797599999],[112.51339545,-7.45768131999996],[112.51335224,-7.45781572999994],[112.51331384,-7.45802215999993],[112.513226078,-7.458368423999929],[112.513212262,-7.45838637199993],[112.513176747,-7.45843814099992],[112.513160748,-7.45846146199992],[112.512997971,-7.45870926399991],[112.512970644,-7.45875086599993],[112.512836422,-7.45900670699996],[112.512782244,-7.45913810299993],[112.512743015,-7.45923324399996],[112.512723669,-7.459306254],[112.512720039,-7.45934039299991],[112.512724526,-7.45936646899996],[112.512735987,-7.45940814699997],[112.512738544,-7.45941744399996],[112.512770136,-7.45952643599994],[112.512824092,-7.45968934899997],[112.512832905,-7.45974808799996],[112.51284173,-7.45980691399995],[112.512830048,-7.46000968599998],[112.512830432,-7.460009724],[112.512780554,-7.46059933599996],[112.512739706,-7.46110728099996],[112.512728468,-7.46121413799993],[112.51272533,-7.46127911299991],[112.512725,-7.46137619299998],[112.512670873,-7.46185000899992],[112.513169989,-7.461991621],[112.513819949,-7.46217664899997],[112.51379979,-7.46226993999994],[112.5138,-7.46227],[112.513798145,-7.46227819099995],[112.513747106,-7.46250361499994],[112.513611979,-7.46319255899994],[112.513518497,-7.46359854099992],[112.513179348,-7.46507143899994],[112.513160395,-7.46510691799993],[112.513144233,-7.46514068200001],[112.513104421,-7.46523973699994],[112.51304,-7.46528],[112.51235861,-7.46693679999994],[112.512192,-7.46692798999993],[112.511742,-7.46680198999997],[112.511383,-7.46650598999994],[112.51115,-7.46633912999995],[112.511146,-7.46633598999997],[112.510742,-7.46604198999998],[112.510124,-7.46566298999998],[112.509186,-7.46502998999994],[112.50863974,-7.46463842],[112.508568,-7.46458698999992],[112.50829396,-7.46434484],[112.508285864,-7.464337686],[112.508018,-7.46410098999998],[112.507523,-7.46374199],[112.50727476,-7.46354681999997],[112.507267647817969,-7.463541228431116],[112.507056679565935,-7.463375366041544],[112.507053216,-7.46337264299997],[112.50705035,-7.46337038999996],[112.50697598,-7.46331192],[112.506798,-7.46317199],[112.506203,-7.46281298999997],[112.50613101,-7.4627794699999],[112.50549,-7.46248098999996],[112.505487,-7.46247918999995]]]]}},
{"type":"Feature","properties":{"kdkab":"15","kdkec":"010","nmkab":"SIDOARJO","nmkec":"TARIK","kddesa":"011","kdprov":"35","nmdesa":"KALIMATI","nmprov":"JAWA TIMUR","iddesa":"3515010011"},"geometry":{"type":"MultiPolygon","coordinates":[[[[112.55274881,-7.45928836999996],[112.5527237,-7.45928905999993],[112.55236391,-7.45922727999995],[112.55211,-7.45914],[112.55189808,-7.45905651999993],[112.551707,-7.45896314999994],[112.55152723,-7.45889667999993],[112.55141241,-7.45886947999998],[112.55130968,-7.45886947999998],[112.55089697,-7.45893056999993],[112.55088779,-7.45893057999994],[112.55077042,-7.4589306899999],[112.55074578,-7.45893063999993],[112.55045866,-7.45890944999998],[112.5503023,-7.45886789999996],[112.55015219,-7.45883424999992],[112.55007561,-7.45881707999997],[112.550070162,-7.45881585899996],[112.5499216,-7.45878254999996],[112.54950918,-7.45866621999993],[112.5491942,-7.45851590999998],[112.54894568,-7.45837919],[112.54877951,-7.45827646000001],[112.54858689,-7.45816467],[112.54846981,-7.45810046],[112.54836029,-7.45804040999997],[112.54835904,-7.45804022999993],[112.54832107,-7.45802032],[112.54827606,-7.45799357999993],[112.54816025,-7.45788525999996],[112.54816033,-7.45788446999993],[112.548136788,-7.45786560099995],[112.54794258,-7.45770993999995],[112.54779755,-7.45760721999993],[112.54779107,-7.45760517999995],[112.547785724,-7.45760349799996],[112.54757849,-7.45753829999996],[112.547542689276256,-7.457535062192998],[112.54745841,-7.45752743999996],[112.547166,-7.45754754999998],[112.54691323,-7.45758444999992],[112.54677463,-7.45761447999997],[112.54672881,-7.45762051],[112.54660941,-7.45762184999996],[112.54652785,-7.45761529999992],[112.54649573,-7.45760957999998],[112.546476977,-7.45783973099997],[112.546383997938051,-7.457809607779084],[112.545464012,-7.45751155099994],[112.545293356447218,-7.457535300187179],[112.545148444069895,-7.457520278782213],[112.545094684812085,-7.457471914060499],[112.545091642725467,-7.457447206381204],[112.545088081258172,-7.457422276110199],[112.545079771167835,-7.457370041256668],[112.545073241811153,-7.457316025669495],[112.545068493188097,-7.457260229348678],[112.545078638717399,-7.457191133291034],[112.545029156442212,-7.457137232955565],[112.54497879055495,-7.456991436966185],[112.544967745404165,-7.456860662381771],[112.544930633697774,-7.456775835624313],[112.544868780853804,-7.456692776090969],[112.544831227341376,-7.456644177427842],[112.544804277173682,-7.456609495654609],[112.544779536036089,-7.456584533614003],[112.54473893,-7.45650061999995],[112.544730053760915,-7.456471431270727],[112.54471193971375,-7.45643166872817],[112.544680129679705,-7.456376884780646],[112.54464829,-7.45636465999997],[112.54456217,-7.45631479999993],[112.54453003,-7.45630170999992],[112.5444806,-7.45628156999994],[112.54428944,-7.45623434],[112.54428266,-7.45623131999995],[112.544175922,-7.45620380999997],[112.54414438,-7.45619567999993],[112.54394178,-7.45614346999995],[112.54363117,-7.45606205999994],[112.54336125,-7.45599384999996],[112.54304061,-7.45591120999996],[112.54248649,-7.45575870999995],[112.54207576,-7.45564945999998],[112.54139047,-7.45545169],[112.54095618,-7.45532379999997],[112.54048235,-7.45518108999993],[112.54004234,-7.45505469999995],[112.53866232,-7.45464830999994],[112.53894891,-7.45460737999993],[112.53904241,-7.45455310999995],[112.53905291,-7.4544631599999],[112.5390379,-7.45429416999994],[112.53905193,-7.45418262999996],[112.53907643,-7.45413529999995],[112.539076766,-7.45413465099992],[112.53918436,-7.45392680999995],[112.53924121,-7.45369642999997],[112.539390629,-7.45354878899996],[112.53945307,-7.45348708999995],[112.539632314887996,-7.4533662110065],[112.53975864,-7.45328101999996],[112.53989084,-7.45320633999995],[112.53995254,-7.45319304999988],[112.54000985,-7.45319814999997],[112.54005825,-7.45322234],[112.54013466,-7.45327329],[112.54021617,-7.45332677999995],[112.54030533,-7.453379],[112.54036901,-7.45339554999992],[112.54047472,-7.45338537000001],[112.54052439,-7.45337389999997],[112.54054744,-7.45336023999995],[112.54055,-7.45336],[112.54065589,-7.45328508999995],[112.54070532,-7.45323172999997],[112.5407365,-7.45315130999994],[112.54074597,-7.45307183999994],[112.54074366,-7.45306833999994],[112.54074472,-7.45305423000001],[112.5407167,-7.45296506999997],[112.54065812,-7.45288610999995],[112.54060462,-7.45282751999996],[112.54058579,-7.45276725999996],[112.54058885,-7.45275511999996],[112.54058679,-7.45270780999994],[112.54059571,-7.45266322999993],[112.54065684,-7.45259826999995],[112.54071543,-7.45252441],[112.54074272,-7.45249357999994],[112.54077128,-7.45243460999996],[112.54077262,-7.45243100999995],[112.54081738,-7.45229541],[112.54122242,-7.45171463999997],[112.541255068,-7.45164474499997],[112.54126607,-7.45162118999996],[112.54134214,-7.45145838999998],[112.54134322,-7.45145752],[112.54136561,-7.45140808999998],[112.54141018,-7.45134312999996],[112.54150443,-7.45121449999992],[112.54155919,-7.45117118999997],[112.54159231,-7.45114444999996],[112.54164453,-7.45110750999993],[112.541691396,-7.45108147699992],[112.5417133,-7.45106930999996],[112.54174642,-7.45105401999997],[112.54178717,-7.45104000999996],[112.54185467,-7.45101198999994],[112.54191326,-7.45097250999991],[112.54198076,-7.4509394],[112.54202024,-7.45090245999995],[112.54205081,-7.45087061999993],[112.54209411,-7.45084005999998],[112.5421234,-7.45083113999993],[112.54218963,-7.45081203999997],[112.54222657,-7.45079674999992],[112.5422877,-7.45077000999996],[112.54233864,-7.45073561999991],[112.54237603,-7.45072190999997],[112.54237876,-7.4507197],[112.54251377,-7.45067384999993],[112.54265016,-7.45062984999995],[112.54269149,-7.4506039],[112.54273537,-7.45056177],[112.54279905,-7.45048025999996],[112.54286783,-7.45040129999995],[112.54294425,-7.45032487999993],[112.54294568,-7.45031866999993],[112.54297418,-7.45026820999995],[112.54298245,-7.45023954999991],[112.54297163,-7.45012300999998],[112.54295023,-7.45001482],[112.54294679,-7.44980014999991],[112.54295698,-7.44956835999996],[112.54298118,-7.44946646999995],[112.54299586,-7.44941540999996],[112.54303722,-7.44927160999992],[112.54312765,-7.44913532999991],[112.54315182,-7.44909604],[112.54317207,-7.44906313999996],[112.54321716,-7.44901987999998],[112.54323547,-7.44901116999997],[112.54336355,-7.44892094999997],[112.54346952,-7.44886410999995],[112.54358127,-7.44879667999994],[112.54364389,-7.448762],[112.54369688,-7.44871189999998],[112.54373734,-7.44867625999994],[112.54375322,-7.44864021999996],[112.5437541,-7.44859680999998],[112.54377082,-7.44855965999993],[112.54381544,-7.44852246999996],[112.54382708,-7.44851711999997],[112.54382868,-7.44851687999991],[112.54387414,-7.44849811999995],[112.54388417,-7.44849087999995],[112.5439504,-7.44846159],[112.54402045,-7.44844757999995],[112.54402091,-7.44844756999994],[112.54416864,-7.44839229999997],[112.54422072,-7.44836607999997],[112.5442329,-7.44835994999994],[112.544243712,-7.44834966199993],[112.54433078,-7.44826681999996],[112.544385270649997,-7.44821594024611],[112.544466339,-7.44814024399992],[112.54447625,-7.44813099],[112.54465158,-7.44799514999993],[112.54477682,-7.44794408999995],[112.54492807,-7.44789206999996],[112.54509281,-7.44786316999993],[112.54515661,-7.44786316999993],[112.54516217,-7.44786219999995],[112.54521708,-7.44786701999995],[112.54530764,-7.44788435999994],[112.54541265,-7.44790844999996],[112.54556775,-7.44795951],[112.54586255,-7.44808473999996],[112.54594305,-7.44811804999996],[112.545982174,-7.44813082199991],[112.54598419,-7.44813147999994],[112.54604811,-7.44815234999996],[112.54617039,-7.44819226999996],[112.5461832,-7.44819428999993],[112.5462347,-7.44821072999996],[112.54623987,-7.44821084999998],[112.546251779,-7.44821472699993],[112.54629464,-7.44822867999996],[112.54633794,-7.44825159999991],[112.54638379,-7.44828980999993],[112.54639778,-7.44830828999992],[112.54642167,-7.44832810999996],[112.5464649,-7.44834473999993],[112.54651692,-7.44836977999998],[112.5465911,-7.4484141],[112.54664697,-7.44845359999995],[112.54670863,-7.44850079999998],[112.54676932,-7.44853741],[112.54681557,-7.44854800999996],[112.54687433,-7.44854703999997],[112.54693502,-7.44853644999995],[112.54697979,-7.44851958999995],[112.54709319,-7.44845028999992],[112.54713522,-7.44841589999989],[112.54720145,-7.44838914999997],[112.54728168,-7.44838532999992],[112.54736192,-7.44840315999996],[112.54749056,-7.44844518999996],[112.54775674,-7.44854198999998],[112.54776077,-7.44854437999993],[112.54780149,-7.44856171999993],[112.547867504,-7.44858763499996],[112.5478814,-7.44859309000001],[112.54796674,-7.44865898999993],[112.54798217,-7.44866679999993],[112.54801528,-7.44871009999994],[112.5480484,-7.44875723],[112.54810316,-7.44892279999994],[112.54810756,-7.448944],[112.54818645,-7.4490971299999],[112.54827701,-7.44921465999992],[112.54831672,-7.44925713999995],[112.54839285,-7.44931687999995],[112.54845812,-7.44934375999997],[112.54857866,-7.44938125999994],[112.54862685,-7.44939393999997],[112.54867536,-7.44940669999995],[112.54875099,-7.44942660999995],[112.54890513,-7.44949018999995],[112.54901495,-7.44955569999998],[112.5491479,-7.44964625999995],[112.54921341,-7.44973102999996],[112.54924151,-7.44981977999996],[112.5492527,-7.4498387699999],[112.5492535,-7.44985273999992],[112.549254097,-7.449863184],[112.549265797652282,-7.450071267445912],[112.54926721,-7.45009254999997],[112.549266749,-7.45023101399992],[112.54926611,-7.45042325999998],[112.54925454,-7.45064071999997],[112.54916865,-7.45079713999993],[112.54910805,-7.45089074999994],[112.54908111,-7.45096061999993],[112.54902968,-7.451094],[112.54903189,-7.45109697999997],[112.548996033,-7.451185],[112.54898237,-7.45121853999997],[112.54899263,-7.45123662],[112.5490774,-7.45131175999993],[112.54911979,-7.45136570999991],[112.5491275,-7.45140616999993],[112.5491564,-7.45145819999996],[112.54920457,-7.45148901999995],[112.54926044,-7.45147938999995],[112.54929705,-7.45142158999996],[112.54933173,-7.45137148999995],[112.54936642,-7.45134451999997],[112.54941844,-7.45133873999996],[112.54946275,-7.45134258999995],[112.54951092,-7.45135992999997],[112.54959763,-7.45138112999997],[112.54968433,-7.45142158999996],[112.54984425,-7.45147745999997],[112.55002537,-7.45150828999994],[112.55012556,-7.45151213999997],[112.55021033,-7.4514948],[112.55025692,-7.45147529999995],[112.55029815,-7.45144984999993],[112.55034906,-7.45134451999997],[112.55037989,-7.45126937000001],[112.55038952,-7.45120000999996],[112.5503953,-7.45114991999998],[112.55041264,-7.45110944999993],[112.55045118,-7.45109596999993],[112.55053595,-7.45109981999996],[112.55059959,-7.45109840999992],[112.55074124,-7.45110393999997],[112.55076866,-7.45111078999998],[112.55078551,-7.45112687999993],[112.55080763,-7.45117111],[112.5508269,-7.45127707999994],[112.55082897,-7.45133305999997],[112.55085397,-7.45143306999998],[112.55090396,-7.45154489999994],[112.55098296,-7.45165857999996],[112.55109664,-7.45173179999993],[112.55115059,-7.45173179999993],[112.55121018,-7.45171391999996],[112.5512123,-7.45171328299996],[112.55122766,-7.45170866999996],[112.55128353,-7.45166435999995],[112.55132978,-7.45159306999995],[112.55140492,-7.45144855999993],[112.551415832,-7.45144016599993],[112.55148006,-7.45139075999998],[112.55150631,-7.45138813999991],[112.55161494,-7.45137726999996],[112.55172091,-7.45139075999998],[112.55182303,-7.45142928999996],[112.55198102,-7.4514948],[112.55218333,-7.45157090999992],[112.55221235,-7.45157597999998],[112.55221246,-7.45157599],[112.552218313,-7.45157670699997],[112.55230471,-7.45158729],[112.55238756,-7.45161618999998],[112.5525051,-7.45168555],[112.552580785402,-7.45171525034193],[112.55265731,-7.45174527999994],[112.5527113,-7.45176862999995],[112.55273258,-7.45177026999994],[112.55281434,-7.4517616599999],[112.5528654,-7.45174335999995],[112.55290971,-7.45170866999996],[112.55293958,-7.45167880999997],[112.55297908,-7.45161811999996],[112.55299642,-7.45156801999998],[112.55301761,-7.45152851999996],[112.553041,-7.45149405999996],[112.55305422,-7.45147456999995],[112.55309468,-7.45143218999995],[112.55311156,-7.45141536999994],[112.5531737,-7.45139051999993],[112.55320258,-7.45138979999994],[112.55322787,-7.45139582],[112.55326327,-7.45140424999995],[112.55336924,-7.45142254999996],[112.55343861,-7.45142158999996],[112.55353109,-7.45142832999996],[112.55359371,-7.45142832999996],[112.553708415295006,-7.45140779008478],[112.553768523,-7.45139039199997],[112.553952344,-7.45132418499996],[112.55395642,-7.45131874999994],[112.55399881,-7.45130719],[112.554008843,-7.45131066299997],[112.55404891,-7.45132453],[112.55407203,-7.4513727],[112.55409129,-7.45145747],[112.55410671,-7.4515461],[112.55413179,-7.45164296999996],[112.55415673,-7.45168113999998],[112.5542441,-7.45177007999998],[112.55425122,-7.45177827999992],[112.55431287,-7.45183318999995],[112.55436393,-7.45186161000001],[112.55437097,-7.45186450999996],[112.55438197,-7.45187311999995],[112.5544551,-7.45189244999995],[112.5544561,-7.45189210999994],[112.55448002,-7.45189773999993],[112.55450025,-7.45189628999997],[112.55454601,-7.45189148000001],[112.5545778,-7.45188472999997],[112.55464524,-7.45186882999998],[112.55470978,-7.45184667999994],[112.55478011,-7.45182210999997],[112.55484562,-7.45177586999994],[112.55490246,-7.45172865999994],[112.55497567,-7.45165929999995],[112.554983468,-7.45165414199996],[112.5549884,-7.45165087999993],[112.55504407,-7.45161401999996],[112.555111,-7.45160754999994],[112.55512,-7.45161],[112.55521,-7.45167],[112.5552107,-7.45167059999995],[112.55525794,-7.45173443999996],[112.55530226,-7.4518423399999],[112.55535813,-7.45197528999997],[112.55541016,-7.45206198999994],[112.5554352,-7.4521564],[112.55546989,-7.45223154999995],[112.55553299,-7.45239097999995],[112.55557827,-7.45246901999995],[112.55559753,-7.45249502999997],[112.55562114,-7.45251910999997],[112.55566401,-7.45254849999998],[112.55569098,-7.45256776],[112.55572133,-7.45257981],[112.55575132,-7.45258529999993],[112.55575709,-7.45258910999998],[112.55580211,-7.45258801999995],[112.55580214,-7.45258785999994],[112.55582489,-7.45258558999997],[112.5558615,-7.45255668999992],[112.55591159,-7.45249502999997],[112.55592701,-7.45236207999996],[112.55591352,-7.45227152999997],[112.55591545,-7.45218481999994],[112.5559405,-7.45211545999993],[112.55599637,-7.45207884999996],[112.55607922,-7.45207306999991],[112.55616015,-7.45209233999996],[112.55624107,-7.45211930999997],[112.55628731,-7.45215976999998],[112.55630272,-7.45220986999995],[112.55629695,-7.45224647999992],[112.55627382,-7.45245648999996],[112.55627768,-7.45254512999997],[112.55631429,-7.4526433899999],[112.55634126,-7.4526992699999],[112.5563798,-7.45275706999996],[112.55648769,-7.45287074999992],[112.55655513,-7.45290542999993],[112.55660522,-7.45290928],[112.55663798,-7.45289578999997],[112.556656377,-7.45288935399998],[112.55668308,-7.45288475699996],[112.556693793,-7.45288230999996],[112.556792971,-7.45285965499995],[112.556846263,-7.45284514299993],[112.556917923,-7.45282562799994],[112.556928987,-7.45282397399996],[112.557037296,-7.45280777799996],[112.557105099,-7.45278641499997],[112.557134565,-7.45277713099994],[112.557159229,-7.45276936099997],[112.55715948,-7.45276666999998],[112.55723433,-7.45268883999995],[112.55734996,-7.45256859999995],[112.55744754,-7.45244787],[112.55795177,-7.45221283999997],[112.55813237,-7.45212191999996],[112.55825304,-7.45213653999995],[112.55841917,-7.45221871999996],[112.558587508,-7.45229924099991],[112.55863986,-7.45228810299993],[112.55876,-7.4522],[112.55884816,-7.45202157999997],[112.55906642,-7.451923],[112.55923299,-7.45191235999995],[112.55927,-7.45191],[112.5596014,-7.45185338999993],[112.55979,-7.45194],[112.55999,-7.45205],[112.56013,-7.45213],[112.56027,-7.45219],[112.56036,-7.45219],[112.560360061,-7.45218991399997],[112.560381986,-7.45218382099992],[112.560455619,-7.45211465099995],[112.560502476,-7.45202539999994],[112.560510285,-7.45189375499994],[112.560495782,-7.45171971499996],[112.560494666,-7.45156240899996],[112.560509169,-7.45145530799997],[112.560556026,-7.45131027499997],[112.560591727,-7.45117305099993],[112.56058838,-7.45108045300001],[112.560556026,-7.45100458899997],[112.560513632,-7.45091087499997],[112.560487972,-7.45079707999995],[112.560487476,-7.45078838899996],[112.560481278,-7.45067993799995],[112.560492435,-7.45060965199998],[112.560520326,-7.45052932599997],[112.560598421,-7.45044676899995],[112.560655318,-7.45040995299994],[112.560723372,-7.45037648399996],[112.560781386,-7.45036644299991],[112.560882909,-7.45035974899996],[112.561020133,-7.45034859299994],[112.56112054,-7.45032516399993],[112.561290118,-7.45024149099994],[112.561471967,-7.450235913],[112.561517471,-7.45024267699998],[112.561554525,-7.45024818499996],[112.561641545,-7.45029727299996],[112.561861326,-7.45048804799998],[112.561971774,-7.45058622399993],[112.562010822,-7.450637543],[112.56205991,-7.450766958],[112.562125733,-7.45095438499994],[112.562180399,-7.45110834399997],[112.562219446,-7.45116524099995],[112.562276344,-7.45121321399994],[112.562384561,-7.45126230199998],[112.562536288,-7.45130246499995],[112.562634465,-7.45131362199993],[112.562709213,-7.45130692799994],[112.562761648,-7.45129019299997],[112.562815198,-7.45124445199998],[112.562875443,-7.45114739099993],[112.562942988,-7.45101665899996],[112.562979198,-7.450946576],[112.563017129,-7.45089190899995],[112.563047252,-7.45087071199991],[112.563115306,-7.45084951499995],[112.563200094,-7.45083835899991],[112.563260339,-7.45084839899995],[112.563461154,-7.45091756899994],[112.563896254,-7.45099677999996],[112.564083682,-7.45100905199995],[112.564261068,-7.45097223599993],[112.564528822,-7.45084616799994],[112.564790998,-7.45072233199997],[112.564976671,-7.450628953],[112.56497,-7.45066521999998],[112.56496429,-7.45069628999995],[112.56496156,-7.45073264000001],[112.56494839,-7.45073267999996],[112.56495817,-7.45077794999996],[112.56496007,-7.45078674999993],[112.56494471,-7.45122437000001],[112.5649427,-7.45128474999997],[112.56494232,-7.45129604999993],[112.5649391,-7.45139281999998],[112.56493716,-7.45145106999995],[112.56493581,-7.45149140999995],[112.56492936,-7.45168501999993],[112.564949027,-7.45172981899997],[112.56506755,-7.45199979999994],[112.56506755,-7.45206889999996],[112.56506677,-7.45206910799994],[112.564972,-7.45209437999997],[112.564947071,-7.452069],[112.56487146,-7.45207555999998],[112.56446273,-7.45217150999996],[112.56414873,-7.45234145999994],[112.56344979,-7.45251261999994],[112.563446545,-7.4525134149999],[112.56342669,-7.45251827999994],[112.56333424,-7.4525632699999],[112.563208240304647,-7.452624573750044],[112.56310209,-7.45267621999994],[112.56284622,-7.45279751999994],[112.56242461,-7.45294949],[112.56211885,-7.45309307999998],[112.56197538,-7.45316044999994],[112.561959895,-7.45320949799997],[112.561867923363863,-7.453500740590548],[112.5617442,-7.45389252999998],[112.56159864,-7.45417936999996],[112.561523793258957,-7.454376366358462],[112.56150788,-7.45441824999994],[112.56144846,-7.45464331999994],[112.56124692,-7.45540663999996],[112.56123566466772,-7.455449270109367],[112.56078582338435,-7.455398518364238],[112.560857757047785,-7.455546241323879],[112.560925760000103,-7.455625734192669],[112.560979481836227,-7.45570680621728],[112.561031182099981,-7.455766797005751],[112.561077956520975,-7.455869387428357],[112.561067292967635,-7.455897657039976],[112.561062344,-7.45591077699993],[112.561110410492844,-7.45589446085547],[112.561126127092152,-7.456038767812825],[112.561332037650274,-7.456093105321219],[112.561133796740478,-7.456444479209229],[112.56106415,-7.45712363999997],[112.56096873,-7.45746335999995],[112.56068436,-7.45796138999997],[112.56062914,-7.45800856999996],[112.56061026,-7.45802469999995],[112.56047657,-7.45805113999998],[112.56046015,-7.45804804999994],[112.56034773,-7.45805327999997],[112.56019364,-7.45803212999992],[112.55993682,-7.45798528999994],[112.559936319938998,-7.45798515566115],[112.55961051,-7.45789766999998],[112.559529362119704,-7.457872658084021],[112.559575703575391,-7.457658825367004],[112.559605694118062,-7.457520868870684],[112.559613941517298,-7.457469135184561],[112.559451242823272,-7.457282444056385],[112.559282546020711,-7.457257701858675],[112.559114598981679,-7.457235208951666],[112.559077850545037,-7.457390408659731],[112.55904248,-7.45739762999993],[112.5589881,-7.45741575999994],[112.5589322,-7.45744143999995],[112.55884249,-7.45749700999997],[112.5588189,-7.45751697000001],[112.55880571,-7.45752642000001],[112.558765263,-7.457562824],[112.55869817,-7.45762320999993],[112.55866696,-7.45766602999995],[112.55865919,-7.45767034999995],[112.55865152,-7.45767460999995],[112.55853965,-7.45779155999998],[112.558357,-7.45798249999996],[112.55825195,-7.45809231999997],[112.55816561,-7.45818353999993],[112.55812609,-7.45823427999993],[112.558105375,-7.45826087199991],[112.55808777,-7.45828346999997],[112.55806439,-7.45831347999994],[112.55802296,-7.45836665000001],[112.55791819,-7.45856086999992],[112.55787021,-7.45869362999998],[112.55784251,-7.45877284999996],[112.55783662,-7.45879736999993],[112.55779126,-7.45898602999996],[112.55771376,-7.45918511999997],[112.55767398,-7.45928987999998],[112.55746666,-7.4595569599999],[112.55746456,-7.45956077999993],[112.55742999,-7.45960193999998],[112.55741734,-7.45961458999994],[112.557383348,-7.45964416399995],[112.55737841,-7.45964845999994],[112.55737088,-7.45965500999996],[112.55733312,-7.45968219999994],[112.5573033,-7.45970195999996],[112.55730215,-7.45970334999994],[112.55721075,-7.4597690599999],[112.55713446,-7.45979020999994],[112.55705439,-7.45980608],[112.55698716,-7.45979776999995],[112.55691918,-7.45977510999996],[112.55688141,-7.45976377999992],[112.55681659,-7.45975157999994],[112.55677203,-7.45975183999997],[112.55676073,-7.45975239999995],[112.55667898,-7.45977283999998],[112.55664121,-7.45978945999995],[112.55661312,-7.45980349999992],[112.55659802,-7.45981451999992],[112.55657257,-7.45983996999994],[112.55656097,-7.45985157],[112.55655234,-7.45986687999993],[112.5565425,-7.45991243999994],[112.55649015,-7.45997210999998],[112.55646149,-7.45999018999992],[112.55637861,-7.46003754999995],[112.5563661,-7.46003783999994],[112.5563156,-7.46006931999995],[112.55615809,-7.46013371],[112.55583598,-7.46018191999997],[112.555733597,-7.46016632899996],[112.555701745104429,-7.460161356137924],[112.555632325,-7.46011414899994],[112.55561407,-7.46010179999998],[112.555559517062434,-7.460047247062429],[112.55554831,-7.46003604000001],[112.55542095,-7.45987810999998],[112.55540431,-7.45986865999994],[112.5553751,-7.45982970999994],[112.55533566,-7.45981217999997],[112.55531892,-7.45981363999996],[112.5552938,-7.45982410999997],[112.55526811,-7.45983480999998],[112.55519818,-7.45986413999995],[112.5551487,-7.45986286999993],[112.55500995,-7.45981638999998],[112.5549669,-7.45978469999993],[112.55487141,-7.45968640999996],[112.554689721,-7.45961256599997],[112.55456228,-7.45956076999991],[112.55428233,-7.459447],[112.55374804,-7.45933112999995],[112.55340665,-7.45931651999995],[112.55340481,-7.45931643999998],[112.5533526,-7.45931419999993],[112.553323626,-7.45931295999996],[112.55274881,-7.45928836999996]]]]}},
{"type":"Feature","properties":{"kdkab":"15","kdkec":"010","nmkab":"SIDOARJO","nmkec":"TARIK","kddesa":"019","kdprov":"35","nmdesa":"SEGODOBANCANG","nmprov":"JAWA TIMUR","iddesa":"3515010019"},"geometry":{"type":"MultiPolygon","coordinates":[[[[112.54123066,-7.43747405999998],[112.54123062,-7.43747440999994],[112.54123,-7.43748],[112.54122104,-7.43753376999997],[112.54122,-7.43754],[112.54121262,-7.43759167],[112.54121,-7.43761],[112.54117,-7.4379],[112.54092,-7.43967],[112.54067,-7.44119],[112.54062,-7.44136],[112.54059,-7.44141],[112.54056831,-7.44151952999992],[112.54050666,-7.44150396],[112.54035539,-7.44146223999995],[112.54028132,-7.44144345999996],[112.54025316,-7.44139233999993],[112.54023438,-7.44130367],[112.54022957,-7.44120981999993],[112.54023203,-7.44089650999997],[112.54021251,-7.44070276999998],[112.54020699,-7.44064796],[112.54015882,-7.44059014999992],[112.54003743,-7.44053620999994],[112.53993724,-7.44054969],[112.53981778,-7.44060941999992],[112.53977732,-7.44063253999996],[112.53941316,-7.44093696999992],[112.53927444,-7.44097742999995],[112.53917131,-7.44093159999994],[112.53917039,-7.44093118999998],[112.53909718,-7.44082521999996],[112.5389045,-7.44025874999992],[112.53874265,-7.43996395999993],[112.53868871,-7.43990422999995],[112.53863537,-7.43985088999993],[112.53859237,-7.43980788999992],[112.5384652,-7.43976742999995],[112.53835923,-7.43977898999997],[112.5381839,-7.43977898999997],[112.53808226,-7.43977014999997],[112.53805095,-7.43976742999995],[112.53803168,-7.43973081999997],[112.53801627,-7.43962677999996],[112.53806347,-7.43910366999996],[112.53806706,-7.43905012999994],[112.53807426,-7.43894245999997],[112.53808082,-7.43884452],[112.53817338,-7.43862183999996],[112.53818293,-7.43859885999995],[112.53815403,-7.43854490999992],[112.53805962,-7.43848131999991],[112.53731182,-7.43814759000001],[112.53729762,-7.43814645999991],[112.53693777,-7.43820291],[112.53688575,-7.43820916999992],[112.53672968,-7.43824481999996],[112.53665165,-7.43826166999995],[112.53663334,-7.43826841999995],[112.53657602,-7.43830405999993],[112.53651485,-7.43834066999995],[112.53647198,-7.43835800999995],[112.53641851,-7.43837823999997],[112.53640117,-7.43837727999993],[112.53631254,-7.43835415999994],[112.53589299,-7.43819905999993],[112.53572584,-7.43813883999995],[112.53558952,-7.43815280999997],[112.53541419,-7.43828382999993],[112.53526005,-7.43840135999994],[112.53508905,-7.43846446999993],[112.53505196,-7.43847891999998],[112.53497248,-7.43846302],[112.53475813,-7.43842448999992],[112.5346695,-7.43840810999994],[112.53437085,-7.43845241999994],[112.53428028,-7.43846248999997],[112.53384196,-7.43851118999991],[112.5337437,-7.43851696999998],[112.53372154,-7.43851600999997],[112.53335642,-7.43840521999992],[112.53331981,-7.43839847],[112.53324563,-7.43839268999994],[112.53318397,-7.43839172999997],[112.53316952,-7.43839461999997],[112.53309053,-7.43841581999994],[112.53243832,-7.43858921999994],[112.53198264,-7.43870867999992],[112.53174662,-7.43877611999993],[112.53165895,-7.43882139999996],[112.53143352,-7.43890135999992],[112.53139209,-7.43891580999993],[112.53083815,-7.43894663999994],[112.53069846,-7.43895433999994],[112.53060983,-7.43896397999994],[112.53020136,-7.43900732999998],[112.52992873,-7.43903429999994],[112.52984973,-7.43904393999998],[112.52914068,-7.43907573],[112.52872354,-7.439095],[112.52835746,-7.43911040999996],[112.52820525,-7.43911618999992],[112.52811084,-7.43912389999996],[112.5278883,-7.43914315999996],[112.52773512,-7.43915375999996],[112.52765947,-7.43916295999996],[112.52762977,-7.43916117999992],[112.52761433,-7.43916314999997],[112.52760237,-7.43916175999993],[112.52759769,-7.43916283999996],[112.52732315,-7.43915664999997],[112.52718443,-7.43915472999994],[112.52697827,-7.43915809999991],[112.52657846,-7.43917206999993],[112.5264513,-7.43917591999995],[112.52621045,-7.43919855999995],[112.52584209,-7.43923212999993],[112.52583973,-7.43923170999996],[112.52582824,-7.439233],[112.52582221,-7.43923323999995],[112.52580608,-7.43923227999993],[112.52578368,-7.43923082999991],[112.52564134,-7.43922335999997],[112.52561509,-7.43922215999993],[112.52559504,-7.43922240999994],[112.52559268,-7.43922279],[112.52556451,-7.43922480999994],[112.52533884,-7.43924118999997],[112.5251912,-7.43925153999992],[112.52503779,-7.43926285999992],[112.52495012,-7.43926863999993],[112.52481067,-7.43927827999998],[112.5246717,-7.43928838999993],[112.52455899,-7.43929440999996],[112.52446361,-7.43930018999993],[112.52435692,-7.43930741999996],[112.52425962,-7.43931488999992],[112.52420543,-7.43931945999997],[112.5240036,-7.43933511999997],[112.52386776,-7.43934667999998],[112.52373265,-7.43935775999995],[112.52370237,-7.43936031999992],[112.5237008,-7.4393603],[112.52365271,-7.43936387],[112.52364959,-7.43936455999993],[112.52343641,-7.43938207999997],[112.5233237,-7.43939147],[112.52332131,-7.43939239999998],[112.52332057,-7.43939243999996],[112.52331012,-7.43939348999993],[112.52320279,-7.43940242999996],[112.52301277,-7.43941904999994],[112.52291571,-7.43942747999997],[112.52286826,-7.4394306099999],[112.52265365,-7.43941805999998],[112.52265321,-7.43941802999994],[112.52261583,-7.43941584999992],[112.5229167,-7.43745459899998],[112.5229172,-7.43745133999994],[112.52293532,-7.43733319999996],[112.52296041,-7.43717428999998],[112.52298094,-7.43704430999998],[112.522981534,-7.437040547],[112.52299679,-7.43694388999996],[112.52306509,-7.43642138999995],[112.523092121744938,-7.436118643874011],[112.523106998,-7.43595203499998],[112.52315047,-7.43546516999993],[112.52318121,-7.43532173999994],[112.52335462,-7.43472220999996],[112.523373765,-7.43465602699995],[112.52342026,-7.43449529999998],[112.52375998,-7.43322007999997],[112.523849758,-7.43288308299997],[112.523855167,-7.43286277899995],[112.52385632,-7.43285845],[112.523857618938308,-7.432853568208151],[112.52386054,-7.43284258999997],[112.52387788,-7.43277752999996],[112.52418523,-7.43174618999995],[112.52436623,-7.43111439999994],[112.52444819,-7.43078655999993],[112.52454722,-7.43049627999993],[112.52462577,-7.43019233999997],[112.52485116,-7.42935223999994],[112.52538436,-7.42742890999996],[112.52544064,-7.42752413999994],[112.52543913,-7.42752996999997],[112.52573506,-7.42779072999998],[112.52628498,-7.42798522999994],[112.52661283,-7.42796772999997],[112.52685947,-7.42817145999995],[112.52708951,-7.42831795999997],[112.52737689,-7.42844788999997],[112.52766395,-7.42848781999995],[112.52786,-7.42846],[112.52818925,-7.42867421999993],[112.52819168,-7.42867795999996],[112.528200598,-7.42869170299995],[112.5283376,-7.42890282999996],[112.52869033,-7.42896707999997],[112.52889536,-7.42899091999996],[112.52914137,-7.42901462000001],[112.52956042,-7.42929138999996],[112.52987242,-7.42942943000001],[112.530209,-7.42956737999998],[112.53064408,-7.42973771999992],[112.53088212,-7.42982690999996],[112.5312024,-7.42998945999994],[112.53154721,-7.43013555999994],[112.5319331,-7.43030606999995],[112.5322742,-7.43028055999997],[112.53227732,-7.43028032999994],[112.53251483,-7.43021404999996],[112.532728,-7.43022148999993],[112.53308907,-7.43032662000001],[112.53328146,-7.43034279999994],[112.53335646,-7.43034910999996],[112.53355648,-7.43036591999994],[112.53381901,-7.43042229999998],[112.53410618,-7.43049494999997],[112.53443412,-7.430502],[112.53482801,-7.43061519999997],[112.53503295,-7.4306144899999],[112.53527069,-7.43061365999995],[112.53552496,-7.43065369999993],[112.53607449,-7.43073362999997],[112.53655035,-7.43084653999994],[112.5367962,-7.43082113999996],[112.53733762,-7.43092563999996],[112.53773134,-7.43098973999998],[112.53806753,-7.43101311999992],[112.53837102,-7.43106116999996],[112.53878922,-7.43109244999995],[112.53925686,-7.43119719999994],[112.53960125,-7.43122055999992],[112.53999516,-7.43134193],[112.54036412,-7.43135701999996],[112.54070888,-7.43148674],[112.54111056,-7.43148534999996],[112.54138123,-7.43152531999994],[112.54153808,-7.43153520999993],[112.54175021,-7.43154858999998],[112.54197,-7.43124],[112.54195,-7.43148],[112.54187,-7.43201],[112.54165,-7.4338],[112.54149339,-7.43488648999994],[112.541492567,-7.43489219599994],[112.54149,-7.43491],[112.54147512,-7.43503402999995],[112.54146,-7.43516],[112.5414,-7.43562],[112.54139878,-7.43566075999998],[112.54139827,-7.43567782999997],[112.541395957,-7.43575535199996],[112.5413955,-7.43577064999995],[112.541390333,-7.43594379399998],[112.54138,-7.43629],[112.54127,-7.43699],[112.54124,-7.43739],[112.54123398,-7.43744418299995],[112.5412322,-7.437460205],[112.54123066,-7.43747405999998]]]]}},
{"type":"Feature","properties":{"kdkab":"15","kdkec":"010","nmkab":"SIDOARJO","nmkec":"TARIK","kddesa":"001","kdprov":"35","nmdesa":"KRAMAT TEMENGGUNG","nmprov":"JAWA TIMUR","iddesa":"3515010001"},"geometry":{"type":"MultiPolygon","coordinates":[[[[112.460566194,-7.43891406499991],[112.460562411,-7.43943986999994],[112.46056235,-7.43944831299992],[112.460562329,-7.439451251],[112.460327562,-7.43943852999997],[112.460110602,-7.43942677399996],[112.460109296,-7.43942670299998],[112.460091205,-7.43932720299994],[112.460012538,-7.43892337799997],[112.45993678,-7.43892428999993],[112.4597047,-7.43892708999994],[112.459703117,-7.43892710699993],[112.45970195,-7.43892711999997],[112.45970165,-7.43893082999992],[112.45969833,-7.43893089999995],[112.459700032,-7.43852138899998],[112.45970047,-7.43841612999992],[112.45955358,-7.43799620999995],[112.45947541,-7.43751490999998],[112.459503992177957,-7.437445038130439],[112.459506996,-7.43743769499997],[112.459688459,-7.43699409699997],[112.459752747,-7.43683693999996],[112.459758917301315,-7.436821856252618],[112.4599388,-7.43638211999997],[112.460035795,-7.43629313099998],[112.46028999,-7.43605991999994],[112.46089377,-7.43569868],[112.46121491,-7.43555238999997],[112.46156613,-7.43523783999994],[112.4616724,-7.43495466999997],[112.46173254,-7.43433249999994],[112.46175188,-7.43413246999997],[112.461763888,-7.43407561899996],[112.46180835,-7.43386510999997],[112.46188889,-7.43348380699994],[112.461978313,-7.43306045099997],[112.46200137,-7.43295129999992],[112.46232292,-7.43227575999995],[112.46272687,-7.43199021999991],[112.462884392,-7.43187887399996],[112.46296921,-7.43181891999996],[112.46337662,-7.43159345999992],[112.46368058,-7.43162911999998],[112.46380541,-7.43164375999993],[112.46385126,-7.43164913999993],[112.46391894,-7.43165707799995],[112.46395187,-7.43166093999997],[112.46407374,-7.43167523999993],[112.46484067,-7.43163511999996],[112.464883382299433,-7.431637802277681],[112.464888792,-7.43163814199995],[112.465138206,-7.43165380399992],[112.465430548,-7.43167216099991],[112.46562035,-7.43168407999997],[112.46567268,-7.43168736999998],[112.46610317,-7.4317144],[112.466436629,-7.43175116999994],[112.466520009794209,-7.431760364361656],[112.46704541,-7.4318183],[112.46781082,-7.43170874999992],[112.46818531,-7.43148584999996],[112.468549524,-7.431252801],[112.46885776,-7.43105556999998],[112.46967295,-7.43069672999997],[112.46989003,-7.43060117999994],[112.4704488,-7.43056065999994],[112.470558842,-7.43055268099993],[112.47066327,-7.43054510999998],[112.47161915,-7.43014446999997],[112.47165099,-7.43013347999991],[112.47167,-7.4302],[112.471673647,-7.43021093999993],[112.471722911,-7.43091529099997],[112.47172862,-7.43108512599998],[112.471712136,-7.43127675599991],[112.471773884,-7.43127310899994],[112.47187559,-7.43126710199994],[112.47187559,-7.43126723999994],[112.471921541,-7.43126212799996],[112.47215882,-7.43123573],[112.47324592,-7.43114803999992],[112.47415928,-7.43115902999993],[112.474209035,-7.43115962599997],[112.47423525,-7.43115993999991],[112.47424146,-7.43116001999992],[112.474601845,-7.43119602500001],[112.47462362,-7.43119819999993],[112.4753522,-7.43127097999997],[112.47582679,-7.4312158999999],[112.47603357,-7.43122284999991],[112.476424,-7.43119097999991],[112.47684486,-7.43109786],[112.47737296,-7.43101201999997],[112.47766969,-7.43098633999995],[112.47757227,-7.43104031999998],[112.47752136,-7.43111052999994],[112.47747222,-7.43121233999991],[112.47743535,-7.43137557999994],[112.47731073,-7.43538815999994],[112.47728264,-7.43575325999995],[112.47726196,-7.43617381999995],[112.47717469,-7.43620831999992],[112.47582664,-7.43616267999992],[112.4750157,-7.43613458999996],[112.474247502,-7.43610768899992],[112.47423211,-7.43610714999996],[112.47423224,-7.43610581999995],[112.4733236,-7.43605735999997],[112.47261095,-7.43601523999996],[112.47258407,-7.43601002999995],[112.47109987,-7.43572241999993],[112.470584614,-7.43543376],[112.469599343,-7.434881784],[112.46958734,-7.43487505999997],[112.469303997,-7.434716323],[112.46929667,-7.43471160299994],[112.468940926,-7.43494566199996],[112.46826444,-7.43535526399994],[112.467416692,-7.43605173099994],[112.466788731,-7.43656979899992],[112.466133853,-7.43694230999993],[112.466057733,-7.43697594699995],[112.46605363,-7.4369777599999],[112.46599516,-7.43700358999998],[112.46597996,-7.43701030999997],[112.46589456,-7.43708695999995],[112.4656126,-7.43731669999991],[112.46529525,-7.43755337999993],[112.46526132,-7.43757571000001],[112.46456214,-7.43809434999996],[112.46450804,-7.43815263999992],[112.46443465,-7.43822069999992],[112.46398358,-7.4387177099999],[112.4639288,-7.43877672999996],[112.46392609,-7.43878104999991],[112.46392582,-7.43878134999995],[112.4637037,-7.43912841999994],[112.463702196,-7.43912823799994],[112.46281519,-7.43902082999993],[112.462792,-7.43901996999993],[112.46277778,-7.43901827999997],[112.46210381,-7.43898641999993],[112.46166291,-7.43896181999996],[112.46087,-7.43892],[112.46069977,-7.43892004999996],[112.46063031,-7.43891676999996],[112.460578286,-7.43891430999997],[112.46057109,-7.43891396999992],[112.460566194,-7.43891406499991]]]]}},
{"type":"Feature","properties":{"kdkab":"15","kdkec":"010","nmkab":"SIDOARJO","nmkec":"TARIK","kddesa":"010","kdprov":"35","nmdesa":"KLANTINGSARI","nmprov":"JAWA TIMUR","iddesa":"3515010010"},"geometry":{"type":"MultiPolygon","coordinates":[[[[112.54283398,-7.46857093999996],[112.542830615,-7.46857197099998],[112.542486416,-7.46884692199994],[112.542307791,-7.46871530399994],[112.542172798,-7.46860262399996],[112.542127057,-7.46853010699994],[112.542108091,-7.46847097899997],[112.542125941,-7.46831478899996],[112.542140917,-7.46823818399996],[112.542154948,-7.46816640899994],[112.542157179,-7.46808831399992],[112.542129288,-7.46795778399994],[112.542124826,-7.46788415199995],[112.542135982,-7.46737318799996],[112.542172798,-7.467210305],[112.542270975,-7.46709762499997],[112.542353737,-7.46702175999995],[112.542449298252407,-7.466920063999265],[112.54251538,-7.46684973999997],[112.54265987,-7.46650988999997],[112.542672862,-7.46647756099996],[112.54280709,-7.46614355999998],[112.542757971,-7.46593001299993],[112.54272003,-7.46576505999993],[112.54270669,-7.46570352999991],[112.54266234,-7.46549904599994],[112.5426519,-7.46545090999992],[112.54264196,-7.46539455999994],[112.54263778,-7.4653627],[112.54263397,-7.46533363],[112.542630226238003,-7.46530506949011],[112.542619940470999,-7.46528952655451],[112.542605010016999,-7.46525145389523],[112.542589333039004,-7.46519695773588],[112.542581121289004,-7.46516112464479],[112.542568430402994,-7.46512081241732],[112.542564697789004,-7.46508348628079],[112.542560218652994,-7.46502973664416],[112.542563204743999,-7.46498345223483],[112.542567683879994,-7.4649199978027],[112.542588586516999,-7.46480577982488],[112.542598291312004,-7.46476248150648],[112.542620686993999,-7.46467140573331],[112.542633377881003,-7.46463557264223],[112.542649054858003,-7.4646034721648],[112.542666971402994,-7.46458854171019],[112.542733775938004,-7.46456938452735],[112.542871317,-7.46448201299994],[112.54287143,-7.46448193999991],[112.54336727,-7.46445922999992],[112.5434367,-7.46445151999994],[112.54346702,-7.46445026999992],[112.54352279,-7.46444796999997],[112.543828485,-7.46443453099993],[112.54400458,-7.46442678999995],[112.54444091,-7.46443825999995],[112.54461029,-7.46445440999995],[112.54476132,-7.46447455000001],[112.54494315,-7.46448921999996],[112.54514682,-7.46450564],[112.54514695,-7.46450446999997],[112.545147119,-7.46450294299995],[112.545181194,-7.46419585299996],[112.545181102,-7.46419559299996],[112.545074601,-7.46389533699995],[112.545062195,-7.46389351199997],[112.545018066,-7.46372038899998],[112.544912977,-7.46350467999994],[112.544889072,-7.46345561299996],[112.544787235,-7.463302857],[112.544668425,-7.46313991799995],[112.544633018,-7.46305140099996],[112.54461276,-7.46303256999994],[112.54461,-7.46303],[112.544557118795083,-7.462991636059058],[112.544523460183768,-7.462981392133875],[112.544488367932971,-7.462957381646484],[112.544476062864845,-7.462949295458861],[112.544423724313063,-7.462914901553407],[112.544320294521228,-7.462846564012371],[112.54424826305906,-7.462774532550197],[112.544194701202571,-7.462720970693709],[112.544142986306653,-7.462647092270967],[112.544091271410721,-7.462543662479129],[112.544067260923342,-7.462506723267758],[112.544010266234636,-7.462408268214525],[112.543944647363489,-7.462277375834705],[112.543903894590898,-7.462146828817366],[112.543882687979774,-7.462098139293602],[112.543865154920965,-7.462050735097539],[112.543843076254305,-7.461981252234819],[112.543820997587645,-7.461919561842683],[112.543804113901373,-7.461889690705436],[112.543791775822939,-7.461864689862308],[112.543761579999426,-7.461805596960368],[112.543738851960214,-7.461760790254501],[112.543706708019045,-7.461698450489818],[112.54369177245043,-7.461670202783946],[112.543643069509272,-7.461605590215341],[112.54360800339164,-7.46156273162712],[112.543602170382997,-7.46150447354555],[112.543584835534006,-7.46136752823907],[112.543570967655,-7.46120458065923],[112.543594634043998,-7.46070341007079],[112.54364,-7.46065],[112.54376755,-7.46055433999992],[112.543774595,-7.46054905699995],[112.5438393,-7.46050052999992],[112.54388,-7.46047],[112.544213316229488,-7.460262595500431],[112.54429974696977,-7.460161313524042],[112.544381256079518,-7.460030070042272],[112.544449093993236,-7.459919980937499],[112.544466607514863,-7.459886819292947],[112.544489888378166,-7.459896878602492],[112.544494939304599,-7.459844124483713],[112.544499515357288,-7.459769871550567],[112.544505041156953,-7.459691819630147],[112.544509185506712,-7.459619984234362],[112.544516783481271,-7.459532952889469],[112.544521618556004,-7.45945213806921],[112.544525072180789,-7.459403096597088],[112.544529907255509,-7.459331951926262],[112.544537505230068,-7.459224198832584],[112.544540268129893,-7.459172394460623],[112.544549247554357,-7.459071721297778],[112.544498569331992,-7.459065948517638],[112.544516440546246,-7.458959903725841],[112.544533360880294,-7.458923906156452],[112.544555211255741,-7.458855037939918],[112.544577912640193,-7.458758909231758],[112.544590691051951,-7.458712889681334],[112.544603469463695,-7.458662898462391],[112.544611578425716,-7.458633826970327],[112.544618353194039,-7.458634644565536],[112.544632213445482,-7.458563726375415],[112.544656550138598,-7.458476470426904],[112.544681777198562,-7.458381497965939],[112.544700178112876,-7.458313533298561],[112.54472421801708,-7.45822063836018],[112.544757458378399,-7.458087973703771],[112.544793369840207,-7.458004872800426],[112.544839075337052,-7.457909900339461],[112.544871722120519,-7.457863601264741],[112.544906743215506,-7.45781730219002],[112.544996373475527,-7.457693541201826],[112.545048311540114,-7.457623202222924],[112.545072011626985,-7.457611732630097],[112.545108681527338,-7.457574841826723],[112.545148444069895,-7.457520278782213],[112.545293356447218,-7.457535300187179],[112.545464012,-7.45751155099994],[112.546383997938051,-7.457809607779084],[112.546476977,-7.45783973099997],[112.54649573,-7.45760957999998],[112.54652785,-7.45761529999992],[112.54660941,-7.45762184999996],[112.54672881,-7.45762051],[112.54677463,-7.45761447999997],[112.54691323,-7.45758444999992],[112.547166,-7.45754754999998],[112.54745841,-7.45752743999996],[112.547542689276256,-7.457535062192998],[112.54757849,-7.45753829999996],[112.547785724,-7.45760349799996],[112.54779107,-7.45760517999995],[112.54779755,-7.45760721999993],[112.54794258,-7.45770993999995],[112.548136788,-7.45786560099995],[112.54816033,-7.45788446999993],[112.54816025,-7.45788525999996],[112.54827606,-7.45799357999993],[112.54832107,-7.45802032],[112.54835904,-7.45804022999993],[112.54836029,-7.45804040999997],[112.54846981,-7.45810046],[112.54858689,-7.45816467],[112.54877951,-7.45827646000001],[112.54894568,-7.45837919],[112.5491942,-7.45851590999998],[112.54950918,-7.45866621999993],[112.5499216,-7.45878254999996],[112.550070162,-7.45881585899996],[112.55007561,-7.45881707999997],[112.55015219,-7.45883424999992],[112.5503023,-7.45886789999996],[112.55045866,-7.45890944999998],[112.55074578,-7.45893063999993],[112.55077042,-7.4589306899999],[112.55088779,-7.45893057999994],[112.55089697,-7.45893056999993],[112.55130968,-7.45886947999998],[112.55141241,-7.45886947999998],[112.55152723,-7.45889667999993],[112.551707,-7.45896314999994],[112.55189808,-7.45905651999993],[112.55211,-7.45914],[112.55236391,-7.45922727999995],[112.5527237,-7.45928905999993],[112.55274881,-7.45928836999996],[112.553323626,-7.45931295999996],[112.5533526,-7.45931419999993],[112.55340481,-7.45931643999998],[112.55340665,-7.45931651999995],[112.55374804,-7.45933112999995],[112.55428233,-7.459447],[112.55456228,-7.45956076999991],[112.554689721,-7.45961256599997],[112.55487141,-7.45968640999996],[112.5549669,-7.45978469999993],[112.55500995,-7.45981638999998],[112.5551487,-7.45986286999993],[112.55519818,-7.45986413999995],[112.55526811,-7.45983480999998],[112.5552938,-7.45982410999997],[112.55531892,-7.45981363999996],[112.55533566,-7.45981217999997],[112.5553751,-7.45982970999994],[112.55540431,-7.45986865999994],[112.55542095,-7.45987810999998],[112.55554831,-7.46003604000001],[112.555559517062434,-7.460047247062429],[112.55561407,-7.46010179999998],[112.555632325,-7.46011414899994],[112.555701745104429,-7.460161356137924],[112.555733597,-7.46016632899996],[112.55583598,-7.46018191999997],[112.55615809,-7.46013371],[112.5563156,-7.46006931999995],[112.5563661,-7.46003783999994],[112.55637861,-7.46003754999995],[112.55646149,-7.45999018999992],[112.55649015,-7.45997210999998],[112.5565425,-7.45991243999994],[112.55655234,-7.45986687999993],[112.55656097,-7.45985157],[112.55657257,-7.45983996999994],[112.55659802,-7.45981451999992],[112.55661312,-7.45980349999992],[112.55664121,-7.45978945999995],[112.55667898,-7.45977283999998],[112.55676073,-7.45975239999995],[112.55677203,-7.45975183999997],[112.55681659,-7.45975157999994],[112.55688141,-7.45976377999992],[112.55691918,-7.45977510999996],[112.55698716,-7.45979776999995],[112.55705439,-7.45980608],[112.55713446,-7.45979020999994],[112.55721075,-7.4597690599999],[112.55730215,-7.45970334999994],[112.5573033,-7.45970195999996],[112.55733312,-7.45968219999994],[112.55737088,-7.45965500999996],[112.55737841,-7.45964845999994],[112.557383348,-7.45964416399995],[112.55741734,-7.45961458999994],[112.55742999,-7.45960193999998],[112.55746456,-7.45956077999993],[112.55746666,-7.4595569599999],[112.55767398,-7.45928987999998],[112.55771376,-7.45918511999997],[112.55779126,-7.45898602999996],[112.55783662,-7.45879736999993],[112.55784251,-7.45877284999996],[112.55787021,-7.45869362999998],[112.55791819,-7.45856086999992],[112.55802296,-7.45836665000001],[112.55806439,-7.45831347999994],[112.55808777,-7.45828346999997],[112.558105375,-7.45826087199991],[112.55812609,-7.45823427999993],[112.55816561,-7.45818353999993],[112.55825195,-7.45809231999997],[112.558357,-7.45798249999996],[112.55853965,-7.45779155999998],[112.55865152,-7.45767460999995],[112.55865919,-7.45767034999995],[112.55866696,-7.45766602999995],[112.55869817,-7.45762320999993],[112.558765263,-7.457562824],[112.55880571,-7.45752642000001],[112.5588189,-7.45751697000001],[112.55884249,-7.45749700999997],[112.5589322,-7.45744143999995],[112.5589881,-7.45741575999994],[112.55904248,-7.45739762999993],[112.559077850545037,-7.457390408659731],[112.559114598981679,-7.457235208951666],[112.559282546020711,-7.457257701858675],[112.559451242823272,-7.457282444056385],[112.559613941517298,-7.457469135184561],[112.559605694118062,-7.457520868870684],[112.559575703575391,-7.457658825367004],[112.559529362119704,-7.457872658084021],[112.55961051,-7.45789766999998],[112.559936319938998,-7.45798515566115],[112.55993682,-7.45798528999994],[112.56019364,-7.45803212999992],[112.56034773,-7.45805327999997],[112.56046015,-7.45804804999994],[112.56047657,-7.45805113999998],[112.56061026,-7.45802469999995],[112.56062914,-7.45800856999996],[112.56075175,-7.45807630999996],[112.56075158,-7.45817811999994],[112.560678379510477,-7.458476045115688],[112.56065624616474,-7.458595637368762],[112.560623545138824,-7.458737161171213],[112.560586988891046,-7.458951276336744],[112.560582168616534,-7.459011529768119],[112.560842286,-7.45905642],[112.56083447,-7.45907655999998],[112.56060479,-7.45986952999991],[112.560153,-7.46132741999998],[112.5599001,-7.46235251000001],[112.55984503,-7.46264876999996],[112.55980118,-7.46287167],[112.55979005,-7.46292825699993],[112.559616541,-7.46276410599993],[112.559579765,-7.46272931299992],[112.559542467,-7.46269402599998],[112.559491147,-7.46265497899996],[112.559446522,-7.46263154999997],[112.559404128,-7.46259250299995],[112.559340536,-7.46252667999997],[112.559290332,-7.46249990499996],[112.559255747,-7.46249878899994],[112.559210006,-7.46251887099993],[112.559116292,-7.46262374099997],[112.559034851,-7.46269291099997],[112.558954524,-7.46274980799992],[112.558929631,-7.462760627],[112.558926939,-7.4627617969999],[112.558690118,-7.46286471900001],[112.558367697,-7.46296401099994],[112.558147916,-7.46306330299996],[112.558062012,-7.46311462299998],[112.557963836,-7.46315366999996],[112.557903591,-7.46316817399996],[112.557799836,-7.46318156099993],[112.557708354,-7.46320164299993],[112.557611293,-7.46326300299995],[112.557479648,-7.46335560099992],[112.557423866,-7.46338126099996],[112.557346886,-7.46338906999994],[112.557130452,-7.46337233599996],[112.557036738,-7.46337679799996],[112.55698765,-7.46338572299995],[112.556940793,-7.46339911099995],[112.55690844,-7.463430349],[112.556886127,-7.46346828099998],[112.556881304,-7.46354303399993],[112.556879433,-7.46357203499997],[112.556868277,-7.46364678299993],[112.556851673,-7.46367272699997],[112.556832576,-7.46370256499996],[112.556803569,-7.4637193],[112.556702046,-7.46374719099991],[112.556579326,-7.46377396599998],[112.556494537,-7.46381636099993],[112.554981729,-7.465039103],[112.554839357,-7.46515444100001],[112.554805457,-7.46518190499998],[112.554533241,-7.46583343899997],[112.553817331,-7.46752396699997],[112.55257404,-7.46730786999993],[112.55209975,-7.46724391999993],[112.55133768,-7.46710003999997],[112.55050633,-7.46697746999995],[112.54988282,-7.46689752999994],[112.54954176,-7.46682291999998],[112.54944583,-7.46748905999995],[112.54935,-7.46827],[112.54927254,-7.46876933999994],[112.54889061,-7.46876421999997],[112.54831751,-7.46874672999997],[112.54792023,-7.46872861999995],[112.5476076,-7.46871021999997],[112.54730157,-7.46871779],[112.54709951,-7.46866000999997],[112.546737679948436,-7.468652839768749],[112.54668276,-7.46866147],[112.54665111,-7.46892154999994],[112.54646863,-7.46887668999997],[112.54591493,-7.46882013999995],[112.54473597,-7.46872676999989],[112.54423445,-7.46869602999994],[112.54355038,-7.46860093999994],[112.54326382,-7.46858893999996],[112.543033334,-7.468579291],[112.54298171,-7.46857712999998],[112.54293383,-7.46857512],[112.54283398,-7.46857093999996]]]]}},
{"type":"Feature","properties":{"kdkab":"15","kdkec":"010","nmkab":"SIDOARJO","nmkec":"TARIK","kddesa":"003","kdprov":"35","nmdesa":"SEBANI","nmprov":"JAWA TIMUR","iddesa":"3515010003"},"geometry":{"type":"MultiPolygon","coordinates":[[[[112.48251152,-7.44424861999998],[112.48015215,-7.44393045999994],[112.4795382,-7.44384766999998],[112.479489952,-7.44384116399991],[112.479439057,-7.44383430099998],[112.4784571,-7.44370188999991],[112.47740625,-7.44356018999998],[112.47722433,-7.44353565999996],[112.47722347,-7.44353553999998],[112.4772234,-7.44353621999993],[112.477058164,-7.44351515399997],[112.47705758,-7.44351507999993],[112.47705681,-7.44351815999995],[112.47687987,-7.44422933999992],[112.476872704,-7.44422849699993],[112.4767675,-7.44421611999994],[112.47632248,-7.44416937999993],[112.47607821,-7.44414136999993],[112.47607,-7.44414],[112.47549,-7.44407],[112.47523321,-7.44404296999994],[112.47511,-7.44403],[112.47506031,-7.44401994999994],[112.47503249,-7.44401432399997],[112.47422,-7.44385],[112.47300672,-7.44357380999995],[112.47300611,-7.44357295999995],[112.472949463,-7.44355977099996],[112.47149122,-7.44322025999996],[112.47149128,-7.44322011999997],[112.4714904,-7.44321991299993],[112.47141904,-7.44320311999998],[112.47085311,-7.44309541999994],[112.47086978,-7.44305539999992],[112.47086965,-7.44305537999998],[112.470907065,-7.44295923199997],[112.471008387,-7.44259616199997],[112.471059084,-7.44245674499994],[112.471149211,-7.44225959100001],[112.471232662,-7.44208895199992],[112.471243564,-7.44206666099993],[112.471297077,-7.44197653299995],[112.471329467,-7.44188640499991],[112.47135904,-7.441761072],[112.471370152,-7.44170406199996],[112.47139143,-7.44159489799996],[112.471433677,-7.44136253799996],[112.471467475,-7.44117664899995],[112.471556194,-7.44078515699995],[112.471578408,-7.44064730199994],[112.471604075,-7.44048801699993],[112.471642098,-7.44029227099997],[112.471695611,-7.44005427699995],[112.471712102,-7.43999184699994],[112.471718803,-7.43996647799998],[112.471794188,-7.43968109199994],[112.471804596,-7.43964481299997],[112.471892765,-7.43933747999997],[112.47195332,-7.43916004099997],[112.471964897,-7.43908644699998],[112.471965584,-7.43908208100001],[112.471976776,-7.43901092999994],[112.47244548,-7.43660580999995],[112.47249586,-7.43638836999996],[112.47257011,-7.43606485999992],[112.47257124,-7.43605979999993],[112.47258407,-7.43601002999995],[112.47261095,-7.43601523999996],[112.4733236,-7.43605735999997],[112.47423224,-7.43610581999995],[112.47423211,-7.43610714999996],[112.474247502,-7.43610768899992],[112.4750157,-7.43613458999996],[112.47582664,-7.43616267999992],[112.47717469,-7.43620831999992],[112.47726196,-7.43617381999995],[112.47728264,-7.43575325999995],[112.47731073,-7.43538815999994],[112.47743535,-7.43137557999994],[112.47747222,-7.43121233999991],[112.47752136,-7.43111052999994],[112.47757227,-7.43104031999998],[112.47766969,-7.43098633999995],[112.47789126,-7.43096716999998],[112.47791755,-7.43096488999993],[112.47792359,-7.43096516999997],[112.47789297,-7.43101232999993],[112.47785826,-7.43106577999993],[112.48386146,-7.43120575999995],[112.48427798,-7.43121854],[112.48419996,-7.43166060999994],[112.484200244,-7.43166068799996],[112.48702231,-7.43243949999989],[112.48723406,-7.43258388],[112.48752283,-7.43258388],[112.488628665,-7.43291153199994],[112.48864388,-7.43291603999997],[112.48869231,-7.43293038999998],[112.48930352,-7.43311327],[112.48970297,-7.43316620999995],[112.49026124,-7.43332983999997],[112.49054037,-7.43337797],[112.49114196,-7.43365228999992],[112.49119417,-7.43364268999991],[112.49117324,-7.43385201999998],[112.49117594,-7.43396126999996],[112.49117,-7.43398],[112.49107828,-7.43450707999995],[112.49108087,-7.43447798999995],[112.49077361,-7.43438840999994],[112.49058961,-7.43438727999997],[112.49031276,-7.43430986999993],[112.49017364,-7.43430477999994],[112.49003747,-7.43433665999992],[112.49003734,-7.43433700999998],[112.48999117,-7.43433700999998],[112.48993311,-7.4345145899999],[112.48990579,-7.43466485999997],[112.48985456,-7.43490732999994],[112.48982725,-7.43530004999996],[112.48971455,-7.43571668999992],[112.48942768,-7.43676510999996],[112.48940378,-7.43686414999995],[112.48936635,-7.43710429999998],[112.48935,-7.43715],[112.48933706,-7.43720852999993],[112.48923812,-7.43747853999997],[112.48919546,-7.43759496999998],[112.48915107,-7.43781353],[112.4890275,-7.4383451699999],[112.48893,-7.43865],[112.48883,-7.43898],[112.48881323,-7.43904240999996],[112.48873934,-7.43928050999996],[112.48850285,-7.43983716000001],[112.48848999,-7.43986892000001],[112.488480824,-7.43989156600001],[112.488478456,-7.43989741599996],[112.48847382,-7.43990886999994],[112.488304217,-7.44049682299996],[112.488294449,-7.4405306859999],[112.48821917,-7.44079164999993],[112.48817151,-7.44090230999994],[112.488141634,-7.44098969599996],[112.48797138,-7.44148768999996],[112.4879543,-7.44156623999996],[112.48793858,-7.44176997999996],[112.48793849,-7.44177114999995],[112.4879298,-7.44188376799998],[112.48789516,-7.44233269999998],[112.48789505,-7.44233415999998],[112.487892599,-7.44236591999993],[112.48784971,-7.44292170999992],[112.48783869,-7.44340077999996],[112.48783562,-7.44353475],[112.48783429,-7.44356365999994],[112.48782827,-7.4436947099999],[112.48781649,-7.44395144999992],[112.48781431,-7.44399900999998],[112.487807559,-7.44414610599995],[112.48780582,-7.444184],[112.48777418,-7.44487329999996],[112.48892313,-7.44487811999995],[112.48896647,-7.44487203999991],[112.488966422,-7.44487239099991],[112.488966054,-7.44487505199992],[112.4889111,-7.44527257999991],[112.488909405,-7.44528483499993],[112.48888879,-7.44543390999996],[112.48887029,-7.44551680999994],[112.48886407,-7.44552840999997],[112.488762176,-7.44587257999998],[112.48871039,-7.44604749999993],[112.48861135,-7.44645047999997],[112.4885533,-7.44680563999998],[112.4885089,-7.44723934999995],[112.48849866,-7.44762183999995],[112.48851537,-7.44779450999996],[112.48846242,-7.44783726999998],[112.48840602,-7.44789738999995],[112.48840015,-7.44791866999996],[112.4883601,-7.44792019999994],[112.48836,-7.44792],[112.487,-7.44795],[112.48519261,-7.44805318999994],[112.4846534,-7.44811600999997],[112.48345981,-7.44824688999997],[112.48294678,-7.44828876999997],[112.48268383,-7.44830494999996],[112.48268257,-7.44830854999997],[112.48268097,-7.44831594999993],[112.48271154,-7.44806325999997],[112.4827443,-7.44785812999995],[112.482761311,-7.44775161900001],[112.48277758,-7.44764975999991],[112.48278476,-7.44736532999996],[112.48278571,-7.44732768999996],[112.48266989,-7.44571838],[112.48264331,-7.44525625999995],[112.4826421,-7.44524852999994],[112.482611083,-7.44466903699994],[112.48260127,-7.44448568999995],[112.48259902,-7.44444368999996],[112.48253933,-7.44425236999992],[112.482538168,-7.44425221299997],[112.48251194,-7.44424867],[112.48251152,-7.44424861999998]]]]}},
{"type":"Feature","properties":{"kdkab":"15","kdkec":"010","nmkab":"SIDOARJO","nmkec":"TARIK","kddesa":"020","kdprov":"35","nmdesa":"KEDINDING","nmprov":"JAWA TIMUR","iddesa":"3515010020"},"geometry":{"type":"MultiPolygon","coordinates":[[[[112.54587106,-7.44240967999996],[112.54493202,-7.44228795],[112.54324344,-7.44199737],[112.54274959,-7.44191238999998],[112.54136188,-7.44165702999996],[112.54133185,-7.44165001999995],[112.54119623,-7.44161975999998],[112.54099176,-7.44158428999997],[112.54093438,-7.44158012],[112.54071113,-7.44156342999997],[112.54069027,-7.441553],[112.54066106,-7.44154360999995],[112.54060994,-7.44153004999994],[112.54056831,-7.44151952999992],[112.54059,-7.44141],[112.54062,-7.44136],[112.54067,-7.44119],[112.54092,-7.43967],[112.54117,-7.4379],[112.54121,-7.43761],[112.54121262,-7.43759167],[112.54122,-7.43754],[112.54122104,-7.43753376999997],[112.54123,-7.43748],[112.54123062,-7.43747440999994],[112.54123066,-7.43747405999998],[112.5412322,-7.437460205],[112.54123398,-7.43744418299995],[112.54124,-7.43739],[112.54127,-7.43699],[112.54138,-7.43629],[112.541390333,-7.43594379399998],[112.5413955,-7.43577064999995],[112.541395957,-7.43575535199996],[112.54139827,-7.43567782999997],[112.54139878,-7.43566075999998],[112.5414,-7.43562],[112.54146,-7.43516],[112.54147512,-7.43503402999995],[112.54149,-7.43491],[112.541492567,-7.43489219599994],[112.54149339,-7.43488648999994],[112.54165,-7.4338],[112.54187,-7.43201],[112.54195,-7.43148],[112.54197,-7.43124],[112.54205743,-7.43121165999998],[112.542099002,-7.431147331],[112.54212566,-7.43110607999994],[112.54217778,-7.43107270999997],[112.5422415,-7.43103192999995],[112.54259383,-7.43067777999992],[112.54265153,-7.43057749999995],[112.54285,-7.43049],[112.54301,-7.43056],[112.5431,-7.4304],[112.54316,-7.43032],[112.54325,-7.43031],[112.54332,-7.43053],[112.54338043,-7.43076985999994],[112.54337203,-7.43092867999997],[112.54339,-7.43105],[112.54359,-7.43096],[112.54389,-7.4308],[112.54401,-7.4308],[112.54486,-7.43099],[112.54493298,-7.43108051],[112.54491748,-7.43117538000001],[112.5447,-7.43138],[112.54463,-7.43177],[112.54466,-7.4319],[112.54472,-7.43197],[112.54484,-7.432],[112.54521,-7.43211],[112.54523,-7.43219],[112.54528,-7.43258],[112.54535,-7.43263],[112.54545,-7.43264],[112.54553,-7.43259],[112.5456,-7.43248],[112.54588,-7.43197],[112.54602,-7.4319],[112.5461,-7.43198],[112.54614,-7.43212],[112.54624,-7.43243],[112.54633,-7.43254],[112.54639,-7.43253],[112.54651,-7.43248],[112.54677,-7.43227],[112.54692,-7.43219],[112.54714,-7.43215],[112.54728,-7.4322],[112.54769,-7.4324],[112.54786,-7.43248],[112.54812,-7.43259],[112.54821,-7.43258],[112.54825,-7.43252],[112.54828,-7.43236],[112.54825,-7.43224],[112.54817,-7.43197],[112.54823,-7.43191],[112.5483,-7.43189],[112.54837,-7.43194],[112.54848,-7.4321],[112.54871,-7.43237],[112.54901,-7.43217],[112.54938,-7.43188],[112.54946,-7.43192],[112.54993,-7.43222],[112.55013,-7.43227],[112.55061,-7.43231],[112.550765772,-7.432286169],[112.55078766,-7.43228281999996],[112.55079485,-7.43226445999993],[112.55080698,-7.43216001999993],[112.55081,-7.43192],[112.55081727,-7.43181415999995],[112.55082706,-7.43173806999995],[112.55086,-7.43171],[112.55088462,-7.43175222],[112.55089918,-7.43180669999996],[112.55092834,-7.43192282999998],[112.55097402,-7.43226311999995],[112.55098544,-7.43235987099995],[112.550967431,-7.43235870399995],[112.550967803,-7.43235883799997],[112.550643072,-7.43357993499996],[112.550250174,-7.43504203099995],[112.550107399,-7.43558414499994],[112.549944692,-7.43618179899995],[112.549950183,-7.43618298399996],[112.549958572,-7.43618479199993],[112.550034528,-7.43615486999994],[112.550126596,-7.436147965],[112.550464944,-7.43621241300001],[112.55118027,-7.436387703],[112.551367558,-7.43642804199993],[112.552032027,-7.436537852],[112.552458202,-7.43660255899993],[112.552863716,-7.43669776599992],[112.552971397,-7.43672304799998],[112.553420318,-7.43681064299996],[112.553422115,-7.43680895299998],[112.554330247,-7.43693613599996],[112.555030869,-7.43707893799992],[112.555334323,-7.43714587599993],[112.555595383,-7.43727305899994],[112.555720335,-7.437310991],[112.555927844,-7.43730875999995],[112.556255842,-7.437288678],[112.556519133,-7.43730652799993],[112.556977955364985,-7.437407952170841],[112.556914001466382,-7.437583017893276],[112.556835207975055,-7.437771559461834],[112.55676016655471,-7.437996683722798],[112.556655592576618,-7.438246408599982],[112.556645053,-7.43824357099997],[112.556534043,-7.43859769099987],[112.556429522,-7.438931113],[112.556318024738559,-7.4393341718025],[112.556188932501428,-7.439797793385268],[112.556151454110008,-7.439961587836665],[112.556101482921449,-7.440119829933778],[112.556072333061465,-7.440221160399473],[112.556049770420174,-7.440281480930265],[112.556048925,-7.4402810469999],[112.556033733,-7.44033453599996],[112.556033601,-7.44033445799997],[112.555457323,-7.44222203999996],[112.555040073,-7.44363890399997],[112.554725462,-7.44469429999996],[112.554705381,-7.44476793199992],[112.554705381,-7.44480586399992],[112.554718769,-7.44483710199996],[112.554758932,-7.44489511499993],[112.554765415,-7.44490845199992],[112.554797979,-7.44497544099997],[112.554809135,-7.44503345399992],[112.554783564,-7.44521245299994],[112.55477201,-7.44523997999995],[112.55464213,-7.44556285999993],[112.55462022,-7.44559518999997],[112.55460562,-7.44560770999991],[112.55455241,-7.44565569999998],[112.55449191,-7.44570681999994],[112.55443349,-7.44572872999993],[112.55439071,-7.44574124999994],[112.55430517,-7.44574228999991],[112.55424362,-7.44572141999994],[112.55392543,-7.44558371999994],[112.55384511,-7.44553468999991],[112.55381277,-7.44549191999995],[112.55375122,-7.44539906999993],[112.55372931,-7.44535420999995],[112.55370636,-7.44528117999992],[112.5536928,-7.44523319999997],[112.55365941,-7.44518833999996],[112.55350189,-7.44506836999993],[112.55340591,-7.44502037999995],[112.55329741,-7.44495360999993],[112.55325047,-7.44490561999993],[112.5532077,-7.44485032999992],[112.55317223,-7.44481381999997],[112.55313676,-7.44479190999996],[112.55306791,-7.44475643999997],[112.55289264,-7.44469175999996],[112.55283109,-7.44467089999992],[112.5527998,-7.44465003999994],[112.55274868,-7.44460830999997],[112.55267983,-7.44455405999996],[112.55257237,-7.44449771999997],[112.55234495,-7.4444257399999],[112.55220933,-7.44439652999993],[112.55215404,-7.44436418999994],[112.55209875,-7.44432558999994],[112.55205598,-7.44428803999994],[112.55202051,-7.444263],[112.5520109,-7.44425995999997],[112.55200038,-7.44425859999994],[112.55192318,-7.44424815999998],[112.55153719,-7.44413236999997],[112.55126699,-7.44404786999995],[112.55122735,-7.44404160999996],[112.55114911,-7.44403012999995],[112.55096341,-7.44401031],[112.55092482,-7.44400718],[112.55028949,-7.44381209999995],[112.55019456,-7.44378079999995],[112.55017161,-7.44377767],[112.54989724,-7.44374324999996],[112.54976162,-7.44372863999997],[112.5494497,-7.44366291999993],[112.54943089,-7.44365790999995],[112.54938867,-7.44363578999997],[112.54937615,-7.44358153999996],[112.54938449,-7.44350225999993],[112.54953889,-7.44291805999995],[112.54956393,-7.44280120999997],[112.5482284,-7.44236676000002],[112.54816319,-7.44235493999995],[112.54812824,-7.44235285999997],[112.54811207,-7.44235650999997],[112.54810268,-7.44236119999991],[112.54809851,-7.44236484999995],[112.54808234,-7.44241648999996],[112.54798167,-7.44273675999993],[112.54796289,-7.44275657999998],[112.54794203,-7.44276701999994],[112.54790447,-7.44276805999992],[112.54786248,-7.44275734999995],[112.54628403,-7.44246321000001],[112.545908513,-7.44241453499995],[112.54587106,-7.44240967999996]]]]}},
{"type":"Feature","properties":{"kdkab":"15","kdkec":"010","nmkab":"SIDOARJO","nmkec":"TARIK","kddesa":"012","kdprov":"35","nmdesa":"GEMPOLKLUTUK","nmprov":"JAWA TIMUR","iddesa":"3515010012"},"geometry":{"type":"MultiPolygon","coordinates":[[[[112.55140492,-7.45144855999993],[112.55132978,-7.45159306999995],[112.55128353,-7.45166435999995],[112.55122766,-7.45170866999996],[112.5512123,-7.45171328299996],[112.55121018,-7.45171391999996],[112.55115059,-7.45173179999993],[112.55109664,-7.45173179999993],[112.55098296,-7.45165857999996],[112.55090396,-7.45154489999994],[112.55085397,-7.45143306999998],[112.55082897,-7.45133305999997],[112.5508269,-7.45127707999994],[112.55080763,-7.45117111],[112.55078551,-7.45112687999993],[112.55076866,-7.45111078999998],[112.55074124,-7.45110393999997],[112.55059959,-7.45109840999992],[112.55053595,-7.45109981999996],[112.55045118,-7.45109596999993],[112.55041264,-7.45110944999993],[112.5503953,-7.45114991999998],[112.55038952,-7.45120000999996],[112.55037989,-7.45126937000001],[112.55034906,-7.45134451999997],[112.55029815,-7.45144984999993],[112.55025692,-7.45147529999995],[112.55021033,-7.4514948],[112.55012556,-7.45151213999997],[112.55002537,-7.45150828999994],[112.54984425,-7.45147745999997],[112.54968433,-7.45142158999996],[112.54959763,-7.45138112999997],[112.54951092,-7.45135992999997],[112.54946275,-7.45134258999995],[112.54941844,-7.45133873999996],[112.54936642,-7.45134451999997],[112.54933173,-7.45137148999995],[112.54929705,-7.45142158999996],[112.54926044,-7.45147938999995],[112.54920457,-7.45148901999995],[112.5491564,-7.45145819999996],[112.5491275,-7.45140616999993],[112.54911979,-7.45136570999991],[112.5490774,-7.45131175999993],[112.54899263,-7.45123662],[112.54898237,-7.45121853999997],[112.548996033,-7.451185],[112.54903189,-7.45109697999997],[112.54902968,-7.451094],[112.54908111,-7.45096061999993],[112.54910805,-7.45089074999994],[112.54916865,-7.45079713999993],[112.54925454,-7.45064071999997],[112.54926611,-7.45042325999998],[112.549266749,-7.45023101399992],[112.54926721,-7.45009254999997],[112.549265797652282,-7.450071267445912],[112.549254097,-7.449863184],[112.5492535,-7.44985273999992],[112.5492527,-7.4498387699999],[112.54924151,-7.44981977999996],[112.54921341,-7.44973102999996],[112.5491479,-7.44964625999995],[112.54901495,-7.44955569999998],[112.54890513,-7.44949018999995],[112.54875099,-7.44942660999995],[112.54867536,-7.44940669999995],[112.54862685,-7.44939393999997],[112.54857866,-7.44938125999994],[112.54845812,-7.44934375999997],[112.54839285,-7.44931687999995],[112.54831672,-7.44925713999995],[112.54827701,-7.44921465999992],[112.54818645,-7.4490971299999],[112.54810756,-7.448944],[112.54810316,-7.44892279999994],[112.5480484,-7.44875723],[112.54801528,-7.44871009999994],[112.54798217,-7.44866679999993],[112.54796674,-7.44865898999993],[112.5478814,-7.44859309000001],[112.547867504,-7.44858763499996],[112.54780149,-7.44856171999993],[112.54776077,-7.44854437999993],[112.54775674,-7.44854198999998],[112.54749056,-7.44844518999996],[112.54736192,-7.44840315999996],[112.54728168,-7.44838532999992],[112.54720145,-7.44838914999997],[112.54713522,-7.44841589999989],[112.54709319,-7.44845028999992],[112.54697979,-7.44851958999995],[112.54693502,-7.44853644999995],[112.54687433,-7.44854703999997],[112.54681557,-7.44854800999996],[112.54676932,-7.44853741],[112.54670863,-7.44850079999998],[112.54664697,-7.44845359999995],[112.5465911,-7.4484141],[112.54651692,-7.44836977999998],[112.5464649,-7.44834473999993],[112.54642167,-7.44832810999996],[112.54639778,-7.44830828999992],[112.54638379,-7.44828980999993],[112.54633794,-7.44825159999991],[112.54629464,-7.44822867999996],[112.546251779,-7.44821472699993],[112.54623987,-7.44821084999998],[112.5462347,-7.44821072999996],[112.5461832,-7.44819428999993],[112.54617039,-7.44819226999996],[112.54604811,-7.44815234999996],[112.54598419,-7.44813147999994],[112.545982174,-7.44813082199991],[112.54594305,-7.44811804999996],[112.54586255,-7.44808473999996],[112.54556775,-7.44795951],[112.54541265,-7.44790844999996],[112.54530764,-7.44788435999994],[112.54521708,-7.44786701999995],[112.54516217,-7.44786219999995],[112.54515661,-7.44786316999993],[112.54509281,-7.44786316999993],[112.54492807,-7.44789206999996],[112.54477682,-7.44794408999995],[112.54465158,-7.44799514999993],[112.54447625,-7.44813099],[112.544466339,-7.44814024399992],[112.544385270649997,-7.44821594024611],[112.54433078,-7.44826681999996],[112.544243712,-7.44834966199993],[112.5442329,-7.44835994999994],[112.54422072,-7.44836607999997],[112.54416864,-7.44839229999997],[112.54402091,-7.44844756999994],[112.54402045,-7.44844757999995],[112.5439504,-7.44846159],[112.54388417,-7.44849087999995],[112.54387414,-7.44849811999995],[112.54382868,-7.44851687999991],[112.54382708,-7.44851711999997],[112.54381544,-7.44852246999996],[112.54377082,-7.44855965999993],[112.5437541,-7.44859680999998],[112.54375322,-7.44864021999996],[112.54373734,-7.44867625999994],[112.54369688,-7.44871189999998],[112.54364389,-7.448762],[112.54358127,-7.44879667999994],[112.54346952,-7.44886410999995],[112.54336355,-7.44892094999997],[112.54323547,-7.44901116999997],[112.54321716,-7.44901987999998],[112.54317207,-7.44906313999996],[112.54315182,-7.44909604],[112.54268636,-7.44891490999994],[112.542646352,-7.44888393599993],[112.54262489,-7.44886731999998],[112.54260813,-7.44885433999997],[112.5426077,-7.44884962000001],[112.54258583,-7.44882489999996],[112.54257052,-7.44880758999992],[112.54254932,-7.44873244],[112.54256281,-7.44857637999997],[112.54259749,-7.44821028999997],[112.54260135,-7.44815827000001],[112.54261291,-7.44810432],[112.54264566,-7.44807734999994],[112.54266903,-7.44806634999997],[112.54268395,-7.44805362999997],[112.54268998,-7.4480445899999],[112.54275934,-7.44750702999993],[112.54276972,-7.44743088999993],[112.54279402,-7.44721062999998],[112.54279402,-7.44719874999996],[112.54279521,-7.44718735999994],[112.54280513,-7.44710582999992],[112.54280518,-7.44710580999994],[112.54280983,-7.44707812999997],[112.542815609,-7.44704367999994],[112.54281737,-7.44703317999998],[112.54287495,-7.44669008999998],[112.54288458,-7.44659374999997],[112.54289421,-7.44647621999996],[112.5429077,-7.44638565999997],[112.54297514,-7.44588662999995],[112.54305891,-7.44519596999993],[112.54306,-7.44516],[112.54309,-7.44487],[112.54312,-7.44471],[112.54313,-7.44453],[112.5432,-7.44395],[112.54324,-7.44314],[112.54324,-7.44305],[112.54324051,-7.44214427],[112.54324048,-7.44214425999997],[112.54324138,-7.44209964999994],[112.54324344,-7.44199737],[112.54493202,-7.44228795],[112.54587106,-7.44240967999996],[112.545908513,-7.44241453499995],[112.54628403,-7.44246321000001],[112.54786248,-7.44275734999995],[112.54790447,-7.44276805999992],[112.54794203,-7.44276701999994],[112.54796289,-7.44275657999998],[112.54798167,-7.44273675999993],[112.54808234,-7.44241648999996],[112.54809851,-7.44236484999995],[112.54810268,-7.44236119999991],[112.54811207,-7.44235650999997],[112.54812824,-7.44235285999997],[112.54816319,-7.44235493999995],[112.5482284,-7.44236676000002],[112.54956393,-7.44280120999997],[112.54953889,-7.44291805999995],[112.54938449,-7.44350225999993],[112.54937615,-7.44358153999996],[112.54938867,-7.44363578999997],[112.54943089,-7.44365790999995],[112.5494497,-7.44366291999993],[112.54976162,-7.44372863999997],[112.54989724,-7.44374324999996],[112.55017161,-7.44377767],[112.55019456,-7.44378079999995],[112.55028949,-7.44381209999995],[112.55092482,-7.44400718],[112.55096341,-7.44401031],[112.55114911,-7.44403012999995],[112.55122735,-7.44404160999996],[112.55126699,-7.44404786999995],[112.55153719,-7.44413236999997],[112.55192318,-7.44424815999998],[112.55200038,-7.44425859999994],[112.5520109,-7.44425995999997],[112.55202051,-7.444263],[112.55205598,-7.44428803999994],[112.55209875,-7.44432558999994],[112.55215404,-7.44436418999994],[112.55220933,-7.44439652999993],[112.55234495,-7.4444257399999],[112.55257237,-7.44449771999997],[112.55267983,-7.44455405999996],[112.55274868,-7.44460830999997],[112.5527998,-7.44465003999994],[112.55283109,-7.44467089999992],[112.55289264,-7.44469175999996],[112.55306791,-7.44475643999997],[112.55313676,-7.44479190999996],[112.55317223,-7.44481381999997],[112.5532077,-7.44485032999992],[112.55325047,-7.44490561999993],[112.55329741,-7.44495360999993],[112.55340591,-7.44502037999995],[112.55350189,-7.44506836999993],[112.55365941,-7.44518833999996],[112.5536928,-7.44523319999997],[112.55370636,-7.44528117999992],[112.55372931,-7.44535420999995],[112.55375122,-7.44539906999993],[112.55381277,-7.44549191999995],[112.55384511,-7.44553468999991],[112.55392543,-7.44558371999994],[112.55424362,-7.44572141999994],[112.55430517,-7.44574228999991],[112.55439071,-7.44574124999994],[112.55443349,-7.44572872999993],[112.55449191,-7.44570681999994],[112.55455241,-7.44565569999998],[112.55460562,-7.44560770999991],[112.55462022,-7.44559518999997],[112.55464213,-7.44556285999993],[112.55477201,-7.44523997999995],[112.554783564,-7.44521245299994],[112.554809135,-7.44503345399992],[112.554797979,-7.44497544099997],[112.554765415,-7.44490845199992],[112.55487719,-7.44493527799995],[112.555049698,-7.44494867699995],[112.555336833,-7.44497097899998],[112.555535417,-7.44500444799997],[112.55569607,-7.44507361799997],[112.555861184,-7.44520749399994],[112.555948204,-7.445265508],[112.556153482,-7.44532128999998],[112.556412311,-7.44536814699995],[112.556648827,-7.44545070399995],[112.556820635,-7.44551318],[112.557021451,-7.44564705699997],[112.557148634,-7.445745233],[112.557242347,-7.445780934],[112.557349449,-7.44580770899993],[112.557458782,-7.44582109699996],[112.557559189,-7.44584564099994],[112.558201798,-7.44610223800001],[112.558495387,-7.44621433599998],[112.559306282,-7.44652394999998],[112.559524948,-7.44664220799997],[112.559575338,-7.44671611300001],[112.55957517,-7.44671654599993],[112.559584147,-7.44674589299998],[112.559585541,-7.44676876399994],[112.559578568,-7.44679665499994],[112.559563228,-7.44682315099997],[112.559534779,-7.44686582399991],[112.559514571,-7.44688505299996],[112.559488759,-7.44690961299992],[112.559431862,-7.44695870100001],[112.559331454,-7.44699774899991],[112.55923774,-7.44704237399995],[112.559165224,-7.44707807499998],[112.559091591,-7.44714724499995],[112.559046966,-7.44720748899995],[112.559021306,-7.447272196],[112.559001224,-7.44733690399996],[112.558993415,-7.44742615499998],[112.558992521,-7.44744984599992],[112.55899219,-7.44745070999992],[112.558967652,-7.44776836099991],[112.55896518,-7.44780036],[112.55843795,-7.44885651999994],[112.558212836,-7.44938904699996],[112.55816346,-7.44950584999998],[112.55814208,-7.44957104000001],[112.55753503,-7.45142193999994],[112.55752224,-7.45146095999997],[112.55735839,-7.45185971999997],[112.55734128,-7.45191563999998],[112.55719425,-7.45239623999994],[112.55715948,-7.45276666999998],[112.557159229,-7.45276936099997],[112.557134565,-7.45277713099994],[112.557105099,-7.45278641499997],[112.557037296,-7.45280777799996],[112.556928987,-7.45282397399996],[112.556917923,-7.45282562799994],[112.556846263,-7.45284514299993],[112.556792971,-7.45285965499995],[112.556693793,-7.45288230999996],[112.55668308,-7.45288475699996],[112.556656377,-7.45288935399998],[112.55663798,-7.45289578999997],[112.55660522,-7.45290928],[112.55655513,-7.45290542999993],[112.55648769,-7.45287074999992],[112.5563798,-7.45275706999996],[112.55634126,-7.4526992699999],[112.55631429,-7.4526433899999],[112.55627768,-7.45254512999997],[112.55627382,-7.45245648999996],[112.55629695,-7.45224647999992],[112.55630272,-7.45220986999995],[112.55628731,-7.45215976999998],[112.55624107,-7.45211930999997],[112.55616015,-7.45209233999996],[112.55607922,-7.45207306999991],[112.55599637,-7.45207884999996],[112.5559405,-7.45211545999993],[112.55591545,-7.45218481999994],[112.55591352,-7.45227152999997],[112.55592701,-7.45236207999996],[112.55591159,-7.45249502999997],[112.5558615,-7.45255668999992],[112.55582489,-7.45258558999997],[112.55580214,-7.45258785999994],[112.55580211,-7.45258801999995],[112.55575709,-7.45258910999998],[112.55575132,-7.45258529999993],[112.55572133,-7.45257981],[112.55569098,-7.45256776],[112.55566401,-7.45254849999998],[112.55562114,-7.45251910999997],[112.55559753,-7.45249502999997],[112.55557827,-7.45246901999995],[112.55553299,-7.45239097999995],[112.55546989,-7.45223154999995],[112.5554352,-7.4521564],[112.55541016,-7.45206198999994],[112.55535813,-7.45197528999997],[112.55530226,-7.4518423399999],[112.55525794,-7.45173443999996],[112.5552107,-7.45167059999995],[112.55521,-7.45167],[112.55512,-7.45161],[112.555111,-7.45160754999994],[112.55504407,-7.45161401999996],[112.5549884,-7.45165087999993],[112.554983468,-7.45165414199996],[112.55497567,-7.45165929999995],[112.55490246,-7.45172865999994],[112.55484562,-7.45177586999994],[112.55478011,-7.45182210999997],[112.55470978,-7.45184667999994],[112.55464524,-7.45186882999998],[112.5545778,-7.45188472999997],[112.55454601,-7.45189148000001],[112.55450025,-7.45189628999997],[112.55448002,-7.45189773999993],[112.5544561,-7.45189210999994],[112.5544551,-7.45189244999995],[112.55438197,-7.45187311999995],[112.55437097,-7.45186450999996],[112.55436393,-7.45186161000001],[112.55431287,-7.45183318999995],[112.55425122,-7.45177827999992],[112.5542441,-7.45177007999998],[112.55415673,-7.45168113999998],[112.55413179,-7.45164296999996],[112.55410671,-7.4515461],[112.55409129,-7.45145747],[112.55407203,-7.4513727],[112.55404891,-7.45132453],[112.554008843,-7.45131066299997],[112.55399881,-7.45130719],[112.55395642,-7.45131874999994],[112.553952344,-7.45132418499996],[112.553768523,-7.45139039199997],[112.553708415295006,-7.45140779008478],[112.55359371,-7.45142832999996],[112.55353109,-7.45142832999996],[112.55343861,-7.45142158999996],[112.55336924,-7.45142254999996],[112.55326327,-7.45140424999995],[112.55322787,-7.45139582],[112.55320258,-7.45138979999994],[112.5531737,-7.45139051999993],[112.55311156,-7.45141536999994],[112.55309468,-7.45143218999995],[112.55305422,-7.45147456999995],[112.553041,-7.45149405999996],[112.55301761,-7.45152851999996],[112.55299642,-7.45156801999998],[112.55297908,-7.45161811999996],[112.55293958,-7.45167880999997],[112.55290971,-7.45170866999996],[112.5528654,-7.45174335999995],[112.55281434,-7.4517616599999],[112.55273258,-7.45177026999994],[112.5527113,-7.45176862999995],[112.55265731,-7.45174527999994],[112.552580785402,-7.45171525034193],[112.5525051,-7.45168555],[112.55238756,-7.45161618999998],[112.55230471,-7.45158729],[112.552218313,-7.45157670699997],[112.55221246,-7.45157599],[112.55221235,-7.45157597999998],[112.55218333,-7.45157090999992],[112.55198102,-7.4514948],[112.55182303,-7.45142928999996],[112.55172091,-7.45139075999998],[112.55161494,-7.45137726999996],[112.55150631,-7.45138813999991],[112.55148006,-7.45139075999998],[112.551415832,-7.45144016599993],[112.55140492,-7.45144855999993]]]]}},
{"type":"Feature","properties":{"kdkab":"15","kdkec":"010","nmkab":"SIDOARJO","nmkec":"TARIK","kddesa":"007","kdprov":"35","nmdesa":"MERGOBENER","nmprov":"JAWA TIMUR","iddesa":"3515010007"},"geometry":{"type":"MultiPolygon","coordinates":[[[[112.53036217,-7.46950444999993],[112.530226,-7.46943898999996],[112.529217,-7.4692219899999],[112.528225,-7.46915298999991],[112.52821914,-7.46918491999996],[112.52654751,-7.46909236899996],[112.526545271,-7.46911170299994],[112.526504436,-7.46946424599996],[112.526502111,-7.46948431799994],[112.524374402,-7.46935632699993],[112.524371557,-7.46935615599997],[112.52386972,-7.46917944499996],[112.523865403,-7.46905426599995],[112.523170779,-7.46876007199994],[112.522764693,-7.46858808299994],[112.521892758,-7.46837225699991],[112.521350357,-7.46831142699994],[112.520969025,-7.46826866099994],[112.51993738,-7.46800967099995],[112.519880378,-7.46799321999995],[112.519870077,-7.46745400899993],[112.51987,-7.46745398999997],[112.51986952,-7.46745382999994],[112.51986969,-7.46745356999998],[112.51987,-7.46745],[112.5199,-7.4671],[112.51991,-7.46703],[112.51992,-7.46676],[112.51994353,-7.46663095999995],[112.51995092,-7.46658190999994],[112.51995958,-7.46654531999997],[112.51995965,-7.46654527999992],[112.519965955,-7.46652606199995],[112.52000564,-7.46640510999993],[112.52002576,-7.46631228999997],[112.52002587,-7.46631178999994],[112.520122177,-7.46586762599998],[112.52012382,-7.46586004999993],[112.52012696,-7.46584556999993],[112.52013557,-7.46579654999995],[112.52084742,-7.46174116999993],[112.52086859,-7.46175351999996],[112.52086824,-7.46175563999998],[112.52107681,-7.46178376999996],[112.52131924,-7.46184496999994],[112.52325027,-7.462067],[112.5232616,-7.46207165999992],[112.52336,-7.46189],[112.52342,-7.46166],[112.52354,-7.46126],[112.5245,-7.46153],[112.52501,-7.46169],[112.52561,-7.46185],[112.52734,-7.46232],[112.52755,-7.4624],[112.52779,-7.46188],[112.52811,-7.4612],[112.52869911,-7.46128986999995],[112.52904802,-7.46138057],[112.52939,-7.46148],[112.52981,-7.46152],[112.52983,-7.46144],[112.52997,-7.461],[112.53004,-7.46055],[112.53014741,-7.46001874999995],[112.53017394,-7.45984051999994],[112.53018337,-7.45984088999993],[112.53018552,-7.45983026999992],[112.53096546,-7.45985561999991],[112.53116526,-7.45984569999996],[112.531165213,-7.45984593599998],[112.531130674,-7.46001906999991],[112.53110009,-7.46017237999998],[112.53092832,-7.46103341999998],[112.530906237,-7.46114411999995],[112.53071016,-7.46212701999996],[112.53067479,-7.46228490999994],[112.530675489,-7.46228509899994],[112.5308223,-7.46232488999993],[112.53082578,-7.46232608],[112.53107626,-7.46241163999994],[112.53107877,-7.4624971399999],[112.53108179,-7.46256360999997],[112.53109992,-7.46263310999993],[112.53113618,-7.4626814499999],[112.53121473,-7.46270561999993],[112.53142019,-7.46272676999993],[112.5315199,-7.46273583999993],[112.53157792,-7.46273583999993],[112.53165239,-7.46276737999995],[112.53163471,-7.46293826999995],[112.53161658,-7.46308027999993],[112.5316045,-7.46321925999994],[112.53164076,-7.46324342999998],[112.53170547,-7.46324658999995],[112.53205938,-7.46329490999994],[112.53215623,-7.46332273999994],[112.53221187,-7.46333245999994],[112.5322117,-7.46333868],[112.53222817,-7.46334341999995],[112.53221337,-7.46356746999994],[112.532219082,-7.46356839099996],[112.53230244,-7.46358183],[112.53236287,-7.46360902999993],[112.53243841,-7.46367852],[112.532502255999987,-7.463699039999931],[112.532512633,-7.46370237499993],[112.532627891456997,-7.46373457051405],[112.5329732,-7.46382958999994],[112.53357748,-7.46395346999998],[112.53420896,-7.46410755999996],[112.534228639,-7.46411352499998],[112.53439952,-7.46416531999994],[112.53445676,-7.46418266999994],[112.53537523,-7.46446105999994],[112.53538065,-7.46446304999996],[112.53620309,-7.46476320999994],[112.53698262,-7.46504117999992],[112.5374872,-7.46524058999996],[112.53745396,-7.46529497999997],[112.53737087,-7.46560466999997],[112.53733159,-7.46576631999992],[112.53726663,-7.46627542999996],[112.53725304,-7.46658059],[112.5372621,-7.46665914999994],[112.53728023,-7.46669992999996],[112.53793186,-7.46692491999994],[112.53793145,-7.46692709999997],[112.5379774,-7.46694598999996],[112.538004443,-7.46695263199996],[112.537985704,-7.46710462899995],[112.537948983,-7.46740247399994],[112.537818393,-7.46852040499992],[112.537808476,-7.468605306],[112.537801719,-7.46866314799994],[112.537710462,-7.46957152199993],[112.537626124,-7.47041102499997],[112.537675003,-7.47040767699995],[112.53767497,-7.47040815999997],[112.5377217,-7.47040410999996],[112.53771923,-7.47041665999997],[112.53765759,-7.47073047],[112.53765317,-7.47073100999997],[112.537599234,-7.47073761699996],[112.53743546,-7.47075767999998],[112.537331,-7.47076998999995],[112.536903,-7.47081898999997],[112.536568,-7.47089098999993],[112.536095,-7.47098799],[112.53543769,-7.47113080000002],[112.535423,-7.47113398999995],[112.5350583,-7.47115900999994],[112.534683,-7.4711839899999],[112.534065,-7.47120998999998],[112.533562,-7.47111598999995],[112.533127,-7.47095098999992],[112.53275376,-7.47075552999998],[112.532631,-7.47069098999996],[112.53215,-7.47031098999997],[112.531719,-7.47010098999993],[112.531689,-7.47013998999995],[112.53113844,-7.46987627999991],[112.531110548,-7.46986291999998],[112.530714201,-7.46967307099994],[112.53036217,-7.46950444999993]]]]}},
{"type":"Feature","properties":{"kdkab":"15","kdkec":"010","nmkab":"SIDOARJO","nmkec":"TARIK","kddesa":"017","kdprov":"35","nmdesa":"MINDUGADING","nmprov":"JAWA TIMUR","iddesa":"3515010017"},"geometry":{"type":"MultiPolygon","coordinates":[[[[112.497839689076002,-7.44087944328789],[112.497673157241067,-7.440864441107373],[112.49763063,-7.44086060999996],[112.497529742,-7.44085119899992],[112.49744474,-7.44084326999998],[112.496889,-7.44079143999993],[112.49687366,-7.44079000999993],[112.49686373,-7.44078970999992],[112.49650409,-7.44073559999989],[112.49647657,-7.44073183999992],[112.49643739,-7.44072465999993],[112.49639223,-7.44071720999997],[112.49639089,-7.44071668],[112.49636321,-7.44070571999993],[112.49635652,-7.44070226999996],[112.49634612,-7.44069483999992],[112.49633408,-7.44068624999997],[112.49631143,-7.440670251],[112.49619598,-7.44058869999996],[112.496155281,-7.440559175],[112.49613537,-7.44054472999993],[112.49612555,-7.44053533999996],[112.4961153,-7.44052978999998],[112.49608713,-7.44051955],[112.49587241,-7.44045679999991],[112.49579984,-7.44043502999998],[112.49575843,-7.44042861999996],[112.49546132,-7.44038379999997],[112.495427339346676,-7.440378090919055],[112.4953546,-7.44036586999994],[112.49520349,-7.44035519999995],[112.49518598,-7.44035263999998],[112.49514116,-7.44033939999997],[112.4950592,-7.44031592999994],[112.49503444,-7.44031208999995],[112.494992184,-7.44030377299991],[112.49492815,-7.44029116999998],[112.49439519,-7.44019064],[112.494145957827996,-7.44014633610036],[112.49401153,-7.44012243999995],[112.49378315,-7.44008188999995],[112.49369265,-7.44006567],[112.4934045,-7.440017],[112.49337804,-7.44001272999996],[112.49323162,-7.43997260999995],[112.49318807,-7.43996064999993],[112.49309493,-7.4399683],[112.49309474,-7.43996860999993],[112.4930933,-7.43996823000001],[112.493071035,-7.43996233599993],[112.493059115,-7.43995918099995],[112.49276,-7.43988],[112.49268,-7.43987],[112.49266,-7.43965],[112.49257,-7.43904],[112.49248,-7.43866],[112.49244,-7.43855],[112.49217,-7.43841],[112.49183,-7.43818],[112.49164,-7.43802],[112.49131,-7.43762],[112.49119,-7.43747],[112.49113,-7.43741],[112.49104,-7.43714],[112.49101,-7.43605],[112.49103,-7.43558],[112.49103876,-7.43534929999995],[112.49106,-7.43479],[112.49108265,-7.43463861999996],[112.49108602,-7.43462378999996],[112.4910808,-7.43460156999995],[112.4910744,-7.43455068999998],[112.49107828,-7.43450707999995],[112.49117,-7.43398],[112.49117594,-7.43396126999996],[112.49117324,-7.43385201999998],[112.49119417,-7.43364268999991],[112.49147537,-7.43359097999996],[112.49141,-7.43327],[112.49137182,-7.43301039999994],[112.49136,-7.43293],[112.49144,-7.43274],[112.49152,-7.43247],[112.49149,-7.43219],[112.49151909,-7.43215031999994],[112.49151825,-7.43211897999993],[112.49152827,-7.43172807999993],[112.49164265,-7.43136589999992],[112.49163081,-7.43133084999992],[112.49178251,-7.43108292999998],[112.49173,-7.43075],[112.49182854,-7.43059745999995],[112.49192335,-7.43044488999994],[112.49193,-7.43024],[112.49190329,-7.43014996999992],[112.4918506,-7.43010260999995],[112.4938,-7.43038],[112.4940474,-7.43043621999991],[112.49406805,-7.43044091000001],[112.49406799,-7.43044173999994],[112.494064914,-7.43048290599996],[112.49406105,-7.43053460999995],[112.49413135,-7.43055376999996],[112.4940612,-7.43090449999995],[112.49369412,-7.43127157999996],[112.49356945,-7.43157632999991],[112.49359482,-7.43196950999993],[112.49356,-7.43245],[112.49356,-7.43251],[112.493559503,-7.43252862899992],[112.49354,-7.43326],[112.49353782,-7.43348469999997],[112.493538588,-7.43348482899996],[112.49633331,-7.43395488999997],[112.49636696,-7.43395915999997],[112.49658687,-7.43398700999996],[112.49685023,-7.43405998999998],[112.49685,-7.43406],[112.49721738,-7.43416677999995],[112.497280783,-7.43420530099997],[112.497397139,-7.43427599399997],[112.497490702,-7.43433283899998],[112.498379856,-7.43383226199994],[112.498380725352149,-7.433834185324184],[112.498555271,-7.43422034399994],[112.49864691,-7.43417213999992],[112.49883404,-7.43409449999993],[112.49883496,-7.43409849999992],[112.49890353,-7.43407050999997],[112.49890537,-7.43407497999994],[112.49915325,-7.43395174999998],[112.49929351,-7.43389689999998],[112.49961127,-7.43375263999997],[112.49978357,-7.43367441000001],[112.50036051,-7.43341967999992],[112.50043453,-7.43338699499997],[112.50045712,-7.43337702000001],[112.500599956244997,-7.43331251270777],[112.500610655772988,-7.433307757601193],[112.50074493,-7.43322996999997],[112.500744983,-7.43324336099993],[112.50074606,-7.43351304],[112.5007486,-7.43414707999994],[112.50231745,-7.43442722999993],[112.50228736,-7.43463181999993],[112.50229441,-7.43463306999992],[112.50218852,-7.43526026999997],[112.5022498,-7.43527166999994],[112.50224968,-7.43527256999992],[112.50318162,-7.43546217999995],[112.50315105,-7.43563642999995],[112.50317117,-7.43564061999996],[112.50306059,-7.43676385999995],[112.50298698,-7.43754044999998],[112.50455691,-7.43789444999992],[112.5053481,-7.43802631999994],[112.50622169,-7.43822410999996],[112.50697991,-7.43837245999995],[112.50775461,-7.43861969999995],[112.50813372,-7.43868562999996],[112.50931286,-7.43896862999996],[112.50929789,-7.43906340999998],[112.509562554938896,-7.439120462422374],[112.50976634,-7.43916068999995],[112.51012279,-7.43922812999997],[112.51012424,-7.43922763999996],[112.51012424,-7.43925833999995],[112.51012407,-7.43925836999994],[112.51012407,-7.43925872999995],[112.51007768,-7.43971844999993],[112.51002152,-7.44002313999994],[112.50994656,-7.44040402999998],[112.50988129,-7.44083246],[112.50973786,-7.44149158999993],[112.509731339,-7.44152155199993],[112.5097239,-7.44155572999997],[112.50972173,-7.44156571999998],[112.50970517,-7.44160465999991],[112.50966499,-7.44169912999998],[112.50958065,-7.44212762999993],[112.50943049,-7.44282279],[112.50931693,-7.44330806999992],[112.50899157,-7.44549820999992],[112.50891866,-7.44606823999992],[112.50835,-7.44598],[112.507914823227239,-7.445927778787268],[112.50785,-7.44592],[112.50768,-7.44591],[112.50757,-7.44588],[112.5073,-7.44583],[112.507012212204089,-7.445783014237402],[112.50681,-7.44575],[112.5061,-7.44566],[112.50596,-7.44564],[112.50577,-7.44560999999989],[112.50522,-7.44552],[112.50438,-7.44539],[112.50426,-7.44538],[112.50417964219595,-7.445368916164958],[112.50339,-7.44526],[112.50317,-7.44525],[112.5031,-7.44524],[112.50299,-7.44521],[112.50202,-7.44508],[112.50126948,-7.44496521999996],[112.50119449,-7.44495375],[112.50125856,-7.44264104],[112.50138362,-7.44095661999995],[112.501389752,-7.440874047],[112.50138976,-7.44087393999996],[112.50055981,-7.44091555999995],[112.50043,-7.44091],[112.50033,-7.44093],[112.5,-7.44095],[112.49980118,-7.44096923999995],[112.49937017,-7.44097414999993],[112.49936974,-7.44097415999996],[112.49936636,-7.44097428],[112.499346412,-7.44097500499992],[112.499322181,-7.44097588599993],[112.49913496,-7.44098268999992],[112.49896459,-7.44096962999989],[112.49885663,-7.44096134999997],[112.498243311,-7.44091514999997],[112.49819923,-7.44091182999993],[112.49819731,-7.44091165999996],[112.497892491,-7.4408842],[112.497839689076002,-7.44087944328789]]]]}},
{"type":"Feature","properties":{"kdkab":"15","kdkec":"010","nmkab":"SIDOARJO","nmkec":"TARIK","kddesa":"002","kdprov":"35","nmdesa":"MLIRIPROWO","nmprov":"JAWA TIMUR","iddesa":"3515010002"},"geometry":{"type":"MultiPolygon","coordinates":[[[[112.459351835,-7.44663913799994],[112.45930825,-7.44664392999992],[112.458330263,-7.44675144899995],[112.458198,-7.44676598999994],[112.45778828,-7.44681261999994],[112.4571,-7.44688998999993],[112.45706531,-7.44689640999995],[112.45668788,-7.44696937999992],[112.45668858,-7.4469659499999],[112.45680994,-7.44637380999997],[112.45684142,-7.44619764000001],[112.456947,-7.44560498999993],[112.45701531,-7.44535046999993],[112.457016813,-7.44534490099996],[112.45710932,-7.44500212999997],[112.457161527,-7.44480783599992],[112.45722955,-7.44455467999996],[112.45741267,-7.44364152999998],[112.457667812,-7.442811911],[112.45771784,-7.44264924],[112.45771795,-7.44264914999996],[112.457865109,-7.44252847499996],[112.45829005,-7.44218000999995],[112.4589004,-7.44132218999996],[112.45905717,-7.44109818999994],[112.45924738,-7.44082640999997],[112.459343,-7.44068998999996],[112.45934319,-7.44068933999992],[112.45934412,-7.44068749999997],[112.459465253,-7.44044560199995],[112.45953487,-7.44030657999997],[112.45953516,-7.440306],[112.459648,-7.44008098999997],[112.45964803,-7.44008060999993],[112.45964808,-7.44008050999998],[112.45980066,-7.43949209999995],[112.45967757,-7.43922358999992],[112.45970165,-7.43893082999992],[112.45970195,-7.43892711999997],[112.459703117,-7.43892710699993],[112.4597047,-7.43892708999994],[112.45993678,-7.43892428999993],[112.460012538,-7.43892337799997],[112.460091205,-7.43932720299994],[112.460109296,-7.43942670299998],[112.460110602,-7.43942677399996],[112.460327562,-7.43943852999997],[112.460562329,-7.439451251],[112.46056235,-7.43944831299992],[112.460562411,-7.43943986999994],[112.460566194,-7.43891406499991],[112.46057109,-7.43891396999992],[112.460578286,-7.43891430999997],[112.46063031,-7.43891676999996],[112.46069977,-7.43892004999996],[112.46087,-7.43892],[112.46166291,-7.43896181999996],[112.46210381,-7.43898641999993],[112.46277778,-7.43901827999997],[112.462792,-7.43901996999993],[112.46281519,-7.43902082999993],[112.463702196,-7.43912823799994],[112.4637037,-7.43912841999994],[112.46392582,-7.43878134999995],[112.46392609,-7.43878104999991],[112.4639288,-7.43877672999996],[112.46398358,-7.4387177099999],[112.46443465,-7.43822069999992],[112.46450804,-7.43815263999992],[112.46456214,-7.43809434999996],[112.46526132,-7.43757571000001],[112.46529525,-7.43755337999993],[112.4656126,-7.43731669999991],[112.46589456,-7.43708695999995],[112.46597996,-7.43701030999997],[112.46599516,-7.43700358999998],[112.46605363,-7.4369777599999],[112.466057733,-7.43697594699995],[112.466133853,-7.43694230999993],[112.466788731,-7.43656979899992],[112.467416692,-7.43605173099994],[112.46826444,-7.43535526399994],[112.468940926,-7.43494566199996],[112.46929667,-7.43471160299994],[112.469303997,-7.434716323],[112.46958734,-7.43487505999997],[112.469599343,-7.434881784],[112.470584614,-7.43543376],[112.47109987,-7.43572241999993],[112.47258407,-7.43601002999995],[112.47257124,-7.43605979999993],[112.47257011,-7.43606485999992],[112.47249586,-7.43638836999996],[112.47244548,-7.43660580999995],[112.471976776,-7.43901092999994],[112.471965584,-7.43908208100001],[112.471964897,-7.43908644699998],[112.47195332,-7.43916004099997],[112.471892765,-7.43933747999997],[112.471804596,-7.43964481299997],[112.471794188,-7.43968109199994],[112.471718803,-7.43996647799998],[112.471712102,-7.43999184699994],[112.471695611,-7.44005427699995],[112.471642098,-7.44029227099997],[112.471604075,-7.44048801699993],[112.471578408,-7.44064730199994],[112.471556194,-7.44078515699995],[112.471467475,-7.44117664899995],[112.471433677,-7.44136253799996],[112.47139143,-7.44159489799996],[112.471370152,-7.44170406199996],[112.47135904,-7.441761072],[112.471329467,-7.44188640499991],[112.471297077,-7.44197653299995],[112.471243564,-7.44206666099993],[112.471232662,-7.44208895199992],[112.471149211,-7.44225959100001],[112.471059084,-7.44245674499994],[112.471008387,-7.44259616199997],[112.470907065,-7.44295923199997],[112.47086965,-7.44305537999998],[112.47086978,-7.44305539999992],[112.47085311,-7.44309541999994],[112.47141904,-7.44320311999998],[112.4714904,-7.44321991299993],[112.47149128,-7.44322011999997],[112.47149122,-7.44322025999996],[112.472949463,-7.44355977099996],[112.47300611,-7.44357295999995],[112.47300672,-7.44357380999995],[112.47422,-7.44385],[112.47503249,-7.44401432399997],[112.47506031,-7.44401994999994],[112.47511,-7.44403],[112.47523321,-7.44404296999994],[112.47549,-7.44407],[112.47607,-7.44414],[112.47607821,-7.44414136999993],[112.47632248,-7.44416937999993],[112.4767675,-7.44421611999994],[112.476872704,-7.44422849699993],[112.47687987,-7.44422933999992],[112.47705681,-7.44351815999995],[112.47705758,-7.44351507999993],[112.477058164,-7.44351515399997],[112.4772234,-7.44353621999993],[112.47722347,-7.44353553999998],[112.47722433,-7.44353565999996],[112.47740625,-7.44356018999998],[112.4784571,-7.44370188999991],[112.479439057,-7.44383430099998],[112.479489952,-7.44384116399991],[112.4795382,-7.44384766999998],[112.48015215,-7.44393045999994],[112.48251152,-7.44424861999998],[112.48251194,-7.44424867],[112.482538168,-7.44425221299997],[112.48253933,-7.44425236999992],[112.48259902,-7.44444368999996],[112.48260127,-7.44448568999995],[112.482611083,-7.44466903699994],[112.4826421,-7.44524852999994],[112.48264331,-7.44525625999995],[112.48266989,-7.44571838],[112.48278571,-7.44732768999996],[112.48278476,-7.44736532999996],[112.48277758,-7.44764975999991],[112.482761311,-7.44775161900001],[112.4827443,-7.44785812999995],[112.48271154,-7.44806325999997],[112.48268097,-7.44831594999993],[112.48265928,-7.44841616999998],[112.482656277,-7.44843004799996],[112.48261696,-7.44861175999998],[112.48261696,-7.44861185999993],[112.48248877,-7.44920186999994],[112.48120911,-7.44891943999995],[112.4806621,-7.45139609999997],[112.480660417,-7.45140249599996],[112.48063162,-7.45151191999997],[112.4805292,-7.45162864],[112.48045977,-7.45170776000001],[112.47910882,-7.45324728999998],[112.47900885,-7.45317521999994],[112.47900932,-7.45316943999997],[112.47900938,-7.45316877999995],[112.47900942,-7.45316825999992],[112.47848179,-7.4526577],[112.47838141,-7.45258039999994],[112.47730697,-7.45175310999997],[112.477102695,-7.45159582099996],[112.47706855,-7.45156953],[112.47705058,-7.45155568999995],[112.477046709,-7.45155270899998],[112.476943955,-7.45147359099998],[112.475918488,-7.45068400599998],[112.47579961,-7.45059247199989],[112.47560877,-7.45044552999996],[112.47510899,-7.45026017999995],[112.474686,-7.45010298999994],[112.47429955,-7.44989094999995],[112.474278171,-7.4498792229999],[112.47426134,-7.44986998999996],[112.474001981,-7.44972750799997],[112.473495,-7.44944898999996],[112.4732987,-7.44932009999995],[112.4731041,-7.44919234000001],[112.473048801,-7.44915603099997],[112.4728898,-7.44905162999993],[112.4725676,-7.44884027999995],[112.472557,-7.44883331999995],[112.47199962,-7.44840517999997],[112.471374,-7.44792498999996],[112.470685373,-7.44720452299994],[112.47057896,-7.44709318999998],[112.47044367,-7.44695172999997],[112.470348995,-7.44684838899994],[112.47009461,-7.44657071999997],[112.46995196,-7.44641500999995],[112.46947474,-7.44589410999995],[112.469233087,-7.44571883699994],[112.46893173,-7.44550025999998],[112.468643,-7.44529098999993],[112.468580046,-7.44527393399994],[112.4684999,-7.44525221999995],[112.467339,-7.44493499],[112.46698222,-7.44492130999991],[112.4664001,-7.44489942999993],[112.46540821,-7.44508314999994],[112.46517941,-7.44512563999995],[112.46493758,-7.44517053999994],[112.46493125,-7.4451715],[112.4649276,-7.44517217999992],[112.464326131,-7.44529145499998],[112.46405783,-7.44534465999994],[112.46391292,-7.44537339999994],[112.46384145,-7.44539928999994],[112.463837891,-7.44540057999992],[112.46381529,-7.44540876999994],[112.46239963,-7.44592162999991],[112.46237684,-7.44592988999992],[112.462189,-7.44599798999998],[112.462077251,-7.44602887999996],[112.46203572,-7.4460403599999],[112.461696376,-7.44613337399993],[112.46149657,-7.44618813999994],[112.46149589,-7.44618832999994],[112.4614289,-7.44620672999994],[112.4612852,-7.44624619999997],[112.46089167,-7.44635427999997],[112.460576651,-7.44642248699994],[112.46050186,-7.44643867999998],[112.46006702,-7.44653283999997],[112.459808,-7.44658898999994],[112.459351835,-7.44663913799994]]]]}},
{"type":"Feature","properties":{"kdkab":"15","kdkec":"010","nmkab":"SIDOARJO","nmkec":"TARIK","kddesa":"016","kdprov":"35","nmdesa":"GAMPINGROWO","nmprov":"JAWA TIMUR","iddesa":"3515010016"},"geometry":{"type":"MultiPolygon","coordinates":[[[[112.488508117,-7.44909728799998],[112.48857047,-7.44853047000001],[112.48853,-7.44849],[112.48845,-7.44842],[112.4884,-7.44832],[112.48839021,-7.44798724999991],[112.48839237,-7.44794690999993],[112.48840015,-7.44791866999996],[112.48840602,-7.44789738999995],[112.48846242,-7.44783726999998],[112.48851537,-7.44779450999996],[112.48849866,-7.44762183999995],[112.4885089,-7.44723934999995],[112.4885533,-7.44680563999998],[112.48861135,-7.44645047999997],[112.48871039,-7.44604749999993],[112.488762176,-7.44587257999998],[112.48886407,-7.44552840999997],[112.48887029,-7.44551680999994],[112.48888879,-7.44543390999996],[112.488909405,-7.44528483499993],[112.4889111,-7.44527257999991],[112.488966054,-7.44487505199992],[112.488966422,-7.44487239099991],[112.48896647,-7.44487203999991],[112.48892313,-7.44487811999995],[112.48777418,-7.44487329999996],[112.48780582,-7.444184],[112.487807559,-7.44414610599995],[112.48781431,-7.44399900999998],[112.48781649,-7.44395144999992],[112.48782827,-7.4436947099999],[112.48783429,-7.44356365999994],[112.48783562,-7.44353475],[112.48783869,-7.44340077999996],[112.48784971,-7.44292170999992],[112.487892599,-7.44236591999993],[112.48789505,-7.44233415999998],[112.48789516,-7.44233269999998],[112.4879298,-7.44188376799998],[112.48793849,-7.44177114999995],[112.48793858,-7.44176997999996],[112.4879543,-7.44156623999996],[112.48797138,-7.44148768999996],[112.488141634,-7.44098969599996],[112.48817151,-7.44090230999994],[112.48821917,-7.44079164999993],[112.488294449,-7.4405306859999],[112.488304217,-7.44049682299996],[112.48847382,-7.43990886999994],[112.488478456,-7.43989741599996],[112.488480824,-7.43989156600001],[112.48848999,-7.43986892000001],[112.48850285,-7.43983716000001],[112.48873934,-7.43928050999996],[112.48881323,-7.43904240999996],[112.48883,-7.43898],[112.48893,-7.43865],[112.4890275,-7.4383451699999],[112.48915107,-7.43781353],[112.48919546,-7.43759496999998],[112.48923812,-7.43747853999997],[112.48933706,-7.43720852999993],[112.48935,-7.43715],[112.48936635,-7.43710429999998],[112.48940378,-7.43686414999995],[112.48942768,-7.43676510999996],[112.48971455,-7.43571668999992],[112.48982725,-7.43530004999996],[112.48985456,-7.43490732999994],[112.48990579,-7.43466485999997],[112.48993311,-7.4345145899999],[112.48999117,-7.43433700999998],[112.49003734,-7.43433700999998],[112.49003747,-7.43433665999992],[112.49017364,-7.43430477999994],[112.49031276,-7.43430986999993],[112.49058961,-7.43438727999997],[112.49077361,-7.43438840999994],[112.49108087,-7.43447798999995],[112.49107828,-7.43450707999995],[112.4910744,-7.43455068999998],[112.4910808,-7.43460156999995],[112.49108602,-7.43462378999996],[112.49108265,-7.43463861999996],[112.49106,-7.43479],[112.49103876,-7.43534929999995],[112.49103,-7.43558],[112.49101,-7.43605],[112.49104,-7.43714],[112.49113,-7.43741],[112.49119,-7.43747],[112.49131,-7.43762],[112.49164,-7.43802],[112.49183,-7.43818],[112.49217,-7.43841],[112.49244,-7.43855],[112.49248,-7.43866],[112.49257,-7.43904],[112.49266,-7.43965],[112.49268,-7.43987],[112.49276,-7.43988],[112.493059115,-7.43995918099995],[112.493071035,-7.43996233599993],[112.4930933,-7.43996823000001],[112.49309474,-7.43996860999993],[112.49309493,-7.4399683],[112.49318807,-7.43996064999993],[112.49323162,-7.43997260999995],[112.49337804,-7.44001272999996],[112.4934045,-7.440017],[112.49369265,-7.44006567],[112.49378315,-7.44008188999995],[112.49401153,-7.44012243999995],[112.494145957827996,-7.44014633610036],[112.49439519,-7.44019064],[112.49492815,-7.44029116999998],[112.494992184,-7.44030377299991],[112.49503444,-7.44031208999995],[112.4950592,-7.44031592999994],[112.49514116,-7.44033939999997],[112.49518598,-7.44035263999998],[112.49520349,-7.44035519999995],[112.4953546,-7.44036586999994],[112.495427339346676,-7.440378090919055],[112.49546132,-7.44038379999997],[112.49575843,-7.44042861999996],[112.49579984,-7.44043502999998],[112.49587241,-7.44045679999991],[112.49608713,-7.44051955],[112.4961153,-7.44052978999998],[112.49612555,-7.44053533999996],[112.49613537,-7.44054472999993],[112.496155281,-7.440559175],[112.49619598,-7.44058869999996],[112.49631143,-7.440670251],[112.49633408,-7.44068624999997],[112.49634612,-7.44069483999992],[112.49635652,-7.44070226999996],[112.49636321,-7.44070571999993],[112.49639089,-7.44071668],[112.49639223,-7.44071720999997],[112.49643739,-7.44072465999993],[112.49647657,-7.44073183999992],[112.49650409,-7.44073559999989],[112.49686373,-7.44078970999992],[112.49687366,-7.44079000999993],[112.496889,-7.44079143999993],[112.49744474,-7.44084326999998],[112.497529742,-7.44085119899992],[112.49763063,-7.44086060999996],[112.497673157241067,-7.440864441107373],[112.497839689076002,-7.44087944328789],[112.497892491,-7.4408842],[112.49819731,-7.44091165999996],[112.49819923,-7.44091182999993],[112.498243311,-7.44091514999997],[112.49885663,-7.44096134999997],[112.49896459,-7.44096962999989],[112.49913496,-7.44098268999992],[112.499322181,-7.44097588599993],[112.499346412,-7.44097500499992],[112.49936636,-7.44097428],[112.49936974,-7.44097415999996],[112.49937017,-7.44097414999993],[112.49980118,-7.44096923999995],[112.5,-7.44095],[112.50033,-7.44093],[112.50043,-7.44091],[112.50055981,-7.44091555999995],[112.50138976,-7.44087393999996],[112.501389752,-7.440874047],[112.50138362,-7.44095661999995],[112.50125856,-7.44264104],[112.50119449,-7.44495375],[112.50117,-7.44495],[112.50095218,-7.44493718999996],[112.50083,-7.44493],[112.50049,-7.44489],[112.50019,-7.44483],[112.50011,-7.44504],[112.50009617087791,-7.445150632976685],[112.500080006300848,-7.445279949593161],[112.50005471,-7.44533951999997],[112.49994667,-7.44585694999995],[112.49987844,-7.44611851],[112.499553148,-7.44744067899998],[112.4995473,-7.44746444999995],[112.49912473,-7.44740513999994],[112.49904466,-7.44740211999994],[112.49899934,-7.44741571999998],[112.49895855,-7.44744139999991],[112.49894551,-7.44746115999994],[112.49885885,-7.44759246999996],[112.49879691,-7.44766195999996],[112.49875612,-7.44768159999995],[112.49871971,-7.44768843],[112.49872025,-7.44781695999996],[112.49872109,-7.44782113],[112.49872109,-7.44798631],[112.49872081,-7.44798661999995],[112.49872081,-7.44807173999991],[112.498712033,-7.44813752599994],[112.49871174,-7.44813971999997],[112.49868606,-7.44819863999995],[112.49863016,-7.44825000999998],[112.4986211,-7.44827417999993],[112.49864678,-7.44833157999995],[112.49872383,-7.44849020999992],[112.49875858,-7.44852192999994],[112.49880843,-7.44854760999994],[112.49885375,-7.44856422999993],[112.49889001,-7.44858990999995],[112.49890561,-7.44860618999996],[112.49895082,-7.44870253999995],[112.498986679,-7.44877940499993],[112.49899447,-7.44879609999998],[112.49906567,-7.44892147999998],[112.49908786,-7.44896075],[112.49911006,-7.44901538999993],[112.49911009,-7.44901554999997],[112.49911337,-7.44902210999994],[112.49911515,-7.44902780999994],[112.49911817,-7.44903459999994],[112.49911931,-7.44904639999993],[112.49912116,-7.44905209999996],[112.49912714,-7.44908454999995],[112.49912714,-7.44909474999996],[112.49912757,-7.44909585999992],[112.49915403,-7.44975154999997],[112.49916397,-7.45001062999993],[112.49916511,-7.45001840999995],[112.49912115,-7.45011204999998],[112.49896919,-7.4504358],[112.49894657,-7.45044639999997],[112.49891706,-7.45044824999998],[112.49808597,-7.45033896999998],[112.49804243,-7.45032687999998],[112.49802962,-7.45032000999992],[112.49805565,-7.45019554999993],[112.49805505,-7.45019547999993],[112.49805744,-7.4501847],[112.49804631,-7.45016065999995],[112.498034581,-7.45015666099995],[112.49798333,-7.45013918999997],[112.49668367,-7.44996327999998],[112.49598615,-7.44986850999992],[112.49592639,-7.44986167999998],[112.49590846,-7.44987448999993],[112.49586266,-7.44991722999993],[112.49573348,-7.45001240999996],[112.495732198,-7.4500131579999],[112.49569587,-7.45003435999997],[112.4955883,-7.45008173999998],[112.49551487,-7.45009710999994],[112.49535935,-7.45012076999996],[112.49535778,-7.45012101],[112.49535524,-7.45012097999994],[112.49501745,-7.45011719999997],[112.49500688,-7.45011695999996],[112.49476358,-7.45010841999992],[112.494754421,-7.45010809899997],[112.49429994,-7.45009214999995],[112.49332774,-7.44997107999996],[112.49335007,-7.44978774000001],[112.49321758,-7.44976920999994],[112.48870919,-7.44913891999993],[112.488539384,-7.44911518799995],[112.48853446,-7.44911449999997],[112.48850665,-7.44911061999994],[112.488506825,-7.44910902999991],[112.488508117,-7.44909728799998]]]]}},
{"type":"Feature","properties":{"kdkab":"15","kdkec":"010","nmkab":"SIDOARJO","nmkec":"TARIK","kddesa":"006","kdprov":"35","nmdesa":"TARIK","nmprov":"JAWA TIMUR","iddesa":"3515010006"},"geometry":{"type":"MultiPolygon","coordinates":[[[[112.51472295,-7.46708871999994],[112.513786,-7.46696498999996],[112.51331203,-7.46695846999995],[112.51330604,-7.466959],[112.51266555,-7.46694957999994],[112.51255,-7.46694798999992],[112.51254929,-7.46694795],[112.512405,-7.46693898999994],[112.5124,-7.46693898999994],[112.51238942,-7.46693842999998],[112.51235861,-7.46693679999994],[112.51304,-7.46528],[112.513104421,-7.46523973699994],[112.513144233,-7.46514068200001],[112.513160395,-7.46510691799993],[112.513179348,-7.46507143899994],[112.513518497,-7.46359854099992],[112.513611979,-7.46319255899994],[112.513747106,-7.46250361499994],[112.513798145,-7.46227819099995],[112.5138,-7.46227],[112.51379979,-7.46226993999994],[112.513819949,-7.46217664899997],[112.513169989,-7.461991621],[112.512670873,-7.46185000899992],[112.512725,-7.46137619299998],[112.51272533,-7.46127911299991],[112.512728468,-7.46121413799993],[112.512739706,-7.46110728099996],[112.512780554,-7.46059933599996],[112.512830432,-7.460009724],[112.512830048,-7.46000968599998],[112.51284173,-7.45980691399995],[112.512832905,-7.45974808799996],[112.512824092,-7.45968934899997],[112.512770136,-7.45952643599994],[112.512738544,-7.45941744399996],[112.512735987,-7.45940814699997],[112.512724526,-7.45936646899996],[112.512720039,-7.45934039299991],[112.512723669,-7.459306254],[112.512743015,-7.45923324399996],[112.512782244,-7.45913810299993],[112.512836422,-7.45900670699996],[112.512970644,-7.45875086599993],[112.512997971,-7.45870926399991],[112.513160748,-7.45846146199992],[112.513176747,-7.45843814099992],[112.513212262,-7.45838637199993],[112.513226078,-7.458368423999929],[112.51331384,-7.45802215999993],[112.51335224,-7.45781572999994],[112.51339545,-7.45768131999996],[112.51345546,-7.4575797599999],[112.513455356,-7.45757952199993],[112.51332331,-7.45727716999991],[112.51315503,-7.45713937999996],[112.513087072,-7.45689839599992],[112.51308264,-7.45688267999998],[112.51310832,-7.45684122999993],[112.5131124,-7.45681737999994],[112.51311282,-7.45681740999994],[112.51323612,-7.45620815999996],[112.51324195,-7.45618164899998],[112.51403202,-7.45267207999995],[112.51405597,-7.45260935999993],[112.51415126,-7.45249321999997],[112.51420789,-7.45239783999994],[112.514358804,-7.45178631999997],[112.514574583,-7.45091653099993],[112.515227676,-7.45107827599996],[112.515624233137913,-7.451177557269132],[112.51536922804037,-7.452809879522023],[112.515543911838051,-7.452849867379324],[112.51552923,-7.45294002999998],[112.5156148,-7.45298670999993],[112.5156508,-7.45301550999997],[112.51574441,-7.45303231],[112.51585002,-7.45310191999991],[112.51606365,-7.45314031999993],[112.516109585783937,-7.453175982233363],[112.51617886,-7.45323153999992],[112.51626767,-7.45326513999991],[112.51630368,-7.45332754999991],[112.51628207,-7.45344035999991],[112.51658451,-7.45364917999995],[112.51705977,-7.45383881],[112.51769824,-7.45406202999991],[112.51787826,-7.45414363999992],[112.51796708,-7.45419884999992],[112.518360529082216,-7.454277010957196],[112.518484405,-7.45400358799998],[112.51851338,-7.45396421],[112.51854294,-7.45392403999994],[112.5187706,-7.45340210999997],[112.518785688599067,-7.453372135544318],[112.51884064,-7.45326019999993],[112.51899752,-7.45289242999993],[112.51901606,-7.45284896999992],[112.51901555,-7.45284886999994],[112.51901611,-7.45284740799994],[112.51941299,-7.45181144],[112.51969151,-7.45112980999993],[112.51973929,-7.45114817999997],[112.51975168,-7.45115294999994],[112.5197518,-7.45115267999994],[112.52021,-7.45129],[112.52048,-7.45135],[112.52096,-7.45145],[112.52231,-7.45176],[112.52246,-7.4518],[112.522476105,-7.45180483199994],[112.52256,-7.45183],[112.52313,-7.45195],[112.5237,-7.45209],[112.52426,-7.45222],[112.526,-7.45263],[112.52676,-7.4528],[112.52709,-7.45288],[112.52721,-7.45291],[112.5273,-7.45294],[112.52719185,-7.45301993999995],[112.52694443,-7.45313595999994],[112.52658027,-7.45338065999996],[112.52646274,-7.45351745999996],[112.52636647,-7.45367482999994],[112.52636,-7.45368],[112.52633,-7.45376],[112.52625,-7.45396],[112.52617,-7.45425],[112.52615887,-7.45434854999996],[112.526155122,-7.45438171299996],[112.52614089,-7.45450765999994],[112.52611599,-7.45482143],[112.52592175,-7.45500570999998],[112.52559,-7.45505],[112.52547,-7.45522],[112.52531164,-7.45549554999997],[112.525137392,-7.45562965999993],[112.52509953,-7.45565879999995],[112.5250909,-7.45566543999994],[112.52502984,-7.45571242999994],[112.52502,-7.45572],[112.52484,-7.45577],[112.52452,-7.45584],[112.524306463207466,-7.455880398637123],[112.524171807,-7.45590587399993],[112.52415,-7.45591],[112.52411575,-7.45591665999996],[112.52410998,-7.45591777999994],[112.52379,-7.45598],[112.52362,-7.45607],[112.52346,-7.45634],[112.52344538,-7.45641888999993],[112.523422645,-7.45654157899994],[112.52341653,-7.45657457999994],[112.52340149,-7.45658710999994],[112.52323,-7.45673],[112.52321408,-7.45673723999993],[112.52313241,-7.45677435999994],[112.52307147,-7.45684986999991],[112.52306244,-7.45686510999993],[112.523037892097463,-7.45692238252695],[112.52303476,-7.45692969],[112.52296771,-7.45702546999994],[112.52296643,-7.45702610999997],[112.52295494,-7.45704143999993],[112.52291104,-7.45707096999996],[112.52278971,-7.45711566999997],[112.52264843,-7.45716195999993],[112.52257987,-7.45718028999992],[112.52256861,-7.45718510999994],[112.52250521,-7.45721736999997],[112.52238928,-7.45730294999994],[112.52236268,-7.45731760999998],[112.52223417,-7.45740301999996],[112.5221767,-7.45744611999994],[112.52212242,-7.45750518999998],[112.52210566,-7.45755786999998],[112.52210252,-7.45756773999995],[112.5221,-7.45757],[112.52203294,-7.45775441599996],[112.52203192,-7.45775721999997],[112.522029352,-7.45776428099997],[112.52202,-7.45779],[112.52195,-7.45787],[112.52187496,-7.45795504999996],[112.52185357,-7.45797928999995],[112.5218,-7.45804],[112.52178985,-7.45804587999992],[112.5217538,-7.45807559999995],[112.5216676,-7.45812827999995],[112.52157341,-7.45818015999993],[112.52145528,-7.45824002999997],[112.52140659,-7.45826476999994],[112.52132158,-7.45831305999995],[112.52127578,-7.45833234999996],[112.52125852,-7.45834059999993],[112.5212254,-7.45835097999996],[112.52122128,-7.45835183999996],[112.52120744,-7.45835815999996],[112.52118748,-7.45836374999993],[112.52116409,-7.45836891999995],[112.52114791,-7.45837473999993],[112.521149799,-7.45837716899995],[112.5211694,-7.45840236999992],[112.52116962,-7.45840265999993],[112.5211941,-7.45844344999994],[112.52120794,-7.45846651999995],[112.52123986,-7.45855271999997],[112.52127499,-7.45868042999992],[112.52129733,-7.45884964999991],[112.52129998,-7.4588911399999],[112.52130016,-7.45889188999996],[112.52130256,-7.45891014999993],[112.52130385,-7.45891633999997],[112.52131024,-7.45899935],[112.52131183,-7.45909353999998],[112.52130632,-7.45910775999997],[112.52128211,-7.45925192999996],[112.52127518,-7.45929321999993],[112.521273517,-7.45930312699994],[112.521251714,-7.45943297599997],[112.52096507,-7.46114011999996],[112.520963963,-7.46114671199996],[112.5209491,-7.46123518999993],[112.52084853,-7.46173486],[112.52084742,-7.46174116999993],[112.52013557,-7.46579654999995],[112.52012696,-7.46584556999993],[112.52012382,-7.46586004999993],[112.520122177,-7.46586762599998],[112.52002587,-7.46631178999994],[112.52002576,-7.46631228999997],[112.52000564,-7.46640510999993],[112.519965955,-7.46652606199995],[112.51995965,-7.46654527999992],[112.51995958,-7.46654531999997],[112.51995092,-7.46658190999994],[112.51994353,-7.46663095999995],[112.51992,-7.46676],[112.51991,-7.46703],[112.5199,-7.4671],[112.51987,-7.46745],[112.51986969,-7.46745356999998],[112.51986952,-7.46745382999994],[112.51987,-7.46745398999997],[112.519870077,-7.46745400899993],[112.519880378,-7.46799321999995],[112.51929422,-7.46782406099995],[112.518396386,-7.46775067999994],[112.517874088,-7.46772909699996],[112.517399272,-7.46780679499997],[112.517352544,-7.46780647199995],[112.516773378,-7.46780247799995],[112.516023626,-7.46768428999995],[112.51611414,-7.46725471799992],[112.515213,-7.46715098999993],[112.51519004,-7.4671481099999],[112.515051517,-7.46713072599991],[112.51498422,-7.46712227999998],[112.51477602,-7.46709553999993],[112.514725,-7.46708899],[112.51472295,-7.46708871999994]]]]}},
{"type":"Feature","properties":{"kdkab":"15","kdkec":"010","nmkab":"SIDOARJO","nmkec":"TARIK","kddesa":"013","kdprov":"35","nmdesa":"BANJARWUNGU","nmprov":"JAWA TIMUR","iddesa":"3515010013"},"geometry":{"type":"MultiPolygon","coordinates":[[[[112.53905193,-7.45418262999996],[112.5390379,-7.45429416999994],[112.53905291,-7.4544631599999],[112.53904241,-7.45455310999995],[112.53894891,-7.45460737999993],[112.53866232,-7.45464830999994],[112.53866011,-7.45464862999992],[112.53858956,-7.45464561999994],[112.53747,-7.45457],[112.536633776477913,-7.454461782838318],[112.53618874,-7.45440419999994],[112.53577,-7.45443],[112.53522,-7.45438],[112.53457692,-7.45426717999993],[112.53406881,-7.45423724999996],[112.53352895,-7.45420743999994],[112.53311625,-7.45422470999996],[112.53286988,-7.45413840999992],[112.53261605,-7.45418682999995],[112.53268,-7.45389],[112.53284447,-7.45367897999995],[112.53278861,-7.45359202999996],[112.53256602,-7.45349772999996],[112.53243875,-7.45341893999996],[112.532375,-7.45334785999995],[112.53225572,-7.45328488999997],[112.53198,-7.45315],[112.53176,-7.45303],[112.53142059,-7.45280448999994],[112.53134,-7.45283],[112.53115863,-7.45279748000001],[112.53113443,-7.45268663999996],[112.53091943,-7.45248931999991],[112.53079248,-7.45250559999994],[112.52980619,-7.45192272999997],[112.52966,-7.4519],[112.52962771,-7.45189077],[112.52956823,-7.45190748999995],[112.529558,-7.45189279999995],[112.52956973,-7.45178669999997],[112.530302175317914,-7.445169796161156],[112.530308904,-7.44510139699998],[112.53031455,-7.44505034999996],[112.53031102,-7.44504996999993],[112.530311034,-7.44504942499998],[112.53033694,-7.44402975999996],[112.530390726,-7.44354864499997],[112.53039219,-7.44353554999997],[112.530394845,-7.44351180399997],[112.530424191691452,-7.443268758002159],[112.53048722,-7.44277351999996],[112.53051035,-7.44268488999996],[112.53062684,-7.44246948999994],[112.53071904,-7.442299],[112.53072243,-7.44229869999997],[112.53077686,-7.44230351999992],[112.530938368766385,-7.442311996868786],[112.531051069930854,-7.442317873119219],[112.531119685615565,-7.442321710949961],[112.53118774,-7.44232470999998],[112.5313072,-7.4423252],[112.53151288,-7.44232615999994],[112.53169881,-7.44232711999995],[112.53175252,-7.44233626999993],[112.53187511,-7.44235553999991],[112.5318963,-7.44236325],[112.53191118,-7.44236896999997],[112.53193014,-7.44237624999991],[112.53234728,-7.44253243999998],[112.53242146,-7.44255748999994],[112.53274179,-7.44266249999989],[112.53275523,-7.44266735999996],[112.53276659,-7.44266815999989],[112.53279549,-7.44265081999994],[112.53280761,-7.44264398999996],[112.53285322,-7.44261202999995],[112.53286413,-7.44260276999997],[112.53299949,-7.44249727999994],[112.53302722,-7.44247327999996],[112.53303484,-7.44246933999992],[112.53304477,-7.44246933999992],[112.53335633,-7.44249713999995],[112.53349009,-7.44250907999998],[112.53356891,-7.44251105400001],[112.53361685,-7.44251178999998],[112.53362028,-7.44248082999996],[112.53362086,-7.44241430999994],[112.5336199,-7.44236132],[112.53361701,-7.44217731999994],[112.533611274,-7.44212284199998],[112.5336093,-7.44210409999992],[112.53361123,-7.44204821999994],[112.53362954,-7.44201353999995],[112.53365651,-7.44196441],[112.53368156,-7.44192683999994],[112.5336956,-7.44188470999997],[112.53369729,-7.44187292999992],[112.533700556,-7.44185011699996],[112.53373311,-7.44162271999991],[112.53379018,-7.4414591199999],[112.53392602,-7.44103715999996],[112.53398189,-7.44064988],[112.53400308,-7.44042059999994],[112.53400673,-7.44039651999998],[112.534016835,-7.44032978899997],[112.53409557,-7.43980981999993],[112.53419913,-7.43912871],[112.53422707,-7.43893025999992],[112.53424923,-7.43877924999996],[112.53425308,-7.43875829999996],[112.53426127,-7.43868748999994],[112.53426191,-7.43867988999995],[112.53426416,-7.43865304999995],[112.53427054,-7.43857601999995],[112.53426527,-7.43857803999993],[112.53428028,-7.43846248999997],[112.53437085,-7.43845241999994],[112.5346695,-7.43840810999994],[112.53475813,-7.43842448999992],[112.53497248,-7.43846302],[112.53505196,-7.43847891999998],[112.53508905,-7.43846446999993],[112.53526005,-7.43840135999994],[112.53541419,-7.43828382999993],[112.53558952,-7.43815280999997],[112.53572584,-7.43813883999995],[112.53589299,-7.43819905999993],[112.53631254,-7.43835415999994],[112.53640117,-7.43837727999993],[112.53641851,-7.43837823999997],[112.53647198,-7.43835800999995],[112.53651485,-7.43834066999995],[112.53657602,-7.43830405999993],[112.53663334,-7.43826841999995],[112.53665165,-7.43826166999995],[112.53672968,-7.43824481999996],[112.53688575,-7.43820916999992],[112.53693777,-7.43820291],[112.53729762,-7.43814645999991],[112.53731182,-7.43814759000001],[112.53805962,-7.43848131999991],[112.53815403,-7.43854490999992],[112.53818293,-7.43859885999995],[112.53817338,-7.43862183999996],[112.53808082,-7.43884452],[112.53807426,-7.43894245999997],[112.53806706,-7.43905012999994],[112.53806347,-7.43910366999996],[112.53801627,-7.43962677999996],[112.53803168,-7.43973081999997],[112.53805095,-7.43976742999995],[112.53808226,-7.43977014999997],[112.5381839,-7.43977898999997],[112.53835923,-7.43977898999997],[112.5384652,-7.43976742999995],[112.53859237,-7.43980788999992],[112.53863537,-7.43985088999993],[112.53868871,-7.43990422999995],[112.53874265,-7.43996395999993],[112.5389045,-7.44025874999992],[112.53909718,-7.44082521999996],[112.53917039,-7.44093118999998],[112.53917131,-7.44093159999994],[112.53927444,-7.44097742999995],[112.53941316,-7.44093696999992],[112.53977732,-7.44063253999996],[112.53981778,-7.44060941999992],[112.53993724,-7.44054969],[112.54003743,-7.44053620999994],[112.54015882,-7.44059014999992],[112.54020699,-7.44064796],[112.54021251,-7.44070276999998],[112.54023203,-7.44089650999997],[112.54022957,-7.44120981999993],[112.54023438,-7.44130367],[112.54025316,-7.44139233999993],[112.54028132,-7.44144345999996],[112.54035539,-7.44146223999995],[112.54050666,-7.44150396],[112.54056831,-7.44151952999992],[112.54060994,-7.44153004999994],[112.54066106,-7.44154360999995],[112.54069027,-7.441553],[112.54071113,-7.44156342999997],[112.54093438,-7.44158012],[112.54099176,-7.44158428999997],[112.54119623,-7.44161975999998],[112.54133185,-7.44165001999995],[112.54136188,-7.44165702999996],[112.54274959,-7.44191238999998],[112.54324344,-7.44199737],[112.54324138,-7.44209964999994],[112.54324048,-7.44214425999997],[112.54324051,-7.44214427],[112.54324,-7.44305],[112.54324,-7.44314],[112.5432,-7.44395],[112.54313,-7.44453],[112.54312,-7.44471],[112.54309,-7.44487],[112.54306,-7.44516],[112.54305891,-7.44519596999993],[112.54297514,-7.44588662999995],[112.5429077,-7.44638565999997],[112.54289421,-7.44647621999996],[112.54288458,-7.44659374999997],[112.54287495,-7.44669008999998],[112.54281737,-7.44703317999998],[112.542815609,-7.44704367999994],[112.54280983,-7.44707812999997],[112.54280518,-7.44710580999994],[112.54280513,-7.44710582999992],[112.54279521,-7.44718735999994],[112.54279402,-7.44719874999996],[112.54279402,-7.44721062999998],[112.54276972,-7.44743088999993],[112.54275934,-7.44750702999993],[112.54268998,-7.4480445899999],[112.54268395,-7.44805362999997],[112.54266903,-7.44806634999997],[112.54264566,-7.44807734999994],[112.54261291,-7.44810432],[112.54260135,-7.44815827000001],[112.54259749,-7.44821028999997],[112.54256281,-7.44857637999997],[112.54254932,-7.44873244],[112.54257052,-7.44880758999992],[112.54258583,-7.44882489999996],[112.5426077,-7.44884962000001],[112.54260813,-7.44885433999997],[112.54262489,-7.44886731999998],[112.542646352,-7.44888393599993],[112.54268636,-7.44891490999994],[112.54315182,-7.44909604],[112.54312765,-7.44913532999991],[112.54303722,-7.44927160999992],[112.54299586,-7.44941540999996],[112.54298118,-7.44946646999995],[112.54295698,-7.44956835999996],[112.54294679,-7.44980014999991],[112.54295023,-7.45001482],[112.54297163,-7.45012300999998],[112.54298245,-7.45023954999991],[112.54297418,-7.45026820999995],[112.54294568,-7.45031866999993],[112.54294425,-7.45032487999993],[112.54286783,-7.45040129999995],[112.54279905,-7.45048025999996],[112.54273537,-7.45056177],[112.54269149,-7.4506039],[112.54265016,-7.45062984999995],[112.54251377,-7.45067384999993],[112.54237876,-7.4507197],[112.54237603,-7.45072190999997],[112.54233864,-7.45073561999991],[112.5422877,-7.45077000999996],[112.54222657,-7.45079674999992],[112.54218963,-7.45081203999997],[112.5421234,-7.45083113999993],[112.54209411,-7.45084005999998],[112.54205081,-7.45087061999993],[112.54202024,-7.45090245999995],[112.54198076,-7.4509394],[112.54191326,-7.45097250999991],[112.54185467,-7.45101198999994],[112.54178717,-7.45104000999996],[112.54174642,-7.45105401999997],[112.5417133,-7.45106930999996],[112.541691396,-7.45108147699992],[112.54164453,-7.45110750999993],[112.54159231,-7.45114444999996],[112.54155919,-7.45117118999997],[112.54150443,-7.45121449999992],[112.54141018,-7.45134312999996],[112.54136561,-7.45140808999998],[112.54134322,-7.45145752],[112.54134214,-7.45145838999998],[112.54126607,-7.45162118999996],[112.541255068,-7.45164474499997],[112.54122242,-7.45171463999997],[112.54081738,-7.45229541],[112.54077262,-7.45243100999995],[112.54077128,-7.45243460999996],[112.54074272,-7.45249357999994],[112.54071543,-7.45252441],[112.54065684,-7.45259826999995],[112.54059571,-7.45266322999993],[112.54058679,-7.45270780999994],[112.54058885,-7.45275511999996],[112.54058579,-7.45276725999996],[112.54060462,-7.45282751999996],[112.54065812,-7.45288610999995],[112.5407167,-7.45296506999997],[112.54074472,-7.45305423000001],[112.54074366,-7.45306833999994],[112.54074597,-7.45307183999994],[112.5407365,-7.45315130999994],[112.54070532,-7.45323172999997],[112.54065589,-7.45328508999995],[112.54055,-7.45336],[112.54054744,-7.45336023999995],[112.54052439,-7.45337389999997],[112.54047472,-7.45338537000001],[112.54036901,-7.45339554999992],[112.54030533,-7.453379],[112.54021617,-7.45332677999995],[112.54013466,-7.45327329],[112.54005825,-7.45322234],[112.54000985,-7.45319814999997],[112.53995254,-7.45319304999988],[112.53989084,-7.45320633999995],[112.53975864,-7.45328101999996],[112.539632314887996,-7.4533662110065],[112.53945307,-7.45348708999995],[112.539390629,-7.45354878899996],[112.53924121,-7.45369642999997],[112.53918436,-7.45392680999995],[112.539076766,-7.45413465099992],[112.53907643,-7.45413529999995],[112.53905193,-7.45418262999996]]]]}},
{"type":"Feature","properties":{"kdkab":"15","kdkec":"010","nmkab":"SIDOARJO","nmkec":"TARIK","kddesa":"008","kdprov":"35","nmdesa":"MERGOSARI","nmprov":"JAWA TIMUR","iddesa":"3515010008"},"geometry":{"type":"MultiPolygon","coordinates":[[[[112.52130632,-7.45910775999997],[112.52131183,-7.45909353999998],[112.52131024,-7.45899935],[112.52130385,-7.45891633999997],[112.52130256,-7.45891014999993],[112.52130016,-7.45889188999996],[112.52129998,-7.4588911399999],[112.52129733,-7.45884964999991],[112.52127499,-7.45868042999992],[112.52123986,-7.45855271999997],[112.52120794,-7.45846651999995],[112.5211941,-7.45844344999994],[112.52116962,-7.45840265999993],[112.5211694,-7.45840236999992],[112.521149799,-7.45837716899995],[112.52114791,-7.45837473999993],[112.52116409,-7.45836891999995],[112.52118748,-7.45836374999993],[112.52120744,-7.45835815999996],[112.52122128,-7.45835183999996],[112.5212254,-7.45835097999996],[112.52125852,-7.45834059999993],[112.52127578,-7.45833234999996],[112.52132158,-7.45831305999995],[112.52140659,-7.45826476999994],[112.52145528,-7.45824002999997],[112.52157341,-7.45818015999993],[112.5216676,-7.45812827999995],[112.5217538,-7.45807559999995],[112.52178985,-7.45804587999992],[112.5218,-7.45804],[112.52185357,-7.45797928999995],[112.52187496,-7.45795504999996],[112.52195,-7.45787],[112.52202,-7.45779],[112.522029352,-7.45776428099997],[112.52203192,-7.45775721999997],[112.52203294,-7.45775441599996],[112.5221,-7.45757],[112.52210252,-7.45756773999995],[112.52210566,-7.45755786999998],[112.52212242,-7.45750518999998],[112.5221767,-7.45744611999994],[112.52223417,-7.45740301999996],[112.52236268,-7.45731760999998],[112.52238928,-7.45730294999994],[112.52250521,-7.45721736999997],[112.52256861,-7.45718510999994],[112.52257987,-7.45718028999992],[112.52264843,-7.45716195999993],[112.52278971,-7.45711566999997],[112.52291104,-7.45707096999996],[112.52295494,-7.45704143999993],[112.52296643,-7.45702610999997],[112.52296771,-7.45702546999994],[112.52303476,-7.45692969],[112.523037892097463,-7.45692238252695],[112.52306244,-7.45686510999993],[112.52307147,-7.45684986999991],[112.52313241,-7.45677435999994],[112.52321408,-7.45673723999993],[112.52323,-7.45673],[112.52340149,-7.45658710999994],[112.52341653,-7.45657457999994],[112.523422645,-7.45654157899994],[112.52344538,-7.45641888999993],[112.52346,-7.45634],[112.52362,-7.45607],[112.52379,-7.45598],[112.52410998,-7.45591777999994],[112.52411575,-7.45591665999996],[112.52415,-7.45591],[112.524171807,-7.45590587399993],[112.524306463207466,-7.455880398637123],[112.52452,-7.45584],[112.52484,-7.45577],[112.52502,-7.45572],[112.52502984,-7.45571242999994],[112.5250909,-7.45566543999994],[112.52509953,-7.45565879999995],[112.525137392,-7.45562965999993],[112.52531164,-7.45549554999997],[112.52547,-7.45522],[112.52559,-7.45505],[112.52592175,-7.45500570999998],[112.52611599,-7.45482143],[112.52614089,-7.45450765999994],[112.526155122,-7.45438171299996],[112.52615887,-7.45434854999996],[112.52617,-7.45425],[112.52625,-7.45396],[112.52633,-7.45376],[112.52636,-7.45368],[112.52636647,-7.45367482999994],[112.52646274,-7.45351745999996],[112.52658027,-7.45338065999996],[112.52694443,-7.45313595999994],[112.52719185,-7.45301993999995],[112.5273,-7.45294],[112.52757,-7.45254],[112.52759874,-7.45247268999996],[112.52790278,-7.45176058999995],[112.52792652,-7.45170498999995],[112.527927212,-7.45170336999995],[112.52795,-7.45165],[112.528,-7.45156],[112.52822143,-7.45103049999994],[112.52823,-7.45101],[112.52823066,-7.45100960999996],[112.52824824,-7.45099202999992],[112.52826076,-7.45098238999998],[112.52826603,-7.45097840999994],[112.52827063,-7.45097492999997],[112.528271316,-7.45097475099994],[112.52827708,-7.45097324999995],[112.52827714,-7.45097323999995],[112.5282964,-7.45098070999996],[112.52830604,-7.45099081999994],[112.528353,-7.45104091999996],[112.52836673,-7.45105708999993],[112.52837,-7.45106],[112.52855,-7.45125],[112.52867,-7.45133],[112.52883,-7.45139],[112.52909,-7.45157],[112.52934254,-7.45179096999994],[112.52949,-7.45192],[112.529492738,-7.45191890899997],[112.529558,-7.45189279999995],[112.52956823,-7.45190748999995],[112.52962771,-7.45189077],[112.52966,-7.4519],[112.52980619,-7.45192272999997],[112.53079248,-7.45250559999994],[112.53091943,-7.45248931999991],[112.53113443,-7.45268663999996],[112.53115863,-7.45279748000001],[112.53134,-7.45283],[112.53142059,-7.45280448999994],[112.53176,-7.45303],[112.53198,-7.45315],[112.53225572,-7.45328488999997],[112.532375,-7.45334785999995],[112.53243875,-7.45341893999996],[112.53256602,-7.45349772999996],[112.53278861,-7.45359202999996],[112.53284447,-7.45367897999995],[112.53268,-7.45389],[112.53261605,-7.45418682999995],[112.53286988,-7.45413840999992],[112.53311625,-7.45422470999996],[112.53352895,-7.45420743999994],[112.53406881,-7.45423724999996],[112.53457692,-7.45426717999993],[112.53522,-7.45438],[112.53577,-7.45443],[112.53618874,-7.45440419999994],[112.536633776477913,-7.454461782838318],[112.53747,-7.45457],[112.53858956,-7.45464561999994],[112.53853612,-7.45483265999997],[112.53852253,-7.45492329999994],[112.53851951,-7.45503357999997],[112.53852404,-7.45509551999992],[112.53847267,-7.45526018999996],[112.53847267,-7.45529039999994],[112.53846512,-7.45538256],[112.53843793,-7.45559707999995],[112.53842735,-7.45570886999997],[112.53838807,-7.45579044999992],[112.53832916,-7.45587050999993],[112.53827628,-7.45600043999994],[112.5382793,-7.45609107999997],[112.53830196,-7.45616207999997],[112.53829139,-7.45624667999991],[112.53824909,-7.45639774999993],[112.53823247,-7.45645062999995],[112.53823851,-7.45651407999995],[112.53825211,-7.45657752999995],[112.53823851,-7.45663039999996],[112.538166,-7.45677240999991],[112.53815694,-7.45682075],[112.53816449,-7.45686002999994],[112.5381796,-7.45687513999996],[112.53818564,-7.45690534999996],[112.53816449,-7.45698692999998],[112.53812974,-7.45708965999997],[112.53810557,-7.45724374999997],[112.53809198,-7.45730417999994],[112.53807687,-7.45736006999994],[112.53808291,-7.45741445999994],[112.53806629,-7.45745373999997],[112.53799756,-7.45767958999997],[112.537984332,-7.45775601899992],[112.53798341,-7.45775600499995],[112.53797565,-7.45778835999994],[112.53798169,-7.45805726999996],[112.53803698,-7.45806856999998],[112.53803694,-7.45807094999998],[112.53837542,-7.45815847999994],[112.53839355,-7.45832767999994],[112.5383724,-7.45852709999997],[112.53834568,-7.45868231999996],[112.53834289,-7.45869853999997],[112.5383277,-7.45878679999994],[112.53830895,-7.45889571000001],[112.53830668,-7.45893120999994],[112.53832557,-7.45895008999996],[112.53839998,-7.45900905999998],[112.53840564,-7.45901353999995],[112.53843979,-7.45905329999995],[112.53850232,-7.45912608999994],[112.53853285,-7.45914458999995],[112.53865188,-7.45921673],[112.53880446,-7.45931945999997],[112.53884676,-7.45936176000002],[112.53885798,-7.45939330999994],[112.53887093,-7.45942973999998],[112.53887396,-7.45948261999996],[112.5388664,-7.45953095999997],[112.53883317,-7.45963217999997],[112.538764906,-7.459814659],[112.538763942,-7.45981723499995],[112.538764519,-7.45981752699992],[112.538762494,-7.45982345099996],[112.538602839,-7.45984216399997],[112.53848291,-7.45978161299995],[112.538482827,-7.45978252699997],[112.538200332,-7.45964011199993],[112.53764224,-7.45937966899994],[112.536949634,-7.45913067399996],[112.536611917,-7.45904767599996],[112.536171167,-7.45903336599995],[112.535942389,-7.45908988699997],[112.535942206,-7.459090606],[112.535944292,-7.45910966099995],[112.53565135,-7.45913778399997],[112.535647419,-7.45916215599995],[112.535721831,-7.46020965199995],[112.536013361,-7.46020177299994],[112.53602,-7.46033],[112.536,-7.46041],[112.53599,-7.4607],[112.53596,-7.46131],[112.53594,-7.4614],[112.535840728,-7.46192032399995],[112.53565,-7.46292],[112.53563,-7.46304],[112.53552,-7.46371],[112.53547,-7.46395],[112.53547,-7.46401],[112.53539,-7.4644],[112.53538334,-7.46444254999997],[112.53538361,-7.46444264999996],[112.53538065,-7.46446304999996],[112.53537523,-7.46446105999994],[112.53445676,-7.46418266999994],[112.53439952,-7.46416531999994],[112.534228639,-7.46411352499998],[112.53420896,-7.46410755999996],[112.53357748,-7.46395346999998],[112.5329732,-7.46382958999994],[112.532627891456997,-7.46373457051405],[112.532512633,-7.46370237499993],[112.532502255999987,-7.463699039999931],[112.53243841,-7.46367852],[112.53236287,-7.46360902999993],[112.53230244,-7.46358183],[112.532219082,-7.46356839099996],[112.53221337,-7.46356746999994],[112.53222817,-7.46334341999995],[112.5322117,-7.46333868],[112.53221187,-7.46333245999994],[112.53215623,-7.46332273999994],[112.53205938,-7.46329490999994],[112.53170547,-7.46324658999995],[112.53164076,-7.46324342999998],[112.5316045,-7.46321925999994],[112.53161658,-7.46308027999993],[112.53163471,-7.46293826999995],[112.53165239,-7.46276737999995],[112.53157792,-7.46273583999993],[112.5315199,-7.46273583999993],[112.53142019,-7.46272676999993],[112.53121473,-7.46270561999993],[112.53113618,-7.4626814499999],[112.53109992,-7.46263310999993],[112.53108179,-7.46256360999997],[112.53107877,-7.4624971399999],[112.53107626,-7.46241163999994],[112.53082578,-7.46232608],[112.5308223,-7.46232488999993],[112.530675489,-7.46228509899994],[112.53067479,-7.46228490999994],[112.53071016,-7.46212701999996],[112.530906237,-7.46114411999995],[112.53092832,-7.46103341999998],[112.53110009,-7.46017237999998],[112.531130674,-7.46001906999991],[112.531165213,-7.45984593599998],[112.53116526,-7.45984569999996],[112.53096546,-7.45985561999991],[112.53018552,-7.45983026999992],[112.53018337,-7.45984088999993],[112.53017394,-7.45984051999994],[112.53014741,-7.46001874999995],[112.53004,-7.46055],[112.52997,-7.461],[112.52983,-7.46144],[112.52981,-7.46152],[112.52939,-7.46148],[112.52904802,-7.46138057],[112.52869911,-7.46128986999995],[112.52811,-7.4612],[112.52779,-7.46188],[112.52755,-7.4624],[112.52734,-7.46232],[112.52561,-7.46185],[112.52501,-7.46169],[112.5245,-7.46153],[112.52354,-7.46126],[112.52342,-7.46166],[112.52336,-7.46189],[112.5232616,-7.46207165999992],[112.52325027,-7.462067],[112.52131924,-7.46184496999994],[112.52107681,-7.46178376999996],[112.52086824,-7.46175563999998],[112.52086859,-7.46175351999996],[112.52084742,-7.46174116999993],[112.52084853,-7.46173486],[112.5209491,-7.46123518999993],[112.520963963,-7.46114671199996],[112.52096507,-7.46114011999996],[112.521251714,-7.45943297599997],[112.521273517,-7.45930312699994],[112.52127518,-7.45929321999993],[112.52128211,-7.45925192999996],[112.52130632,-7.45910775999997]]]]}},
{"type":"Feature","properties":{"kdkab":"15","kdkec":"010","nmkab":"SIDOARJO","nmkec":"TARIK","kddesa":"004","kdprov":"35","nmdesa":"KEDUNGBOCOK","nmprov":"JAWA TIMUR","iddesa":"3515010004"},"geometry":{"type":"MultiPolygon","coordinates":[[[[112.49095192,-7.46032440999997],[112.4904732,-7.46026960999997],[112.490132175,-7.46023056699997],[112.48983759,-7.46019683999998],[112.48964353,-7.46015821999992],[112.489291,-7.46008793999993],[112.488594,-7.45994898999995],[112.48806,-7.45973698999993],[112.4873027,-7.45930045999995],[112.48671896,-7.45896380999996],[112.48671717,-7.45896277999996],[112.48670692,-7.45895609999997],[112.485542,-7.45815898999996],[112.485501069,-7.45812845199993],[112.48520098,-7.45790455999997],[112.48501798,-7.45769594999997],[112.48492211,-7.45758665999993],[112.4847725,-7.45741610999996],[112.48425626,-7.45702950999998],[112.483727053234063,-7.456736612864441],[112.483818892277597,-7.456282819943274],[112.483802685387559,-7.456104544152817],[112.483656823377189,-7.455585923671485],[112.483537972850229,-7.45522937209057],[112.483419122323255,-7.45451626892874],[112.483149007489232,-7.453965234667325],[112.482749237534861,-7.45341420040591],[112.482327858393759,-7.453025235044913],[112.481852456285878,-7.452927993704662],[112.48095567503691,-7.452873970737858],[112.47910882,-7.45324728999998],[112.48045977,-7.45170776000001],[112.4805292,-7.45162864],[112.48063162,-7.45151191999997],[112.480660417,-7.45140249599996],[112.4806621,-7.45139609999997],[112.48120911,-7.44891943999995],[112.48248877,-7.44920186999994],[112.48261696,-7.44861185999993],[112.48261696,-7.44861175999998],[112.482656277,-7.44843004799996],[112.48265928,-7.44841616999998],[112.48268097,-7.44831594999993],[112.48268257,-7.44830854999997],[112.48268383,-7.44830494999996],[112.48294678,-7.44828876999997],[112.48345981,-7.44824688999997],[112.4846534,-7.44811600999997],[112.48519261,-7.44805318999994],[112.487,-7.44795],[112.48836,-7.44792],[112.4883601,-7.44792019999994],[112.48840015,-7.44791866999996],[112.48839237,-7.44794690999993],[112.48839021,-7.44798724999991],[112.4884,-7.44832],[112.48845,-7.44842],[112.48853,-7.44849],[112.48857047,-7.44853047000001],[112.488508117,-7.44909728799998],[112.488506825,-7.44910902999991],[112.48850665,-7.44911061999994],[112.48853446,-7.44911449999997],[112.488539384,-7.44911518799995],[112.48870919,-7.44913891999993],[112.49321758,-7.44976920999994],[112.49335007,-7.44978774000001],[112.49332774,-7.44997107999996],[112.49429994,-7.45009214999995],[112.494754421,-7.45010809899997],[112.49476358,-7.45010841999992],[112.49500688,-7.45011695999996],[112.49501745,-7.45011719999997],[112.49535524,-7.45012097999994],[112.49535778,-7.45012101],[112.49535935,-7.45012076999996],[112.49551487,-7.45009710999994],[112.4955883,-7.45008173999998],[112.49569587,-7.45003435999997],[112.495732198,-7.4500131579999],[112.49573348,-7.45001240999996],[112.49586266,-7.44991722999993],[112.49590846,-7.44987448999993],[112.49592639,-7.44986167999998],[112.49598615,-7.44986850999992],[112.49668367,-7.44996327999998],[112.49798333,-7.45013918999997],[112.498034581,-7.45015666099995],[112.49804631,-7.45016065999995],[112.49805744,-7.4501847],[112.49805505,-7.45019547999993],[112.49805565,-7.45019554999993],[112.49802962,-7.45032000999992],[112.49802727,-7.45033124999996],[112.49799954,-7.45046384999993],[112.49799913,-7.45046382999992],[112.49792703,-7.45083222999992],[112.49778394,-7.45144376999996],[112.4976678,-7.45193552999994],[112.49750798,-7.45257441999998],[112.49748312,-7.45268789999995],[112.49742719,-7.45294636999995],[112.49739127,-7.45313401999994],[112.49735988,-7.45329802],[112.497354989,-7.45332355399996],[112.49735278,-7.45333508999993],[112.49734614,-7.45336447999994],[112.4972906,-7.45361037999996],[112.4972,-7.45405],[112.49717354,-7.45419113999995],[112.49717,-7.45421],[112.497169318,-7.45421323999994],[112.4971612,-7.45425178999995],[112.49713,-7.4544],[112.49705755,-7.45472604999995],[112.49705449,-7.45473979999998],[112.49705327,-7.45473988],[112.49702502,-7.45488817999997],[112.497011182,-7.45495723499993],[112.49697313,-7.45514712999995],[112.49696536,-7.45518591999996],[112.49695401,-7.45524254999995],[112.496958409,-7.45524365799997],[112.499768694267004,-7.455951674369295],[112.500111627,-7.45603807199995],[112.50017211,-7.45605330999995],[112.50036868,-7.45610282999997],[112.5008376,-7.45622096999997],[112.500845279,-7.45622845599996],[112.50155947,-7.45692463999997],[112.50162662,-7.45694560999993],[112.50197605,-7.45712255999995],[112.502530653,-7.45732104499996],[112.50253346,-7.45732204999994],[112.502726887,-7.45739127699995],[112.50312025,-7.45753205999995],[112.50312507,-7.45753379],[112.50332115,-7.45760395999997],[112.504144705919913,-7.457767885728338],[112.50420827,-7.45778053999996],[112.50514372,-7.45796673999993],[112.50566716,-7.45810894999992],[112.506145174039418,-7.458390161158377],[112.50628601,-7.45855889999995],[112.50637635,-7.45866741999995],[112.50637633,-7.45866755999997],[112.50637869,-7.45866938999996],[112.50635846,-7.45892949999995],[112.50633121,-7.45906226999994],[112.50633765,-7.45908562999995],[112.50635943,-7.45916455999997],[112.50617132,-7.45976708999997],[112.506169683,-7.45977233299995],[112.50615779,-7.45981042999996],[112.50606572,-7.46010535999997],[112.50587581,-7.46071366999997],[112.50569799,-7.4611439],[112.50517197,-7.46241651999995],[112.50515742,-7.46241363999994],[112.50466056,-7.46235117999991],[112.50450128,-7.46233115999997],[112.50424571,-7.46231953999995],[112.503632,-7.46229198999992],[112.503102402,-7.46229370399991],[112.503014,-7.46229398999997],[112.50301355,-7.46229396999993],[112.501717,-7.46225598999994],[112.50171603,-7.46225577999996],[112.50056868,-7.46212555999996],[112.49977868,-7.46200259999995],[112.4987945,-7.46190104999995],[112.497261,-7.46158823999996],[112.49674138,-7.46144258999993],[112.49674097,-7.46144247999996],[112.495746981,-7.46116434199994],[112.495735,-7.46116098999993],[112.49573318,-7.46116047999993],[112.49563679,-7.46113363999996],[112.49510895,-7.46098662999997],[112.494446,-7.46080198999994],[112.49291269,-7.46055064999997],[112.492893972,-7.46054757499996],[112.49274438,-7.460523],[112.49274147,-7.46052267999995],[112.49274,-7.46052250999996],[112.49273977,-7.46052248999997],[112.49151605,-7.460389],[112.491516,-7.46038898999996],[112.49095192,-7.46032440999997]]]]}},
{"type":"Feature","properties":{"kdkab":"15","kdkec":"010","nmkab":"SIDOARJO","nmkec":"TARIK","kddesa":"018","kdprov":"35","nmdesa":"JANTI","nmprov":"JAWA TIMUR","iddesa":"3515010018"},"geometry":{"type":"MultiPolygon","coordinates":[[[[112.52261583,-7.43941584999992],[112.52253189,-7.43941093999994],[112.52253067,-7.43941041999997],[112.52252803,-7.43941140999996],[112.5225253,-7.43941121999997],[112.52235839,-7.43940495999992],[112.52232371,-7.43940327999998],[112.52209684,-7.43940930000001],[112.52185551,-7.4394182099999],[112.5218218,-7.43941941],[112.52177892,-7.43942061999997],[112.52170137,-7.43942374999995],[112.52164598,-7.4394256699999],[112.52142368,-7.43939267999997],[112.52139526,-7.43938906999995],[112.521271,-7.43935838999996],[112.52126975,-7.43935787],[112.5210914,-7.43931250999997],[112.52109098,-7.43931390999994],[112.52105687,-7.43930553999996],[112.52105663,-7.43930538999997],[112.520992273,-7.43928940299998],[112.52099033,-7.43928891999998],[112.52098918,-7.43928961999995],[112.52113996,-7.43819047999994],[112.52113543,-7.43818443999994],[112.52108784,-7.43815875999994],[112.52108331,-7.43815572999997],[112.52088465,-7.43813004999993],[112.51986719,-7.43803260999993],[112.51944041,-7.43800843999998],[112.51925459,-7.43801749999992],[112.51667657,-7.43815497999998],[112.51666599,-7.43815497999998],[112.51653381,-7.43816857999998],[112.51634375,-7.43818772999997],[112.51600539,-7.43839073999994],[112.51578785,-7.43851311000001],[112.51566397,-7.43858108999994],[112.51533373,-7.43871613999995],[112.515231675,-7.43876169099997],[112.51522388,-7.43876516999996],[112.51522317,-7.43876521999992],[112.51488476,-7.43878737999996],[112.5146969,-7.43879652999997],[112.51435924,-7.4388177299999],[112.514348255431358,-7.43881834520079],[112.51407552,-7.43883361999997],[112.51366079,-7.43884855999993],[112.51319066,-7.43886637999997],[112.513024,-7.43887937999993],[112.51266851,-7.43890442999998],[112.51260122,-7.43890907799993],[112.51248017,-7.43891743999995],[112.5121926,-7.43893862999994],[112.51202257,-7.43895066999994],[112.51193322,-7.43896458999995],[112.51188336,-7.43897234999997],[112.51185061,-7.43897475999994],[112.51178124,-7.43900173],[112.51171748,-7.43900001999995],[112.51167789,-7.43899895999993],[112.511652053,-7.43899826699994],[112.51147585,-7.43899353999995],[112.51109002,-7.43905086999996],[112.51068251,-7.43911251999998],[112.51044648,-7.43914767999994],[112.51043492,-7.43915008999995],[112.51025333,-7.43919199999989],[112.51018156,-7.43920837999995],[112.51012424,-7.43922763999996],[112.51012279,-7.43922812999997],[112.50976634,-7.43916068999995],[112.509562554938896,-7.439120462422374],[112.509637962132388,-7.438575854913835],[112.509925818900911,-7.43672205732459],[112.509939923900021,-7.436718258661773],[112.510069578381007,-7.43518794288409],[112.510092807944162,-7.435183519528857],[112.510104497053192,-7.43509757019774],[112.510116060476193,-7.434821699963126],[112.510134869121913,-7.434538123458386],[112.510137535404638,-7.434497924118908],[112.510145513858461,-7.434390076453329],[112.510185957760129,-7.43368024470885],[112.510201640089363,-7.433461517485262],[112.510193748178793,-7.433391321017518],[112.510248646,-7.43306193499994],[112.51044537,-7.43188158999992],[112.51044606,-7.43187744999994],[112.51045403,-7.43182164999997],[112.510459896,-7.43178058999996],[112.51046139,-7.43177012999997],[112.510462143,-7.43176485899993],[112.51046552,-7.43174120999996],[112.5105105,-7.43142636999996],[112.51089714,-7.42875211999994],[112.51133,-7.42612],[112.51207,-7.42588],[112.5123,-7.42574],[112.51263,-7.42559],[112.51271,-7.42564],[112.51302,-7.42588],[112.51313,-7.42592],[112.51326,-7.42597],[112.5135,-7.42603],[112.51364,-7.42602],[112.5138,-7.42594],[112.51406,-7.42583],[112.51429,-7.42579],[112.51445,-7.42579],[112.51466,-7.42587],[112.51477,-7.42591],[112.51491,-7.42595],[112.51507,-7.42597],[112.51534,-7.42593],[112.5156,-7.42583],[112.51586,-7.42576],[112.51592,-7.42576],[112.51604,-7.42577],[112.51652,-7.42585],[112.51679291,-7.42584249999992],[112.51690021,-7.42575773999993],[112.51714581,-7.42565716999994],[112.51738406,-7.42565635999996],[112.5176147,-7.42567858999995],[112.51768458,-7.42457548999993],[112.517685093,-7.42456737499996],[112.51768761,-7.42452758999998],[112.51806147,-7.42456775999997],[112.51831037,-7.42459450999994],[112.51835603,-7.42457243999994],[112.51850219,-7.42450178999992],[112.51870957,-7.42446271999993],[112.51898879,-7.42447362999997],[112.51907084,-7.42447682999997],[112.519213308615477,-7.424476341285753],[112.51923992,-7.42447624999995],[112.51938631,-7.42458315999994],[112.51967044,-7.42451313999996],[112.51984749,-7.42459691999992],[112.5199703,-7.4245504699999],[112.52032386,-7.42455692999995],[112.52060059,-7.42457132999996],[112.52087034,-7.42479287999993],[112.52126581,-7.42502789999998],[112.52133242,-7.42506747999995],[112.52153985,-7.42504374999995],[112.52199257,-7.42515507999998],[112.52200308,-7.42515653999995],[112.52208748,-7.42512166999997],[112.52246953,-7.42496384999992],[112.52268491,-7.42501680999991],[112.52285441,-7.4251389799999],[112.52306976,-7.42518426999991],[112.52330569,-7.42524227999998],[112.52330558,-7.42524263999998],[112.52331187,-7.42524428999997],[112.523312,-7.42524383999993],[112.52331591,-7.42524479999997],[112.52331594,-7.42524469999993],[112.52359983,-7.42533989000001],[112.52390009,-7.42547979999994],[112.52399002,-7.42561979999993],[112.52406027,-7.42586082],[112.52410524,-7.42599895999996],[112.52419993,-7.42628968999995],[112.52446964,-7.42661956999996],[112.52446967,-7.42661959000001],[112.52467,-7.42675],[112.52484,-7.42686],[112.52488263,-7.42688841999994],[112.52490005,-7.42689975999998],[112.52518364,-7.42714192999996],[112.52524,-7.42719],[112.52526778,-7.42723513999992],[112.52532,-7.42732],[112.52536338,-7.42739340799993],[112.52538436,-7.42742890999996],[112.52485116,-7.42935223999994],[112.52462577,-7.43019233999997],[112.52454722,-7.43049627999993],[112.52444819,-7.43078655999993],[112.52436623,-7.43111439999994],[112.52418523,-7.43174618999995],[112.52387788,-7.43277752999996],[112.52386054,-7.43284258999997],[112.523857618938308,-7.432853568208151],[112.52385632,-7.43285845],[112.523855167,-7.43286277899995],[112.523849758,-7.43288308299997],[112.52375998,-7.43322007999997],[112.52342026,-7.43449529999998],[112.523373765,-7.43465602699995],[112.52335462,-7.43472220999996],[112.52318121,-7.43532173999994],[112.52315047,-7.43546516999993],[112.523106998,-7.43595203499998],[112.523092121744938,-7.436118643874011],[112.52306509,-7.43642138999995],[112.52299679,-7.43694388999996],[112.522981534,-7.437040547],[112.52298094,-7.43704430999998],[112.52296041,-7.43717428999998],[112.52293532,-7.43733319999996],[112.5229172,-7.43745133999994],[112.5229167,-7.43745459899998],[112.52261583,-7.43941584999992]]]]}}
]
}
