{
"type": "FeatureCollection",
"name": "kdkec_050",
"crs": { "type": "name", "properties": { "name": "urn:ogc:def:crs:OGC:1.3:CRS84" } },
"xy_coordinate_resolution": 1e-15,
"features": [
{"type":"Feature","properties":{"kdkab":"15","kdkec":"050","nmkab":"SIDOARJO","nmkec":"JABON","kddesa":"005","kdprov":"35","nmdesa":"SEMAMBUNG","nmprov":"JAWA TIMUR","iddesa":"3515050005"},"geometry":{"type":"MultiPolygon","coordinates":[[[[112.76520959,-7.57106702999994],[112.7646236,-7.57082173999989],[112.76454869,-7.57079037999995],[112.764492202074919,-7.570770129622737],[112.764439573,-7.57075126199993],[112.76426607,-7.57068905999995],[112.76303429,-7.57022513999992],[112.76182202,-7.56977486999996],[112.7617407,-7.56974605999997],[112.76172572,-7.56974094999989],[112.76173279,-7.56971615999993],[112.76176982,-7.56896364999995],[112.76175382,-7.56883300999994],[112.76174982,-7.5688263399999],[112.76167517,-7.56874901999992],[112.7616665,-7.56874435999995],[112.76163184,-7.56872636000001],[112.76145521,-7.56863637999993],[112.76144188,-7.56862304999994],[112.76136389,-7.56855705999994],[112.76136056,-7.5685503899999],[112.76132923,-7.56841174999993],[112.76133025,-7.56838109999995],[112.76133087,-7.56837957999994],[112.76133628,-7.56831385999992],[112.76137093,-7.56797124999998],[112.7613776,-7.5679206],[112.76141239,-7.56780500999997],[112.76141988,-7.56778252999992],[112.76151586,-7.56745124999996],[112.761529044,-7.56740581599994],[112.76158452,-7.56721462999996],[112.76159385,-7.56718129999994],[112.76159994,-7.56702736999996],[112.76160061,-7.56702588999994],[112.76160318,-7.56697166999995],[112.76161051,-7.56682269999992],[112.76160951,-7.56679503999993],[112.761599005,-7.56664083699997],[112.76159892,-7.56663958999996],[112.76159849,-7.56663881999997],[112.76159356,-7.56652883999996],[112.76160289,-7.56647551999995],[112.76163629,-7.56633036999994],[112.762086692088999,-7.565531822016565],[112.76217141,-7.56538161999992],[112.76228806,-7.56517565999995],[112.76229039,-7.56516765999989],[112.76229669,-7.56511586999992],[112.7623033,-7.56507226000001],[112.762303896,-7.56506832699996],[112.76231719,-7.56498056000001],[112.762379747,-7.56461912499997],[112.76238004,-7.56461742999993],[112.762376128,-7.56461596199995],[112.762413401,-7.56445751699996],[112.762390974,-7.56432615199997],[112.762431749,-7.56417659799997],[112.762480679,-7.56398662399994],[112.762570384,-7.56383707],[112.76265805,-7.56367538899995],[112.762698825,-7.56358646499996],[112.762715135,-7.56344499499994],[112.762698825,-7.56327927199996],[112.762806878,-7.56294176399995],[112.762941435,-7.56262244399994],[112.762878234,-7.56248501499995],[112.762817072,-7.56241427999991],[112.762682515,-7.5624082169999],[112.762458253,-7.56246278399994],[112.762272727,-7.56249309899996],[112.762156519,-7.56250926799991],[112.762066814,-7.56247288899991],[112.761987303,-7.56238396500001],[112.761948567,-7.56223238899998],[112.761860901,-7.562105065],[112.761730421,-7.56202220399997],[112.761573438,-7.56194338399994],[112.761477617,-7.56193529999992],[112.761361409,-7.56186860699993],[112.761353254,-7.56180595499997],[112.761351215,-7.56171905199994],[112.761404222,-7.56163012699994],[112.76147354,-7.56150280299994],[112.761512276,-7.56136537399993],[112.761498183,-7.56136160399994],[112.761448055,-7.56134819499995],[112.761445833,-7.56134675899994],[112.761401164,-7.56131787999992],[112.761356312,-7.56126634399995],[112.761328789,-7.56120975599992],[112.761328789,-7.56114710399995],[112.761369564,-7.56097430699996],[112.76139199,-7.56083687799998],[112.761387912,-7.56051755699997],[112.761412377,-7.56009112199994],[112.761380006,-7.55999776899996],[112.761367525,-7.55996177599998],[112.761200348,-7.55969095899998],[112.76082968,-7.55925486899997],[112.760829296,-7.55925441799996],[112.760755902,-7.55887446499995],[112.760600957,-7.55782757099997],[112.760453474,-7.55729073399996],[112.76177614748714,-7.556509602992046],[112.761199076883898,-7.556366848605934],[112.760656297814251,-7.556266862987841],[112.760484893897527,-7.556138310050295],[112.760384908279434,-7.555866920515473],[112.760399191939158,-7.555624098300106],[112.760527744876711,-7.55538127608474],[112.76103766,-7.55484926000001],[112.76112631,-7.5547602799999],[112.76125062,-7.55463296999998],[112.76129528,-7.55458730999992],[112.76136227,-7.55453297999996],[112.76152824,-7.55439967999996],[112.7615489,-7.55438567999996],[112.76170088,-7.55432101999995],[112.76171687,-7.55431501999993],[112.76182152,-7.55430901999994],[112.76208947,-7.55429302999995],[112.76210747,-7.55429235999995],[112.76213413,-7.55429835999996],[112.76225278,-7.55433034999994],[112.76227077,-7.55434567999993],[112.76245674,-7.55451298999998],[112.76260538,-7.55464962999997],[112.76261605,-7.55465762999994],[112.76263471,-7.55467362999997],[112.7627007,-7.55475760999998],[112.76284134,-7.55492957999994],[112.76288733,-7.55498756999994],[112.76294465,-7.55510487999991],[112.76307196,-7.55537216999995],[112.76311796,-7.55546214999991],[112.76313795,-7.55550414999991],[112.76314728,-7.55551481],[112.7632266,-7.55558879999998],[112.76323327,-7.55559079999991],[112.763323679288291,-7.55571020139863],[112.763478473122262,-7.555654744262783],[112.763587161418727,-7.555625772575741],[112.763717676079125,-7.555574825887592],[112.763858330292564,-7.555514150935157],[112.764002210944597,-7.555469681299866],[112.764193317583135,-7.555499670164551],[112.764464744035621,-7.555605022483902],[112.76538422,-7.55588673999995],[112.766102650766129,-7.556099954562386],[112.766486494275327,-7.556217132479828],[112.766768677214003,-7.556282954808898],[112.767024342469554,-7.556363707101686],[112.767255617372214,-7.556442657245102],[112.767597791771607,-7.556615237529104],[112.767823206107749,-7.556845125098406],[112.767936813529175,-7.556930020030787],[112.767976671312098,-7.556997696891343],[112.768014720304578,-7.557048131407869],[112.768058596286764,-7.557096421879878],[112.768130331565516,-7.557137197824296],[112.768189013348518,-7.557148966415208],[112.768271274696218,-7.557152846050506],[112.768362074465543,-7.557116006449998],[112.768423743017038,-7.557055719207725],[112.768470350279031,-7.5570007488735],[112.768481275548851,-7.556966873059998],[112.76854299,-7.55658994999992],[112.76861164,-7.55641730999998],[112.76929419,-7.55664660999998],[112.76963013,-7.55674791999997],[112.77004072,-7.55691322999996],[112.770175170714424,-7.556972112691624],[112.77029062630038,-7.556798929312687],[112.77044774655738,-7.556263292072908],[112.77065661,-7.55653195999994],[112.77084324,-7.55667593999993],[112.77099922,-7.55671992999993],[112.77112453,-7.55674525999996],[112.7712095,-7.55673887999996],[112.77119617,-7.55677087999994],[112.77120683,-7.55685352999998],[112.77122283,-7.55693884999993],[112.77134547,-7.55756273999997],[112.77155877,-7.55852522999994],[112.77161296,-7.55876324999998],[112.77183072,-7.55971968999994],[112.77198065,-7.56039311999998],[112.77199336,-7.56045021999995],[112.77201412,-7.56052737999994],[112.772014641,-7.56052931599997],[112.77215533,-7.56105210999993],[112.772176131,-7.56111054499997],[112.77221331,-7.56121498999996],[112.77221276,-7.56121517999998],[112.77232597,-7.56146603999998],[112.77251393,-7.56190595999997],[112.77282721,-7.56270048999996],[112.77288755,-7.56283428599995],[112.77304184,-7.56317639999997],[112.77312608,-7.563322],[112.773166732,-7.56340463999992],[112.77335578,-7.56378895999993],[112.77327313,-7.56387427999994],[112.77319315,-7.56392226999997],[112.77299051,-7.56396492999993],[112.77258525,-7.56403692000001],[112.77242382,-7.56406182999996],[112.772315345057933,-7.564090264681988],[112.77204237,-7.56416181999998],[112.77182505,-7.56424874999992],[112.771823368,-7.56424942299998],[112.77177575,-7.56426846999992],[112.771677987,-7.56432908399995],[112.77150914,-7.56443376999995],[112.77126788,-7.56462332999996],[112.771216167,-7.56466396299993],[112.771177038873773,-7.564590227969363],[112.770833156387042,-7.564916140349895],[112.770672242254292,-7.565091757296798],[112.770547268333942,-7.565190592880867],[112.770359399041908,-7.565371927588833],[112.770339375925303,-7.565427584948774],[112.770243589600597,-7.565452357274131],[112.770179181554667,-7.565491992994702],[112.7700586229046,-7.565642278435201],[112.769997517835392,-7.565785957922272],[112.769890171092172,-7.565923031455914],[112.769482700634384,-7.566260198646237],[112.76944884,-7.56628743999996],[112.769285582988729,-7.566414560670741],[112.769234952188228,-7.566446204921061],[112.768891928514748,-7.566679106603416],[112.768793198453736,-7.566746192414096],[112.768565359851436,-7.566923400215887],[112.768344910723528,-7.567036330368227],[112.768167232338584,-7.567149398431372],[112.767894945982434,-7.567366304511691],[112.76777614857069,-7.567429532439673],[112.767315353597169,-7.56784290082439],[112.766692232232458,-7.568444842844268],[112.767043021,-7.56867608199995],[112.766792609478316,-7.568961981362251],[112.766785094667085,-7.568972257389516],[112.76669733,-7.56909226999992],[112.76656695,-7.56931916399995],[112.766434371,-7.56954988199994],[112.766410971,-7.56959060199997],[112.76631344,-7.56949668299996],[112.766271501,-7.56953388099996],[112.76608418899653,-7.569756310262372],[112.766048561,-7.56979863899994],[112.765905086,-7.57007433799991],[112.765826407,-7.57021842599993],[112.765774701068153,-7.570313118286934],[112.765762993,-7.57033455999993],[112.765644622,-7.57055133999995],[112.765545438,-7.57081209800001],[112.765492316,-7.57095175799998],[112.765453898,-7.57117390999995],[112.765448534,-7.5712049279999],[112.76520959,-7.57106702999994]]]]}},
{"type":"Feature","properties":{"kdkab":"15","kdkec":"050","nmkab":"SIDOARJO","nmkec":"JABON","kddesa":"008","kdprov":"35","nmdesa":"BALONGTANI","nmprov":"JAWA TIMUR","iddesa":"3515050008"},"geometry":{"type":"MultiPolygon","coordinates":[[[[112.742332094,-7.55895537],[112.742332094,-7.55886669099994],[112.742302884,-7.55839615199996],[112.742297407,-7.55828756599995],[112.742313838,-7.55822965299995],[112.742372258,-7.55816269199996],[112.742463539,-7.55807944299995],[112.742485447,-7.55802153],[112.742523785,-7.55778806999993],[112.742571756,-7.55753933899997],[112.742576514,-7.557524229999951],[112.74364904,-7.55375851999998],[112.743713432,-7.55353403699985],[112.74384566197547,-7.553070379537682],[112.74394232,-7.55288934],[112.743944616562828,-7.552874286457265],[112.7439687,-7.55271642399993],[112.743998620584506,-7.552520297753507],[112.74403135,-7.55230575999995],[112.74403831,-7.55226011999996],[112.74407563,-7.55190284999998],[112.744077383,-7.55190159799998],[112.744086014,-7.55182840199998],[112.744086107,-7.55182761299995],[112.744095665,-7.55174654799993],[112.744030842,-7.55173909799992],[112.744032725,-7.551731154],[112.744077396,-7.55154273499996],[112.744143118,-7.55131650999994],[112.744294646,-7.55090387599998],[112.744310808,-7.55083072999997],[112.744336635,-7.55071384699994],[112.744332984,-7.55061430799995],[112.744306495,-7.55056033199998],[112.744237126,-7.55050067199992],[112.744238402,-7.55044246999996],[112.744239632,-7.55038639399989],[112.744249531,-7.55027354499993],[112.744243344,-7.55017664299989],[112.744258192,-7.55000368999993],[112.744273613,-7.54992006199998],[112.744279227,-7.54988961399994],[112.744307686,-7.54979148499998],[112.744344806,-7.54967372999994],[112.744026243,-7.54955669199992],[112.74402335,-7.54955563799995],[112.743831836,-7.54948557399995],[112.743667986,-7.54944007199992],[112.74366427,-7.54943903999998],[112.743567022,-7.54941203399993],[112.743285421,-7.54938007199998],[112.742765578,-7.54931549099996],[112.74266496,-7.54930077999995],[112.742646593,-7.54929809499991],[112.741920354,-7.54919193599994],[112.74135093,-7.54910869999996],[112.741312811,-7.5491031249999],[112.740696672,-7.54899724899993],[112.740700343,-7.54898124999992],[112.741208163,-7.54676821099997],[112.74120803,-7.54676818999995],[112.7417891,-7.54389240999997],[112.74331063,-7.54369186899993],[112.74332944,-7.54368938999992],[112.744177027,-7.54357768099992],[112.74431831,-7.54355905999993],[112.74498872,-7.54347069999996],[112.74579539,-7.54336437999996],[112.74587544,-7.54335382999991],[112.745880272,-7.54335319300002],[112.74604783,-7.54333110999995],[112.74606604,-7.54332870999996],[112.7467679,-7.54323620999997],[112.746938985,-7.54321365999995],[112.747229164,-7.54317541499995],[112.747209754,-7.54373712999998],[112.747185304,-7.54444469699995],[112.74767967,-7.54442229999995],[112.74800628,-7.54440629999997],[112.74815292,-7.54448228999997],[112.74838755,-7.54469890999997],[112.748509106,-7.54481195899995],[112.75014944,-7.54464916699996],[112.750180476,-7.54470708099998],[112.750310096,-7.54479576199996],[112.750329913,-7.5448082639999],[112.750330178,-7.544808431],[112.75016222,-7.54495140699995],[112.75009102,-7.54501113099996],[112.750056333,-7.545061806],[112.749977831,-7.54530975199997],[112.749875596,-7.54568257499994],[112.749826304,-7.54589432399994],[112.749802091,-7.54602987199994],[112.74996393,-7.54613265999996],[112.75001526,-7.54614531999993],[112.75029254,-7.54619930999994],[112.7503332,-7.54619864999991],[112.75053583,-7.54618331999996],[112.75074579,-7.54621130999996],[112.75101574,-7.54639393999996],[112.75117772,-7.54656790999995],[112.75127503,-7.54677053999995],[112.75130036,-7.54689385999993],[112.75133769,-7.54708181999995],[112.75134969,-7.54740175999997],[112.75137568,-7.54752840999991],[112.75143034,-7.54780368999997],[112.75151565,-7.54792767],[112.75175761,-7.54813497],[112.75192492,-7.54820028999995],[112.75221353,-7.54823428000001],[112.75254014,-7.54826894],[112.75289074,-7.54827293999995],[112.75357995,-7.54827960999991],[112.753627764,-7.54827789699996],[112.753678042,-7.5482741609999],[112.75367432,-7.54848715099995],[112.752868597,-7.55013376999992],[112.752772273156509,-7.550133784946941],[112.75271686,-7.55013376999992],[112.75228722,-7.55012043999993],[112.752209207,-7.55012475699995],[112.75217452,-7.55014828499998],[112.752037598,-7.55036184099995],[112.751880594,-7.55071837199996],[112.751734543,-7.55102965699997],[112.75156476,-7.55144410099998],[112.751545098,-7.55150245199995],[112.751283606,-7.55227848299994],[112.751282892,-7.55228060199993],[112.75109277,-7.55224538999996],[112.75086148,-7.55224272999996],[112.75061219,-7.55228471999994],[112.750581027307007,-7.55229321471122],[112.7501916,-7.55239936999996],[112.7500083,-7.55246468999998],[112.749896840336007,-7.55251175008731],[112.749856884,-7.55252579499997],[112.74984551,-7.55252983999995],[112.74977567,-7.55255466999992],[112.74967169,-7.552584],[112.74943173,-7.55266931999993],[112.74921844,-7.55273596999995],[112.749142783731003,-7.55276583620776],[112.749034329,-7.55280864999996],[112.74901581,-7.55281595999995],[112.748953032,-7.55285335799996],[112.7488905,-7.55289060999995],[112.748731323,-7.55297399399993],[112.748625496,-7.55306205599992],[112.748518696,-7.55313625699994],[112.748401856,-7.55319597999994],[112.748304185,-7.55321317299995],[112.748283428430994,-7.55321553076431],[112.748216555,-7.55322312699997],[112.748082034,-7.55322234700001],[112.748060463,-7.55322222199994],[112.747814916,-7.553186027],[112.747649697,-7.55311453999997],[112.747604056,-7.553054817],[112.747583061,-7.55298785499996],[112.747539803,-7.55284634199998],[112.74747741,-7.55278129999994],[112.74732544,-7.55261598999992],[112.747128173,-7.55239022900001],[112.747132948,-7.55236631199995],[112.747102297464195,-7.552338022980942],[112.747079458311518,-7.552316943505249],[112.746994460720003,-7.55254404689419],[112.746928992,-7.55297325399994],[112.746814719279655,-7.553601066907967],[112.746731847533994,-7.55405383424415],[112.746020198246001,-7.55730001914063],[112.746069074,-7.55734674000001],[112.74606143,-7.55738346999993],[112.74609461,-7.55741919999998],[112.7461086,-7.55743053],[112.74615793,-7.55743985999995],[112.74620479,-7.55744649999998],[112.74623897,-7.55744046999996],[112.74634162,-7.55740581],[112.74642694,-7.55737780999991],[112.74649226,-7.55731381999995],[112.74660424,-7.55720716999996],[112.74670489,-7.55711118999997],[112.74672955,-7.55709585999996],[112.74710415,-7.55686323999995],[112.74718947,-7.55680857999996],[112.74740276,-7.55670459999993],[112.74741562,-7.55669857999993],[112.74746542,-7.55667526999998],[112.74748675,-7.55667859999993],[112.74756607,-7.55669925999998],[112.74758673,-7.55672792999996],[112.74763072,-7.55679924999993],[112.74763739,-7.55685389999997],[112.74764138,-7.55690789999993],[112.74762872,-7.55694521999991],[112.74749541,-7.55733714999998],[112.74738876,-7.55764642999998],[112.7473881,-7.55765369999995],[112.74738343,-7.55770508999995],[112.74737543,-7.55792904999993],[112.74742276,-7.55808034999995],[112.74744009,-7.55813300999992],[112.74749608,-7.5581410099999],[112.74751941,-7.55813700999994],[112.74752421,-7.55813497999998],[112.74723385,-7.55971121999994],[112.74710864,-7.56039092],[112.74993438,-7.56123863999994],[112.74989593,-7.56133116999997],[112.749590821257513,-7.562314767906003],[112.749294783377891,-7.563251828855861],[112.749218268,-7.56321357099997],[112.748934319570679,-7.563141685344312],[112.748583797,-7.56305198899997],[112.748266832,-7.56298227899994],[112.748265996,-7.56298483399994],[112.748262831,-7.562984193],[112.746895971,-7.56270755399995],[112.746871978,-7.56270269799998],[112.745099553,-7.56561787299992],[112.74507829542037,-7.565652836090039],[112.745074832,-7.56565853299997],[112.743176904,-7.56494270999996],[112.74311744,-7.56493035999993],[112.742675791,-7.56480197499997],[112.74265885,-7.56479705],[112.74269085,-7.56464240999997],[112.7427495,-7.56443444],[112.74284548,-7.56422114999998],[112.74303212,-7.56381055999996],[112.74318142,-7.56359725999994],[112.74331473,-7.56321332999994],[112.743324768,-7.56319589699996],[112.743363118,-7.56305469399996],[112.743410585,-7.56291172399995],[112.743518055,-7.56263163999995],[112.74284548,-7.56241879999992],[112.74227708,-7.56223839999996],[112.74161904,-7.56202954],[112.741637638,-7.56199078799994],[112.74168302,-7.56189622999996],[112.74170969,-7.56176824999998],[112.74170969,-7.56157095999993],[112.74170969,-7.56135765999997],[112.74172568,-7.5612403499999],[112.74175768,-7.56097906],[112.741754268,-7.56097820699995],[112.741752954,-7.56097787899996],[112.741752976,-7.56097772399993],[112.741791707,-7.56070721899994],[112.741796569,-7.56069209599996],[112.741844651,-7.56054253099995],[112.741935932,-7.56031812099993],[112.741968793,-7.56020953499995],[112.742021737,-7.55995435899997],[112.742052772,-7.55977519299997],[112.742113018,-7.55955440199997],[112.742156833,-7.55940962099991],[112.742215254,-7.55925759999998],[112.742310186,-7.55902775999995],[112.742324121,-7.55898171599991],[112.742332094,-7.55895537]]]]}},
{"type":"Feature","properties":{"kdkab":"15","kdkec":"050","nmkab":"SIDOARJO","nmkec":"JABON","kddesa":"007","kdprov":"35","nmdesa":"TAMBAK KALISOGO","nmprov":"JAWA TIMUR","iddesa":"3515050007"},"geometry":{"type":"MultiPolygon","coordinates":[[[[112.78267223,-7.55010397999997],[112.78257092,-7.55016262999994],[112.78254425,-7.5501773],[112.78233096,-7.55040791999997],[112.78201835,-7.55072319999996],[112.78180512,-7.55095408999995],[112.78179306,-7.55096716],[112.78121283,-7.55168502999993],[112.78115484,-7.55175834999994],[112.78107818,-7.55183966999991],[112.78107469,-7.55184325999994],[112.78066159,-7.55226791999993],[112.78046163,-7.55246188999993],[112.780461649,-7.55246237999993],[112.780410187,-7.55255451999997],[112.7803837,-7.55251513299993],[112.780359194,-7.55247363099994],[112.780298751,-7.55247778399995],[112.780229187,-7.55259171900001],[112.780059223,-7.55275145499998],[112.779796552,-7.55297902499996],[112.779697223,-7.55305123399997],[112.779544918,-7.55316501899996],[112.779458832,-7.55327223999994],[112.779339637,-7.55337289499992],[112.778748075,-7.55376238899993],[112.778160927,-7.55413000099997],[112.777940195,-7.55431380599992],[112.77750756,-7.55455450399996],[112.777448809,-7.55477533199998],[112.777429879,-7.55484648699995],[112.77721771,-7.55490394999993],[112.77704174,-7.55507992000002],[112.77682311,-7.55534120999995],[112.77680822,-7.55538752999997],[112.77677512,-7.55549052],[112.776762974,-7.55550766699998],[112.77668447,-7.55561848999996],[112.77653516,-7.55568247999995],[112.7762952,-7.55572513999992],[112.77577796,-7.55575179999993],[112.77536204,-7.55570380999996],[112.77456218,-7.55546384999994],[112.7742529,-7.55540519999995],[112.77389563,-7.55537853999996],[112.77336464,-7.55541078999993],[112.772445874225426,-7.555403629118046],[112.771788178615509,-7.555383241968936],[112.771254051720064,-7.555345800360902],[112.77095382072342,-7.555357350773081],[112.770754310719767,-7.555302078688677],[112.770491623408304,-7.555074087382406],[112.770247149506289,-7.554835083802715],[112.769964783307586,-7.554574188196223],[112.769714779391677,-7.554398392964393],[112.769457862958447,-7.554301608167393],[112.769178264155201,-7.55422141580056],[112.768963816129244,-7.554154884908334],[112.768795523186498,-7.554076469022306],[112.768648069275798,-7.554002530155398],[112.768553650731334,-7.553898731361051],[112.768460515598889,-7.553749929569723],[112.768460515598889,-7.553742089569734],[112.768414226801369,-7.55358134174111],[112.768427392818637,-7.553370186413742],[112.768473907256322,-7.553111525734011],[112.768549654838353,-7.552791730461621],[112.768612992123465,-7.552553118470731],[112.768649729945395,-7.552375871489745],[112.768711966857168,-7.552146747325621],[112.768755434157796,-7.551926005080018],[112.768754964157793,-7.551923025080058],[112.7687734,-7.55174503999995],[112.76873975,-7.55153274999997],[112.76871675,-7.55138443999995],[112.76867576,-7.55112881999996],[112.76863476,-7.55086819999997],[112.7685941,-7.55061257999994],[112.76856211,-7.55041461999995],[112.76854811,-7.55037595999995],[112.76846946,-7.55016165999996],[112.76839547,-7.54996469999996],[112.76839358,-7.54996196],[112.76836615,-7.54992236999993],[112.76823384,-7.54973006999993],[112.76819418,-7.54967207999992],[112.76809219,-7.54956109999992],[112.76801554,-7.54947544999993],[112.7678909,-7.54933713999997],[112.76783624,-7.54927514999996],[112.76775959,-7.54919049999996],[112.7676596,-7.54907851999995],[112.767594726512911,-7.549014663482806],[112.767495733816332,-7.548921743957803],[112.767471137471489,-7.548901550662338],[112.767433635637076,-7.548869666511601],[112.767406913682166,-7.548842944556699],[112.767254477075767,-7.548695973804736],[112.767057706316962,-7.54853382012385],[112.766740079443892,-7.548306076190019],[112.766391479395864,-7.548137242020407],[112.76611621,-7.54799670999993],[112.76608488,-7.54797937999996],[112.76591092,-7.54789739999996],[112.76571228,-7.54780740999998],[112.76540901,-7.54766410999998],[112.76510706,-7.54752479999998],[112.76501241,-7.54749679999997],[112.764803752,-7.54745227999996],[112.764712767,-7.54743286699996],[112.7646938,-7.54742881999992],[112.76442718,-7.54738748999995],[112.76407524,-7.54731283999996],[112.76390994,-7.54723817999996],[112.7637393,-7.54714219999992],[112.76320073,-7.54691824000001],[112.76229956,-7.54647032],[112.76176632,-7.54627301999991],[112.761186511,-7.54614545999996],[112.76096647,-7.54609704999994],[112.76052722492922,-7.545955151475757],[112.760065663889989,-7.545901707565951],[112.75867887,-7.54589974999992],[112.75768172,-7.54587308999993],[112.757220067,-7.54587058600001],[112.757120583,-7.54631818199994],[112.75698875,-7.54674609299994],[112.757060447191606,-7.54733348252472],[112.757038845125862,-7.547504335226528],[112.756952639111347,-7.54749538459952],[112.756865224407591,-7.547481582277874],[112.756821517055712,-7.547479281890934],[112.756626463668297,-7.547448715424532],[112.756561800513765,-7.547448716110106],[112.756521497391958,-7.547545772607522],[112.756465566529045,-7.547541660044073],[112.75635862,-7.54750804999997],[112.7562973,-7.54750538999997],[112.75627427,-7.54754172499997],[112.75626687,-7.54755339999994],[112.75617732,-7.54769467999998],[112.75610267,-7.54775066999998],[112.756032924854225,-7.547865730043917],[112.755898032773075,-7.547760448419602],[112.755823184118285,-7.547701227505924],[112.755438319,-7.54744019299993],[112.755193319,-7.54732371099995],[112.75445082,-7.54771528899993],[112.75426582,-7.54783177099997],[112.75399582,-7.54799286199991],[112.753680868,-7.54811247999993],[112.753678042,-7.5482741609999],[112.753627764,-7.54827789699996],[112.75357995,-7.54827960999991],[112.75289074,-7.54827293999995],[112.75254014,-7.54826894],[112.75221353,-7.54823428000001],[112.75192492,-7.54820028999995],[112.75175761,-7.54813497],[112.75151565,-7.54792767],[112.75143034,-7.54780368999997],[112.75137568,-7.54752840999991],[112.75134969,-7.54740175999997],[112.75133769,-7.54708181999995],[112.75130036,-7.54689385999993],[112.75127503,-7.54677053999995],[112.75117772,-7.54656790999995],[112.75101574,-7.54639393999996],[112.75074579,-7.54621130999996],[112.75053583,-7.54618331999996],[112.7503332,-7.54619864999991],[112.75029254,-7.54619930999994],[112.75001526,-7.54614531999993],[112.74996393,-7.54613265999996],[112.749802091,-7.54602987199994],[112.749826304,-7.54589432399994],[112.749875596,-7.54568257499994],[112.749977831,-7.54530975199997],[112.750056333,-7.545061806],[112.75009102,-7.54501113099996],[112.75016222,-7.54495140699995],[112.750330178,-7.544808431],[112.750329913,-7.5448082639999],[112.750310096,-7.54479576199996],[112.750180476,-7.54470708099998],[112.75014944,-7.54464916699996],[112.748509106,-7.54481195899995],[112.74838755,-7.54469890999997],[112.74815292,-7.54448228999997],[112.74800628,-7.54440629999997],[112.74767967,-7.54442229999995],[112.747185304,-7.54444469699995],[112.747209754,-7.54373712999998],[112.747229164,-7.54317541499995],[112.7487388,-7.54297643999995],[112.748744336,-7.54297571099994],[112.74887685,-7.54295825000001],[112.74984156,-7.54283109999995],[112.75298285,-7.54226566999994],[112.75453256,-7.54228660999995],[112.754843880862325,-7.542308498123542],[112.755420377,-7.54234902999994],[112.75553715,-7.54235723999993],[112.75611424,-7.54239781699995],[112.7564293,-7.54241996999996],[112.7568990840265,-7.542453005856609],[112.757215555477188,-7.542466338683201],[112.75842757,-7.54265036999997],[112.75898584,-7.54273093999997],[112.76127586,-7.54306145999997],[112.761394876215718,-7.543080351576979],[112.761954095,-7.54316911699994],[112.76303903,-7.54334132999997],[112.76391455,-7.54348029999993],[112.765082616,-7.54364901999997],[112.7676841,-7.54402478999997],[112.7689825,-7.54398290999995],[112.77116046,-7.54318710999998],[112.77205192,-7.54299331999992],[112.772668512,-7.54285927299998],[112.77266857,-7.54285925699998],[112.772681811,-7.54234939799995],[112.772694719,-7.54185234899997],[112.77269917,-7.54168095999994],[112.77263987,-7.54102012999996],[112.77256522,-7.54073218],[112.77234126,-7.54009228999996],[112.77217062,-7.53959104999998],[112.77196799,-7.53880185999996],[112.77194666,-7.53849257999997],[112.77194666,-7.53825684999991],[112.77200532,-7.53811930999996],[112.77212796,-7.53801532999992],[112.7722906,-7.53787668999997],[112.77237325,-7.53782602999998],[112.77270119,-7.53763406999994],[112.7734711,-7.53717934999998],[112.77347172,-7.53717814999991],[112.77353704,-7.53713814999997],[112.7736291,-7.53711824999994],[112.77363702,-7.53699150999997],[112.77371168,-7.53667156999996],[112.77374367,-7.53625564999994],[112.77375434,-7.53594636999996],[112.77364769,-7.53550910999994],[112.77351971,-7.53501852999995],[112.773504,-7.53483786999993],[112.77349838,-7.53477323999993],[112.77360503,-7.53446395999995],[112.77386098,-7.53421866999998],[112.77414893,-7.53409069999997],[112.77440489,-7.53405869999994],[112.77467151,-7.53408002999993],[112.77501278,-7.53426132999992],[112.7754607,-7.53462393999997],[112.77608992,-7.53525315999993],[112.77635654,-7.53541312999992],[112.7765485,-7.53551977999998],[112.77670848,-7.53550910999994],[112.77691111,-7.53543445999996],[112.77700709,-7.53539180000001],[112.77707108,-7.53531714999997],[112.7771244,-7.53523182999993],[112.7773057,-7.53484789999989],[112.77762565,-7.53428266000001],[112.77795625,-7.53394138999993],[112.77821221,-7.53384540999998],[112.7786068,-7.53393072999995],[112.77889475,-7.53418667999992],[112.77921936,-7.53483589999996],[112.77922523,-7.53484805999992],[112.77948931,-7.53539579999993],[112.77967061,-7.53559842999998],[112.77992657,-7.53562508999995],[112.78027628,-7.53559960999998],[112.78129966,-7.53525848999998],[112.78148096,-7.53520516999995],[112.78228081,-7.53513050999995],[112.78299535,-7.53497053999997],[112.78316599,-7.53488521999998],[112.78352859,-7.53443729999995],[112.78382721,-7.53410668999993],[112.78430712,-7.53375475999998],[112.78453108,-7.5336801],[112.78473904,-7.53363210999992],[112.78491501,-7.53362677999997],[112.78510698,-7.53365343999994],[112.78521682,-7.53369998999996],[112.78530127,-7.53372146000001],[112.78542692,-7.53377608999996],[112.78574153,-7.53399470999996],[112.78599749,-7.53426132999992],[112.78614679,-7.53442130999995],[112.78621611,-7.53448528999994],[112.78671202,-7.53487988999996],[112.78707463,-7.53511451999997],[112.78729073,-7.53525704999989],[112.78731379,-7.53527598999996],[112.78745856,-7.5353598],[112.78781049,-7.5355891],[112.78846802,-7.53601884999993],[112.78882898,-7.53619698999996],[112.78946887,-7.53652225999996],[112.790213006,-7.53676789899992],[112.7908852,-7.53698978999995],[112.79199360670043,-7.537314860356181],[112.792653607677082,-7.537415064400478],[112.793378863299566,-7.537982745656582],[112.793805588893335,-7.53832261707506],[112.793974213733321,-7.538639907603534],[112.794358929365757,-7.538731950341324],[112.794657261211512,-7.538901358358918],[112.794917601669113,-7.539019673439692],[112.795107226712702,-7.539036263481327],[112.795187624428067,-7.539451988738892],[112.795246137,-7.540767939],[112.796572746031487,-7.540632062681905],[112.79685863559007,-7.539791462039508],[112.796966181789259,-7.53956778474456],[112.797035049088237,-7.539265964405806],[112.797242319556759,-7.539262867501623],[112.797324551055951,-7.538808293655534],[112.797222645736966,-7.537485727266776],[112.797276717980807,-7.537444015774112],[112.7973278,-7.53740443999993],[112.797448843848144,-7.537311786712997],[112.797638187734492,-7.53721025627399],[112.797860403089629,-7.537097005595535],[112.798022702795478,-7.537031589778156],[112.79818564,-7.53698750999993],[112.798283239047478,-7.536995999265374],[112.798385376569641,-7.537011569740828],[112.798538459585686,-7.537051501169889],[112.798794190504097,-7.537116336167089],[112.799231448433972,-7.537244821840955],[112.799574025167857,-7.537333177902828],[112.799845722927614,-7.537412679017925],[112.800275030268267,-7.537525872985047],[112.800846605937352,-7.537666109938404],[112.801365738400463,-7.537799104865701],[112.801788115912359,-7.537915673311453],[112.802162757654628,-7.538001527017942],[112.802627504482345,-7.538119148458452],[112.803441839652749,-7.538275316436018],[112.804342097775304,-7.538359386496105],[112.80500709,-7.53849124999993],[112.80520972,-7.53856056999992],[112.80561232,-7.53874186999996],[112.80584694,-7.53885650999998],[112.80599092,-7.53893649999995],[112.80610023,-7.53901914999998],[112.80618821,-7.53907247999995],[112.80626252,-7.53913438999995],[112.8062962,-7.53915017999996],[112.806366944919191,-7.53917876696055],[112.806627679354136,-7.539201578267797],[112.806844102043826,-7.539215205119559],[112.807178809968505,-7.539241834428504],[112.80748132,-7.53925643999997],[112.80753997,-7.53926443999997],[112.80818252,-7.53940307999994],[112.80848914,-7.53948306999993],[112.80858779,-7.53951505999992],[112.80863844,-7.5395124],[112.80913169,-7.53957104999992],[112.80960094,-7.53957638999998],[112.810631006044574,-7.539519977888906],[112.811319053456486,-7.539420943833949],[112.811859877374928,-7.539245337230924],[112.812270137087239,-7.539106076861039],[112.812790550573837,-7.538981761377763],[112.813981955819131,-7.538528689418259],[112.814818802633809,-7.538124212817253],[112.815715959075149,-7.537576397581641],[112.816405780579331,-7.537153750252597],[112.817056753494953,-7.536568473708995],[112.817533576333815,-7.536153729811969],[112.817851193982477,-7.535799364787242],[112.81813967,-7.53548502999995],[112.818576435273727,-7.535093201561789],[112.819405206747362,-7.536752706024939],[112.81966227,-7.5366314],[112.819826055302343,-7.536536978380231],[112.81983994,-7.53652852999993],[112.820204617,-7.53821205399991],[112.82021769,-7.53827239999992],[112.82022871,-7.53832327999993],[112.82034602,-7.53877652999994],[112.82038868,-7.53897915999994],[112.82035135,-7.53921911999992],[112.82025537,-7.53946973999997],[112.82023937,-7.53957638999998],[112.82026603,-7.53970968999992],[112.82039401,-7.54017893999998],[112.82040468,-7.54056820999991],[112.82039401,-7.54101612999992],[112.82024471,-7.54147470999991],[112.8200954,-7.54173066999991],[112.81995676,-7.54181599],[112.81965814,-7.54198661999994],[112.81956216,-7.5421679199999],[112.8195195,-7.54235988999994],[112.81948751,-7.54270116000001],[112.81942352,-7.54309575999997],[112.81947684,-7.54333037999993],[112.81961548,-7.54355433999996],[112.8197328,-7.54385295999998],[112.81974346,-7.54423688999996],[112.81965814,-7.54454615999992],[112.81957283,-7.54466347999992],[112.81949817,-7.54482345000001],[112.81946618,-7.54507939999998],[112.81935953,-7.54571928999996],[112.81908575,-7.54634633999997],[112.81905292,-7.54637917],[112.81888228,-7.54684841999996],[112.81758118,-7.54942929],[112.81728257,-7.54983454999997],[112.81681332,-7.55034645999996],[112.81587482,-7.55094368999995],[112.81508563,-7.55143426999996],[112.81450973,-7.55166888999996],[112.81288868,-7.55230878],[112.81254741,-7.55258605999997],[112.81218481,-7.55337525999993],[112.81181837,-7.55466743999997],[112.81172936,-7.55462293999994],[112.81163779,-7.55458717999993],[112.8110656,-7.55452421999996],[112.810913,-7.55460625999995],[112.8106765,-7.55481224999993],[112.81034843,-7.55517271999997],[112.81010429,-7.55539828999996],[112.81009826,-7.55540039999993],[112.80995172,-7.55545169999993],[112.80975334,-7.55543499],[112.80947105,-7.55535394],[112.80852502,-7.55502681999996],[112.80783836,-7.55494099999988],[112.80718989,-7.55495577999992],[112.80651085,-7.55503682999997],[112.806137,-7.55518371999994],[112.80563346,-7.55546359999996],[112.80542747,-7.55565959999994],[112.80520621,-7.55596619999994],[112.80504601,-7.55631285999996],[112.80493155,-7.55669575000001],[112.80487816,-7.55709630999996],[112.80490867,-7.55737190999998],[112.80503073,-7.55784207999994],[112.80512992,-7.55835897000001],[112.8051452,-7.55881765999996],[112.80508415,-7.55911712999997],[112.8049926,-7.55925635999998],[112.80477897,-7.55941325999994],[112.8045806,-7.55948049999995],[112.80422204,-7.55950859999993],[112.80394739,-7.55946997999997],[112.80374902,-7.55934840999994],[112.80318442,-7.55900460000001],[112.80296317,-7.55895690999997],[112.80273429,-7.55899170999991],[112.80213156,-7.55910140999996],[112.80213156,-7.55957584],[112.80202476,-7.56001644999997],[112.80180352,-7.56068878999997],[112.80163566,-7.56155422999992],[112.80144493,-7.56204586999996],[112.80144107,-7.56204646999992],[112.80091087,-7.56212786999993],[112.8003234,-7.56207019999994],[112.800148813,-7.561995655],[112.7998275,-7.56185845999993],[112.79965203,-7.56154184999997],[112.79970992,-7.56063383999997],[112.79952178,-7.56054584999994],[112.79894236,-7.56053957999992],[112.79840693,-7.56078903999996],[112.79840842,-7.56081229999995],[112.79835503,-7.56102209999993],[112.79825585,-7.56118707999997],[112.7976226,-7.56162289999996],[112.797547454,-7.56156165999995],[112.79754165,-7.56155692999995],[112.79723441,-7.56178884999997],[112.7965005,-7.56169205999996],[112.79592719,-7.56115169999992],[112.79584496,-7.56118852999998],[112.7955474,-7.56143171000001],[112.7951583,-7.56194428999993],[112.79495232,-7.56222325999998],[112.79477684,-7.56237485999995],[112.79461663,-7.56243494999994],[112.79353323,-7.56221181999994],[112.79328147,-7.56238777999992],[112.79257956,-7.56286985],[112.79137413,-7.56379251999995],[112.79071037,-7.56436424999991],[112.79049674,-7.56443100999995],[112.79019157,-7.56444817999992],[112.78992456,-7.56439857999996],[112.78974144,-7.56431322999994],[112.78909294,-7.56382827999994],[112.7890909,-7.56382896],[112.78908617,-7.56383052999996],[112.78921473,-7.56367888999996],[112.78944136,-7.56328828999994],[112.78946002,-7.56325095999991],[112.78950135,-7.56310831999995],[112.78960666,-7.56270172999996],[112.78961466,-7.5626564],[112.78969465,-7.56223047999993],[112.78970664,-7.56216183000001],[112.78969864,-7.56203051999996],[112.78969398,-7.56199385999998],[112.78968198,-7.56196986],[112.78964199,-7.56188453999995],[112.78955267,-7.56170524],[112.78952867,-7.56165591999994],[112.78950668,-7.56163124999992],[112.7894107,-7.56150260999996],[112.78934371,-7.56141828999995],[112.78932038,-7.56138662999997],[112.78920673,-7.56127064999992],[112.78909242,-7.56115000999994],[112.78901043,-7.56106534999998],[112.78889579,-7.56094603999998],[112.78886746,-7.56091837999996],[112.78879347,-7.56081139999996],[112.78869416,-7.56066975999993],[112.7886585,-7.56061676999993],[112.78865217,-7.56060309999997],[112.78860117,-7.56050711999994],[112.788547802,-7.56040515899996],[112.78853052,-7.56037213999996],[112.7884742,-7.56026549999997],[112.78846053,-7.56023916999993],[112.78842787,-7.56010585999995],[112.78841521,-7.56004819999995],[112.78840054,-7.55998754999993],[112.78839754,-7.55997287999998],[112.78839521,-7.55991788999998],[112.78839105,-7.55957812],[112.78839171,-7.55956728999994],[112.78840921,-7.55946896999997],[112.7884382,-7.55929733999996],[112.78844424,-7.55926215999996],[112.78845687,-7.55918868999992],[112.78845853,-7.55917968999993],[112.78848553,-7.55907338],[112.78851819,-7.55894239999998],[112.78855518,-7.55878476000001],[112.78857618,-7.55870844],[112.78857718,-7.55869243999998],[112.78859584,-7.55841882999995],[112.78859718,-7.55839582999996],[112.78859417,-7.55837949999996],[112.78856718,-7.55826451999995],[112.78855518,-7.55821753],[112.78855252,-7.55821085999996],[112.78854752,-7.55820386999993],[112.78849353,-7.55812754999994],[112.78841654,-7.55802322999995],[112.78837788,-7.55796790999996],[112.78836355,-7.55795391],[112.7883034,-7.5578983999999],[112.78826857,-7.55786625999995],[112.78810026,-7.55771329000001],[112.78799928,-7.55762029999992],[112.7879103,-7.55754064999993],[112.78787864,-7.55751065999993],[112.78787197,-7.55750565999996],[112.787847131,-7.55749047599996],[112.78774766,-7.55742967],[112.78763001,-7.55735734999995],[112.78755803,-7.55731435999997],[112.7875257,-7.55729435999998],[112.78730141,-7.55717204999994],[112.78726275,-7.55715071999997],[112.7871321,-7.55704006999998],[112.78712777,-7.55703540999994],[112.78711977,-7.55701507999994],[112.78710111,-7.55697241999997],[112.78700632,-7.55675593999997],[112.78699779,-7.55673646000001],[112.78696913,-7.55667447],[112.78694747,-7.55658881999993],[112.78691947,-7.55648083999992],[112.78691947,-7.55646718],[112.78692347,-7.55645417999996],[112.7869508,-7.55635485999998],[112.7869648,-7.55630919999992],[112.78697113,-7.55629753999995],[112.78700609,-7.55624887999994],[112.78705278,-7.55618388999994],[112.78714643,-7.55604891999995],[112.78717876,-7.55600425999995],[112.78718809,-7.55599592999993],[112.78723324,-7.55596488999991],[112.78723608,-7.55596292999995],[112.78737339,-7.55586994999992],[112.78751703,-7.55577362999996],[112.78767867,-7.55566697999994],[112.78788364,-7.55552933999997],[112.78807094,-7.55540535999996],[112.78829323,-7.55525838999994],[112.78840288,-7.55518439999998],[112.78851952,-7.55510807999995],[112.78861417,-7.55504375999992],[112.78865883,-7.55500643999992],[112.78878514,-7.55489811999998],[112.78880214,-7.55488445999995],[112.78881547,-7.55485979999995],[112.78883013,-7.55483012999998],[112.78892278,-7.55464482999995],[112.78896944,-7.55455318],[112.78897377,-7.55454251999996],[112.78898944,-7.55446619999996],[112.78900977,-7.55437787999993],[112.78901277,-7.55436221999997],[112.78901143,-7.55434754999993],[112.78900077,-7.55427656999998],[112.78899144,-7.55420424999994],[112.78898277,-7.55415792],[112.78897744,-7.55414591999994],[112.78893245,-7.55405160999995],[112.78890412,-7.55399227999992],[112.78886946,-7.5539236299999],[112.78884413,-7.55387763999994],[112.7888208,-7.55385030999996],[112.7886465,-7.5536523399999],[112.78862795,-7.55363075999997],[112.78840188,-7.55336772999993],[112.78814126,-7.55307044999996],[112.78799662,-7.55291380999996],[112.7878953,-7.55267917999989],[112.7878753,-7.55263252999993],[112.78783931,-7.55242855999998],[112.78781798,-7.55229524999993],[112.78781798,-7.55226059],[112.78785264,-7.55189798999993],[112.78786331,-7.55179400999998],[112.78788382,-7.55171415999998],[112.787936208,-7.55151026699998],[112.78794253,-7.55148565999996],[112.78794996,-7.55145673999992],[112.78795929,-7.55140873999995],[112.78799528,-7.55132075999996],[112.78804461,-7.55119677999993],[112.7880606,-7.55117278999995],[112.78812393,-7.55110279999997],[112.78818125,-7.55103947999994],[112.78819725,-7.55103215],[112.78850786,-7.55090016999997],[112.7886185,-7.55085150999997],[112.78892712,-7.55076086],[112.7890331,-7.55072886999994],[112.78923373,-7.55071219999996],[112.7897483,-7.55066620999996],[112.78997893,-7.55064620999998],[112.79005758,-7.55064820999997],[112.79023555,-7.55064887999995],[112.79025621,-7.55065620999996],[112.79034486,-7.55070353999994],[112.79053816,-7.55079151999997],[112.79064814,-7.55085417999995],[112.79076679,-7.55091816999993],[112.7909041,-7.55099682000001],[112.79095875,-7.55102814999996],[112.79097142,-7.55103480999996],[112.79103674,-7.55106013999992],[112.79115438,-7.55110512999994],[112.79123504,-7.55113645999994],[112.79124104,-7.55113778999995],[112.79140734,-7.55116178999998],[112.79147966,-7.55117144999997],[112.79149832,-7.55116711999995],[112.79165963,-7.55113212999992],[112.79168929,-7.55112645999997],[112.79169662,-7.55112145999993],[112.79171662,-7.55110912999993],[112.79174961,-7.55108779999995],[112.79186659,-7.55101147999991],[112.79202223,-7.55091082999995],[112.79204989,-7.5508925],[112.79215887,-7.55080951999996],[112.79226252,-7.5507312],[112.79232501,-7.55068470999995],[112.79242399,-7.55060838999998],[112.79242999,-7.55060205999997],[112.79249831,-7.55051839999992],[112.79253364,-7.55047675],[112.7925383,-7.55047008],[112.7925433,-7.55045774999994],[112.7925703,-7.55038142999995],[112.79262062,-7.55023744999995],[112.79262629,-7.55022111999995],[112.79262929,-7.55021745999992],[112.79269261,-7.55016912999998],[112.79277093,-7.55010780999996],[112.79281392,-7.55007414999994],[112.79287491,-7.55002782999994],[112.79293057,-7.54998316999997],[112.79307787,-7.54986884999993],[112.79311687,-7.54983818999995],[112.79312553,-7.54982985999995],[112.79312687,-7.54982452999998],[112.79313087,-7.54981286],[112.79319919,-7.54959223999998],[112.79324218,-7.54946025999993],[112.79330217,-7.54927995999998],[112.7933285,-7.54920096999993],[112.79336482,-7.54914097999992],[112.79341648,-7.549058],[112.79346647,-7.54897434999998],[112.7934948,-7.54892868999997],[112.79352579,-7.54888902999991],[112.79355312,-7.54885402999995],[112.79362944,-7.54875537999991],[112.79367477,-7.54869739999998],[112.79375275,-7.54859374999997],[112.79376675,-7.54857874999991],[112.79376975,-7.54857141999997],[112.79377608,-7.54855741999993],[112.79379275,-7.54852142999993],[112.79386573,-7.54836344999996],[112.79392672,-7.54823347999995],[112.79397338,-7.54813315999995],[112.79400971,-7.54805117999996],[112.79403904,-7.5479905199999],[112.79405403,-7.54795885999993],[112.79411836,-7.54781889],[112.79428666,-7.54745694999997],[112.79430132,-7.54742429000001],[112.79441864,-7.54702902999997],[112.79447529,-7.54684338999995],[112.79451162,-7.54672007999996],[112.79452395,-7.54668075999997],[112.79456161,-7.54658376999991],[112.79456981,-7.54656243999994],[112.79464743,-7.54653694999994],[112.79512684,-7.54637847999993],[112.79548278,-7.54626049999996],[112.79553144,-7.54623782999992],[112.79577339,-7.54611519],[112.79578939,-7.54610518999993],[112.79603468,-7.54590455999993],[112.79610533,-7.54584789999996],[112.79611867,-7.54583390999998],[112.79634263,-7.54557861999994],[112.79637195,-7.54554528999993],[112.79638329,-7.54552528999993],[112.79653259,-7.54518268999991],[112.79655592,-7.54514069999994],[112.79659925,-7.54506270999995],[112.79672456,-7.54484342],[112.79675389,-7.54479675999998],[112.79677255,-7.54476076],[112.796808784,-7.54469780299996],[112.796809597,-7.54469638999995],[112.796732243,-7.54472486299996],[112.79672927,-7.54472634999997],[112.7965722,-7.54478916999996],[112.796484214310141,-7.544811166422423],[112.79615336,-7.54489387999995],[112.79573452,-7.54511376999992],[112.795628746,-7.54517815299993],[112.79549369,-7.54526035999992],[112.79521097,-7.54520800999994],[112.795140567,-7.54520740799997],[112.794564779,-7.54520248699993],[112.793193564,-7.54519076899992],[112.792980723,-7.54518894999996],[112.79276077,-7.54518706999993],[112.792562274,-7.54517985299997],[112.792189661,-7.54516630499994],[112.79218486,-7.54516612999993],[112.79112729,-7.54506141999997],[112.791053379,-7.54504452299997],[112.790982586,-7.54502833899993],[112.79094405,-7.54501952999992],[112.79079431,-7.54492107199996],[112.790684992,-7.54484919299997],[112.79056186,-7.54476822999992],[112.79046239,-7.54468969999997],[112.79045439,-7.54468271999998],[112.79031252,-7.54457909999995],[112.78981486,-7.54430900999998],[112.78957372,-7.54423355999994],[112.78922092,-7.54415501999997],[112.78899034,-7.54410671999992],[112.78880012,-7.54408761999997],[112.78847552,-7.54409153999994],[112.78805406,-7.54413604],[112.78789489,-7.54418265999997],[112.78772866,-7.54429515999997],[112.78770567,-7.54431500999992],[112.78756969,-7.54443099],[112.7875057,-7.54452296999994],[112.78744838,-7.54460695999995],[112.78737973,-7.54474026999998],[112.78734173,-7.54475292999994],[112.78725441,-7.54478892999997],[112.78720376,-7.54480426000002],[112.78703045,-7.54482958999994],[112.78698979,-7.54483691999996],[112.78696113,-7.54485290999997],[112.786901436,-7.54489061899995],[112.78689781,-7.54489290999992],[112.78688248,-7.54492356999998],[112.78684787,-7.54500570999994],[112.78683249,-7.54504220999997],[112.78682182,-7.54506820999997],[112.78681884,-7.54510169999997],[112.78681516,-7.54514285999993],[112.78676117,-7.54563210999991],[112.78677017,-7.54579074999994],[112.7867755,-7.54586239999997],[112.78678883,-7.54588806],[112.78681183,-7.54593904999997],[112.78684515,-7.54601370999996],[112.78688048,-7.54608902999996],[112.78689581,-7.54610835999998],[112.78699113,-7.54623666999991],[112.78707145,-7.54634531999995],[112.78707911,-7.54635664999994],[112.78708411,-7.54636797999993],[112.78712877,-7.54648795999998],[112.78713477,-7.54650728999997],[112.78713677,-7.54651527999994],[112.7871301,-7.54654660999994],[112.78710511,-7.54665358999997],[112.78709844,-7.54668125999995],[112.78708811,-7.54669525],[112.78699579,-7.54682555999994],[112.78698446,-7.54684188999994],[112.78696113,-7.54685888999996],[112.78686482,-7.54692821],[112.78683116,-7.54695387000001],[112.78681982,-7.54696186999994],[112.78679983,-7.54696753999997],[112.78665485,-7.54701085999998],[112.7866002,-7.54702685999998],[112.78652421,-7.54702618999993],[112.7864039,-7.54702118999995],[112.7862146,-7.54701385999994],[112.78616394,-7.54701053],[112.78610395,-7.54699886999995],[112.785845,-7.54695286999993],[112.78557271,-7.54690321999994],[112.78544407,-7.54687921999991],[112.78541241,-7.54687754999997],[112.78525344,-7.54687488999997],[112.78524277,-7.54687688999998],[112.78522944,-7.54688321999994],[112.78513413,-7.54693253999996],[112.78512546,-7.54693853999994],[112.78512113,-7.54694853999995],[112.78510413,-7.54701685999991],[112.78507447,-7.54711883999992],[112.78502814,-7.54729014999996],[112.78498349,-7.54745311999993],[112.78482851,-7.54802167999995],[112.78478585,-7.54817798999994],[112.78474853,-7.54831529999993],[112.78470287,-7.54848492999997],[112.78468376,-7.54855402099995],[112.78465521,-7.54865723999993],[112.7845539,-7.54900750999996],[112.78454256,-7.54904083],[112.78452657,-7.54907149999993],[112.7845119,-7.54910081999997],[112.78444658,-7.54913347999997],[112.78415663,-7.54929045999994],[112.78399866,-7.54937476999993],[112.78379736,-7.54948241999996],[112.78371433,-7.54952758999994],[112.78369505,-7.54953807999994],[112.783680956,-7.54954587099996],[112.783533527,-7.549627362],[112.78352141,-7.54963405999996],[112.78305883,-7.54989201999996],[112.78267223,-7.55010397999997]]]]}},
{"type":"Feature","properties":{"kdkab":"15","kdkec":"050","nmkab":"SIDOARJO","nmkec":"JABON","kddesa":"003","kdprov":"35","nmdesa":"KEDUNGREJO","nmprov":"JAWA TIMUR","iddesa":"3515050003"},"geometry":{"type":"MultiPolygon","coordinates":[[[[112.749556832,-7.57301093999994],[112.74938195,-7.57289678999995],[112.749230369,-7.57279897699996],[112.749215409,-7.57278932299994],[112.749138990532927,-7.572740011144927],[112.74881738,-7.57253247999995],[112.7483062,-7.57222442999998],[112.748153771,-7.57213844400001],[112.74798339,-7.57204232999992],[112.747925084863994,-7.57200944074256],[112.74771111,-7.57188873999998],[112.74759811,-7.57186911999997],[112.74727019,-7.57181216999994],[112.747091813517002,-7.57178118913978],[112.74691765,-7.57175093999995],[112.74654083,-7.57176624999993],[112.746525147,-7.571766887],[112.746385313,-7.57177256899996],[112.74615471,-7.57178193999994],[112.745907797,-7.571848813],[112.74573431,-7.57189579999996],[112.74530784,-7.57201130999993],[112.744950668,-7.57217902599995],[112.74493113,-7.57218819999996],[112.744899804,-7.57220290899993],[112.74453798,-7.57237280999991],[112.74446097,-7.57240896999995],[112.743516498,-7.57279503799997],[112.74341575,-7.57283621999994],[112.743241871,-7.57287008599996],[112.742508778,-7.57301286699995],[112.7422332,-7.57306653999996],[112.74199194,-7.57309678999997],[112.741341082,-7.57317842500002],[112.74133514,-7.57317916999995],[112.74135242,-7.57304091],[112.7414441,-7.57243436999995],[112.7414441,-7.57231986999992],[112.741446988,-7.57228159999996],[112.74146543,-7.57203725999994],[112.7414761,-7.57179729999996],[112.74150547,-7.57161127999998],[112.74151609,-7.57154400999997],[112.741518083,-7.57153803200001],[112.74159341,-7.57131204999996],[112.74166464,-7.57113703999995],[112.74167236,-7.57098260999991],[112.74166744,-7.57095311999994],[112.74169872,-7.57068549999998],[112.741661115,-7.57022210899995],[112.74158228,-7.56925066999997],[112.74156571,-7.56882833],[112.74155664,-7.56881786000001],[112.74156008,-7.56877650999997],[112.74121881,-7.56831258999992],[112.74121026,-7.56829236999993],[112.74116549,-7.56821661000002],[112.74117082,-7.56812061999997],[112.74123717,-7.56797339999997],[112.741299113,-7.56783597499998],[112.74132373,-7.56778135999997],[112.74135823,-7.56768819999997],[112.74167206,-7.56684084999992],[112.7419753,-7.56623436999997],[112.74204856,-7.56606012999994],[112.742050926,-7.56605870999995],[112.742107842,-7.56597481399997],[112.74229105,-7.56557001399994],[112.742487501,-7.56513676899992],[112.742615526,-7.564944215],[112.742675791,-7.56480197499997],[112.74311744,-7.56493035999993],[112.743176904,-7.56494270999996],[112.745074832,-7.56565853299997],[112.74507829542037,-7.565652836090039],[112.745099553,-7.56561787299992],[112.746871978,-7.56270269799998],[112.746895971,-7.56270755399995],[112.748262831,-7.562984193],[112.748265996,-7.56298483399994],[112.748266832,-7.56298227899994],[112.748583797,-7.56305198899997],[112.748934319570679,-7.563141685344312],[112.749218268,-7.56321357099997],[112.749294783377891,-7.563251828855861],[112.749447415,-7.56332814499995],[112.751901201,-7.56427655999995],[112.753012819,-7.56388041399997],[112.75424996,-7.563439536],[112.754743264,-7.56319447499994],[112.754848289,-7.56305444099997],[112.754918307,-7.56289212799995],[112.754978374,-7.56270919499995],[112.754983313,-7.56255008199997],[112.755169175,-7.56252144300001],[112.755246522,-7.56250952499994],[112.755430447,-7.56202827099998],[112.75543299,-7.56203330999998],[112.75544566,-7.56203330999998],[112.75552031,-7.56202730999998],[112.7556143,-7.56201865],[112.75566095,-7.56199331999994],[112.75578826,-7.56191732999995],[112.75581093,-7.56188533999995],[112.75589958,-7.56177002999994],[112.75596557,-7.56160138999994],[112.75598623,-7.56154673000001],[112.75601756,-7.56133009999995],[112.75602156,-7.56130210999994],[112.75602156,-7.56106214999992],[112.75602156,-7.56087018999994],[112.75602156,-7.5608455199999],[112.75600156,-7.56063489999996],[112.75595957,-7.56016198000002],[112.75596023,-7.56015831000002],[112.75601522,-7.56009865999992],[112.75604355,-7.56006733],[112.75604955,-7.560062],[112.75608754,-7.56005632999995],[112.75626718,-7.560032],[112.75630151,-7.56002866999996],[112.75631417,-7.56003633999996],[112.75635016,-7.56006232999996],[112.75636549,-7.56008266],[112.75637583,-7.56010265999995],[112.75640349,-7.56013464999996],[112.7564073,-7.56013796999997],[112.756413484,-7.56014335499997],[112.75645515,-7.56017963999994],[112.75657346,-7.56028228999995],[112.75672043,-7.56040993999995],[112.75675243,-7.56043559999992],[112.75688907,-7.56054590999997],[112.75701038,-7.56064155999997],[112.75705137,-7.56067421999994],[112.757259,-7.56078819999992],[112.75728633,-7.56080286999995],[112.75733499,-7.56081352999997],[112.75737898,-7.56082552999992],[112.75738731,-7.56082485999997],[112.75740064,-7.56081685999995],[112.75743097,-7.56080152999994],[112.75746696,-7.56078386999998],[112.75747763,-7.56077686999996],[112.75751229,-7.56065721999991],[112.75759994,-7.56035560999994],[112.75765693,-7.56015764999996],[112.75772259,-7.55993401999998],[112.75774092,-7.55987102999995],[112.75775258,-7.55984069999995],[112.75779891,-7.55972105999997],[112.7578079,-7.55970072999998],[112.75781924,-7.55968572999997],[112.75790655,-7.55957807999991],[112.75791988,-7.55956108999994],[112.75792722,-7.55955608999997],[112.75797554,-7.55953975999996],[112.75799454,-7.55953475999996],[112.75800753,-7.55952976],[112.7580132,-7.55953175999996],[112.75802653,-7.55953742],[112.75805886,-7.55955108999995],[112.75809285,-7.55956509000002],[112.75816051,-7.55957841999997],[112.75821483,-7.5595877499999],[112.75822316,-7.55959041999994],[112.75831915,-7.55965239999992],[112.75853511,-7.55979238000001],[112.75873907,-7.55991901999992],[112.75878606,-7.55994734999995],[112.75893137,-7.55998400999993],[112.75899769,-7.56000167999995],[112.75901502,-7.56000333999997],[112.75906368,-7.55999667999996],[112.75916166,-7.55998400999993],[112.759166,-7.55998000999994],[112.75924165,-7.55990302999992],[112.7593043,-7.55983803999994],[112.75941895,-7.55972172999996],[112.759521788,-7.55961582799994],[112.759792526,-7.55963682399996],[112.759935026,-7.559665324],[112.760071276,-7.55972728099995],[112.760213776,-7.55983756399996],[112.760328775,-7.55999369399993],[112.760501275,-7.56019815099992],[112.760621275,-7.56043110799995],[112.760771275,-7.56080036899991],[112.760827694,-7.560954905],[112.760833557,-7.56097096499995],[112.760836706,-7.56097958999992],[112.760839204,-7.56098712999997],[112.760872329,-7.56105528199991],[112.760973579,-7.56116184699994],[112.761103579,-7.56123371599995],[112.761445833,-7.56134675899994],[112.761448055,-7.56134819499995],[112.761498183,-7.56136160399994],[112.761512276,-7.56136537399993],[112.76147354,-7.56150280299994],[112.761404222,-7.56163012699994],[112.761351215,-7.56171905199994],[112.761353254,-7.56180595499997],[112.761361409,-7.56186860699993],[112.761477617,-7.56193529999992],[112.761573438,-7.56194338399994],[112.761730421,-7.56202220399997],[112.761860901,-7.562105065],[112.761948567,-7.56223238899998],[112.761987303,-7.56238396500001],[112.762066814,-7.56247288899991],[112.762156519,-7.56250926799991],[112.762272727,-7.56249309899996],[112.762458253,-7.56246278399994],[112.762682515,-7.5624082169999],[112.762817072,-7.56241427999991],[112.762878234,-7.56248501499995],[112.762941435,-7.56262244399994],[112.762806878,-7.56294176399995],[112.762698825,-7.56327927199996],[112.762715135,-7.56344499499994],[112.762698825,-7.56358646499996],[112.76265805,-7.56367538899995],[112.762570384,-7.56383707],[112.762480679,-7.56398662399994],[112.762431749,-7.56417659799997],[112.762390974,-7.56432615199997],[112.762413401,-7.56445751699996],[112.762376128,-7.56461596199995],[112.76238004,-7.56461742999993],[112.762379747,-7.56461912499997],[112.76231719,-7.56498056000001],[112.762303896,-7.56506832699996],[112.7623033,-7.56507226000001],[112.76229669,-7.56511586999992],[112.76229039,-7.56516765999989],[112.76228806,-7.56517565999995],[112.76217141,-7.56538161999992],[112.762086692088999,-7.565531822016565],[112.76163629,-7.56633036999994],[112.76160289,-7.56647551999995],[112.76159356,-7.56652883999996],[112.76159849,-7.56663881999997],[112.76159892,-7.56663958999996],[112.761599005,-7.56664083699997],[112.76160951,-7.56679503999993],[112.76161051,-7.56682269999992],[112.76160318,-7.56697166999995],[112.76160061,-7.56702588999994],[112.76159994,-7.56702736999996],[112.76159385,-7.56718129999994],[112.76158452,-7.56721462999996],[112.761529044,-7.56740581599994],[112.76151586,-7.56745124999996],[112.76141988,-7.56778252999992],[112.76141239,-7.56780500999997],[112.7613776,-7.5679206],[112.76137093,-7.56797124999998],[112.76133628,-7.56831385999992],[112.76133087,-7.56837957999994],[112.76133025,-7.56838109999995],[112.76132923,-7.56841174999993],[112.76136056,-7.5685503899999],[112.76136389,-7.56855705999994],[112.76144188,-7.56862304999994],[112.76145521,-7.56863637999993],[112.76163184,-7.56872636000001],[112.7616665,-7.56874435999995],[112.76167517,-7.56874901999992],[112.76174982,-7.5688263399999],[112.76175382,-7.56883300999994],[112.76176982,-7.56896364999995],[112.76173279,-7.56971615999993],[112.76172572,-7.56974094999989],[112.76169498,-7.56984876999996],[112.76168387,-7.56985988000001],[112.7611133,-7.56980121999993],[112.76092667,-7.56981721999994],[112.760863428,-7.56986714199996],[112.76082535,-7.56989719999993],[112.76072937,-7.57013715999992],[112.76011615,-7.57177952999997],[112.759749433,-7.57282979399998],[112.75946824,-7.57363511999992],[112.75935133,-7.57358588999996],[112.75930016,-7.57356434999998],[112.75808708,-7.57331258999995],[112.75759491,-7.57328182999991],[112.75738325,-7.57326859999995],[112.757162901,-7.57325482899993],[112.7564315,-7.57320911999996],[112.7559127,-7.57344037999996],[112.7558917,-7.57344883999998],[112.75584405,-7.57346803999994],[112.755602686300904,-7.573669351012024],[112.75535099,-7.57387927999995],[112.755350024,-7.57388008499993],[112.755221005188005,-7.57398769346321],[112.7550048,-7.57416801999995],[112.754955742,-7.57420627699992],[112.754719335,-7.57439063499994],[112.75401297,-7.57494147999991],[112.75338737,-7.57527379999988],[112.75315573,-7.57525674999988],[112.753144604,-7.57525593199989],[112.752937084,-7.57524066599995],[112.75292994,-7.57524013999995],[112.75291434,-7.57523898999995],[112.752596252302993,-7.57510857760411],[112.75202934,-7.57487614999997],[112.75179992,-7.57469189999997],[112.751660774,-7.57458014999998],[112.751557957532626,-7.574497576709292],[112.751223578,-7.57422903199995],[112.750552455,-7.57369004399994],[112.750479958476362,-7.573631821116482],[112.75004551,-7.57328290999995],[112.74999994,-7.57324630999993],[112.74972528,-7.57312088999991],[112.749556832,-7.57301093999994]]]]}},
{"type":"Feature","properties":{"kdkab":"15","kdkec":"050","nmkab":"SIDOARJO","nmkec":"JABON","kddesa":"006","kdprov":"35","nmdesa":"KUPANG","nmprov":"JAWA TIMUR","iddesa":"3515050006"},"geometry":{"type":"MultiPolygon","coordinates":[[[[112.7488905,-7.55289060999995],[112.748953032,-7.55285335799996],[112.74901581,-7.55281595999995],[112.749034329,-7.55280864999996],[112.749142783731003,-7.55276583620776],[112.74921844,-7.55273596999995],[112.74943173,-7.55266931999993],[112.74967169,-7.552584],[112.74977567,-7.55255466999992],[112.74984551,-7.55252983999995],[112.749856884,-7.55252579499997],[112.749896840336007,-7.55251175008731],[112.7500083,-7.55246468999998],[112.7501916,-7.55239936999996],[112.750581027307007,-7.55229321471122],[112.75061219,-7.55228471999994],[112.75086148,-7.55224272999996],[112.75109277,-7.55224538999996],[112.751282892,-7.55228060199993],[112.751283606,-7.55227848299994],[112.751545098,-7.55150245199995],[112.75156476,-7.55144410099998],[112.751734543,-7.55102965699997],[112.751880594,-7.55071837199996],[112.752037598,-7.55036184099995],[112.75217452,-7.55014828499998],[112.752209207,-7.55012475699995],[112.75228722,-7.55012043999993],[112.75271686,-7.55013376999992],[112.752772273156509,-7.550133784946941],[112.752868597,-7.55013376999992],[112.75367432,-7.54848715099995],[112.753678042,-7.5482741609999],[112.753680868,-7.54811247999993],[112.75399582,-7.54799286199991],[112.75426582,-7.54783177099997],[112.75445082,-7.54771528899993],[112.755193319,-7.54732371099995],[112.755438319,-7.54744019299993],[112.755823184118285,-7.547701227505924],[112.755898032773075,-7.547760448419602],[112.756032924854225,-7.547865730043917],[112.75610267,-7.54775066999998],[112.75617732,-7.54769467999998],[112.75626687,-7.54755339999994],[112.75627427,-7.54754172499997],[112.7562973,-7.54750538999997],[112.75635862,-7.54750804999997],[112.756465566529045,-7.547541660044073],[112.756521497391958,-7.547545772607522],[112.756561800513765,-7.547448716110106],[112.756626463668297,-7.547448715424532],[112.756821517055712,-7.547479281890934],[112.756865224407591,-7.547481582277874],[112.756952639111347,-7.54749538459952],[112.757038845125862,-7.547504335226528],[112.757060447191606,-7.54733348252472],[112.75698875,-7.54674609299994],[112.757120583,-7.54631818199994],[112.757220067,-7.54587058600001],[112.75768172,-7.54587308999993],[112.75867887,-7.54589974999992],[112.760065663889989,-7.545901707565951],[112.76052722492922,-7.545955151475757],[112.76096647,-7.54609704999994],[112.761186511,-7.54614545999996],[112.76176632,-7.54627301999991],[112.76229956,-7.54647032],[112.76320073,-7.54691824000001],[112.7637393,-7.54714219999992],[112.76390994,-7.54723817999996],[112.76407524,-7.54731283999996],[112.76442718,-7.54738748999995],[112.7646938,-7.54742881999992],[112.764712767,-7.54743286699996],[112.764803752,-7.54745227999996],[112.76501241,-7.54749679999997],[112.76510706,-7.54752479999998],[112.76540901,-7.54766410999998],[112.76571228,-7.54780740999998],[112.76591092,-7.54789739999996],[112.76608488,-7.54797937999996],[112.76611621,-7.54799670999993],[112.766391479395864,-7.548137242020407],[112.766740079443892,-7.548306076190019],[112.767057706316962,-7.54853382012385],[112.767254477075767,-7.548695973804736],[112.767406913682166,-7.548842944556699],[112.767433635637076,-7.548869666511601],[112.767471137471489,-7.548901550662338],[112.767495733816332,-7.548921743957803],[112.767594726512911,-7.549014663482806],[112.7676596,-7.54907851999995],[112.76775959,-7.54919049999996],[112.76783624,-7.54927514999996],[112.7678909,-7.54933713999997],[112.76801554,-7.54947544999993],[112.76809219,-7.54956109999992],[112.76819418,-7.54967207999992],[112.76823384,-7.54973006999993],[112.76836615,-7.54992236999993],[112.76839358,-7.54996196],[112.76839547,-7.54996469999996],[112.76846946,-7.55016165999996],[112.76854811,-7.55037595999995],[112.76856211,-7.55041461999995],[112.7685941,-7.55061257999994],[112.76863476,-7.55086819999997],[112.76867576,-7.55112881999996],[112.76871675,-7.55138443999995],[112.76873975,-7.55153274999997],[112.7687734,-7.55174503999995],[112.768754964157793,-7.551923025080058],[112.768755434157796,-7.551926005080018],[112.768711966857168,-7.552146747325621],[112.768649729945395,-7.552375871489745],[112.768612992123465,-7.552553118470731],[112.768549654838353,-7.552791730461621],[112.768473907256322,-7.553111525734011],[112.768427392818637,-7.553370186413742],[112.768414226801369,-7.55358134174111],[112.768460515598889,-7.553742089569734],[112.768460515598889,-7.553749929569723],[112.768553650731334,-7.553898731361051],[112.768648069275798,-7.554002530155398],[112.768795523186498,-7.554076469022306],[112.768963816129244,-7.554154884908334],[112.769178264155201,-7.55422141580056],[112.769457862958447,-7.554301608167393],[112.769714779391677,-7.554398392964393],[112.769964783307586,-7.554574188196223],[112.770247149506289,-7.554835083802715],[112.770491623408304,-7.555074087382406],[112.770754310719767,-7.555302078688677],[112.77095382072342,-7.555357350773081],[112.771254051720064,-7.555345800360902],[112.771788178615509,-7.555383241968936],[112.772445874225426,-7.555403629118046],[112.77336464,-7.55541078999993],[112.77332507,-7.55541319999995],[112.77306378,-7.55551450999996],[112.77292247,-7.55561582999996],[112.77275984,-7.55575446999996],[112.77242923,-7.55599442999995],[112.77218127,-7.55619171999994],[112.77198664,-7.55634635999997],[112.77161391,-7.55656983999995],[112.77153211,-7.55661623999992],[112.77135614,-7.55670421999997],[112.7712095,-7.55673887999996],[112.77112453,-7.55674525999996],[112.77099922,-7.55671992999993],[112.77084324,-7.55667593999993],[112.77065661,-7.55653195999994],[112.77044774655738,-7.556263292072908],[112.77029062630038,-7.556798929312687],[112.770175170714424,-7.556972112691624],[112.77004072,-7.55691322999996],[112.76963013,-7.55674791999997],[112.76929419,-7.55664660999998],[112.76861164,-7.55641730999998],[112.76854299,-7.55658994999992],[112.768481275548851,-7.556966873059998],[112.768470350279031,-7.5570007488735],[112.768423743017038,-7.557055719207725],[112.768362074465543,-7.557116006449998],[112.768271274696218,-7.557152846050506],[112.768189013348518,-7.557148966415208],[112.768130331565516,-7.557137197824296],[112.768058596286764,-7.557096421879878],[112.768014720304578,-7.557048131407869],[112.767976671312098,-7.556997696891343],[112.767936813529175,-7.556930020030787],[112.767823206107749,-7.556845125098406],[112.767597791771607,-7.556615237529104],[112.767255617372214,-7.556442657245102],[112.767024342469554,-7.556363707101686],[112.766768677214003,-7.556282954808898],[112.766486494275327,-7.556217132479828],[112.766102650766129,-7.556099954562386],[112.76538422,-7.55588673999995],[112.764464744035621,-7.555605022483902],[112.764193317583135,-7.555499670164551],[112.764002210944597,-7.555469681299866],[112.763858330292564,-7.555514150935157],[112.763717676079125,-7.555574825887592],[112.763587161418727,-7.555625772575741],[112.763478473122262,-7.555654744262783],[112.763323679288291,-7.55571020139863],[112.76323327,-7.55559079999991],[112.7632266,-7.55558879999998],[112.76314728,-7.55551481],[112.76313795,-7.55550414999991],[112.76311796,-7.55546214999991],[112.76307196,-7.55537216999995],[112.76294465,-7.55510487999991],[112.76288733,-7.55498756999994],[112.76284134,-7.55492957999994],[112.7627007,-7.55475760999998],[112.76263471,-7.55467362999997],[112.76261605,-7.55465762999994],[112.76260538,-7.55464962999997],[112.76245674,-7.55451298999998],[112.76227077,-7.55434567999993],[112.76225278,-7.55433034999994],[112.76213413,-7.55429835999996],[112.76210747,-7.55429235999995],[112.76208947,-7.55429302999995],[112.76182152,-7.55430901999994],[112.76171687,-7.55431501999993],[112.76170088,-7.55432101999995],[112.7615489,-7.55438567999996],[112.76152824,-7.55439967999996],[112.76136227,-7.55453297999996],[112.76129528,-7.55458730999992],[112.76125062,-7.55463296999998],[112.76112631,-7.5547602799999],[112.76103766,-7.55484926000001],[112.760527744876711,-7.55538127608474],[112.760399191939158,-7.555624098300106],[112.760384908279434,-7.555866920515473],[112.760484893897527,-7.556138310050295],[112.760656297814251,-7.556266862987841],[112.761199076883898,-7.556366848605934],[112.76177614748714,-7.556509602992046],[112.760453474,-7.55729073399996],[112.760600957,-7.55782757099997],[112.760755902,-7.55887446499995],[112.760829296,-7.55925441799996],[112.76082968,-7.55925486899997],[112.761200348,-7.55969095899998],[112.761367525,-7.55996177599998],[112.761380006,-7.55999776899996],[112.761412377,-7.56009112199994],[112.761387912,-7.56051755699997],[112.76139199,-7.56083687799998],[112.761369564,-7.56097430699996],[112.761328789,-7.56114710399995],[112.761328789,-7.56120975599992],[112.761356312,-7.56126634399995],[112.761401164,-7.56131787999992],[112.761445833,-7.56134675899994],[112.761103579,-7.56123371599995],[112.760973579,-7.56116184699994],[112.760872329,-7.56105528199991],[112.760839204,-7.56098712999997],[112.760836706,-7.56097958999992],[112.760833557,-7.56097096499995],[112.760827694,-7.560954905],[112.760771275,-7.56080036899991],[112.760621275,-7.56043110799995],[112.760501275,-7.56019815099992],[112.760328775,-7.55999369399993],[112.760213776,-7.55983756399996],[112.760071276,-7.55972728099995],[112.759935026,-7.559665324],[112.759792526,-7.55963682399996],[112.759521788,-7.55961582799994],[112.75941895,-7.55972172999996],[112.7593043,-7.55983803999994],[112.75924165,-7.55990302999992],[112.759166,-7.55998000999994],[112.75916166,-7.55998400999993],[112.75906368,-7.55999667999996],[112.75901502,-7.56000333999997],[112.75899769,-7.56000167999995],[112.75893137,-7.55998400999993],[112.75878606,-7.55994734999995],[112.75873907,-7.55991901999992],[112.75853511,-7.55979238000001],[112.75831915,-7.55965239999992],[112.75822316,-7.55959041999994],[112.75821483,-7.5595877499999],[112.75816051,-7.55957841999997],[112.75809285,-7.55956509000002],[112.75805886,-7.55955108999995],[112.75802653,-7.55953742],[112.7580132,-7.55953175999996],[112.75800753,-7.55952976],[112.75799454,-7.55953475999996],[112.75797554,-7.55953975999996],[112.75792722,-7.55955608999997],[112.75791988,-7.55956108999994],[112.75790655,-7.55957807999991],[112.75781924,-7.55968572999997],[112.7578079,-7.55970072999998],[112.75779891,-7.55972105999997],[112.75775258,-7.55984069999995],[112.75774092,-7.55987102999995],[112.75772259,-7.55993401999998],[112.75765693,-7.56015764999996],[112.75759994,-7.56035560999994],[112.75751229,-7.56065721999991],[112.75747763,-7.56077686999996],[112.75746696,-7.56078386999998],[112.75743097,-7.56080152999994],[112.75740064,-7.56081685999995],[112.75738731,-7.56082485999997],[112.75737898,-7.56082552999992],[112.75733499,-7.56081352999997],[112.75728633,-7.56080286999995],[112.757259,-7.56078819999992],[112.75705137,-7.56067421999994],[112.75701038,-7.56064155999997],[112.75688907,-7.56054590999997],[112.75675243,-7.56043559999992],[112.75672043,-7.56040993999995],[112.75657346,-7.56028228999995],[112.75645515,-7.56017963999994],[112.756413484,-7.56014335499997],[112.7564073,-7.56013796999997],[112.75640349,-7.56013464999996],[112.75637583,-7.56010265999995],[112.75636549,-7.56008266],[112.75635016,-7.56006232999996],[112.75631417,-7.56003633999996],[112.75630151,-7.56002866999996],[112.75626718,-7.560032],[112.75608754,-7.56005632999995],[112.75604955,-7.560062],[112.75604355,-7.56006733],[112.75601522,-7.56009865999992],[112.75596023,-7.56015831000002],[112.75595957,-7.56016198000002],[112.75600156,-7.56063489999996],[112.75602156,-7.5608455199999],[112.75602156,-7.56087018999994],[112.75602156,-7.56106214999992],[112.75602156,-7.56130210999994],[112.75601756,-7.56133009999995],[112.75598623,-7.56154673000001],[112.75596557,-7.56160138999994],[112.75589958,-7.56177002999994],[112.75581093,-7.56188533999995],[112.75578826,-7.56191732999995],[112.75566095,-7.56199331999994],[112.7556143,-7.56201865],[112.75552031,-7.56202730999998],[112.75544566,-7.56203330999998],[112.75543299,-7.56203330999998],[112.755430447,-7.56202827099998],[112.755246522,-7.56250952499994],[112.755169175,-7.56252144300001],[112.754983313,-7.56255008199997],[112.754978374,-7.56270919499995],[112.754918307,-7.56289212799995],[112.754848289,-7.56305444099997],[112.754743264,-7.56319447499994],[112.75424996,-7.563439536],[112.753012819,-7.56388041399997],[112.751901201,-7.56427655999995],[112.749447415,-7.56332814499995],[112.749294783377891,-7.563251828855861],[112.749590821257513,-7.562314767906003],[112.74989593,-7.56133116999997],[112.74993438,-7.56123863999994],[112.74710864,-7.56039092],[112.74723385,-7.55971121999994],[112.74752421,-7.55813497999998],[112.74751941,-7.55813700999994],[112.74749608,-7.5581410099999],[112.74744009,-7.55813300999992],[112.74742276,-7.55808034999995],[112.74737543,-7.55792904999993],[112.74738343,-7.55770508999995],[112.7473881,-7.55765369999995],[112.74738876,-7.55764642999998],[112.74749541,-7.55733714999998],[112.74762872,-7.55694521999991],[112.74764138,-7.55690789999993],[112.74763739,-7.55685389999997],[112.74763072,-7.55679924999993],[112.74758673,-7.55672792999996],[112.74756607,-7.55669925999998],[112.74748675,-7.55667859999993],[112.74746542,-7.55667526999998],[112.74741562,-7.55669857999993],[112.74740276,-7.55670459999993],[112.74718947,-7.55680857999996],[112.74710415,-7.55686323999995],[112.74672955,-7.55709585999996],[112.74670489,-7.55711118999997],[112.74660424,-7.55720716999996],[112.74649226,-7.55731381999995],[112.74642694,-7.55737780999991],[112.74634162,-7.55740581],[112.74623897,-7.55744046999996],[112.74620479,-7.55744649999998],[112.74615793,-7.55743985999995],[112.7461086,-7.55743053],[112.74609461,-7.55741919999998],[112.74606143,-7.55738346999993],[112.746069074,-7.55734674000001],[112.746020198246001,-7.55730001914063],[112.746731847533994,-7.55405383424415],[112.746814719279655,-7.553601066907967],[112.746928992,-7.55297325399994],[112.746994460720003,-7.55254404689419],[112.747079458311518,-7.552316943505249],[112.747102297464195,-7.552338022980942],[112.747132948,-7.55236631199995],[112.747128173,-7.55239022900001],[112.74732544,-7.55261598999992],[112.74747741,-7.55278129999994],[112.747539803,-7.55284634199998],[112.747583061,-7.55298785499996],[112.747604056,-7.553054817],[112.747649697,-7.55311453999997],[112.747814916,-7.553186027],[112.748060463,-7.55322222199994],[112.748082034,-7.55322234700001],[112.748216555,-7.55322312699997],[112.748283428430994,-7.55321553076431],[112.748304185,-7.55321317299995],[112.748401856,-7.55319597999994],[112.748518696,-7.55313625699994],[112.748625496,-7.55306205599992],[112.748731323,-7.55297399399993],[112.7488905,-7.55289060999995]]],[[[112.77371168,-7.53667156999996],[112.77363702,-7.53699150999997],[112.7736291,-7.53711824999994],[112.77353704,-7.53713814999997],[112.77347172,-7.53717814999991],[112.7734711,-7.53717934999998],[112.77270119,-7.53763406999994],[112.77237325,-7.53782602999998],[112.7722906,-7.53787668999997],[112.77212796,-7.53801532999992],[112.77200532,-7.53811930999996],[112.77194666,-7.53825684999991],[112.77194666,-7.53849257999997],[112.77196799,-7.53880185999996],[112.77217062,-7.53959104999998],[112.77234126,-7.54009228999996],[112.77256522,-7.54073218],[112.77263987,-7.54102012999996],[112.77269917,-7.54168095999994],[112.772694719,-7.54185234899997],[112.772681811,-7.54234939799995],[112.77266857,-7.54285925699998],[112.772668512,-7.54285927299998],[112.77205192,-7.54299331999992],[112.77116046,-7.54318710999998],[112.7689825,-7.54398290999995],[112.7676841,-7.54402478999997],[112.765082616,-7.54364901999997],[112.76391455,-7.54348029999993],[112.76303903,-7.54334132999997],[112.76291194,-7.54209126999995],[112.76290927,-7.54207260999995],[112.76292794,-7.54202994999998],[112.7629466,-7.54198461999994],[112.76294927,-7.54190729999994],[112.7629306,-7.54180864999996],[112.76289061,-7.54165400999995],[112.76284528,-7.54149670999996],[112.76279463,-7.54125141999996],[112.76278929,-7.54118209999994],[112.76275997,-7.54093680999993],[112.76274397,-7.54087814999997],[112.76269065,-7.54074483999993],[112.76263732,-7.54062752999995],[112.76262132,-7.54053687999991],[112.76261066,-7.54040356999996],[112.76260533,-7.54030226],[112.76256,-7.54018761],[112.76250401,-7.54007829999995],[112.76244536,-7.53998230999997],[112.7623627,-7.53984633999991],[112.76233338,-7.53975568999993],[112.76234404,-7.53967836999993],[112.7623627,-7.53961703999992],[112.76240003,-7.53951572999995],[112.76244802,-7.53940641999997],[112.76282395,-7.53874786999997],[112.76297593,-7.53840659000001],[112.76299193,-7.53827327999995],[112.76299193,-7.53816129999998],[112.76296793,-7.53813731],[112.76293327,-7.53811064999996],[112.76278663,-7.53806265999995],[112.76268798,-7.537988],[112.76258666,-7.53787601999994],[112.76256,-7.53784669999993],[112.76254134,-7.53781737],[112.76254667,-7.53775870999993],[112.76255734,-7.53767606000001],[112.76253867,-7.53711082999996],[112.76260799,-7.53648693999997],[112.76263466,-7.53631096999992],[112.76266132,-7.53628430999994],[112.76273064,-7.53627896999995],[112.76307191,-7.53626297999996],[112.76332787,-7.53627896999995],[112.76373846,-7.53624697999991],[112.7646343,-7.53615632999991],[112.76488492,-7.53610300999996],[112.7649809,-7.53603902000001],[112.76497024,-7.53597503000001],[112.76493291,-7.53576706999995],[112.76494358,-7.53563375999997],[112.7649809,-7.53542045999992],[112.76503956,-7.53522315999995],[112.76507155,-7.53510585000001],[112.76513021,-7.53498853999996],[112.76527418,-7.5347112499999],[112.7653435,-7.53455661],[112.76538083,-7.53442863999991],[112.76543949,-7.5342633299999],[112.76550881,-7.53405536999995],[112.76556213,-7.53397004999995],[112.76565278,-7.53388472999995],[112.76578076,-7.53378342000001],[112.76606203,-7.53353608999996],[112.76607837,-7.53354012999995],[112.76641965,-7.53324151999995],[112.76668626,-7.53295356999994],[112.76687823,-7.53285757999994],[112.76732615,-7.53278292999998],[112.76747546,-7.53262295999994],[112.76845662,-7.53281493],[112.76870191,-7.53290023999994],[112.76877656,-7.53296422999994],[112.76948043,-7.53332682999994],[112.77065356,-7.53400937999996],[112.77071755,-7.53413735999995],[112.77083486,-7.53421200999996],[112.77101616,-7.53425466999992],[112.77201865,-7.53442529999995],[112.77249917,-7.53455820999994],[112.77251989,-7.53456394999995],[112.773504,-7.53483786999993],[112.77351971,-7.53501852999995],[112.77364769,-7.53550910999994],[112.77375434,-7.53594636999996],[112.77374367,-7.53625564999994],[112.77371168,-7.53667156999996]]],[[[112.857923665,-7.53675188799997],[112.857943665,-7.53660318399993],[112.857968665,-7.53648422099998],[112.858063665,-7.53620168299993],[112.858173665,-7.53568617499998],[112.858203665,-7.53540363599993],[112.858191165,-7.53510870599995],[112.858143665,-7.53476916399998],[112.858063665,-7.53433791999991],[112.857963665,-7.53409999199996],[112.857903665,-7.53391163299996],[112.857848665,-7.53372327299998],[112.857743665,-7.53354978399994],[112.857618665,-7.53346056099997],[112.857116338,-7.53324651199996],[112.85580369,-7.53317618999996],[112.85405467,-7.53334682999996],[112.852698373,-7.53367141599994],[112.851588672,-7.53465019999994],[112.850998673,-7.53557216799991],[112.850348674,-7.537198],[112.850168674,-7.53837771499997],[112.850298674,-7.53978543799994],[112.850388674,-7.54086601199998],[112.850258674,-7.54124272499997],[112.850118674,-7.541490562],[112.849858674,-7.54169874499996],[112.849398675,-7.54198623599998],[112.848348676,-7.54245216899995],[112.847138677,-7.54280905399995],[112.846378678,-7.54291810199994],[112.844033681,-7.54288340499997],[112.842493683,-7.54251164999992],[112.841688683,-7.54203084699998],[112.841368684,-7.541574827],[112.841344829,-7.54151875799993],[112.840748685,-7.54011754100001],[112.839458686,-7.53762923999997],[112.837348688,-7.53510127099996],[112.834686777,-7.53228443199995],[112.83381521,-7.53178374999993],[112.832945244,-7.53128397999995],[112.83281354,-7.53120831999996],[112.83046804,-7.53058005999995],[112.82812255,-7.53070570999996],[112.82674038,-7.53104078999994],[112.8248556,-7.53183657999993],[112.824121264,-7.53235061799998],[112.82318025,-7.53300932999996],[112.823010134,-7.53319204599995],[112.82204938,-7.53422395999996],[112.821708695,-7.53455154299997],[112.8209604,-7.53527105999995],[112.82086023,-7.535376],[112.82062211,-7.53566467999997],[112.82025112,-7.53610003999993],[112.82002921,-7.53635413999998],[112.81983994,-7.53652852999993],[112.819826055302343,-7.536536978380231],[112.81966227,-7.5366314],[112.819405206747362,-7.536752706024939],[112.818576435273727,-7.535093201561789],[112.81813967,-7.53548502999995],[112.81808609,-7.53536446999995],[112.818054204,-7.53522098099994],[112.81804343,-7.53517249999993],[112.81795811,-7.53471391999992],[112.81788346,-7.53406336999996],[112.81777681,-7.53364743999997],[112.81744621,-7.53261295999992],[112.81721158,-7.53210104999995],[112.81643838,-7.53075196],[112.81631574,-7.53065064999992],[112.81605979,-7.53037868999994],[112.81576117,-7.52993076999997],[112.81566033,-7.52974282999996],[112.81564386,-7.52971214999995],[112.81559054,-7.52952018000001],[112.81551588,-7.52930154999995],[112.81535591,-7.52903493],[112.81523327,-7.52876297999995],[112.81521967,-7.52866609999993],[112.81519061,-7.52845903999997],[112.81512129,-7.52827773999995],[112.8150253,-7.52809109999995],[112.81478001,-7.52771249999993],[112.81445715,-7.52680445999995],[112.81445597,-7.52680111999997],[112.81418279,-7.52603279999996],[112.8140868,-7.52527559999995],[112.81412946,-7.52499831999991],[112.8140868,-7.52426245000002],[112.81400149,-7.52376120999997],[112.81396873,-7.52373600999993],[112.81415,-7.52301998999997],[112.81447,-7.52235998999993],[112.81481,-7.52190998999992],[112.81523,-7.52156998999992],[112.8159,-7.52118998999994],[112.817459289,-7.52050453099996],[112.81767103,-7.52041144999993],[112.81888,-7.51987998999997],[112.81969,-7.51942998999993],[112.82018,-7.51893998999997],[112.82068,-7.51838998999995],[112.82093,-7.51767998999997],[112.82132,-7.51657999],[112.82182,-7.51537998999995],[112.82254,-7.51381998999994],[112.82274,-7.51317999],[112.82304,-7.51231998999998],[112.823051567,-7.51227976899997],[112.82305318,-7.51227415999994],[112.82327,-7.51151998999994],[112.82357,-7.51081998999994],[112.82367,-7.51048998999993],[112.8238,-7.50991998999996],[112.823841177,-7.50950821699996],[112.82386,-7.50931998999992],[112.82379,-7.50864999],[112.82369651,-7.50844898999996],[112.82359,-7.50821998999992],[112.82349495,-7.50807740999997],[112.82307,-7.50743998999996],[112.82280577,-7.50671335999995],[112.82275,-7.50655999000001],[112.8227,-7.50625998999992],[112.82271,-7.50589998999993],[112.822712227,-7.50589176599995],[112.82284,-7.50541998999993],[112.82328,-7.50395998999996],[112.823454145791004,-7.50350830007322],[112.823544817,-7.50327312199994],[112.8236,-7.50312998999993],[112.823631058,-7.50299619999992],[112.82373,-7.50256998999996],[112.82386,-7.50199998999998],[112.82359,-7.50109998999995],[112.823320908,-7.50022939999996],[112.82325,-7.49999998999996],[112.82316,-7.49985998999997],[112.82264,-7.49929998999993],[112.82197,-7.49875998999995],[112.82144,-7.49838998999997],[112.82117,-7.4980899899999],[112.82101,-7.49767998999994],[112.82095,-7.49729998999992],[112.82102,-7.49691998999998],[112.82119,-7.49660998999995],[112.82143,-7.49633998999997],[112.82235,-7.49539998999992],[112.82341,-7.49451998999993],[112.82395711,-7.49406839999994],[112.82395301,-7.49395615],[112.82394844,-7.49383080999994],[112.82478457,-7.49424708999994],[112.82553901,-7.49457277999996],[112.82587063,-7.49508811999994],[112.82653211,-7.49569604999996],[112.82713791,-7.49629564999997],[112.82724104,-7.49639771999996],[112.82902669,-7.49860197999995],[112.82922785,-7.49878514999992],[112.82970147,-7.49948779999996],[112.83012644,-7.49981484999994],[112.83101721,-7.50089295],[112.83134721,-7.50151293999993],[112.83146721,-7.50177294999997],[112.8316285,-7.50208170999996],[112.83508901,-7.50695689999996],[112.83601105,-7.50897943999995],[112.83636047,-7.51022736999994],[112.836476,-7.51063996999992],[112.83663566,-7.51121018],[112.83699258,-7.51171581999994],[112.83737798,-7.51176302999995],[112.83758364,-7.51133457999991],[112.83791462,-7.51064505999994],[112.83862846,-7.51025839999994],[112.83969921,-7.51052608999991],[112.84219765,-7.51168607999994],[112.84355399,-7.51306902999995],[112.84374636,-7.51319558999997],[112.84410716,-7.51343295999994],[112.84438716,-7.51366296000001],[112.84500639,-7.51395259999993],[112.84517197,-7.51436297000001],[112.84659965,-7.51522551999995],[112.84805707,-7.51623678999992],[112.84865193,-7.51650448],[112.8488304,-7.51683165999995],[112.84900885,-7.51730754999994],[112.84948475,-7.51730754999994],[112.85043653,-7.51712908999997],[112.85085294,-7.51742651999993],[112.85135857,-7.51775369999996],[112.85236984,-7.51775369999996],[112.85358932,-7.51787266999996],[112.85424367,-7.51802138999996],[112.85448162,-7.51814035999998],[112.85483853,-7.51867573999991],[112.85504674,-7.51918137999994],[112.85614724,-7.51968700999991],[112.85772466,-7.52046461],[112.85897285,-7.52057930999997],[112.8607277,-7.52093622999996],[112.86126308,-7.52093622999996],[112.86159026,-7.52126340999996],[112.86138205,-7.52167980999994],[112.86004361,-7.52218544999995],[112.85780629,-7.52215169999992],[112.85782525,-7.52254360999997],[112.8589555,-7.52331692999998],[112.86032369,-7.52426870999993],[112.86103753,-7.52409026],[112.86192982,-7.52367384999997],[112.86288161,-7.52379281999992],[112.86341699,-7.52462562999992],[112.8642498,-7.52635073999994],[112.86460672,-7.52670765999995],[112.86460672,-7.52718354999996],[112.86460672,-7.52771892999992],[112.86508261,-7.52801636999995],[112.86591542,-7.52819482999994],[112.86609388,-7.5283732799999],[112.8664508,-7.52908711999993],[112.86615337,-7.52986044999995],[112.86597491,-7.53057428999998],[112.8664508,-7.53063376999995],[112.86716464,-7.53057428999998],[112.86746207,-7.53128811999995],[112.86763356,-7.53214559000001],[112.86764053,-7.53218041999998],[112.8682354,-7.53235887999993],[112.86848929,-7.53228633999994],[112.86948461,-7.53200195999996],[112.87027707,-7.53291298999995],[112.87028703,-7.53299491999997],[112.87036305,-7.53362016999998],[112.87037289,-7.53370113999995],[112.87079332,-7.53485731999996],[112.87132869,-7.53616601999995],[112.87227159,-7.53673175999996],[112.87311329,-7.53723677999993],[112.87311329,-7.53806958999994],[112.87257791,-7.5385454799999],[112.87180459,-7.5385454799999],[112.87055537,-7.53896188999994],[112.86880113,-7.54037806999998],[112.86955526,-7.54060970999996],[112.8696989,-7.54117277999997],[112.86965465,-7.54183058999995],[112.869608866,-7.54211215600001],[112.869084903,-7.54227992299993],[112.868444903,-7.54257236999996],[112.867799904,-7.54301351899992],[112.866844905,-7.54394042599992],[112.866212406,-7.54456497199995],[112.865467407,-7.54525643199996],[112.864823657,-7.54573970999998],[112.864597408,-7.54588221499994],[112.864132408,-7.54607428699998],[112.863762409,-7.54617837799998],[112.863409909,-7.54623290099991],[112.863034909,-7.54623537999994],[112.86285991,-7.546215553],[112.86204991,-7.54613500699994],[112.861773661,-7.54609907099995],[112.861566161,-7.54605446099991],[112.861298661,-7.54595780499998],[112.861166161,-7.54588717199992],[112.861057412,-7.54581901799995],[112.860942412,-7.54574714599996],[112.860791162,-7.54560587999992],[112.860633662,-7.54538158899995],[112.860413662,-7.54501974999995],[112.860228663,-7.54460090799997],[112.860103663,-7.54439024799993],[112.859998663,-7.54424898199994],[112.859663663,-7.54388466299996],[112.859221164,-7.54339642599994],[112.859133664,-7.54321798399996],[112.859098664,-7.54314115499995],[112.858916164,-7.54295775599996],[112.858686164,-7.54277683499993],[112.857953665,-7.54228859700001],[112.857518666,-7.54197632299994],[112.857393666,-7.54190940699992],[112.857306166,-7.54188462299991],[112.857206166,-7.541864796],[112.857046166,-7.54181522899995],[112.856956166,-7.54176566099994],[112.856661167,-7.54150790999994],[112.856418667,-7.54125263799994],[112.856203667,-7.54099240899995],[112.856053667,-7.54077431199996],[112.856033667,-7.54066278499997],[112.856018667,-7.54043229599997],[112.856046350020506,-7.539960918730126],[112.856088667,-7.53956238399993],[112.856143667,-7.53931454499998],[112.856188667,-7.53920549599995],[112.856293667,-7.53907661999998],[112.856508667,-7.53887587099996],[112.856753666,-7.53857598599994],[112.857353666,-7.53778785799994],[112.857698665,-7.537287222],[112.857893665,-7.53692537599995],[112.857923665,-7.53675188799997]]]]}},
{"type":"Feature","properties":{"kdkab":"15","kdkec":"050","nmkab":"SIDOARJO","nmkec":"JABON","kddesa":"015","kdprov":"35","nmdesa":"PERMISAN","nmprov":"JAWA TIMUR","iddesa":"3515050015"},"geometry":{"type":"MultiPolygon","coordinates":[[[[112.74579539,-7.54336437999996],[112.74498872,-7.54347069999996],[112.74431831,-7.54355905999993],[112.744177027,-7.54357768099992],[112.74332944,-7.54368938999992],[112.74331063,-7.54369186899993],[112.7417891,-7.54389240999997],[112.7410847,-7.54398524999995],[112.7409272,-7.544006],[112.740999,-7.54306748999994],[112.74109498,-7.54268888999998],[112.74113924,-7.54253396999994],[112.74115082,-7.54248586999993],[112.74117682,-7.54238321999996],[112.741183808,-7.54237016900002],[112.74118393,-7.54236993999998],[112.74118682,-7.54236454999994],[112.74120081,-7.54233388999993],[112.74123147,-7.54228056999996],[112.74128424,-7.54217663999998],[112.7412868,-7.54216991999992],[112.74142011,-7.54190996999995],[112.741498759,-7.54173709299997],[112.74155475,-7.54161401999994],[112.7416654,-7.54135939999997],[112.74171014,-7.54126543999995],[112.74176102,-7.54115858999996],[112.74157675,-7.54110344999995],[112.74131366,-7.54103189999995],[112.741313704,-7.54103177899997],[112.74164072,-7.54012081999998],[112.74193802,-7.54015895],[112.74192726,-7.54003628999997],[112.74192135,-7.53992098999996],[112.741931312,-7.5397077989999],[112.74193468,-7.53963571],[112.74197201,-7.53953972999994],[112.741987325,-7.53949760999992],[112.74199003,-7.53949016999997],[112.74229195,-7.53865987999995],[112.74239864,-7.53833982999993],[112.74240127,-7.53833193999998],[112.742404428,-7.53831669999996],[112.74252391,-7.53774004999997],[112.74257105,-7.53746899],[112.74265055,-7.53725812999995],[112.742650746,-7.53725787999995],[112.742653496,-7.53725860299995],[112.742894739,-7.53696696699994],[112.743141343,-7.53675145699996],[112.743479083,-7.53651986299996],[112.743757853,-7.53632257999995],[112.744328258,-7.53573501999996],[112.744962995,-7.53504452899992],[112.745327539,-7.53447841299994],[112.74532811,-7.53447857699995],[112.749543393,-7.53569642099997],[112.750270139,-7.53357738299996],[112.75033323,-7.53339342099997],[112.750364579,-7.53331053399993],[112.750577116,-7.532748574],[112.750625364,-7.53247848499993],[112.750795725,-7.53194927699997],[112.751190819,-7.53110653099998],[112.751475359,-7.53044320799994],[112.751489858,-7.530247474],[112.75155329,-7.53007529999998],[112.751504357,-7.52968926799997],[112.751565977,-7.52941741399994],[112.751649345,-7.52926155099993],[112.752068,-7.52887189499991],[112.752150565,-7.52883161999995],[112.752606077,-7.52872723099994],[112.75282016,-7.52874861999994],[112.7535062,-7.52857014],[112.753656679,-7.52855832799998],[112.753768778,-7.52760548999989],[112.753881144,-7.52735538499998],[112.754591588,-7.52644920699993],[112.754950435,-7.52620272599994],[112.755410774,-7.52615197999998],[112.755526765,-7.52617010399995],[112.756008852,-7.52595624499998],[112.757302875,-7.52577863399995],[112.757639973,-7.52577500999995],[112.757917264,-7.52558833699995],[112.75804585,-7.52551181999997],[112.75830125,-7.52535594999995],[112.75833569,-7.52533492999993],[112.75917327,-7.52562151999996],[112.75983544,-7.52607575999997],[112.76041716,-7.52623157999995],[112.7608582,-7.52643189999998],[112.76151977,-7.52673676999996],[112.76218141,-7.52705920999993],[112.7625513,-7.52708407999993],[112.76321184,-7.52713413999993],[112.76370474,-7.52709700999998],[112.76405685,-7.52707801999998],[112.76454059,-7.5269530599999],[112.76509,-7.5268],[112.765170333152,-7.52674022796508],[112.76541204,-7.52690561999997],[112.76589785,-7.52729025999998],[112.76606857,-7.52744573999997],[112.76611878,-7.52749145999998],[112.76656006,-7.52775327999997],[112.76681585,-7.52786646999991],[112.76700096,-7.52791843999995],[112.76724,-7.52782],[112.76743159,-7.52772339999995],[112.76771208,-7.52741473999991],[112.76804519,-7.52705316000001],[112.76856375,-7.52683139999995],[112.76939935,-7.52662593999998],[112.76988309,-7.52650097999998],[112.77074577,-7.52646234999995],[112.77132703,-7.52650392999991],[112.77161,-7.52651],[112.77214,-7.52644],[112.77292767,-7.52606691999994],[112.77349,-7.5258],[112.77381,-7.52572],[112.77402667,-7.52568465999995],[112.77429169,-7.52590324999994],[112.77447,-7.52614],[112.77488659,-7.52713092999992],[112.7752316,-7.52753370999995],[112.77569912,-7.52775147999993],[112.77598,-7.52772],[112.77658,-7.52767],[112.77745,-7.52741],[112.77804,-7.52712],[112.77876,-7.52686],[112.77912002,-7.52676231],[112.77950781,-7.52685737999996],[112.7797821,-7.52719014999997],[112.78024262,-7.52784725999994],[112.78073705,-7.52818791999992],[112.78125,-7.52833],[112.78173305,-7.52845624999996],[112.78227008,-7.52844527999998],[112.78287683,-7.52825828999992],[112.78324542,-7.52796683999998],[112.78364043,-7.52767528999991],[112.78415036,-7.52749747999994],[112.78445818,-7.52741715000001],[112.78497757,-7.52739746000001],[112.78552,-7.5275],[112.78601,-7.52765],[112.78663529,-7.52800574999995],[112.78719186,-7.52846915999991],[112.78790642,-7.52880890999992],[112.78861,-7.5289],[112.78931482,-7.52873286999993],[112.78974485,-7.52839722999993],[112.789802324,-7.52834162899994],[112.79013403,-7.52810229699996],[112.7901351,-7.52808535099995],[112.790185495,-7.527287432],[112.79016834,-7.52668700499993],[112.79009273,-7.52645031399992],[112.790084641,-7.52642499099995],[112.79005283,-7.52639317999995],[112.79003904,-7.5263853],[112.78984205,-7.52614890999997],[112.78965295,-7.52596768999995],[112.78940081,-7.52573130999995],[112.78914079,-7.52550280999997],[112.78893593,-7.52541612999994],[112.78867591,-7.52532157999994],[112.78831346,-7.52521914999995],[112.78791161,-7.52510884],[112.7876122,-7.52500640999996],[112.78738369,-7.52482517999993],[112.78731278,-7.52462031999991],[112.7873049,-7.52445484999993],[112.7873443,-7.52418694999996],[112.78738369,-7.52403724999992],[112.787714339,-7.52358413899996],[112.787968205,-7.52346614499992],[112.789181925,-7.52341468],[112.789872415,-7.52344898999997],[112.790078276,-7.52344041199998],[112.790254115,-7.52338036999993],[112.790453879,-7.52328464899995],[112.79045682,-7.52328377999993],[112.790695858,-7.52321310799992],[112.790901718,-7.52318523099996],[112.791073269,-7.52318523099996],[112.791264119,-7.52320667499992],[112.791594353,-7.52324741799991],[112.791931021,-7.52330317199993],[112.792497138,-7.52336750299995],[112.792827372,-7.52343397899996],[112.793294848,-7.52357121999993],[112.793943592,-7.52379073399993],[112.794244808,-7.52393576399992],[112.794463535,-7.52410088199995],[112.794596487,-7.52419952299991],[112.794738016,-7.52427886499993],[112.795044662,-7.52440967299997],[112.795271967,-7.52448901499994],[112.7956408,-7.52463697699994],[112.795842372,-7.52467986499992],[112.795966746,-7.524690586],[112.796071821,-7.52464555399994],[112.79628197,-7.52455548999996],[112.79692314,-7.52443540499993],[112.797261952,-7.52438393999994],[112.797394904,-7.52436249599996],[112.797527856,-7.52431103099997],[112.79765223,-7.52425527699997],[112.798252657,-7.52386928799997],[112.799380601,-7.52299438099992],[112.799775167,-7.52244541899995],[112.799775083,-7.52244537799994],[112.800116392,-7.52211933999995],[112.800448771,-7.52186201399994],[112.800731829,-7.52169904099996],[112.801332256,-7.52151462399993],[112.801898372,-7.52146530299998],[112.802811879,-7.52150604699994],[112.80412424,-7.52170761799997],[112.80466248,-7.52185772499995],[112.805235029,-7.52208502899991],[112.805623162,-7.52220940399997],[112.806570979,-7.52240668699993],[112.807038454,-7.52242384199998],[112.807480196,-7.52239810899993],[112.808269328,-7.52228231199994],[112.808425955,-7.522286852],[112.808565253,-7.52229088999997],[112.808981263,-7.52242812999998],[112.809238589,-7.52257823699992],[112.809386551,-7.52268545599995],[112.809407889,-7.52271887299997],[112.80941,-7.52271998999994],[112.80966,-7.52307998999994],[112.80995,-7.52374998999994],[112.81029,-7.52440998999998],[112.81058,-7.52515998999998],[112.81083,-7.52545998999996],[112.81147,-7.52556998999993],[112.81189,-7.52556998999993],[112.81265,-7.52558998999995],[112.8132,-7.52558998999995],[112.81357,-7.5254899899999],[112.81381,-7.52526998999998],[112.81381009,-7.52526893999993],[112.81384,-7.52491998999996],[112.81395,-7.52380998999995],[112.81396873,-7.52373600999993],[112.81400149,-7.52376120999997],[112.8140868,-7.52426245000002],[112.81412946,-7.52499831999991],[112.8140868,-7.52527559999995],[112.81418279,-7.52603279999996],[112.81445597,-7.52680111999997],[112.81445715,-7.52680445999995],[112.81478001,-7.52771249999993],[112.8150253,-7.52809109999995],[112.81512129,-7.52827773999995],[112.81519061,-7.52845903999997],[112.81521967,-7.52866609999993],[112.81523327,-7.52876297999995],[112.81535591,-7.52903493],[112.81551588,-7.52930154999995],[112.81559054,-7.52952018000001],[112.81564386,-7.52971214999995],[112.81566033,-7.52974282999996],[112.81576117,-7.52993076999997],[112.81605979,-7.53037868999994],[112.81631574,-7.53065064999992],[112.81643838,-7.53075196],[112.81721158,-7.53210104999995],[112.81744621,-7.53261295999992],[112.81777681,-7.53364743999997],[112.81788346,-7.53406336999996],[112.81795811,-7.53471391999992],[112.81804343,-7.53517249999993],[112.818054204,-7.53522098099994],[112.81808609,-7.53536446999995],[112.81813967,-7.53548502999995],[112.817851193982477,-7.535799364787242],[112.817533576333815,-7.536153729811969],[112.817056753494953,-7.536568473708995],[112.816405780579331,-7.537153750252597],[112.815715959075149,-7.537576397581641],[112.814818802633809,-7.538124212817253],[112.813981955819131,-7.538528689418259],[112.812790550573837,-7.538981761377763],[112.812270137087239,-7.539106076861039],[112.811859877374928,-7.539245337230924],[112.811319053456486,-7.539420943833949],[112.810631006044574,-7.539519977888906],[112.80960094,-7.53957638999998],[112.80913169,-7.53957104999992],[112.80863844,-7.5395124],[112.80858779,-7.53951505999992],[112.80848914,-7.53948306999993],[112.80818252,-7.53940307999994],[112.80753997,-7.53926443999997],[112.80748132,-7.53925643999997],[112.807178809968505,-7.539241834428504],[112.806844102043826,-7.539215205119559],[112.806627679354136,-7.539201578267797],[112.806366944919191,-7.53917876696055],[112.8062962,-7.53915017999996],[112.80626252,-7.53913438999995],[112.80618821,-7.53907247999995],[112.80610023,-7.53901914999998],[112.80599092,-7.53893649999995],[112.80584694,-7.53885650999998],[112.80561232,-7.53874186999996],[112.80520972,-7.53856056999992],[112.80500709,-7.53849124999993],[112.804342097775304,-7.538359386496105],[112.803441839652749,-7.538275316436018],[112.802627504482345,-7.538119148458452],[112.802162757654628,-7.538001527017942],[112.801788115912359,-7.537915673311453],[112.801365738400463,-7.537799104865701],[112.800846605937352,-7.537666109938404],[112.800275030268267,-7.537525872985047],[112.799845722927614,-7.537412679017925],[112.799574025167857,-7.537333177902828],[112.799231448433972,-7.537244821840955],[112.798794190504097,-7.537116336167089],[112.798538459585686,-7.537051501169889],[112.798385376569641,-7.537011569740828],[112.798283239047478,-7.536995999265374],[112.79818564,-7.53698750999993],[112.798022702795478,-7.537031589778156],[112.797860403089629,-7.537097005595535],[112.797638187734492,-7.53721025627399],[112.797448843848144,-7.537311786712997],[112.7973278,-7.53740443999993],[112.797276717980807,-7.537444015774112],[112.797222645736966,-7.537485727266776],[112.797324551055951,-7.538808293655534],[112.797242319556759,-7.539262867501623],[112.797035049088237,-7.539265964405806],[112.796966181789259,-7.53956778474456],[112.79685863559007,-7.539791462039508],[112.796572746031487,-7.540632062681905],[112.795246137,-7.540767939],[112.795187624428067,-7.539451988738892],[112.795107226712702,-7.539036263481327],[112.794917601669113,-7.539019673439692],[112.794657261211512,-7.538901358358918],[112.794358929365757,-7.538731950341324],[112.793974213733321,-7.538639907603534],[112.793805588893335,-7.53832261707506],[112.793378863299566,-7.537982745656582],[112.792653607677082,-7.537415064400478],[112.79199360670043,-7.537314860356181],[112.7908852,-7.53698978999995],[112.790213006,-7.53676789899992],[112.78946887,-7.53652225999996],[112.78882898,-7.53619698999996],[112.78846802,-7.53601884999993],[112.78781049,-7.5355891],[112.78745856,-7.5353598],[112.78731379,-7.53527598999996],[112.78729073,-7.53525704999989],[112.78707463,-7.53511451999997],[112.78671202,-7.53487988999996],[112.78621611,-7.53448528999994],[112.78614679,-7.53442130999995],[112.78599749,-7.53426132999992],[112.78574153,-7.53399470999996],[112.78542692,-7.53377608999996],[112.78530127,-7.53372146000001],[112.78521682,-7.53369998999996],[112.78510698,-7.53365343999994],[112.78491501,-7.53362677999997],[112.78473904,-7.53363210999992],[112.78453108,-7.5336801],[112.78430712,-7.53375475999998],[112.78382721,-7.53410668999993],[112.78352859,-7.53443729999995],[112.78316599,-7.53488521999998],[112.78299535,-7.53497053999997],[112.78228081,-7.53513050999995],[112.78148096,-7.53520516999995],[112.78129966,-7.53525848999998],[112.78027628,-7.53559960999998],[112.77992657,-7.53562508999995],[112.77967061,-7.53559842999998],[112.77948931,-7.53539579999993],[112.77922523,-7.53484805999992],[112.77921936,-7.53483589999996],[112.77889475,-7.53418667999992],[112.7786068,-7.53393072999995],[112.77821221,-7.53384540999998],[112.77795625,-7.53394138999993],[112.77762565,-7.53428266000001],[112.7773057,-7.53484789999989],[112.7771244,-7.53523182999993],[112.77707108,-7.53531714999997],[112.77700709,-7.53539180000001],[112.77691111,-7.53543445999996],[112.77670848,-7.53550910999994],[112.7765485,-7.53551977999998],[112.77635654,-7.53541312999992],[112.77608992,-7.53525315999993],[112.7754607,-7.53462393999997],[112.77501278,-7.53426132999992],[112.77467151,-7.53408002999993],[112.77440489,-7.53405869999994],[112.77414893,-7.53409069999997],[112.77386098,-7.53421866999998],[112.77360503,-7.53446395999995],[112.77349838,-7.53477323999993],[112.773504,-7.53483786999993],[112.77251989,-7.53456394999995],[112.77249917,-7.53455820999994],[112.77201865,-7.53442529999995],[112.77101616,-7.53425466999992],[112.77083486,-7.53421200999996],[112.77071755,-7.53413735999995],[112.77065356,-7.53400937999996],[112.76948043,-7.53332682999994],[112.76877656,-7.53296422999994],[112.76870191,-7.53290023999994],[112.76845662,-7.53281493],[112.76747546,-7.53262295999994],[112.76732615,-7.53278292999998],[112.76687823,-7.53285757999994],[112.76668626,-7.53295356999994],[112.76641965,-7.53324151999995],[112.76607837,-7.53354012999995],[112.76606203,-7.53353608999996],[112.76578076,-7.53378342000001],[112.76565278,-7.53388472999995],[112.76556213,-7.53397004999995],[112.76550881,-7.53405536999995],[112.76543949,-7.5342633299999],[112.76538083,-7.53442863999991],[112.7653435,-7.53455661],[112.76527418,-7.5347112499999],[112.76513021,-7.53498853999996],[112.76507155,-7.53510585000001],[112.76503956,-7.53522315999995],[112.7649809,-7.53542045999992],[112.76494358,-7.53563375999997],[112.76493291,-7.53576706999995],[112.76497024,-7.53597503000001],[112.7649809,-7.53603902000001],[112.76488492,-7.53610300999996],[112.7646343,-7.53615632999991],[112.76373846,-7.53624697999991],[112.76332787,-7.53627896999995],[112.76307191,-7.53626297999996],[112.76273064,-7.53627896999995],[112.76266132,-7.53628430999994],[112.76263466,-7.53631096999992],[112.76260799,-7.53648693999997],[112.76253867,-7.53711082999996],[112.76255734,-7.53767606000001],[112.76254667,-7.53775870999993],[112.76254134,-7.53781737],[112.76256,-7.53784669999993],[112.76258666,-7.53787601999994],[112.76268798,-7.537988],[112.76278663,-7.53806265999995],[112.76293327,-7.53811064999996],[112.76296793,-7.53813731],[112.76299193,-7.53816129999998],[112.76299193,-7.53827327999995],[112.76297593,-7.53840659000001],[112.76282395,-7.53874786999997],[112.76244802,-7.53940641999997],[112.76240003,-7.53951572999995],[112.7623627,-7.53961703999992],[112.76234404,-7.53967836999993],[112.76233338,-7.53975568999993],[112.7623627,-7.53984633999991],[112.76244536,-7.53998230999997],[112.76250401,-7.54007829999995],[112.76256,-7.54018761],[112.76260533,-7.54030226],[112.76261066,-7.54040356999996],[112.76262132,-7.54053687999991],[112.76263732,-7.54062752999995],[112.76269065,-7.54074483999993],[112.76274397,-7.54087814999997],[112.76275997,-7.54093680999993],[112.76278929,-7.54118209999994],[112.76279463,-7.54125141999996],[112.76284528,-7.54149670999996],[112.76289061,-7.54165400999995],[112.7629306,-7.54180864999996],[112.76294927,-7.54190729999994],[112.7629466,-7.54198461999994],[112.76292794,-7.54202994999998],[112.76290927,-7.54207260999995],[112.76291194,-7.54209126999995],[112.76303903,-7.54334132999997],[112.761954095,-7.54316911699994],[112.761394876215718,-7.543080351576979],[112.76127586,-7.54306145999997],[112.75898584,-7.54273093999997],[112.75842757,-7.54265036999997],[112.757215555477188,-7.542466338683201],[112.7568990840265,-7.542453005856609],[112.7564293,-7.54241996999996],[112.75611424,-7.54239781699995],[112.75553715,-7.54235723999993],[112.755420377,-7.54234902999994],[112.754843880862325,-7.542308498123542],[112.75453256,-7.54228660999995],[112.75298285,-7.54226566999994],[112.74984156,-7.54283109999995],[112.74887685,-7.54295825000001],[112.748744336,-7.54297571099994],[112.7487388,-7.54297643999995],[112.747229164,-7.54317541499995],[112.746938985,-7.54321365999995],[112.7467679,-7.54323620999997],[112.74606604,-7.54332870999996],[112.74604783,-7.54333110999995],[112.745880272,-7.54335319300002],[112.74587544,-7.54335382999991],[112.74579539,-7.54336437999996]]]]}},
{"type":"Feature","properties":{"kdkab":"15","kdkec":"050","nmkab":"SIDOARJO","nmkec":"JABON","kddesa":"001","kdprov":"35","nmdesa":"PANGGREH","nmprov":"JAWA TIMUR","iddesa":"3515050001"},"geometry":{"type":"MultiPolygon","coordinates":[[[[112.721984161904999,-7.56174106384938],[112.721923946314007,-7.56178669000613],[112.721876313085005,-7.56181771579539],[112.721852945840993,-7.56185695429668],[112.721807110092001,-7.56191626831686],[112.721782844108006,-7.56195368177982],[112.721759476863994,-7.56198470758078],[112.72175642130793,-7.562018616938483],[112.721754993183481,-7.56205574817338],[112.721746814041481,-7.562073660907703],[112.721750449911468,-7.562123211630619],[112.721753015502202,-7.562168917659052],[112.721753085532413,-7.562189554600395],[112.721754452595903,-7.562206085078122],[112.72175276027231,-7.562230787772821],[112.721747386095245,-7.56225469946494],[112.721736530059331,-7.562295714637088],[112.721751691354697,-7.562335666921905],[112.721734986688631,-7.562370667174644],[112.721698936230197,-7.562399768898194],[112.721584126998067,-7.56248686079832],[112.72152751765536,-7.562531765630249],[112.72148233756586,-7.562589791039306],[112.721097506,-7.56310683599995],[112.72087771,-7.56282842999996],[112.72072595,-7.56263620999991],[112.72019187,-7.56201822999997],[112.720121729,-7.56194077799994],[112.71973412,-7.56151277],[112.71940157,-7.56118394],[112.71922296,-7.56100731999995],[112.71851341,-7.56050237999998],[112.71835256,-7.56042576999995],[112.718301873,-7.56040162799996],[112.717989976,-7.56025306899997],[112.71775049,-7.560139],[112.71704094,-7.56002886999997],[112.716609403,-7.55996143899995],[112.717450334,-7.55786912199996],[112.718156506,-7.55716294999994],[112.719009959,-7.55506288099996],[112.719491396,-7.55521402999993],[112.719497053,-7.55521580599997],[112.719777713,-7.55530391999998],[112.719849742915613,-7.555326534107888],[112.72174882,-7.55593163599993],[112.722004701,-7.5560132219999],[112.722862404,-7.55413631499991],[112.722862599,-7.55413637999991],[112.722861347,-7.55412872499997],[112.722936751,-7.55395381099997],[112.724691654,-7.55451453199995],[112.724794869309562,-7.554377820830687],[112.72479771,-7.55437568499997],[112.72490981,-7.55428183999992],[112.724939131213105,-7.554289576020749],[112.724977455143389,-7.554291876576703],[112.725022481346002,-7.554316530405242],[112.725057510974025,-7.554357811409445],[112.725096273484866,-7.554308515012665],[112.725178059921589,-7.554253863700618],[112.725227588014434,-7.554216517080727],[112.725253989135027,-7.554196673498815],[112.725305459313532,-7.554175845941971],[112.72537389,-7.55418516999993],[112.72551786,-7.55426382999991],[112.72561651,-7.55432914999994],[112.7256645,-7.55434514999991],[112.72576182,-7.55435180999996],[112.72585514,-7.55433047999992],[112.72591513,-7.55427848999989],[112.72598311,-7.55406785999998],[112.72604444,-7.55397054999995],[112.72617641,-7.55384657],[112.72634305,-7.5537199199999],[112.72649902,-7.55361460999996],[112.726856387325839,-7.553451151200487],[112.727021049601959,-7.553395237731962],[112.72721756,-7.55329866999997],[112.72732154,-7.55323467999995],[112.72746818,-7.55314802999988],[112.727525225342049,-7.553104462229212],[112.727685387366733,-7.553038281474178],[112.727751125852123,-7.553011467091982],[112.727895577523952,-7.552960433267801],[112.72803302,-7.55301705999989],[112.728056709,-7.55301611799991],[112.728413495058007,-7.5526334062291],[112.728304501235996,-7.55254753170359],[112.728643932951002,-7.55220960293489],[112.728666920804997,-7.55218671687677],[112.72867100425438,-7.552181561177089],[112.728673967852004,-7.55217773413011],[112.728673967852004,-7.55221840315295],[112.728680008178003,-7.55223884591295],[112.728697122434994,-7.55227257646898],[112.728709783726998,-7.55228775074585],[112.728814153,-7.5523879789999],[112.729132494796957,-7.552536762465274],[112.729225351,-7.55262466799998],[112.728673280419002,-7.55323093668186],[112.728723548862007,-7.55324833612713],[112.729136807841996,-7.5534870059628],[112.729201237986999,-7.55352891374163],[112.729227916094004,-7.55354986763251],[112.729248050514997,-7.55356877724216],[112.729263151330002,-7.55358462042938],[112.729444864474999,-7.55375940659593],[112.729484126594997,-7.55378700441798],[112.729484504115007,-7.55378815432721],[112.729610863719088,-7.553852998519179],[112.729738197813006,-7.5539088948193],[112.729920665997994,-7.55399360483494],[112.73004805,-7.55404719999996],[112.730236219,-7.55413181999996],[112.73063795,-7.55431247999997],[112.73110187,-7.55456844000001],[112.73181641,-7.55491503999995],[112.732052578186611,-7.555070112710317],[112.732459942,-7.55526528599994],[112.733187312835568,-7.555701062481941],[112.733803289427811,-7.556026544168248],[112.734092005482182,-7.55619910698998],[112.734290383355741,-7.556299320990008],[112.73445762,-7.55641023999992],[112.73441711,-7.55650410999995],[112.73426781,-7.55689870999993],[112.73373617,-7.55815255599992],[112.73370257,-7.55823179999994],[112.733164,-7.55951156999994],[112.733136708,-7.55957845399997],[112.73244923,-7.5612632699999],[112.7323324,-7.56130451],[112.73172529,-7.56137794999993],[112.73167118,-7.56138448999998],[112.73143617,-7.56140202999994],[112.731311671,-7.56141132200001],[112.730732549,-7.56149314299995],[112.730675096,-7.56149971399996],[112.730589073,-7.56150955399997],[112.729604608,-7.56162333599995],[112.728302288,-7.56174149499998],[112.727772531,-7.56177650499995],[112.727158896,-7.56163646499996],[112.726286766,-7.56142186099993],[112.725916224162717,-7.561332812922587],[112.724839134418801,-7.561093722441664],[112.72466488252212,-7.561058288198843],[112.724501281,-7.56101941299992],[112.723432365,-7.56072967299995],[112.72334676,-7.56081733999997],[112.72311746,-7.56102529999993],[112.723090185,-7.56105337799996],[112.72293616,-7.56121193999998],[112.72281085,-7.56132391999997],[112.72274033,-7.56137681],[112.72268079,-7.56141381999991],[112.72247816,-7.56142449000001],[112.722347093,-7.56140507299995],[112.72233418,-7.56140315999992],[112.722326715184153,-7.561399714629371],[112.722326092,-7.561399427],[112.722161813729997,-7.56162773010621],[112.721984161904999,-7.56174106384938]]]]}},
{"type":"Feature","properties":{"kdkab":"15","kdkec":"050","nmkab":"SIDOARJO","nmkec":"JABON","kddesa":"002","kdprov":"35","nmdesa":"TROMPOASRI","nmprov":"JAWA TIMUR","iddesa":"3515050002"},"geometry":{"type":"MultiPolygon","coordinates":[[[[112.722746526,-7.56638250499997],[112.72274654,-7.56638246999995],[112.72264091,-7.56618101],[112.72238151,-7.56573086999992],[112.7223166,-7.56562959999996],[112.72227433,-7.56556364999994],[112.72218316,-7.56542141999993],[112.72198479,-7.56499938999996],[112.72193155,-7.56483201999993],[112.72177881,-7.56435185999992],[112.72158043,-7.56373245],[112.72157933,-7.56373100999996],[112.72121421,-7.56325465999992],[112.721097506,-7.56310683599995],[112.72148233756586,-7.562589791039306],[112.72152751765536,-7.562531765630249],[112.721584126998067,-7.56248686079832],[112.721698936230197,-7.562399768898194],[112.721734986688631,-7.562370667174644],[112.721751691354697,-7.562335666921905],[112.721736530059331,-7.562295714637088],[112.721747386095245,-7.56225469946494],[112.72175276027231,-7.562230787772821],[112.721754452595903,-7.562206085078122],[112.721753085532413,-7.562189554600395],[112.721753015502202,-7.562168917659052],[112.721750449911468,-7.562123211630619],[112.721746814041481,-7.562073660907703],[112.721754993183481,-7.56205574817338],[112.72175642130793,-7.562018616938483],[112.721759476863994,-7.56198470758078],[112.721782844108006,-7.56195368177982],[112.721807110092001,-7.56191626831686],[112.721852945840993,-7.56185695429668],[112.721876313085005,-7.56181771579539],[112.721923946314007,-7.56178669000613],[112.721984161904999,-7.56174106384938],[112.722161813729997,-7.56162773010621],[112.722326092,-7.561399427],[112.722326715184153,-7.561399714629371],[112.72233418,-7.56140315999992],[112.722347093,-7.56140507299995],[112.72247816,-7.56142449000001],[112.72268079,-7.56141381999991],[112.72274033,-7.56137681],[112.72281085,-7.56132391999997],[112.72293616,-7.56121193999998],[112.723090185,-7.56105337799996],[112.72311746,-7.56102529999993],[112.72334676,-7.56081733999997],[112.723432365,-7.56072967299995],[112.724501281,-7.56101941299992],[112.72466488252212,-7.561058288198843],[112.724839134418801,-7.561093722441664],[112.725916224162717,-7.561332812922587],[112.726286766,-7.56142186099993],[112.727158896,-7.56163646499996],[112.727772531,-7.56177650499995],[112.728302288,-7.56174149499998],[112.729604608,-7.56162333599995],[112.730589073,-7.56150955399997],[112.730675096,-7.56149971399996],[112.730732549,-7.56149314299995],[112.731311671,-7.56141132200001],[112.73143617,-7.56140202999994],[112.73167118,-7.56138448999998],[112.73172529,-7.56137794999993],[112.7323324,-7.56130451],[112.73244923,-7.5612632699999],[112.73247009,-7.56125590999996],[112.73426149,-7.56201142999991],[112.73431871,-7.56204570999994],[112.73651888,-7.56291980999991],[112.73675905,-7.56301522],[112.73675933,-7.56301591999995],[112.7368119,-7.56303468999994],[112.736817464,-7.56303677800001],[112.73683247,-7.56304240999994],[112.73691321,-7.56290271999998],[112.7369772,-7.56275740999994],[112.73716783,-7.56232014999994],[112.73761975,-7.56112836999993],[112.73781705,-7.56067511999994],[112.73821164,-7.55969928999997],[112.738227015,-7.55965700699994],[112.73823297,-7.55964062999994],[112.738233605,-7.55964087099993],[112.738303175,-7.55946370099997],[112.739080227,-7.55971147199996],[112.739721171,-7.55992735199994],[112.739736151,-7.55993287199993],[112.740623195,-7.56025975699992],[112.741796569,-7.56069209599996],[112.741791707,-7.56070721899994],[112.741752976,-7.56097772399993],[112.741752954,-7.56097787899996],[112.741754268,-7.56097820699995],[112.74175768,-7.56097906],[112.74172568,-7.5612403499999],[112.74170969,-7.56135765999997],[112.74170969,-7.56157095999993],[112.74170969,-7.56176824999998],[112.74168302,-7.56189622999996],[112.741637638,-7.56199078799994],[112.74161904,-7.56202954],[112.74227708,-7.56223839999996],[112.74284548,-7.56241879999992],[112.743518055,-7.56263163999995],[112.743410585,-7.56291172399995],[112.743363118,-7.56305469399996],[112.743324768,-7.56319589699996],[112.74331473,-7.56321332999994],[112.74318142,-7.56359725999994],[112.74303212,-7.56381055999996],[112.74284548,-7.56422114999998],[112.7427495,-7.56443444],[112.74269085,-7.56464240999997],[112.74265885,-7.56479705],[112.742675791,-7.56480197499997],[112.742615526,-7.564944215],[112.742487501,-7.56513676899992],[112.74229105,-7.56557001399994],[112.742107842,-7.56597481399997],[112.742050926,-7.56605870999995],[112.74204856,-7.56606012999994],[112.7419753,-7.56623436999997],[112.74167206,-7.56684084999992],[112.74135823,-7.56768819999997],[112.74132373,-7.56778135999997],[112.741299113,-7.56783597499998],[112.74123717,-7.56797339999997],[112.74117082,-7.56812061999997],[112.74116549,-7.56821661000002],[112.74121026,-7.56829236999993],[112.74121881,-7.56831258999992],[112.74156008,-7.56877650999997],[112.74155664,-7.56881786000001],[112.74156571,-7.56882833],[112.74158228,-7.56925066999997],[112.741661115,-7.57022210899995],[112.74169872,-7.57068549999998],[112.74166744,-7.57095311999994],[112.74167236,-7.57098260999991],[112.74166464,-7.57113703999995],[112.74159341,-7.57131204999996],[112.741518083,-7.57153803200001],[112.74151609,-7.57154400999997],[112.74150547,-7.57161127999998],[112.7414761,-7.57179729999996],[112.74146543,-7.57203725999994],[112.741446988,-7.57228159999996],[112.7414441,-7.57231986999992],[112.7414441,-7.57243436999995],[112.74135242,-7.57304091],[112.74133514,-7.57317916999995],[112.74107354,-7.57321197999993],[112.73977124,-7.57327142999996],[112.73971548,-7.57327397999997],[112.739356372,-7.57325059599998],[112.739233829,-7.57324261599996],[112.73917093,-7.57323851999996],[112.73916617,-7.57323820999991],[112.73889151,-7.57322055999998],[112.73830406,-7.57302601],[112.738000553,-7.57287740599997],[112.73784632,-7.57280188999996],[112.73752028,-7.57255229000001],[112.73748009,-7.57252152999998],[112.73715202,-7.57225020999992],[112.73715045,-7.5722489],[112.737150422,-7.57224896799996],[112.73715,-7.57225],[112.737038746,-7.57252486200001],[112.736974899,-7.57248287999995],[112.736913129,-7.57244975699997],[112.736881796,-7.57240768199994],[112.736858521,-7.57224475299993],[112.73684565,-7.57227171499992],[112.736779742,-7.57220894499994],[112.736672316,-7.57211942299993],[112.736464626,-7.57200483599993],[112.736131606,-7.57171120499991],[112.735780682,-7.57146412599998],[112.735519279,-7.571335215],[112.73541141,-7.57128024299994],[112.735146869,-7.57114542899995],[112.734889047,-7.57102009899996],[112.73435908,-7.57089834999993],[112.733983089,-7.57073721099995],[112.73378671,-7.57065832299998],[112.733564129,-7.57056890999994],[112.733245432,-7.57044357999997],[112.732908831,-7.57034331599994],[112.732604458,-7.57030392699993],[112.732526221,-7.57030607999995],[112.732377918,-7.57031016199996],[112.732214144,-7.57031466899997],[112.731838154,-7.57038986699998],[112.731437097,-7.57044357999997],[112.731246751,-7.57048436899994],[112.731036041,-7.57052952099994],[112.7306135,-7.57061904200001],[112.730276899,-7.57061188099995],[112.730011915,-7.57048655099992],[112.729786321,-7.570339735],[112.729363779,-7.57025021399993],[112.728920042,-7.57032232099994],[112.72871162,-7.57035618999992],[112.728217904,-7.570436419],[112.72788517,-7.57047614799993],[112.727258233,-7.57055100599997],[112.726676626,-7.57042090999993],[112.726169651,-7.57030750799994],[112.725424832,-7.56994942099996],[112.724350574,-7.5692475729999],[112.723720343,-7.56880354599998],[112.723304963,-7.56815899099996],[112.723032817,-7.56754308299996],[112.722846613,-7.56727093799996],[112.722703378,-7.56689852799998],[112.722591569,-7.56677356499996],[112.722716484,-7.56645832199996],[112.722746526,-7.56638250499997]]]]}},
{"type":"Feature","properties":{"kdkab":"15","kdkec":"050","nmkab":"SIDOARJO","nmkec":"JABON","kddesa":"014","kdprov":"35","nmdesa":"KEBOGUYANG","nmprov":"JAWA TIMUR","iddesa":"3515050014"},"geometry":{"type":"MultiPolygon","coordinates":[[[[112.726696875,-7.54404320199995],[112.72683404,-7.54334904999995],[112.72689003,-7.54304242999996],[112.72701801,-7.5426265099999],[112.72711933,-7.54206393999994],[112.72712408,-7.54204773],[112.72715382,-7.54194612999991],[112.72726064,-7.54158135999996],[112.72750059,-7.54089081999995],[112.72753955,-7.54080665999992],[112.72704482,-7.54056726999992],[112.72742875,-7.53905286999995],[112.72776469,-7.53912752999997],[112.72776541,-7.53912216999995],[112.727765669,-7.53912023499991],[112.72792999,-7.53789041999995],[112.72629295,-7.53706389999997],[112.726531544,-7.53642980799996],[112.72655092904094,-7.536393189701692],[112.726811103,-7.53568679499994],[112.726882427,-7.53566573399996],[112.727160549,-7.53562415699998],[112.727273123,-7.53554100299997],[112.727520343,-7.53542721299992],[112.727668233,-7.53537688299996],[112.728143553,-7.53553262399993],[112.728189161,-7.535547568],[112.728425439,-7.53560727999994],[112.728904692020208,-7.535745431491371],[112.729030724,-7.53578176199998],[112.72933335,-7.53586899799996],[112.729500851,-7.53548229499995],[112.729657676,-7.53512024099995],[112.729853297,-7.53492190099997],[112.730013351,-7.53493953099996],[112.730014520391251,-7.534936756300623],[112.730284554,-7.53429602799998],[112.730382475771592,-7.534091317479263],[112.731044112991128,-7.534283635506136],[112.731156102194916,-7.534011965724923],[112.73129602586161,-7.533877172163331],[112.731579624626093,-7.533540697112445],[112.731729867091602,-7.533432012379548],[112.731889490970801,-7.533408168583249],[112.732021078333815,-7.533440686028087],[112.732233049,-7.53352672299998],[112.732273257680674,-7.533559372056754],[112.732345565812693,-7.533597205762054],[112.732384338793679,-7.533634206026041],[112.732476398164906,-7.53368637076625],[112.732601001,-7.53372645799992],[112.732747835554619,-7.533784401360901],[112.73278876,-7.53380260499996],[112.733094714,-7.53384931499997],[112.733615535,-7.53400696299997],[112.733862861,-7.53421427999997],[112.733933167,-7.53427321299994],[112.734382966,-7.53451108699993],[112.734418956,-7.53453012099993],[112.73453673,-7.53453101999998],[112.73472491,-7.53453245599997],[112.734953791,-7.53470761999997],[112.734995793,-7.53471683999994],[112.735049547,-7.53472863999998],[112.735119613,-7.53472630499992],[112.735258309,-7.53471877899993],[112.735420896,-7.53470995599997],[112.735525994,-7.53477067999997],[112.735612409,-7.53488979099996],[112.73575254,-7.53505794899994],[112.735925369,-7.53510933099996],[112.736161257,-7.53516071199993],[112.736434513,-7.53523895199993],[112.736528158,-7.53531017499997],[112.736871028,-7.535582903],[112.737105064,-7.535725665],[112.737329738,-7.53581225799995],[112.737564234,-7.53590996499998],[112.737835255,-7.53602289],[112.737931027,-7.53607384599994],[112.738200351,-7.53621713999995],[112.738383605,-7.53629914399993],[112.73856,-7.53637807899997],[112.738652788,-7.53641959999993],[112.738712889,-7.536446495],[112.739185641,-7.53654713000001],[112.739737404,-7.53657176199992],[112.74038,-7.53669],[112.74143,-7.53697],[112.74207,-7.53711],[112.74233292,-7.53717438999996],[112.742333295,-7.53717348799997],[112.742650776,-7.53725784199998],[112.742650746,-7.53725787999995],[112.74265055,-7.53725812999995],[112.74257105,-7.53746899],[112.74252391,-7.53774004999997],[112.742404428,-7.53831669999996],[112.74240127,-7.53833193999998],[112.74239864,-7.53833982999993],[112.74229195,-7.53865987999995],[112.74199003,-7.53949016999997],[112.741987325,-7.53949760999992],[112.74197201,-7.53953972999994],[112.74193468,-7.53963571],[112.741931312,-7.5397077989999],[112.74192135,-7.53992098999996],[112.74192726,-7.54003628999997],[112.74193802,-7.54015895],[112.74164072,-7.54012081999998],[112.741313704,-7.54103177899997],[112.74131366,-7.54103189999995],[112.74157675,-7.54110344999995],[112.74176102,-7.54115858999996],[112.74171014,-7.54126543999995],[112.7416654,-7.54135939999997],[112.74155475,-7.54161401999994],[112.741498759,-7.54173709299997],[112.74142011,-7.54190996999995],[112.7412868,-7.54216991999992],[112.74128424,-7.54217663999998],[112.74123147,-7.54228056999996],[112.74120081,-7.54233388999993],[112.74118682,-7.54236454999994],[112.74118393,-7.54236993999998],[112.741183808,-7.54237016900002],[112.74117682,-7.54238321999996],[112.74115082,-7.54248586999993],[112.74113924,-7.54253396999994],[112.74109498,-7.54268888999998],[112.740999,-7.54306748999994],[112.7409272,-7.544006],[112.73983131,-7.54415043999996],[112.73860842,-7.54433303999995],[112.738350366,-7.54437157399997],[112.7381432,-7.54440250999995],[112.73799168,-7.54442513999992],[112.73587323,-7.54474146299998],[112.73520314,-7.54484151999998],[112.733545433,-7.54505598199992],[112.73178773,-7.54528337999994],[112.73152374,-7.54531752999996],[112.731460391,-7.54532572599994],[112.730786233,-7.54541294499997],[112.73063992422118,-7.545431873554729],[112.73041595,-7.54546084999992],[112.730275455032555,-7.545479025974372],[112.72998223,-7.54551695999996],[112.72921375,-7.54561637999996],[112.72883834,-7.54562284999998],[112.728356378,-7.54563116199995],[112.72818949,-7.54563403999992],[112.72678448,-7.5456582599999],[112.72645837,-7.54566243999997],[112.72657235,-7.54485034999996],[112.726580965,-7.54478895599995],[112.72658198,-7.54478171999991],[112.72665808,-7.54423954999991],[112.72667965,-7.54413036999995],[112.726696875,-7.54404320199995]]]]}},
{"type":"Feature","properties":{"kdkab":"15","kdkec":"050","nmkab":"SIDOARJO","nmkec":"JABON","kddesa":"004","kdprov":"35","nmdesa":"KEDUNGPANDAN","nmprov":"JAWA TIMUR","iddesa":"3515050004"},"geometry":{"type":"MultiPolygon","coordinates":[[[[112.769416996,-7.57155854199993],[112.769394021,-7.57160558599997],[112.769388785,-7.57162620099993],[112.769233277,-7.57223851399993],[112.769164846,-7.572507963],[112.7689070240001,-7.573095223999928],[112.768978641000103,-7.573381692999931],[112.769265110000106,-7.573754102999942],[112.769723460000023,-7.573883013999932],[112.769775590000108,-7.573884694999947],[112.769875550000052,-7.574006439999948],[112.769015200000013,-7.573855519999938],[112.768342300000086,-7.573965759999965],[112.768338950000043,-7.573972509999976],[112.768104890000018,-7.574015319999944],[112.767930510000042,-7.574078019999945],[112.767923700000097,-7.574073329999976],[112.767670790000011,-7.574165339999979],[112.767477780000036,-7.574177449999979],[112.76746361000005,-7.57419090999997],[112.767311802,-7.57421809899993],[112.767172818,-7.57424299099996],[112.76683799,-7.57430295999993],[112.76537316,-7.57441882999997],[112.76430118,-7.57456419999994],[112.764294647,-7.57456508599992],[112.76397697,-7.57460815999996],[112.76243583,-7.57487089999997],[112.762218202,-7.57478209600001],[112.76136774,-7.57443505999991],[112.760674135,-7.57414294099994],[112.76020044,-7.57394343999993],[112.75946824,-7.57363511999992],[112.759749433,-7.57282979399998],[112.76011615,-7.57177952999997],[112.76072937,-7.57013715999992],[112.76082535,-7.56989719999993],[112.760863428,-7.56986714199996],[112.76092667,-7.56981721999994],[112.7611133,-7.56980121999993],[112.76168387,-7.56985988000001],[112.76169498,-7.56984876999996],[112.76172572,-7.56974094999989],[112.7617407,-7.56974605999997],[112.76182202,-7.56977486999996],[112.76303429,-7.57022513999992],[112.76426607,-7.57068905999995],[112.764439573,-7.57075126199993],[112.764492202074919,-7.570770129622737],[112.76454869,-7.57079037999995],[112.7646236,-7.57082173999989],[112.76520959,-7.57106702999994],[112.765448534,-7.5712049279999],[112.765453898,-7.57117390999995],[112.765492316,-7.57095175799998],[112.765545438,-7.57081209800001],[112.765644622,-7.57055133999995],[112.765762993,-7.57033455999993],[112.765774701068153,-7.570313118286934],[112.765826407,-7.57021842599993],[112.765905086,-7.57007433799991],[112.766048561,-7.56979863899994],[112.76608418899653,-7.569756310262372],[112.766271501,-7.56953388099996],[112.76631344,-7.56949668299996],[112.766410971,-7.56959060199997],[112.766434371,-7.56954988199994],[112.76656695,-7.56931916399995],[112.76669733,-7.56909226999992],[112.766785094667085,-7.568972257389516],[112.766792609478316,-7.568961981362251],[112.767043021,-7.56867608199995],[112.766692232232458,-7.568444842844268],[112.767315353597169,-7.56784290082439],[112.76777614857069,-7.567429532439673],[112.767894945982434,-7.567366304511691],[112.768167232338584,-7.567149398431372],[112.768344910723528,-7.567036330368227],[112.768565359851436,-7.566923400215887],[112.768793198453736,-7.566746192414096],[112.768891928514748,-7.566679106603416],[112.769234952188228,-7.566446204921061],[112.769285582988729,-7.566414560670741],[112.76944884,-7.56628743999996],[112.769482700634384,-7.566260198646237],[112.769890171092172,-7.565923031455914],[112.769997517835392,-7.565785957922272],[112.7700586229046,-7.565642278435201],[112.770179181554667,-7.565491992994702],[112.770243589600597,-7.565452357274131],[112.770339375925303,-7.565427584948774],[112.770359399041908,-7.565371927588833],[112.770547268333942,-7.565190592880867],[112.770672242254292,-7.565091757296798],[112.770833156387042,-7.564916140349895],[112.771177038873773,-7.564590227969363],[112.771216167,-7.56466396299993],[112.77126788,-7.56462332999996],[112.77150914,-7.56443376999995],[112.771677987,-7.56432908399995],[112.77177575,-7.56426846999992],[112.771823368,-7.56424942299998],[112.77182505,-7.56424874999992],[112.77204237,-7.56416181999998],[112.772315345057933,-7.564090264681988],[112.77242382,-7.56406182999996],[112.77258525,-7.56403692000001],[112.77299051,-7.56396492999993],[112.77319315,-7.56392226999997],[112.77327313,-7.56387427999994],[112.77335578,-7.56378895999993],[112.773166732,-7.56340463999992],[112.77312608,-7.563322],[112.77304184,-7.56317639999997],[112.77288755,-7.56283428599995],[112.77282721,-7.56270048999996],[112.77251393,-7.56190595999997],[112.77232597,-7.56146603999998],[112.77221276,-7.56121517999998],[112.77221331,-7.56121498999996],[112.772176131,-7.56111054499997],[112.77215533,-7.56105210999993],[112.772014641,-7.56052931599997],[112.77201412,-7.56052737999994],[112.77199336,-7.56045021999995],[112.77198065,-7.56039311999998],[112.77183072,-7.55971968999994],[112.77161296,-7.55876324999998],[112.77155877,-7.55852522999994],[112.77134547,-7.55756273999997],[112.77122283,-7.55693884999993],[112.77120683,-7.55685352999998],[112.77119617,-7.55677087999994],[112.7712095,-7.55673887999996],[112.77135614,-7.55670421999997],[112.77153211,-7.55661623999992],[112.77161391,-7.55656983999995],[112.77198664,-7.55634635999997],[112.77218127,-7.55619171999994],[112.77242923,-7.55599442999995],[112.77275984,-7.55575446999996],[112.77292247,-7.55561582999996],[112.77306378,-7.55551450999996],[112.77332507,-7.55541319999995],[112.77336464,-7.55541078999993],[112.77389563,-7.55537853999996],[112.7742529,-7.55540519999995],[112.77456218,-7.55546384999994],[112.77536204,-7.55570380999996],[112.77577796,-7.55575179999993],[112.7762952,-7.55572513999992],[112.77653516,-7.55568247999995],[112.77668447,-7.55561848999996],[112.776762974,-7.55550766699998],[112.77677512,-7.55549052],[112.77680822,-7.55538752999997],[112.77682311,-7.55534120999995],[112.77704174,-7.55507992000002],[112.77721771,-7.55490394999993],[112.777429879,-7.55484648699995],[112.777448809,-7.55477533199998],[112.77750756,-7.55455450399996],[112.777940195,-7.55431380599992],[112.778160927,-7.55413000099997],[112.778748075,-7.55376238899993],[112.779339637,-7.55337289499992],[112.779458832,-7.55327223999994],[112.779544918,-7.55316501899996],[112.779697223,-7.55305123399997],[112.779796552,-7.55297902499996],[112.780059223,-7.55275145499998],[112.780229187,-7.55259171900001],[112.780298751,-7.55247778399995],[112.780359194,-7.55247363099994],[112.7803837,-7.55251513299993],[112.780410187,-7.55255451999997],[112.780461649,-7.55246237999993],[112.78046163,-7.55246188999993],[112.78066159,-7.55226791999993],[112.78107469,-7.55184325999994],[112.78107818,-7.55183966999991],[112.78115484,-7.55175834999994],[112.78121283,-7.55168502999993],[112.78179306,-7.55096716],[112.78180512,-7.55095408999995],[112.78201835,-7.55072319999996],[112.78233096,-7.55040791999997],[112.78254425,-7.5501773],[112.78257092,-7.55016262999994],[112.78267223,-7.55010397999997],[112.78305883,-7.54989201999996],[112.78352141,-7.54963405999996],[112.783533527,-7.549627362],[112.783680956,-7.54954587099996],[112.78369505,-7.54953807999994],[112.78371433,-7.54952758999994],[112.78379736,-7.54948241999996],[112.78399866,-7.54937476999993],[112.78415663,-7.54929045999994],[112.78444658,-7.54913347999997],[112.7845119,-7.54910081999997],[112.78452657,-7.54907149999993],[112.78454256,-7.54904083],[112.7845539,-7.54900750999996],[112.78465521,-7.54865723999993],[112.78468376,-7.54855402099995],[112.78470287,-7.54848492999997],[112.78474853,-7.54831529999993],[112.78478585,-7.54817798999994],[112.78482851,-7.54802167999995],[112.78498349,-7.54745311999993],[112.78502814,-7.54729014999996],[112.78507447,-7.54711883999992],[112.78510413,-7.54701685999991],[112.78512113,-7.54694853999995],[112.78512546,-7.54693853999994],[112.78513413,-7.54693253999996],[112.78522944,-7.54688321999994],[112.78524277,-7.54687688999998],[112.78525344,-7.54687488999997],[112.78541241,-7.54687754999997],[112.78544407,-7.54687921999991],[112.78557271,-7.54690321999994],[112.785845,-7.54695286999993],[112.78610395,-7.54699886999995],[112.78616394,-7.54701053],[112.7862146,-7.54701385999994],[112.7864039,-7.54702118999995],[112.78652421,-7.54702618999993],[112.7866002,-7.54702685999998],[112.78665485,-7.54701085999998],[112.78679983,-7.54696753999997],[112.78681982,-7.54696186999994],[112.78683116,-7.54695387000001],[112.78686482,-7.54692821],[112.78696113,-7.54685888999996],[112.78698446,-7.54684188999994],[112.78699579,-7.54682555999994],[112.78708811,-7.54669525],[112.78709844,-7.54668125999995],[112.78710511,-7.54665358999997],[112.7871301,-7.54654660999994],[112.78713677,-7.54651527999994],[112.78713477,-7.54650728999997],[112.78712877,-7.54648795999998],[112.78708411,-7.54636797999993],[112.78707911,-7.54635664999994],[112.78707145,-7.54634531999995],[112.78699113,-7.54623666999991],[112.78689581,-7.54610835999998],[112.78688048,-7.54608902999996],[112.78684515,-7.54601370999996],[112.78681183,-7.54593904999997],[112.78678883,-7.54588806],[112.7867755,-7.54586239999997],[112.78677017,-7.54579074999994],[112.78676117,-7.54563210999991],[112.78681516,-7.54514285999993],[112.78681884,-7.54510169999997],[112.78682182,-7.54506820999997],[112.78683249,-7.54504220999997],[112.78684787,-7.54500570999994],[112.78688248,-7.54492356999998],[112.78689781,-7.54489290999992],[112.786901436,-7.54489061899995],[112.78696113,-7.54485290999997],[112.78698979,-7.54483691999996],[112.78703045,-7.54482958999994],[112.78720376,-7.54480426000002],[112.78725441,-7.54478892999997],[112.78734173,-7.54475292999994],[112.78737973,-7.54474026999998],[112.78744838,-7.54460695999995],[112.7875057,-7.54452296999994],[112.78756969,-7.54443099],[112.78770567,-7.54431500999992],[112.78772866,-7.54429515999997],[112.78789489,-7.54418265999997],[112.78805406,-7.54413604],[112.78847552,-7.54409153999994],[112.78880012,-7.54408761999997],[112.78899034,-7.54410671999992],[112.78922092,-7.54415501999997],[112.78957372,-7.54423355999994],[112.78981486,-7.54430900999998],[112.79031252,-7.54457909999995],[112.79045439,-7.54468271999998],[112.79046239,-7.54468969999997],[112.79056186,-7.54476822999992],[112.790684992,-7.54484919299997],[112.79079431,-7.54492107199996],[112.79094405,-7.54501952999992],[112.790982586,-7.54502833899993],[112.791053379,-7.54504452299997],[112.79112729,-7.54506141999997],[112.79218486,-7.54516612999993],[112.792189661,-7.54516630499994],[112.792562274,-7.54517985299997],[112.79276077,-7.54518706999993],[112.792980723,-7.54518894999996],[112.793193564,-7.54519076899992],[112.794564779,-7.54520248699993],[112.795140567,-7.54520740799997],[112.79521097,-7.54520800999994],[112.79549369,-7.54526035999992],[112.795628746,-7.54517815299993],[112.79573452,-7.54511376999992],[112.79615336,-7.54489387999995],[112.796484214310141,-7.544811166422423],[112.7965722,-7.54478916999996],[112.79672927,-7.54472634999997],[112.796732243,-7.54472486299996],[112.796809597,-7.54469638999995],[112.796808784,-7.54469780299996],[112.79677255,-7.54476076],[112.79675389,-7.54479675999998],[112.79672456,-7.54484342],[112.79659925,-7.54506270999995],[112.79655592,-7.54514069999994],[112.79653259,-7.54518268999991],[112.79638329,-7.54552528999993],[112.79637195,-7.54554528999993],[112.79634263,-7.54557861999994],[112.79611867,-7.54583390999998],[112.79610533,-7.54584789999996],[112.79603468,-7.54590455999993],[112.79578939,-7.54610518999993],[112.79577339,-7.54611519],[112.79553144,-7.54623782999992],[112.79548278,-7.54626049999996],[112.79512684,-7.54637847999993],[112.79464743,-7.54653694999994],[112.79456981,-7.54656243999994],[112.79456161,-7.54658376999991],[112.79452395,-7.54668075999997],[112.79451162,-7.54672007999996],[112.79447529,-7.54684338999995],[112.79441864,-7.54702902999997],[112.79430132,-7.54742429000001],[112.79428666,-7.54745694999997],[112.79411836,-7.54781889],[112.79405403,-7.54795885999993],[112.79403904,-7.5479905199999],[112.79400971,-7.54805117999996],[112.79397338,-7.54813315999995],[112.79392672,-7.54823347999995],[112.79386573,-7.54836344999996],[112.79379275,-7.54852142999993],[112.79377608,-7.54855741999993],[112.79376975,-7.54857141999997],[112.79376675,-7.54857874999991],[112.79375275,-7.54859374999997],[112.79367477,-7.54869739999998],[112.79362944,-7.54875537999991],[112.79355312,-7.54885402999995],[112.79352579,-7.54888902999991],[112.7934948,-7.54892868999997],[112.79346647,-7.54897434999998],[112.79341648,-7.549058],[112.79336482,-7.54914097999992],[112.7933285,-7.54920096999993],[112.79330217,-7.54927995999998],[112.79324218,-7.54946025999993],[112.79319919,-7.54959223999998],[112.79313087,-7.54981286],[112.79312687,-7.54982452999998],[112.79312553,-7.54982985999995],[112.79311687,-7.54983818999995],[112.79307787,-7.54986884999993],[112.79293057,-7.54998316999997],[112.79287491,-7.55002782999994],[112.79281392,-7.55007414999994],[112.79277093,-7.55010780999996],[112.79269261,-7.55016912999998],[112.79262929,-7.55021745999992],[112.79262629,-7.55022111999995],[112.79262062,-7.55023744999995],[112.7925703,-7.55038142999995],[112.7925433,-7.55045774999994],[112.7925383,-7.55047008],[112.79253364,-7.55047675],[112.79249831,-7.55051839999992],[112.79242999,-7.55060205999997],[112.79242399,-7.55060838999998],[112.79232501,-7.55068470999995],[112.79226252,-7.5507312],[112.79215887,-7.55080951999996],[112.79204989,-7.5508925],[112.79202223,-7.55091082999995],[112.79186659,-7.55101147999991],[112.79174961,-7.55108779999995],[112.79171662,-7.55110912999993],[112.79169662,-7.55112145999993],[112.79168929,-7.55112645999997],[112.79165963,-7.55113212999992],[112.79149832,-7.55116711999995],[112.79147966,-7.55117144999997],[112.79140734,-7.55116178999998],[112.79124104,-7.55113778999995],[112.79123504,-7.55113645999994],[112.79115438,-7.55110512999994],[112.79103674,-7.55106013999992],[112.79097142,-7.55103480999996],[112.79095875,-7.55102814999996],[112.7909041,-7.55099682000001],[112.79076679,-7.55091816999993],[112.79064814,-7.55085417999995],[112.79053816,-7.55079151999997],[112.79034486,-7.55070353999994],[112.79025621,-7.55065620999996],[112.79023555,-7.55064887999995],[112.79005758,-7.55064820999997],[112.78997893,-7.55064620999998],[112.7897483,-7.55066620999996],[112.78923373,-7.55071219999996],[112.7890331,-7.55072886999994],[112.78892712,-7.55076086],[112.7886185,-7.55085150999997],[112.78850786,-7.55090016999997],[112.78819725,-7.55103215],[112.78818125,-7.55103947999994],[112.78812393,-7.55110279999997],[112.7880606,-7.55117278999995],[112.78804461,-7.55119677999993],[112.78799528,-7.55132075999996],[112.78795929,-7.55140873999995],[112.78794996,-7.55145673999992],[112.78794253,-7.55148565999996],[112.787936208,-7.55151026699998],[112.78788382,-7.55171415999998],[112.78786331,-7.55179400999998],[112.78785264,-7.55189798999993],[112.78781798,-7.55226059],[112.78781798,-7.55229524999993],[112.78783931,-7.55242855999998],[112.7878753,-7.55263252999993],[112.7878953,-7.55267917999989],[112.78799662,-7.55291380999996],[112.78814126,-7.55307044999996],[112.78840188,-7.55336772999993],[112.78862795,-7.55363075999997],[112.7886465,-7.5536523399999],[112.7888208,-7.55385030999996],[112.78884413,-7.55387763999994],[112.78886946,-7.5539236299999],[112.78890412,-7.55399227999992],[112.78893245,-7.55405160999995],[112.78897744,-7.55414591999994],[112.78898277,-7.55415792],[112.78899144,-7.55420424999994],[112.78900077,-7.55427656999998],[112.78901143,-7.55434754999993],[112.78901277,-7.55436221999997],[112.78900977,-7.55437787999993],[112.78898944,-7.55446619999996],[112.78897377,-7.55454251999996],[112.78896944,-7.55455318],[112.78892278,-7.55464482999995],[112.78883013,-7.55483012999998],[112.78881547,-7.55485979999995],[112.78880214,-7.55488445999995],[112.78878514,-7.55489811999998],[112.78865883,-7.55500643999992],[112.78861417,-7.55504375999992],[112.78851952,-7.55510807999995],[112.78840288,-7.55518439999998],[112.78829323,-7.55525838999994],[112.78807094,-7.55540535999996],[112.78788364,-7.55552933999997],[112.78767867,-7.55566697999994],[112.78751703,-7.55577362999996],[112.78737339,-7.55586994999992],[112.78723608,-7.55596292999995],[112.78723324,-7.55596488999991],[112.78718809,-7.55599592999993],[112.78717876,-7.55600425999995],[112.78714643,-7.55604891999995],[112.78705278,-7.55618388999994],[112.78700609,-7.55624887999994],[112.78697113,-7.55629753999995],[112.7869648,-7.55630919999992],[112.7869508,-7.55635485999998],[112.78692347,-7.55645417999996],[112.78691947,-7.55646718],[112.78691947,-7.55648083999992],[112.78694747,-7.55658881999993],[112.78696913,-7.55667447],[112.78699779,-7.55673646000001],[112.78700632,-7.55675593999997],[112.78710111,-7.55697241999997],[112.78711977,-7.55701507999994],[112.78712777,-7.55703540999994],[112.7871321,-7.55704006999998],[112.78726275,-7.55715071999997],[112.78730141,-7.55717204999994],[112.7875257,-7.55729435999998],[112.78755803,-7.55731435999997],[112.78763001,-7.55735734999995],[112.78774766,-7.55742967],[112.787847131,-7.55749047599996],[112.78787197,-7.55750565999996],[112.78787864,-7.55751065999993],[112.7879103,-7.55754064999993],[112.78799928,-7.55762029999992],[112.78810026,-7.55771329000001],[112.78826857,-7.55786625999995],[112.7883034,-7.5578983999999],[112.78836355,-7.55795391],[112.78837788,-7.55796790999996],[112.78841654,-7.55802322999995],[112.78849353,-7.55812754999994],[112.78854752,-7.55820386999993],[112.78855252,-7.55821085999996],[112.78855518,-7.55821753],[112.78856718,-7.55826451999995],[112.78859417,-7.55837949999996],[112.78859718,-7.55839582999996],[112.78859584,-7.55841882999995],[112.78857718,-7.55869243999998],[112.78857618,-7.55870844],[112.78855518,-7.55878476000001],[112.78851819,-7.55894239999998],[112.78848553,-7.55907338],[112.78845853,-7.55917968999993],[112.78845687,-7.55918868999992],[112.78844424,-7.55926215999996],[112.7884382,-7.55929733999996],[112.78840921,-7.55946896999997],[112.78839171,-7.55956728999994],[112.78839105,-7.55957812],[112.78839521,-7.55991788999998],[112.78839754,-7.55997287999998],[112.78840054,-7.55998754999993],[112.78841521,-7.56004819999995],[112.78842787,-7.56010585999995],[112.78846053,-7.56023916999993],[112.7884742,-7.56026549999997],[112.78853052,-7.56037213999996],[112.788547802,-7.56040515899996],[112.78860117,-7.56050711999994],[112.78865217,-7.56060309999997],[112.7886585,-7.56061676999993],[112.78869416,-7.56066975999993],[112.78879347,-7.56081139999996],[112.78886746,-7.56091837999996],[112.78889579,-7.56094603999998],[112.78901043,-7.56106534999998],[112.78909242,-7.56115000999994],[112.78920673,-7.56127064999992],[112.78932038,-7.56138662999997],[112.78934371,-7.56141828999995],[112.7894107,-7.56150260999996],[112.78950668,-7.56163124999992],[112.78952867,-7.56165591999994],[112.78955267,-7.56170524],[112.78964199,-7.56188453999995],[112.78968198,-7.56196986],[112.78969398,-7.56199385999998],[112.78969864,-7.56203051999996],[112.78970664,-7.56216183000001],[112.78969465,-7.56223047999993],[112.78961466,-7.5626564],[112.78960666,-7.56270172999996],[112.78950135,-7.56310831999995],[112.78946002,-7.56325095999991],[112.78944136,-7.56328828999994],[112.78921473,-7.56367888999996],[112.78908617,-7.56383052999996],[112.78851309,-7.56402045999993],[112.78804009,-7.5641697],[112.78784174,-7.56412441],[112.78767388,-7.56401615999993],[112.78721611,-7.56359654999995],[112.78710929,-7.56350927999995],[112.78620141,-7.56298140999997],[112.78574364,-7.56277781999995],[112.78470604,-7.56277828],[112.784582024,-7.56300038599996],[112.78405098,-7.56315097999992],[112.783543285,-7.56349911399994],[112.783224163,-7.56383274199995],[112.78290504,-7.56458703199998],[112.782455368,-7.56447098699994],[112.781962178,-7.56397779799994],[112.78162855,-7.56368768599996],[112.781439978,-7.56354263099995],[112.780700194,-7.56355713599993],[112.780540632,-7.56390526999994],[112.780250521,-7.56439845899997],[112.779949995,-7.56507106599997],[112.77970298,-7.56550124599994],[112.779703595,-7.56550140599997],[112.779703778,-7.56550145399997],[112.779439462,-7.56581830899995],[112.779212663,-7.56592090899995],[112.778617343,-7.56654457799998],[112.778183378,-7.56682073699995],[112.779033648,-7.56744542499995],[112.77827194,-7.56811164999994],[112.7779998,-7.56834966999995],[112.77753441,-7.56913739999996],[112.77752615,-7.56923484999993],[112.777506344918194,-7.569472055803261],[112.777459034948777,-7.570027077837646],[112.777442870000073,-7.570217889999981],[112.776901170000087,-7.57085877999998],[112.776512070000081,-7.571572129999936],[112.775851360053792,-7.572249212904766],[112.775816616,-7.57228521299994],[112.77573237,-7.57225949999998],[112.77519871,-7.57212168999997],[112.775195598,-7.57212024499993],[112.77518682,-7.57211616999996],[112.77516219,-7.57210472999997],[112.77472082,-7.57189965999993],[112.7747207,-7.57187131999996],[112.77471899,-7.57145170999998],[112.774668449335536,-7.571415347136409],[112.774449821,-7.57125804899992],[112.774395592,-7.57121903299996],[112.774149404,-7.57070320899992],[112.773547819,-7.57033079999998],[112.773463565,-7.57031524499997],[112.773120166413833,-7.570251848196108],[112.772755592,-7.57018454199993],[112.772616795,-7.57015891799991],[112.771578246,-7.57010057299997],[112.771523723,-7.5700975099999],[112.771342009,-7.57008730099996],[112.771216128584172,-7.570134506155902],[112.770310721,-7.57047403400001],[112.769926491,-7.57079571500002],[112.769839654845342,-7.570868415045156],[112.769694813,-7.57098967799991],[112.769416996,-7.57155854199993]]],[[[112.88166745,-7.57734258999994],[112.88166745,-7.57793745999989],[112.8805967,-7.57805642999995],[112.87399369,-7.57704515999995],[112.869300213,-7.576605145],[112.86828299,-7.57650978000001],[112.86703377,-7.57674772999996],[112.86447585,-7.57829437999995],[112.86328612,-7.57948410999994],[112.86120409,-7.58007896999991],[112.8563684,-7.58022188],[112.85639039,-7.58007896000001],[112.85602682,-7.57998107999993],[112.85484374,-7.57966255999994],[112.8533345,-7.57949939999998],[112.85264274,-7.57942461999993],[112.85263903,-7.57942472999996],[112.85263803,-7.57942461999993],[112.85186819,-7.57944795],[112.85067497,-7.57948410999994],[112.8500233,-7.57948742999995],[112.85002219,-7.57948745999995],[112.84756471,-7.57949998999994],[112.84756467,-7.57949997999998],[112.84756,-7.5795],[112.84694,-7.57922],[112.84645,-7.57899],[112.84574,-7.5786],[112.84537,-7.57832],[112.8448,-7.57786],[112.84467,-7.57755],[112.84454,-7.57715],[112.84447075,-7.57689277999997],[112.84446709,-7.57688884999993],[112.84399406,-7.57637959999993],[112.84334556,-7.57487945999998],[112.84247582,-7.57337978999994],[112.84172049,-7.57252387999998],[112.84127037,-7.57227066999998],[112.84126972,-7.57227030999995],[112.84020225,-7.57167129999992],[112.83892051,-7.57024174999996],[112.83891922,-7.57024032999992],[112.83847038,-7.56974581999998],[112.83750145,-7.56835393999994],[112.83738701,-7.56695871999996],[112.8372637,-7.56648053],[112.83687818,-7.56582439999996],[112.83663833,-7.56514970999998],[112.83622947,-7.56454329999997],[112.8361239,-7.56359775999993],[112.83601719,-7.56238195],[112.83558265,-7.56126491],[112.83522992,-7.56035814999998],[112.83502761,-7.55963001999994],[112.83481736,-7.55887333999992],[112.83437181,-7.55759137999996],[112.83416525,-7.55678140999993],[112.83392426,-7.55583642999995],[112.83388585,-7.55475546999997],[112.83422105,-7.55386229999991],[112.83391565,-7.55377129999994],[112.83305349,-7.55334500999993],[112.83229058,-7.55274944999997],[112.832047534,-7.55239425899992],[112.83203118,-7.55237035999996],[112.83198071,-7.55242221999992],[112.83189384,-7.55251148999995],[112.83174126,-7.55259398999993],[112.83160392,-7.55261449999993],[112.83130637,-7.55255443999996],[112.83099651,-7.552498423],[112.83088675,-7.55247857999994],[112.83059684,-7.55251675999995],[112.83039085,-7.55260685999994],[112.83022302,-7.55278423999991],[112.83009332,-7.55288247999991],[112.82997885,-7.55289251999997],[112.82962791,-7.55285338999995],[112.82915488,-7.55281523999998],[112.8288955,-7.55285960999993],[112.82839196,-7.55302743999997],[112.82799522,-7.55319671999996],[112.82772818,-7.55331449999994],[112.82708732,-7.55346133999993],[112.82669822,-7.55362585999992],[112.82648459,-7.55379562999998],[112.82590476,-7.55426578000001],[112.82556908,-7.55439786999993],[112.82492058,-7.55465153999994],[112.82456199,-7.55485562000001],[112.82433311,-7.55504112999997],[112.82425682,-7.55500344999997],[112.82392875,-7.55500869999997],[112.82352439,-7.55506638999998],[112.82326502,-7.55517510999994],[112.82273093,-7.55548936999998],[112.82151786,-7.55614927999996],[112.82056419,-7.55660750999997],[112.81999962,-7.55679968999996],[112.81890861,-7.55711820999993],[112.81861105,-7.55729179999997],[112.81823721,-7.55760937999995],[112.81758873,-7.55817631999997],[112.816986,-7.55869228999996],[112.81672661,-7.55887346999998],[112.81652062,-7.55891781],[112.81460563,-7.55905418999994],[112.81394188,-7.55908184999994],[112.81289666,-7.55867366999995],[112.81289666,-7.55853871999992],[112.81285086,-7.5583971],[112.81280509,-7.55826406999996],[112.81272119,-7.55812817999995],[112.812622,-7.55797367],[112.8125152,-7.55787259999995],[112.81219475,-7.55762415000001],[112.8118667,-7.5573972],[112.81153863,-7.55717451000001],[112.81132813,-7.55703938999996],[112.81125633,-7.55699329999995],[112.81122582,-7.55697850999996],[112.81118004,-7.55694989999992],[112.81111138,-7.55690794999998],[112.811104437,-7.55690503599994],[112.81105796,-7.55688552999991],[112.810929608,-7.55682513399994],[112.81092826,-7.55682449999997],[112.81126397,-7.55626802999998],[112.81152337,-7.55559331999997],[112.81184961,-7.55475863],[112.81187432,-7.55469541],[112.811872,-7.55469424999996],[112.81181837,-7.55466743999997],[112.81218481,-7.55337525999993],[112.81254741,-7.55258605999997],[112.81288868,-7.55230878],[112.81450973,-7.55166888999996],[112.81508563,-7.55143426999996],[112.81587482,-7.55094368999995],[112.81681332,-7.55034645999996],[112.81728257,-7.54983454999997],[112.81758118,-7.54942929],[112.81888228,-7.54684841999996],[112.81905292,-7.54637917],[112.81908575,-7.54634633999997],[112.81935953,-7.54571928999996],[112.81946618,-7.54507939999998],[112.81949817,-7.54482345000001],[112.81957283,-7.54466347999992],[112.81965814,-7.54454615999992],[112.81974346,-7.54423688999996],[112.8197328,-7.54385295999998],[112.81961548,-7.54355433999996],[112.81947684,-7.54333037999993],[112.81942352,-7.54309575999997],[112.81948751,-7.54270116000001],[112.8195195,-7.54235988999994],[112.81956216,-7.5421679199999],[112.81965814,-7.54198661999994],[112.81995676,-7.54181599],[112.8200954,-7.54173066999991],[112.82024471,-7.54147470999991],[112.82039401,-7.54101612999992],[112.82040468,-7.54056820999991],[112.82039401,-7.54017893999998],[112.82026603,-7.53970968999992],[112.82023937,-7.53957638999998],[112.82025537,-7.53946973999997],[112.82035135,-7.53921911999992],[112.82038868,-7.53897915999994],[112.82034602,-7.53877652999994],[112.82022871,-7.53832327999993],[112.82021769,-7.53827239999992],[112.820204617,-7.53821205399991],[112.81983994,-7.53652852999993],[112.82002921,-7.53635413999998],[112.82025112,-7.53610003999993],[112.82062211,-7.53566467999997],[112.82086023,-7.535376],[112.8209604,-7.53527105999995],[112.821708695,-7.53455154299997],[112.82204938,-7.53422395999996],[112.823010134,-7.53319204599995],[112.82318025,-7.53300932999996],[112.824121264,-7.53235061799998],[112.8248556,-7.53183657999993],[112.82674038,-7.53104078999994],[112.82812255,-7.53070570999996],[112.83046804,-7.53058005999995],[112.83281354,-7.53120831999996],[112.832945244,-7.53128397999995],[112.83381521,-7.53178374999993],[112.834686777,-7.53228443199995],[112.837348688,-7.53510127099996],[112.839458686,-7.53762923999997],[112.840748685,-7.54011754100001],[112.841344829,-7.54151875799993],[112.841368684,-7.541574827],[112.841688683,-7.54203084699998],[112.842493683,-7.54251164999992],[112.844033681,-7.54288340499997],[112.846378678,-7.54291810199994],[112.847138677,-7.54280905399995],[112.848348676,-7.54245216899995],[112.849398675,-7.54198623599998],[112.849858674,-7.54169874499996],[112.850118674,-7.541490562],[112.850258674,-7.54124272499997],[112.850388674,-7.54086601199998],[112.850298674,-7.53978543799994],[112.850168674,-7.53837771499997],[112.850348674,-7.537198],[112.850998673,-7.53557216799991],[112.851588672,-7.53465019999994],[112.852698373,-7.53367141599994],[112.85405467,-7.53334682999996],[112.85580369,-7.53317618999996],[112.857116338,-7.53324651199996],[112.857618665,-7.53346056099997],[112.857743665,-7.53354978399994],[112.857848665,-7.53372327299998],[112.857903665,-7.53391163299996],[112.857963665,-7.53409999199996],[112.858063665,-7.53433791999991],[112.858143665,-7.53476916399998],[112.858191165,-7.53510870599995],[112.858203665,-7.53540363599993],[112.858173665,-7.53568617499998],[112.858063665,-7.53620168299993],[112.857968665,-7.53648422099998],[112.857943665,-7.53660318399993],[112.857923665,-7.53675188799997],[112.857893665,-7.53692537599995],[112.857698665,-7.537287222],[112.857353666,-7.53778785799994],[112.856753666,-7.53857598599994],[112.856508667,-7.53887587099996],[112.856293667,-7.53907661999998],[112.856188667,-7.53920549599995],[112.856143667,-7.53931454499998],[112.856088667,-7.53956238399993],[112.856046350020506,-7.539960918730126],[112.856018667,-7.54043229599997],[112.856033667,-7.54066278499997],[112.856053667,-7.54077431199996],[112.856203667,-7.54099240899995],[112.856418667,-7.54125263799994],[112.856661167,-7.54150790999994],[112.856956166,-7.54176566099994],[112.857046166,-7.54181522899995],[112.857206166,-7.541864796],[112.857306166,-7.54188462299991],[112.857393666,-7.54190940699992],[112.857518666,-7.54197632299994],[112.857953665,-7.54228859700001],[112.858686164,-7.54277683499993],[112.858916164,-7.54295775599996],[112.859098664,-7.54314115499995],[112.859133664,-7.54321798399996],[112.859221164,-7.54339642599994],[112.859663663,-7.54388466299996],[112.859998663,-7.54424898199994],[112.860103663,-7.54439024799993],[112.860228663,-7.54460090799997],[112.860413662,-7.54501974999995],[112.860633662,-7.54538158899995],[112.860791162,-7.54560587999992],[112.860942412,-7.54574714599996],[112.861057412,-7.54581901799995],[112.861166161,-7.54588717199992],[112.861298661,-7.54595780499998],[112.861566161,-7.54605446099991],[112.861773661,-7.54609907099995],[112.86204991,-7.54613500699994],[112.86285991,-7.546215553],[112.863034909,-7.54623537999994],[112.863409909,-7.54623290099991],[112.863762409,-7.54617837799998],[112.864132408,-7.54607428699998],[112.864597408,-7.54588221499994],[112.864823657,-7.54573970999998],[112.865467407,-7.54525643199996],[112.866212406,-7.54456497199995],[112.866844905,-7.54394042599992],[112.867799904,-7.54301351899992],[112.868444903,-7.54257236999996],[112.869084903,-7.54227992299993],[112.869608866,-7.54211215600001],[112.86951707,-7.54267669999995],[112.86905337,-7.543581],[112.86894449,-7.54363402999997],[112.86978205,-7.54467258999993],[112.86948461,-7.54532693999997],[112.86888975,-7.54604077999995],[112.86853283,-7.54752794999996],[112.86853283,-7.54877715999993],[112.8682038,-7.55058678999998],[112.86805694,-7.55139456999996],[112.86841386,-7.55234634999993],[112.86900872,-7.55282224999996],[112.87001999,-7.55264378999992],[112.87091229,-7.55264378999992],[112.87227602,-7.55350466999995],[112.87287653,-7.55397006999991],[112.87363677,-7.55455924999995],[112.87452907,-7.55925868999995],[112.87464804,-7.56217352999992],[112.87411266,-7.56395811999991],[112.87357729,-7.56562374999993],[112.873601876,-7.56567838699997],[112.87365695,-7.56580078],[112.87411266,-7.56681347999996],[112.87536188,-7.56889550999997],[112.8757188,-7.57192931999996],[112.88166745,-7.57734258999994]]]]}},
{"type":"Feature","properties":{"kdkab":"15","kdkec":"050","nmkab":"SIDOARJO","nmkec":"JABON","kddesa":"010","kdprov":"35","nmdesa":"DUKUHSARI","nmprov":"JAWA TIMUR","iddesa":"3515050010"},"geometry":{"type":"MultiPolygon","coordinates":[[[[112.728056709,-7.55301611799991],[112.72803302,-7.55301705999989],[112.727895577523952,-7.552960433267801],[112.727751125852123,-7.553011467091982],[112.727685387366733,-7.553038281474178],[112.727525225342049,-7.553104462229212],[112.72746818,-7.55314802999988],[112.72732154,-7.55323467999995],[112.72721756,-7.55329866999997],[112.727021049601959,-7.553395237731962],[112.726856387325839,-7.553451151200487],[112.72649902,-7.55361460999996],[112.72634305,-7.5537199199999],[112.72617641,-7.55384657],[112.72604444,-7.55397054999995],[112.72598311,-7.55406785999998],[112.72591513,-7.55427848999989],[112.72585514,-7.55433047999992],[112.72576182,-7.55435180999996],[112.7256645,-7.55434514999991],[112.72561651,-7.55432914999994],[112.72551786,-7.55426382999991],[112.72537389,-7.55418516999993],[112.725305459313532,-7.554175845941971],[112.725253989135027,-7.554196673498815],[112.725227588014434,-7.554216517080727],[112.725178059921589,-7.554253863700618],[112.725096273484866,-7.554308515012665],[112.725057510974025,-7.554357811409445],[112.725022481346002,-7.554316530405242],[112.724977455143389,-7.554291876576703],[112.724939131213105,-7.554289576020749],[112.72490981,-7.55428183999992],[112.72479771,-7.55437568499997],[112.724794869309562,-7.554377820830687],[112.724691654,-7.55451453199995],[112.722936751,-7.55395381099997],[112.722861347,-7.55412872499997],[112.722862599,-7.55413637999991],[112.722862404,-7.55413631499991],[112.722004701,-7.5560132219999],[112.72174882,-7.55593163599993],[112.719849742915613,-7.555326534107888],[112.719777713,-7.55530391999998],[112.719497053,-7.55521580599997],[112.719491396,-7.55521402999993],[112.719009959,-7.55506288099996],[112.718523445341802,-7.554907810509665],[112.719224488673134,-7.552436874744278],[112.71899436,-7.55236149999996],[112.71856244,-7.55222818999992],[112.71841231,-7.55214784000001],[112.71848937,-7.55184750999995],[112.71813961,-7.55154369999995],[112.71815451,-7.55150831999996],[112.718181875,-7.55144484399992],[112.718464489,-7.55113507199995],[112.718763203,-7.55080765299994],[112.718674201,-7.55073719299995],[112.719031953808454,-7.550361168710996],[112.719137794308821,-7.550219640872514],[112.719200586971269,-7.550170802135056],[112.719260278761496,-7.550144444721189],[112.719328497950329,-7.550108784690664],[112.719402307187877,-7.550053171018659],[112.719437803696067,-7.549998703726868],[112.719446331094673,-7.549925833229708],[112.71942152411691,-7.549825830100628],[112.719478890252944,-7.549707996956283],[112.71960796405908,-7.549581248804307],[112.719743627218676,-7.549433957373876],[112.719789365083926,-7.549344032079508],[112.719820373806144,-7.549234726333768],[112.719782000512424,-7.549197515867133],[112.719808745535317,-7.549168832799102],[112.719832571723558,-7.549123787175538],[112.719849721723563,-7.549054037175458],[112.719864211723561,-7.548899047175437],[112.7198897,-7.54842719999995],[112.71991103,-7.54834455],[112.71993236,-7.54830588999997],[112.71997102,-7.54826855999997],[112.72003101,-7.54824722999996],[112.720358072,-7.548204287],[112.720429098,-7.54819496099996],[112.72052373,-7.54818253400001],[112.72091355,-7.54812816],[112.721031214333152,-7.548084128543289],[112.721159380712052,-7.548081565215711],[112.721267040470323,-7.548076438560555],[112.721384953538916,-7.548109761819068],[112.721520809900539,-7.548140521750004],[112.721659229589747,-7.548168718353362],[112.721810939966929,-7.548244482170914],[112.722064378932572,-7.548345533124343],[112.722484621069853,-7.548243054853122],[112.722681997293364,-7.548209731594609],[112.72277171375859,-7.548196914956719],[112.722887063499599,-7.548176408336095],[112.723045989809435,-7.548150775060316],[112.723168219051331,-7.548124972745233],[112.723362029846541,-7.548123644353777],[112.723436459531769,-7.548147547224611],[112.723530554398451,-7.548234909041761],[112.72360203,-7.54836514999995],[112.72366948271933,-7.548318604376902],[112.723717092693633,-7.548264316495507],[112.72403663,-7.54789995999993],[112.724067502822876,-7.547786909713917],[112.723992209769321,-7.547767819969316],[112.723979538784462,-7.547647122615828],[112.723971148163301,-7.547627627628116],[112.723961209109589,-7.547483893620351],[112.723925275607598,-7.547346275953343],[112.723819433241005,-7.54729415299169],[112.723818701374,-7.54729563912382],[112.72363745,-7.54725165999998],[112.723386757021629,-7.547214550060513],[112.723470395695131,-7.546899885050933],[112.723564234206904,-7.546804006571515],[112.723704557,-7.54668398799993],[112.723753118,-7.54655050699996],[112.723768465,-7.54644922399996],[112.723890091,-7.54564655499993],[112.72419815,-7.5456582599999],[112.72433236,-7.54566120999994],[112.72463234,-7.54566779999994],[112.72463933,-7.54566795999994],[112.72515101,-7.54567919999995],[112.725196538,-7.54567861599996],[112.72635991,-7.5456637],[112.72641193,-7.54566303999996],[112.72645837,-7.54566243999997],[112.72678448,-7.5456582599999],[112.72818949,-7.54563403999992],[112.728356378,-7.54563116199995],[112.72883834,-7.54562284999998],[112.72921375,-7.54561637999996],[112.72998223,-7.54551695999996],[112.730275455032555,-7.545479025974372],[112.73041595,-7.54546084999992],[112.73063992422118,-7.545431873554729],[112.730786233,-7.54541294499997],[112.731460391,-7.54532572599994],[112.73152374,-7.54531752999996],[112.73178773,-7.54528337999994],[112.733545433,-7.54505598199992],[112.73520314,-7.54484151999998],[112.73587323,-7.54474146299998],[112.73799168,-7.54442513999992],[112.7381432,-7.54440250999995],[112.738350366,-7.54437157399997],[112.737542254,-7.54778465199995],[112.737394288,-7.54837725599998],[112.737302206533002,-7.54857577438394],[112.737292555904119,-7.548608231380703],[112.737303782347567,-7.548635192645786],[112.737012712451218,-7.549379273201362],[112.73693497236043,-7.549532361380153],[112.736894110747798,-7.549630848608445],[112.737273194388422,-7.549771152058827],[112.737403183,-7.54984989799998],[112.737426942,-7.54986548899996],[112.737459146,-7.54989125999997],[112.737497281,-7.54992177699995],[112.737529642,-7.54994767299995],[112.737602645,-7.54999551099998],[112.737575423,-7.55007892099996],[112.737523455,-7.55027272599994],[112.737428179,-7.55072534699996],[112.737273832,-7.55136720499994],[112.737273737,-7.55136742799994],[112.735050736,-7.55661381899996],[112.73445762,-7.55641023999992],[112.734290383355741,-7.556299320990008],[112.734092005482182,-7.55619910698998],[112.733803289427811,-7.556026544168248],[112.733187312835568,-7.555701062481941],[112.732459942,-7.55526528599994],[112.732052578186611,-7.555070112710317],[112.73181641,-7.55491503999995],[112.73110187,-7.55456844000001],[112.73063795,-7.55431247999997],[112.730236219,-7.55413181999996],[112.73004805,-7.55404719999996],[112.729920665997994,-7.55399360483494],[112.729738197813006,-7.5539088948193],[112.729610863719088,-7.553852998519179],[112.729484504115007,-7.55378815432721],[112.729484126594997,-7.55378700441798],[112.729444864474999,-7.55375940659593],[112.729263151330002,-7.55358462042938],[112.729248050514997,-7.55356877724216],[112.729227916094004,-7.55354986763251],[112.729201237986999,-7.55352891374163],[112.729136807841996,-7.5534870059628],[112.728723548862007,-7.55324833612713],[112.728673280419002,-7.55323093668186],[112.729225351,-7.55262466799998],[112.729132494796957,-7.552536762465274],[112.728814153,-7.5523879789999],[112.728709783726998,-7.55228775074585],[112.728697122434994,-7.55227257646898],[112.728680008178003,-7.55223884591295],[112.728673967852004,-7.55221840315295],[112.728673967852004,-7.55217773413011],[112.72867100425438,-7.552181561177089],[112.728666920804997,-7.55218671687677],[112.728643932951002,-7.55220960293489],[112.728304501235996,-7.55254753170359],[112.728413495058007,-7.5526334062291],[112.728056709,-7.55301611799991]]]]}},
{"type":"Feature","properties":{"kdkab":"15","kdkec":"050","nmkab":"SIDOARJO","nmkec":"JABON","kddesa":"009","kdprov":"35","nmdesa":"JEMIRAHAN","nmprov":"JAWA TIMUR","iddesa":"3515050009"},"geometry":{"type":"MultiPolygon","coordinates":[[[[112.74364904,-7.55375851999998],[112.742576514,-7.557524229999951],[112.742571756,-7.55753933899997],[112.742523785,-7.55778806999993],[112.742485447,-7.55802153],[112.742463539,-7.55807944299995],[112.742372258,-7.55816269199996],[112.742313838,-7.55822965299995],[112.742297407,-7.55828756599995],[112.742302884,-7.55839615199996],[112.742332094,-7.55886669099994],[112.742332094,-7.55895537],[112.742324121,-7.55898171599991],[112.742310186,-7.55902775999995],[112.742215254,-7.55925759999998],[112.742156833,-7.55940962099991],[112.742113018,-7.55955440199997],[112.742052772,-7.55977519299997],[112.742021737,-7.55995435899997],[112.741968793,-7.56020953499995],[112.741935932,-7.56031812099993],[112.741844651,-7.56054253099995],[112.741796569,-7.56069209599996],[112.740623195,-7.56025975699992],[112.739736151,-7.55993287199993],[112.739721171,-7.55992735199994],[112.739080227,-7.55971147199996],[112.738303175,-7.55946370099997],[112.738233605,-7.55964087099993],[112.73823297,-7.55964062999994],[112.738227015,-7.55965700699994],[112.73821164,-7.55969928999997],[112.73781705,-7.56067511999994],[112.73761975,-7.56112836999993],[112.73716783,-7.56232014999994],[112.7369772,-7.56275740999994],[112.73691321,-7.56290271999998],[112.73683247,-7.56304240999994],[112.736817464,-7.56303677800001],[112.7368119,-7.56303468999994],[112.73675933,-7.56301591999995],[112.73675905,-7.56301522],[112.73651888,-7.56291980999991],[112.73431871,-7.56204570999994],[112.73426149,-7.56201142999991],[112.73247009,-7.56125590999996],[112.73244923,-7.5612632699999],[112.733136708,-7.55957845399997],[112.733164,-7.55951156999994],[112.73370257,-7.55823179999994],[112.73373617,-7.55815255599992],[112.73426781,-7.55689870999993],[112.73441711,-7.55650410999995],[112.73445762,-7.55641023999992],[112.735050736,-7.55661381899996],[112.737273737,-7.55136742799994],[112.737273832,-7.55136720499994],[112.737428179,-7.55072534699996],[112.737523455,-7.55027272599994],[112.737575423,-7.55007892099996],[112.737602645,-7.54999551099998],[112.737529642,-7.54994767299995],[112.737497281,-7.54992177699995],[112.737459146,-7.54989125999997],[112.737426942,-7.54986548899996],[112.737403183,-7.54984989799998],[112.737273194388422,-7.549771152058827],[112.736894110747798,-7.549630848608445],[112.73693497236043,-7.549532361380153],[112.737012712451218,-7.549379273201362],[112.737303782347567,-7.548635192645786],[112.737292555904119,-7.548608231380703],[112.737302206533002,-7.54857577438394],[112.737394288,-7.54837725599998],[112.737542254,-7.54778465199995],[112.738350366,-7.54437157399997],[112.73860842,-7.54433303999995],[112.73983131,-7.54415043999996],[112.7409272,-7.544006],[112.7410847,-7.54398524999995],[112.7417891,-7.54389240999997],[112.74120803,-7.54676818999995],[112.741208163,-7.54676821099997],[112.740700343,-7.54898124999992],[112.740696672,-7.54899724899993],[112.741312811,-7.5491031249999],[112.74135093,-7.54910869999996],[112.741920354,-7.54919193599994],[112.742646593,-7.54929809499991],[112.74266496,-7.54930077999995],[112.742765578,-7.54931549099996],[112.743285421,-7.54938007199998],[112.743567022,-7.54941203399993],[112.74366427,-7.54943903999998],[112.743667986,-7.54944007199992],[112.743831836,-7.54948557399995],[112.74402335,-7.54955563799995],[112.744026243,-7.54955669199992],[112.744344806,-7.54967372999994],[112.744307686,-7.54979148499998],[112.744279227,-7.54988961399994],[112.744273613,-7.54992006199998],[112.744258192,-7.55000368999993],[112.744243344,-7.55017664299989],[112.744249531,-7.55027354499993],[112.744239632,-7.55038639399989],[112.744238402,-7.55044246999996],[112.744237126,-7.55050067199992],[112.744306495,-7.55056033199998],[112.744332984,-7.55061430799995],[112.744336635,-7.55071384699994],[112.744310808,-7.55083072999997],[112.744294646,-7.55090387599998],[112.744143118,-7.55131650999994],[112.744077396,-7.55154273499996],[112.744032725,-7.551731154],[112.744030842,-7.55173909799992],[112.744095665,-7.55174654799993],[112.744086107,-7.55182761299995],[112.744086014,-7.55182840199998],[112.744077383,-7.55190159799998],[112.74407563,-7.55190284999998],[112.74403831,-7.55226011999996],[112.74403135,-7.55230575999995],[112.743998620584506,-7.552520297753507],[112.7439687,-7.55271642399993],[112.743944616562828,-7.552874286457265],[112.74394232,-7.55288934],[112.74384566197547,-7.553070379537682],[112.743713432,-7.55353403699985],[112.74364904,-7.55375851999998]]]]}},
{"type":"Feature","properties":{"kdkab":"15","kdkec":"050","nmkab":"SIDOARJO","nmkec":"JABON","kddesa":"011","kdprov":"35","nmdesa":"KEDUNGCANGKRING","nmprov":"JAWA TIMUR","iddesa":"3515050011"},"geometry":{"type":"MultiPolygon","coordinates":[[[[112.71102899,-7.55582362999996],[112.710884923,-7.55550730200001],[112.71085352,-7.55543834999997],[112.71071618,-7.55514842999998],[112.71056692,-7.55459742999996],[112.710522384,-7.55443301999994],[112.71048729,-7.55430347],[112.71043036,-7.55407125999994],[112.710392964,-7.55391873099995],[112.71034233,-7.55371220999995],[112.71028892,-7.55306370999993],[112.710278801,-7.55299832299992],[112.71016686,-7.55227500999995],[112.71016529,-7.55223425],[112.710165173,-7.55223121599995],[112.71015286,-7.55191287999996],[112.71014441,-7.55169426999993],[112.710137442,-7.55151407999996],[112.71013635,-7.55148583999993],[112.71013595,-7.55147559999992],[112.71010583,-7.55069667999994],[112.710136003,-7.55016683599995],[112.71013635,-7.55016073999995],[112.71014683,-7.54996684999998],[112.71015922,-7.54973776],[112.71015922,-7.549683085879489],[112.71015922,-7.54934295999991],[112.71015186,-7.54924785999997],[112.71013538,-7.54903481999996],[112.710129044,-7.54895290999995],[112.71012871,-7.54894858999996],[112.71003768,-7.54867968999995],[112.710036134,-7.54867512199997],[112.71001426,-7.54861050999998],[112.70984643,-7.54832919999997],[112.70956857,-7.54797974999996],[112.70953973,-7.54794347999997],[112.70953362,-7.54793579999996],[112.70938245,-7.54777468],[112.70936528,-7.54775637999995],[112.7092437,-7.54762679999994],[112.70904804,-7.54749988999995],[112.70874016,-7.54730017999997],[112.70828239,-7.54709513999994],[112.708154402,-7.54704554399997],[112.70763389,-7.54684383999995],[112.70720666,-7.54667646999994],[112.706808167,-7.54647807799998],[112.70675653,-7.54645236999996],[112.70647423,-7.54622821999991],[112.706462031,-7.54620198199993],[112.70638269,-7.54603132999995],[112.70629876,-7.54580575999993],[112.70626856,-7.54566254999996],[112.70624537,-7.54555256999991],[112.70618432,-7.54521449000002],[112.70618432,-7.54494150999996],[112.70618432,-7.54493597699995],[112.70618432,-7.54493267000002],[112.70572648,-7.54493426999992],[112.70564262,-7.54493455999994],[112.705493414,-7.54494581499995],[112.70446006,-7.54502375999996],[112.7042469,-7.54506012999996],[112.70400814,-7.54510085999996],[112.70363913,-7.54404036999992],[112.70363072,-7.54349178999997],[112.70362648,-7.54321500999994],[112.70362927,-7.54320706999991],[112.703694252,-7.543022121],[112.70369752,-7.54301281999994],[112.70371285,-7.54298408999997],[112.70377752,-7.54286281999993],[112.70398752,-7.54233282],[112.704015453,-7.54227695499996],[112.70402565,-7.54225655999995],[112.70402752,-7.54225281999995],[112.70410129,-7.54206838999993],[112.70433805,-7.541476496],[112.70434752,-7.54145281999998],[112.70442025,-7.54127378999996],[112.70458534,-7.54086743999994],[112.704587787,-7.54086141299995],[112.70459419,-7.54084563999994],[112.70460752,-7.5408128199999],[112.705440616442687,-7.54100060756623],[112.705954102427356,-7.540158169622639],[112.705127710920792,-7.539716892604567],[112.70517013,-7.53960748999996],[112.70522704,-7.53946802999996],[112.70532016,-7.53923980999998],[112.70549217,-7.53895842999997],[112.70575014,-7.53852555],[112.70586059,-7.53840610999993],[112.70716752,-7.53699281999996],[112.70746752,-7.53641281999995],[112.70762274,-7.53611854999996],[112.70803402,-7.53627992999998],[112.70834,-7.5364],[112.70871,-7.53656],[112.70916,-7.53677],[112.70961,-7.537],[112.70997,-7.53716],[112.71052,-7.53741],[112.71099,-7.5376],[112.71136915,-7.53778635999993],[112.71158751,-7.5375228199999],[112.71181751,-7.53720282999996],[112.71204751,-7.53689282999995],[112.71241751,-7.53657282999997],[112.71271751,-7.53625282999996],[112.71310751,-7.53589283],[112.71341751,-7.53558282999996],[112.7137175,-7.53533282999997],[112.7138975,-7.53515282999995],[112.71398527,-7.53506506],[112.71398499,-7.53499383999998],[112.71526436,-7.53431649999991],[112.71543981,-7.53440317999998],[112.71575868,-7.53451844999994],[112.71623681,-7.53464367999992],[112.71641204,-7.53466946999991],[112.71645985,-7.53467987999993],[112.71641775,-7.53477007],[112.71640598,-7.53483],[112.71651,-7.53483],[112.71674,-7.53478],[112.71754,-7.53461],[112.71802,-7.5344],[112.71808255,-7.53436524999995],[112.71817889,-7.53431172999996],[112.71832857,-7.53422856999992],[112.71847,-7.53415],[112.7184818,-7.53414624999993],[112.71869,-7.53408],[112.71885,-7.53404],[112.71957,-7.53387],[112.71960143,-7.53386636999995],[112.72009,-7.53381],[112.7206,-7.5338],[112.7207057,-7.53381457999996],[112.72093463,-7.53384615999994],[112.72118,-7.53388],[112.72139,-7.53395],[112.72157,-7.53407],[112.7217467,-7.53410926999994],[112.72186668,-7.53406596999998],[112.72195413,-7.53400830999995],[112.72210326,-7.53387798999994],[112.72226452,-7.53375818999995],[112.72236707,-7.53369895999997],[112.72242295,-7.53368666999994],[112.72252588,-7.53372246999995],[112.72267908,-7.5337623],[112.72269,-7.53376],[112.7235,-7.53399],[112.723788743,-7.53406218099996],[112.72381762,-7.53406939999996],[112.72386,-7.53408],[112.72402701,-7.5341241519999],[112.72473,-7.53431],[112.72573449,-7.53464482999994],[112.72578,-7.53466],[112.72610273,-7.53478738999995],[112.72616,-7.53481],[112.72618143,-7.53476000999994],[112.7270103,-7.53505174000001],[112.72738991,-7.53519208999993],[112.727798371,-7.53532119099998],[112.72844942,-7.5355267699999],[112.728425439,-7.53560727999994],[112.728189161,-7.535547568],[112.728143553,-7.53553262399993],[112.727668233,-7.53537688299996],[112.727520343,-7.53542721299992],[112.727273123,-7.53554100299997],[112.727160549,-7.53562415699998],[112.726882427,-7.53566573399996],[112.726811103,-7.53568679499994],[112.72655092904094,-7.536393189701692],[112.726531544,-7.53642980799996],[112.72629295,-7.53706389999997],[112.72792999,-7.53789041999995],[112.727765669,-7.53912023499991],[112.72776541,-7.53912216999995],[112.72776469,-7.53912752999997],[112.72742875,-7.53905286999995],[112.72704482,-7.54056726999992],[112.72753955,-7.54080665999992],[112.72750059,-7.54089081999995],[112.72726064,-7.54158135999996],[112.72715382,-7.54194612999991],[112.72712408,-7.54204773],[112.72711933,-7.54206393999994],[112.72701801,-7.5426265099999],[112.72689003,-7.54304242999996],[112.72683404,-7.54334904999995],[112.726696875,-7.54404320199995],[112.72667965,-7.54413036999995],[112.72665808,-7.54423954999991],[112.72658198,-7.54478171999991],[112.726580965,-7.54478895599995],[112.72657235,-7.54485034999996],[112.72645837,-7.54566243999997],[112.72641193,-7.54566303999996],[112.72635991,-7.5456637],[112.725196538,-7.54567861599996],[112.72515101,-7.54567919999995],[112.72463933,-7.54566795999994],[112.72463234,-7.54566779999994],[112.72433236,-7.54566120999994],[112.72419815,-7.5456582599999],[112.723890091,-7.54564655499993],[112.723768465,-7.54644922399996],[112.723753118,-7.54655050699996],[112.723704557,-7.54668398799993],[112.723564234206904,-7.546804006571515],[112.723470395695131,-7.546899885050933],[112.723386757021629,-7.547214550060513],[112.72363745,-7.54725165999998],[112.723818701374,-7.54729563912382],[112.723819433241005,-7.54729415299169],[112.723925275607598,-7.547346275953343],[112.723961209109589,-7.547483893620351],[112.723971148163301,-7.547627627628116],[112.723979538784462,-7.547647122615828],[112.723992209769321,-7.547767819969316],[112.724067502822876,-7.547786909713917],[112.72403663,-7.54789995999993],[112.723717092693633,-7.548264316495507],[112.72366948271933,-7.548318604376902],[112.72360203,-7.54836514999995],[112.723530554398451,-7.548234909041761],[112.723436459531769,-7.548147547224611],[112.723362029846541,-7.548123644353777],[112.723168219051331,-7.548124972745233],[112.723045989809435,-7.548150775060316],[112.722887063499599,-7.548176408336095],[112.72277171375859,-7.548196914956719],[112.722681997293364,-7.548209731594609],[112.722484621069853,-7.548243054853122],[112.722064378932572,-7.548345533124343],[112.721810939966929,-7.548244482170914],[112.721659229589747,-7.548168718353362],[112.721520809900539,-7.548140521750004],[112.721384953538916,-7.548109761819068],[112.721267040470323,-7.548076438560555],[112.721159380712052,-7.548081565215711],[112.721031214333152,-7.548084128543289],[112.72091355,-7.54812816],[112.72052373,-7.54818253400001],[112.720429098,-7.54819496099996],[112.720358072,-7.548204287],[112.72003101,-7.54824722999996],[112.71997102,-7.54826855999997],[112.71993236,-7.54830588999997],[112.71991103,-7.54834455],[112.7198897,-7.54842719999995],[112.719864211723561,-7.548899047175437],[112.719849721723563,-7.549054037175458],[112.719832571723558,-7.549123787175538],[112.719808745535317,-7.549168832799102],[112.719782000512424,-7.549197515867133],[112.719820373806144,-7.549234726333768],[112.719789365083926,-7.549344032079508],[112.719743627218676,-7.549433957373876],[112.71960796405908,-7.549581248804307],[112.719478890252944,-7.549707996956283],[112.71942152411691,-7.549825830100628],[112.719446331094673,-7.549925833229708],[112.719437803696067,-7.549998703726868],[112.719402307187877,-7.550053171018659],[112.719328497950329,-7.550108784690664],[112.719260278761496,-7.550144444721189],[112.719200586971269,-7.550170802135056],[112.719137794308821,-7.550219640872514],[112.719031953808454,-7.550361168710996],[112.718674201,-7.55073719299995],[112.718763203,-7.55080765299994],[112.718464489,-7.55113507199995],[112.718181875,-7.55144484399992],[112.71815451,-7.55150831999996],[112.71813961,-7.55154369999995],[112.71848937,-7.55184750999995],[112.71841231,-7.55214784000001],[112.71856244,-7.55222818999992],[112.71899436,-7.55236149999996],[112.719224488673134,-7.552436874744278],[112.718523445341802,-7.554907810509665],[112.719009959,-7.55506288099996],[112.718156506,-7.55716294999994],[112.717450334,-7.55786912199996],[112.716609403,-7.55996143899995],[112.71633902,-7.55991918999996],[112.716234982,-7.55989554999996],[112.71623177,-7.55989481999995],[112.71585163,-7.55980847999997],[112.71583998,-7.55980582999995],[112.71572061,-7.55977871999991],[112.71571342,-7.55977707999994],[112.71548454,-7.55972511999992],[112.71494864,-7.5595385099999],[112.714944362,-7.55953701999994],[112.714532739,-7.55939368399992],[112.71452325,-7.55939037999996],[112.71407312,-7.55911046999992],[112.713845784,-7.55893134299993],[112.71381909,-7.55891030999995],[112.71364586,-7.55877381999993],[112.7131347,-7.55840903999996],[112.713098731,-7.55838345999994],[112.713097669,-7.55838270499997],[112.71309225,-7.5583788509999],[112.713081125,-7.55837094099996],[112.71274003,-7.55812840999994],[112.71242517,-7.55790452999997],[112.71188348,-7.55737098],[112.71163169,-7.55700569999994],[112.71156059,-7.55688522999997],[112.71134942,-7.55652745],[112.71123334,-7.55627247999996],[112.711206503751995,-7.55621353478127],[112.71102899,-7.55582362999996]]]]}}
]
}
