{
"type": "FeatureCollection",
"name": "kdkec_100",
"crs": { "type": "name", "properties": { "name": "urn:ogc:def:crs:OGC:1.3:CRS84" } },
"xy_coordinate_resolution": 1e-15,
"features": [
{"type":"Feature","properties":{"kdkab":"15","kdkec":"100","nmkab":"SIDOARJO","nmkec":"SUKODONO","kddesa":"010","kdprov":"35","nmdesa":"NGARESREJO","nmprov":"JAWA TIMUR","iddesa":"3515100010"},"geometry":{"type":"MultiPolygon","coordinates":[[[[112.63585,-7.39503],[112.63548026,-7.39507996999994],[112.63548,-7.39508],[112.63546654,-7.39508025999992],[112.63496,-7.39509],[112.63478,-7.39506],[112.63448,-7.39493],[112.63442659,-7.39490677999996],[112.634280731,-7.39484336099997],[112.63424009,-7.39482568999995],[112.634146485,-7.39478499499995],[112.634120721110804,-7.394773794476038],[112.63411289,-7.39477038999998],[112.63402,-7.39473],[112.63333,-7.39443],[112.63264,-7.3941],[112.632182257,-7.39391316499994],[112.63218102,-7.39391265999996],[112.63215,-7.3939],[112.631697592,-7.39388439999992],[112.63157,-7.39388],[112.63102,-7.39394],[112.63068,-7.39397],[112.63069,-7.39389],[112.63068,-7.39382],[112.63062,-7.39363],[112.63063,-7.39352],[112.630667116,-7.39346803699994],[112.63068,-7.39345],[112.63087,-7.39328],[112.63135,-7.39294],[112.63204,-7.39233],[112.6322,-7.39201],[112.63233,-7.39169],[112.63234652,-7.39162943000001],[112.63239,-7.39147],[112.63246,-7.39128],[112.63247687,-7.39112812999997],[112.632477742,-7.39112029299994],[112.63248,-7.3911],[112.63248458,-7.39107025999993],[112.6325,-7.39097],[112.63247,-7.39063],[112.63243,-7.39048],[112.632410068,-7.39034047499996],[112.632409873,-7.39033911199994],[112.6324,-7.39027],[112.63242,-7.39014],[112.63245,-7.39008],[112.63251,-7.38994],[112.63269,-7.38968],[112.63297,-7.38927],[112.63308,-7.38912],[112.63312,-7.38905],[112.63325,-7.38882],[112.63377,-7.38791],[112.63405,-7.38743],[112.63416141,-7.38723503999994],[112.63420062,-7.38716640999995],[112.634208361,-7.38715286699996],[112.63421,-7.38715],[112.634210099,-7.38715006599995],[112.63421218,-7.38715144999997],[112.63439183,-7.38712632999998],[112.63466798,-7.38701817999991],[112.63501006,-7.38688095999994],[112.63514604,-7.38681864999994],[112.63526118,-7.38670285999994],[112.63543425,-7.38662393999994],[112.635499661,-7.38657353999998],[112.63562769,-7.38647488999995],[112.63561508,-7.38641312999992],[112.63578398,-7.38632186999997],[112.63622475,-7.38608538999996],[112.63645157,-7.38603098999991],[112.63656905,-7.38600361999997],[112.63656931,-7.38600589999992],[112.63658944,-7.38617952999998],[112.63674473,-7.38624774999994],[112.63675853,-7.38625381999997],[112.63675891,-7.38625531999996],[112.63695198,-7.38629697999994],[112.63701947,-7.3866922899999],[112.63715502,-7.38670937999994],[112.63756681,-7.38671897999996],[112.63760484,-7.38676607999998],[112.637636255,-7.38680498199993],[112.63764218,-7.38681231999991],[112.63764267,-7.38694339999995],[112.63764301,-7.38703702],[112.63766239,-7.38720547999998],[112.6377759,-7.38746720999995],[112.63798333,-7.38776604999993],[112.63815259,-7.38772918999993],[112.63819,-7.38781],[112.63822,-7.38787],[112.63799573,-7.38786064999993],[112.63809479,-7.38798626999995],[112.63834226,-7.38796064999996],[112.63929381,-7.38786212999998],[112.64061226,-7.38759783999995],[112.641210214,-7.38750515299993],[112.64121062,-7.38750508999994],[112.6412716,-7.38749563999993],[112.64171865,-7.38740684999993],[112.64290968,-7.38717029999997],[112.64370881,-7.38702765999992],[112.6435879,-7.38676866999997],[112.643741281,-7.38658869499992],[112.64394619,-7.38634826],[112.644062214,-7.38542815899996],[112.64406349,-7.38541803999993],[112.64407231,-7.38534808],[112.644075473,-7.385322979],[112.64407935,-7.38529220999992],[112.64408214,-7.38527008999996],[112.64439645,-7.38536686999992],[112.64440237,-7.38536869999995],[112.64440339,-7.3853681099999],[112.64440767,-7.38536887000002],[112.6445435,-7.38536837],[112.64464523,-7.38532924999995],[112.64472267,-7.38528052999992],[112.64479016,-7.38516405999998],[112.64512443,-7.38503690999994],[112.645710297,-7.384899294],[112.64571091,-7.38489914999994],[112.64575556,-7.38516533999997],[112.64638102,-7.38507101999994],[112.64639516,-7.38495957999992],[112.64643389,-7.38494006999997],[112.64645291,-7.38483345999994],[112.64701528,-7.38473451999995],[112.64710915,-7.38473204999997],[112.64739988,-7.38458964999994],[112.64736735,-7.38487007999993],[112.64732262,-7.38525527999998],[112.64735291,-7.385423],[112.64742901,-7.38549840999997],[112.64748417,-7.38614979999992],[112.64755033,-7.38710226999998],[112.64757547,-7.38723080999996],[112.647582688,-7.38726771899994],[112.64761754,-7.38744591999996],[112.64775796,-7.38797522999998],[112.64776995,-7.38802509999992],[112.647773001,-7.38803777899996],[112.64777395,-7.38804171999994],[112.64779446,-7.38812701999994],[112.64784288,-7.38824985999995],[112.64793744,-7.38859593999996],[112.64793099,-7.38864865999994],[112.647921612,-7.38872530600002],[112.64789394,-7.38895147999995],[112.647833119,-7.38930801499993],[112.64781436,-7.38941797999995],[112.647807298266997,-7.3894594170104],[112.64778426,-7.38959447999995],[112.64777934,-7.38960922999993],[112.64773036,-7.38975616999994],[112.647702505,-7.38991375599993],[112.647671953794003,-7.39008659679092],[112.64766133,-7.39014669999994],[112.64765187,-7.39070458999995],[112.64766359,-7.39073193999996],[112.6476908,-7.39079541999996],[112.64765182,-7.39081605999994],[112.64758737,-7.39085017999998],[112.647562243,-7.39130937799998],[112.64755353,-7.39146861999993],[112.64749491,-7.39159154999992],[112.64739278,-7.39171257999992],[112.64702295,-7.39195188999994],[112.64700583,-7.39191565999991],[112.6469605,-7.39186255999994],[112.646873806945436,-7.391767445222975],[112.64682709,-7.39171618999997],[112.6467688,-7.39167214999997],[112.64608943,-7.39144806999998],[112.64595342,-7.39140013999997],[112.64592025,-7.39139563999992],[112.645907742,-7.39139394399995],[112.64589466,-7.39139216999998],[112.645886895,-7.39139111599995],[112.64586276,-7.39138783999995],[112.64582193,-7.39139191999994],[112.645821895,-7.39139192299994],[112.645817482,-7.39139236200002],[112.64581339,-7.39139276999991],[112.64580683,-7.39139342999994],[112.64555837,-7.39141827999994],[112.64540811,-7.39146619999997],[112.64484596,-7.39177706999997],[112.644607759,-7.39187095799996],[112.64456541,-7.39188764999993],[112.64451186,-7.39190876],[112.644508647,-7.39191002599995],[112.64431361,-7.39198689999995],[112.64417035,-7.39202550999996],[112.64391,-7.39208],[112.64384017,-7.39209653999997],[112.64373333,-7.39209958999993],[112.643637248,-7.39212201899993],[112.64336158,-7.39218636999989],[112.64327852,-7.39222898999998],[112.64321263,-7.39226279999996],[112.64317765,-7.39229387999995],[112.643085145,-7.39238816099993],[112.64308233,-7.39239102999995],[112.6429705,-7.392505],[112.64291,-7.39256],[112.64262317,-7.39282832999994],[112.6426,-7.39285],[112.64217,-7.3931],[112.64195727915515,-7.39317507794524],[112.64183,-7.39322],[112.641624154,-7.39324573099997],[112.64151,-7.39326],[112.641429393107856,-7.393262558948956],[112.640880514064804,-7.393279728395984],[112.640321631207939,-7.393379065548301],[112.640266956,-7.39338876599992],[112.64026,-7.39339],[112.640183799495063,-7.393421044650159],[112.63972,-7.39361],[112.63959434,-7.39366759],[112.639280097688911,-7.393811621940022],[112.6392215,-7.39383847999992],[112.639,-7.39394],[112.638990426,-7.39394421899994],[112.63859555,-7.39411822999998],[112.638545239,-7.39414040299994],[112.637776068285859,-7.394478178788847],[112.63695,-7.39482],[112.636868488,-7.39484348600001],[112.63636,-7.39499],[112.63585,-7.39503]]]]}},
{"type":"Feature","properties":{"kdkab":"15","kdkec":"100","nmkab":"SIDOARJO","nmkec":"SUKODONO","kddesa":"007","kdprov":"35","nmdesa":"PADEMONEGORO","nmprov":"JAWA TIMUR","iddesa":"3515100007"},"geometry":{"type":"MultiPolygon","coordinates":[[[[112.66323487,-7.40789264999994],[112.663205097,-7.407943587],[112.66320413,-7.40794523999993],[112.66297261,-7.40834121999995],[112.66262182,-7.40954594999995],[112.66258748,-7.40971978999996],[112.66249825,-7.41011945999998],[112.66238787,-7.41059987999994],[112.66233109,-7.41086605],[112.6623,-7.41105],[112.66226,-7.41128],[112.66223,-7.4115],[112.66196,-7.41146],[112.66137,-7.41139],[112.66091,-7.4112],[112.66069,-7.41107],[112.66039,-7.41094],[112.65985,-7.41075],[112.65965,-7.41052],[112.6595,-7.41032],[112.65922,-7.41006],[112.65913,-7.4099],[112.65899,-7.40971],[112.65883,-7.40956],[112.65868,-7.40947],[112.65842,-7.40938],[112.65774,-7.4092],[112.65745,-7.40914],[112.657,-7.40909],[112.65647,-7.40908],[112.65612,-7.40908],[112.65586,-7.40902],[112.65565,-7.40899],[112.65526,-7.40907],[112.65505,-7.40905],[112.65467,-7.40895],[112.65457,-7.40892],[112.65408,-7.40877],[112.653897323,-7.40871444899994],[112.6527217,-7.40835694999994],[112.65279023,-7.40747869999998],[112.65298186,-7.40579183999993],[112.65302065,-7.40521261999992],[112.65315239,-7.40393474999993],[112.65321848,-7.40335541999996],[112.65324047,-7.40314809999992],[112.65330257,-7.40207443999998],[112.653306481,-7.40200680099998],[112.65330959,-7.40195302999993],[112.653343254,-7.40137112099997],[112.65334336,-7.40136928999993],[112.653344137829123,-7.40135633076954],[112.65334461,-7.40134757999993],[112.65331485,-7.40109951999996],[112.65333044,-7.40089540000001],[112.65333753,-7.40084153999995],[112.65339139,-7.40068702999996],[112.65340308,-7.40066757999997],[112.653501039,-7.40050472099997],[112.653281314,-7.40046455999995],[112.653103949,-7.40038386999989],[112.652763847,-7.40018078299993],[112.652928412,-7.39976010299997],[112.653010695,-7.39951349699994],[112.653057589,-7.3993183549999],[112.653206345,-7.39869933399995],[112.65329096,-7.39862436899993],[112.65333843,-7.39862946999995],[112.65398893,-7.39869923],[112.654034418,-7.39870813699998],[112.65429218,-7.39875860999994],[112.65455442,-7.39883317999995],[112.6547934,-7.39891364999994],[112.654920478,-7.39892274999997],[112.65510202,-7.39893574999994],[112.65531744,-7.39894075999997],[112.65544774,-7.39897739999998],[112.65564378,-7.39903252999996],[112.6558505,-7.39906089999995],[112.655917393,-7.39907008299997],[112.65603691,-7.39908648999994],[112.65687234,-7.39926490999994],[112.65688343,-7.39926727999996],[112.65687117,-7.39932440999995],[112.65683559,-7.39949024999992],[112.65682471,-7.39954094999995],[112.65685029,-7.39954479999994],[112.65735478,-7.39962072],[112.65795013,-7.39956118999992],[112.65805457,-7.39956703999998],[112.65835927,-7.39958409999997],[112.658469399,-7.39959027099996],[112.65848169,-7.39959095999993],[112.65891505,-7.39968845999995],[112.65895745,-7.39969929999995],[112.65896512,-7.39966682999993],[112.65912298,-7.39899857999998],[112.659297732,-7.39802494099993],[112.65930158,-7.39800349999997],[112.659591583,-7.39664833399996],[112.65959229,-7.39664502999994],[112.65960057,-7.39660637999997],[112.65970129,-7.39613570999995],[112.65970201,-7.3961323199999],[112.659703247,-7.39612653999993],[112.65987952,-7.39530288],[112.660127729,-7.39533435999989],[112.66060091,-7.39539436999998],[112.66064865,-7.395403],[112.6613389041228,-7.395492949708417],[112.662342544,-7.39564665899996],[112.66300251,-7.39574158999992],[112.664837633,-7.39598815699998],[112.66546202,-7.39607204999994],[112.66763479,-7.39693816999994],[112.66762492,-7.39698963],[112.66753418,-7.39724424999997],[112.6676113,-7.39727701999995],[112.66729054,-7.39885116999993],[112.667162604704288,-7.399462872630657],[112.667149378,-7.39954391999993],[112.66706387,-7.39996354999993],[112.66675475,-7.40148059999995],[112.66667827,-7.40183431999996],[112.66666401,-7.40190540999992],[112.66658222,-7.40230950999998],[112.66657827,-7.40232939],[112.66657109,-7.40236541999997],[112.666569053,-7.40237565199996],[112.666565763,-7.40239217299997],[112.66650878,-7.40267833999996],[112.66644384,-7.40305559999997],[112.6664356,-7.40311976],[112.66634174,-7.40331460999994],[112.6662703,-7.40346568999995],[112.66622828,-7.40355533999998],[112.66616321,-7.40366260999996],[112.66611602,-7.40374038999991],[112.66604164,-7.40386046999992],[112.66600343,-7.40392461999996],[112.665997193,-7.40393509999996],[112.66599677,-7.40393580999998],[112.665992,-7.40394382999995],[112.66596698,-7.40398583999993],[112.66593686,-7.40403641999993],[112.6658368,-7.40420442999992],[112.6657264,-7.40440214999996],[112.66547462,-7.40470260999996],[112.665418812527619,-7.4047741268854],[112.665273394105554,-7.404968700830409],[112.665252912637669,-7.405024000793728],[112.665164842325709,-7.405173515509367],[112.665156649738563,-7.405173515509366],[112.664933199091351,-7.405568774876356],[112.664929460710511,-7.405575387656673],[112.664926233224691,-7.405581096720489],[112.664862740674209,-7.405676335546204],[112.664705033371462,-7.405823802115054],[112.664493156,-7.40599691499993],[112.664341615,-7.40637735199998],[112.664131463,-7.40634199799993],[112.663885662,-7.4070527829999],[112.663840905,-7.407097166],[112.663505531,-7.40742974199997],[112.66323487,-7.40789264999994]]]]}},
{"type":"Feature","properties":{"kdkab":"15","kdkec":"100","nmkab":"SIDOARJO","nmkec":"SUKODONO","kddesa":"009","kdprov":"35","nmdesa":"JOGOSATRU","nmprov":"JAWA TIMUR","iddesa":"3515100009"},"geometry":{"type":"MultiPolygon","coordinates":[[[[112.63239,-7.40135],[112.63227,-7.40135],[112.632141771,-7.40134785899994],[112.63214066,-7.40134783999996],[112.63167,-7.40134],[112.6311,-7.40136],[112.6308,-7.40137],[112.63058,-7.40138],[112.63049,-7.40138],[112.6304,-7.40137],[112.63029,-7.40138],[112.62967,-7.4014],[112.6295,-7.40141],[112.6288,-7.40143],[112.62848,-7.40142],[112.62829569,-7.40144909999995],[112.62829,-7.40145],[112.62826149,-7.40144208],[112.62825592,-7.40146249999995],[112.62820029,-7.40148122999993],[112.62809322,-7.40193071999995],[112.62805668,-7.40218907999995],[112.62805469,-7.40219968],[112.62797261,-7.40250037999992],[112.62690091,-7.40236080999994],[112.62662939,-7.40232022999993],[112.6261486,-7.40224469999995],[112.62604893,-7.40223346999993],[112.62531481,-7.40212374999994],[112.6253042,-7.40212216999989],[112.62533447,-7.40192163999995],[112.62538,-7.40162],[112.6254,-7.40132],[112.62540699,-7.40122679999996],[112.62543,-7.40092],[112.62543,-7.40085],[112.62543,-7.40079],[112.62548,-7.39985],[112.62555,-7.39902],[112.62560126,-7.39841121999995],[112.62563,-7.39807],[112.62567,-7.39744],[112.62568,-7.39738],[112.625680128,-7.39737820999998],[112.62568358,-7.39732983999992],[112.62568758,-7.39727386999992],[112.62568801,-7.39726784999994],[112.62569,-7.39724],[112.6257,-7.39704],[112.62569,-7.39692],[112.62566,-7.39685],[112.62557,-7.39670999999989],[112.62551,-7.39647],[112.62550099,-7.39642041999995],[112.62549777,-7.39640270999995],[112.62549711,-7.39639905999998],[112.625496512,-7.39639577299992],[112.62549349,-7.39637916],[112.62549,-7.39636],[112.62549,-7.39634359400001],[112.62549,-7.39616],[112.62548788,-7.39615709999992],[112.625444142236788,-7.396116495085889],[112.62523002,-7.39591770999997],[112.62507202,-7.39566005999994],[112.6251432,-7.39533393999994],[112.62525807,-7.39524932999994],[112.62531723,-7.39520625999992],[112.6255264,-7.39511132999998],[112.625683749,-7.39505977199995],[112.62579292,-7.395024],[112.625823528094756,-7.395006205725222],[112.62600095,-7.39490305999994],[112.62621643,-7.39482630999993],[112.62640034,-7.39466644],[112.62640838,-7.39458472999998],[112.62642252,-7.39446189999994],[112.62641897,-7.39434640999998],[112.62642349,-7.39415597999992],[112.62646781,-7.39407308999995],[112.626594356,-7.39408125199998],[112.62673,-7.39409],[112.62694,-7.39413],[112.62724,-7.39418],[112.62734752,-7.39416734999995],[112.62739432,-7.39416184999993],[112.627413744,-7.39415956499994],[112.627422328,-7.39415855499995],[112.62751373,-7.39414779999993],[112.627521688,-7.39414686399993],[112.62757622,-7.39414044999996],[112.62758,-7.39414],[112.62792,-7.3941],[112.62819,-7.39409],[112.62846,-7.39418],[112.62884,-7.39426],[112.62896,-7.39425],[112.62907,-7.39423],[112.62961,-7.39415],[112.63021,-7.39405],[112.63028611,-7.39403703999996],[112.630303912,-7.39403400999992],[112.63068,-7.39397],[112.63102,-7.39394],[112.63157,-7.39388],[112.631697592,-7.39388439999992],[112.63215,-7.3939],[112.63218102,-7.39391265999996],[112.632182257,-7.39391316499994],[112.63264,-7.3941],[112.63333,-7.39443],[112.63402,-7.39473],[112.63411289,-7.39477038999998],[112.634120721110804,-7.394773794476038],[112.634146485,-7.39478499499995],[112.63424009,-7.39482568999995],[112.634280731,-7.39484336099997],[112.63442659,-7.39490677999996],[112.63448,-7.39493],[112.63478,-7.39506],[112.63496,-7.39509],[112.63546654,-7.39508025999992],[112.63548061,-7.39512759999997],[112.63550497,-7.39520952999995],[112.63550986,-7.39521958999997],[112.63551251,-7.39522346999996],[112.63553995,-7.39526363999997],[112.63555534,-7.39528615999993],[112.63558418,-7.39532837999998],[112.635585058,-7.39532882899996],[112.6357154,-7.39539542999996],[112.63574534,-7.39540998999995],[112.635771371757727,-7.395422427475293],[112.635775070327483,-7.395426960153189],[112.635777658968124,-7.395430607503354],[112.635781410375898,-7.395435952990072],[112.635787488971701,-7.395448652094647],[112.635798415896431,-7.39547023277099],[112.635804425705032,-7.395493179312924],[112.635804152531946,-7.395513667296795],[112.635802786666346,-7.395546448070985],[112.635802786666346,-7.395571853170987],[112.635799235415817,-7.395589882596791],[112.635791040222244,-7.395659541741948],[112.635790493876016,-7.395725649636568],[112.635795957338374,-7.395793396569898],[112.635813343187266,-7.395862480794249],[112.635834747921166,-7.395901573124731],[112.635865911792706,-7.395935931595396],[112.635972112311521,-7.396112932460093],[112.636142038298999,-7.396439152429146],[112.636148090237668,-7.396455038768175],[112.636221290008748,-7.396595719578236],[112.636225993944237,-7.396603267337831],[112.636287893225756,-7.396677775732251],[112.636344762237869,-7.396765448792578],[112.636360664573658,-7.396782941361953],[112.636359312862652,-7.396784749252352],[112.636357032970849,-7.396787250235636],[112.636357249508194,-7.396787508953702],[112.636375614535936,-7.39681429731997],[112.636396432749422,-7.396835115533455],[112.636424190367407,-7.396894100471661],[112.636461200524707,-7.396951928842451],[112.636487801575271,-7.397012070348072],[112.636515559193256,-7.397075681555941],[112.636528241152348,-7.397115599392243],[112.636533855291617,-7.397146477158199],[112.636535414075965,-7.397169858923472],[112.636539990872237,-7.397320329762683],[112.636529063947506,-7.39748314094117],[112.636529699171774,-7.397499974384215],[112.636533434717393,-7.397598966343315],[112.636517523,-7.39771251299995],[112.63649311,-7.39781319999998],[112.636491689224869,-7.397824455595761],[112.63648879255625,-7.397851569880207],[112.636479664548716,-7.397908163526978],[112.636465059736636,-7.397947413959415],[112.636435850112505,-7.398027131891964],[112.636405423420698,-7.398147013057705],[112.636373779661227,-7.398226122456419],[112.636341527367918,-7.398309491591984],[112.636328748157354,-7.39834904629134],[112.636321445751321,-7.398386775389188],[112.636315968946789,-7.398413550877983],[112.636319011615967,-7.398432415426907],[112.636321445751321,-7.398476838396952],[112.636328139623544,-7.398515480295554],[112.636333616428061,-7.39853556191215],[112.636374862725191,-7.398638446820346],[112.636435968186134,-7.398710614476823],[112.636491805934952,-7.398761184513479],[112.636564500362638,-7.398803326210692],[112.636617177484155,-7.39882650414416],[112.636654578240424,-7.398839673424542],[112.636687238055771,-7.398844941136693],[112.6367541380001,-7.398863904900439],[112.63682630565657,-7.398874967095958],[112.636785986318316,-7.399203294371506],[112.636981108,-7.39924936200002],[112.637211377,-7.39929583499995],[112.637739457,-7.39936229199998],[112.638027151,-7.39939849799994],[112.6390607792803,-7.399523564391394],[112.639003963524118,-7.399803419094341],[112.638950342210961,-7.400117926581214],[112.638928795250521,-7.400391335550402],[112.638939633858413,-7.400809971381384],[112.638842778228039,-7.400967623352048],[112.638800124773283,-7.400999381259492],[112.638763368915519,-7.401078447221193],[112.638753559774514,-7.401231255342354],[112.638705360165801,-7.401314254436675],[112.638730064198896,-7.401508242273305],[112.63878947,-7.40159985999997],[112.63917643,-7.40194738],[112.63920935,-7.40200438999993],[112.63925321,-7.40207292999996],[112.63925251,-7.40225385999997],[112.63925436,-7.40238444999996],[112.63925406,-7.40252255999998],[112.63911484,-7.40250876999993],[112.63712852,-7.40232994999995],[112.637110989,-7.40227807799995],[112.63708981,-7.40221540999994],[112.63706911,-7.40209026999998],[112.63695084,-7.40203988999993],[112.63694136,-7.40203259],[112.63692139,-7.40202734999998],[112.63684432,-7.40199451999995],[112.63678657,-7.40199198999992],[112.63674645,-7.40198146999995],[112.63668587,-7.40198168999998],[112.63635578,-7.40197113999992],[112.63622554,-7.40167739],[112.63620332,-7.40161241999994],[112.636184,-7.40132094999996],[112.63614574,-7.40093095999992],[112.63614863,-7.40088683999997],[112.63614222,-7.40080335999996],[112.63612571,-7.40058822999992],[112.63577039,-7.40058952999994],[112.63529948,-7.40051658999992],[112.63529736,-7.40054034],[112.63527254,-7.40081848999996],[112.63526676,-7.40082530999995],[112.63518595,-7.40082559999993],[112.63511535,-7.40100367999994],[112.63505531,-7.40107441999993],[112.63473481,-7.40122182999995],[112.63455437,-7.40130688999994],[112.634420453,-7.40135519099992],[112.63441588,-7.40135683999998],[112.63414199,-7.40145561999998],[112.63334,-7.40139],[112.63280026,-7.40135144999995],[112.63278,-7.40135],[112.63277247,-7.40135],[112.632770235,-7.40135],[112.6327,-7.40135],[112.63259,-7.40135],[112.63256749817144,-7.40135],[112.63239,-7.40135]]]]}},
{"type":"Feature","properties":{"kdkab":"15","kdkec":"100","nmkab":"SIDOARJO","nmkec":"SUKODONO","kddesa":"008","kdprov":"35","nmdesa":"CANGKRINGSARI","nmprov":"JAWA TIMUR","iddesa":"3515100008"},"geometry":{"type":"MultiPolygon","coordinates":[[[[112.64403684,-7.40698126999993],[112.64400001,-7.40699613999993],[112.64391939,-7.40702867999992],[112.6439025,-7.40716774999993],[112.6439,-7.40717],[112.64379,-7.40734],[112.64372,-7.40755],[112.64365,-7.40765],[112.64358,-7.40768],[112.64343,-7.40768],[112.64332,-7.40767],[112.64311,-7.40763],[112.6419,-7.40737],[112.64139,-7.40727],[112.64067,-7.40713],[112.64068695,-7.40706111],[112.64067496,-7.40705875999993],[112.64058032,-7.40692063999992],[112.64064349,-7.40658782],[112.64067989,-7.40638245999998],[112.64077225,-7.40590611999993],[112.64078777,-7.40581330999995],[112.640789221,-7.40580466999996],[112.64070027,-7.40578654999994],[112.64053884,-7.40575366999996],[112.64040005,-7.40573192999995],[112.64016465,-7.40571300999994],[112.63998614,-7.40566915999991],[112.63977868,-7.40564584999992],[112.63978196,-7.40557136999996],[112.63983718,-7.40517506999997],[112.639850487960871,-7.40462369495501],[112.63985357,-7.404496],[112.63982484,-7.40439236],[112.63955049,-7.40428963999993],[112.63954076,-7.40421423],[112.63930079,-7.40396157999995],[112.63929,-7.40394],[112.63925,-7.40378],[112.63923,-7.40366],[112.63918,-7.40323],[112.63916105,-7.40303102999996],[112.63916,-7.40302],[112.63915954,-7.40301572999993],[112.63916656,-7.40299843999994],[112.63916938,-7.40299149999994],[112.63924216,-7.40277084999997],[112.63925386,-7.40261775999994],[112.63925403,-7.40253850999995],[112.63925406,-7.40252255999998],[112.63925436,-7.40238444999996],[112.63925251,-7.40225385999997],[112.63925321,-7.40207292999996],[112.63920935,-7.40200438999993],[112.63917643,-7.40194738],[112.63878947,-7.40159985999997],[112.638730064198896,-7.401508242273305],[112.638705360165801,-7.401314254436675],[112.638753559774514,-7.401231255342354],[112.638763368915519,-7.401078447221193],[112.638800124773283,-7.400999381259492],[112.638842778228039,-7.400967623352048],[112.638939633858413,-7.400809971381384],[112.638928795250521,-7.400391335550402],[112.638950342210961,-7.400117926581214],[112.639003963524118,-7.399803419094341],[112.6390607792803,-7.399523564391394],[112.638027151,-7.39939849799994],[112.637739457,-7.39936229199998],[112.637211377,-7.39929583499995],[112.636981108,-7.39924936200002],[112.636785986318316,-7.399203294371506],[112.63682630565657,-7.398874967095958],[112.6367541380001,-7.398863904900439],[112.636687238055771,-7.398844941136693],[112.636654578240424,-7.398839673424542],[112.636617177484155,-7.39882650414416],[112.636564500362638,-7.398803326210692],[112.636491805934952,-7.398761184513479],[112.636435968186134,-7.398710614476823],[112.636374862725191,-7.398638446820346],[112.636333616428061,-7.39853556191215],[112.636328139623544,-7.398515480295554],[112.636321445751321,-7.398476838396952],[112.636319011615967,-7.398432415426907],[112.636315968946789,-7.398413550877983],[112.636321445751321,-7.398386775389188],[112.636328748157354,-7.39834904629134],[112.636341527367918,-7.398309491591984],[112.636373779661227,-7.398226122456419],[112.636405423420698,-7.398147013057705],[112.636435850112505,-7.398027131891964],[112.636465059736636,-7.397947413959415],[112.636479664548716,-7.397908163526978],[112.63648879255625,-7.397851569880207],[112.636491689224869,-7.397824455595761],[112.63649311,-7.39781319999998],[112.636517523,-7.39771251299995],[112.636533434717393,-7.397598966343315],[112.636529699171774,-7.397499974384215],[112.636529063947506,-7.39748314094117],[112.636539990872237,-7.397320329762683],[112.636535414075965,-7.397169858923472],[112.636533855291617,-7.397146477158199],[112.636528241152348,-7.397115599392243],[112.636515559193256,-7.397075681555941],[112.636487801575271,-7.397012070348072],[112.636461200524707,-7.396951928842451],[112.636424190367407,-7.396894100471661],[112.636396432749422,-7.396835115533455],[112.636375614535936,-7.39681429731997],[112.636357249508194,-7.396787508953702],[112.636357032970849,-7.396787250235636],[112.636359312862652,-7.396784749252352],[112.636360664573658,-7.396782941361953],[112.636344762237869,-7.396765448792578],[112.636287893225756,-7.396677775732251],[112.636225993944237,-7.396603267337831],[112.636221290008748,-7.396595719578236],[112.636148090237668,-7.396455038768175],[112.636142038298999,-7.396439152429146],[112.635972112311521,-7.396112932460093],[112.635865911792706,-7.395935931595396],[112.635834747921166,-7.395901573124731],[112.635813343187266,-7.395862480794249],[112.635795957338374,-7.395793396569898],[112.635790493876016,-7.395725649636568],[112.635791040222244,-7.395659541741948],[112.635799235415817,-7.395589882596791],[112.635802786666346,-7.395571853170987],[112.635802786666346,-7.395546448070985],[112.635804152531946,-7.395513667296795],[112.635804425705032,-7.395493179312924],[112.635798415896431,-7.39547023277099],[112.635787488971701,-7.395448652094647],[112.635781410375898,-7.395435952990072],[112.635777658968124,-7.395430607503354],[112.635775070327483,-7.395426960153189],[112.635771371757727,-7.395422427475293],[112.63574534,-7.39540998999995],[112.6357154,-7.39539542999996],[112.635585058,-7.39532882899996],[112.63558418,-7.39532837999998],[112.63555534,-7.39528615999993],[112.63553995,-7.39526363999997],[112.63551251,-7.39522346999996],[112.63550986,-7.39521958999997],[112.63550497,-7.39520952999995],[112.63548061,-7.39512759999997],[112.63546654,-7.39508025999992],[112.63548,-7.39508],[112.63548026,-7.39507996999994],[112.63585,-7.39503],[112.63636,-7.39499],[112.636868488,-7.39484348600001],[112.63695,-7.39482],[112.637776068285859,-7.394478178788847],[112.638545239,-7.39414040299994],[112.63859555,-7.39411822999998],[112.638990426,-7.39394421899994],[112.639,-7.39394],[112.6392215,-7.39383847999992],[112.639280097688911,-7.393811621940022],[112.63959434,-7.39366759],[112.63972,-7.39361],[112.640183799495063,-7.393421044650159],[112.64026,-7.39339],[112.640266956,-7.39338876599992],[112.640321631207939,-7.393379065548301],[112.640880514064804,-7.393279728395984],[112.641429393107856,-7.393262558948956],[112.64151,-7.39326],[112.641624154,-7.39324573099997],[112.64183,-7.39322],[112.64195727915515,-7.39317507794524],[112.641882338640087,-7.393988068987449],[112.641882338640087,-7.394005410675127],[112.641854032452557,-7.394365004926477],[112.641834310967994,-7.394539611897391],[112.641826831669547,-7.394718253490174],[112.641853963127133,-7.394738408601329],[112.642002523205505,-7.394742515215942],[112.642163638107434,-7.3947640198668],[112.642384787383563,-7.394793740414186],[112.643324878620987,-7.394921923065305],[112.644552292933426,-7.395085615721035],[112.64483816,-7.39509845],[112.64613129,-7.39519442999995],[112.64633276,-7.39519367999997],[112.646349266123906,-7.395191837340734],[112.64637943,-7.39518846999991],[112.64684597,-7.39519385999994],[112.64740157,-7.39520957999998],[112.6478574,-7.39521145],[112.64827022,-7.39521427999995],[112.648397131,-7.39521515699995],[112.64840337,-7.39521519999993],[112.6484379,-7.39521640999996],[112.64845451,-7.39521704],[112.64845993,-7.39521814999994],[112.6489203,-7.39522744999994],[112.6490109,-7.39529100999996],[112.6489753,-7.39584362999994],[112.64897546,-7.39588763999995],[112.64898,-7.39606],[112.64898,-7.39613],[112.64897,-7.39652],[112.64909,-7.39653],[112.6496,-7.39657],[112.65002,-7.3966],[112.65031,-7.39663],[112.65064,-7.39667],[112.65092,-7.39669],[112.65129,-7.39672],[112.65155,-7.39677],[112.65178,-7.39676],[112.65235579,-7.39683533999993],[112.65291779,-7.39690514999995],[112.65367003,-7.39702339999998],[112.65366986,-7.39702408999997],[112.65361357,-7.39726189000001],[112.65340214,-7.39815504999996],[112.65329109,-7.39862365999994],[112.65329096,-7.39862436899993],[112.653206345,-7.39869933399995],[112.653057589,-7.3993183549999],[112.653010695,-7.39951349699994],[112.652928412,-7.39976010299997],[112.652763847,-7.40018078299993],[112.653103949,-7.40038386999989],[112.653281314,-7.40046455999995],[112.653501039,-7.40050472099997],[112.65340308,-7.40066757999997],[112.65339139,-7.40068702999996],[112.65333753,-7.40084153999995],[112.65333044,-7.40089540000001],[112.65331485,-7.40109951999996],[112.65334461,-7.40134757999993],[112.653344137829123,-7.40135633076954],[112.65334336,-7.40136928999993],[112.653343254,-7.40137112099997],[112.65330959,-7.40195302999993],[112.653306481,-7.40200680099998],[112.65330257,-7.40207443999998],[112.65324047,-7.40314809999992],[112.65321848,-7.40335541999996],[112.65315239,-7.40393474999993],[112.65302065,-7.40521261999992],[112.65298186,-7.40579183999993],[112.65279023,-7.40747869999998],[112.6527217,-7.40835694999994],[112.65237,-7.40825],[112.65179,-7.4081],[112.65126,-7.40798],[112.65057,-7.40776],[112.65037,-7.4077],[112.65036295,-7.4076906],[112.65028,-7.40758],[112.65027677,-7.40755414999997],[112.6502751,-7.40755485999992],[112.65024678,-7.40736203999998],[112.65022293,-7.40717720999992],[112.650178848,-7.40683550299997],[112.65017845,-7.40683241999992],[112.65017754,-7.40682534999997],[112.65016,-7.40681],[112.65008119,-7.40679180999996],[112.65003,-7.40678],[112.64991,-7.40678],[112.64937,-7.40676],[112.64881,-7.4068],[112.64861,-7.40681],[112.64783,-7.40688],[112.64767347,-7.40693766999994],[112.64752891,-7.40694397999994],[112.64738688,-7.40719423999995],[112.647324313546974,-7.407288679222241],[112.647179773,-7.40750685199991],[112.64710254,-7.40762342999994],[112.64631612,-7.40759065999993],[112.64492065,-7.40716768999996],[112.64409783,-7.40695665999993],[112.644059313,-7.40697220499991],[112.64405157,-7.40697533],[112.644041869,-7.406979242],[112.64403684,-7.40698126999993]]]]}},
{"type":"Feature","properties":{"kdkab":"15","kdkec":"100","nmkab":"SIDOARJO","nmkec":"SUKODONO","kddesa":"005","kdprov":"35","nmdesa":"SURUH","nmprov":"JAWA TIMUR","iddesa":"3515100005"},"geometry":{"type":"MultiPolygon","coordinates":[[[[112.68107335,-7.41043183999993],[112.681056950348164,-7.410440902997507],[112.681035422728982,-7.410452367593848],[112.680735788937241,-7.410410083521064],[112.680318685065501,-7.410316051505514],[112.680047242582887,-7.410263533287855],[112.679843008,-7.41022439599994],[112.67977853,-7.41020803999994],[112.67915343,-7.41010095999995],[112.67869021,-7.40993658999997],[112.67817219,-7.40985439999995],[112.6777787,-7.40965765999996],[112.67740015,-7.40944347999995],[112.67734287,-7.40934385999997],[112.67728808,-7.40931646999996],[112.67720341,-7.40932144999994],[112.67704651,-7.40929155999995],[112.67689708,-7.40924672999998],[112.67656217,-7.4090888499999],[112.67654842,-7.40908235999993],[112.6764488,-7.40897028999993],[112.67635168,-7.40893293999996],[112.676333,-7.40891300999992],[112.6762944,-7.40882335999994],[112.67626576,-7.40878974],[112.67624085,-7.40876856999993],[112.67622217,-7.40876358999996],[112.67616116,-7.40874365999996],[112.676155389,-7.40873347699994],[112.67611882,-7.40866894999993],[112.675916785,-7.40728224199995],[112.675914438,-7.40721008099995],[112.675902427,-7.40684086100002],[112.675901756,-7.40682025300001],[112.675834674,-7.40657545099996],[112.675832848,-7.40635172199996],[112.675824767,-7.40536203099997],[112.675824521,-7.40533191799997],[112.67591599,-7.40529488999993],[112.67605546,-7.40508817999992],[112.67619923,-7.4049671999999],[112.67618797,-7.40495337999996],[112.6760813,-7.40482255999992],[112.67625836,-7.40324910999993],[112.67625246,-7.40316024999992],[112.67601159,-7.40312287999997],[112.67601347,-7.40309329999998],[112.67604293,-7.4026307899999],[112.67606885,-7.40223888999998],[112.676069318,-7.402231822],[112.67607032,-7.40221669999996],[112.67609124,-7.40190029999994],[112.67611677,-7.40144584999997],[112.67611729,-7.40143639],[112.67611732,-7.40143588999995],[112.6761251,-7.40143662999998],[112.67653423,-7.40147888999996],[112.6766424,-7.40148857999995],[112.677077729,-7.40153392799994],[112.677290315546472,-7.401556073443303],[112.67752,-7.40158],[112.67794,-7.40162],[112.678221009289317,-7.401653914914228],[112.67852,-7.40169],[112.67945,-7.40182],[112.67951,-7.40182],[112.67972673,-7.40182610999993],[112.67972701,-7.40182575999993],[112.67972686,-7.40182610999993],[112.67996634,-7.40183284999995],[112.68022,-7.40184],[112.68048046,-7.40190168999995],[112.6806,-7.40193],[112.68069653,-7.40194787999998],[112.68085866,-7.40197789999995],[112.68087,-7.40198],[112.68121,-7.40201],[112.68153,-7.40203],[112.68185,-7.40206],[112.68217,-7.40203],[112.68307,-7.40209],[112.68328,-7.40207],[112.68337,-7.40207],[112.68444,-7.40206],[112.68519,-7.40205],[112.68618,-7.40212],[112.686209579,-7.40212239799998],[112.68655,-7.40215],[112.68692391,-7.40219591999995],[112.68712131,-7.40222261],[112.68714173,-7.40222536999991],[112.68714148,-7.40226296],[112.687141335,-7.40228449199995],[112.68713973,-7.40252317999997],[112.68705008,-7.40265269000001],[112.68703015,-7.40269003999993],[112.68701972,-7.40277408999998],[112.68694215,-7.4033987949999],[112.68696103,-7.40340386],[112.686984,-7.40341002999997],[112.687824479611891,-7.403635888983114],[112.68987077,-7.40418578],[112.68987,-7.40419],[112.68982,-7.40461],[112.68976,-7.40504],[112.68975807,-7.40506556999998],[112.68959473,-7.40609171999996],[112.68958608,-7.40614608999993],[112.689585022,-7.40615273899992],[112.689583465,-7.40616251699995],[112.68953825,-7.40644656999993],[112.68953034,-7.40648310999993],[112.68947,-7.40669],[112.68926,-7.40705],[112.68882,-7.40772],[112.68784,-7.40921],[112.68778201,-7.40928998999995],[112.68757178,-7.4096053399999],[112.6875628,-7.40961880999994],[112.68746316,-7.40960741999992],[112.68732661,-7.40958651999995],[112.68732518,-7.40959164999991],[112.68724275,-7.40988551999993],[112.687226453,-7.41003027399993],[112.68720039,-7.41026177999995],[112.68721285,-7.41061061999994],[112.687170418,-7.41072863099995],[112.68716012,-7.41075726999995],[112.68707195,-7.41100247099995],[112.68702168,-7.41097384999993],[112.68666964,-7.41077339],[112.68664073,-7.41078137999993],[112.68663259,-7.41078362999996],[112.68654589,-7.41080251999994],[112.6864095,-7.41079294999997],[112.68630647,-7.41073952999993],[112.68596258,-7.41064981999995],[112.6858031,-7.41054764999996],[112.68547416,-7.41130271],[112.68538628,-7.41152621999994],[112.68536485,-7.41158070999993],[112.68477217,-7.41150084999991],[112.68481294,-7.41098441999997],[112.68481832,-7.41091623899994],[112.68480585,-7.41091602],[112.68466013,-7.41091341000001],[112.68434034,-7.410919],[112.68427969,-7.41091975999996],[112.68399465,-7.41095588999997],[112.68376905,-7.41095143999998],[112.68370307,-7.41095114999992],[112.68346462,-7.41092761999993],[112.68320251,-7.41083621],[112.6829265,-7.41072836999995],[112.68269875,-7.41072073999991],[112.68262957,-7.41071674999996],[112.68257955,-7.41071640999995],[112.68235269,-7.41065990999993],[112.68207472,-7.41059722999995],[112.68175031,-7.41051910999991],[112.68173816,-7.41051617999996],[112.68171836,-7.41052897],[112.68162464,-7.41056611999995],[112.68157074,-7.41057368999998],[112.68153859,-7.41057178999995],[112.681458655,-7.41053561199996],[112.6813845,-7.41050204999995],[112.68135892,-7.41049046999993],[112.68120195,-7.41038077999998],[112.68117926,-7.41039401999997],[112.68116766,-7.41039815999994],[112.681154881,-7.41040272399993],[112.68107335,-7.41043183999993]]]]}},
{"type":"Feature","properties":{"kdkab":"15","kdkec":"100","nmkab":"SIDOARJO","nmkec":"SUKODONO","kddesa":"018","kdprov":"35","nmdesa":"PANJUNAN","nmprov":"JAWA TIMUR","iddesa":"3515100018"},"geometry":{"type":"MultiPolygon","coordinates":[[[[112.669565041477512,-7.384161983988838],[112.669616690662323,-7.383518716868997],[112.669677730607987,-7.382842582086099],[112.669724684412373,-7.382135927330362],[112.669766942836318,-7.381551352465982],[112.669775531347156,-7.3814528106047],[112.66986775,-7.38148605999994],[112.67008835,-7.38149035000001],[112.67023748,-7.38158709999994],[112.67036943,-7.38155363999995],[112.67061231,-7.38160906999998],[112.67074564,-7.38166713999991],[112.6709763,-7.38161505999994],[112.67110012,-7.38156898999995],[112.67119223,-7.38155191999992],[112.671194139,-7.38154385299993],[112.67119669,-7.38153306999996],[112.67143841,-7.38051071999993],[112.67168741,-7.38021850999995],[112.67164463,-7.37992739999992],[112.67181589,-7.37860741],[112.67190572,-7.37867413999993],[112.67204159,-7.37877508],[112.67204896,-7.37877945999994],[112.67207358,-7.37874567999994],[112.67217097,-7.37872482999995],[112.67223783,-7.37877066999992],[112.67229974,-7.37886261999995],[112.6723817,-7.37883157999993],[112.67249309,-7.37890175999995],[112.67264217,-7.37890121],[112.67266018,-7.37891492999995],[112.67276165,-7.37892233999997],[112.67292087,-7.37897295999996],[112.67297382,-7.37900883000001],[112.6729854,-7.37898549999996],[112.67305673,-7.37906500999997],[112.6731163,-7.37910537999994],[112.67317773,-7.37906930000001],[112.67324443,-7.37907416999998],[112.67329602,-7.37915078999991],[112.67336793,-7.37917613000001],[112.6739532,-7.37929683999994],[112.67401477,-7.37930172999997],[112.67414323,-7.37935758],[112.67435407,-7.37941164999995],[112.67438466,-7.37941763999991],[112.67448712,-7.37940751],[112.67463981,-7.37945717000001],[112.674690798,-7.37947375899996],[112.67469083,-7.37947376999993],[112.6747262,-7.37948526999997],[112.67474393,-7.37949103999993],[112.67479275,-7.37950059999997],[112.674827706,-7.37950744099996],[112.67484661,-7.37951114],[112.67485426,-7.37951474999995],[112.67495452,-7.37956194999996],[112.67498577,-7.37964126999998],[112.674992091403197,-7.379641246114153],[112.6751525,-7.37964063999997],[112.675292521,-7.37942926099994],[112.67540824,-7.37925456999993],[112.67571061,-7.37928893],[112.675745947,-7.37929294499996],[112.67577274,-7.37929598999993],[112.67660761,-7.37903610999992],[112.67663215,-7.37903802999995],[112.676720964,-7.37904499799994],[112.676752769328857,-7.379047492565754],[112.6768861,-7.37905794999997],[112.67696355,-7.37905765999996],[112.67707423,-7.37907270999994],[112.677516295,-7.37910737899994],[112.67780996,-7.37913040999997],[112.67810817,-7.37914956],[112.67831743,-7.379163],[112.678318711,-7.37916308199994],[112.67832805,-7.37916368],[112.678328123,-7.37916368499994],[112.678600127282976,-7.379168446894313],[112.678640038016695,-7.378982979367059],[112.678658819538441,-7.378844465644174],[112.67870021,-7.37872940999995],[112.67873205,-7.37871046999994],[112.67911701,-7.37877046999995],[112.679434329398092,-7.378810132431676],[112.67959432,-7.37883012999994],[112.67986132,-7.37889569999992],[112.67997094,-7.37895429999995],[112.679974123,-7.37895600099993],[112.67998224,-7.37896033999996],[112.68018001,-7.37906605999997],[112.68044723,-7.37918795999995],[112.68068318,-7.37918194999996],[112.68109298,-7.37902677999995],[112.6812878,-7.37899531999995],[112.681396962420436,-7.379026462628687],[112.681599798,-7.37908432899995],[112.68164215,-7.3790964099999],[112.68184712,-7.37903929999991],[112.68202672,-7.37905398999993],[112.68205903,-7.37905983],[112.68206,-7.37906],[112.68213101,-7.37909212999993],[112.682204771,-7.37912427999994],[112.68222935,-7.37917344999991],[112.68218372,-7.37960438999996],[112.68218,-7.37969],[112.68217,-7.37994],[112.68214099,-7.38038486999996],[112.68220324,-7.38040654999994],[112.68223459,-7.38057721999995],[112.68221342,-7.38077874999996],[112.68216352,-7.38086850999996],[112.68206936,-7.38096321999995],[112.68196922,-7.38116503999993],[112.681981352,-7.38148318299997],[112.68199844,-7.38193130999996],[112.68211938,-7.38259211999996],[112.68213288,-7.3826818499999],[112.682126752,-7.38275872199995],[112.6821245,-7.38278697999996],[112.68206835,-7.38301928999993],[112.682051194,-7.38324508499994],[112.682047138,-7.38329846499996],[112.68203074,-7.38351428999991],[112.68210159,-7.38368919999993],[112.682098772,-7.38372124999994],[112.682638338,-7.38386411499997],[112.68239779,-7.38441622999994],[112.68238189,-7.38445605999996],[112.68230116,-7.38479441999992],[112.68222898,-7.38509694999995],[112.68213453,-7.38534430999995],[112.682025355,-7.38561115399997],[112.681555928,-7.38542514399996],[112.681301927,-7.38542985199996],[112.681212117,-7.38561188899995],[112.681131197,-7.385775907],[112.681074673,-7.38576109699997],[112.680810042,-7.38569175699998],[112.68055647,-7.38560844000001],[112.68055331,-7.38560764999996],[112.680333021,-7.38631798999996],[112.68001102,-7.38638434999997],[112.67983382,-7.38643940999998],[112.679747298,-7.38647212899997],[112.67951808,-7.38655880999993],[112.67935895,-7.38661897999995],[112.67925591,-7.38664554999995],[112.67915173,-7.38667241999998],[112.67912228,-7.38668005999992],[112.67908411,-7.38668114999998],[112.67839373,-7.38643466999996],[112.677782771,-7.38622583899994],[112.67777274,-7.38622241],[112.67771501,-7.38620266999991],[112.677635829914408,-7.386175607271926],[112.67762156,-7.38617072999996],[112.677612863,-7.38616667599997],[112.67733146,-7.38603548999993],[112.67718778,-7.38599034000001],[112.67710242,-7.38596350999997],[112.677092984,-7.38596106599996],[112.67708462,-7.38595889999994],[112.67692574,-7.38591770999994],[112.67685594,-7.38589370999995],[112.67669616,-7.38582063999995],[112.67651217,-7.38568063],[112.6764581,-7.38565223999994],[112.67641611,-7.38563696999993],[112.67638897,-7.38563511999995],[112.67635994,-7.38563314999996],[112.67625666,-7.38563462999995],[112.6761214,-7.38564395999995],[112.676098527351868,-7.385647809820849],[112.676055191,-7.385655104],[112.67501986,-7.38582935999996],[112.674431043389532,-7.386014932693451],[112.67430004,-7.38605621999992],[112.674256731,-7.38606590899998],[112.67414936,-7.38608992999995],[112.67402171,-7.38611849999995],[112.67398812,-7.38612601999994],[112.673789186,-7.38614674099993],[112.67374983,-7.38615083999997],[112.67356931,-7.38616963999993],[112.67351384,-7.38619675999998],[112.673484632,-7.38621103899996],[112.67347115,-7.38621762999997],[112.67338608,-7.38625470999993],[112.67330974,-7.38625906999994],[112.673255387313461,-7.386251098189815],[112.673196331322899,-7.386458611944989],[112.673128248306554,-7.386672251754863],[112.673069556051104,-7.386850676211461],[112.672974597,-7.38693300399998],[112.67282565,-7.38701442999997],[112.67231543,-7.38705049999993],[112.67226426,-7.38705513999998],[112.67218284,-7.387064],[112.67198013,-7.38705871999997],[112.67191983,-7.38712972999997],[112.67188908,-7.38716594999993],[112.67188027,-7.38717776999994],[112.67188503,-7.38725109999995],[112.67179783,-7.38734289],[112.67149188,-7.38747444999995],[112.67131596,-7.38781558999997],[112.671306848,-7.38783919399998],[112.67127368,-7.38792511999998],[112.67124865,-7.3879899799999],[112.67122264,-7.38803586999993],[112.67115533,-7.38803281000001],[112.6708555,-7.38788748999995],[112.6705144,-7.38785735999993],[112.670397985451331,-7.387855405560869],[112.670276322,-7.387853363],[112.67025889,-7.38785306999995],[112.6700476,-7.38778533999997],[112.66997971,-7.38776357999996],[112.66988451,-7.38793857999995],[112.66984726,-7.38800703999996],[112.669800230746517,-7.388097833578323],[112.669147906892064,-7.387919110710994],[112.668897874852718,-7.387853920839348],[112.668898526865249,-7.387850785885612],[112.66894642,-7.38762050999997],[112.66903233,-7.3871832],[112.66904474,-7.38704046999995],[112.66903245,-7.38687947999995],[112.66891447,-7.38688070999996],[112.66877524,-7.38684997999995],[112.66873627,-7.38684137999997],[112.6686634,-7.38679751999996],[112.66860354,-7.38676148999996],[112.66855192,-7.38668406999997],[112.66854577,-7.38657346],[112.66857986,-7.38631835999996],[112.66858457,-7.38625208999997],[112.66868668,-7.38557749999996],[112.668862735284137,-7.38558570458685],[112.668925758529284,-7.385588641617076],[112.66931931,-7.38560301099997],[112.669443522245345,-7.385593388042127],[112.66951808767314,-7.384734820402126],[112.669565041477512,-7.384161983988838]]]]}},
{"type":"Feature","properties":{"kdkab":"15","kdkec":"100","nmkab":"SIDOARJO","nmkec":"SUKODONO","kddesa":"012","kdprov":"35","nmdesa":"PLUMBUNGAN","nmprov":"JAWA TIMUR","iddesa":"3515100012"},"geometry":{"type":"MultiPolygon","coordinates":[[[[112.65891505,-7.39968845999995],[112.65848169,-7.39959095999993],[112.658469399,-7.39959027099996],[112.65835927,-7.39958409999997],[112.65805457,-7.39956703999998],[112.65795013,-7.39956118999992],[112.65735478,-7.39962072],[112.65685029,-7.39954479999994],[112.65682471,-7.39954094999995],[112.65683559,-7.39949024999992],[112.65687117,-7.39932440999995],[112.65688343,-7.39926727999996],[112.65687234,-7.39926490999994],[112.65603691,-7.39908648999994],[112.655917393,-7.39907008299997],[112.6558505,-7.39906089999995],[112.65564378,-7.39903252999996],[112.65544774,-7.39897739999998],[112.65531744,-7.39894075999997],[112.65510202,-7.39893574999994],[112.654920478,-7.39892274999997],[112.6547934,-7.39891364999994],[112.65455442,-7.39883317999995],[112.65429218,-7.39875860999994],[112.654034418,-7.39870813699998],[112.65398893,-7.39869923],[112.65333843,-7.39862946999995],[112.65329096,-7.39862436899993],[112.65329109,-7.39862365999994],[112.65340214,-7.39815504999996],[112.65361357,-7.39726189000001],[112.65366986,-7.39702408999997],[112.65367003,-7.39702339999998],[112.65367777,-7.39702460999993],[112.653704,-7.39702873999994],[112.65411076,-7.39709319999998],[112.65426588,-7.39711777999997],[112.65427002,-7.39711897999995],[112.65452016,-7.39719142999997],[112.65486759,-7.39514284],[112.654867635,-7.39514257299997],[112.65487162,-7.39511905999993],[112.65512776,-7.39360871999995],[112.65562538,-7.39371327999994],[112.65563068,-7.39364790999997],[112.65556848,-7.39283582999996],[112.655547447,-7.39256123199995],[112.65554727,-7.39255891999993],[112.65554339,-7.39250815999996],[112.655540767,-7.39247392699995],[112.65553587,-7.39241002999998],[112.65543904,-7.39228339999994],[112.65536026,-7.3921351999999],[112.655201846,-7.39183719399997],[112.65516567,-7.39176913999993],[112.65518368,-7.39176966999998],[112.65536523,-7.39174886999996],[112.65565079,-7.39168078999996],[112.65617276,-7.39133848999996],[112.656285996520097,-7.39125703576024],[112.65638835,-7.39118340999992],[112.656422731,-7.39116829399998],[112.65660772,-7.39108695999994],[112.656672964,-7.39106373199996],[112.65696894,-7.39095835999993],[112.65721668,-7.39086947999996],[112.65752793,-7.39074144999995],[112.65758603,-7.39071594999997],[112.6577,-7.39066770999995],[112.65771898,-7.39065966999996],[112.65774681,-7.39064921999994],[112.65775124,-7.39064754999991],[112.65775468,-7.3906462599999],[112.65801472,-7.39057718999991],[112.65859269,-7.39050647999998],[112.65861697,-7.39050351],[112.658654293,-7.39049894399995],[112.659256309711211,-7.390425293521274],[112.659643098,-7.39037797399993],[112.65979705,-7.39035913999992],[112.66069634,-7.39035642999995],[112.66080084,-7.39036060999994],[112.66080752,-7.39036087699995],[112.660944048419125,-7.390366334203869],[112.66096721,-7.39036725999991],[112.661122935,-7.39035473099992],[112.66120287,-7.39034829999995],[112.66138706,-7.39028328999996],[112.661670058,-7.39007556799995],[112.66193692,-7.38987968999994],[112.66206909496772,-7.389764803526261],[112.662282218,-7.38957955699992],[112.66228906,-7.38957360999994],[112.66245712,-7.38941721],[112.66248224,-7.38939384999995],[112.66248408,-7.38939212999998],[112.66302582,-7.38885851],[112.66313011,-7.388761],[112.6632371,-7.38870817999996],[112.66347412,-7.38865806999994],[112.6638276,-7.38864316999998],[112.66387277,-7.38864530999995],[112.663923,-7.38864768999998],[112.663951544,-7.388649044],[112.66417025,-7.38865941999994],[112.664270955,-7.38868207999997],[112.66438695,-7.38870817999996],[112.66459385,-7.38878767],[112.66462667,-7.38880026999992],[112.66510476,-7.38912531999996],[112.665517377873613,-7.389358081205975],[112.66558013,-7.38939347999997],[112.66598644,-7.38954381],[112.666156121,-7.38961967599995],[112.66615868,-7.38962081999992],[112.66619155,-7.38963550999993],[112.6663318,-7.38969820999993],[112.66676926,-7.38991354999998],[112.667483,-7.39027245999997],[112.66751713,-7.39028906999994],[112.6677338,-7.39044762999992],[112.66776307,-7.39046905],[112.667763912,-7.39046966599993],[112.66793914,-7.39059789999996],[112.66786679,-7.39072880999994],[112.66777415,-7.39097620999996],[112.66763358,-7.39141818399998],[112.667603357738514,-7.391513207908467],[112.66757784,-7.39159343999993],[112.6674815,-7.39190744999997],[112.667413434,-7.39208413299995],[112.667798576,-7.39235514699994],[112.667709443,-7.39264546499992],[112.667684347,-7.39272720499997],[112.66758684,-7.39313540999997],[112.66757812,-7.39316267999991],[112.66757273,-7.39317207999993],[112.66756128,-7.39317603999995],[112.66754053,-7.39317155999993],[112.66753,-7.39321],[112.66753021,-7.39323684999995],[112.66755856,-7.39331729999997],[112.66756533,-7.39338163000001],[112.66755297,-7.39344867999993],[112.6675246,-7.39355241999993],[112.6674897,-7.39380326999997],[112.66749516,-7.39385779999995],[112.66749843,-7.39387306999996],[112.66796522,-7.39387415999993],[112.66797722,-7.39388069999996],[112.66798812,-7.39389814999994],[112.66788997,-7.39446091999997],[112.66773946,-7.39534760999994],[112.66775364,-7.39537813999992],[112.66778527,-7.39540976999995],[112.66783434,-7.39543376999998],[112.66789433,-7.39563881000001],[112.66790196,-7.39571296999998],[112.66787248,-7.39585156999992],[112.66782066,-7.39600743999996],[112.66778067,-7.39617701999991],[112.66764765,-7.39687104],[112.66763479,-7.39693816999994],[112.66546202,-7.39607204999994],[112.664837633,-7.39598815699998],[112.66300251,-7.39574158999992],[112.662342544,-7.39564665899996],[112.6613389041228,-7.395492949708417],[112.66064865,-7.395403],[112.66060091,-7.39539436999998],[112.660127729,-7.39533435999989],[112.65987952,-7.39530288],[112.659703247,-7.39612653999993],[112.65970201,-7.3961323199999],[112.65970129,-7.39613570999995],[112.65960057,-7.39660637999997],[112.65959229,-7.39664502999994],[112.659591583,-7.39664833399996],[112.65930158,-7.39800349999997],[112.659297732,-7.39802494099993],[112.65912298,-7.39899857999998],[112.65896512,-7.39966682999993],[112.65895745,-7.39969929999995],[112.65891505,-7.39968845999995]]]]}},
{"type":"Feature","properties":{"kdkab":"15","kdkec":"100","nmkab":"SIDOARJO","nmkec":"SUKODONO","kddesa":"003","kdprov":"35","nmdesa":"ANGGASWANGI","nmprov":"JAWA TIMUR","iddesa":"3515100003"},"geometry":{"type":"MultiPolygon","coordinates":[[[[112.682231027,-7.416839552],[112.681979064,-7.41674719699993],[112.681464065476007,-7.416559934052],[112.680571243,-7.416279632],[112.68017027,-7.41615404099998],[112.680198992561472,-7.416043016103352],[112.68020093,-7.41603542999996],[112.679760214,-7.415834691],[112.67959663,-7.41576018],[112.679570075,-7.415750866],[112.67934405,-7.41567156],[112.67897518,-7.41553422],[112.678427135,-7.41535151999994],[112.6781889,-7.41527209999995],[112.678029835,-7.415219068],[112.67769644,-7.41510793],[112.67746988,-7.4150324],[112.677038714,-7.41488629399992],[112.676400996,-7.41467019399995],[112.676224749,-7.41461046999994],[112.676149635,-7.414585017],[112.676012719,-7.41453864],[112.67573058,-7.41444736],[112.67576087,-7.41433293999998],[112.67584915,-7.41398396],[112.674388116765996,-7.413866567888],[112.67445722234541,-7.41341460156161],[112.674160082734218,-7.413364564173278],[112.67414215,-7.41316836999994],[112.67414202,-7.413146],[112.67395559,-7.41286553999995],[112.67371822,-7.41251515999995],[112.67341299,-7.41260159999994],[112.67341242,-7.41245053999994],[112.673410597,-7.41221762199996],[112.67340962,-7.41209276999995],[112.67340928,-7.41200272],[112.67340916,-7.41197134999995],[112.6734819,-7.41167689999996],[112.67357591,-7.41126094999996],[112.673582435,-7.411229422],[112.67363807,-7.41096060699992],[112.6736584,-7.41086237999995],[112.67367906,-7.410761],[112.673698089,-7.41066762499996],[112.673704971,-7.41063385599995],[112.67370702,-7.41062379999993],[112.67373972,-7.41046336999993],[112.67374228,-7.41045080000001],[112.673758153,-7.41038312899992],[112.67376366,-7.41035964999998],[112.67382907,-7.41004065999991],[112.67385329,-7.40993359999994],[112.673869942,-7.40993383799997],[112.674174095,-7.40993818599998],[112.674315351,-7.40994020599996],[112.67433733,-7.40994051999998],[112.67437541,-7.40994105999993],[112.6746136,-7.40994447],[112.675192916,-7.40995099199995],[112.67533481,-7.40995258999993],[112.67588461,-7.40998029999996],[112.675886869,-7.40998041399997],[112.67589534,-7.40998083999996],[112.67595027,-7.40995316999992],[112.67601819,-7.40996449999995],[112.67609926,-7.40997241],[112.67610953,-7.40994461999996],[112.676126988033147,-7.409900807344353],[112.67613818,-7.40987271999997],[112.67619402,-7.40973890999992],[112.67622267,-7.40966774999991],[112.67627116,-7.40955136999996],[112.67627331,-7.40952952999993],[112.67627468,-7.40950065999994],[112.67629455,-7.40946061999996],[112.67637826,-7.40944327999993],[112.67646843,-7.40936595999996],[112.6764905,-7.40932036000001],[112.676498274,-7.40930487299994],[112.67652288,-7.40925584999996],[112.67653055,-7.40921313999995],[112.67653109,-7.40921536999998],[112.67655789,-7.40910361999997],[112.67656217,-7.4090888499999],[112.67689708,-7.40924672999998],[112.67704651,-7.40929155999995],[112.67720341,-7.40932144999994],[112.67728808,-7.40931646999996],[112.67734287,-7.40934385999997],[112.67740015,-7.40944347999995],[112.6777787,-7.40965765999996],[112.67817219,-7.40985439999995],[112.67869021,-7.40993658999997],[112.67915343,-7.41010095999995],[112.67977853,-7.41020803999994],[112.679843008,-7.41022439599994],[112.680047242582887,-7.410263533287855],[112.680318685065501,-7.410316051505514],[112.680735788937241,-7.410410083521064],[112.681035422728982,-7.410452367593848],[112.681056950348164,-7.410440902997507],[112.68107335,-7.41043183999993],[112.681154881,-7.41040272399993],[112.68116766,-7.41039815999994],[112.68117926,-7.41039401999997],[112.68120195,-7.41038077999998],[112.68135892,-7.41049046999993],[112.6813845,-7.41050204999995],[112.681458655,-7.41053561199996],[112.68153859,-7.41057178999995],[112.68157074,-7.41057368999998],[112.68162464,-7.41056611999995],[112.68171836,-7.41052897],[112.68173816,-7.41051617999996],[112.68175031,-7.41051910999991],[112.68207472,-7.41059722999995],[112.68235269,-7.41065990999993],[112.68257955,-7.41071640999995],[112.68262957,-7.41071674999996],[112.68269875,-7.41072073999991],[112.6829265,-7.41072836999995],[112.68320251,-7.41083621],[112.68346462,-7.41092761999993],[112.68370307,-7.41095114999992],[112.68376905,-7.41095143999998],[112.68399465,-7.41095588999997],[112.68427969,-7.41091975999996],[112.68434034,-7.410919],[112.68466013,-7.41091341000001],[112.68480585,-7.41091602],[112.68481832,-7.41091623899994],[112.68481294,-7.41098441999997],[112.68477217,-7.41150084999991],[112.68536485,-7.41158070999993],[112.6853118,-7.41171563999993],[112.68526653,-7.41181040999992],[112.6851203,-7.41217111999992],[112.68509354,-7.41233979],[112.685082179,-7.41241139199995],[112.684824,-7.41403850999996],[112.68482123,-7.41406479999992],[112.684601786,-7.41526900599997],[112.68460065,-7.41527523999997],[112.6845675,-7.41545715999998],[112.68449941,-7.41591105],[112.68610599,-7.41648188999992],[112.68613244,-7.41649129499995],[112.68614618,-7.41649617999997],[112.68651383,-7.41662689999992],[112.686603763,-7.41665887799993],[112.6867684,-7.41671741999993],[112.68792015,-7.41718643999996],[112.68830883,-7.41735464999992],[112.6884,-7.41739],[112.68841381,-7.41739459999996],[112.68842707,-7.41739902099995],[112.688443788,-7.41740459499994],[112.68846,-7.41741],[112.68846085,-7.41741026999993],[112.688746173,-7.41750009699994],[112.68874669,-7.41750025999991],[112.68934677,-7.41768917000001],[112.68998491,-7.41785369],[112.69008775,-7.41788021000001],[112.6900926,-7.41788064999995],[112.690107106,-7.41788196899994],[112.6901843,-7.41788898999992],[112.690217381,-7.41789198699996],[112.69017206,-7.4181980999999],[112.690276919069035,-7.418243460397292],[112.690343166542306,-7.418264049514899],[112.690404348924829,-7.418266443636835],[112.69056595766132,-7.41829611544465],[112.69064319713334,-7.418292517772532],[112.690708223753887,-7.418267880774502],[112.691028192274644,-7.418254453391571],[112.69139071660797,-7.418219600694791],[112.691367631559615,-7.418927544263722],[112.691291981616345,-7.419280511925824],[112.691676428702834,-7.419313540692743],[112.691637829059928,-7.419738136764666],[112.692274723167813,-7.420336431229647],[112.692322972721442,-7.420963675426806],[112.692371222275071,-7.421079474355513],[112.692359212364352,-7.421549880248856],[112.692375581613703,-7.421622403955745],[112.693308506640108,-7.42177336089769],[112.69308862,-7.42254506999997],[112.69293875,-7.42308376999994],[112.69293809,-7.42308615999995],[112.69293785,-7.42308616999996],[112.69292814,-7.42312060199993],[112.6929269,-7.423125],[112.69289589,-7.42323493999991],[112.69289654,-7.42323551999992],[112.69293022,-7.42326544999998],[112.6928997,-7.42370414999992],[112.69288415,-7.42381892999994],[112.692883957,-7.42382035299993],[112.69286703,-7.42394531999998],[112.69281959,-7.42429541999997],[112.69278834,-7.42463200999994],[112.69277,-7.42482948000001],[112.69276894,-7.42485021999995],[112.69276619,-7.42490386999998],[112.69277833,-7.42508453999992],[112.69278145,-7.42513083999997],[112.6927779,-7.42513395000001],[112.69264412,-7.42525100999997],[112.69252023,-7.42536043999995],[112.69248666,-7.42654397999995],[112.692407624,-7.42694354099998],[112.692353681889415,-7.427216243293161],[112.69231731,-7.42740011999996],[112.69224789,-7.42818686999992],[112.6921562,-7.42819274999996],[112.69210328,-7.42817981000001],[112.69202296,-7.42816249999995],[112.69190007,-7.428136],[112.6915572,-7.42808017999992],[112.69153023,-7.42807578999998],[112.690325461781228,-7.427877132974412],[112.6900959,-7.42783927999993],[112.68936411,-7.42772555999997],[112.688937831,-7.42765859399998],[112.688104184,-7.42752763299996],[112.68809933,-7.42752686999998],[112.68807387,-7.42752286999993],[112.688039811,-7.42751752199998],[112.68801082,-7.42751296999995],[112.68801092,-7.42751279],[112.68795204,-7.42750358999994],[112.6878643,-7.42748832999998],[112.68758583,-7.42743682999998],[112.68734311,-7.42739088999993],[112.68691063,-7.42730904],[112.686895234,-7.42729363599995],[112.686969126,-7.427205574],[112.687054323,-7.42691055799998],[112.687157824,-7.42677367999992],[112.687204988,-7.42671130599998],[112.6872407,-7.42622776699995],[112.687241767,-7.42621331099998],[112.687237361916658,-7.42603605750838],[112.687228344,-7.42567319099992],[112.686884874210875,-7.424793872094686],[112.686765142,-7.42448734499994],[112.686676554,-7.42441892899998],[112.686504116,-7.42428575799994],[112.68647194,-7.42424392999995],[112.68639183,-7.42414664999995],[112.686181648,-7.42402587599996],[112.686158782,-7.42311526699994],[112.685960005,-7.42308580399992],[112.685729606,-7.42305165499993],[112.68572395,-7.42305121999996],[112.68558311,-7.42304038999992],[112.68517113,-7.42294883999996],[112.684508748995967,-7.422747562361192],[112.68448067,-7.42273902999995],[112.68430901,-7.42265891999996],[112.68403816,-7.42260550999993],[112.68382072,-7.42256354999997],[112.68346596,-7.42252540999996],[112.68325827,-7.4224957399999],[112.68306541,-7.42246817999998],[112.68281375,-7.42247008999995],[112.68281364,-7.42247008999995],[112.68281361,-7.42246935999995],[112.682813372,-7.42246412199995],[112.68278313,-7.42179871],[112.682782925,-7.421796053],[112.68277932,-7.42174921999998],[112.68277931,-7.42174910999993],[112.68277931,-7.42173003999991],[112.682194608,-7.42166172399994],[112.68166924,-7.42160033999995],[112.68166881,-7.42160030999996],[112.68165473,-7.42159931],[112.68151016,-7.42158897999996],[112.68150902,-7.4215889],[112.68147961,-7.42158720999993],[112.681548183,-7.42133730999995],[112.681700074,-7.42078377299992],[112.682036092,-7.41955920899996],[112.68250491,-7.41785068],[112.68254468,-7.41770574999989],[112.682581436,-7.41754917699993],[112.68262968,-7.41734368999994],[112.68271558,-7.41701716],[112.682298131,-7.41686414799993],[112.682231027,-7.416839552]]]]}},
{"type":"Feature","properties":{"kdkab":"15","kdkec":"100","nmkab":"SIDOARJO","nmkec":"SUKODONO","kddesa":"006","kdprov":"35","nmdesa":"PEKARUNGAN","nmprov":"JAWA TIMUR","iddesa":"3515100006"},"geometry":{"type":"MultiPolygon","coordinates":[[[[112.66531,-7.41439],[112.66527,-7.41421],[112.66528,-7.41406],[112.66542,-7.41359],[112.66543865,-7.41353652999991],[112.66552342,-7.41329352999998],[112.66557,-7.41316],[112.665644209,-7.41288171599995],[112.66565,-7.41286],[112.66562,-7.41274],[112.66555,-7.41248],[112.66553,-7.41239],[112.66544,-7.4123],[112.6652,-7.4122],[112.66443,-7.41209],[112.66414,-7.41205],[112.66405,-7.41203],[112.664044906,-7.41202857199994],[112.664042297,-7.41202783999995],[112.6640408,-7.41202741999997],[112.6633,-7.41182],[112.66304,-7.41173],[112.66258,-7.41156],[112.66223,-7.4115],[112.66226,-7.41128],[112.6623,-7.41105],[112.66233109,-7.41086605],[112.66238787,-7.41059987999994],[112.66249825,-7.41011945999998],[112.66258748,-7.40971978999996],[112.66262182,-7.40954594999995],[112.66297261,-7.40834121999995],[112.66320413,-7.40794523999993],[112.663205097,-7.407943587],[112.66323487,-7.40789264999994],[112.663505531,-7.40742974199997],[112.663840905,-7.407097166],[112.663885662,-7.4070527829999],[112.664131463,-7.40634199799993],[112.664341615,-7.40637735199998],[112.664493156,-7.40599691499993],[112.664705033371462,-7.405823802115054],[112.664862740674209,-7.405676335546204],[112.664926233224691,-7.405581096720489],[112.664929460710511,-7.405575387656673],[112.664933199091351,-7.405568774876356],[112.665156649738563,-7.405173515509366],[112.665164842325709,-7.405173515509367],[112.665252912637669,-7.405024000793728],[112.665273394105554,-7.404968700830409],[112.665418812527619,-7.4047741268854],[112.66547462,-7.40470260999996],[112.6657264,-7.40440214999996],[112.6658368,-7.40420442999992],[112.66593686,-7.40403641999993],[112.66596698,-7.40398583999993],[112.665992,-7.40394382999995],[112.66599677,-7.40393580999998],[112.665997193,-7.40393509999996],[112.66600343,-7.40392461999996],[112.66604164,-7.40386046999992],[112.66611602,-7.40374038999991],[112.66616321,-7.40366260999996],[112.66622828,-7.40355533999998],[112.6662703,-7.40346568999995],[112.66634174,-7.40331460999994],[112.6664356,-7.40311976],[112.66644384,-7.40305559999997],[112.66650878,-7.40267833999996],[112.666565763,-7.40239217299997],[112.666569053,-7.40237565199996],[112.66657109,-7.40236541999997],[112.66657827,-7.40232939],[112.66658222,-7.40230950999998],[112.66666401,-7.40190540999992],[112.66667827,-7.40183431999996],[112.66675475,-7.40148059999995],[112.66706387,-7.39996354999993],[112.667149378,-7.39954391999993],[112.667162604704288,-7.399462872630657],[112.66729054,-7.39885116999993],[112.6676113,-7.39727701999995],[112.66894271,-7.39784286999994],[112.67071034,-7.398530729],[112.670526449,-7.39920227799996],[112.67026088,-7.40017209999994],[112.67025893,-7.40017921999992],[112.67025845,-7.400181],[112.670249643,-7.40021316399997],[112.670380187080156,-7.400236813773655],[112.670527517950276,-7.400438685398628],[112.670752748,-7.40063273399995],[112.670811522553365,-7.400685514361143],[112.670992885169923,-7.400843136970059],[112.671454899,-7.401573425],[112.6714167,-7.40193900999997],[112.67131199,-7.40294104199996],[112.6713935,-7.40295059999992],[112.67190222369922,-7.403010496072578],[112.672110714146712,-7.403038518982187],[112.672395465,-7.40307789199996],[112.67239654,-7.40307803999995],[112.67249508,-7.40309163999995],[112.67291572,-7.40313934999992],[112.672931224,-7.40314110899991],[112.673311745,-7.40318427699997],[112.67345678,-7.40320072999995],[112.673938648516312,-7.40316366771458],[112.673952103,-7.40316283099998],[112.67410183,-7.40315351999996],[112.6743002,-7.40314118999995],[112.67480034,-7.40313330999992],[112.674887331,-7.40313193699996],[112.67492957,-7.40313126999995],[112.67511644,-7.40311639999993],[112.67528185705693,-7.403103234793639],[112.67546398,-7.40308873999993],[112.67580801,-7.40312140999995],[112.67601159,-7.40312287999997],[112.67625246,-7.40316024999992],[112.67625836,-7.40324910999993],[112.6760813,-7.40482255999992],[112.67618797,-7.40495337999996],[112.67619923,-7.4049671999999],[112.67605546,-7.40508817999992],[112.67591599,-7.40529488999993],[112.675824521,-7.40533191799997],[112.675824767,-7.40536203099997],[112.675832848,-7.40635172199996],[112.675834674,-7.40657545099996],[112.675901756,-7.40682025300001],[112.675902427,-7.40684086100002],[112.675914438,-7.40721008099995],[112.675916785,-7.40728224199995],[112.67611882,-7.40866894999993],[112.676155389,-7.40873347699994],[112.67616116,-7.40874365999996],[112.67622217,-7.40876358999996],[112.67624085,-7.40876856999993],[112.67626576,-7.40878974],[112.6762944,-7.40882335999994],[112.676333,-7.40891300999992],[112.67635168,-7.40893293999996],[112.6764488,-7.40897028999993],[112.67654842,-7.40908235999993],[112.67656217,-7.4090888499999],[112.67655789,-7.40910361999997],[112.67653109,-7.40921536999998],[112.67653055,-7.40921313999995],[112.67652288,-7.40925584999996],[112.676498274,-7.40930487299994],[112.6764905,-7.40932036000001],[112.67646843,-7.40936595999996],[112.67637826,-7.40944327999993],[112.67629455,-7.40946061999996],[112.67627468,-7.40950065999994],[112.67627331,-7.40952952999993],[112.67627116,-7.40955136999996],[112.67622267,-7.40966774999991],[112.67619402,-7.40973890999992],[112.67613818,-7.40987271999997],[112.676126988033147,-7.409900807344353],[112.67610953,-7.40994461999996],[112.67609926,-7.40997241],[112.67601819,-7.40996449999995],[112.67595027,-7.40995316999992],[112.67589534,-7.40998083999996],[112.675886869,-7.40998041399997],[112.67588461,-7.40998029999996],[112.67533481,-7.40995258999993],[112.675192916,-7.40995099199995],[112.6746136,-7.40994447],[112.67437541,-7.40994105999993],[112.67433733,-7.40994051999998],[112.674315351,-7.40994020599996],[112.674174095,-7.40993818599998],[112.673869942,-7.40993383799997],[112.67385329,-7.40993359999994],[112.67382907,-7.41004065999991],[112.67376366,-7.41035964999998],[112.673758153,-7.41038312899992],[112.67374228,-7.41045080000001],[112.67373972,-7.41046336999993],[112.67370702,-7.41062379999993],[112.673704971,-7.41063385599995],[112.673698089,-7.41066762499996],[112.67367906,-7.410761],[112.6736584,-7.41086237999995],[112.67363807,-7.41096060699992],[112.673582435,-7.411229422],[112.67357591,-7.41126094999996],[112.6734819,-7.41167689999996],[112.67340916,-7.41197134999995],[112.67340928,-7.41200272],[112.67340962,-7.41209276999995],[112.673410597,-7.41221762199996],[112.67341242,-7.41245053999994],[112.67341299,-7.41260159999994],[112.67371822,-7.41251515999995],[112.67395559,-7.41286553999995],[112.67414202,-7.413146],[112.67414215,-7.41316836999994],[112.674011938,-7.413150965],[112.673430143,-7.412983601],[112.673156099917193,-7.412974717670799],[112.673166959851017,-7.412823733085387],[112.672995155576359,-7.412818100182092],[112.673017573038436,-7.412347027627374],[112.672698291531319,-7.412344155509917],[112.672732410500004,-7.412021145099],[112.672154237997006,-7.411941160761],[112.67214513,-7.41233490999996],[112.67206647,-7.41233514999992],[112.67197429,-7.41233543999991],[112.67175749,-7.41236678999998],[112.67132189,-7.412521],[112.671184682,-7.412542273],[112.67107598,-7.41255913999994],[112.67092179,-7.41255798],[112.668763038,-7.41262276199995],[112.66843744,-7.41263253999997],[112.66810661,-7.41264514999995],[112.66789183,-7.41265333999998],[112.66784302,-7.41264186],[112.667780613,-7.41284393999998],[112.667621309,-7.41335980999995],[112.667529422,-7.41365736399994],[112.667438003,-7.41395340399994],[112.667345928,-7.41425156699994],[112.667260503,-7.41453641799997],[112.667178827,-7.41482501499995],[112.66712532,-7.41501492999993],[112.66681823,-7.41492276999995],[112.665514949,-7.414531643],[112.66538072,-7.41449136],[112.66531,-7.41439]]]]}},
{"type":"Feature","properties":{"kdkab":"15","kdkec":"100","nmkab":"SIDOARJO","nmkec":"SUKODONO","kddesa":"004","kdprov":"35","nmdesa":"JUMPUTREJO","nmprov":"JAWA TIMUR","iddesa":"3515100004"},"geometry":{"type":"MultiPolygon","coordinates":[[[[112.69916538,-7.42096531999994],[112.698288224375489,-7.420955807641719],[112.69827461,-7.42095565999994],[112.69814491,-7.42104339999997],[112.69761848,-7.42140769999996],[112.69727898,-7.42164229999997],[112.69726753,-7.42164992999997],[112.696932516,-7.421795238],[112.69683705132536,-7.421836644673435],[112.696695936369409,-7.42189785161642],[112.696473037452691,-7.421807288715967],[112.69626478767556,-7.42172386216525],[112.6959929543941,-7.421718027041756],[112.695477509,-7.42163857299993],[112.695446812,-7.42185576899994],[112.69553947,-7.42191886999994],[112.695459038,-7.42198087],[112.69535637,-7.42206000999996],[112.69534643,-7.42206413999998],[112.6951313,-7.42215346999997],[112.69511604,-7.42216681999997],[112.69506264,-7.42221831999994],[112.69501686,-7.42235946999994],[112.69485664,-7.42260932999994],[112.69460487,-7.42274283999995],[112.69456899,-7.42289493999995],[112.69452477,-7.42308234999995],[112.69440545,-7.42308660999992],[112.69404411,-7.42309951999993],[112.69392204,-7.42310142999995],[112.69341131,-7.42309040000001],[112.6933918,-7.42308997999994],[112.6930858,-7.42308451999997],[112.69307136,-7.42308425999997],[112.6930704,-7.42308427],[112.69300718,-7.42308517999993],[112.69293875,-7.42308376999994],[112.69308862,-7.42254506999997],[112.693308506640108,-7.42177336089769],[112.692375581613703,-7.421622403955745],[112.692359212364352,-7.421549880248856],[112.692371222275071,-7.421079474355513],[112.692322972721442,-7.420963675426806],[112.692274723167813,-7.420336431229647],[112.691637829059928,-7.419738136764666],[112.691676428702834,-7.419313540692743],[112.691291981616345,-7.419280511925824],[112.691367631559615,-7.418927544263722],[112.69139071660797,-7.418219600694791],[112.691028192274644,-7.418254453391571],[112.690708223753887,-7.418267880774502],[112.69064319713334,-7.418292517772532],[112.69056595766132,-7.41829611544465],[112.690404348924829,-7.418266443636835],[112.690343166542306,-7.418264049514899],[112.690276919069035,-7.418243460397292],[112.69017206,-7.4181980999999],[112.690217381,-7.41789198699996],[112.6901843,-7.41788898999992],[112.690107106,-7.41788196899994],[112.6900926,-7.41788064999995],[112.69008775,-7.41788021000001],[112.68998491,-7.41785369],[112.68934677,-7.41768917000001],[112.68874669,-7.41750025999991],[112.688746173,-7.41750009699994],[112.68846085,-7.41741026999993],[112.68846,-7.41741],[112.688443788,-7.41740459499994],[112.68842707,-7.41739902099995],[112.68841381,-7.41739459999996],[112.6884,-7.41739],[112.68830883,-7.41735464999992],[112.68792015,-7.41718643999996],[112.6867684,-7.41671741999993],[112.686603763,-7.41665887799993],[112.68651383,-7.41662689999992],[112.68614618,-7.41649617999997],[112.68613244,-7.41649129499995],[112.68610599,-7.41648188999992],[112.68449941,-7.41591105],[112.6845675,-7.41545715999998],[112.68460065,-7.41527523999997],[112.684601786,-7.41526900599997],[112.68482123,-7.41406479999992],[112.684824,-7.41403850999996],[112.685082179,-7.41241139199995],[112.68509354,-7.41233979],[112.6851203,-7.41217111999992],[112.68526653,-7.41181040999992],[112.6853118,-7.41171563999993],[112.68536485,-7.41158070999993],[112.68538628,-7.41152621999994],[112.68547416,-7.41130271],[112.6858031,-7.41054764999996],[112.68596258,-7.41064981999995],[112.68630647,-7.41073952999993],[112.6864095,-7.41079294999997],[112.68654589,-7.41080251999994],[112.68663259,-7.41078362999996],[112.68664073,-7.41078137999993],[112.68666964,-7.41077339],[112.68702168,-7.41097384999993],[112.68707195,-7.41100247099995],[112.68716012,-7.41075726999995],[112.687170418,-7.41072863099995],[112.68721285,-7.41061061999994],[112.68720039,-7.41026177999995],[112.687226453,-7.41003027399993],[112.68724275,-7.40988551999993],[112.68732518,-7.40959164999991],[112.68732661,-7.40958651999995],[112.68746316,-7.40960741999992],[112.6875628,-7.40961880999994],[112.68757178,-7.4096053399999],[112.68778201,-7.40928998999995],[112.68784,-7.40921],[112.68882,-7.40772],[112.68926,-7.40705],[112.68947,-7.40669],[112.68953034,-7.40648310999993],[112.68953825,-7.40644656999993],[112.689583465,-7.40616251699995],[112.689585022,-7.40615273899992],[112.68958608,-7.40614608999993],[112.68959473,-7.40609171999996],[112.68975807,-7.40506556999998],[112.68976,-7.40504],[112.68982,-7.40461],[112.68987,-7.40419],[112.68987077,-7.40418578],[112.68987846,-7.40414348999994],[112.68989,-7.40408],[112.68994,-7.40354],[112.68999343,-7.40297005],[112.69093735,-7.40309642999995],[112.693474171,-7.40373464399994],[112.69424087,-7.40392752999997],[112.69441221,-7.40397235999995],[112.694416984,-7.40397360899991],[112.69472185,-7.40405335999997],[112.694722584,-7.40405355199994],[112.69523067,-7.40418646999996],[112.695699279,-7.4043091149999],[112.6958775,-7.40435575999995],[112.69705881,-7.40466492999998],[112.697071491,-7.404668543],[112.69709352,-7.40467481999997],[112.697457572,-7.40479043899995],[112.697576367957168,-7.404828167170113],[112.69775258,-7.40488412999995],[112.697949781709994,-7.404950234104225],[112.698495579956202,-7.405061853856562],[112.699041112,-7.40521352799992],[112.69907072,-7.40522175999995],[112.69908442,-7.40522358999993],[112.69921406,-7.40524091999991],[112.69944046,-7.40525666999997],[112.70001214,-7.40523651],[112.70001767,-7.40526884999997],[112.70014399,-7.40526836999995],[112.70014473,-7.40526836999995],[112.70014596,-7.40527576999993],[112.70014931,-7.40529587000002],[112.70015723,-7.40534339999995],[112.70015908,-7.40534209999992],[112.70026168,-7.40527026999993],[112.70056917,-7.40528215999996],[112.70058118,-7.40528262],[112.70063594,-7.40528473999997],[112.70063688,-7.40528499999989],[112.700699976,-7.40530273299993],[112.70073238,-7.40531183999998],[112.70103024,-7.40537187999995],[112.70104873,-7.40537608999992],[112.7011666,-7.40541210999993],[112.701328398,-7.40547661099992],[112.7013406,-7.40548147999992],[112.70144836,-7.40557155999992],[112.701577237106903,-7.405663741971486],[112.701563968479661,-7.40574214749613],[112.701559143524292,-7.405784365855554],[112.701547081135885,-7.405871215052084],[112.701527781314439,-7.406011138757604],[112.701522956359099,-7.406049738400506],[112.701516925164896,-7.40609075052109],[112.701502450298804,-7.406182424672982],[112.701489181671562,-7.406294604885166],[112.701486769193878,-7.406313904706617],[112.701494479541452,-7.406315088294713],[112.70151754,-7.40631779999995],[112.70163083,-7.40634426999998],[112.70167158,-7.40635378999996],[112.70167747,-7.40635466999992],[112.70186223,-7.40638232999994],[112.70200319,-7.40641859999995],[112.70210489,-7.40644477999995],[112.70217034,-7.40646161999996],[112.70232268,-7.40649142999995],[112.70235369,-7.40649749999993],[112.70258107,-7.40654784],[112.70277181,-7.40659831999993],[112.70302871,-7.40669975999998],[112.70327072,-7.40674271999994],[112.70346881,-7.40680049],[112.70350447,-7.40678846999998],[112.7035786,-7.40676348999997],[112.70358221,-7.40676347999995],[112.70358342,-7.40676346999996],[112.70364001,-7.40676325999994],[112.703647456,-7.40676764899996],[112.70365175,-7.40677017999996],[112.70374915,-7.40682763999994],[112.7037762,-7.40683572999994],[112.70478281,-7.40713699000001],[112.705411071287699,-7.407305942170187],[112.70556639,-7.40734770999997],[112.70561496,-7.40745433999997],[112.7055943,-7.40779824999994],[112.70552961,-7.40812770999995],[112.70551358,-7.40835854999996],[112.705496289,-7.40860755099997],[112.70543766,-7.40945106],[112.705391756459122,-7.410141317617533],[112.70538398,-7.41027906999993],[112.70538429,-7.41035953999996],[112.7054321,-7.41042464],[112.7054348,-7.41042518999995],[112.70544243,-7.41043853999998],[112.70547295,-7.41045188999994],[112.70545769,-7.41050910999997],[112.70531964,-7.41098703999994],[112.705318536,-7.41099086399994],[112.70520592,-7.41138076999995],[112.70515782,-7.41153070099995],[112.70514691,-7.41156470999997],[112.705056026,-7.41184799899996],[112.704942346,-7.41220234099997],[112.70488443,-7.412382867],[112.70488388,-7.41238457999997],[112.70484734,-7.41249846999994],[112.704845356,-7.41250467199995],[112.70477337,-7.41272962999992],[112.70475578,-7.41278457999992],[112.70471001,-7.41296958999995],[112.70469475,-7.41304778999992],[112.70460803,-7.41303044999997],[112.70459938,-7.41302871999995],[112.70459932,-7.41302893999993],[112.704578431,-7.41302451899996],[112.70359826,-7.41281705999996],[112.70350164,-7.41279660999992],[112.70264052,-7.41261434999996],[112.702444219,-7.41257279899993],[112.7024442,-7.41257288999998],[112.70244127,-7.4125873799999],[112.70239663,-7.41280792999992],[112.70239627,-7.41280968999997],[112.70237981,-7.41289102999995],[112.702369493,-7.41294200199996],[112.70234794,-7.41304848999996],[112.70234849,-7.41304888999998],[112.70228386,-7.41336632],[112.702274818,-7.41339938499994],[112.70212744,-7.41393832999994],[112.70208931,-7.41407775999994],[112.70206149,-7.41429362999996],[112.70204863,-7.41439338999992],[112.70198631,-7.41487693999993],[112.70180321,-7.41556167999993],[112.70179558,-7.41558646999993],[112.70194817,-7.41563605999994],[112.70202065,-7.41566085999998],[112.70237541,-7.41572570999997],[112.70255089,-7.41572379999995],[112.70279503,-7.41559981999996],[112.70286751,-7.41557693999995],[112.70287699,-7.41557262],[112.70290745,-7.41556236000001],[112.70290642,-7.41555924999993],[112.70290947,-7.41555786],[112.70293236,-7.41555404999997],[112.70293999,-7.41561126999996],[112.70298958,-7.41595268000002],[112.702998221,-7.41601317299997],[112.70301628,-7.41613959999992],[112.70299848,-7.41660683000001],[112.70299339,-7.41674041999995],[112.70301057,-7.41679731999995],[112.703020235,-7.41682933399993],[112.702915238,-7.41679887799996],[112.702854295,-7.41701659699994],[112.702946781,-7.41744244699994],[112.70272456,-7.41738607599997],[112.702522847,-7.41831291899993],[112.702522173,-7.41831601499996],[112.702485192,-7.41839714199994],[112.70218431,-7.41905720999998],[112.702005989,-7.419259247],[112.701875638,-7.41940693399991],[112.701800717,-7.41967317499994],[112.701310055203834,-7.419561271994611],[112.701048041553619,-7.420154592161178],[112.7009716,-7.42014312999993],[112.70090294,-7.42016219999991],[112.70083046,-7.42018126999995],[112.70072746,-7.42016601999996],[112.700579839175759,-7.420233853140908],[112.700451985655079,-7.420407165691179],[112.700357516109207,-7.420456176207444],[112.700334076297082,-7.420510869102406],[112.700275121618063,-7.420541411887904],[112.700226821399141,-7.420628068163039],[112.70016786672015,-7.420669265408596],[112.69970547,-7.42095732999997],[112.69970002,-7.42096024999995],[112.69968224,-7.42097091999995],[112.69963447,-7.42097039999994],[112.699621738,-7.42097026199998],[112.699339818,-7.42096720899995],[112.69916538,-7.42096531999994]]]]}},
{"type":"Feature","properties":{"kdkab":"15","kdkec":"100","nmkab":"SIDOARJO","nmkec":"SUKODONO","kddesa":"017","kdprov":"35","nmdesa":"MASANGAN KULON","nmprov":"JAWA TIMUR","iddesa":"3515100017"},"geometry":{"type":"MultiPolygon","coordinates":[[[[112.68558145,-7.38881568999997],[112.68536461,-7.38870483999992],[112.68524517,-7.38862760999996],[112.68515763,-7.38862915999993],[112.68467087,-7.38851933],[112.68447888,-7.38854918999994],[112.68442697,-7.38851621999992],[112.684423603,-7.38851408099991],[112.68440173,-7.38850018999996],[112.68434969,-7.38846713999995],[112.68419327,-7.38840189999997],[112.68334073,-7.38838077999998],[112.68315409,-7.38836953999995],[112.6830855,-7.38838752999994],[112.68303013,-7.38847980999997],[112.683020848,-7.38849528899991],[112.68301467,-7.38850558999997],[112.68295766,-7.38855776999996],[112.68294833,-7.3885663],[112.68283027,-7.38861689999994],[112.68254983,-7.38858047999996],[112.682478631,-7.38856601299995],[112.682431091,-7.38855635299996],[112.68239023,-7.38854804999996],[112.68236436,-7.38854278999997],[112.681607624,-7.38838902099996],[112.68188744,-7.38717427999995],[112.681633335,-7.38685253499998],[112.681713343,-7.386477407],[112.68171774,-7.38645678999994],[112.68176754,-7.38632269999992],[112.68181,-7.38619],[112.68188,-7.38598],[112.68191554,-7.38587956999991],[112.681923646,-7.38585975499995],[112.68192418,-7.38585844999995],[112.68193245,-7.38583822999994],[112.682025355,-7.38561115399997],[112.68213453,-7.38534430999995],[112.68222898,-7.38509694999995],[112.68230116,-7.38479441999992],[112.68238189,-7.38445605999996],[112.68239779,-7.38441622999994],[112.682638338,-7.38386411499997],[112.682098772,-7.38372124999994],[112.68210159,-7.38368919999993],[112.68203074,-7.38351428999991],[112.682047138,-7.38329846499996],[112.682051194,-7.38324508499994],[112.68206835,-7.38301928999993],[112.6821245,-7.38278697999996],[112.682126752,-7.38275872199995],[112.68213288,-7.3826818499999],[112.68211938,-7.38259211999996],[112.68199844,-7.38193130999996],[112.681981352,-7.38148318299997],[112.68196922,-7.38116503999993],[112.68206936,-7.38096321999995],[112.68216352,-7.38086850999996],[112.68221342,-7.38077874999996],[112.68223459,-7.38057721999995],[112.68220324,-7.38040654999994],[112.68214099,-7.38038486999996],[112.68217,-7.37994],[112.68218,-7.37969],[112.68218372,-7.37960438999996],[112.68222935,-7.37917344999991],[112.682204771,-7.37912427999994],[112.68213101,-7.37909212999993],[112.68206,-7.37906],[112.6820979,-7.37903329999992],[112.6825,-7.37875],[112.6828,-7.37863],[112.68294,-7.37857],[112.68312,-7.37813],[112.683202339263772,-7.377800642944931],[112.68324,-7.37765],[112.683273438,-7.377493946],[112.68328038,-7.37746154999996],[112.6833,-7.37737],[112.683353612726066,-7.377300613211989],[112.68347,-7.37715],[112.68352,-7.37708],[112.6838,-7.3768],[112.68422334,-7.37649212],[112.68442543,-7.37634513999998],[112.68442565,-7.37634497999994],[112.684426308,-7.37634450199994],[112.68443026,-7.37634162999996],[112.684511184,-7.37628277599996],[112.684518153,-7.37627770699993],[112.68457,-7.37624],[112.68558,-7.37583],[112.68565,-7.37578],[112.68573,-7.37574],[112.68586409,-7.37561127999993],[112.68590284,-7.37557408],[112.68592153,-7.37555612999998],[112.685923807,-7.37555394399993],[112.685975777,-7.37550405399995],[112.68598,-7.3755],[112.6860887,-7.37540802999995],[112.686108133,-7.37539157999991],[112.68611,-7.37538999999989],[112.68614988,-7.37537638],[112.68620422,-7.37535782999992],[112.68652,-7.37525],[112.68653868,-7.37524732999996],[112.68653651,-7.37525163999994],[112.6865407,-7.37524703999998],[112.68687,-7.3752],[112.68708762,-7.37523807999996],[112.68727,-7.37527],[112.68732665,-7.37527707999991],[112.687469307,-7.37529491299997],[112.68751,-7.3753],[112.68801,-7.37537],[112.68805374,-7.37537235999998],[112.68827885,-7.37538452999994],[112.68838,-7.37538999999989],[112.68872039,-7.37538027999998],[112.68873,-7.37538],[112.68892,-7.37547],[112.68905594,-7.37553396999997],[112.689137696,-7.37557244399996],[112.68915645,-7.37558126999995],[112.68926,-7.37563],[112.68963,-7.37573],[112.689921421,-7.37579387299994],[112.69036,-7.37589],[112.69075,-7.37598],[112.69088874,-7.37602336],[112.690923712,-7.37602985599996],[112.69099556,-7.37604320999997],[112.69097532,-7.37613652999994],[112.6909697,-7.37617813],[112.69092473,-7.37625122],[112.69091742,-7.37628269999994],[112.690915729160892,-7.376331010186203],[112.690915729015188,-7.37633104991381],[112.69093428,-7.37637264999994],[112.6909469,-7.37638583999996],[112.69099612,-7.3764373],[112.69102925,-7.37645551999996],[112.69110856,-7.37649914],[112.691221,-7.37654467999994],[112.691404791497661,-7.376640588755369],[112.69143969,-7.3766588],[112.69149422,-7.37669983999995],[112.691499304444434,-7.376709185111063],[112.69151502,-7.37673806999993],[112.691519365531761,-7.37675161114965],[112.691522243111109,-7.376760577999968],[112.69152458,-7.37676785999997],[112.691526442,-7.377015281999956],[112.6915267,-7.37706173999992],[112.69152683,-7.37708549999994],[112.69153807,-7.37712035999992],[112.691542385806443,-7.377127757741878],[112.69155381,-7.37714734],[112.69158811,-7.37719455999996],[112.69162352,-7.37724796999994],[112.69170335,-7.37740312999997],[112.69175002,-7.37746440999996],[112.69178037,-7.37751725999992],[112.69181635,-7.37757909999994],[112.69182591,-7.37781746999995],[112.69184502,-7.37816770999994],[112.69184727,-7.37821492999998],[112.69186077,-7.37824865999998],[112.69187651,-7.37827789999994],[112.69198782,-7.37839932999997],[112.69201705,-7.37843979999998],[112.69208452,-7.37849939999997],[112.69217222,-7.37857922999993],[112.69224642,-7.37863881999993],[112.69229028,-7.37869615999995],[112.69233413,-7.37875912999991],[112.69240721,-7.37889067999992],[112.69242857,-7.37892104],[112.69245443,-7.37897050999992],[112.69255788,-7.37908181999997],[112.692616315,-7.37912014599993],[112.69262646,-7.37912679999995],[112.69280074,-7.37918750999995],[112.69299975,-7.37918188999997],[112.69307059,-7.37919762999995],[112.69313805,-7.37921673999997],[112.69321114,-7.37924934999995],[112.693221225,-7.37925552999998],[112.6932473,-7.37927150999996],[112.69328085,-7.37929207999998],[112.69338829,-7.37936785999996],[112.69340678,-7.37938089999996],[112.69345986,-7.37943710999996],[112.693384808,-7.37950735799995],[112.69336676,-7.37952424999997],[112.69327185,-7.37961308999996],[112.69318958,-7.37973210999995],[112.69317,-7.37983],[112.69319,-7.37991],[112.69322,-7.37997],[112.6932171,-7.38005115999994],[112.693214979,-7.38011056199996],[112.69321,-7.38025],[112.69304,-7.38116],[112.69299,-7.38151],[112.69299,-7.38174],[112.69303,-7.38187],[112.69311,-7.38194],[112.69357,-7.38207],[112.69412,-7.38224],[112.69443,-7.38241],[112.69519,-7.38283],[112.69618,-7.3835],[112.69624,-7.38354],[112.69663,-7.38383],[112.696877834,-7.38400091999993],[112.69692,-7.38403],[112.69692594,-7.38403466999995],[112.6969,-7.38422],[112.69689836,-7.38422873999996],[112.69687,-7.38438],[112.69679,-7.38507],[112.69672,-7.38547],[112.69649,-7.38682],[112.69642,-7.38733],[112.69639,-7.38748],[112.6962,-7.38744],[112.69605,-7.3874],[112.69565,-7.38729],[112.69468,-7.38696],[112.69461,-7.38704],[112.69416,-7.38773],[112.69311,-7.38922],[112.69228,-7.39061],[112.69225445,-7.39065758999993],[112.69218111,-7.39078448999994],[112.69191837,-7.39127912999993],[112.69175654,-7.39157650999995],[112.691756453,-7.39157667099993],[112.69175492,-7.39157949000002],[112.69175239,-7.39158725999997],[112.691749702,-7.39159552299997],[112.69174821,-7.39160010999996],[112.69172605,-7.39166814999994],[112.69157839,-7.39196577999998],[112.69140109,-7.39232314999997],[112.69139358,-7.39233504999996],[112.69138619,-7.39234677999998],[112.691381598,-7.39235406499995],[112.69108474,-7.39282495999991],[112.69105345,-7.39287174999992],[112.691030517,-7.39291324799997],[112.690506643,-7.39266738499996],[112.69050421,-7.39266228999998],[112.69032165,-7.39253646999993],[112.69019213,-7.39246],[112.690152963,-7.39243901099996],[112.69014798,-7.39243633999997],[112.69002736,-7.39237173],[112.68983254,-7.39226735999996],[112.68951556,-7.39191284999989],[112.68931289,-7.39169271999996],[112.689241143807209,-7.391562899063667],[112.6891268,-7.391356],[112.68909459,-7.39119954999996],[112.68906322,-7.39100926999993],[112.68834175,-7.39062611],[112.68832705,-7.39061831],[112.687882928322921,-7.39038244531394],[112.6878697,-7.39037541999994],[112.687782,-7.39028771999992],[112.68739297,-7.38985145999992],[112.68738847,-7.38981548],[112.6873963,-7.38978303999993],[112.68740421,-7.38975027],[112.687395864,-7.38972103699995],[112.68739522,-7.38971877999996],[112.68737723,-7.38970416999994],[112.68707616,-7.38961249999994],[112.68694884,-7.38957373999997],[112.68673971,-7.38951414999996],[112.68657105,-7.38935786000001],[112.686476151,-7.38923893899993],[112.6863934,-7.38913523999996],[112.68612721,-7.38899555999998],[112.68592715,-7.38891875999994],[112.68574538,-7.38887850999992],[112.685744357,-7.38887828299995],[112.68570081,-7.38886863999997],[112.68558145,-7.38881568999997]]]]}},
{"type":"Feature","properties":{"kdkab":"15","kdkec":"100","nmkab":"SIDOARJO","nmkec":"SUKODONO","kddesa":"001","kdprov":"35","nmdesa":"WILAYUT","nmprov":"JAWA TIMUR","iddesa":"3515100001"},"geometry":{"type":"MultiPolygon","coordinates":[[[[112.66901935,-7.42121760999996],[112.66897016,-7.42162284],[112.66891455,-7.42203066999997],[112.66884553,-7.42253696999996],[112.66872053,-7.42333412],[112.668716623940497,-7.423366135047853],[112.668689850087205,-7.423372881176665],[112.668607128311578,-7.423358719359143],[112.66826057,-7.42329215999997],[112.66806603,-7.42325400999995],[112.66772779,-7.42319674999991],[112.66758156,-7.423172],[112.66698646,-7.42305564999998],[112.66652107,-7.42294311999994],[112.66642571,-7.42293166999996],[112.66616249,-7.42284774999998],[112.66544151,-7.42267989999995],[112.6652317,-7.42261886999996],[112.66516304,-7.42259406999997],[112.66457305,-7.42237454000001],[112.66450691,-7.42234992999994],[112.66450549,-7.42234951999998],[112.664444508,-7.422332099],[112.664001855,-7.42339683799997],[112.663691515,-7.423314556],[112.662281387,-7.42294068399998],[112.66145,-7.42267],[112.66098,-7.42252],[112.66012,-7.42228],[112.6599,-7.42219],[112.65959,-7.42208],[112.65912,-7.42195],[112.6579,-7.42153],[112.65763,-7.42145],[112.65699,-7.42123],[112.65702,-7.42112],[112.65712,-7.42079],[112.65720299,-7.42047339999994],[112.65739,-7.41976],[112.657603892,-7.41891053899998],[112.657624,-7.41883067999993],[112.65774,-7.41836999999989],[112.65776367,-7.41831082999996],[112.65776363,-7.41830070000001],[112.65776651,-7.41828902099997],[112.65777312,-7.41826220999996],[112.65778177,-7.41822712999995],[112.65786686,-7.41788188999993],[112.65794978,-7.41754546999993],[112.65795976,-7.41750495999998],[112.65796805,-7.41691912999993],[112.65807202,-7.41669906999994],[112.6581758,-7.41642669999995],[112.65849228,-7.41607759999992],[112.65849969,-7.41605349999997],[112.65856641,-7.41583663999994],[112.658567301,-7.41583374299996],[112.65877202,-7.41516841999994],[112.65878375,-7.41513032999996],[112.65877046,-7.41503990999998],[112.658773832360197,-7.415023081514239],[112.65889598,-7.41441354999996],[112.6590505,-7.41365208999998],[112.65918069,-7.41296188999996],[112.659303399,-7.41258978199992],[112.65930399,-7.41258799000001],[112.65935088,-7.41244581999996],[112.65969858,-7.41205670999994],[112.65977093,-7.41167844999996],[112.65982891,-7.4114033299999],[112.65987726,-7.41118224999996],[112.6598619,-7.41102030999996],[112.65985283,-7.41077971999995],[112.65985,-7.41075],[112.66039,-7.41094],[112.66069,-7.41107],[112.66091,-7.4112],[112.66137,-7.41139],[112.66196,-7.41146],[112.66223,-7.4115],[112.66258,-7.41156],[112.66304,-7.41173],[112.6633,-7.41182],[112.6640408,-7.41202741999997],[112.664042297,-7.41202783999995],[112.664044906,-7.41202857199994],[112.66405,-7.41203],[112.66414,-7.41205],[112.66443,-7.41209],[112.6652,-7.4122],[112.66544,-7.4123],[112.66553,-7.41239],[112.66555,-7.41248],[112.66562,-7.41274],[112.66565,-7.41286],[112.665644209,-7.41288171599995],[112.66557,-7.41316],[112.66552342,-7.41329352999998],[112.66543865,-7.41353652999991],[112.66542,-7.41359],[112.66528,-7.41406],[112.66527,-7.41421],[112.66531,-7.41439],[112.66538072,-7.41449136],[112.66561,-7.41482],[112.6658,-7.41506],[112.66582,-7.41514],[112.66584,-7.41599],[112.66581,-7.41616],[112.66579,-7.41639],[112.665796961,-7.4164067],[112.66584,-7.41651],[112.66596,-7.41663],[112.66607,-7.41668],[112.6661,-7.41709],[112.66628,-7.41723],[112.66652418,-7.41737087299991],[112.666743905,-7.417486807],[112.66675,-7.41749],[112.666891565,-7.41766931599996],[112.6669,-7.41768],[112.66690703,-7.41774322999993],[112.66690556,-7.41783117999997],[112.66686952,-7.41813971999994],[112.66688819,-7.41828365999995],[112.6668913,-7.41841126],[112.6669022,-7.41843616],[112.666945549,-7.418481539],[112.666950716,-7.418483412],[112.667622976535,-7.418727061305],[112.66776562,-7.41877876],[112.6682169,-7.41900284],[112.66844436,-7.419083999],[112.668438159240097,-7.419107493523769],[112.668385936560995,-7.419351653833],[112.668349179839311,-7.4194481311239],[112.668369646340935,-7.419581163384434],[112.668738712027263,-7.419745924851549],[112.66871566,-7.41981791],[112.66862086,-7.42017627],[112.66882329,-7.42022901999995],[112.669172771,-7.42030144],[112.669156156,-7.42040065999993],[112.66901935,-7.42121760999996]]]]}},
{"type":"Feature","properties":{"kdkab":"15","kdkec":"100","nmkab":"SIDOARJO","nmkec":"SUKODONO","kddesa":"019","kdprov":"35","nmdesa":"BANGSRI","nmprov":"JAWA TIMUR","iddesa":"3515100019"},"geometry":{"type":"MultiPolygon","coordinates":[[[[112.661670058,-7.39007556799995],[112.66138706,-7.39028328999996],[112.66120287,-7.39034829999995],[112.661122935,-7.39035473099992],[112.66096721,-7.39036725999991],[112.660944048419125,-7.390366334203869],[112.66080752,-7.39036087699995],[112.66080084,-7.39036060999994],[112.66069634,-7.39035642999995],[112.65979705,-7.39035913999992],[112.659643098,-7.39037797399993],[112.659256309711211,-7.390425293521274],[112.658654293,-7.39049894399995],[112.65861697,-7.39050351],[112.65859269,-7.39050647999998],[112.65801472,-7.39057718999991],[112.65775468,-7.3906462599999],[112.65775124,-7.39064754999991],[112.65778266,-7.39059123999996],[112.65778537,-7.39058636999995],[112.65781113,-7.39046038],[112.65781444,-7.39042397],[112.6578655,-7.38993226999997],[112.657909,-7.38934600999997],[112.657909,-7.38926408999994],[112.657909,-7.38925712999997],[112.657908751,-7.38923323799997],[112.65790858,-7.38921679999992],[112.657902767,-7.38865899499997],[112.657899743,-7.38836882899995],[112.65789954,-7.38834936999997],[112.65790089,-7.38820032999996],[112.65790522,-7.38772150999995],[112.65795155,-7.38707377999998],[112.657988012,-7.38684979999997],[112.65801774,-7.38666718999993],[112.65808558,-7.38651487999995],[112.6580856,-7.38651480999995],[112.65811397,-7.38644105999996],[112.6581499,-7.38637297999996],[112.65827282,-7.38625193999998],[112.65853191,-7.38600608999995],[112.65867186,-7.38579238999995],[112.65874372,-7.38565622999997],[112.65875507,-7.38555220999995],[112.65868131,-7.38528744999995],[112.65859999,-7.38482032999995],[112.65862136,-7.38448749999996],[112.65859863,-7.38423106999995],[112.65855903,-7.38381339999994],[112.65853791,-7.38325322],[112.65852831,-7.38322950999997],[112.65883383,-7.38225505],[112.65888093,-7.38213141999993],[112.658966758,-7.38178086499993],[112.65896994,-7.38176786999996],[112.65917284,-7.38133505999997],[112.65919126,-7.38117355999998],[112.65919906,-7.38071297999993],[112.65916666,-7.3796756699999],[112.65950412,-7.37961743999994],[112.65967331,-7.37961681],[112.65980851,-7.37961630999995],[112.66014155,-7.37964829999993],[112.660692763,-7.37977087799994],[112.66085556,-7.37980708],[112.6611227,-7.37983328999996],[112.66113135,-7.37983413999996],[112.661135889,-7.37983458499997],[112.661512839,-7.37987156799996],[112.66155496,-7.37987569999995],[112.661698594126733,-7.379891562210602],[112.66197793488746,-7.379964889160295],[112.662158003786217,-7.379989444010125],[112.662346257634908,-7.380038553709785],[112.662473124359025,-7.380087663409445],[112.662540781134012,-7.380111047276327],[112.66265946046191,-7.380114698947955],[112.662776313953998,-7.38013660897772],[112.663063701237647,-7.38020048293894],[112.663254682937193,-7.380284501678636],[112.663438483742468,-7.380381879588704],[112.663528558309281,-7.380419004916917],[112.663566292249314,-7.380442132170558],[112.663624718995351,-7.380470128319702],[112.663664481641987,-7.380489603901714],[112.663713170597021,-7.380499341692721],[112.663747658606837,-7.380505427812103],[112.663965541680597,-7.380590633483412],[112.664106739650194,-7.380612543513177],[112.664167600844024,-7.380614977960928],[112.664189668,-7.38050202099996],[112.66421173,-7.38050026999995],[112.66443941,-7.38048218999995],[112.66446248,-7.38048874999992],[112.66468564,-7.38045271999996],[112.6649912,-7.38063886999994],[112.66518215,-7.38069307999996],[112.66545321,-7.3806825799999],[112.66596011,-7.38079516999998],[112.66625603,-7.38083395999997],[112.6663288,-7.38080750999996],[112.66669834,-7.38089194999997],[112.66739699,-7.38098354999994],[112.6681289,-7.38121622999998],[112.6683041,-7.38121557999998],[112.66848513,-7.38129561999996],[112.66857063,-7.38126680999997],[112.66866114,-7.38130444999993],[112.66874187,-7.38127091999998],[112.66882183,-7.38130684],[112.66884668,-7.381318],[112.66894177,-7.38131052999994],[112.66903233,-7.38136242],[112.66915616,-7.38136736999998],[112.66921564,-7.38132461999992],[112.66935939,-7.38135480999994],[112.66960063,-7.38138974999992],[112.669775531347156,-7.3814528106047],[112.669766942836318,-7.381551352465982],[112.669724684412373,-7.382135927330362],[112.669677730607987,-7.382842582086099],[112.669616690662323,-7.383518716868997],[112.669565041477512,-7.384161983988838],[112.66951808767314,-7.384734820402126],[112.669443522245345,-7.385593388042127],[112.66931931,-7.38560301099997],[112.668925758529284,-7.385588641617076],[112.668862735284137,-7.38558570458685],[112.66868668,-7.38557749999996],[112.66858457,-7.38625208999997],[112.66857986,-7.38631835999996],[112.66854577,-7.38657346],[112.66855192,-7.38668406999997],[112.66860354,-7.38676148999996],[112.6686634,-7.38679751999996],[112.66873627,-7.38684137999997],[112.66877524,-7.38684997999995],[112.66891447,-7.38688070999996],[112.66903245,-7.38687947999995],[112.66904474,-7.38704046999995],[112.66903233,-7.3871832],[112.66894642,-7.38762050999997],[112.668898526865249,-7.387850785885612],[112.668897874852718,-7.387853920839348],[112.669147906892064,-7.387919110710994],[112.669800230746517,-7.388097833578323],[112.66984726,-7.38800703999996],[112.66988451,-7.38793857999995],[112.66997971,-7.38776357999996],[112.6700476,-7.38778533999997],[112.67025889,-7.38785306999995],[112.670276322,-7.387853363],[112.670397985451331,-7.387855405560869],[112.6705144,-7.38785735999993],[112.6708555,-7.38788748999995],[112.67115533,-7.38803281000001],[112.67122264,-7.38803586999993],[112.67124865,-7.3879899799999],[112.67127368,-7.38792511999998],[112.671306848,-7.38783919399998],[112.67131596,-7.38781558999997],[112.67149188,-7.38747444999995],[112.67179783,-7.38734289],[112.67188503,-7.38725109999995],[112.67188027,-7.38717776999994],[112.67188908,-7.38716594999993],[112.67191983,-7.38712972999997],[112.67198013,-7.38705871999997],[112.67218284,-7.387064],[112.67226426,-7.38705513999998],[112.67231543,-7.38705049999993],[112.67282565,-7.38701442999997],[112.672831661,-7.38715351699994],[112.67289386,-7.38787472599997],[112.672274422198299,-7.387800188463828],[112.672237437,-7.38779573799996],[112.67204456,-7.38812168999993],[112.67179464,-7.38869712999997],[112.67169512,-7.38879245999992],[112.671397234,-7.38935362399997],[112.67109534,-7.38992233999992],[112.67058607,-7.39084772699993],[112.67052847,-7.39095238999996],[112.67050323,-7.39105694999993],[112.670500035,-7.39107019099995],[112.670683246031018,-7.391157134877866],[112.670672494253751,-7.391180525247778],[112.67064370656631,-7.391169930403526],[112.670513805906339,-7.391530522148082],[112.670335253409775,-7.392031427809671],[112.66996817,-7.39179431999998],[112.6691979,-7.39159],[112.66914583,-7.39157618999995],[112.669087223,-7.39152000799997],[112.66851326,-7.39096979999992],[112.66810755,-7.39072112999996],[112.66793914,-7.39059789999996],[112.667763912,-7.39046966599993],[112.66776307,-7.39046905],[112.6677338,-7.39044762999992],[112.66751713,-7.39028906999994],[112.667483,-7.39027245999997],[112.66676926,-7.38991354999998],[112.6663318,-7.38969820999993],[112.66619155,-7.38963550999993],[112.66615868,-7.38962081999992],[112.666156121,-7.38961967599995],[112.66598644,-7.38954381],[112.66558013,-7.38939347999997],[112.665517377873613,-7.389358081205975],[112.66510476,-7.38912531999996],[112.66462667,-7.38880026999992],[112.66459385,-7.38878767],[112.66438695,-7.38870817999996],[112.664270955,-7.38868207999997],[112.66417025,-7.38865941999994],[112.663951544,-7.388649044],[112.663923,-7.38864768999998],[112.66387277,-7.38864530999995],[112.6638276,-7.38864316999998],[112.66347412,-7.38865806999994],[112.6632371,-7.38870817999996],[112.66313011,-7.388761],[112.66302582,-7.38885851],[112.66248408,-7.38939212999998],[112.66248224,-7.38939384999995],[112.66245712,-7.38941721],[112.66228906,-7.38957360999994],[112.662282218,-7.38957955699992],[112.66206909496772,-7.389764803526261],[112.66193692,-7.38987968999994],[112.661670058,-7.39007556799995]]]]}},
{"type":"Feature","properties":{"kdkab":"15","kdkec":"100","nmkab":"SIDOARJO","nmkec":"SUKODONO","kddesa":"016","kdprov":"35","nmdesa":"SUKO","nmprov":"JAWA TIMUR","iddesa":"3515100016"},"geometry":{"type":"MultiPolygon","coordinates":[[[[112.69692594,-7.38403466999995],[112.69692,-7.38403],[112.696877834,-7.38400091999993],[112.69663,-7.38383],[112.69624,-7.38354],[112.69618,-7.3835],[112.69519,-7.38283],[112.69443,-7.38241],[112.69412,-7.38224],[112.69357,-7.38207],[112.69311,-7.38194],[112.69303,-7.38187],[112.69299,-7.38174],[112.69299,-7.38151],[112.69304,-7.38116],[112.69321,-7.38025],[112.693214979,-7.38011056199996],[112.6932171,-7.38005115999994],[112.69322,-7.37997],[112.69319,-7.37991],[112.69317,-7.37983],[112.69318958,-7.37973210999995],[112.69327185,-7.37961308999996],[112.69336676,-7.37952424999997],[112.693384808,-7.37950735799995],[112.69345986,-7.37943710999996],[112.69340678,-7.37938089999996],[112.69338829,-7.37936785999996],[112.69328085,-7.37929207999998],[112.6932473,-7.37927150999996],[112.693221225,-7.37925552999998],[112.69321114,-7.37924934999995],[112.69313805,-7.37921673999997],[112.69307059,-7.37919762999995],[112.69299975,-7.37918188999997],[112.69280074,-7.37918750999995],[112.69262646,-7.37912679999995],[112.692616315,-7.37912014599993],[112.69255788,-7.37908181999997],[112.69245443,-7.37897050999992],[112.69242857,-7.37892104],[112.69240721,-7.37889067999992],[112.69233413,-7.37875912999991],[112.69229028,-7.37869615999995],[112.69224642,-7.37863881999993],[112.69217222,-7.37857922999993],[112.69208452,-7.37849939999997],[112.69201705,-7.37843979999998],[112.69198782,-7.37839932999997],[112.69187651,-7.37827789999994],[112.69186077,-7.37824865999998],[112.69184727,-7.37821492999998],[112.69184502,-7.37816770999994],[112.69182591,-7.37781746999995],[112.69181635,-7.37757909999994],[112.69178037,-7.37751725999992],[112.69175002,-7.37746440999996],[112.69170335,-7.37740312999997],[112.69162352,-7.37724796999994],[112.69158811,-7.37719455999996],[112.69155381,-7.37714734],[112.691542385806443,-7.377127757741878],[112.69153807,-7.37712035999992],[112.69152683,-7.37708549999994],[112.6915267,-7.37706173999992],[112.691526442,-7.377015281999956],[112.69152458,-7.37676785999997],[112.691522243111109,-7.376760577999968],[112.691519365531761,-7.37675161114965],[112.69151502,-7.37673806999993],[112.691499304444434,-7.376709185111063],[112.69149422,-7.37669983999995],[112.69143969,-7.3766588],[112.691404791497661,-7.376640588755369],[112.691221,-7.37654467999994],[112.69110856,-7.37649914],[112.69102925,-7.37645551999996],[112.69099612,-7.3764373],[112.6909469,-7.37638583999996],[112.69093428,-7.37637264999994],[112.690915729015188,-7.37633104991381],[112.690915729160892,-7.376331010186203],[112.69091742,-7.37628269999994],[112.69092473,-7.37625122],[112.6909697,-7.37617813],[112.69097532,-7.37613652999994],[112.69099556,-7.37604320999997],[112.690923712,-7.37602985599996],[112.69088874,-7.37602336],[112.69075,-7.37598],[112.69036,-7.37589],[112.69036,-7.37565],[112.69053,-7.37538],[112.690552532000012,-7.375337200999922],[112.690720453,-7.37501814099993],[112.690847536,-7.37473554299993],[112.691001891,-7.37438824399991],[112.69105,-7.37428],[112.691089731000019,-7.374215291999972],[112.69124725,-7.37395875999993],[112.69135038,-7.37379080999993],[112.6914,-7.37371],[112.69194,-7.3728],[112.69248,-7.3719],[112.69267,-7.37158],[112.69322,-7.37065],[112.6933,-7.37051],[112.69341,-7.37036],[112.69343982,-7.37033017999994],[112.69346,-7.37031],[112.69360399,-7.37024496999992],[112.69377,-7.37017],[112.69407,-7.37012],[112.69465,-7.3701],[112.69494563,-7.37011158999995],[112.695122967,-7.37011854999995],[112.695152093,-7.37011969299994],[112.69515914,-7.37011997000001],[112.69516,-7.37012],[112.69516058,-7.37012001999992],[112.69613,-7.37015],[112.696658671419527,-7.370175179347403],[112.69694998,-7.37018904999994],[112.69718,-7.3702],[112.69777315,-7.37021222999993],[112.697791279,-7.37021260299996],[112.6978631,-7.3702140799999],[112.69791421,-7.37022662999992],[112.69817347,-7.37029028999994],[112.6988283,-7.36988216],[112.69887993,-7.36984997999996],[112.69898107,-7.36983895999998],[112.699183929,-7.36981686399996],[112.69952036,-7.36978021999993],[112.7004826,-7.36927236999998],[112.70049,-7.36927],[112.70049908,-7.36926366999995],[112.70050702,-7.36925947899993],[112.70093379,-7.36903424],[112.7011901,-7.36879623999995],[112.70120484,-7.36878255299996],[112.70125326,-7.36873758999994],[112.70137,-7.36867],[112.70146574,-7.36861528999998],[112.70150854,-7.36860929999994],[112.701573,-7.36860026999995],[112.70171891,-7.36857983999992],[112.701728965,-7.36857843199995],[112.70211208,-7.36852479999995],[112.70260219,-7.36790188999991],[112.702632162,-7.36786379499997],[112.70271276,-7.36776134999994],[112.70338727,-7.36690406999995],[112.70331079,-7.36687274999996],[112.70351331,-7.36682598999994],[112.70367182,-7.36692337999995],[112.7038,-7.36696],[112.70398,-7.36707],[112.70427,-7.36721],[112.704577603,-7.36732534899992],[112.70459,-7.36733],[112.70464945,-7.36733990999994],[112.705177323072832,-7.367337900259609],[112.70518798,-7.36733785999996],[112.705272953736952,-7.367422040463953],[112.705353516,-7.36750185399993],[112.70544852,-7.36759597999998],[112.705448426,-7.36759668199996],[112.705407917,-7.36789837899992],[112.705653264,-7.36795433599997],[112.705684973,-7.36796351399991],[112.705698156,-7.36796659999996],[112.705672334,-7.36811092599993],[112.705526458,-7.36808021599996],[112.705516276,-7.36808391899994],[112.705454261,-7.36830420999998],[112.705396875,-7.36850876700002],[112.705340413,-7.36874849600001],[112.705275815,-7.36901088499996],[112.705250631,-7.36911317999995],[112.705387619,-7.36915390599992],[112.705388534,-7.36915664999998],[112.705391321,-7.36916501299993],[112.705350595,-7.36932976899993],[112.705331157,-7.36939548599996],[112.705272845,-7.369592638],[112.705226565,-7.36975831999997],[112.705189083,-7.3699232399999],[112.705138634,-7.37014521799997],[112.705117345,-7.37026276899995],[112.705045149,-7.37046362299998],[112.704989613,-7.37062282499991],[112.704837794,-7.37115164299996],[112.704806483,-7.37121868399992],[112.704750947,-7.37136122499991],[112.704689858,-7.37153338599995],[112.704685746986229,-7.37155726900713],[112.704650983,-7.37175923099992],[112.704638024,-7.37189992099997],[112.704641727,-7.37197026699994],[112.704658387,-7.37202395099994],[112.704682453,-7.37205727199996],[112.704719477,-7.37208133799994],[112.704821292,-7.372160939],[112.704937917,-7.37226275399994],[112.704963834,-7.37232014099995],[112.704967536,-7.37235901599995],[112.704954578,-7.37246823699994],[112.704927695080826,-7.372742440258366],[112.70492681,-7.37275146799995],[112.70492681,-7.37282551599995],[112.704947173,-7.37285143299994],[112.704986048,-7.37287920099993],[112.70505084,-7.37290696799995],[112.705128589,-7.37295139699997],[112.705182274,-7.37300508099996],[112.705201444,-7.37308913399993],[112.705185901,-7.37322761099995],[112.705101997,-7.37321937799992],[112.70501671,-7.373528671],[112.704877196,-7.37377697399996],[112.704802139,-7.37405994799997],[112.704708533,-7.37460068699994],[112.704680217597328,-7.374769960919866],[112.704671263,-7.37482384],[112.704564155,-7.37526701699995],[112.704485875,-7.37553584399996],[112.704313616,-7.37610760599995],[112.704175046,-7.37655820499997],[112.704097992,-7.37680685799996],[112.704087576,-7.37684046899995],[112.704057432,-7.37702235499996],[112.704041093,-7.37712094299997],[112.704040496,-7.377245762],[112.704047752,-7.37730237199997],[112.704082027,-7.37756979199998],[112.704084254,-7.37756964099998],[112.704140613,-7.37770931399994],[112.704132212,-7.37786752499995],[112.704127336,-7.37793254599994],[112.704111211,-7.37814754499993],[112.704097409546364,-7.378405173563211],[112.704095111,-7.37844807999993],[112.704048003,-7.37885112499989],[112.703912193,-7.37937896299997],[112.703894498,-7.37943836799994],[112.703892592,-7.37944476699995],[112.703847788,-7.37948676999996],[112.703779184,-7.37951617199997],[112.703730233,-7.37952363899995],[112.703696578,-7.37952877299997],[112.703332147,-7.37953282299996],[112.703332868,-7.379531802],[112.70331534,-7.37953635],[112.703309695,-7.37956456499995],[112.70326322,-7.37979684999996],[112.70324326,-7.37982698999996],[112.7031768,-7.37992732999993],[112.70304643,-7.37992782999996],[112.70273735,-7.37991936999994],[112.70262152,-7.37993426999996],[112.70237768,-7.38008720999994],[112.70235289,-7.38010274999992],[112.70235087,-7.38009993999996],[112.70234689,-7.38009439999997],[112.702269944,-7.38005469199996],[112.70219954,-7.38001835999996],[112.70204664,-7.37999201999998],[112.70187822,-7.38001904999993],[112.701766097819231,-7.38006618770285],[112.70169452,-7.38009627999998],[112.70139423,-7.38008322999998],[112.701041499,-7.37999346899996],[112.70101537,-7.37998681999997],[112.7009902,-7.37998041],[112.70097972,-7.37997773999998],[112.70097026,-7.37998092999994],[112.70075878,-7.38048330999989],[112.70073869,-7.3805310399999],[112.700734216,-7.38054166799998],[112.700615831548163,-7.380822888746599],[112.700529996197943,-7.381026788925522],[112.70047576,-7.38115563999998],[112.70044624425995,-7.381275427843461],[112.7003949,-7.38148383999995],[112.700383327174933,-7.381516649539535],[112.70035557,-7.38159533999996],[112.70033866,-7.38164326999992],[112.70033492,-7.38165123999994],[112.700275249571021,-7.38177849878821],[112.700156334133013,-7.382032115175555],[112.70009431,-7.38216439999998],[112.70001997141884,-7.382329328670281],[112.70000036,-7.38237283999994],[112.6999342,-7.38250951999996],[112.699894764126157,-7.382590982754405],[112.699880892,-7.38261963899994],[112.69977789,-7.38283241999992],[112.69975522,-7.38290697],[112.69973868,-7.38293938099997],[112.69945,-7.38349],[112.699401404,-7.38358487899995],[112.69931719,-7.3837493],[112.69927086,-7.383839748],[112.69925459,-7.38387150999995],[112.69924,-7.3839],[112.699135762,-7.38414637999993],[112.699060413402634,-7.384324477135071],[112.698979848460567,-7.38451490371005],[112.69891,-7.38468],[112.698793982098408,-7.384849566422841],[112.69870197,-7.38498403999994],[112.69867653,-7.38502121999991],[112.698634199,-7.38505579099996],[112.6985,-7.38502],[112.69845,-7.38499],[112.69766,-7.38448],[112.697423397,-7.38433439799996],[112.6974,-7.38432],[112.69726,-7.38425],[112.69706,-7.38414],[112.69692594,-7.38403466999995]]]]}},
{"type":"Feature","properties":{"kdkab":"15","kdkec":"100","nmkab":"SIDOARJO","nmkec":"SUKODONO","kddesa":"011","kdprov":"35","nmdesa":"SAMBUNGREJO","nmprov":"JAWA TIMUR","iddesa":"3515100011"},"geometry":{"type":"MultiPolygon","coordinates":[[[[112.642163638107434,-7.3947640198668],[112.642002523205505,-7.394742515215942],[112.641853963127133,-7.394738408601329],[112.641826831669547,-7.394718253490174],[112.641834310967994,-7.394539611897391],[112.641854032452557,-7.394365004926477],[112.641882338640087,-7.394005410675127],[112.641882338640087,-7.393988068987449],[112.64195727915515,-7.39317507794524],[112.64217,-7.3931],[112.6426,-7.39285],[112.64262317,-7.39282832999994],[112.64291,-7.39256],[112.6429705,-7.392505],[112.64308233,-7.39239102999995],[112.643085145,-7.39238816099993],[112.64317765,-7.39229387999995],[112.64321263,-7.39226279999996],[112.64327852,-7.39222898999998],[112.64336158,-7.39218636999989],[112.643637248,-7.39212201899993],[112.64373333,-7.39209958999993],[112.64384017,-7.39209653999997],[112.64391,-7.39208],[112.64417035,-7.39202550999996],[112.64431361,-7.39198689999995],[112.644508647,-7.39191002599995],[112.64451186,-7.39190876],[112.64456541,-7.39188764999993],[112.644607759,-7.39187095799996],[112.64484596,-7.39177706999997],[112.64540811,-7.39146619999997],[112.64555837,-7.39141827999994],[112.64580683,-7.39139342999994],[112.64581339,-7.39139276999991],[112.645817482,-7.39139236200002],[112.645821895,-7.39139192299994],[112.64582193,-7.39139191999994],[112.64586276,-7.39138783999995],[112.645886895,-7.39139111599995],[112.64589466,-7.39139216999998],[112.645907742,-7.39139394399995],[112.64592025,-7.39139563999992],[112.64595342,-7.39140013999997],[112.64608943,-7.39144806999998],[112.6467688,-7.39167214999997],[112.64682709,-7.39171618999997],[112.646873806945436,-7.391767445222975],[112.6469605,-7.39186255999994],[112.64700583,-7.39191565999991],[112.64702295,-7.39195188999994],[112.64739278,-7.39171257999992],[112.64749491,-7.39159154999992],[112.64755353,-7.39146861999993],[112.647562243,-7.39130937799998],[112.64758737,-7.39085017999998],[112.64765182,-7.39081605999994],[112.6476908,-7.39079541999996],[112.64766359,-7.39073193999996],[112.64765187,-7.39070458999995],[112.64766133,-7.39014669999994],[112.647671953794003,-7.39008659679092],[112.647702505,-7.38991375599993],[112.64773036,-7.38975616999994],[112.64777934,-7.38960922999993],[112.64778426,-7.38959447999995],[112.647807298266997,-7.3894594170104],[112.64781436,-7.38941797999995],[112.647833119,-7.38930801499993],[112.64789394,-7.38895147999995],[112.647921612,-7.38872530600002],[112.64793099,-7.38864865999994],[112.64793744,-7.38859593999996],[112.64784288,-7.38824985999995],[112.64779446,-7.38812701999994],[112.64777395,-7.38804171999994],[112.647773001,-7.38803777899996],[112.64776995,-7.38802509999992],[112.64775796,-7.38797522999998],[112.64761754,-7.38744591999996],[112.647582688,-7.38726771899994],[112.64757547,-7.38723080999996],[112.64755033,-7.38710226999998],[112.64748417,-7.38614979999992],[112.64742901,-7.38549840999997],[112.64735291,-7.385423],[112.64732262,-7.38525527999998],[112.64736735,-7.38487007999993],[112.64739988,-7.38458964999994],[112.64744,-7.38457],[112.64757,-7.38443],[112.64801409,-7.38395373999996],[112.64826,-7.38369],[112.64868704,-7.38321170999994],[112.648687569,-7.38321111799998],[112.64876,-7.38313],[112.64907,-7.38281],[112.64922,-7.38267],[112.64956,-7.3823],[112.649567188,-7.38225399799997],[112.64961,-7.38198],[112.64962389,-7.38187586999994],[112.649638868,-7.38176351099996],[112.64965,-7.38168],[112.649692282,-7.38144746099995],[112.6496976,-7.38141820999995],[112.64970833,-7.38135917999997],[112.64971,-7.38135],[112.64973665,-7.38130049999995],[112.64978,-7.38121999999989],[112.6498,-7.38122286],[112.64992,-7.38124],[112.650009631,-7.38124640199995],[112.650362105,-7.38130590100001],[112.650530439,-7.38091826199998],[112.650554825,-7.38089404199998],[112.650580494,-7.38088027899996],[112.650634674,-7.38086904899993],[112.650929316,-7.380901088],[112.651267835,-7.380918562],[112.651955385,-7.38095405299992],[112.651968655,-7.38095473799996],[112.652635861,-7.38111256999997],[112.652683405,-7.38112381699994],[112.652963732,-7.38115958299994],[112.652984505517708,-7.381166325729692],[112.653308898,-7.381271618],[112.654256689,-7.38157925399997],[112.65424,-7.38213],[112.65423882,-7.38221128999991],[112.654233199,-7.38259917799994],[112.65422,-7.38351],[112.65421,-7.38366],[112.65419,-7.38385],[112.65418789,-7.38389642999995],[112.65414251,-7.38414623999996],[112.65409525,-7.38439288999994],[112.65409009,-7.38441982999996],[112.65862136,-7.38448749999996],[112.65859999,-7.38482032999995],[112.65868131,-7.38528744999995],[112.65875507,-7.38555220999995],[112.65874372,-7.38565622999997],[112.65867186,-7.38579238999995],[112.65853191,-7.38600608999995],[112.65827282,-7.38625193999998],[112.6581499,-7.38637297999996],[112.65811397,-7.38644105999996],[112.6580856,-7.38651480999995],[112.65808558,-7.38651487999995],[112.65801774,-7.38666718999993],[112.657988012,-7.38684979999997],[112.65795155,-7.38707377999998],[112.65790522,-7.38772150999995],[112.65790089,-7.38820032999996],[112.65789954,-7.38834936999997],[112.657899743,-7.38836882899995],[112.657902767,-7.38865899499997],[112.65790858,-7.38921679999992],[112.657908751,-7.38923323799997],[112.657909,-7.38925712999997],[112.657909,-7.38926408999994],[112.657909,-7.38934600999997],[112.6578655,-7.38993226999997],[112.65781444,-7.39042397],[112.65781113,-7.39046038],[112.65778537,-7.39058636999995],[112.65778266,-7.39059123999996],[112.65775124,-7.39064754999991],[112.65774681,-7.39064921999994],[112.65771898,-7.39065966999996],[112.6577,-7.39066770999995],[112.65758603,-7.39071594999997],[112.65752793,-7.39074144999995],[112.65721668,-7.39086947999996],[112.65696894,-7.39095835999993],[112.656672964,-7.39106373199996],[112.65660772,-7.39108695999994],[112.656422731,-7.39116829399998],[112.65638835,-7.39118340999992],[112.656285996520097,-7.39125703576024],[112.65617276,-7.39133848999996],[112.65565079,-7.39168078999996],[112.65536523,-7.39174886999996],[112.65518368,-7.39176966999998],[112.65516567,-7.39176913999993],[112.655201846,-7.39183719399997],[112.65536026,-7.3921351999999],[112.65543904,-7.39228339999994],[112.65553587,-7.39241002999998],[112.655540767,-7.39247392699995],[112.65554339,-7.39250815999996],[112.65554727,-7.39255891999993],[112.655547447,-7.39256123199995],[112.65556848,-7.39283582999996],[112.65563068,-7.39364790999997],[112.65562538,-7.39371327999994],[112.65512776,-7.39360871999995],[112.65487162,-7.39511905999993],[112.654867635,-7.39514257299997],[112.65486759,-7.39514284],[112.65452016,-7.39719142999997],[112.65427002,-7.39711897999995],[112.65426588,-7.39711777999997],[112.65411076,-7.39709319999998],[112.653704,-7.39702873999994],[112.65367777,-7.39702460999993],[112.65367003,-7.39702339999998],[112.65291779,-7.39690514999995],[112.65235579,-7.39683533999993],[112.65178,-7.39676],[112.65155,-7.39677],[112.65129,-7.39672],[112.65092,-7.39669],[112.65064,-7.39667],[112.65031,-7.39663],[112.65002,-7.3966],[112.6496,-7.39657],[112.64909,-7.39653],[112.64897,-7.39652],[112.64898,-7.39613],[112.64898,-7.39606],[112.64897546,-7.39588763999995],[112.6489753,-7.39584362999994],[112.6490109,-7.39529100999996],[112.6489203,-7.39522744999994],[112.64845993,-7.39521814999994],[112.64845451,-7.39521704],[112.6484379,-7.39521640999996],[112.64840337,-7.39521519999993],[112.648397131,-7.39521515699995],[112.64827022,-7.39521427999995],[112.6478574,-7.39521145],[112.64740157,-7.39520957999998],[112.64684597,-7.39519385999994],[112.64637943,-7.39518846999991],[112.646349266123906,-7.395191837340734],[112.64633276,-7.39519367999997],[112.64613129,-7.39519442999995],[112.64483816,-7.39509845],[112.644552292933426,-7.395085615721035],[112.643324878620987,-7.394921923065305],[112.642384787383563,-7.394793740414186],[112.642163638107434,-7.3947640198668]]]]}},
{"type":"Feature","properties":{"kdkab":"15","kdkec":"100","nmkab":"SIDOARJO","nmkec":"SUKODONO","kddesa":"013","kdprov":"35","nmdesa":"SUKODONO","nmprov":"JAWA TIMUR","iddesa":"3515100013"},"geometry":{"type":"MultiPolygon","coordinates":[[[[112.672931224,-7.40314110899991],[112.67291572,-7.40313934999992],[112.67249508,-7.40309163999995],[112.67239654,-7.40307803999995],[112.672395465,-7.40307789199996],[112.672110714146712,-7.403038518982187],[112.67190222369922,-7.403010496072578],[112.6713935,-7.40295059999992],[112.67131199,-7.40294104199996],[112.6714167,-7.40193900999997],[112.671454899,-7.401573425],[112.670992885169923,-7.400843136970059],[112.670811522553365,-7.400685514361143],[112.670752748,-7.40063273399995],[112.670527517950276,-7.400438685398628],[112.670380187080156,-7.400236813773655],[112.670249643,-7.40021316399997],[112.67025845,-7.400181],[112.67025893,-7.40017921999992],[112.67026088,-7.40017209999994],[112.670526449,-7.39920227799996],[112.67071034,-7.398530729],[112.66894271,-7.39784286999994],[112.6676113,-7.39727701999995],[112.66753418,-7.39724424999997],[112.66762492,-7.39698963],[112.66763479,-7.39693816999994],[112.66764765,-7.39687104],[112.66778067,-7.39617701999991],[112.66782066,-7.39600743999996],[112.66787248,-7.39585156999992],[112.66790196,-7.39571296999998],[112.66789433,-7.39563881000001],[112.66783434,-7.39543376999998],[112.66778527,-7.39540976999995],[112.66775364,-7.39537813999992],[112.66773946,-7.39534760999994],[112.66788997,-7.39446091999997],[112.66798812,-7.39389814999994],[112.66797722,-7.39388069999996],[112.66796522,-7.39387415999993],[112.66749843,-7.39387306999996],[112.66749516,-7.39385779999995],[112.6674897,-7.39380326999997],[112.6675246,-7.39355241999993],[112.66755297,-7.39344867999993],[112.66756533,-7.39338163000001],[112.66755856,-7.39331729999997],[112.66753021,-7.39323684999995],[112.66753,-7.39321],[112.66754053,-7.39317155999993],[112.66756128,-7.39317603999995],[112.66757273,-7.39317207999993],[112.66757812,-7.39316267999991],[112.66758684,-7.39313540999997],[112.667684347,-7.39272720499997],[112.667709443,-7.39264546499992],[112.667798576,-7.39235514699994],[112.667413434,-7.39208413299995],[112.6674815,-7.39190744999997],[112.66757784,-7.39159343999993],[112.667603357738514,-7.391513207908467],[112.66763358,-7.39141818399998],[112.66777415,-7.39097620999996],[112.66786679,-7.39072880999994],[112.66793914,-7.39059789999996],[112.66810755,-7.39072112999996],[112.66851326,-7.39096979999992],[112.669087223,-7.39152000799997],[112.66914583,-7.39157618999995],[112.6691979,-7.39159],[112.66996817,-7.39179431999998],[112.670335253409775,-7.392031427809671],[112.670513805906339,-7.391530522148082],[112.67064370656631,-7.391169930403526],[112.670672494253751,-7.391180525247778],[112.670683246031018,-7.391157134877866],[112.670500035,-7.39107019099995],[112.67050323,-7.39105694999993],[112.67052847,-7.39095238999996],[112.67058607,-7.39084772699993],[112.67109534,-7.38992233999992],[112.671397234,-7.38935362399997],[112.67169512,-7.38879245999992],[112.67179464,-7.38869712999997],[112.67204456,-7.38812168999993],[112.672237437,-7.38779573799996],[112.672274422198299,-7.387800188463828],[112.67289386,-7.38787472599997],[112.672831661,-7.38715351699994],[112.67282565,-7.38701442999997],[112.672974597,-7.38693300399998],[112.673069556051104,-7.386850676211461],[112.673128248306554,-7.386672251754863],[112.673196331322899,-7.386458611944989],[112.673255387313461,-7.386251098189815],[112.67330974,-7.38625906999994],[112.67338608,-7.38625470999993],[112.67347115,-7.38621762999997],[112.673484632,-7.38621103899996],[112.67351384,-7.38619675999998],[112.67356931,-7.38616963999993],[112.67374983,-7.38615083999997],[112.673789186,-7.38614674099993],[112.67398812,-7.38612601999994],[112.67402171,-7.38611849999995],[112.67414936,-7.38608992999995],[112.674256731,-7.38606590899998],[112.67430004,-7.38605621999992],[112.674431043389532,-7.386014932693451],[112.67501986,-7.38582935999996],[112.676055191,-7.385655104],[112.676098527351868,-7.385647809820849],[112.6761214,-7.38564395999995],[112.67625666,-7.38563462999995],[112.67635994,-7.38563314999996],[112.67638897,-7.38563511999995],[112.67641611,-7.38563696999993],[112.6764581,-7.38565223999994],[112.67651217,-7.38568063],[112.67669616,-7.38582063999995],[112.67685594,-7.38589370999995],[112.67692574,-7.38591770999994],[112.67708462,-7.38595889999994],[112.677092984,-7.38596106599996],[112.67710242,-7.38596350999997],[112.67718778,-7.38599034000001],[112.67733146,-7.38603548999993],[112.677612863,-7.38616667599997],[112.67762156,-7.38617072999996],[112.677635829914408,-7.386175607271926],[112.67771501,-7.38620266999991],[112.67777274,-7.38622241],[112.677782771,-7.38622583899994],[112.67839373,-7.38643466999996],[112.67908411,-7.38668114999998],[112.67912228,-7.38668005999992],[112.67915173,-7.38667241999998],[112.67925591,-7.38664554999995],[112.67935895,-7.38661897999995],[112.67951808,-7.38655880999993],[112.679747298,-7.38647212899997],[112.67983382,-7.38643940999998],[112.68001102,-7.38638434999997],[112.680333021,-7.38631798999996],[112.68055331,-7.38560764999996],[112.68055647,-7.38560844000001],[112.680810042,-7.38569175699998],[112.681074673,-7.38576109699997],[112.681131197,-7.385775907],[112.681212117,-7.38561188899995],[112.681301927,-7.38542985199996],[112.681555928,-7.38542514399996],[112.682025355,-7.38561115399997],[112.68193245,-7.38583822999994],[112.68192418,-7.38585844999995],[112.681923646,-7.38585975499995],[112.68191554,-7.38587956999991],[112.68188,-7.38598],[112.68181,-7.38619],[112.68176754,-7.38632269999992],[112.68171774,-7.38645678999994],[112.681713343,-7.386477407],[112.681633335,-7.38685253499998],[112.68188744,-7.38717427999995],[112.681607624,-7.38838902099996],[112.68236436,-7.38854278999997],[112.68239023,-7.38854804999996],[112.682431091,-7.38855635299996],[112.682478631,-7.38856601299995],[112.68254983,-7.38858047999996],[112.68283027,-7.38861689999994],[112.68294833,-7.3885663],[112.68295766,-7.38855776999996],[112.68301467,-7.38850558999997],[112.683020848,-7.38849528899991],[112.681964561,-7.392878453],[112.681534976,-7.39275850599997],[112.681304709,-7.39269748399992],[112.681090843107427,-7.392626244481487],[112.681049588549456,-7.392701113864487],[112.681065259069371,-7.3928197620867],[112.681125702503323,-7.39293617166321],[112.681136895731839,-7.393003331034275],[112.681107793337716,-7.393027956136998],[112.681033918029541,-7.393034672074104],[112.681018247509613,-7.393039149365509],[112.680913031161609,-7.393231672895892],[112.680861542310467,-7.39333465059819],[112.680816769396415,-7.393524935482871],[112.680812292105017,-7.393659254224999],[112.680792515631012,-7.393820488014539],[112.680778712419482,-7.393936846292062],[112.680727223568326,-7.394120415239637],[112.680700359819909,-7.394286075021594],[112.680707075757013,-7.394438302929339],[112.680710965405638,-7.394535544145155],[112.680585801,-7.39488563599995],[112.680499954,-7.3952113999999],[112.68048674497426,-7.395261524043943],[112.680441979589361,-7.395431394807209],[112.680404819,-7.39557240999993],[112.680811392,-7.39591703299992],[112.680712244,-7.39695667899996],[112.680705919,-7.39702299399992],[112.680714091,-7.39709480999991],[112.680719033,-7.39713824899996],[112.680755724,-7.39746073],[112.680815295,-7.39780936899994],[112.68083678,-7.39786941199997],[112.680843616,-7.39788878099997],[112.680885608,-7.39791686499995],[112.680920622,-7.39792621399994],[112.68092224,-7.39792843999991],[112.6809196,-7.39795460999996],[112.6808734,-7.39841212999996],[112.68086197,-7.39858128999996],[112.68077702,-7.39938236999996],[112.680732422,-7.39980288399994],[112.68064389,-7.40063765999998],[112.68061718,-7.40087575999998],[112.68059498,-7.40119459999996],[112.68048046,-7.40190168999995],[112.68022,-7.40184],[112.67996634,-7.40183284999995],[112.67972686,-7.40182610999993],[112.67972701,-7.40182575999993],[112.67972673,-7.40182610999993],[112.67951,-7.40182],[112.67945,-7.40182],[112.67852,-7.40169],[112.678221009289317,-7.401653914914228],[112.67794,-7.40162],[112.67752,-7.40158],[112.677290315546472,-7.401556073443303],[112.677077729,-7.40153392799994],[112.6766424,-7.40148857999995],[112.67653423,-7.40147888999996],[112.6761251,-7.40143662999998],[112.67611732,-7.40143588999995],[112.67611729,-7.40143639],[112.67611677,-7.40144584999997],[112.67609124,-7.40190029999994],[112.67607032,-7.40221669999996],[112.676069318,-7.402231822],[112.67606885,-7.40223888999998],[112.67604293,-7.4026307899999],[112.67601347,-7.40309329999998],[112.67601159,-7.40312287999997],[112.67580801,-7.40312140999995],[112.67546398,-7.40308873999993],[112.67528185705693,-7.403103234793639],[112.67511644,-7.40311639999993],[112.67492957,-7.40313126999995],[112.674887331,-7.40313193699996],[112.67480034,-7.40313330999992],[112.6743002,-7.40314118999995],[112.67410183,-7.40315351999996],[112.673952103,-7.40316283099998],[112.673938648516312,-7.40316366771458],[112.67345678,-7.40320072999995],[112.673311745,-7.40318427699997],[112.672931224,-7.40314110899991]]]]}},
{"type":"Feature","properties":{"kdkab":"15","kdkec":"100","nmkab":"SIDOARJO","nmkec":"SUKODONO","kddesa":"014","kdprov":"35","nmdesa":"KELOPOSEPULUH","nmprov":"JAWA TIMUR","iddesa":"3515100014"},"geometry":{"type":"MultiPolygon","coordinates":[[[[112.68121,-7.40201],[112.68087,-7.40198],[112.68085866,-7.40197789999995],[112.68069653,-7.40194787999998],[112.6806,-7.40193],[112.68048046,-7.40190168999995],[112.68059498,-7.40119459999996],[112.68061718,-7.40087575999998],[112.68064389,-7.40063765999998],[112.680732422,-7.39980288399994],[112.68077702,-7.39938236999996],[112.68086197,-7.39858128999996],[112.6808734,-7.39841212999996],[112.6809196,-7.39795460999996],[112.68092224,-7.39792843999991],[112.680920622,-7.39792621399994],[112.680885608,-7.39791686499995],[112.680843616,-7.39788878099997],[112.68083678,-7.39786941199997],[112.680815295,-7.39780936899994],[112.680755724,-7.39746073],[112.680719033,-7.39713824899996],[112.680714091,-7.39709480999991],[112.680705919,-7.39702299399992],[112.680712244,-7.39695667899996],[112.680811392,-7.39591703299992],[112.680404819,-7.39557240999993],[112.680441979589361,-7.395431394807209],[112.68048674497426,-7.395261524043943],[112.680499954,-7.3952113999999],[112.680585801,-7.39488563599995],[112.680710965405638,-7.394535544145155],[112.680707075757013,-7.394438302929339],[112.680700359819909,-7.394286075021594],[112.680727223568326,-7.394120415239637],[112.680778712419482,-7.393936846292062],[112.680792515631012,-7.393820488014539],[112.680812292105017,-7.393659254224999],[112.680816769396415,-7.393524935482871],[112.680861542310467,-7.39333465059819],[112.680913031161609,-7.393231672895892],[112.681018247509613,-7.393039149365509],[112.681033918029541,-7.393034672074104],[112.681107793337716,-7.393027956136998],[112.681136895731839,-7.393003331034275],[112.681125702503323,-7.39293617166321],[112.681065259069371,-7.3928197620867],[112.681049588549456,-7.392701113864487],[112.681090843107427,-7.392626244481487],[112.681304709,-7.39269748399992],[112.681534976,-7.39275850599997],[112.681964561,-7.392878453],[112.683020848,-7.38849528899991],[112.68303013,-7.38847980999997],[112.6830855,-7.38838752999994],[112.68315409,-7.38836953999995],[112.68334073,-7.38838077999998],[112.68419327,-7.38840189999997],[112.68434969,-7.38846713999995],[112.68440173,-7.38850018999996],[112.684423603,-7.38851408099991],[112.68442697,-7.38851621999992],[112.68447888,-7.38854918999994],[112.68467087,-7.38851933],[112.68515763,-7.38862915999993],[112.68524517,-7.38862760999996],[112.68536461,-7.38870483999992],[112.68558145,-7.38881568999997],[112.68570081,-7.38886863999997],[112.685744357,-7.38887828299995],[112.68574538,-7.38887850999992],[112.68592715,-7.38891875999994],[112.68612721,-7.38899555999998],[112.6863934,-7.38913523999996],[112.686476151,-7.38923893899993],[112.68657105,-7.38935786000001],[112.68673971,-7.38951414999996],[112.68694884,-7.38957373999997],[112.68707616,-7.38961249999994],[112.68737723,-7.38970416999994],[112.68739522,-7.38971877999996],[112.687395864,-7.38972103699995],[112.68740421,-7.38975027],[112.6873963,-7.38978303999993],[112.68738847,-7.38981548],[112.68739297,-7.38985145999992],[112.687782,-7.39028771999992],[112.6878697,-7.39037541999994],[112.687882928322921,-7.39038244531394],[112.68832705,-7.39061831],[112.68834175,-7.39062611],[112.68906322,-7.39100926999993],[112.68909459,-7.39119954999996],[112.6891268,-7.391356],[112.689241143807209,-7.391562899063667],[112.68931289,-7.39169271999996],[112.68951556,-7.39191284999989],[112.68983254,-7.39226735999996],[112.69002736,-7.39237173],[112.69014798,-7.39243633999997],[112.690152963,-7.39243901099996],[112.69019213,-7.39246],[112.69032165,-7.39253646999993],[112.69050421,-7.39266228999998],[112.690506643,-7.39266738499996],[112.69058254,-7.39282634999992],[112.69070963,-7.39304815999997],[112.69081384,-7.39323005999994],[112.69083502,-7.39326700999992],[112.69083637,-7.39326937999994],[112.69084581,-7.39328584999992],[112.69102198,-7.39355535999995],[112.69106516,-7.39362197000001],[112.69108975,-7.39368755600001],[112.69109106,-7.39369104999998],[112.69109106,-7.39375519],[112.691086,-7.39377108999998],[112.69107379,-7.39380946999993],[112.69121805,-7.39408997999995],[112.691221691,-7.39409705899994],[112.69122921,-7.39411167999997],[112.691242041,-7.39413834299992],[112.69130816,-7.39427573999996],[112.69139327,-7.39429916999994],[112.69139477,-7.39429972099994],[112.69151416,-7.39434357999995],[112.69166095,-7.39440896],[112.691678541,-7.39441322499995],[112.69219632,-7.39453876999993],[112.69226762,-7.39455605999993],[112.69232817,-7.39457203999994],[112.692336014,-7.39457410799998],[112.69236344,-7.39458133999994],[112.69241494,-7.39460261999991],[112.69247784,-7.39464023999995],[112.69248525,-7.39465318999993],[112.69242,-7.39488006999995],[112.69240383,-7.39493629],[112.6923728,-7.39511928999996],[112.69235932,-7.39516594999996],[112.69235078,-7.39519549999997],[112.692350676,-7.39519585899997],[112.69234331,-7.39522137999992],[112.692328042,-7.39534131899995],[112.69231407,-7.39545107999992],[112.692314727,-7.39546011899998],[112.692299024,-7.39550745999997],[112.691942917,-7.39658101599995],[112.69201351,-7.39662885999995],[112.69210682,-7.39671208999993],[112.6922778,-7.39681265999998],[112.69228431,-7.39681649999997],[112.69238829,-7.39684460999996],[112.6925,-7.39687],[112.69285,-7.39692],[112.69323,-7.39686],[112.69343,-7.39686],[112.69368,-7.39685],[112.69401,-7.39685],[112.69409325,-7.39683611999993],[112.69413,-7.39683],[112.69420012,-7.39683637999996],[112.69424,-7.39684],[112.69452007,-7.39683095999994],[112.694530427,-7.39683062799997],[112.69454703,-7.39683009499996],[112.69455,-7.39683],[112.69464762,-7.39682150999994],[112.69465373,-7.39682097999998],[112.69478,-7.39681],[112.694815507,-7.39680226099998],[112.69556,-7.39664],[112.69583,-7.39659],[112.69602,-7.39663],[112.69646,-7.39689],[112.69704,-7.39722],[112.697102209,-7.39723710799996],[112.6974029,-7.39731979999992],[112.69741328,-7.39732265000001],[112.69744859,-7.39718730999991],[112.69748355,-7.39719063999995],[112.697624,-7.39720401999992],[112.69782886,-7.39712624999989],[112.69842169,-7.39690122999996],[112.69854489,-7.39689287999994],[112.69871403,-7.39688034999995],[112.69881009,-7.39687929999994],[112.6988482,-7.39688295999998],[112.6988721,-7.39688088000001],[112.69892253,-7.39687111999995],[112.69893372,-7.39686895999994],[112.69901731,-7.39687302999991],[112.69973275,-7.39740198999994],[112.700325268,-7.39770524799997],[112.700270052620283,-7.3979123903207],[112.700178826,-7.39825462999991],[112.700154469,-7.39832561299996],[112.70007003,-7.39857169700001],[112.699842413,-7.39943608100001],[112.700309279,-7.39963045599997],[112.70039899,-7.39966042899996],[112.70030173,-7.40002586299992],[112.701641192,-7.40048642299995],[112.70164,-7.40049],[112.701275818145362,-7.401405521625128],[112.700912799567789,-7.40230409521088],[112.70078,-7.40264],[112.70066,-7.40297],[112.7006,-7.40313],[112.70055,-7.40328],[112.70053331,-7.40331616999995],[112.70053205,-7.40331584999997],[112.70053324,-7.40331328999997],[112.70052053,-7.40331227999997],[112.70050262,-7.40331086],[112.70050003,-7.40331064999997],[112.70047564,-7.40329131999993],[112.70045945,-7.40327849999995],[112.70046046,-7.40327072999997],[112.7004473,-7.40327809999996],[112.700447038,-7.40327824699991],[112.70042233,-7.40329206999996],[112.70034939,-7.40338378999997],[112.70032261,-7.40356678999997],[112.70026985,-7.40372268999993],[112.70020486,-7.40391472999992],[112.70019649,-7.4039474699999],[112.70014168,-7.40416187999994],[112.70006969,-7.40450049999993],[112.70004354,-7.40484809999996],[112.70000791,-7.40511342999998],[112.7000083,-7.40521401999997],[112.70001214,-7.40523651],[112.69944046,-7.40525666999997],[112.69921406,-7.40524091999991],[112.69908442,-7.40522358999993],[112.69907072,-7.40522175999995],[112.699041112,-7.40521352799992],[112.698495579956202,-7.405061853856562],[112.697949781709994,-7.404950234104225],[112.69775258,-7.40488412999995],[112.697576367957168,-7.404828167170113],[112.697457572,-7.40479043899995],[112.69709352,-7.40467481999997],[112.697071491,-7.404668543],[112.69705881,-7.40466492999998],[112.6958775,-7.40435575999995],[112.695699279,-7.4043091149999],[112.69523067,-7.40418646999996],[112.694722584,-7.40405355199994],[112.69472185,-7.40405335999997],[112.694416984,-7.40397360899991],[112.69441221,-7.40397235999995],[112.69424087,-7.40392752999997],[112.693474171,-7.40373464399994],[112.69093735,-7.40309642999995],[112.68999343,-7.40297005],[112.68994,-7.40354],[112.68989,-7.40408],[112.68987846,-7.40414348999994],[112.68987077,-7.40418578],[112.687824479611891,-7.403635888983114],[112.686984,-7.40341002999997],[112.68696103,-7.40340386],[112.68694215,-7.4033987949999],[112.68701972,-7.40277408999998],[112.68703015,-7.40269003999993],[112.68705008,-7.40265269000001],[112.68713973,-7.40252317999997],[112.687141335,-7.40228449199995],[112.68714148,-7.40226296],[112.68714173,-7.40222536999991],[112.68712131,-7.40222261],[112.68692391,-7.40219591999995],[112.68655,-7.40215],[112.686209579,-7.40212239799998],[112.68618,-7.40212],[112.68519,-7.40205],[112.68444,-7.40206],[112.68337,-7.40207],[112.68328,-7.40207],[112.68307,-7.40209],[112.68217,-7.40203],[112.68185,-7.40206],[112.68153,-7.40203],[112.68121,-7.40201]]]]}},
{"type":"Feature","properties":{"kdkab":"15","kdkec":"100","nmkab":"SIDOARJO","nmkec":"SUKODONO","kddesa":"002","kdprov":"35","nmdesa":"KEBONAGUNG","nmprov":"JAWA TIMUR","iddesa":"3515100002"},"geometry":{"type":"MultiPolygon","coordinates":[[[[112.670998379981995,-7.424092577104],[112.670939622090998,-7.423781590218],[112.67088535,-7.42378313],[112.67083745,-7.42377202],[112.67072077,-7.42373449999997],[112.67065679,-7.42372327999997],[112.67053634,-7.42370216999996],[112.67047796,-7.42368862999995],[112.670116714,-7.423618736],[112.669878,-7.42357254999998],[112.66987672,-7.42357229999993],[112.669810385,-7.42352105999995],[112.66979709,-7.42351078999995],[112.669637768246886,-7.423485125100312],[112.669400747,-7.42344492],[112.66922252,-7.42341529999992],[112.668905823942069,-7.423372733790761],[112.668797836819877,-7.423355495966866],[112.668759506671705,-7.423355821207141],[112.668716623940497,-7.423366135047853],[112.66872053,-7.42333412],[112.66884553,-7.42253696999996],[112.66891455,-7.42203066999997],[112.66897016,-7.42162284],[112.66901935,-7.42121760999996],[112.669156156,-7.42040065999993],[112.669172771,-7.42030144],[112.66882329,-7.42022901999995],[112.66862086,-7.42017627],[112.66871566,-7.41981791],[112.668738712027263,-7.419745924851549],[112.668369646340935,-7.419581163384434],[112.668349179839311,-7.4194481311239],[112.668385936560995,-7.419351653833],[112.668438159240097,-7.419107493523769],[112.66844436,-7.419083999],[112.6682169,-7.41900284],[112.66776562,-7.41877876],[112.667622976535,-7.418727061305],[112.666950716,-7.418483412],[112.666945549,-7.418481539],[112.6669022,-7.41843616],[112.6668913,-7.41841126],[112.66688819,-7.41828365999995],[112.66686952,-7.41813971999994],[112.66690556,-7.41783117999997],[112.66690703,-7.41774322999993],[112.6669,-7.41768],[112.666891565,-7.41766931599996],[112.66675,-7.41749],[112.666743905,-7.417486807],[112.66652418,-7.41737087299991],[112.66628,-7.41723],[112.6661,-7.41709],[112.66607,-7.41668],[112.66596,-7.41663],[112.66584,-7.41651],[112.665796961,-7.4164067],[112.66579,-7.41639],[112.66581,-7.41616],[112.66584,-7.41599],[112.66582,-7.41514],[112.6658,-7.41506],[112.66561,-7.41482],[112.66538072,-7.41449136],[112.665514949,-7.414531643],[112.66681823,-7.41492276999995],[112.66712532,-7.41501492999993],[112.667178827,-7.41482501499995],[112.667260503,-7.41453641799997],[112.667345928,-7.41425156699994],[112.667438003,-7.41395340399994],[112.667529422,-7.41365736399994],[112.667621309,-7.41335980999995],[112.667780613,-7.41284393999998],[112.66784302,-7.41264186],[112.66789183,-7.41265333999998],[112.66810661,-7.41264514999995],[112.66843744,-7.41263253999997],[112.668763038,-7.41262276199995],[112.67092179,-7.41255798],[112.67107598,-7.41255913999994],[112.671184682,-7.412542273],[112.67132189,-7.412521],[112.67175749,-7.41236678999998],[112.67197429,-7.41233543999991],[112.67206647,-7.41233514999992],[112.67214513,-7.41233490999996],[112.672154237997006,-7.411941160761],[112.672732410500004,-7.412021145099],[112.672698291531319,-7.412344155509917],[112.673017573038436,-7.412347027627374],[112.672995155576359,-7.412818100182092],[112.673166959851017,-7.412823733085387],[112.673156099917193,-7.412974717670799],[112.673430143,-7.412983601],[112.674011938,-7.413150965],[112.67414215,-7.41316836999994],[112.674160082734218,-7.413364564173278],[112.67445722234541,-7.41341460156161],[112.674388116765996,-7.413866567888],[112.67584915,-7.41398396],[112.67576087,-7.41433293999998],[112.67573058,-7.41444736],[112.676012719,-7.41453864],[112.676149635,-7.414585017],[112.676224749,-7.41461046999994],[112.676400996,-7.41467019399995],[112.677038714,-7.41488629399992],[112.67746988,-7.4150324],[112.67769644,-7.41510793],[112.678029835,-7.415219068],[112.6781889,-7.41527209999995],[112.678427135,-7.41535151999994],[112.67897518,-7.41553422],[112.67934405,-7.41567156],[112.679570075,-7.415750866],[112.67959663,-7.41576018],[112.679760214,-7.415834691],[112.68020093,-7.41603542999996],[112.680198992561472,-7.416043016103352],[112.68017027,-7.41615404099998],[112.680571243,-7.416279632],[112.681464065476007,-7.416559934052],[112.681979064,-7.41674719699993],[112.682231027,-7.416839552],[112.682298131,-7.41686414799993],[112.68271558,-7.41701716],[112.68262968,-7.41734368999994],[112.682581436,-7.41754917699993],[112.68254468,-7.41770574999989],[112.68250491,-7.41785068],[112.682036092,-7.41955920899996],[112.681700074,-7.42078377299992],[112.681548183,-7.42133730999995],[112.681241638,-7.42129354499997],[112.680339593,-7.42116476199994],[112.680236169,-7.42123935799998],[112.679836032,-7.42164439099996],[112.679736075,-7.42180975399998],[112.679723206,-7.42183104499997],[112.67965037,-7.42193823599993],[112.679574931,-7.42217712699994],[112.679499404,-7.42238353499995],[112.679404117,-7.42237709099991],[112.679054266,-7.42234785799998],[112.679048833,-7.42234757899994],[112.67904854,-7.42234801999997],[112.67904796,-7.42234802999994],[112.678970278,-7.42234997699997],[112.67889595,-7.42235183999997],[112.67861748,-7.42231750999997],[112.6783123,-7.42229461999994],[112.677910842,-7.42221245699994],[112.677798257,-7.42218941499995],[112.67757606,-7.42214393999997],[112.67720223,-7.42208480999995],[112.67684364,-7.42200278999997],[112.67661095,-7.42195891999994],[112.676396859,-7.4219189209999],[112.676303773,-7.42193921999998],[112.676177133,-7.42314464599998],[112.676167742,-7.42322714899998],[112.67610739,-7.42446435499994],[112.676052068,-7.4255205069999],[112.675946453,-7.42666718599996],[112.675921307,-7.42720531999991],[112.67560005,-7.42713355999997],[112.67498971,-7.42706870999994],[112.67476082,-7.42697905999998],[112.674730305,-7.42697335000001],[112.67472853,-7.42697315],[112.67472844,-7.42697313999998],[112.67453,-7.42693],[112.674247153,-7.42686899299998],[112.674146082,-7.42684719299995],[112.67402,-7.42682],[112.67394025,-7.42676872999993],[112.67394066,-7.42676734999995],[112.67387962,-7.42672919999995],[112.67377281,-7.42667960999996],[112.67374611,-7.42666625999993],[112.67365074,-7.42660903999997],[112.67350578,-7.42658042999994],[112.673404242,-7.42653438099995],[112.67332649,-7.42650031999996],[112.673193395,-7.42646597899996],[112.67308998,-7.42643929],[112.67299754,-7.42643925],[112.672828915,-7.426432436],[112.67274284,-7.42642975],[112.6727047,-7.42642975],[112.67220497,-7.42626953],[112.672020568118995,-7.426202761932],[112.671820050228007,-7.426129908465],[112.67177391,-7.42611313],[112.671742785,-7.426114438],[112.671620426,-7.426079607],[112.671476006,-7.426038503],[112.671448978459779,-7.426032315025601],[112.671469107430951,-7.425969411990681],[112.67145986593593,-7.425903041253887],[112.671468267295026,-7.425807265760286],[112.671553961157741,-7.42555690525947],[112.671538838711385,-7.425468690989049],[112.671540518983193,-7.425361993728633],[112.671602689040441,-7.425221691031867],[112.671597648224989,-7.425182204644154],[112.671614450943167,-7.425118354315087],[112.671639655020428,-7.425024259093304],[112.671690063174935,-7.424932684279247],[112.671725348883101,-7.424915041425162],[112.671778277445355,-7.424912521017436],[112.671791719619904,-7.424894878163352],[112.67182784546398,-7.42480666389293],[112.671823644784453,-7.424773898592488],[112.671742151601308,-7.424599990459371],[112.671748032552671,-7.424568065294837],[112.671746352280849,-7.424525218363489],[112.671785838668569,-7.424305102755389],[112.671278,-7.42417525999996],[112.670998379981995,-7.424092577104]]]]}},
{"type":"Feature","properties":{"kdkab":"15","kdkec":"100","nmkab":"SIDOARJO","nmkec":"SUKODONO","kddesa":"015","kdprov":"35","nmdesa":"MASANGAN WETAN","nmprov":"JAWA TIMUR","iddesa":"3515100015"},"geometry":{"type":"MultiPolygon","coordinates":[[[[112.69602,-7.39663],[112.69583,-7.39659],[112.69556,-7.39664],[112.694815507,-7.39680226099998],[112.69478,-7.39681],[112.69465373,-7.39682097999998],[112.69464762,-7.39682150999994],[112.69455,-7.39683],[112.69454703,-7.39683009499996],[112.694530427,-7.39683062799997],[112.69452007,-7.39683095999994],[112.69424,-7.39684],[112.69420012,-7.39683637999996],[112.69413,-7.39683],[112.69409325,-7.39683611999993],[112.69401,-7.39685],[112.69368,-7.39685],[112.69343,-7.39686],[112.69323,-7.39686],[112.69285,-7.39692],[112.6925,-7.39687],[112.69238829,-7.39684460999996],[112.69228431,-7.39681649999997],[112.6922778,-7.39681265999998],[112.69210682,-7.39671208999993],[112.69201351,-7.39662885999995],[112.691942917,-7.39658101599995],[112.692299024,-7.39550745999997],[112.692314727,-7.39546011899998],[112.69231407,-7.39545107999992],[112.692328042,-7.39534131899995],[112.69234331,-7.39522137999992],[112.692350676,-7.39519585899997],[112.69235078,-7.39519549999997],[112.69235932,-7.39516594999996],[112.6923728,-7.39511928999996],[112.69240383,-7.39493629],[112.69242,-7.39488006999995],[112.69248525,-7.39465318999993],[112.69247784,-7.39464023999995],[112.69241494,-7.39460261999991],[112.69236344,-7.39458133999994],[112.692336014,-7.39457410799998],[112.69232817,-7.39457203999994],[112.69226762,-7.39455605999993],[112.69219632,-7.39453876999993],[112.691678541,-7.39441322499995],[112.69166095,-7.39440896],[112.69151416,-7.39434357999995],[112.69139477,-7.39429972099994],[112.69139327,-7.39429916999994],[112.69130816,-7.39427573999996],[112.691242041,-7.39413834299992],[112.69122921,-7.39411167999997],[112.691221691,-7.39409705899994],[112.69121805,-7.39408997999995],[112.69107379,-7.39380946999993],[112.691086,-7.39377108999998],[112.69109106,-7.39375519],[112.69109106,-7.39369104999998],[112.69108975,-7.39368755600001],[112.69106516,-7.39362197000001],[112.69102198,-7.39355535999995],[112.69084581,-7.39328584999992],[112.69083637,-7.39326937999994],[112.69083502,-7.39326700999992],[112.69081384,-7.39323005999994],[112.69070963,-7.39304815999997],[112.69058254,-7.39282634999992],[112.690506643,-7.39266738499996],[112.691030517,-7.39291324799997],[112.69105345,-7.39287174999992],[112.69108474,-7.39282495999991],[112.691381598,-7.39235406499995],[112.69138619,-7.39234677999998],[112.69139358,-7.39233504999996],[112.69140109,-7.39232314999997],[112.69157839,-7.39196577999998],[112.69172605,-7.39166814999994],[112.69174821,-7.39160010999996],[112.691749702,-7.39159552299997],[112.69175239,-7.39158725999997],[112.69175492,-7.39157949000002],[112.691756453,-7.39157667099993],[112.69175654,-7.39157650999995],[112.69191837,-7.39127912999993],[112.69218111,-7.39078448999994],[112.69225445,-7.39065758999993],[112.69228,-7.39061],[112.69311,-7.38922],[112.69416,-7.38773],[112.69461,-7.38704],[112.69468,-7.38696],[112.69565,-7.38729],[112.69605,-7.3874],[112.6962,-7.38744],[112.69639,-7.38748],[112.69642,-7.38733],[112.69649,-7.38682],[112.69672,-7.38547],[112.69679,-7.38507],[112.69687,-7.38438],[112.69689836,-7.38422873999996],[112.6969,-7.38422],[112.69692594,-7.38403466999995],[112.69706,-7.38414],[112.69726,-7.38425],[112.6974,-7.38432],[112.697423397,-7.38433439799996],[112.69766,-7.38448],[112.69845,-7.38499],[112.6985,-7.38502],[112.698634199,-7.38505579099996],[112.698576346,-7.38511614199995],[112.69856877,-7.38513256999991],[112.699516154,-7.38540332799996],[112.701862471,-7.3860505389999],[112.701890841,-7.38598247899995],[112.701901502,-7.38599015699998],[112.70190445,-7.38599227999996],[112.7019557,-7.38602918999995],[112.70195832,-7.38603107999996],[112.70196441,-7.38603545999996],[112.70222,-7.38619],[112.70222376,-7.38619214999993],[112.70244346,-7.38617343999995],[112.702570476,-7.38612216299991],[112.70260754,-7.38610719999996],[112.70281864,-7.38614149999995],[112.70289148,-7.38613529999998],[112.7029567,-7.38612883999996],[112.703201003137025,-7.386163090488678],[112.70355971,-7.38621337999995],[112.703799846,-7.38629144599998],[112.70386144,-7.38631146999995],[112.70417554,-7.38639710999996],[112.70436517,-7.38643049999996],[112.70447345,-7.38645738],[112.70456355,-7.38649433999997],[112.70479706,-7.38654698999993],[112.70495986,-7.38658368999994],[112.70490367,-7.38722989999995],[112.70465452,-7.38806915],[112.7044906,-7.38899361999995],[112.704477096,-7.38904363799998],[112.70441322497453,-7.389280207972373],[112.70431358,-7.38964927999996],[112.704260424,-7.38993496899995],[112.70422432,-7.39012900999995],[112.704223398,-7.39013396699995],[112.704140854,-7.39057766699997],[112.70414,-7.39058225999998],[112.70411533,-7.39071484999996],[112.70411164,-7.39080119999992],[112.70410699,-7.39082667999997],[112.70403862,-7.39120154999997],[112.70396234,-7.39156313999995],[112.70394735,-7.39170585999992],[112.70391409,-7.39194478999998],[112.70387728,-7.39206587999996],[112.70367739,-7.39260161999996],[112.70365685,-7.39272285399995],[112.70362271,-7.39292435999996],[112.703619352,-7.39294043199996],[112.702402297,-7.39288854199994],[112.701418838,-7.39281914899992],[112.701396388,-7.39324506399994],[112.701379856,-7.39334889499995],[112.701335771,-7.39339261299993],[112.701253113,-7.39340080999991],[112.701145656,-7.39361666899996],[112.700847375,-7.39396955499997],[112.700606726,-7.39438229999994],[112.700417486,-7.39438414499997],[112.700231871,-7.39449048799998],[112.699981108,-7.39466137399996],[112.699813727,-7.39468974499997],[112.699801721,-7.39469177999997],[112.699706074,-7.39477554099994],[112.699677695,-7.39497661999996],[112.699703126,-7.39520425099993],[112.699768136,-7.39540083699998],[112.699768385,-7.39557182899997],[112.699701753,-7.39567657799991],[112.69967301,-7.39572176499998],[112.699527835,-7.39622727899994],[112.699473679,-7.39644900099993],[112.699377381,-7.39655892799993],[112.699346243,-7.39660563599992],[112.69929,-7.39669],[112.69917,-7.39678],[112.69898,-7.39686],[112.69893372,-7.39686895999994],[112.69892253,-7.39687111999995],[112.6988721,-7.39688088000001],[112.6988482,-7.39688295999998],[112.69881009,-7.39687929999994],[112.69871403,-7.39688034999995],[112.69854489,-7.39689287999994],[112.69842169,-7.39690122999996],[112.69782886,-7.39712624999989],[112.697624,-7.39720401999992],[112.69748355,-7.39719063999995],[112.69744859,-7.39718730999991],[112.69741328,-7.39732265000001],[112.6974029,-7.39731979999992],[112.697102209,-7.39723710799996],[112.69704,-7.39722],[112.69646,-7.39689],[112.69602,-7.39663]]]]}}
]
}
