{
"type": "FeatureCollection",
"name": "kdkec_150",
"crs": { "type": "name", "properties": { "name": "urn:ogc:def:crs:OGC:1.3:CRS84" } },
"xy_coordinate_resolution": 1e-15,
"features": [
{"type":"Feature","properties":{"kdkab":"15","kdkec":"150","nmkab":"SIDOARJO","nmkec":"GEDANGAN","kddesa":"002","kdprov":"35","nmdesa":"KARANGBONG","nmprov":"JAWA TIMUR","iddesa":"3515150002"},"geometry":{"type":"MultiPolygon","coordinates":[[[[112.70937342,-7.41194201999993],[112.709201,-7.41199051],[112.70909525,-7.41187249999993],[112.70908071,-7.4117786699999],[112.70894594,-7.41160795999997],[112.70889748,-7.41158037999998],[112.70889473,-7.41157150000002],[112.70887947,-7.41156005999994],[112.70876884,-7.41149138999997],[112.70870018,-7.41144942999992],[112.70858192,-7.41140937999995],[112.708394561,-7.41135584799996],[112.708210993,-7.41130339899995],[112.708156515,-7.41128783399996],[112.70802116,-7.41124915999992],[112.7080006,-7.41124298999996],[112.7079258,-7.41122054999994],[112.70767403,-7.41114234999998],[112.70765877,-7.41113662999991],[112.70760918,-7.41107940999994],[112.707567588,-7.41106196899995],[112.70749092,-7.41102981999997],[112.70722008,-7.41095923999992],[112.70694923,-7.41086005999995],[112.70693779,-7.41088103999994],[112.7068882,-7.41086577999994],[112.70677264,-7.41084179599996],[112.7067702,-7.41084128999998],[112.70668602,-7.41082381999997],[112.7066856,-7.41082558999992],[112.70666313,-7.4108181],[112.70648003,-7.41074561999996],[112.70634651,-7.41065788],[112.70612526,-7.41066361],[112.70601462,-7.41061323999998],[112.70586968,-7.41054725999991],[112.70554543,-7.41048240999995],[112.70547295,-7.41045188999994],[112.70544243,-7.41043853999998],[112.7054348,-7.41042518999995],[112.7054321,-7.41042464],[112.70538429,-7.41035953999996],[112.70538398,-7.41027906999993],[112.705391756459122,-7.410141317617533],[112.70543766,-7.40945106],[112.705496289,-7.40860755099997],[112.70551358,-7.40835854999996],[112.70552961,-7.40812770999995],[112.7055943,-7.40779824999994],[112.70561496,-7.40745433999997],[112.70556639,-7.40734770999997],[112.705411071287699,-7.407305942170187],[112.70478281,-7.40713699000001],[112.7037762,-7.40683572999994],[112.70374915,-7.40682763999994],[112.70365175,-7.40677017999996],[112.703647456,-7.40676764899996],[112.70364001,-7.40676325999994],[112.70358342,-7.40676346999996],[112.70358221,-7.40676347999995],[112.7035786,-7.40676348999997],[112.70350447,-7.40678846999998],[112.70346881,-7.40680049],[112.70327072,-7.40674271999994],[112.70302871,-7.40669975999998],[112.70277181,-7.40659831999993],[112.70258107,-7.40654784],[112.70235369,-7.40649749999993],[112.70232268,-7.40649142999995],[112.70217034,-7.40646161999996],[112.70210489,-7.40644477999995],[112.70200319,-7.40641859999995],[112.70186223,-7.40638232999994],[112.70167747,-7.40635466999992],[112.70167158,-7.40635378999996],[112.70163083,-7.40634426999998],[112.70151754,-7.40631779999995],[112.701494479541452,-7.406315088294713],[112.701486769193878,-7.406313904706617],[112.701489181671562,-7.406294604885166],[112.701502450298804,-7.406182424672982],[112.701516925164896,-7.40609075052109],[112.701522956359099,-7.406049738400506],[112.701527781314439,-7.406011138757604],[112.701547081135885,-7.405871215052084],[112.701559143524292,-7.405784365855554],[112.701563968479661,-7.40574214749613],[112.701577237106903,-7.405663741971486],[112.70144836,-7.40557155999992],[112.7013406,-7.40548147999992],[112.701328398,-7.40547661099992],[112.7011666,-7.40541210999993],[112.70104873,-7.40537608999992],[112.70103024,-7.40537187999995],[112.70073238,-7.40531183999998],[112.700699976,-7.40530273299993],[112.70063688,-7.40528499999989],[112.70063594,-7.40528473999997],[112.70058118,-7.40528262],[112.70056917,-7.40528215999996],[112.70026168,-7.40527026999993],[112.70015908,-7.40534209999992],[112.70015723,-7.40534339999995],[112.70014931,-7.40529587000002],[112.70014596,-7.40527576999993],[112.70014473,-7.40526836999995],[112.70014399,-7.40526836999995],[112.70001767,-7.40526884999997],[112.70001214,-7.40523651],[112.7000083,-7.40521401999997],[112.70000791,-7.40511342999998],[112.70004354,-7.40484809999996],[112.70006969,-7.40450049999993],[112.70014168,-7.40416187999994],[112.70019649,-7.4039474699999],[112.70020486,-7.40391472999992],[112.70026985,-7.40372268999993],[112.70032261,-7.40356678999997],[112.70034939,-7.40338378999997],[112.70042233,-7.40329206999996],[112.700447038,-7.40327824699991],[112.7004473,-7.40327809999996],[112.70046046,-7.40327072999997],[112.70045945,-7.40327849999995],[112.70047564,-7.40329131999993],[112.70050003,-7.40331064999997],[112.70050262,-7.40331086],[112.70052053,-7.40331227999997],[112.70053324,-7.40331328999997],[112.70053205,-7.40331584999997],[112.70053331,-7.40331616999995],[112.70056538,-7.40332420999993],[112.70068429,-7.40335402999994],[112.70077171,-7.40336661999993],[112.70077575,-7.40338118999995],[112.7007914,-7.40343760999996],[112.70086915,-7.40345992999992],[112.70096792,-7.40345954999995],[112.70098564,-7.40345947999997],[112.70098576,-7.40345954999995],[112.7009919,-7.40346307999994],[112.70106527,-7.40350528999992],[112.7011251,-7.40353970999998],[112.7011305,-7.40355038999994],[112.7011414,-7.40357194999995],[112.70118103,-7.40358660999992],[112.70119317,-7.40359109999995],[112.70119326,-7.40359112999993],[112.7012353,-7.40358450999996],[112.70130552,-7.40356593999996],[112.70130965,-7.40356483999992],[112.701351886,-7.40355999399995],[112.70136787,-7.40355815999991],[112.70144559,-7.40357077999996],[112.70151031,-7.40357054],[112.70153619,-7.40357043999996],[112.70161707,-7.40356366999989],[112.70164878,-7.40357583999996],[112.70165045,-7.40357647999995],[112.70173374,-7.40360844999998],[112.70179694,-7.40363832999997],[112.70188286,-7.40367894],[112.701938908,-7.40371544499994],[112.70195258,-7.40372434999992],[112.701983269,-7.40374433899998],[112.70198869,-7.40374786999993],[112.70200614,-7.40375922999996],[112.70202047,-7.40376654999992],[112.70210665,-7.40381052999995],[112.7022135,-7.40384663999992],[112.70222006,-7.4038488599999],[112.7023918,-7.40390957999994],[112.70252146,-7.40396723],[112.702543693749519,-7.403970596114295],[112.70266717,-7.40398928999998],[112.70282909,-7.40402097],[112.70293054,-7.40404004399993],[112.70296658,-7.40404681999997],[112.70299749,-7.40405262999997],[112.70299834,-7.40405272999995],[112.70300696,-7.40405380999992],[112.70300865,-7.40405401999994],[112.70319822,-7.40407769999995],[112.70332122,-7.40408691999997],[112.70339902,-7.40412215999993],[112.70351238,-7.40414756999994],[112.70360622,-7.40414720999996],[112.70368083,-7.40419538],[112.703688083,-7.40420142299998],[112.70368958,-7.40420266999996],[112.703689974,-7.40420095799992],[112.70369018,-7.40420005999996],[112.70369048,-7.40419876999993],[112.7037765,-7.40382675999997],[112.70382382,-7.40365504999995],[112.70383158,-7.40362690999994],[112.70387544,-7.40346780999996],[112.70391341,-7.40324477999994],[112.70397728,-7.40302163999998],[112.70399974,-7.40296781999995],[112.70402244,-7.40285763999998],[112.70408229,-7.40262086999997],[112.70416614,-7.40230517],[112.70427345,-7.40177102999995],[112.7043598,-7.40177428999994],[112.70436476,-7.40177447699994],[112.70441449,-7.40177635000002],[112.7044167,-7.40176766999996],[112.704640849,-7.40176844499994],[112.70521824,-7.40177043999996],[112.70544664,-7.40175843999998],[112.70547689,-7.40176085999996],[112.70610268,-7.40176304999996],[112.70641375,-7.40176185999997],[112.70674427,-7.40176059999992],[112.70719139,-7.40174432999991],[112.70727888,-7.40174398999991],[112.707373381741434,-7.401726876920154],[112.707400162214356,-7.401754676630488],[112.70758235,-7.40180131999998],[112.70773783,-7.40184271999993],[112.70800659,-7.40188690999998],[112.70819767,-7.40192816999995],[112.70843407,-7.40197248999994],[112.70860538,-7.40201027999994],[112.70882946,-7.40202813999996],[112.711156890320296,-7.402501329143093],[112.712619136237649,-7.402798617911162],[112.71305946,-7.40288813999996],[112.71445945,-7.40317813999998],[112.7146242,-7.40321002999998],[112.714687941,-7.40322236299993],[112.71468901,-7.40322256999993],[112.71476945,-7.40323813999992],[112.71483945,-7.40315813999997],[112.71495945,-7.40312814],[112.715096338,-7.40314424399997],[112.71512945,-7.40314813999992],[112.71558945,-7.40326813999997],[112.715739871,-7.40329500099997],[112.71586945,-7.40331813999996],[112.71596945,-7.40331813999996],[112.71616945,-7.40269813999993],[112.71630945,-7.40225813999997],[112.716517189386934,-7.401561796252003],[112.716586909068155,-7.401299139715356],[112.716753436657584,-7.401352624391235],[112.716873955637965,-7.40139655430139],[112.717424216847022,-7.401589507111369],[112.717651649703456,-7.401661152999758],[112.717716970602851,-7.401655078454138],[112.7177634,-7.40162449999995],[112.718372452653242,-7.401859323511493],[112.718587564543483,-7.401938237921424],[112.718832617956721,-7.402025774481224],[112.718835228956721,-7.402026677481214],[112.718951316534543,-7.40207355828045],[112.719075542243118,-7.402122820367151],[112.71923001,-7.40213714],[112.71926945,-7.40220813999996],[112.71930945,-7.40227813999996],[112.71905945,-7.40276814000001],[112.71899945,-7.40290813999998],[112.719016336,-7.40291884199997],[112.719225688,-7.40305153099997],[112.71946666,-7.40320425999994],[112.7194482,-7.40328491999995],[112.71941675,-7.40346471999996],[112.71939801,-7.40360596999992],[112.71943113,-7.40385610999991],[112.71941894,-7.40402942999998],[112.71938097,-7.40418358999992],[112.71933019,-7.40435062999994],[112.71927938,-7.40451125999994],[112.71918315,-7.40456296999997],[112.719175963,-7.40457527399995],[112.719818075026183,-7.404846126845952],[112.71985464331641,-7.404873060729798],[112.719889421652098,-7.404915028139636],[112.719807466844742,-7.405113874116769],[112.719808187844734,-7.405114216116799],[112.719801039067733,-7.405339264894171],[112.719904677909668,-7.405348332117942],[112.720014005228265,-7.405368340231055],[112.720040468453703,-7.405369706080361],[112.720044472895296,-7.40538904408201],[112.720021132160994,-7.405525611938717],[112.720017623149701,-7.405576571617706],[112.719960682434689,-7.405728238132492],[112.719870936348826,-7.405864217879807],[112.719833697947138,-7.405942606872953],[112.719809614494594,-7.406011703562896],[112.719811840940352,-7.406062215646434],[112.719833299041042,-7.406077384347868],[112.719854957449243,-7.406101115020221],[112.719867188165153,-7.406115951121556],[112.719922853148489,-7.406149777355621],[112.7199873,-7.40619051999994],[112.72010114,-7.40626400999998],[112.72016988,-7.40631292999995],[112.72020226,-7.40633596999991],[112.72027801862599,-7.4063792713389],[112.720232954564992,-7.406479286174201],[112.720189545069616,-7.406568527861649],[112.720165184645978,-7.406619087352817],[112.720129065232925,-7.406711814988588],[112.720358955882247,-7.406807878447876],[112.72045905,-7.40687732999994],[112.7204594,-7.40687737999998],[112.72045995,-7.40687761999994],[112.7204612,-7.40687819999991],[112.72046215,-7.40687867999998],[112.72046327,-7.40687917999997],[112.72046448,-7.40687981999996],[112.72046578,-7.40688047000001],[112.720630479312902,-7.406959800364177],[112.720741926730511,-7.406998981620327],[112.720821870349027,-7.407040153565796],[112.720894241148287,-7.407070219763308],[112.720987987618926,-7.407116396833547],[112.721135673609552,-7.407186280658704],[112.721442940182897,-7.407298607463377],[112.72160944,-7.40730260999992],[112.721639387,-7.40729197299992],[112.722197186,-7.40754327599995],[112.72207472,-7.40788596999993],[112.72194408,-7.40817515999992],[112.72188552,-7.40832994999993],[112.72186829,-7.40837549999998],[112.72186454,-7.40838541999993],[112.72182889,-7.40847967],[112.72172888,-7.40872432999991],[112.72171577,-7.40876298999996],[112.72160706,-7.40908351999998],[112.721501678,-7.40935887499995],[112.72150034,-7.40936236999994],[112.72147843,-7.40941022999992],[112.721459865106652,-7.409497909662771],[112.721456570817239,-7.409530137814812],[112.72159823642491,-7.409529121915751],[112.7217635879136,-7.409581563613321],[112.721937292630699,-7.409660606808253],[112.722196353303687,-7.409826839217946],[112.72235699,-7.40990149999997],[112.722422767,-7.40993207],[112.7224633,-7.40995090999995],[112.72246353,-7.40995021999994],[112.72246361,-7.40995025999997],[112.72263145,-7.41002845999994],[112.722929,-7.41014670999992],[112.72304700888202,-7.410205719274574],[112.723136051358267,-7.410236927397663],[112.723188294670877,-7.410233903031898],[112.72337341563339,-7.410163467826022],[112.723445135219549,-7.410146719940948],[112.723500481803484,-7.410143492384786],[112.723539002024012,-7.410158967099634],[112.723563919913559,-7.410196986337729],[112.72356662,-7.41023218000001],[112.723535050863561,-7.410426584747135],[112.72362352,-7.41068587999998],[112.72366323,-7.41077803999996],[112.723664152,-7.41078017999995],[112.723777655,-7.41104356799995],[112.72377925,-7.4110472699999],[112.72385711,-7.41122793999995],[112.723937,-7.411569],[112.723940477,-7.41158384299998],[112.72400059,-7.41184048],[112.72379418,-7.41183083999992],[112.723724439175982,-7.412155706631328],[112.723641528,-7.41254196699996],[112.72358351,-7.41281225999994],[112.72358465,-7.41281310999995],[112.72358543,-7.41281368999998],[112.72358513,-7.41281509],[112.72337411,-7.41278105999994],[112.72334862,-7.41277694999997],[112.72251048,-7.412583],[112.72242546,-7.41256331999995],[112.72226524,-7.41251945999992],[112.72140621,-7.41231935999997],[112.721399146,-7.4123177139999],[112.72131538,-7.41229819999993],[112.72109978,-7.41224668999998],[112.720683400359917,-7.412147199679249],[112.72045326,-7.41209221],[112.72034645,-7.41206931999993],[112.72022611,-7.41204009999995],[112.720212892657614,-7.412081529807956],[112.72006604,-7.41254183999997],[112.719852703,-7.41324212199993],[112.719852641,-7.41324232999996],[112.71984388,-7.41327105999995],[112.7198435,-7.41327231999997],[112.71984346,-7.41327229999997],[112.7197329,-7.41322704999993],[112.71973228,-7.41322898999995],[112.71973228,-7.41322707999997],[112.71943092,-7.41309928999991],[112.71929741,-7.41305732999998],[112.71913719,-7.41303443999992],[112.71903419,-7.41299437999992],[112.71901884,-7.41299114],[112.71886253,-7.41295813999997],[112.71862602,-7.41287993999992],[112.7186718,-7.41273688999995],[112.71870232,-7.41263198999993],[112.7185688,-7.41259955999993],[112.71851158,-7.41257857999997],[112.71842766,-7.41256713999996],[112.71832085,-7.41254233999997],[112.71827126,-7.41253280999993],[112.71819115,-7.41251183],[112.7181263,-7.41249657],[112.71805,-7.41249657],[112.71791649,-7.41244697999997],[112.71770668,-7.41239928999992],[112.71763039,-7.41266059999997],[112.71742165,-7.41260398999997],[112.71718411,-7.41336060999992],[112.71718404,-7.41336082999994],[112.71718372,-7.41336185999993],[112.71718216,-7.41336680999994],[112.7171834,-7.41336714999995],[112.71717718,-7.41339184],[112.717088773,-7.41336532999996],[112.7170032,-7.41333967],[112.71664925,-7.41323353999995],[112.71659896,-7.41324430999994],[112.71652963,-7.41333651999995],[112.71557405,-7.41301085],[112.715309964,-7.41292999799998],[112.71427404,-7.41261283999992],[112.71427236,-7.41261233],[112.7142719,-7.41261212999995],[112.714268813,-7.41261131999998],[112.71406232,-7.41255710999995],[112.71409427,-7.41246126999992],[112.71412747,-7.41234791999995],[112.71448307,-7.41115176999996],[112.71470937,-7.41041988999997],[112.71464472,-7.41040731999991],[112.71458365,-7.41038217999993],[112.71457619,-7.41038235999997],[112.71457423,-7.41038161999996],[112.71407608,-7.41033829999998],[112.71308628,-7.40993977999994],[112.71239536,-7.40994194999996],[112.71223942,-7.40990945999995],[112.71201634,-7.40968203999997],[112.7118539,-7.40959756999995],[112.71076996,-7.40925804999992],[112.71076532,-7.40925662999997],[112.710757214,-7.40925414799996],[112.71075278,-7.40925278999993],[112.71057009,-7.40983418999997],[112.71008332,-7.41127423999995],[112.710081308,-7.41128134699994],[112.7100795,-7.41128772999994],[112.71007871,-7.41128753999992],[112.71007164,-7.41130926999995],[112.70996477,-7.41134452999997],[112.709922604,-7.41135843899996],[112.70974878,-7.41141578],[112.70958176,-7.41153431999995],[112.70953147,-7.41181988999995],[112.70954584,-7.41193841999998],[112.70937342,-7.41194201999993]]]]}},
{"type":"Feature","properties":{"kdkab":"15","kdkec":"150","nmkab":"SIDOARJO","nmkec":"GEDANGAN","kddesa":"014","kdprov":"35","nmdesa":"SAWOTRATAP","nmprov":"JAWA TIMUR","iddesa":"3515150014"},"geometry":{"type":"MultiPolygon","coordinates":[[[[112.72864078,-7.37666183999997],[112.72860972,-7.37666042999994],[112.72855945,-7.37665815000001],[112.72843945,-7.37665815000001],[112.72690945,-7.37671814999994],[112.72631945,-7.37666814999994],[112.72607945,-7.37668814999996],[112.725751723,-7.37671794299997],[112.72574945,-7.37671814999994],[112.72555945,-7.37667814999998],[112.72540945,-7.37658814999997],[112.72511945,-7.37631815],[112.72500945,-7.37620814999994],[112.72497595,-7.37618421999993],[112.72486106,-7.37600845999998],[112.72479527,-7.37593243],[112.72474048,-7.37587814999996],[112.72469665,-7.37583472999995],[112.72466525,-7.37580362999997],[112.72466475,-7.37582190999998],[112.7246529,-7.37581310999998],[112.72455462,-7.37580259],[112.72439135,-7.37592308999994],[112.72436981,-7.37599944999993],[112.72433724,-7.37604316999995],[112.72433646,-7.37604393999991],[112.72431967,-7.37607708999995],[112.72431109,-7.376119],[112.72430084,-7.37618010999996],[112.72428267,-7.37622729000001],[112.72428145,-7.37624132999998],[112.7242814,-7.37624026000001],[112.72426,-7.37623554999996],[112.72420941,-7.37622440999995],[112.72420696,-7.37622891999993],[112.72409772,-7.37620754999993],[112.72405402,-7.37619681999997],[112.72396669,-7.37619715999997],[112.72399868,-7.37600087999996],[112.72402005,-7.37588092999996],[112.72407366,-7.37563008999996],[112.72413843,-7.37544458999997],[112.72414804,-7.37510673999998],[112.72419086,-7.37488862999994],[112.72425522,-7.37459415999996],[112.72429812,-7.37439783999996],[112.72436277,-7.37417964999998],[112.72443846,-7.37399409999994],[112.72450286,-7.37371051999997],[112.72457745,-7.37324165999995],[112.72457678,-7.37306729999995],[112.72469141,-7.37259245999998],[112.72469182,-7.37259076999994],[112.72478902,-7.37218813999995],[112.724814772,-7.372081463],[112.72484536,-7.37195474999993],[112.72487337,-7.37192656999997],[112.724893038,-7.371818407],[112.72490945,-7.37172814999996],[112.724966152,-7.37153284399992],[112.72496633,-7.37153222999996],[112.7249697,-7.37152064],[112.72499945,-7.37141814999994],[112.725034929,-7.37119637499998],[112.72503612,-7.37118892999998],[112.725036132,-7.37118885699992],[112.72503627,-7.37118801999997],[112.72503945,-7.37116814999995],[112.72503979,-7.37116593999995],[112.72504411,-7.37113772999994],[112.7251589,-7.37038913999994],[112.72527103,-7.37041207999992],[112.725482947,-7.37011346399992],[112.72559374,-7.36966162424786],[112.725624544,-7.36967479699994],[112.725715038,-7.36969239399995],[112.725823504,-7.36971048699997],[112.725845659,-7.36968785424784],[112.726117831,-7.36851108124894],[112.726368174,-7.36733635024994],[112.727190472,-7.36746904924987],[112.72727,-7.36737999224994],[112.7275077,-7.36741046999997],[112.72758117,-7.36741988999996],[112.72764972,-7.36742867999993],[112.727735317,-7.36744090099994],[112.729022344,-7.367627182],[112.729252891,-7.36766040224965],[112.729273627,-7.36766337199996],[112.72932,-7.36767],[112.72944,-7.36769],[112.72992,-7.36774],[112.730487765,-7.36782194499994],[112.73089,-7.36788],[112.73124712,-7.36792596999995],[112.73130777,-7.36793377224938],[112.73185788,-7.36800457999992],[112.73267,-7.36811],[112.73349,-7.36819],[112.733697263,-7.36822316299994],[112.73374,-7.36823],[112.73376287,-7.36817002724918],[112.73379304,-7.36809094999996],[112.73411,-7.36726],[112.734111388,-7.36726020925005],[112.734399483693295,-7.367304636212447],[112.734384825,-7.36751028899992],[112.734762968,-7.36755555999996],[112.734743214,-7.3678416812495],[112.734857332,-7.36784065424952],[112.734865418,-7.36760034199993],[112.735155408,-7.36761303224975],[112.735193744,-7.36756489899995],[112.735395766,-7.36757404624974],[112.735397684,-7.36749278824985],[112.7355036,-7.36749022224981],[112.735533714412085,-7.367489489241831],[112.73557059,-7.36748859999991],[112.7357349,-7.36748461224983],[112.735769464,-7.36748304699993],[112.73585376,-7.36747920224983],[112.73594787,-7.36747884999995],[112.73602216,-7.36747855224983],[112.73622041,-7.36750745224984],[112.73634923,-7.36751684224981],[112.736385207,-7.36751437724981],[112.73650274,-7.36750635224981],[112.73656694,-7.36745665999995],[112.73659945,-7.36743814999993],[112.736849672,-7.36742942099993],[112.73722636,-7.36741627999993],[112.73745945,-7.36740814999996],[112.7374854,-7.36740598999993],[112.737528187,-7.36737930999994],[112.73757698,-7.36734889224996],[112.737620679,-7.36727789425002],[112.737681349,-7.36716976525011],[112.73773934,-7.3670664022502],[112.73782481,-7.36692532225035],[112.73791652,-7.36677396225051],[112.73794581,-7.3666650622506],[112.73800478,-7.36654615225069],[112.73805894,-7.36646187225079],[112.73815764,-7.36636754999994],[112.73825127,-7.36624355225094],[112.738314521,-7.36618660825103],[112.73834505,-7.36615913],[112.73843165,-7.36607683225113],[112.73849311,-7.36602009999995],[112.738516391,-7.3659952282512],[112.73856736,-7.36594079999996],[112.738593695,-7.36591781925131],[112.73865843,-7.36586368225132],[112.73870784,-7.36583382999997],[112.73874655,-7.36582738999996],[112.73900945,-7.36580814225141],[112.73908945,-7.36573814999996],[112.73913,-7.36561999225161],[112.73913,-7.36560149225158],[112.73913,-7.36553999225161],[112.73915,-7.36519999225196],[112.73916,-7.36496999225218],[112.73916,-7.36480999225231],[112.739206149,-7.36477307225234],[112.73921,-7.36476999225234],[112.73921637,-7.36472217225236],[112.73923,-7.36461999225249],[112.73921,-7.36442],[112.739226766,-7.36426911425277],[112.739260719,-7.36396352425312],[112.73927754,-7.36381211225324],[112.73929,-7.36369999225332],[112.73961,-7.36379999225325],[112.74011,-7.36381999225326],[112.74048,-7.3639],[112.740489458,-7.36390419899992],[112.74049248,-7.36390553225313],[112.74066,-7.36397999225308],[112.74096,-7.36428999225275],[112.7411,-7.36443999225263],[112.74119,-7.36450999225257],[112.74149,-7.36452999225255],[112.74177,-7.36448999225257],[112.74195,-7.36444999225267],[112.742055388,-7.36445751725265],[112.74209,-7.36446],[112.74239,-7.36462],[112.74264081,-7.36475017225236],[112.74292,-7.36480999225231],[112.74332,-7.36483],[112.74354,-7.36482],[112.74371,-7.36479999225232],[112.74416,-7.36493999225215],[112.74427,-7.36495999225214],[112.74443,-7.36498999225214],[112.74449219,-7.36498777225216],[112.74471,-7.36497999225212],[112.74493,-7.36495999225214],[112.74506323,-7.36495540999994],[112.74522209,-7.36495017225216],[112.74529076,-7.36496924225216],[112.74535179,-7.36497878225217],[112.74548531,-7.36506461225206],[112.74552345,-7.36510085999995],[112.74558067,-7.36516189999996],[112.74556923,-7.36527251999996],[112.74556922,-7.36527265999998],[112.7455683,-7.36527250999993],[112.745527199,-7.36568065099995],[112.745527,-7.36568263],[112.74551692,-7.36578278999995],[112.7455363,-7.36600452999994],[112.74563378,-7.36617515],[112.74565748,-7.36621662999993],[112.74574167,-7.36643811999995],[112.74581366,-7.36649693999991],[112.74611318,-7.36674167999995],[112.74611148,-7.36675417999995],[112.74611122,-7.36675611999996],[112.746107565,-7.36678304099996],[112.74610183,-7.36682528999996],[112.7460052,-7.36753694999996],[112.74596926,-7.36759726999996],[112.74596988,-7.36759740999995],[112.74598559,-7.36760096999993],[112.74597345,-7.36766020999994],[112.74591,-7.36797],[112.74571,-7.36879],[112.74558,-7.36928],[112.74542,-7.36998],[112.74537,-7.37019],[112.74524,-7.37075],[112.74518797,-7.37097730999996],[112.74505068,-7.37157703999996],[112.74504713,-7.37157793999994],[112.74504514,-7.37157843999993],[112.74504211,-7.37158509999995],[112.74501072,-7.37165418999994],[112.74501067,-7.37165430999994],[112.74492808,-7.37163746999992],[112.74489532,-7.37160797],[112.74475944,-7.37155814999992],[112.74349945,-7.37118814999998],[112.74321945,-7.37105814999996],[112.74313944,-7.37101814999993],[112.74303944,-7.37093815],[112.74276495,-7.37081338],[112.74276464,-7.37081323999993],[112.742764612,-7.37081324099993],[112.74276193,-7.37081330999996],[112.74274287,-7.37081379999994],[112.74266445,-7.37081584999991],[112.74262353,-7.37081691999997],[112.74248879,-7.37081348999993],[112.74228262,-7.37078659999997],[112.74216366,-7.37076331999997],[112.7420089,-7.37070854999993],[112.7419138,-7.37070891000001],[112.74179096,-7.37070938999998],[112.74162433,-7.37065861999996],[112.74158068,-7.37064295999993],[112.74151728,-7.37064320999998],[112.74144991,-7.37064346999995],[112.74135876,-7.37063986999992],[112.74123187,-7.37061662999997],[112.741109,-7.37060918999992],[112.74097027,-7.37060181999995],[112.74086316,-7.37057058999996],[112.74075616,-7.37056704999998],[112.74063326,-7.37055170999997],[112.74048655,-7.37052853999995],[112.7403121,-7.37050549000001],[112.74024864,-7.37048990999995],[112.74014945,-7.37045864999993],[112.7400702,-7.37045895999993],[112.73998293,-7.37043555999997],[112.73989967,-7.37042402000001],[112.739879558,-7.37042186699996],[112.73982831,-7.37041637999997],[112.73962411,-7.37038354999991],[112.73954876,-7.37036801999993],[112.73954678,-7.37037100999994],[112.73954004,-7.37038118999993],[112.739533,-7.37039181999994],[112.73954902,-7.37043526999997],[112.73954915,-7.37046691999996],[112.73955733,-7.37053413999993],[112.73956156,-7.37060136999997],[112.73956571,-7.37064882999991],[112.73956583,-7.37068047],[112.73956603,-7.37073189999995],[112.73955041,-7.37079129999995],[112.73951504,-7.37086659999995],[112.73949164,-7.37096162999997],[112.73945226,-7.37102507999998],[112.73941285,-7.37108061999991],[112.73934965,-7.37113228999991],[112.73927849,-7.37117607999994],[112.73919952,-7.37124759999996],[112.73911654,-7.37130725999997],[112.73901194,-7.37141249999996],[112.73898035,-7.37144030999996],[112.73892502,-7.37148008999995],[112.73885791,-7.37154363999996],[112.7387867,-7.37157556999993],[112.73877955,-7.37157113999995],[112.73874272,-7.37157000999998],[112.7387261,-7.37156841999995],[112.7387095,-7.37157013999995],[112.73869464,-7.37159507999996],[112.73868478,-7.37162164999994],[112.73867993,-7.37165483999996],[112.7386601,-7.37168310999996],[112.73864851,-7.37169309999994],[112.73863369,-7.37172632999995],[112.7386073,-7.37177452999992],[112.73856916,-7.37179291999996],[112.73853601,-7.3718112899999],[112.73850948,-7.371823],[112.73846799,-7.37183476999995],[112.73841,-7.37187313999992],[112.73838681,-7.37189146999998],[112.73835868,-7.37191976999998],[112.73833051,-7.37193646999998],[112.73829569,-7.37195483999993],[112.73826584,-7.37196822999994],[112.73823441,-7.37200151999995],[112.73819623,-7.37200829999996],[112.73816966,-7.37201171999995],[112.738160444,-7.37201017799991],[112.738043574,-7.37199062499997],[112.738133168,-7.37177659399993],[112.738137645,-7.37176589999994],[112.738046616,-7.37176239899997],[112.737988577,-7.37174182199992],[112.737582458,-7.37250476199992],[112.737576379,-7.37251618199996],[112.73755032,-7.37251330999993],[112.73750538,-7.37249026999996],[112.73744219,-7.37247393],[112.73738397,-7.37245424999998],[112.73731243,-7.37242633999995],[112.73726923,-7.37242484999997],[112.73720767,-7.37240020999998],[112.73715946,-7.37239210999996],[112.73710956,-7.37237572000003],[112.73705054,-7.37236516999998],[112.73700734,-7.37236201999997],[112.73695081,-7.37235062999998],[112.73689927,-7.37233755999994],[112.73683779,-7.37233447999997],[112.73678948,-7.37230149999997],[112.73673954,-7.37227515999994],[112.73668802,-7.37226706999997],[112.73666475,-7.37226383999996],[112.73662321,-7.372264],[112.73655343,-7.37226095999997],[112.73649684,-7.37226251999992],[112.73648857,-7.37227510999996],[112.7364242,-7.37224968999997],[112.73629743,-7.37224226999997],[112.736200297,-7.37224957099993],[112.73619313,-7.37225010999992],[112.73618656,-7.37225060999998],[112.73602022,-7.37225125999991],[112.7359874,-7.37225139000001],[112.73586179,-7.37225186999995],[112.73575831,-7.37225226999995],[112.735727167,-7.3722524],[112.73572713,-7.3722524],[112.7357271,-7.37225268999994],[112.735726,-7.37226260999995],[112.73569652,-7.37252928999994],[112.73569702,-7.37265582],[112.73571341,-7.37279809999996],[112.735682479,-7.37288562799996],[112.735722601,-7.37289375399997],[112.735747204,-7.37290195399993],[112.735727521,-7.37296100099998],[112.735697998,-7.37303152799997],[112.73562255,-7.37314962099993],[112.735576625,-7.37325623299994],[112.735555303,-7.37340056899996],[112.735506097,-7.37359738999994],[112.735486415,-7.37378601099993],[112.735473294,-7.37403203699996],[112.735432289,-7.37432890999997],[112.735359374,-7.37433783800002],[112.735359475,-7.37433979399998],[112.73536166,-7.37438214999997],[112.73537181,-7.37457871],[112.73534845,-7.3746816],[112.73527756,-7.37478467999996],[112.7351674,-7.3749748999999],[112.73505715,-7.37514138999996],[112.73491527,-7.37532382999995],[112.73477309,-7.37542717999996],[112.73459142,-7.37556231999997],[112.73441755,-7.37566580000002],[112.73436223,-7.37569764999996],[112.73434791,-7.37570246999998],[112.73368945,-7.37581814999995],[112.73340945,-7.37592814999993],[112.73325945,-7.37602815],[112.73318154,-7.37613439999996],[112.73314945,-7.37617814999991],[112.73306862,-7.37634878999993],[112.73306127,-7.37636429999998],[112.73305945,-7.37636815],[112.732948437,-7.37653466399996],[112.73294202,-7.37654428999996],[112.73293945,-7.37654815],[112.73288945,-7.37662814999991],[112.73278945,-7.37676815000002],[112.73278619,-7.37677270999995],[112.73263945,-7.37697814999992],[112.73249945,-7.37704814999993],[112.73232945,-7.37708814999996],[112.73198945,-7.37706814999994],[112.73150945,-7.37698814999992],[112.73115945,-7.37699814999995],[112.73083945,-7.37696814999992],[112.73037945,-7.37690814999997],[112.73031945,-7.37689814999995],[112.72987945,-7.37679814999997],[112.72949945,-7.37672815],[112.729037768780088,-7.376690917643541],[112.72887945,-7.37667814999998],[112.728786891,-7.376668894],[112.72877945,-7.37666814999994],[112.7287486,-7.37666674999998],[112.72872583,-7.3766657099999],[112.728722983,-7.37666557999998],[112.72864078,-7.37666183999997]]]]}},
{"type":"Feature","properties":{"kdkab":"15","kdkec":"150","nmkab":"SIDOARJO","nmkec":"GEDANGAN","kddesa":"001","kdprov":"35","nmdesa":"GANTING","nmprov":"JAWA TIMUR","iddesa":"3515150001"},"geometry":{"type":"MultiPolygon","coordinates":[[[[112.7043598,-7.40177428999994],[112.70427345,-7.40177102999995],[112.70416614,-7.40230517],[112.70408229,-7.40262086999997],[112.70402244,-7.40285763999998],[112.70399974,-7.40296781999995],[112.70397728,-7.40302163999998],[112.70391341,-7.40324477999994],[112.70387544,-7.40346780999996],[112.70383158,-7.40362690999994],[112.70382382,-7.40365504999995],[112.7037765,-7.40382675999997],[112.70369048,-7.40419876999993],[112.70369018,-7.40420005999996],[112.703689974,-7.40420095799992],[112.70368958,-7.40420266999996],[112.703688083,-7.40420142299998],[112.70368083,-7.40419538],[112.70360622,-7.40414720999996],[112.70351238,-7.40414756999994],[112.70339902,-7.40412215999993],[112.70332122,-7.40408691999997],[112.70319822,-7.40407769999995],[112.70300865,-7.40405401999994],[112.70300696,-7.40405380999992],[112.70299834,-7.40405272999995],[112.70299749,-7.40405262999997],[112.70296658,-7.40404681999997],[112.70293054,-7.40404004399993],[112.70282909,-7.40402097],[112.70266717,-7.40398928999998],[112.702543693749519,-7.403970596114295],[112.70252146,-7.40396723],[112.7023918,-7.40390957999994],[112.70222006,-7.4038488599999],[112.7022135,-7.40384663999992],[112.70210665,-7.40381052999995],[112.70202047,-7.40376654999992],[112.70200614,-7.40375922999996],[112.70198869,-7.40374786999993],[112.701983269,-7.40374433899998],[112.70195258,-7.40372434999992],[112.701938908,-7.40371544499994],[112.70188286,-7.40367894],[112.70179694,-7.40363832999997],[112.70173374,-7.40360844999998],[112.70165045,-7.40357647999995],[112.70164878,-7.40357583999996],[112.70161707,-7.40356366999989],[112.70153619,-7.40357043999996],[112.70151031,-7.40357054],[112.70144559,-7.40357077999996],[112.70136787,-7.40355815999991],[112.701351886,-7.40355999399995],[112.70130965,-7.40356483999992],[112.70130552,-7.40356593999996],[112.7012353,-7.40358450999996],[112.70119326,-7.40359112999993],[112.70119317,-7.40359109999995],[112.70118103,-7.40358660999992],[112.7011414,-7.40357194999995],[112.7011305,-7.40355038999994],[112.7011251,-7.40353970999998],[112.70106527,-7.40350528999992],[112.7009919,-7.40346307999994],[112.70098576,-7.40345954999995],[112.70098564,-7.40345947999997],[112.70096792,-7.40345954999995],[112.70086915,-7.40345992999992],[112.7007914,-7.40343760999996],[112.70077575,-7.40338118999995],[112.70077171,-7.40336661999993],[112.70068429,-7.40335402999994],[112.70056538,-7.40332420999993],[112.70053331,-7.40331616999995],[112.70055,-7.40328],[112.7006,-7.40313],[112.70066,-7.40297],[112.70078,-7.40264],[112.700912799567789,-7.40230409521088],[112.701275818145362,-7.401405521625128],[112.70164,-7.40049],[112.701641192,-7.40048642299995],[112.70030173,-7.40002586299992],[112.70039899,-7.39966042899996],[112.700309279,-7.39963045599997],[112.699842413,-7.39943608100001],[112.70007003,-7.39857169700001],[112.700154469,-7.39832561299996],[112.700178826,-7.39825462999991],[112.700270052620283,-7.3979123903207],[112.700325268,-7.39770524799997],[112.69973275,-7.39740198999994],[112.69901731,-7.39687302999991],[112.69893372,-7.39686895999994],[112.69898,-7.39686],[112.69917,-7.39678],[112.69929,-7.39669],[112.699346243,-7.39660563599992],[112.699377381,-7.39655892799993],[112.699473679,-7.39644900099993],[112.699527835,-7.39622727899994],[112.69967301,-7.39572176499998],[112.699701753,-7.39567657799991],[112.699768385,-7.39557182899997],[112.699768136,-7.39540083699998],[112.699703126,-7.39520425099993],[112.699677695,-7.39497661999996],[112.699706074,-7.39477554099994],[112.699801721,-7.39469177999997],[112.699813727,-7.39468974499997],[112.699981108,-7.39466137399996],[112.700231871,-7.39449048799998],[112.700417486,-7.39438414499997],[112.700606726,-7.39438229999994],[112.700847375,-7.39396955499997],[112.701145656,-7.39361666899996],[112.701253113,-7.39340080999991],[112.701335771,-7.39339261299993],[112.701379856,-7.39334889499995],[112.701396388,-7.39324506399994],[112.701418838,-7.39281914899992],[112.702402297,-7.39288854199994],[112.703619352,-7.39294043199996],[112.70362271,-7.39292435999996],[112.70365685,-7.39272285399995],[112.70367739,-7.39260161999996],[112.70387728,-7.39206587999996],[112.70391409,-7.39194478999998],[112.70394735,-7.39170585999992],[112.70396234,-7.39156313999995],[112.70403862,-7.39120154999997],[112.70410699,-7.39082667999997],[112.704223854070051,-7.390881712126642],[112.704682831434482,-7.390946451640622],[112.705121383673628,-7.391019852471747],[112.705869836930617,-7.391119751523799],[112.706326374549718,-7.39118427758772],[112.706848358392321,-7.391259446293823],[112.707459332111242,-7.391357151123943],[112.70809247698817,-7.391454337259264],[112.708614033930616,-7.391534385455999],[112.70912604534189,-7.39161114010719],[112.709580463390722,-7.391671793103078],[112.709950756123519,-7.39173860739627],[112.709937166510073,-7.392095640333837],[112.709898073808901,-7.392403880871268],[112.709869677348465,-7.392649553679145],[112.70988335562491,-7.392752850641279],[112.709880912881715,-7.393160113004486],[112.709813422625501,-7.393657561171373],[112.709719559850001,-7.394077106932751],[112.709650953978624,-7.39502987193333],[112.709618335412614,-7.395631590214579],[112.709531853793791,-7.395632509913799],[112.709269646505973,-7.395594819483441],[112.708784526527509,-7.395533939153407],[112.708782555527506,-7.395533741153357],[112.708790345567849,-7.395362054529199],[112.708824594175155,-7.395139187458541],[112.708522531993367,-7.395093400718909],[112.708494926904919,-7.395240332021539],[112.708479394,-7.39544275699992],[112.70831418,-7.39542259999998],[112.70806125,-7.39537504999991],[112.707939325145801,-7.395358137680976],[112.70772083,-7.39532782999994],[112.707502678787932,-7.395282229544037],[112.70746176604321,-7.395785170218088],[112.7073145489301,-7.396394694264111],[112.707315877424847,-7.396425981261677],[112.707383831244741,-7.396423794945519],[112.707477684006847,-7.396435394125342],[112.707562912222116,-7.396444883504253],[112.707611708951916,-7.396452540792027],[112.707663254428297,-7.396459760938547],[112.707714186260787,-7.396466249772763],[112.707664594203237,-7.396746513706375],[112.707635843453275,-7.397085520388181],[112.70763521246046,-7.39723725444281],[112.707651790287755,-7.397405683756977],[112.707735204498789,-7.397686593379407],[112.707746547521154,-7.39780806884633],[112.707727844421356,-7.398069317406472],[112.707663772357805,-7.398312716133127],[112.707625848375457,-7.398514717573335],[112.707598656902007,-7.398629637746345],[112.707569043692359,-7.398689168582393],[112.707833267,-7.39862261699995],[112.70788179,-7.39863390999994],[112.708053764417286,-7.398681934510205],[112.708206877223304,-7.398725377424046],[112.708366988956854,-7.398746062558757],[112.708583715406391,-7.398768362252738],[112.708810961274111,-7.398784905103432],[112.70896152,-7.39880929999994],[112.708991216,-7.39882855999996],[112.709031084306361,-7.398854242171796],[112.70908946,-7.39891813999996],[112.70907946,-7.39910813999994],[112.70906946,-7.39928813999996],[112.70905946,-7.39969813999998],[112.709137706036969,-7.399844178357019],[112.708972546946882,-7.399814241588839],[112.708828880823333,-7.399906151329658],[112.708603581438481,-7.399886440187584],[112.708356828688309,-7.399844820599867],[112.708080422112488,-7.399760543599812],[112.70786153,-7.39968689999995],[112.707776599566031,-7.399760671263786],[112.707775009566035,-7.399773321263746],[112.707666642808945,-7.399834515958156],[112.707652769613034,-7.39991676687488],[112.707631774332867,-7.400118583806266],[112.707583818162391,-7.400361443590719],[112.707546546620719,-7.400558497947173],[112.707515312443391,-7.400769734626848],[112.707513872443386,-7.400779324626837],[112.707431462325715,-7.401339674391616],[112.707373381741434,-7.401726876920154],[112.70727888,-7.40174398999991],[112.70719139,-7.40174432999991],[112.70674427,-7.40176059999992],[112.70641375,-7.40176185999997],[112.70610268,-7.40176304999996],[112.70547689,-7.40176085999996],[112.70544664,-7.40175843999998],[112.70521824,-7.40177043999996],[112.704640849,-7.40176844499994],[112.7044167,-7.40176766999996],[112.70441449,-7.40177635000002],[112.70436476,-7.40177447699994],[112.7043598,-7.40177428999994]]]]}},
{"type":"Feature","properties":{"kdkab":"15","kdkec":"150","nmkab":"SIDOARJO","nmkec":"GEDANGAN","kddesa":"003","kdprov":"35","nmdesa":"TEBEL","nmprov":"JAWA TIMUR","iddesa":"3515150003"},"geometry":{"type":"MultiPolygon","coordinates":[[[[112.72631187,-7.40875927999998],[112.72631202,-7.40875806000001],[112.72488213,-7.40850829999993],[112.72488213,-7.40852257999994],[112.72488213,-7.40866660999995],[112.72488213,-7.40868186999995],[112.72469521,-7.40867614999998],[112.72462273,-7.40895843999994],[112.72455788,-7.40912055999998],[112.72449012,-7.40924111999994],[112.72442818,-7.40935134999993],[112.7242794,-7.40959548999996],[112.72422525,-7.40972839999993],[112.72419548,-7.40980147999995],[112.723949252169461,-7.410396365861405],[112.723905064506837,-7.410407690068582],[112.723847709936351,-7.410412166023065],[112.723696338544315,-7.41041696101776],[112.723535050863561,-7.410426584747135],[112.72356662,-7.41023218000001],[112.723563919913559,-7.410196986337729],[112.723539002024012,-7.410158967099634],[112.723500481803484,-7.410143492384786],[112.723445135219549,-7.410146719940948],[112.72337341563339,-7.410163467826022],[112.723188294670877,-7.410233903031898],[112.723136051358267,-7.410236927397663],[112.72304700888202,-7.410205719274574],[112.722929,-7.41014670999992],[112.72263145,-7.41002845999994],[112.72246361,-7.40995025999997],[112.72246353,-7.40995021999994],[112.7224633,-7.40995090999995],[112.722422767,-7.40993207],[112.72235699,-7.40990149999997],[112.722196353303687,-7.409826839217946],[112.721937292630699,-7.409660606808253],[112.7217635879136,-7.409581563613321],[112.72159823642491,-7.409529121915751],[112.721456570817239,-7.409530137814812],[112.721459865106652,-7.409497909662771],[112.72147843,-7.40941022999992],[112.72150034,-7.40936236999994],[112.721501678,-7.40935887499995],[112.72160706,-7.40908351999998],[112.72171577,-7.40876298999996],[112.72172888,-7.40872432999991],[112.72182889,-7.40847967],[112.72186454,-7.40838541999993],[112.72186829,-7.40837549999998],[112.72188552,-7.40832994999993],[112.72194408,-7.40817515999992],[112.72207472,-7.40788596999993],[112.722197186,-7.40754327599995],[112.721639387,-7.40729197299992],[112.72160944,-7.40730260999992],[112.721442940182897,-7.407298607463377],[112.721135673609552,-7.407186280658704],[112.720987987618926,-7.407116396833547],[112.720894241148287,-7.407070219763308],[112.720821870349027,-7.407040153565796],[112.720741926730511,-7.406998981620327],[112.720630479312902,-7.406959800364177],[112.72046578,-7.40688047000001],[112.72046448,-7.40687981999996],[112.72046327,-7.40687917999997],[112.72046215,-7.40687867999998],[112.7204612,-7.40687819999991],[112.72045995,-7.40687761999994],[112.7204594,-7.40687737999998],[112.72045905,-7.40687732999994],[112.720358955882247,-7.406807878447876],[112.720129065232925,-7.406711814988588],[112.720165184645978,-7.406619087352817],[112.720189545069616,-7.406568527861649],[112.720232954564992,-7.406479286174201],[112.72027801862599,-7.4063792713389],[112.72020226,-7.40633596999991],[112.72016988,-7.40631292999995],[112.72010114,-7.40626400999998],[112.7199873,-7.40619051999994],[112.719922853148489,-7.406149777355621],[112.719867188165153,-7.406115951121556],[112.719854957449243,-7.406101115020221],[112.719833299041042,-7.406077384347868],[112.719811840940352,-7.406062215646434],[112.719809614494594,-7.406011703562896],[112.719833697947138,-7.405942606872953],[112.719870936348826,-7.405864217879807],[112.719960682434689,-7.405728238132492],[112.720017623149701,-7.405576571617706],[112.720021132160994,-7.405525611938717],[112.720044472895296,-7.40538904408201],[112.720040468453703,-7.405369706080361],[112.720014005228265,-7.405368340231055],[112.719904677909668,-7.405348332117942],[112.719801039067733,-7.405339264894171],[112.719808187844734,-7.405114216116799],[112.719807466844742,-7.405113874116769],[112.719889421652098,-7.404915028139636],[112.71985464331641,-7.404873060729798],[112.719818075026183,-7.404846126845952],[112.719175963,-7.40457527399995],[112.71918315,-7.40456296999997],[112.71927938,-7.40451125999994],[112.71933019,-7.40435062999994],[112.71938097,-7.40418358999992],[112.71941894,-7.40402942999998],[112.71943113,-7.40385610999991],[112.71939801,-7.40360596999992],[112.71941675,-7.40346471999996],[112.7194482,-7.40328491999995],[112.71946666,-7.40320425999994],[112.719225688,-7.40305153099997],[112.719016336,-7.40291884199997],[112.71899945,-7.40290813999998],[112.71905945,-7.40276814000001],[112.71930945,-7.40227813999996],[112.7194317,-7.40242914999993],[112.71954611,-7.40248807999995],[112.71970038,-7.40252796999996],[112.719705348,-7.40252872499997],[112.71983023,-7.40254770999997],[112.719870840414146,-7.402550990385073],[112.719952429869522,-7.402565068858336],[112.71996948735007,-7.40249438185765],[112.719998437338944,-7.402417332307713],[112.720095422840473,-7.402123219450476],[112.72027178,-7.40161161999991],[112.72043657,-7.40114552299995],[112.720526935,-7.40088993300001],[112.720540621708821,-7.4008512216501],[112.720553445968974,-7.40085655151168],[112.720636594523057,-7.400879956289872],[112.720733447190696,-7.400912427558876],[112.721058650424453,-7.400946918810941],[112.721371535353924,-7.400991264706454],[112.721640074387864,-7.400991264706454],[112.721778039396128,-7.401020828636795],[112.721871658508874,-7.401040537923689],[112.721999768873687,-7.401067638193169],[112.72209092432557,-7.401077492836616],[112.722199325403494,-7.401077492836616],[112.722260916925052,-7.40107010185403],[112.72228949220785,-7.401061767014031],[112.72241023163626,-7.401049118013979],[112.722544652526409,-7.401050164934341],[112.722650691954286,-7.401055871054275],[112.722758296676133,-7.401064094871615],[112.722826710678589,-7.40107127069722],[112.72291510400099,-7.401081384862788],[112.722981051982714,-7.401089535315497],[112.723025632604148,-7.401097006742375],[112.72307298930626,-7.401099959540989],[112.72311197331905,-7.401103370200164],[112.723240738694543,-7.401114635710774],[112.723430268856319,-7.401125265571511],[112.723568588254878,-7.40113617657487],[112.723870551826678,-7.40115426233246],[112.723963160946766,-7.401157007888771],[112.72408386369284,-7.401165187258782],[112.724170318872822,-7.401173643888908],[112.724227240709851,-7.401179516686328],[112.724267633633886,-7.40118847340718],[112.724269303633889,-7.40118855340717],[112.724337643736035,-7.401189770887521],[112.724547533295308,-7.401188790235151],[112.724800616667551,-7.401194066478174],[112.724920705291581,-7.401199119005063],[112.72519679786916,-7.401233987359353],[112.725351061390469,-7.401229330435229],[112.725477768765771,-7.40122204796984],[112.725558906759332,-7.401225348498391],[112.725687040869218,-7.401237953238792],[112.726015160676724,-7.401249734919492],[112.726251383374759,-7.401256803927912],[112.726435802202261,-7.401287033710275],[112.726524416957844,-7.401291215368916],[112.726633616426611,-7.401294817204684],[112.726826589032044,-7.401309500507621],[112.727070802130285,-7.40131607930945],[112.727126191302489,-7.401317821107318],[112.727073958354623,-7.402090871328666],[112.727042401772295,-7.402557905514349],[112.72703771,-7.40262734299995],[112.727164576738915,-7.402638418634293],[112.727248921,-7.402645782],[112.728180485,-7.40275672799993],[112.72817988,-7.40276337999993],[112.7294165,-7.40310369999998],[112.72981935,-7.40321456999992],[112.72983892,-7.40321877999997],[112.72995444,-7.40324364899992],[112.73110664,-7.40349168999994],[112.73164774,-7.40363369999995],[112.73276347,-7.40392651999997],[112.732604937,-7.40474328599994],[112.73260356,-7.40475037999994],[112.73261219,-7.40475224999995],[112.73360226,-7.40496704999992],[112.73375645,-7.40429764999993],[112.73568208,-7.40460319999993],[112.735682853,-7.40459908299997],[112.73568331,-7.40459664999995],[112.73579045,-7.40402608999993],[112.73591118,-7.40288521999997],[112.73598284,-7.40233768999997],[112.73598293,-7.4023377199999],[112.73598282,-7.4023361399999],[112.73598281,-7.40233421999993],[112.73598318,-7.40233151999993],[112.736042353,-7.40234995599996],[112.73608207,-7.40236232999996],[112.73608294,-7.40236336999995],[112.73803975,-7.40305400999994],[112.73897722,-7.40329963999991],[112.73906369,-7.40333064999995],[112.7403527,-7.40379285999996],[112.74049867,-7.403865],[112.74053272,-7.40390404999998],[112.74053315,-7.40390454999995],[112.74055399,-7.40392844999994],[112.74056108,-7.40393657999997],[112.74056144,-7.40394230999995],[112.74056271,-7.40396250000001],[112.74059223,-7.40443200999994],[112.74081206,-7.40453457999997],[112.74079126,-7.40467155999996],[112.740713273,-7.40496087199992],[112.74070888,-7.40497716999995],[112.74062453,-7.40529006999998],[112.74052692,-7.40565217999994],[112.74045313,-7.40591597999996],[112.74031053,-7.40642573999995],[112.74018487,-7.40702249999993],[112.74010161,-7.407352],[112.74007937,-7.40744000999996],[112.74006483,-7.40749753999995],[112.740006611,-7.40778612199995],[112.7400037,-7.40780054999993],[112.74000055,-7.40781614999996],[112.74000048,-7.40781649999995],[112.74003405,-7.40782682],[112.74006649,-7.40783459999995],[112.74017461,-7.40786053999998],[112.7403402,-7.40790972999998],[112.74043073,-7.40793420999994],[112.74043079,-7.40793417999992],[112.74043083,-7.40793416],[112.74043083,-7.40793418999991],[112.74046516,-7.40794372999994],[112.74047617,-7.40794678999991],[112.740501177,-7.40795373499998],[112.74057832157122,-7.407941546533744],[112.740635974,-7.40790534699994],[112.740743093723339,-7.407896233622849],[112.74082154818079,-7.407908370740811],[112.740907416815759,-7.407946165258622],[112.740969481554146,-7.407979736582209],[112.74095933949927,-7.408021661729924],[112.740945526702887,-7.408086447111521],[112.740923722003686,-7.408182903690729],[112.740930935150757,-7.408243681048158],[112.740904527197529,-7.408352805618739],[112.740874357155491,-7.408458152995577],[112.740862147943318,-7.408519199056445],[112.740837779252075,-7.408625556992376],[112.740841799256359,-7.408726755663399],[112.740906915054623,-7.408738964875573],[112.740835150741916,-7.408969618129749],[112.740535337387541,-7.408934973495866],[112.74050713,-7.40902137999995],[112.74048424,-7.40909957999996],[112.740278674,-7.40903901599996],[112.74027061,-7.40903663999992],[112.740177787,-7.40901717699995],[112.7400652,-7.40899356999994],[112.7400341,-7.40898704999995],[112.7400074,-7.40898513999997],[112.7398777,-7.40896987999996],[112.73975563,-7.40896605999995],[112.739581196,-7.408952728],[112.739251976007679,-7.408925523948173],[112.739250064007678,-7.408925377948183],[112.739196238567416,-7.40883795337192],[112.738976937013277,-7.408814861969002],[112.738915730985468,-7.408947330772255],[112.738844815423732,-7.409222286683661],[112.73876846227445,-7.409433367994859],[112.73833002285123,-7.40924615998791],[112.738092835961154,-7.409148955488476],[112.738092235961147,-7.409148745488475],[112.738091935961151,-7.409148545488415],[112.738090525961155,-7.409148025488456],[112.738017692620886,-7.409220782103523],[112.738017932620878,-7.409221612103493],[112.737988117034419,-7.40937336605093],[112.73804747911953,-7.409466766687989],[112.73799476,-7.40953991000001],[112.73793465,-7.40956323999993],[112.73785527,-7.40956355],[112.73761925,-7.40950028],[112.737444654054855,-7.409520150529096],[112.737442894054851,-7.409519680529125],[112.737356064554959,-7.409511432637729],[112.73696549,-7.41057861999995],[112.73696292,-7.410578],[112.735770601,-7.41028820999996],[112.73576048,-7.41028574999994],[112.73575936,-7.41028547999998],[112.73575545,-7.41029733999994],[112.73574317,-7.41033457999991],[112.73574279,-7.41033574999992],[112.73574191,-7.41033718999997],[112.73573151,-7.41035420999997],[112.73543971,-7.41119369999997],[112.73518531,-7.41194028999997],[112.7350623,-7.41230130999997],[112.73469257,-7.4132647],[112.73453154,-7.41371820999993],[112.73413741,-7.41482821999996],[112.73408387,-7.41498382000001],[112.73407517,-7.41500911999996],[112.73381945,-7.41491813999992],[112.73337945,-7.41474813999997],[112.73250945,-7.41442813999991],[112.732344669,-7.41435948000001],[112.732248548,-7.4143194289999],[112.73203469,-7.41423031999993],[112.73179398,-7.41413165999995],[112.73172659,-7.41410357999994],[112.73155012,-7.41403004999995],[112.73155,-7.41403],[112.73154891,-7.41402974999992],[112.73142,-7.414],[112.7311508,-7.41388986999991],[112.73105002,-7.41384864000001],[112.73098,-7.41382],[112.73090769,-7.41380356999997],[112.73076,-7.41377],[112.73065158,-7.41373663999997],[112.73063875,-7.41373268999994],[112.73062939,-7.41373570999998],[112.730605521,-7.41368937299995],[112.73060417,-7.41368674999995],[112.73048973,-7.41348647999992],[112.730584,-7.41290967999992],[112.73063636,-7.41258930999992],[112.73079423,-7.41162327999997],[112.73079453,-7.41162146999994],[112.73079491,-7.41161918999997],[112.73045921,-7.41156959999997],[112.72976112,-7.41144942999992],[112.72911263,-7.41132735999998],[112.72912026,-7.41123771999998],[112.72921181,-7.41057014999996],[112.729239431,-7.41035257899996],[112.72924232,-7.41032981999995],[112.72912109,-7.41025956999994],[112.7289406,-7.41015496999994],[112.72871393,-7.41002360999992],[112.72833192,-7.40980224000002],[112.72833061,-7.40980271999997],[112.72795945,-7.40958813999994],[112.72750945,-7.40929813999997],[112.72744024,-7.40925601000001],[112.72737431,-7.40921587999998],[112.72712656,-7.40906507999995],[112.72695143,-7.40895847999998],[112.72694875,-7.40895683999998],[112.72681945,-7.40887813999995],[112.72673945,-7.40883813999996],[112.72672722,-7.40883620999995],[112.726715479,-7.40883435599995],[112.726707981,-7.40883317199996],[112.72654945,-7.40880813999996],[112.72641945,-7.40877814000001],[112.72638923,-7.40877283999993],[112.726373911,-7.40877015599995],[112.72636657,-7.40876886999996],[112.72631187,-7.40875927999998]]]]}},
{"type":"Feature","properties":{"kdkab":"15","kdkec":"150","nmkab":"SIDOARJO","nmkec":"GEDANGAN","kddesa":"009","kdprov":"35","nmdesa":"KEBOANSIKEP","nmprov":"JAWA TIMUR","iddesa":"3515150009"},"geometry":{"type":"MultiPolygon","coordinates":[[[[112.715992048,-7.39290268799993],[112.715964999,-7.39276236799998],[112.715863562,-7.39260175999992],[112.715831441,-7.39247834599996],[112.715826369,-7.392378601],[112.715893935,-7.39217795099997],[112.715937949,-7.39204724199994],[112.715938664601026,-7.392043784902457],[112.715956048,-7.39195980499993],[112.715973977,-7.39187319199994],[112.716057982,-7.39146736499995],[112.716065700149613,-7.391442503609511],[112.716082645028692,-7.39138903273806],[112.716218589,-7.39095003999996],[112.716306501,-7.39060515699991],[112.716335622,-7.390451683],[112.716346145492579,-7.390396220218352],[112.716369053,-7.39027548899993],[112.716414699,-7.38990186499995],[112.716414916962094,-7.389897433317587],[112.716420819,-7.38977743099994],[112.716427169,-7.38964832199995],[112.716428102,-7.38962934899994],[112.716429915,-7.389592485],[112.71644513,-7.38927803199992],[112.716470443,-7.38915653],[112.716504301,-7.38899401099997],[112.716570469,-7.38855931299998],[112.716505101,-7.38854702599996],[112.716504932,-7.388547364],[112.71650499,-7.38854696999992],[112.71651051,-7.38850946],[112.71613765,-7.38844488999996],[112.715373,-7.38830871999994],[112.715374797,-7.388304185],[112.7153776,-7.38829710999993],[112.71542139,-7.38820882999992],[112.71542223,-7.38812651999997],[112.715480888190115,-7.387801531215235],[112.71552797,-7.38754068],[112.715585777,-7.38719730999998],[112.71563128,-7.38692701999998],[112.71565952,-7.38674339999995],[112.715659733,-7.38674201599996],[112.71569348,-7.38652258],[112.715703599,-7.38645677199997],[112.71571851,-7.3863598],[112.715721768,-7.38633753499993],[112.715734057,-7.38625353899994],[112.715735152497359,-7.386246051571568],[112.71575924,-7.38608141999993],[112.715780177,-7.38594037599995],[112.71580543,-7.38577025999996],[112.715833841,-7.38557888299992],[112.715843,-7.38551718399996],[112.71584413,-7.38550956999997],[112.71586024,-7.38539752999997],[112.715882472,-7.38524287999997],[112.715891805,-7.38517795499995],[112.715894673461591,-7.385158000184016],[112.71590633,-7.38507690999997],[112.715932835,-7.38490687099995],[112.71598679,-7.38456072999996],[112.715990690784608,-7.384536171049476],[112.71599801,-7.38449008999992],[112.715999426,-7.384481174],[112.716014094,-7.38438882799991],[112.71601922,-7.38435655999994],[112.716043401,-7.38420437299996],[112.7161001,-7.383905],[112.716100549452349,-7.383882838313109],[112.716183395727967,-7.383864190128626],[112.716264380485185,-7.383839889599714],[112.71625888,-7.38378730999995],[112.71621834,-7.38362801999995],[112.71621384,-7.38361034999998],[112.7161641,-7.38341491999996],[112.716166551,-7.383394713],[112.71618926,-7.38320750999997],[112.716205483,-7.38307376099993],[112.71623894,-7.38279791999996],[112.716241776,-7.382774538],[112.71625457,-7.38266905999994],[112.71627237,-7.38255987999996],[112.716283466,-7.38249179799993],[112.71634576,-7.38210957],[112.716564296,-7.38219585999995],[112.71661373,-7.38221537999993],[112.71663208,-7.38222261999991],[112.71664945,-7.38220814999994],[112.71669977,-7.38221570000001],[112.71671615,-7.38221815000001],[112.71744945,-7.38232814999997],[112.71773945,-7.38234814999992],[112.71809945,-7.38233814999995],[112.71859079,-7.38238049999995],[112.71867945,-7.38238814999992],[112.71899945,-7.38242814999997],[112.71902661,-7.38242605999994],[112.71912945,-7.38241814999994],[112.71917455,-7.38238807999991],[112.71921945,-7.38235814999997],[112.71928945,-7.38234814999992],[112.71932382,-7.38234271999992],[112.71938131,-7.38233363999994],[112.71947945,-7.38231814999994],[112.71976945,-7.38228814999996],[112.71988945,-7.38227814999993],[112.72001945,-7.38227814999993],[112.72053945,-7.38237814999995],[112.72056877,-7.38238352999997],[112.720646215,-7.38236884099995],[112.7206656,-7.38236515999997],[112.72068132,-7.38236217999998],[112.72078736,-7.38236176999995],[112.72090102,-7.38237645],[112.72106009,-7.38237961999993],[112.72120781,-7.38238660999998],[112.72133658,-7.38238989999998],[112.72146541,-7.38240829999995],[112.7215734,-7.38242489999995],[112.72153676,-7.38274259999995],[112.72300551,-7.38307528999994],[112.72324383,-7.38312260999992],[112.72326258,-7.38312632999995],[112.72326702,-7.38312720999994],[112.72326661,-7.38312938999995],[112.72325032,-7.38321610999997],[112.72320645,-7.38347],[112.723196542,-7.38352737099997],[112.72319292,-7.38354833999994],[112.72317254,-7.38366628999992],[112.72313604,-7.38402180000001],[112.72308766,-7.38424125999993],[112.72307462,-7.38429612999992],[112.72304902,-7.38453061999995],[112.72301582,-7.38475756999998],[112.72292691,-7.38526827999994],[112.722929135,-7.38526864200002],[112.72297238,-7.38527566999996],[112.72304825,-7.38530939999995],[112.72316582,-7.38535431],[112.72330028,-7.38535945999997],[112.72341396,-7.38537792999993],[112.72359207,-7.38540747999997],[112.7240089,-7.38547392000001],[112.72434993,-7.38552552999992],[112.72455823,-7.38552850999998],[112.72469466,-7.38555443999996],[112.72485013,-7.38560676999998],[112.72502631,-7.38562687999995],[112.72544689,-7.38568574999994],[112.72558699,-7.38570655999997],[112.72560463,-7.38570917999991],[112.72560838,-7.38570974000001],[112.72571972,-7.38572627999997],[112.72590912,-7.38574065999994],[112.72626908,-7.38578841999991],[112.72626907,-7.38578848999992],[112.72626672,-7.38579976999993],[112.726253287,-7.38586447699993],[112.72621331,-7.38605704999998],[112.72617632,-7.38628401999996],[112.72615406,-7.38640129999994],[112.7261416,-7.38660738999993],[112.72608323,-7.38690474],[112.72607563,-7.38694347999995],[112.72607476,-7.38694788999994],[112.726073693,-7.38695270399993],[112.72601521,-7.38721653999994],[112.72599103,-7.38725508999994],[112.72597004,-7.38728853999991],[112.725961549,-7.38730781199997],[112.72595525,-7.38732211],[112.72594001,-7.38735670999996],[112.72596898,-7.38750213999996],[112.72606758,-7.38753956999991],[112.72607164,-7.38760759999995],[112.72612873,-7.38768298999996],[112.72614412,-7.38778757999994],[112.72614429,-7.38778877999995],[112.72614481,-7.3879211],[112.72611114,-7.38802707999998],[112.72611166,-7.38816317999992],[112.72611204,-7.38825980999995],[112.726112046,-7.3882613229999],[112.72611243,-7.38836116999993],[112.72626683,-7.38837538999994],[112.72638806,-7.38864580999994],[112.726397173,-7.38875220899994],[112.72639788,-7.38876045999998],[112.726398247,-7.38876474599995],[112.726398354,-7.38876472499991],[112.726685872,-7.38870859099996],[112.726686109,-7.38870979699997],[112.726759399,-7.38908343399993],[112.726824276,-7.38924778799998],[112.726867527,-7.38946116099994],[112.726934521,-7.38981622699992],[112.726868639,-7.38982426299996],[112.72688166,-7.38997128999996],[112.72685915,-7.39016486999996],[112.726856625851212,-7.390452397729623],[112.7268559,-7.39053507999995],[112.72685512,-7.39062346999998],[112.726853149,-7.39066916400001],[112.72681067,-7.39165497999995],[112.7267814,-7.392104],[112.72677057,-7.39230914999997],[112.72676405,-7.39235049999997],[112.72676383,-7.39235186999998],[112.726763586,-7.39235342399998],[112.72676211,-7.39236281799996],[112.72676196,-7.39236376999998],[112.72674219,-7.39248920999996],[112.72672338,-7.39277329999993],[112.72671656,-7.39287629999993],[112.726695,-7.39299358999992],[112.72669378,-7.39300022999991],[112.726689508,-7.39301084600001],[112.72664387,-7.39312425999995],[112.72662128,-7.39329848999993],[112.72662795,-7.39351711999995],[112.7266246,-7.39365257999995],[112.72659834,-7.39387713999996],[112.72659799,-7.39390036],[112.72659689,-7.39397332999995],[112.72659688,-7.39397402199994],[112.72659526,-7.39408224999994],[112.7265611,-7.39427200999997],[112.72654617,-7.39441913],[112.72651601,-7.39463982999995],[112.7266208,-7.39467037999998],[112.726732573806643,-7.394714134693355],[112.726847362182227,-7.394761557684839],[112.726948776772616,-7.394796766439255],[112.727016246110452,-7.394831554026384],[112.727009999972481,-7.394893237280604],[112.72700196407493,-7.394934540736774],[112.726981987326965,-7.394948567254416],[112.726910706234378,-7.395032642389261],[112.726497641441441,-7.394977810779579],[112.726269176401104,-7.394946739534094],[112.726133925097216,-7.394926634610544],[112.7260108,-7.39490346999994],[112.725915969448735,-7.394874544581344],[112.725804478509048,-7.394842559475697],[112.72577683423917,-7.394893735644732],[112.725751474619699,-7.394873630721182],[112.725731369696149,-7.394863578259407],[112.725603444805913,-7.394804798913201],[112.725489196753387,-7.394775847683916],[112.724960286242933,-7.394717945940158],[112.724783499461992,-7.394664007920905],[112.724715525,-7.39464944199994],[112.72456945,-7.39461813999998],[112.724240406842867,-7.394523850744417],[112.723982698277368,-7.394459880533121],[112.723777993601217,-7.394412359804729],[112.723701855501218,-7.394390574465049],[112.723604360170569,-7.394381288559243],[112.723447176222805,-7.394355700474725],[112.723310097198606,-7.394300868865043],[112.723151085530532,-7.394224104611489],[112.722975624379544,-7.394203999687939],[112.722811129550493,-7.394213138289552],[112.722639323840156,-7.394114441392125],[112.722443757765618,-7.393944463402111],[112.722390753876255,-7.393834800182747],[112.722319472783667,-7.393798245776292],[112.722129389870105,-7.393752552768223],[112.721988655405255,-7.393754380488546],[112.721780295288468,-7.393715998361769],[112.721719980517818,-7.393759863649514],[112.721535380765218,-7.393769002251128],[112.721285465185431,-7.393752692351734],[112.721224472156564,-7.393740984509419],[112.721242827048641,-7.393657422716465],[112.721094449712226,-7.393663768700934],[112.720963039460372,-7.393646112538019],[112.72091383281257,-7.393528817031924],[112.720779705514687,-7.393449967766548],[112.720540392994096,-7.393534375143716],[112.720373933645106,-7.393524059600232],[112.720164665800795,-7.393498105063731],[112.720163795800786,-7.393497885063732],[112.719954902262955,-7.393438974612243],[112.719745570975945,-7.393394324370267],[112.719545229052471,-7.393334319098231],[112.719255666137826,-7.393264808895922],[112.719171766137819,-7.393249558895882],[112.71918496,-7.39336166999993],[112.71913343,-7.39392249999996],[112.71908636,-7.39418959999994],[112.71907022,-7.39453161999993],[112.719070012,-7.39453604899996],[112.71906981,-7.3945403299999],[112.71886051,-7.39451545000001],[112.71884285,-7.39457805999993],[112.71884046,-7.39458711199996],[112.716962646,-7.39462201499991],[112.716545197,-7.39462222600002],[112.716522196002543,-7.39318781751594],[112.716518574,-7.392961939],[112.715978523,-7.39324249999992],[112.715978523,-7.39322897499992],[112.715978523,-7.393220126],[112.715978523,-7.39315965999998],[112.715981903564781,-7.393095430019144],[112.715992048,-7.39290268799993]]]]}},
{"type":"Feature","properties":{"kdkab":"15","kdkec":"150","nmkab":"SIDOARJO","nmkec":"GEDANGAN","kddesa":"013","kdprov":"35","nmdesa":"SEMAMBUNG","nmprov":"JAWA TIMUR","iddesa":"3515150013"},"geometry":{"type":"MultiPolygon","coordinates":[[[[112.739568513,-7.38177418799996],[112.73956791,-7.38177412999995],[112.73944017,-7.38176248999995],[112.73941092,-7.38175982999996],[112.73907435,-7.38166046],[112.73892291,-7.38161909999995],[112.73872081,-7.38151919999995],[112.73854406,-7.38145276999994],[112.73836727,-7.38137794999997],[112.73825798,-7.38136997999995],[112.73800562,-7.38131222999991],[112.73779512,-7.38121236999994],[112.73763524,-7.38116265999995],[112.73750038,-7.38106249999992],[112.73729625,-7.38101804999997],[112.73727326,-7.38101303999997],[112.737253671,-7.38100507699995],[112.73713016,-7.38095486999991],[112.7370627,-7.38089639999995],[112.73687339,-7.38084427999994],[112.73679263,-7.38082445999991],[112.73663775,-7.38076464999994],[112.73663297,-7.38076315999994],[112.73650985,-7.38072486999995],[112.73642229,-7.38068493999994],[112.73628769,-7.3806519],[112.73613961,-7.38061221000002],[112.73603183,-7.38055892999996],[112.7359039,-7.38051243999996],[112.73570858,-7.38042593999996],[112.73564759,-7.38030535999997],[112.73557992,-7.38019151999992],[112.73553918,-7.380091],[112.73545819,-7.38001077],[112.73538381,-7.37990366999997],[112.73531636,-7.37985022999989],[112.73524879,-7.37976323999991],[112.73517428,-7.37962257],[112.73513355,-7.37952204999994],[112.7350186,-7.37935468999993],[112.73495092,-7.37924084999995],[112.7348699,-7.37915390999994],[112.73477553,-7.37909385999998],[112.73470139,-7.37904716999996],[112.73460015,-7.37894687999995],[112.73458649,-7.37889323999997],[112.73451889,-7.37879952999997],[112.73447154,-7.37872587999995],[112.73439028,-7.37857852999996],[112.73431585,-7.378458],[112.73423473,-7.37834420999997],[112.7341874,-7.37827726999995],[112.7341401,-7.37821704999992],[112.73409285,-7.37817024999994],[112.73406525,-7.37798912999993],[112.734052043,-7.37794823399997],[112.73404889,-7.37793846999992],[112.73402396,-7.3778612899999],[112.73401762,-7.37784164999992],[112.73397063,-7.37786196999993],[112.73391054,-7.37796958999996],[112.73385039,-7.37806378999992],[112.73379681,-7.37811769999996],[112.73370237,-7.37803751999995],[112.73357441,-7.37798431999995],[112.73344641,-7.37791769999993],[112.73338571,-7.37787094999992],[112.73325098,-7.37780434999995],[112.73311612,-7.37770418999994],[112.73297459,-7.37761747999994],[112.73285328,-7.37754411999992],[112.73267085,-7.37739663999998],[112.73266742,-7.37739874999992],[112.73261202,-7.37733431999995],[112.73297658,-7.37711218999996],[112.73292041,-7.37698887999993],[112.73288435,-7.37689106999995],[112.73283255,-7.37681413999998],[112.73283052,-7.37681112999997],[112.73278619,-7.37677270999995],[112.73278945,-7.37676815000002],[112.73288945,-7.37662814999991],[112.73293945,-7.37654815],[112.73294202,-7.37654428999996],[112.732948437,-7.37653466399996],[112.73305945,-7.37636815],[112.73306127,-7.37636429999998],[112.73306862,-7.37634878999993],[112.73314945,-7.37617814999991],[112.73318154,-7.37613439999996],[112.73325945,-7.37602815],[112.73340945,-7.37592814999993],[112.73368945,-7.37581814999995],[112.73434791,-7.37570246999998],[112.73436223,-7.37569764999996],[112.73441755,-7.37566580000002],[112.73459142,-7.37556231999997],[112.73477309,-7.37542717999996],[112.73491527,-7.37532382999995],[112.73505715,-7.37514138999996],[112.7351674,-7.3749748999999],[112.73527756,-7.37478467999996],[112.73534845,-7.3746816],[112.73537181,-7.37457871],[112.73536166,-7.37438214999997],[112.735359475,-7.37433979399998],[112.735359374,-7.37433783800002],[112.735432289,-7.37432890999997],[112.735473294,-7.37403203699996],[112.735486415,-7.37378601099993],[112.735506097,-7.37359738999994],[112.735555303,-7.37340056899996],[112.735576625,-7.37325623299994],[112.73562255,-7.37314962099993],[112.735697998,-7.37303152799997],[112.735727521,-7.37296100099998],[112.735747204,-7.37290195399993],[112.735722601,-7.37289375399997],[112.735682479,-7.37288562799996],[112.73571341,-7.37279809999996],[112.73569702,-7.37265582],[112.73569652,-7.37252928999994],[112.735726,-7.37226260999995],[112.7357271,-7.37225268999994],[112.73572713,-7.3722524],[112.735727167,-7.3722524],[112.73575831,-7.37225226999995],[112.73586179,-7.37225186999995],[112.7359874,-7.37225139000001],[112.73602022,-7.37225125999991],[112.73618656,-7.37225060999998],[112.73619313,-7.37225010999992],[112.736200297,-7.37224957099993],[112.73629743,-7.37224226999997],[112.7364242,-7.37224968999997],[112.73648857,-7.37227510999996],[112.73649684,-7.37226251999992],[112.73655343,-7.37226095999997],[112.73662321,-7.372264],[112.73666475,-7.37226383999996],[112.73668802,-7.37226706999997],[112.73673954,-7.37227515999994],[112.73678948,-7.37230149999997],[112.73683779,-7.37233447999997],[112.73689927,-7.37233755999994],[112.73695081,-7.37235062999998],[112.73700734,-7.37236201999997],[112.73705054,-7.37236516999998],[112.73710956,-7.37237572000003],[112.73715946,-7.37239210999996],[112.73720767,-7.37240020999998],[112.73726923,-7.37242484999997],[112.73731243,-7.37242633999995],[112.73738397,-7.37245424999998],[112.73744219,-7.37247393],[112.73750538,-7.37249026999996],[112.73755032,-7.37251330999993],[112.737576379,-7.37251618199996],[112.737582458,-7.37250476199992],[112.737988577,-7.37174182199992],[112.738046616,-7.37176239899997],[112.738137645,-7.37176589999994],[112.738133168,-7.37177659399993],[112.738043574,-7.37199062499997],[112.738160444,-7.37201017799991],[112.73816966,-7.37201171999995],[112.73819623,-7.37200829999996],[112.73823441,-7.37200151999995],[112.73826584,-7.37196822999994],[112.73829569,-7.37195483999993],[112.73833051,-7.37193646999998],[112.73835868,-7.37191976999998],[112.73838681,-7.37189146999998],[112.73841,-7.37187313999992],[112.73846799,-7.37183476999995],[112.73850948,-7.371823],[112.73853601,-7.3718112899999],[112.73856916,-7.37179291999996],[112.7386073,-7.37177452999992],[112.73863369,-7.37172632999995],[112.73864851,-7.37169309999994],[112.7386601,-7.37168310999996],[112.73867993,-7.37165483999996],[112.73868478,-7.37162164999994],[112.73869464,-7.37159507999996],[112.7387095,-7.37157013999995],[112.7387261,-7.37156841999995],[112.73874272,-7.37157000999998],[112.73877955,-7.37157113999995],[112.7387867,-7.37157556999993],[112.73885791,-7.37154363999996],[112.73892502,-7.37148008999995],[112.73898035,-7.37144030999996],[112.73901194,-7.37141249999996],[112.73911654,-7.37130725999997],[112.73919952,-7.37124759999996],[112.73927849,-7.37117607999994],[112.73934965,-7.37113228999991],[112.73941285,-7.37108061999991],[112.73945226,-7.37102507999998],[112.73949164,-7.37096162999997],[112.73951504,-7.37086659999995],[112.73955041,-7.37079129999995],[112.73956603,-7.37073189999995],[112.73956583,-7.37068047],[112.73956571,-7.37064882999991],[112.73956156,-7.37060136999997],[112.73955733,-7.37053413999993],[112.73954915,-7.37046691999996],[112.73954902,-7.37043526999997],[112.739533,-7.37039181999994],[112.73954004,-7.37038118999993],[112.73954678,-7.37037100999994],[112.73954876,-7.37036801999993],[112.73962411,-7.37038354999991],[112.73982831,-7.37041637999997],[112.739879558,-7.37042186699996],[112.73989967,-7.37042402000001],[112.73998293,-7.37043555999997],[112.7400702,-7.37045895999993],[112.74014945,-7.37045864999993],[112.74024864,-7.37048990999995],[112.7403121,-7.37050549000001],[112.74048655,-7.37052853999995],[112.74063326,-7.37055170999997],[112.74075616,-7.37056704999998],[112.74086316,-7.37057058999996],[112.74097027,-7.37060181999995],[112.741109,-7.37060918999992],[112.74123187,-7.37061662999997],[112.74135876,-7.37063986999992],[112.74144991,-7.37064346999995],[112.74151728,-7.37064320999998],[112.74158068,-7.37064295999993],[112.74162433,-7.37065861999996],[112.74179096,-7.37070938999998],[112.7419138,-7.37070891000001],[112.7420089,-7.37070854999993],[112.74216366,-7.37076331999997],[112.74228262,-7.37078659999997],[112.74248879,-7.37081348999993],[112.74262353,-7.37081691999997],[112.74266445,-7.37081584999991],[112.74274287,-7.37081379999994],[112.74276193,-7.37081330999996],[112.742764612,-7.37081324099993],[112.74276464,-7.37081323999993],[112.74276495,-7.37081338],[112.74303944,-7.37093815],[112.74313944,-7.37101814999993],[112.74321945,-7.37105814999996],[112.74349945,-7.37118814999998],[112.74475944,-7.37155814999992],[112.74489532,-7.37160797],[112.74492808,-7.37163746999992],[112.74501067,-7.37165430999994],[112.74498045,-7.37172079999993],[112.74453929,-7.37369786999996],[112.74453746,-7.37370611999996],[112.74456096,-7.37371444999997],[112.744568765,-7.37371721699996],[112.744613174816308,-7.37373296104801],[112.744692407,-7.37376105099998],[112.74477307,-7.37378964999996],[112.74506607,-7.37389352999997],[112.74531,-7.37392],[112.74546,-7.37392],[112.74566856,-7.37381406999996],[112.74584458,-7.37372465999995],[112.74604099,-7.37362488999997],[112.746114162720573,-7.373588628860146],[112.746251874,-7.37352382099993],[112.74626199,-7.37351905999995],[112.74643,-7.37344],[112.74677,-7.37337],[112.74725,-7.37332],[112.74748,-7.37334],[112.7478,-7.37343],[112.747812245,-7.37343482399993],[112.748223266,-7.37357206199994],[112.748439485,-7.37364984299993],[112.748661968,-7.37374317099993],[112.748798422,-7.37380041099993],[112.748859792,-7.37383484399995],[112.749127104,-7.37398482699996],[112.74923,-7.37403],[112.749265071949182,-7.374046613028563],[112.74942,-7.37412],[112.7498,-7.37429],[112.75,-7.37437],[112.75076,-7.37469],[112.751023376,-7.37476981099995],[112.750947971350556,-7.375206892858353],[112.750947092,-7.37521198999996],[112.750908552,-7.37543538699992],[112.750790664,-7.376118715],[112.750790589,-7.37611914899995],[112.750767358,-7.376253811],[112.750673913,-7.37679545599997],[112.750570571,-7.37739447499994],[112.750490478831821,-7.377837730058666],[112.750493570677364,-7.377838483749548],[112.75055954920704,-7.378479033405029],[112.750541183982733,-7.379030918888025],[112.75054005,-7.37933517999996],[112.750543166,-7.37935363399993],[112.750544887,-7.3793534939999],[112.750957402,-7.37933946899993],[112.750883973,-7.38027314099997],[112.750885809,-7.38027449799996],[112.750850154,-7.38115162399993],[112.75084407,-7.38116388999993],[112.75081327,-7.381226],[112.75080229,-7.38124813799991],[112.7506979,-7.38145861999991],[112.75058619,-7.38261055999995],[112.75062559,-7.38261947299995],[112.75070254,-7.38263687999996],[112.75080983,-7.38263645999996],[112.7511675,-7.38263505999992],[112.7514268,-7.38263404],[112.75165914,-7.38259741999996],[112.75183804,-7.38261456999991],[112.751889749,-7.38263498699997],[112.75192273,-7.38264801000001],[112.75185056,-7.38265085999994],[112.75171664,-7.38274074999994],[112.75164252,-7.38286019],[112.75159813,-7.38295468999997],[112.75158394,-7.3831384399999],[112.75143962,-7.38311417999995],[112.7512556,-7.38310993999994],[112.7511161,-7.38304594999993],[112.75103844,-7.38304326999998],[112.75062842,-7.38302910999992],[112.75059895,-7.38302251999996],[112.750553507,-7.38301235799997],[112.7505524,-7.38301211000001],[112.75037998,-7.38297356999996],[112.74975801,-7.38288873999992],[112.749333409472726,-7.382827172825398],[112.749270772,-7.38281808999993],[112.74910686,-7.38279431999998],[112.74909244,-7.38279253999997],[112.748933432,-7.38277290899991],[112.748917841,-7.38277098299991],[112.74865012,-7.38273792999997],[112.74831969,-7.38269074999992],[112.74805729,-7.38265298999996],[112.747756,-7.38260567999993],[112.74747421,-7.38257769999997],[112.74712439,-7.38254027999993],[112.74691055,-7.38250232999995],[112.74689402,-7.38250138999994],[112.746884985,-7.38250087999994],[112.74681892,-7.38249714999995],[112.746438419,-7.38247562499993],[112.74629903,-7.38246774],[112.7462766,-7.38246646999993],[112.74627642,-7.38246645999991],[112.74626033,-7.38252188999997],[112.746245163810556,-7.382574116494392],[112.746177695,-7.38280645299995],[112.74613511,-7.38295309999997],[112.74611174,-7.3830336],[112.74610731,-7.38303320999995],[112.746095919,-7.38303222199995],[112.7460203,-7.38302565999995],[112.74584797,-7.38301750999994],[112.745833384,-7.38301560599994],[112.74560054,-7.38298520999996],[112.74553635,-7.38297682999994],[112.745456038858265,-7.382973807987284],[112.74543031,-7.38297283999997],[112.74488223,-7.38290440999998],[112.74475844,-7.38288284999993],[112.74462144,-7.38287014999996],[112.74444901,-7.38283553999998],[112.744352097,-7.38281070699997],[112.74414387,-7.38275734999995],[112.74405543,-7.38273563999997],[112.74392286,-7.38272733999997],[112.74383891,-7.38272325999998],[112.74373728,-7.38271924999996],[112.74360023,-7.38269331999995],[112.74344547,-7.38265863999992],[112.74333495,-7.38264143],[112.74306082,-7.38258516999998],[112.74299456,-7.38258542999993],[112.74282432,-7.38256762999992],[112.7428387,-7.38251415999997],[112.7428803,-7.38240491999995],[112.74294681,-7.38222007999998],[112.742937910450678,-7.382086327632627],[112.74293788,-7.38208586999996],[112.7428537,-7.38205263999996],[112.7427192,-7.38204477999992],[112.74250065,-7.38203723999994],[112.74230736,-7.38203798999992],[112.74213927,-7.38203864999997],[112.74198792,-7.38202245999995],[112.741878436556732,-7.381983905696268],[112.7418701,-7.38198096999996],[112.74176934,-7.38200652999994],[112.7415592,-7.38199895999998],[112.74134903,-7.381983],[112.741322979,-7.38197876999991],[112.74119765,-7.38195841999991],[112.74107159,-7.38195891000001],[112.741071018,-7.38195888799996],[112.74086985,-7.38195131000001],[112.74072678,-7.38190152999993],[112.74056703,-7.38188536999994],[112.74040728,-7.38186920999992],[112.74022232,-7.38185314999992],[112.73997427,-7.38182474999996],[112.73980433,-7.38179281999991],[112.739793323,-7.38179075099993],[112.7397556,-7.38178365999996],[112.73970061,-7.38178112999998],[112.73958748,-7.38177591999993],[112.73956895,-7.38177422999994],[112.739568513,-7.38177418799996]]]]}},
{"type":"Feature","properties":{"kdkab":"15","kdkec":"150","nmkab":"SIDOARJO","nmkec":"GEDANGAN","kddesa":"012","kdprov":"35","nmdesa":"WEDI","nmprov":"JAWA TIMUR","iddesa":"3515150012"},"geometry":{"type":"MultiPolygon","coordinates":[[[[112.74678944,-7.39238813999998],[112.74642944,-7.39240813999989],[112.74610944,-7.39241813999996],[112.74600944,-7.39247813999998],[112.74592944,-7.39256814000001],[112.74576944,-7.39277813999997],[112.74572198,-7.39280046999995],[112.74559945,-7.39285813999994],[112.74558692,-7.39285813999994],[112.74544945,-7.39285813999994],[112.74490944,-7.39278813999993],[112.74468945,-7.39273813999995],[112.74465636,-7.39273401000001],[112.74444945,-7.39270814],[112.744339009,-7.39264678699994],[112.74426944,-7.39260813999995],[112.744170351,-7.39255347399997],[112.74412133,-7.39252642999998],[112.74406331,-7.39249441999995],[112.74397944,-7.39244813999994],[112.7439337,-7.39244160999994],[112.74384318,-7.39242867000001],[112.74383944,-7.39242813999992],[112.74374945,-7.39246813999995],[112.74364945,-7.39258813999995],[112.74350944,-7.39273813999995],[112.74335945,-7.39281814],[112.74323945,-7.39280813999994],[112.74295071,-7.39277655999998],[112.742949794,-7.39277645999994],[112.74288557,-7.39276943999993],[112.74259945,-7.39273813999995],[112.74234945,-7.39275813999996],[112.74221945,-7.39268813999997],[112.74178945,-7.39237813999994],[112.74169533,-7.39238048999993],[112.74138945,-7.39238813999998],[112.74103945,-7.39250813999997],[112.74088915,-7.39244372999996],[112.74088913,-7.39243689999994],[112.74088296,-7.39236636999992],[112.74087978,-7.39230757999996],[112.7408766,-7.39224585999995],[112.74086163,-7.39218417999998],[112.74087624,-7.39215472999996],[112.74082255,-7.39198148999997],[112.74081343,-7.39190803],[112.74079367,-7.39175082999998],[112.7407787,-7.39168620999993],[112.74076369,-7.39161277999993],[112.74074864,-7.39153051999995],[112.74073952,-7.39145705999993],[112.74073046,-7.39140123999997],[112.74070939,-7.39128372999998],[112.74070916,-7.39122493999997],[112.74068823,-7.39114564999993],[112.74067466,-7.39106484999997],[112.74067448,-7.39101781999993],[112.74065371,-7.39097673999991],[112.74064759,-7.39091796999997],[112.74063554,-7.39085040000002],[112.74062059,-7.39079166999995],[112.74062041,-7.39074756999995],[112.74062027,-7.39071228999995],[112.74060251,-7.39068883999995],[112.74059068,-7.39067418999998],[112.74059052,-7.39063303999997],[112.74058438,-7.39057131999994],[112.74057243,-7.39052726999994],[112.74056629,-7.39046261999993],[112.74056308,-7.39039501999996],[112.74055411,-7.39035977999991],[112.74054039,-7.3902407699999],[112.74053434,-7.39019962999993],[112.74051062,-7.39015856999993],[112.74047171,-7.38999996999997],[112.74045943,-7.38987066999992],[112.74046508,-7.38980890999995],[112.74052648,-7.38969695999997],[112.74055553,-7.38959395999993],[112.74058167,-7.38950271999994],[112.74060184,-7.38938798999993],[112.74064553,-7.38926434999996],[112.74066864,-7.38914960999994],[112.74067134,-7.38908785999997],[112.74070935,-7.38901715999997],[112.740757498302884,-7.388847310047516],[112.74078478,-7.38875106999997],[112.7407881,-7.38871297999997],[112.7407977,-7.38848221999996],[112.74086112,-7.38831101999998],[112.74087753,-7.38821027999995],[112.74091893,-7.38805069999996],[112.74097724,-7.38791623999998],[112.7410102,-7.38774830999996],[112.74105173,-7.38762228999996],[112.7411014,-7.38742912999992],[112.74115977,-7.38731143999995],[112.74122655,-7.38719371999994],[112.741308221,-7.38711900999994],[112.74130927,-7.38711804999995],[112.74131299,-7.38711464999995],[112.74131824,-7.38710984999992],[112.74131867,-7.38710945999998],[112.74133511,-7.38701709999998],[112.74136834,-7.38691628999997],[112.74138446,-7.38674003999992],[112.741384,-7.38662257999995],[112.74141706,-7.38647981999997],[112.7414201,-7.38646432999995],[112.74143354,-7.38639584999993],[112.74144979,-7.38625315999996],[112.74144952,-7.38618603999994],[112.741399,-7.38616105999994],[112.74136505,-7.38607729999994],[112.741323,-7.38606906999997],[112.74129765,-7.38603560999994],[112.74126377,-7.38596862],[112.74122983,-7.38588484999997],[112.74120468,-7.38590172999996],[112.74116266,-7.38590189999997],[112.74098201,-7.38591518999992],[112.74093963,-7.38582305999992],[112.74090555,-7.38570572999993],[112.74088011,-7.38564709999996],[112.74087958,-7.38551285999995],[112.74087091,-7.38544576999992],[112.74083687,-7.38533684000001],[112.74078618,-7.38526990999998],[112.740783399,-7.38524192099995],[112.74078268,-7.38523468999995],[112.74077704,-7.38517788999993],[112.74076868,-7.38509378999993],[112.74081047,-7.38503489999994],[112.74082702,-7.38496770999995],[112.74083526,-7.38492572999998],[112.74088549,-7.38487518999993],[112.740924755,-7.38482910399995],[112.74093569,-7.38481626999994],[112.74095,-7.38481441999995],[112.74095323,-7.384814],[112.74100289,-7.38480760999993],[112.74110387,-7.38484077999992],[112.74126375,-7.38489049999992],[112.74140679,-7.38493188999997],[112.74157472,-7.38488927999991],[112.74176789,-7.38485496999994],[112.74186844,-7.38477906999995],[112.74200249,-7.38466946999996],[112.74211976,-7.38456833],[112.74219503,-7.38447574999998],[112.74221992,-7.38439174999997],[112.74226992,-7.38428249],[112.74231168,-7.38421519999996],[112.74236178,-7.38413110999994],[112.74241612,-7.38405957999992],[112.74244912,-7.38390003999997],[112.74246919,-7.38383325999998],[112.74247256,-7.38382205999998],[112.742473144,-7.38382011699996],[112.74250719,-7.38370683999995],[112.74253191,-7.38358088999996],[112.7426069,-7.3834128],[112.74263188,-7.38335396999997],[112.74263155,-7.38327006999998],[112.74263125,-7.38319455999993],[112.74267282,-7.38307694],[112.74272285,-7.38297605999997],[112.74274763,-7.38286688999995],[112.74281385,-7.38260653999993],[112.74282432,-7.38256762999992],[112.74299456,-7.38258542999993],[112.74306082,-7.38258516999998],[112.74333495,-7.38264143],[112.74344547,-7.38265863999992],[112.74360023,-7.38269331999995],[112.74373728,-7.38271924999996],[112.74383891,-7.38272325999998],[112.74392286,-7.38272733999997],[112.74405543,-7.38273563999997],[112.74414387,-7.38275734999995],[112.744352097,-7.38281070699997],[112.74444901,-7.38283553999998],[112.74462144,-7.38287014999996],[112.74475844,-7.38288284999993],[112.74488223,-7.38290440999998],[112.74543031,-7.38297283999997],[112.745456038858265,-7.382973807987284],[112.74553635,-7.38297682999994],[112.74560054,-7.38298520999996],[112.745833384,-7.38301560599994],[112.74584797,-7.38301750999994],[112.7460203,-7.38302565999995],[112.746095919,-7.38303222199995],[112.74610731,-7.38303320999995],[112.74611174,-7.3830336],[112.74613511,-7.38295309999997],[112.746177695,-7.38280645299995],[112.746245163810556,-7.382574116494392],[112.74626033,-7.38252188999997],[112.74627642,-7.38246645999991],[112.7462766,-7.38246646999993],[112.74629903,-7.38246774],[112.746438419,-7.38247562499993],[112.74681892,-7.38249714999995],[112.746884985,-7.38250087999994],[112.74689402,-7.38250138999994],[112.74691055,-7.38250232999995],[112.74712439,-7.38254027999993],[112.74747421,-7.38257769999997],[112.747756,-7.38260567999993],[112.74805729,-7.38265298999996],[112.74831969,-7.38269074999992],[112.74865012,-7.38273792999997],[112.748917841,-7.38277098299991],[112.748933432,-7.38277290899991],[112.74909244,-7.38279253999997],[112.74910686,-7.38279431999998],[112.749270772,-7.38281808999993],[112.749333409472726,-7.382827172825398],[112.74975801,-7.38288873999992],[112.75037998,-7.38297356999996],[112.7505524,-7.38301211000001],[112.750553507,-7.38301235799997],[112.75059895,-7.38302251999996],[112.75062842,-7.38302910999992],[112.75103844,-7.38304326999998],[112.7511161,-7.38304594999993],[112.7512556,-7.38310993999994],[112.75143962,-7.38311417999995],[112.75158394,-7.3831384399999],[112.75159813,-7.38295468999997],[112.75164252,-7.38286019],[112.75171664,-7.38274074999994],[112.75185056,-7.38265085999994],[112.75192273,-7.38264801000001],[112.75198979,-7.38264534999994],[112.752207775,-7.38260578499995],[112.75221342,-7.38260475999992],[112.75237248,-7.38258427999994],[112.75249183,-7.38258380999995],[112.7526161,-7.3825684299999],[112.75277523,-7.38256779999993],[112.75389324,-7.38273184999997],[112.754885177,-7.38287740099998],[112.75529087,-7.38293692999997],[112.755301954,-7.38293855599995],[112.75574091,-7.38300295999996],[112.755697272,-7.38329223199998],[112.75566822,-7.38348481],[112.75556425,-7.38360436999993],[112.75553373,-7.38403162999996],[112.75553126,-7.38406619999992],[112.75551929,-7.38418290999993],[112.75551473,-7.38428718999996],[112.75547536,-7.38439159999993],[112.75548088,-7.38453057999995],[112.75545161,-7.38467467],[112.75545961,-7.38481117],[112.75546491,-7.38489553999994],[112.75544535,-7.38498001999995],[112.75542119,-7.38515882999995],[112.75541423,-7.38519752999998],[112.75540165,-7.38526747999992],[112.7553774,-7.38540226999995],[112.75537283,-7.38550653999996],[112.755363425989174,-7.385625596303228],[112.75535057,-7.38578985],[112.755350378,-7.38579228899996],[112.75532151,-7.38615946999993],[112.75531838,-7.38619930999995],[112.75527389,-7.38626898999995],[112.75519965,-7.38635864000002],[112.75511045,-7.38643842999996],[112.75501128,-7.38651328999991],[112.75495534,-7.38653983999994],[112.75486138,-7.38659897],[112.75475414,-7.38666298999995],[112.75472848,-7.38668318999995],[112.7547101,-7.38669174999993],[112.75465846,-7.38686089999996],[112.75461734,-7.38699556999995],[112.75456643,-7.38716494999994],[112.75455368,-7.38720737999998],[112.75450164,-7.38738050999995],[112.75444762,-7.38783765999994],[112.75442122,-7.38801737999995],[112.75435828,-7.38801762999998],[112.75425506,-7.38801949],[112.75413788,-7.38800387999992],[112.75401892,-7.38798801999996],[112.75396787,-7.38800011999997],[112.753966475,-7.38800853799997],[112.75396327,-7.38802786999996],[112.75389488,-7.38844077999996],[112.75389497,-7.38844391999993],[112.75389204,-7.3884578899999],[112.75383151,-7.38874700999997],[112.75379978,-7.38884139999995],[112.75375264,-7.38898159999998],[112.75374795,-7.38899556999996],[112.75351244,-7.38891822999993],[112.75351111,-7.38892254999995],[112.75335701,-7.38942169999995],[112.75304118,-7.39072408999994],[112.75297503,-7.3909361],[112.75274467,-7.39186892999995],[112.75273944,-7.39186813999992],[112.75265944,-7.39187814],[112.75233944,-7.39189813999995],[112.75223944,-7.39194813999997],[112.75217944,-7.39203813999992],[112.75203944,-7.39220813999998],[112.75196099,-7.39223428999998],[112.75191944,-7.39224813999995],[112.75179944,-7.39223813999993],[112.75156944,-7.39217813999994],[112.75147944,-7.39216813999995],[112.75138944,-7.39224813999995],[112.75135238,-7.39228014999998],[112.75129707,-7.39232791999995],[112.751278085,-7.392344317],[112.7512047,-7.3924077],[112.75094944,-7.39262813999995],[112.75083944,-7.39260813999995],[112.75079223,-7.39258115999997],[112.75069944,-7.39252813999996],[112.75043523,-7.39236098999993],[112.75028302,-7.39226468999996],[112.750258548,-7.39224920799994],[112.75020944,-7.39221813999997],[112.750063603,-7.39212533399995],[112.74998944,-7.39207814],[112.74990662,-7.39205225999996],[112.74982944,-7.39202813999998],[112.74974944,-7.39199813999996],[112.7496002,-7.39193638999997],[112.749546117,-7.39191400899996],[112.74950731,-7.39189794999994],[112.74945944,-7.39187814],[112.74923944,-7.39180814000001],[112.74908944,-7.39180814000001],[112.74893944,-7.39182814000002],[112.74883944,-7.39184813999995],[112.74881632,-7.39187125999996],[112.74871944,-7.39196813999995],[112.74853944,-7.39211813999997],[112.74835944,-7.39215813999995],[112.747723154546435,-7.392251629965893],[112.747382817,-7.39230121699995],[112.74715174,-7.39233506999994],[112.74691538,-7.39236968999997],[112.746915336,-7.39236969599994],[112.74678944,-7.39238813999998]]]]}},
{"type":"Feature","properties":{"kdkab":"15","kdkec":"150","nmkab":"SIDOARJO","nmkec":"GEDANGAN","kddesa":"010","kdprov":"35","nmdesa":"GEDANGAN","nmprov":"JAWA TIMUR","iddesa":"3515150010"},"geometry":{"type":"MultiPolygon","coordinates":[[[[112.727454985538046,-7.395044160745132],[112.727416954106545,-7.395057583603299],[112.727339772672124,-7.395062057889354],[112.72721337409105,-7.395047516459674],[112.72705453693608,-7.395037449316049],[112.727042232649438,-7.39494796359494],[112.72700196407493,-7.394934540736774],[112.727009999972481,-7.394893237280604],[112.727016246110452,-7.394831554026384],[112.726948776772616,-7.394796766439255],[112.726847362182227,-7.394761557684839],[112.726732573806643,-7.394714134693355],[112.7266208,-7.39467037999998],[112.72651601,-7.39463982999995],[112.72654617,-7.39441913],[112.7265611,-7.39427200999997],[112.72659526,-7.39408224999994],[112.72659688,-7.39397402199994],[112.72659689,-7.39397332999995],[112.72659799,-7.39390036],[112.72659834,-7.39387713999996],[112.7266246,-7.39365257999995],[112.72662795,-7.39351711999995],[112.72662128,-7.39329848999993],[112.72664387,-7.39312425999995],[112.726689508,-7.39301084600001],[112.72669378,-7.39300022999991],[112.726695,-7.39299358999992],[112.72671656,-7.39287629999993],[112.72672338,-7.39277329999993],[112.72674219,-7.39248920999996],[112.72676196,-7.39236376999998],[112.72676211,-7.39236281799996],[112.726763586,-7.39235342399998],[112.72676383,-7.39235186999998],[112.72676405,-7.39235049999997],[112.72677057,-7.39230914999997],[112.7267814,-7.392104],[112.72681067,-7.39165497999995],[112.726853149,-7.39066916400001],[112.72685512,-7.39062346999998],[112.7268559,-7.39053507999995],[112.726856625851212,-7.390452397729623],[112.72685915,-7.39016486999996],[112.72688166,-7.38997128999996],[112.726868639,-7.38982426299996],[112.726934521,-7.38981622699992],[112.726867527,-7.38946116099994],[112.726824276,-7.38924778799998],[112.726759399,-7.38908343399993],[112.726686109,-7.38870979699997],[112.726685872,-7.38870859099996],[112.726398354,-7.38876472499991],[112.726398247,-7.38876474599995],[112.72639788,-7.38876045999998],[112.726397173,-7.38875220899994],[112.72638806,-7.38864580999994],[112.72626683,-7.38837538999994],[112.72611243,-7.38836116999993],[112.726112046,-7.3882613229999],[112.72611204,-7.38825980999995],[112.72611166,-7.38816317999992],[112.72611114,-7.38802707999998],[112.72614481,-7.3879211],[112.72614429,-7.38778877999995],[112.72614412,-7.38778757999994],[112.72612873,-7.38768298999996],[112.72607164,-7.38760759999995],[112.72606758,-7.38753956999991],[112.72596898,-7.38750213999996],[112.72594001,-7.38735670999996],[112.72595525,-7.38732211],[112.725961549,-7.38730781199997],[112.72597004,-7.38728853999991],[112.72599103,-7.38725508999994],[112.72601521,-7.38721653999994],[112.726073693,-7.38695270399993],[112.72607476,-7.38694788999994],[112.72607563,-7.38694347999995],[112.72608323,-7.38690474],[112.7261416,-7.38660738999993],[112.72615406,-7.38640129999994],[112.72617632,-7.38628401999996],[112.72621331,-7.38605704999998],[112.726253287,-7.38586447699993],[112.72626672,-7.38579976999993],[112.72626907,-7.38578848999992],[112.72626908,-7.38578841999991],[112.72590912,-7.38574065999994],[112.72571972,-7.38572627999997],[112.72560838,-7.38570974000001],[112.72560463,-7.38570917999991],[112.72558699,-7.38570655999997],[112.72544689,-7.38568574999994],[112.72502631,-7.38562687999995],[112.72485013,-7.38560676999998],[112.72469466,-7.38555443999996],[112.72455823,-7.38552850999998],[112.72434993,-7.38552552999992],[112.7240089,-7.38547392000001],[112.72359207,-7.38540747999997],[112.72341396,-7.38537792999993],[112.72330028,-7.38535945999997],[112.72316582,-7.38535431],[112.72304825,-7.38530939999995],[112.72297238,-7.38527566999996],[112.722929135,-7.38526864200002],[112.72292691,-7.38526827999994],[112.72301582,-7.38475756999998],[112.72304902,-7.38453061999995],[112.72307462,-7.38429612999992],[112.72308766,-7.38424125999993],[112.72313604,-7.38402180000001],[112.72317254,-7.38366628999992],[112.72319292,-7.38354833999994],[112.723196542,-7.38352737099997],[112.72320645,-7.38347],[112.72325032,-7.38321610999997],[112.72326661,-7.38312938999995],[112.72326702,-7.38312720999994],[112.72326258,-7.38312632999995],[112.72324383,-7.38312260999992],[112.72300551,-7.38307528999994],[112.72153676,-7.38274259999995],[112.7215734,-7.38242489999995],[112.72146541,-7.38240829999995],[112.72133658,-7.38238989999998],[112.72120781,-7.38238660999998],[112.72106009,-7.38237961999993],[112.72090102,-7.38237645],[112.72078736,-7.38236176999995],[112.72068132,-7.38236217999998],[112.7206656,-7.38236515999997],[112.720646215,-7.38236884099995],[112.72056877,-7.38238352999997],[112.72053945,-7.38237814999995],[112.72001945,-7.38227814999993],[112.71988945,-7.38227814999993],[112.71976945,-7.38228814999996],[112.71947945,-7.38231814999994],[112.71938131,-7.38233363999994],[112.71922865,-7.38224437999996],[112.71918744,-7.38221377999998],[112.71911498,-7.38207048999997],[112.71910411,-7.38191670999995],[112.71920561,-7.38159842999995],[112.7193071,-7.38128013999994],[112.71933689,-7.38101340999996],[112.71934704,-7.38098259999994],[112.71945813,-7.38048995000001],[112.71972905,-7.38015563999992],[112.71984003,-7.37963221999993],[112.71997725,-7.37931459999992],[112.71998,-7.37931466999996],[112.719986254,-7.37931632999993],[112.71998829,-7.37931686999998],[112.72026688,-7.37939088999994],[112.72045304,-7.37945975999998],[112.72053486,-7.37951201999992],[112.72177945,-7.37985814999997],[112.72191114,-7.37989200999995],[112.72215259,-7.37989107999991],[112.72230249,-7.37989049999995],[112.72266767,-7.37983764999995],[112.72288306,-7.37981343999998],[112.72305633,-7.37979873999997],[112.72320625,-7.37980283999997],[112.72332343,-7.37982108999992],[112.7234734,-7.37983922],[112.72373589,-7.37988028999996],[112.72384644,-7.37989089999998],[112.72392333,-7.37989827999996],[112.72400778,-7.37993068999995],[112.724053489,-7.37992669899993],[112.72405394,-7.37992665999994],[112.72406398,-7.37992578999996],[112.72409195,-7.37989294999994],[112.72409172,-7.37983215999998],[112.72408513,-7.37982201999993],[112.72404931,-7.37976684999995],[112.72403496,-7.37969207999994],[112.72401018,-7.37961769000001],[112.72392435,-7.37955455999998],[112.72379713,-7.37936330999997],[112.72364641,-7.37915345999996],[112.72365983,-7.37898972999992],[112.72375744,-7.37879294999994],[112.72389448,-7.37849546],[112.72400108,-7.37820043999994],[112.7241407,-7.37796607999996],[112.72422821,-7.37757759999995],[112.72426425,-7.37720801999997],[112.72427712,-7.376904],[112.72425692,-7.37652528999995],[112.72428416,-7.37630071999995],[112.72428241,-7.37626234999995],[112.72428145,-7.37624132999998],[112.72428267,-7.37622729000001],[112.72430084,-7.37618010999996],[112.72431109,-7.376119],[112.72431967,-7.37607708999995],[112.72433646,-7.37604393999991],[112.72433724,-7.37604316999995],[112.72436981,-7.37599944999993],[112.72439135,-7.37592308999994],[112.72455462,-7.37580259],[112.7246529,-7.37581310999998],[112.72466475,-7.37582190999998],[112.72466525,-7.37580362999997],[112.72469665,-7.37583472999995],[112.72474048,-7.37587814999996],[112.72479527,-7.37593243],[112.72486106,-7.37600845999998],[112.72497595,-7.37618421999993],[112.72500945,-7.37620814999994],[112.72511945,-7.37631815],[112.72540945,-7.37658814999997],[112.72555945,-7.37667814999998],[112.72574945,-7.37671814999994],[112.725751723,-7.37671794299997],[112.72607945,-7.37668814999996],[112.72631945,-7.37666814999994],[112.72690945,-7.37671814999994],[112.72843945,-7.37665815000001],[112.72855945,-7.37665815000001],[112.72860972,-7.37666042999994],[112.72864078,-7.37666183999997],[112.728722983,-7.37666557999998],[112.72872583,-7.3766657099999],[112.7287486,-7.37666674999998],[112.72877945,-7.37666814999994],[112.728786891,-7.376668894],[112.72887945,-7.37667814999998],[112.729037768780088,-7.376690917643541],[112.72949945,-7.37672815],[112.72987945,-7.37679814999997],[112.73031945,-7.37689814999995],[112.73037945,-7.37690814999997],[112.73083945,-7.37696814999992],[112.73115945,-7.37699814999995],[112.73150945,-7.37698814999992],[112.73198945,-7.37706814999994],[112.73232945,-7.37708814999996],[112.73249945,-7.37704814999993],[112.73263945,-7.37697814999992],[112.73278619,-7.37677270999995],[112.73283052,-7.37681112999997],[112.73283255,-7.37681413999998],[112.73288435,-7.37689106999995],[112.73292041,-7.37698887999993],[112.73297658,-7.37711218999996],[112.73261202,-7.37733431999995],[112.73241284,-7.37746489999993],[112.73216278,-7.37764666999994],[112.73199154,-7.37779567999997],[112.73189948,-7.37800465999993],[112.73186307,-7.37819486999996],[112.73180799,-7.37836196999995],[112.73181446,-7.37836677999996],[112.73154145,-7.37919512999994],[112.7314247,-7.37949437999991],[112.73130019,-7.38012866999996],[112.73118376,-7.38050940999991],[112.73110329,-7.38080851999994],[112.73104114,-7.38115282999994],[112.73097871,-7.38142471],[112.73089807,-7.38167854999992],[112.73083595,-7.38203190999998],[112.73076498,-7.38243963999997],[112.73065748,-7.38278411999995],[112.73069885,-7.38280897999995],[112.73077972,-7.38285756999994],[112.730790139,-7.38286382999994],[112.73081885,-7.38288107999993],[112.73088945,-7.38292814999995],[112.73122945,-7.38313814999994],[112.73134809257617,-7.383184887984482],[112.73155945,-7.38326814999992],[112.73166945,-7.38330814999993],[112.73179945,-7.38335814999993],[112.73191444,-7.38339786999993],[112.73203119,-7.38343820299998],[112.73222304,-7.38350447999997],[112.73223697,-7.38350277999997],[112.73229962,-7.38352192999996],[112.73242057,-7.38355376999991],[112.7325459,-7.38359852000001],[112.73262372,-7.38363482999995],[112.73271023,-7.38368834999992],[112.7327686,-7.38371611999995],[112.7327913,-7.38375075999995],[112.73279207,-7.38375192999995],[112.73279277,-7.38375192999995],[112.73279437,-7.38375544999994],[112.7327995,-7.38376326999998],[112.73281784,-7.38378345999996],[112.73281996,-7.38379448999995],[112.732820307,-7.38379629999996],[112.7328234,-7.38381244999995],[112.73282395,-7.38381530999996],[112.73282471,-7.38381927999997],[112.73282483,-7.38384859999995],[112.73281075,-7.38407516999994],[112.73281525,-7.38408157999992],[112.73281545,-7.38413378999996],[112.73281897,-7.38436398999996],[112.732793519357372,-7.384558636097316],[112.73278971,-7.38458776999992],[112.73278739,-7.38466626999995],[112.73278984,-7.38470013999996],[112.73279376,-7.3847544],[112.7327957,-7.38478133999995],[112.732797478,-7.38480249199995],[112.73280669,-7.38491209999992],[112.7328255,-7.38502974999995],[112.73283813,-7.38516088999994],[112.73283904,-7.38517030999995],[112.732839065,-7.38517056399998],[112.73284188,-7.38519972999994],[112.73283181,-7.38532132999995],[112.73282812,-7.38536589999996],[112.73281833,-7.38542595999995],[112.73280764,-7.38549154999993],[112.732807715,-7.385494138],[112.73280969,-7.38556239999995],[112.73281067,-7.38559618999993],[112.73281093,-7.38566547999996],[112.732810965,-7.38567380799998],[112.73281098,-7.38567727999991],[112.73281684,-7.38583421999994],[112.73280944,-7.38602871999993],[112.732808003,-7.38606654199997],[112.73280626,-7.38611243],[112.73280614,-7.38611548999993],[112.73280652,-7.38621216999996],[112.73280653,-7.38621489999997],[112.73279654,-7.38634312999995],[112.732771564,-7.38639933099993],[112.73276277,-7.38641912],[112.73275633,-7.38650189999994],[112.73274683,-7.38662385999993],[112.73273282,-7.38680379999994],[112.732727465272902,-7.386912456517238],[112.732754974975279,-7.387035024082393],[112.73278779335557,-7.387085562404136],[112.732817926348019,-7.387149768684824],[112.732696156,-7.38722127599995],[112.732317008129471,-7.387421241928716],[112.732348643974149,-7.387479621306245],[112.732354705418913,-7.387523846442332],[112.732360594419873,-7.387570042620104],[112.732385997269787,-7.387665613123955],[112.732440978253877,-7.38778065347202],[112.732455774022355,-7.387838552598073],[112.73246393,-7.387904],[112.732476200572918,-7.387985327074786],[112.732482348239671,-7.388028566690031],[112.732491538690766,-7.388071079450136],[112.732503895228092,-7.388122806785426],[112.732501000763364,-7.388167241445243],[112.7324191,-7.38816974999997],[112.732316905827432,-7.388182913282353],[112.732228301204586,-7.388162748078792],[112.732402318009648,-7.389136279608125],[112.732514075894443,-7.3891301681276],[112.732597259705827,-7.389110136500343],[112.732743313358426,-7.389075247453701],[112.732879034848608,-7.389049090412525],[112.733017554301568,-7.389016484579097],[112.733370936346418,-7.38932473753849],[112.733285926,-7.38938409699995],[112.7333698,-7.38971354999998],[112.73346385,-7.38999160000002],[112.73350682,-7.39011861999994],[112.73350956,-7.39012670999996],[112.733523527,-7.39016799799996],[112.73352753,-7.39017982999998],[112.733529525,-7.39018572799995],[112.733346426,-7.39130747699993],[112.733300938,-7.39158616099996],[112.73328794,-7.39166579499992],[112.733256135,-7.39217934299994],[112.733430507,-7.392280843],[112.73364896,-7.39275541399996],[112.733840706,-7.39277083599994],[112.7338419,-7.39275781999996],[112.733842053,-7.39275615699993],[112.734089114,-7.39276664999996],[112.734074084439698,-7.392979133915002],[112.734049356,-7.393328738],[112.734023352,-7.39369637999993],[112.733979958,-7.39430988199998],[112.733766655633417,-7.394304964047153],[112.733729189941855,-7.394700483941961],[112.733723096595469,-7.394857370995105],[112.73363211,-7.39504387999993],[112.73358783,-7.39511162999998],[112.733573325,-7.39512190499995],[112.73348843,-7.39518203999992],[112.733468832,-7.39518570599995],[112.73326709,-7.39522343999992],[112.73297185,-7.39524669999995],[112.73266183,-7.39526633],[112.732443932328025,-7.395264674634372],[112.73234065,-7.39526388999994],[112.732129867,-7.39523778900002],[112.73187897,-7.39520672],[112.73159471,-7.39520782999994],[112.73114057,-7.39519116999998],[112.73099523,-7.39517922999994],[112.73099537,-7.39517853999995],[112.73095793,-7.39517591999992],[112.73086535,-7.39516943999998],[112.73076697,-7.39513812999994],[112.7306957,-7.39511544999998],[112.730641433,-7.39510451599991],[112.73060701,-7.39509757999996],[112.73050108,-7.39508828999994],[112.73032279,-7.39507265999993],[112.73000326,-7.39504364999995],[112.72996556,-7.39504021999996],[112.72990444,-7.39503627999993],[112.72977523,-7.39502794999991],[112.729697721423292,-7.395071565747222],[112.729567967127679,-7.395116308607776],[112.729388995685454,-7.395098411463555],[112.729165281382677,-7.395091700034471],[112.728937092793856,-7.395071565747221],[112.728679821345693,-7.395044720030889],[112.727821876994554,-7.394985995026413],[112.727660802696562,-7.3949848764549],[112.727538878401546,-7.394992706455497],[112.727522099828846,-7.394997180741552],[112.72748854268346,-7.395021789314855],[112.727454985538046,-7.395044160745132]]]]}},
{"type":"Feature","properties":{"kdkab":"15","kdkec":"150","nmkab":"SIDOARJO","nmkec":"GEDANGAN","kddesa":"004","kdprov":"35","nmdesa":"KRAGAN","nmprov":"JAWA TIMUR","iddesa":"3515150004"},"geometry":{"type":"MultiPolygon","coordinates":[[[[112.74477,-7.41203],[112.74474898,-7.41202562099992],[112.744144503,-7.41189968799993],[112.743757507,-7.41181906299996],[112.74362367,-7.41179118000001],[112.74336603,-7.41173749999996],[112.74333,-7.41173],[112.74331778,-7.41172592999994],[112.74329989,-7.41171995999998],[112.74328487,-7.41171495299994],[112.74327991,-7.41171329999997],[112.74294,-7.4116],[112.74268,-7.41151],[112.74250472,-7.41145844999994],[112.742475905,-7.41144997299993],[112.74240709,-7.41142972999996],[112.74240385,-7.41142877999994],[112.74234,-7.41141],[112.74222835,-7.41137237999992],[112.74142,-7.4111],[112.741323644,-7.41104218299994],[112.741295805,-7.4110254789999],[112.74129329,-7.41102396999997],[112.74127,-7.41101],[112.74125904,-7.41099861999993],[112.74101,-7.41074],[112.740708714332058,-7.410391239550865],[112.740754396265146,-7.410262925510785],[112.740803723969037,-7.410154748866746],[112.740803873969043,-7.410154238866776],[112.740849316573886,-7.41002866036092],[112.740893391411632,-7.409902962190953],[112.740972992232528,-7.40962325319579],[112.741094122974616,-7.409630237364257],[112.741220284833744,-7.409084892553829],[112.741118541398976,-7.409068613604264],[112.741130750611148,-7.409019776755569],[112.740835150741916,-7.408969618129749],[112.740906915054623,-7.408738964875573],[112.740841799256359,-7.408726755663399],[112.740837779252075,-7.408625556992376],[112.740862147943318,-7.408519199056445],[112.740874357155491,-7.408458152995577],[112.740904527197529,-7.408352805618739],[112.740930935150757,-7.408243681048158],[112.740923722003686,-7.408182903690729],[112.740945526702887,-7.408086447111521],[112.74095933949927,-7.408021661729924],[112.740969481554146,-7.407979736582209],[112.740907416815759,-7.407946165258622],[112.74082154818079,-7.407908370740811],[112.740743093723339,-7.407896233622849],[112.740635974,-7.40790534699994],[112.74057832157122,-7.407941546533744],[112.740501177,-7.40795373499998],[112.74047617,-7.40794678999991],[112.74046516,-7.40794372999994],[112.74043083,-7.40793418999991],[112.74043083,-7.40793416],[112.74043079,-7.40793417999992],[112.74043073,-7.40793420999994],[112.7403402,-7.40790972999998],[112.74017461,-7.40786053999998],[112.74006649,-7.40783459999995],[112.74003405,-7.40782682],[112.74000048,-7.40781649999995],[112.74000055,-7.40781614999996],[112.7400037,-7.40780054999993],[112.740006611,-7.40778612199995],[112.74006483,-7.40749753999995],[112.74007937,-7.40744000999996],[112.74010161,-7.407352],[112.74018487,-7.40702249999993],[112.74031053,-7.40642573999995],[112.74045313,-7.40591597999996],[112.74052692,-7.40565217999994],[112.74062453,-7.40529006999998],[112.74070888,-7.40497716999995],[112.740713273,-7.40496087199992],[112.74079126,-7.40467155999996],[112.74081206,-7.40453457999997],[112.74059223,-7.40443200999994],[112.74056271,-7.40396250000001],[112.74056446,-7.40396295999993],[112.74178544,-7.40429103999997],[112.74181685,-7.40420287999998],[112.74185547,-7.40413467999997],[112.74197909,-7.40401508999996],[112.74198491,-7.40400945999993],[112.741985206,-7.40400917399996],[112.74198573,-7.40400866999996],[112.74199945,-7.40401813999994],[112.742314246,-7.40418303299996],[112.74234553,-7.40419941999994],[112.74236617,-7.40421022999992],[112.74283944,-7.40445813999996],[112.74290945,-7.40448813999997],[112.74314945,-7.40459813999998],[112.74326944,-7.40464813999996],[112.74333945,-7.40467813999995],[112.74347484,-7.40470476999996],[112.74361558,-7.40470697999997],[112.74370822,-7.40470661999997],[112.7437521,-7.40470643999995],[112.74381062,-7.40470620999996],[112.74398621,-7.40472012999992],[112.74418628,-7.40475827999995],[112.74433283,-7.40482585999995],[112.74444995,-7.40484972999996],[112.74458176,-7.40488815999995],[112.74461709,-7.404912],[112.74468931,-7.40496074999995],[112.744769672,-7.40500823099995],[112.744837243277573,-7.405035524663309],[112.74501945,-7.40510813999989],[112.74512944,-7.40515813999998],[112.74527944,-7.40523813999996],[112.74538945,-7.40529813999996],[112.74564959,-7.40549882999991],[112.74561085,-7.40570771999996],[112.74562285,-7.40580055999996],[112.74584447,-7.40596222999992],[112.74598432,-7.40603135],[112.74619399,-7.40611178999994],[112.74634537,-7.40615763999995],[112.746603276011157,-7.405992310977045],[112.746692763568149,-7.406021865266132],[112.746755223491562,-7.406005604659031],[112.747184102989905,-7.406046230344917],[112.74729944,-7.40599813999993],[112.74740944,-7.40599813999993],[112.74766944,-7.40602813999992],[112.74770201,-7.40603278999992],[112.74778005,-7.40604393999996],[112.747851577,-7.40605415899998],[112.74787944,-7.40605813999994],[112.74804944,-7.40608813999998],[112.74856792,-7.40618534999992],[112.748611385,-7.40619350099994],[112.74862599,-7.40619623999994],[112.74964944,-7.40638813999995],[112.74999944,-7.40645813999993],[112.75005944,-7.40646813999995],[112.75032944,-7.40650813999997],[112.75050944,-7.40650813999997],[112.75060944,-7.40646813999995],[112.75061008,-7.40646641999995],[112.75061072,-7.40646469999995],[112.75061051,-7.40646623999997],[112.75061,-7.40647],[112.75061,-7.40659],[112.75057,-7.40692],[112.75019,-7.40867],[112.75,-7.4095],[112.74979,-7.41041],[112.74956,-7.41105],[112.74943,-7.41142],[112.74898,-7.41277],[112.74895928,-7.41281919999997],[112.7489,-7.41296],[112.7488,-7.41296],[112.74822084,-7.41282797999997],[112.747994507,-7.412776391],[112.74744,-7.41265],[112.746876491,-7.412559443],[112.74686807,-7.41255808999995],[112.74674041,-7.4125375699999],[112.746351323,-7.41247503399994],[112.74632,-7.41247],[112.74624853,-7.41245103999995],[112.74615592,-7.41242646999993],[112.74583,-7.41234],[112.745828341,-7.41233945499993],[112.745826432,-7.41233882799997],[112.74582312,-7.41233773999994],[112.7451,-7.4121],[112.74477,-7.41203]]]]}},
{"type":"Feature","properties":{"kdkab":"15","kdkec":"150","nmkab":"SIDOARJO","nmkec":"GEDANGAN","kddesa":"015","kdprov":"35","nmdesa":"BANGAH","nmprov":"JAWA TIMUR","iddesa":"3515150015"},"geometry":{"type":"MultiPolygon","coordinates":[[[[112.71997725,-7.37931459999992],[112.71991711,-7.37931307],[112.71971663,-7.37930795999996],[112.71935236,-7.37924749999995],[112.71890291,-7.37919509999992],[112.71850781,-7.37917343],[112.71843424,-7.37919100999998],[112.71835703,-7.37918190999996],[112.71827424,-7.37922923999997],[112.71824471,-7.37923629999994],[112.71797415,-7.37937651999992],[112.71779994,-7.37945267999993],[112.71774218,-7.37947792999992],[112.71756439,-7.3795714],[112.71741916,-7.37958310999996],[112.71736307,-7.37958763999994],[112.71731485,-7.37957179999997],[112.71727001,-7.37955707000002],[112.71725652,-7.37956110999995],[112.71724566,-7.37956436999994],[112.71720951,-7.37954787999996],[112.71719146,-7.37953964999998],[112.71714593,-7.37951887999997],[112.717144489,-7.37951565199995],[112.7170335,-7.37926710999992],[112.71702874,-7.37925643999993],[112.7170279,-7.37903993999993],[112.7170328,-7.37884520999993],[112.71705015,-7.37878467999996],[112.71714188,-7.37846730999993],[112.71727018,-7.37832463999996],[112.71728841,-7.37830436999997],[112.71734796,-7.37822045999997],[112.71735534,-7.37820156],[112.71736781,-7.37814576999994],[112.71735999,-7.37809258999994],[112.71732913,-7.37808991],[112.71732202,-7.37808928999994],[112.71727621,-7.37808530999997],[112.71709792,-7.37808695999996],[112.71695227,-7.37800690999994],[112.71576939,-7.37788719999998],[112.715402431710999,-7.3778624492217],[112.71402643,-7.37776963999995],[112.71346635,-7.37777178999995],[112.71331916,-7.37791985999996],[112.71330926,-7.37792981999994],[112.71324938,-7.37799005999993],[112.713102143,-7.377862448],[112.71310008,-7.37786065999995],[112.71307292,-7.37783711999995],[112.713036,-7.37780511999997],[112.71299961,-7.37777357999992],[112.71293122,-7.37768326999996],[112.71295078,-7.37756941999993],[112.713212792,-7.37604407999994],[112.713253250744003,-7.37580852244615],[112.71325489,-7.37579897999994],[112.713296015518324,-7.37559273370641],[112.713457189273996,-7.37557763752507],[112.713622198111594,-7.374798113016386],[112.71375875714962,-7.374115317826297],[112.713943680846924,-7.37321345917939],[112.713759877,-7.37323890599994],[112.713798025230034,-7.37307048646035],[112.713854063978218,-7.373066231466527],[112.71392305474221,-7.373063386486569],[112.714130738279195,-7.372310889287491],[112.713999869201103,-7.372302354347615],[112.714181724,-7.37158440699991],[112.714196127,-7.37152936199992],[112.714200772728617,-7.37152633554054],[112.714368172653266,-7.371553051317996],[112.71438664632916,-7.371458693465707],[112.714271683223004,-7.371438656632614],[112.714265999014998,-7.37141307769675],[112.71439329,-7.37119873999996],[112.7144024,-7.37116560999992],[112.71447276,-7.37098291999996],[112.71449468,-7.37092311999995],[112.71449492,-7.37091796999993],[112.71453702,-7.37084906999998],[112.714561195,-7.37076584499992],[112.71457718,-7.37071079],[112.714616533,-7.37058694999996],[112.71464956,-7.37048301999991],[112.714685902673637,-7.370334167816291],[112.71459586161437,-7.370315785732279],[112.714587812246336,-7.370176934133691],[112.714581603867813,-7.370048447250952],[112.714608445989199,-7.369954423484438],[112.714644148109059,-7.369817202693449],[112.714655685211525,-7.369780313434907],[112.714656387186054,-7.369778909485893],[112.71465678,-7.36977770999991],[112.7148276,-7.36920122999995],[112.71508671,-7.36908506999994],[112.715086329,-7.36898530799994],[112.71508583,-7.36885474999997],[112.715219572,-7.36849449199997],[112.715631156,-7.36851859599995],[112.715700636,-7.36852519299995],[112.716220809,-7.36857458099997],[112.716250529,-7.36815177999996],[112.716250401,-7.36815177099992],[112.716248465,-7.36799923999998],[112.71624366,-7.36762064399992],[112.71634028,-7.36763270999996],[112.71643131,-7.36764408999993],[112.71746345,-7.36777301224955],[112.71869868,-7.36792730224946],[112.71876448,-7.36841630999995],[112.718786829,-7.36842022699997],[112.71959604,-7.36856201999998],[112.719761990934927,-7.368543621783376],[112.7201924,-7.36849590999994],[112.72051194,-7.36856822999991],[112.720644399,-7.36859821099995],[112.72078224,-7.36862940999991],[112.72130137,-7.36874691],[112.72136712,-7.36878061999994],[112.721403663,-7.36879935124864],[112.721467243,-7.36883196099995],[112.721997902,-7.36910406424835],[112.72245426,-7.36933807224814],[112.72273412,-7.36943844224803],[112.72295812,-7.36951878224799],[112.72309827,-7.3695690522479],[112.72315839,-7.36959062999993],[112.72316861,-7.36959852924785],[112.7234941,-7.36985037224763],[112.723588001,-7.36992303499993],[112.72372485,-7.37002891999997],[112.72382871,-7.37010927999995],[112.72386165,-7.37012374999994],[112.72391923,-7.37013553],[112.724050639,-7.37016240524735],[112.7251589,-7.37038913999994],[112.72504411,-7.37113772999994],[112.72503979,-7.37116593999995],[112.72503945,-7.37116814999995],[112.72503627,-7.37118801999997],[112.725036132,-7.37118885699992],[112.72503612,-7.37118892999998],[112.725034929,-7.37119637499998],[112.72499945,-7.37141814999994],[112.7249697,-7.37152064],[112.72496633,-7.37153222999996],[112.724966152,-7.37153284399992],[112.72490945,-7.37172814999996],[112.724893038,-7.371818407],[112.72487337,-7.37192656999997],[112.72484536,-7.37195474999993],[112.724814772,-7.372081463],[112.72478902,-7.37218813999995],[112.72469182,-7.37259076999994],[112.72469141,-7.37259245999998],[112.72457678,-7.37306729999995],[112.72457745,-7.37324165999995],[112.72450286,-7.37371051999997],[112.72443846,-7.37399409999994],[112.72436277,-7.37417964999998],[112.72429812,-7.37439783999996],[112.72425522,-7.37459415999996],[112.72419086,-7.37488862999994],[112.72414804,-7.37510673999998],[112.72413843,-7.37544458999997],[112.72407366,-7.37563008999996],[112.72402005,-7.37588092999996],[112.72399868,-7.37600087999996],[112.72396669,-7.37619715999997],[112.72405402,-7.37619681999997],[112.72409772,-7.37620754999993],[112.72420696,-7.37622891999993],[112.72420941,-7.37622440999995],[112.72426,-7.37623554999996],[112.7242814,-7.37624026000001],[112.72428145,-7.37624132999998],[112.72428241,-7.37626234999995],[112.72428416,-7.37630071999995],[112.72425692,-7.37652528999995],[112.72427712,-7.376904],[112.72426425,-7.37720801999997],[112.72422821,-7.37757759999995],[112.7241407,-7.37796607999996],[112.72400108,-7.37820043999994],[112.72389448,-7.37849546],[112.72375744,-7.37879294999994],[112.72365983,-7.37898972999992],[112.72364641,-7.37915345999996],[112.72379713,-7.37936330999997],[112.72392435,-7.37955455999998],[112.72401018,-7.37961769000001],[112.72403496,-7.37969207999994],[112.72404931,-7.37976684999995],[112.72408513,-7.37982201999993],[112.72409172,-7.37983215999998],[112.72409195,-7.37989294999994],[112.72406398,-7.37992578999996],[112.72405394,-7.37992665999994],[112.724053489,-7.37992669899993],[112.72400778,-7.37993068999995],[112.72392333,-7.37989827999996],[112.72384644,-7.37989089999998],[112.72373589,-7.37988028999996],[112.7234734,-7.37983922],[112.72332343,-7.37982108999992],[112.72320625,-7.37980283999997],[112.72305633,-7.37979873999997],[112.72288306,-7.37981343999998],[112.72266767,-7.37983764999995],[112.72230249,-7.37989049999995],[112.72215259,-7.37989107999991],[112.72191114,-7.37989200999995],[112.72177945,-7.37985814999997],[112.72053486,-7.37951201999992],[112.72045304,-7.37945975999998],[112.72026688,-7.37939088999994],[112.71998829,-7.37931686999998],[112.719986254,-7.37931632999993],[112.71998,-7.37931466999996],[112.71997725,-7.37931459999992]]]]}},
{"type":"Feature","properties":{"kdkab":"15","kdkec":"150","nmkab":"SIDOARJO","nmkec":"GEDANGAN","kddesa":"005","kdprov":"35","nmdesa":"GEMURUNG","nmprov":"JAWA TIMUR","iddesa":"3515150005"},"geometry":{"type":"MultiPolygon","coordinates":[[[[112.74562285,-7.40580055999996],[112.74561085,-7.40570771999996],[112.74564959,-7.40549882999991],[112.74538945,-7.40529813999996],[112.74527944,-7.40523813999996],[112.74512944,-7.40515813999998],[112.74501945,-7.40510813999989],[112.744837243277573,-7.405035524663309],[112.744949630833801,-7.404389464908308],[112.744978808,-7.40384633299992],[112.744988893084482,-7.403774782443246],[112.744988971084481,-7.403774257443296],[112.74499059,-7.40325457999994],[112.74499019,-7.40315438999996],[112.7449891920472,-7.402916702927349],[112.744988816,-7.40280469299997],[112.74498794,-7.40258118999995],[112.74497254,-7.40209626999994],[112.744969678867179,-7.402006134037975],[112.744968213,-7.40195998899997],[112.74496139,-7.40174535999994],[112.74496358,-7.40156984000001],[112.74496581,-7.40139122999996],[112.74496458,-7.40107774999997],[112.74496612,-7.40103476999994],[112.74497043,-7.40091432000001],[112.744970501,-7.40091232399993],[112.74501698,-7.39961464999996],[112.745021652,-7.39947147899998],[112.74502166,-7.39947122999995],[112.745021828,-7.39946586799993],[112.74506368,-7.39818059999997],[112.745080368,-7.39762479499997],[112.74508425,-7.39749550999993],[112.745106728063149,-7.397310087781647],[112.74519508,-7.39658126999995],[112.745195107,-7.39658104899995],[112.74520817,-7.39647331999991],[112.745333231301714,-7.395449555233891],[112.745382419444326,-7.395043338756111],[112.74539973,-7.39490518999996],[112.745433257,-7.39453855399995],[112.745463223446478,-7.394207702280776],[112.745527697893067,-7.393505035045012],[112.74558692,-7.39285813999994],[112.74559945,-7.39285813999994],[112.74572198,-7.39280046999995],[112.74576944,-7.39277813999997],[112.74592944,-7.39256814000001],[112.74600944,-7.39247813999998],[112.74610944,-7.39241813999996],[112.74642944,-7.39240813999989],[112.74678944,-7.39238813999998],[112.746915336,-7.39236969599994],[112.74691538,-7.39236968999997],[112.74715174,-7.39233506999994],[112.747382817,-7.39230121699995],[112.747723154546435,-7.392251629965893],[112.74835944,-7.39215813999995],[112.74853944,-7.39211813999997],[112.74871944,-7.39196813999995],[112.74881632,-7.39187125999996],[112.74883944,-7.39184813999995],[112.74893944,-7.39182814000002],[112.74908944,-7.39180814000001],[112.74923944,-7.39180814000001],[112.74945944,-7.39187814],[112.74950731,-7.39189794999994],[112.749546117,-7.39191400899996],[112.7496002,-7.39193638999997],[112.74974944,-7.39199813999996],[112.74982944,-7.39202813999998],[112.74990662,-7.39205225999996],[112.74998944,-7.39207814],[112.750063603,-7.39212533399995],[112.75020944,-7.39221813999997],[112.750258548,-7.39224920799994],[112.75028302,-7.39226468999996],[112.75043523,-7.39236098999993],[112.75069944,-7.39252813999996],[112.75079223,-7.39258115999997],[112.75083944,-7.39260813999995],[112.75094944,-7.39262813999995],[112.7512047,-7.3924077],[112.751278085,-7.392344317],[112.75129707,-7.39232791999995],[112.75135238,-7.39228014999998],[112.75138944,-7.39224813999995],[112.75147944,-7.39216813999995],[112.75156944,-7.39217813999994],[112.75179944,-7.39223813999993],[112.75191944,-7.39224813999995],[112.75196099,-7.39223428999998],[112.75203944,-7.39220813999998],[112.75217944,-7.39203813999992],[112.75223944,-7.39194813999997],[112.75233944,-7.39189813999995],[112.75265944,-7.39187814],[112.75273944,-7.39186813999992],[112.75274467,-7.39186892999995],[112.75274424,-7.39187064000001],[112.75294,-7.3919],[112.75310912,-7.39198238999995],[112.753111655,-7.39198362499996],[112.7531467,-7.39200069999993],[112.75333,-7.39209],[112.75387,-7.39228],[112.75411,-7.39235],[112.754223,-7.39235],[112.754223553,-7.39235],[112.75461579,-7.39235],[112.754784698,-7.39235],[112.75478579,-7.39235],[112.75497,-7.39235],[112.75514,-7.39235],[112.7553,-7.39236],[112.75543,-7.39243],[112.75545408,-7.39244426999997],[112.75547644,-7.39245751999996],[112.755489328,-7.39246515699993],[112.755649406,-7.39256001599997],[112.75565191,-7.39256149999994],[112.7557,-7.39259],[112.75586,-7.39266],[112.75625139,-7.39262271999994],[112.756277854594487,-7.392620203967245],[112.75628,-7.39262],[112.75651,-7.39262],[112.756556154,-7.39262961299991],[112.75662499,-7.39264394999998],[112.75674349,-7.39266863999996],[112.75675,-7.39267],[112.75714,-7.39281],[112.7571938,-7.39283305999992],[112.75719357,-7.39283481],[112.75721851,-7.39284202999994],[112.75722539,-7.39284401999992],[112.75730368,-7.39286666999992],[112.757571596,-7.39291470399995],[112.75758011,-7.39291622999996],[112.75759301,-7.39291853999992],[112.75759313,-7.39291856999998],[112.75747922,-7.3936467799999],[112.75745734,-7.39381572999997],[112.75745185,-7.39385807999995],[112.75744948,-7.39387412999996],[112.75745112,-7.39387437999994],[112.75744,-7.39393],[112.75743599,-7.39397011999995],[112.75743,-7.39403],[112.75742616,-7.39406068999995],[112.75742,-7.39411],[112.7574,-7.39421],[112.75739,-7.3943],[112.75738339,-7.39433962999994],[112.75738,-7.39436],[112.75737787,-7.39437704999993],[112.75737,-7.39444],[112.75736,-7.39453],[112.75735,-7.39459],[112.75735,-7.39466],[112.75734,-7.39475],[112.75732,-7.39487],[112.75731,-7.39497],[112.75730399,-7.39501807999998],[112.7573,-7.39505],[112.7572976,-7.39506922999995],[112.75729,-7.39513],[112.75727,-7.39522],[112.75725034,-7.39528879999994],[112.75725,-7.39529],[112.75724679,-7.39530446999991],[112.75723399,-7.39536204999995],[112.75723,-7.39538],[112.75721,-7.39549],[112.75718,-7.39561],[112.75715,-7.39575],[112.75712111,-7.39588481999994],[112.75712,-7.39589],[112.75709,-7.39604],[112.75706,-7.3962],[112.75704194,-7.39627225999992],[112.75702,-7.39636],[112.75699,-7.39652],[112.75695,-7.39668],[112.75692,-7.39684],[112.75689,-7.39699],[112.75686,-7.39714],[112.75674727,-7.39766893999995],[112.75674114,-7.39769773999998],[112.756741124,-7.39769781599996],[112.75673,-7.39775],[112.75668,-7.39797],[112.75661,-7.39828],[112.75649,-7.39878],[112.75641,-7.39909],[112.75629,-7.39962],[112.75620807,-7.39996591999991],[112.75620169,-7.39999284999994],[112.7562,-7.4],[112.75619451,-7.40002470899997],[112.75614701,-7.40023846999998],[112.75606582,-7.40060381999995],[112.756065649,-7.40060458799994],[112.75604,-7.40072],[112.75598534,-7.40079541999994],[112.75589944,-7.40091813999995],[112.75577944,-7.40109813999992],[112.75560944,-7.40133813999995],[112.75547848,-7.40151760999996],[112.75547733,-7.40151918000001],[112.75546319,-7.40153933999996],[112.755450421,-7.40155750499995],[112.75543404,-7.40158080999991],[112.75543431,-7.40158076999997],[112.75543421,-7.40158089999993],[112.75543529,-7.40158144],[112.75543361,-7.40158171999997],[112.75543331,-7.40158181999994],[112.755412,-7.40161155999994],[112.755410964,-7.4016130059999],[112.75534248,-7.40170859999996],[112.75522041,-7.40193938999993],[112.75510216,-7.40215873999995],[112.75506558,-7.40219802999995],[112.75499916,-7.40226935999993],[112.75464058,-7.40263938999991],[112.75456047,-7.40277861999992],[112.75435066,-7.40373992999998],[112.75429023,-7.40406882999998],[112.75425148,-7.40427970999997],[112.75419642,-7.40451775999997],[112.75412178,-7.40484046999996],[112.75406075,-7.40511893999995],[112.75390053,-7.40596007999994],[112.75387774,-7.40604978999994],[112.75387001,-7.40608024999995],[112.75374031,-7.40620994999995],[112.75367966,-7.40618093999998],[112.75365257,-7.40616798],[112.7536528,-7.40616893999993],[112.75368309,-7.40629768000001],[112.75367559,-7.40640836999996],[112.75368149,-7.40629763999993],[112.75364885,-7.40616948999996],[112.75356,-7.40613],[112.75354582,-7.40612552999997],[112.75308944,-7.40603813999997],[112.75264944,-7.40594813999997],[112.75211944,-7.40583813999992],[112.75129944,-7.40564813999993],[112.75094672,-7.40562853999996],[112.75093944,-7.40562813999997],[112.75086944,-7.40576813999996],[112.75061072,-7.40646469999995],[112.75061008,-7.40646641999995],[112.75060944,-7.40646813999995],[112.75050944,-7.40650813999997],[112.75032944,-7.40650813999997],[112.75005944,-7.40646813999995],[112.74999944,-7.40645813999993],[112.74964944,-7.40638813999995],[112.74862599,-7.40619623999994],[112.748611385,-7.40619350099994],[112.74856792,-7.40618534999992],[112.74804944,-7.40608813999998],[112.74787944,-7.40605813999994],[112.747851577,-7.40605415899998],[112.74778005,-7.40604393999996],[112.74770201,-7.40603278999992],[112.74766944,-7.40602813999992],[112.74740944,-7.40599813999993],[112.74729944,-7.40599813999993],[112.747184102989905,-7.406046230344917],[112.746755223491562,-7.406005604659031],[112.746692763568149,-7.406021865266132],[112.746603276011157,-7.405992310977045],[112.74634537,-7.40615763999995],[112.74619399,-7.40611178999994],[112.74598432,-7.40603135],[112.74584447,-7.40596222999992],[112.74562285,-7.40580055999996]]]]}},
{"type":"Feature","properties":{"kdkab":"15","kdkec":"150","nmkab":"SIDOARJO","nmkec":"GEDANGAN","kddesa":"006","kdprov":"35","nmdesa":"PUNGGUL","nmprov":"JAWA TIMUR","iddesa":"3515150006"},"geometry":{"type":"MultiPolygon","coordinates":[[[[112.73598318,-7.40233151999993],[112.73598281,-7.40233421999993],[112.73598282,-7.4023361399999],[112.73598293,-7.4023377199999],[112.73598284,-7.40233768999997],[112.73591118,-7.40288521999997],[112.73579045,-7.40402608999993],[112.73568331,-7.40459664999995],[112.735682853,-7.40459908299997],[112.73568208,-7.40460319999993],[112.73375645,-7.40429764999993],[112.73360226,-7.40496704999992],[112.73261219,-7.40475224999995],[112.73260356,-7.40475037999994],[112.732604937,-7.40474328599994],[112.73276347,-7.40392651999997],[112.73164774,-7.40363369999995],[112.73110664,-7.40349168999994],[112.72995444,-7.40324364899992],[112.72983892,-7.40321877999997],[112.72981935,-7.40321456999992],[112.7294165,-7.40310369999998],[112.72817988,-7.40276337999993],[112.728180485,-7.40275672799993],[112.72825945,-7.40188813999993],[112.72826945,-7.40171813999998],[112.72827197,-7.40169089999992],[112.72831945,-7.40117813999995],[112.72832941,-7.40107848999997],[112.7283295,-7.40107563999997],[112.72833204,-7.40106977999995],[112.72833222,-7.40106934999996],[112.728333207,-7.40106842499995],[112.72834174,-7.40106042999998],[112.72835516,-7.40105034999996],[112.72837804,-7.40101621999997],[112.72839342,-7.40097970999992],[112.72840657,-7.40094848999998],[112.72840976,-7.40086131999993],[112.72840439,-7.40080231999997],[112.72839681,-7.40057532999996],[112.72846305,-7.40040814999995],[112.728464585,-7.40040123699993],[112.72847433,-7.40035735],[112.72848665,-7.40030190999992],[112.72850219,-7.40023194999996],[112.72850907,-7.40020099],[112.7285618,-7.40000046999996],[112.72862788,-7.39979322999995],[112.72862335,-7.39948945000001],[112.72862656,-7.39923844999994],[112.72862848,-7.39908881],[112.728655934,-7.39895287099994],[112.72865818,-7.39894174999997],[112.728945482080249,-7.398249707060981],[112.729191567813274,-7.397184826979785],[112.729419756402095,-7.396231804049975],[112.729558459269811,-7.395676992579101],[112.729652419276988,-7.395327998266776],[112.729894030724012,-7.395354843983109],[112.729916402154259,-7.395267595405026],[112.729938773584536,-7.395099809677947],[112.72990444,-7.39503627999993],[112.72996556,-7.39504021999996],[112.73000326,-7.39504364999995],[112.73032279,-7.39507265999993],[112.73050108,-7.39508828999994],[112.73060701,-7.39509757999996],[112.730641433,-7.39510451599991],[112.7306957,-7.39511544999998],[112.73076697,-7.39513812999994],[112.73086535,-7.39516943999998],[112.73095793,-7.39517591999992],[112.73099537,-7.39517853999995],[112.73099523,-7.39517922999994],[112.73114057,-7.39519116999998],[112.73159471,-7.39520782999994],[112.73187897,-7.39520672],[112.732129867,-7.39523778900002],[112.73234065,-7.39526388999994],[112.732443932328025,-7.395264674634372],[112.73266183,-7.39526633],[112.73297185,-7.39524669999995],[112.73326709,-7.39522343999992],[112.733468832,-7.39518570599995],[112.73348843,-7.39518203999992],[112.733573325,-7.39512190499995],[112.734212553,-7.39511531499996],[112.734215625,-7.39511399799996],[112.734449193,-7.39501389799996],[112.734701422,-7.39490579999994],[112.735181379,-7.394700104],[112.735250581,-7.39448480899995],[112.73540982,-7.39433018499995],[112.735640073465888,-7.394106606428337],[112.735781129,-7.39396964],[112.735787755,-7.39396986499996],[112.735808766,-7.393970581],[112.736133829,-7.39355290299996],[112.736258777,-7.39324149399997],[112.737119961,-7.39327601400001],[112.737169934,-7.39327801699995],[112.737179145,-7.39306063299996],[112.737641384,-7.39307142499997],[112.737648849,-7.39293705599992],[112.73766945,-7.39293813999998],[112.73775493,-7.39292592999993],[112.73794945,-7.39289813999993],[112.73854945,-7.39274814000001],[112.73924945,-7.39257813999997],[112.73939945,-7.39251813999993],[112.739521599,-7.39240616999992],[112.73963945,-7.39229813999996],[112.73985945,-7.39215813999995],[112.74006945,-7.39205813999996],[112.74014506,-7.39204554],[112.74024945,-7.39202813999998],[112.74037945,-7.39205813999996],[112.74056777,-7.3921951],[112.740581206,-7.39220487099993],[112.74059945,-7.39221813999997],[112.74069916,-7.39230483999993],[112.74082945,-7.39241813999996],[112.74088915,-7.39244372999996],[112.74103945,-7.39250813999997],[112.74138945,-7.39238813999998],[112.74169533,-7.39238048999993],[112.74178945,-7.39237813999994],[112.74221945,-7.39268813999997],[112.74234945,-7.39275813999996],[112.74259945,-7.39273813999995],[112.74288557,-7.39276943999993],[112.742949794,-7.39277645999994],[112.74295071,-7.39277655999998],[112.74323945,-7.39280813999994],[112.74335945,-7.39281814],[112.74350944,-7.39273813999995],[112.74364945,-7.39258813999995],[112.74374945,-7.39246813999995],[112.74383944,-7.39242813999992],[112.74384318,-7.39242867000001],[112.7439337,-7.39244160999994],[112.74397944,-7.39244813999994],[112.74406331,-7.39249441999995],[112.74412133,-7.39252642999998],[112.744170351,-7.39255347399997],[112.74426944,-7.39260813999995],[112.744339009,-7.39264678699994],[112.74444945,-7.39270814],[112.74465636,-7.39273401000001],[112.74468945,-7.39273813999995],[112.74490944,-7.39278813999993],[112.74544945,-7.39285813999994],[112.74558692,-7.39285813999994],[112.745527697893067,-7.393505035045012],[112.745463223446478,-7.394207702280776],[112.745433257,-7.39453855399995],[112.74539973,-7.39490518999996],[112.745382419444326,-7.395043338756111],[112.745333231301714,-7.395449555233891],[112.74520817,-7.39647331999991],[112.745195107,-7.39658104899995],[112.74519508,-7.39658126999995],[112.745106728063149,-7.397310087781647],[112.74508425,-7.39749550999993],[112.745080368,-7.39762479499997],[112.74506368,-7.39818059999997],[112.745021828,-7.39946586799993],[112.74502166,-7.39947122999995],[112.745021652,-7.39947147899998],[112.74501698,-7.39961464999996],[112.744970501,-7.40091232399993],[112.74497043,-7.40091432000001],[112.74496612,-7.40103476999994],[112.74496458,-7.40107774999997],[112.74496581,-7.40139122999996],[112.74496358,-7.40156984000001],[112.74496139,-7.40174535999994],[112.744968213,-7.40195998899997],[112.744969678867179,-7.402006134037975],[112.74497254,-7.40209626999994],[112.74498794,-7.40258118999995],[112.744988816,-7.40280469299997],[112.7449891920472,-7.402916702927349],[112.74499019,-7.40315438999996],[112.74499059,-7.40325457999994],[112.744988971084481,-7.403774257443296],[112.744988893084482,-7.403774782443246],[112.744978808,-7.40384633299992],[112.744949630833801,-7.404389464908308],[112.744837243277573,-7.405035524663309],[112.744769672,-7.40500823099995],[112.74468931,-7.40496074999995],[112.74461709,-7.404912],[112.74458176,-7.40488815999995],[112.74444995,-7.40484972999996],[112.74433283,-7.40482585999995],[112.74418628,-7.40475827999995],[112.74398621,-7.40472012999992],[112.74381062,-7.40470620999996],[112.7437521,-7.40470643999995],[112.74370822,-7.40470661999997],[112.74361558,-7.40470697999997],[112.74347484,-7.40470476999996],[112.74333945,-7.40467813999995],[112.74326944,-7.40464813999996],[112.74314945,-7.40459813999998],[112.74290945,-7.40448813999997],[112.74283944,-7.40445813999996],[112.74236617,-7.40421022999992],[112.74234553,-7.40419941999994],[112.742314246,-7.40418303299996],[112.74199945,-7.40401813999994],[112.74198573,-7.40400866999996],[112.741985206,-7.40400917399996],[112.74198491,-7.40400945999993],[112.74197909,-7.40401508999996],[112.74185547,-7.40413467999997],[112.74181685,-7.40420287999998],[112.74178544,-7.40429103999997],[112.74056446,-7.40396295999993],[112.74056271,-7.40396250000001],[112.74056144,-7.40394230999995],[112.74056108,-7.40393657999997],[112.74055399,-7.40392844999994],[112.74053315,-7.40390454999995],[112.74053272,-7.40390404999998],[112.74049867,-7.403865],[112.7403527,-7.40379285999996],[112.73906369,-7.40333064999995],[112.73897722,-7.40329963999991],[112.73803975,-7.40305400999994],[112.73608294,-7.40236336999995],[112.73608207,-7.40236232999996],[112.736042353,-7.40234995599996],[112.73598318,-7.40233151999993]]]]}},
{"type":"Feature","properties":{"kdkab":"15","kdkec":"150","nmkab":"SIDOARJO","nmkec":"GEDANGAN","kddesa":"007","kdprov":"35","nmdesa":"SRUNI","nmprov":"JAWA TIMUR","iddesa":"3515150007"},"geometry":{"type":"MultiPolygon","coordinates":[[[[112.71996948735007,-7.40249438185765],[112.719952429869522,-7.402565068858336],[112.719870840414146,-7.402550990385073],[112.71983023,-7.40254770999997],[112.719705348,-7.40252872499997],[112.71970038,-7.40252796999996],[112.71954611,-7.40248807999995],[112.7194317,-7.40242914999993],[112.71930945,-7.40227813999996],[112.71926945,-7.40220813999996],[112.71923001,-7.40213714],[112.719075542243118,-7.402122820367151],[112.718951316534543,-7.40207355828045],[112.718835228956721,-7.402026677481214],[112.718832617956721,-7.402025774481224],[112.718587564543483,-7.401938237921424],[112.718372452653242,-7.401859323511493],[112.7177634,-7.40162449999995],[112.717716970602851,-7.401655078454138],[112.717651649703456,-7.401661152999758],[112.717424216847022,-7.401589507111369],[112.716873955637965,-7.40139655430139],[112.716753436657584,-7.401352624391235],[112.716586909068155,-7.401299139715356],[112.716726875439164,-7.400899276985961],[112.716879824331258,-7.400502902392388],[112.716918205752009,-7.400416409748991],[112.716918600106737,-7.400248705642163],[112.716920754316476,-7.400203467237461],[112.716906999,-7.40017432199995],[112.716920663,-7.40005499299998],[112.716929977,-7.399973646],[112.716994316,-7.39982658499996],[112.717133717,-7.39963969599994],[112.717202652,-7.39954471899995],[112.717272699,-7.39938273599996],[112.717276182,-7.39937468099989],[112.717276934207902,-7.399369320109119],[112.717291702125962,-7.399314150583525],[112.717359193018652,-7.399094634750828],[112.717464633335808,-7.39876740618035],[112.717493720319851,-7.398669237609207],[112.717522807303894,-7.398552889673037],[112.717586999388274,-7.39827997474064],[112.717617842210387,-7.398076648642721],[112.717684767818596,-7.398041139720971],[112.71776199977586,-7.397995895991243],[112.717847800862913,-7.397947265547848],[112.717933396726849,-7.397900980815693],[112.718017768429405,-7.39785517989977],[112.718101275111025,-7.397805757805431],[112.718165547173285,-7.397773562227387],[112.718220077250166,-7.397744650751439],[112.718269556764042,-7.397719433823861],[112.718245215277904,-7.397635366355648],[112.718247145116322,-7.397583249420264],[112.718415825761525,-7.396733544607446],[112.718358542250826,-7.396718602306838],[112.718376681239704,-7.396653157423732],[112.71839078,-7.39657551999997],[112.71844129,-7.39632962999993],[112.71854123,-7.39584790999991],[112.71855646,-7.39573616999993],[112.71868757,-7.39521411999992],[112.71870503,-7.39510013999998],[112.71884046,-7.39458711199996],[112.71884285,-7.39457805999993],[112.71886051,-7.39451545000001],[112.71906981,-7.3945403299999],[112.719070012,-7.39453604899996],[112.71907022,-7.39453161999993],[112.71908636,-7.39418959999994],[112.71913343,-7.39392249999996],[112.71918496,-7.39336166999993],[112.719171766137819,-7.393249558895882],[112.719255666137826,-7.393264808895922],[112.719545229052471,-7.393334319098231],[112.719745570975945,-7.393394324370267],[112.719954902262955,-7.393438974612243],[112.720163795800786,-7.393497885063732],[112.720164665800795,-7.393498105063731],[112.720373933645106,-7.393524059600232],[112.720540392994096,-7.393534375143716],[112.720779705514687,-7.393449967766548],[112.72091383281257,-7.393528817031924],[112.720963039460372,-7.393646112538019],[112.721094449712226,-7.393663768700934],[112.721242827048641,-7.393657422716465],[112.721224472156564,-7.393740984509419],[112.721285465185431,-7.393752692351734],[112.721535380765218,-7.393769002251128],[112.721719980517818,-7.393759863649514],[112.721780295288468,-7.393715998361769],[112.721988655405255,-7.393754380488546],[112.722129389870105,-7.393752552768223],[112.722319472783667,-7.393798245776292],[112.722390753876255,-7.393834800182747],[112.722443757765618,-7.393944463402111],[112.722639323840156,-7.394114441392125],[112.722811129550493,-7.394213138289552],[112.722975624379544,-7.394203999687939],[112.723151085530532,-7.394224104611489],[112.723310097198606,-7.394300868865043],[112.723447176222805,-7.394355700474725],[112.723604360170569,-7.394381288559243],[112.723701855501218,-7.394390574465049],[112.723777993601217,-7.394412359804729],[112.723982698277368,-7.394459880533121],[112.724240406842867,-7.394523850744417],[112.72456945,-7.39461813999998],[112.724715525,-7.39464944199994],[112.724783499461992,-7.394664007920905],[112.724960286242933,-7.394717945940158],[112.725489196753387,-7.394775847683916],[112.725603444805913,-7.394804798913201],[112.725731369696149,-7.394863578259407],[112.725751474619699,-7.394873630721182],[112.72577683423917,-7.394893735644732],[112.725804478509048,-7.394842559475697],[112.725915969448735,-7.394874544581344],[112.7260108,-7.39490346999994],[112.726133925097216,-7.394926634610544],[112.726269176401104,-7.394946739534094],[112.726497641441441,-7.394977810779579],[112.726910706234378,-7.395032642389261],[112.726981987326965,-7.394948567254416],[112.72700196407493,-7.394934540736774],[112.727042232649438,-7.39494796359494],[112.72705453693608,-7.395037449316049],[112.72721337409105,-7.395047516459674],[112.727339772672124,-7.395062057889354],[112.727416954106545,-7.395057583603299],[112.727454985538046,-7.395044160745132],[112.72748854268346,-7.395021789314855],[112.727522099828846,-7.394997180741552],[112.727538878401546,-7.394992706455497],[112.727660802696562,-7.3949848764549],[112.727821876994554,-7.394985995026413],[112.728679821345693,-7.395044720030889],[112.728937092793856,-7.395071565747221],[112.729165281382677,-7.395091700034471],[112.729388995685454,-7.395098411463555],[112.729567967127679,-7.395116308607776],[112.729697721423292,-7.395071565747222],[112.72977523,-7.39502794999991],[112.72990444,-7.39503627999993],[112.729938773584536,-7.395099809677947],[112.729916402154259,-7.395267595405026],[112.729894030724012,-7.395354843983109],[112.729652419276988,-7.395327998266776],[112.729558459269811,-7.395676992579101],[112.729419756402095,-7.396231804049975],[112.729191567813274,-7.397184826979785],[112.728945482080249,-7.398249707060981],[112.72865818,-7.39894174999997],[112.728655934,-7.39895287099994],[112.72862848,-7.39908881],[112.72862656,-7.39923844999994],[112.72862335,-7.39948945000001],[112.72862788,-7.39979322999995],[112.7285618,-7.40000046999996],[112.72850907,-7.40020099],[112.72850219,-7.40023194999996],[112.72848665,-7.40030190999992],[112.72847433,-7.40035735],[112.728464585,-7.40040123699993],[112.72846305,-7.40040814999995],[112.72839681,-7.40057532999996],[112.72840439,-7.40080231999997],[112.72840976,-7.40086131999993],[112.72840657,-7.40094848999998],[112.72839342,-7.40097970999992],[112.72837804,-7.40101621999997],[112.72835516,-7.40105034999996],[112.72834174,-7.40106042999998],[112.728333207,-7.40106842499995],[112.72833222,-7.40106934999996],[112.72833204,-7.40106977999995],[112.7283295,-7.40107563999997],[112.72832941,-7.40107848999997],[112.72831945,-7.40117813999995],[112.72827197,-7.40169089999992],[112.72826945,-7.40171813999998],[112.72825945,-7.40188813999993],[112.728180485,-7.40275672799993],[112.727248921,-7.402645782],[112.727164576738915,-7.402638418634293],[112.72703771,-7.40262734299995],[112.727042401772295,-7.402557905514349],[112.727073958354623,-7.402090871328666],[112.727126191302489,-7.401317821107318],[112.727070802130285,-7.40131607930945],[112.726826589032044,-7.401309500507621],[112.726633616426611,-7.401294817204684],[112.726524416957844,-7.401291215368916],[112.726435802202261,-7.401287033710275],[112.726251383374759,-7.401256803927912],[112.726015160676724,-7.401249734919492],[112.725687040869218,-7.401237953238792],[112.725558906759332,-7.401225348498391],[112.725477768765771,-7.40122204796984],[112.725351061390469,-7.401229330435229],[112.72519679786916,-7.401233987359353],[112.724920705291581,-7.401199119005063],[112.724800616667551,-7.401194066478174],[112.724547533295308,-7.401188790235151],[112.724337643736035,-7.401189770887521],[112.724269303633889,-7.40118855340717],[112.724267633633886,-7.40118847340718],[112.724227240709851,-7.401179516686328],[112.724170318872822,-7.401173643888908],[112.72408386369284,-7.401165187258782],[112.723963160946766,-7.401157007888771],[112.723870551826678,-7.40115426233246],[112.723568588254878,-7.40113617657487],[112.723430268856319,-7.401125265571511],[112.723240738694543,-7.401114635710774],[112.72311197331905,-7.401103370200164],[112.72307298930626,-7.401099959540989],[112.723025632604148,-7.401097006742375],[112.722981051982714,-7.401089535315497],[112.72291510400099,-7.401081384862788],[112.722826710678589,-7.40107127069722],[112.722758296676133,-7.401064094871615],[112.722650691954286,-7.401055871054275],[112.722544652526409,-7.401050164934341],[112.72241023163626,-7.401049118013979],[112.72228949220785,-7.401061767014031],[112.722260916925052,-7.40107010185403],[112.722199325403494,-7.401077492836616],[112.72209092432557,-7.401077492836616],[112.721999768873687,-7.401067638193169],[112.721871658508874,-7.401040537923689],[112.721778039396128,-7.401020828636795],[112.721640074387864,-7.400991264706454],[112.721371535353924,-7.400991264706454],[112.721058650424453,-7.400946918810941],[112.720733447190696,-7.400912427558876],[112.720636594523057,-7.400879956289872],[112.720553445968974,-7.40085655151168],[112.720540621708821,-7.4008512216501],[112.720526935,-7.40088993300001],[112.72043657,-7.40114552299995],[112.72027178,-7.40161161999991],[112.720095422840473,-7.402123219450476],[112.719998437338944,-7.402417332307713],[112.71996948735007,-7.40249438185765]]]]}},
{"type":"Feature","properties":{"kdkab":"15","kdkec":"150","nmkab":"SIDOARJO","nmkec":"GEDANGAN","kddesa":"011","kdprov":"35","nmdesa":"KETAJEN","nmprov":"JAWA TIMUR","iddesa":"3515150011"},"geometry":{"type":"MultiPolygon","coordinates":[[[[112.732597259705827,-7.389110136500343],[112.732514075894443,-7.3891301681276],[112.732402318009648,-7.389136279608125],[112.732228301204586,-7.388162748078792],[112.732316905827432,-7.388182913282353],[112.7324191,-7.38816974999997],[112.732501000763364,-7.388167241445243],[112.732503895228092,-7.388122806785426],[112.732491538690766,-7.388071079450136],[112.732482348239671,-7.388028566690031],[112.732476200572918,-7.387985327074786],[112.73246393,-7.387904],[112.732455774022355,-7.387838552598073],[112.732440978253877,-7.38778065347202],[112.732385997269787,-7.387665613123955],[112.732360594419873,-7.387570042620104],[112.732354705418913,-7.387523846442332],[112.732348643974149,-7.387479621306245],[112.732317008129471,-7.387421241928716],[112.732696156,-7.38722127599995],[112.732817926348019,-7.387149768684824],[112.73278779335557,-7.387085562404136],[112.732754974975279,-7.387035024082393],[112.732727465272902,-7.386912456517238],[112.73273282,-7.38680379999994],[112.73274683,-7.38662385999993],[112.73275633,-7.38650189999994],[112.73276277,-7.38641912],[112.732771564,-7.38639933099993],[112.73279654,-7.38634312999995],[112.73280653,-7.38621489999997],[112.73280652,-7.38621216999996],[112.73280614,-7.38611548999993],[112.73280626,-7.38611243],[112.732808003,-7.38606654199997],[112.73280944,-7.38602871999993],[112.73281684,-7.38583421999994],[112.73281098,-7.38567727999991],[112.732810965,-7.38567380799998],[112.73281093,-7.38566547999996],[112.73281067,-7.38559618999993],[112.73280969,-7.38556239999995],[112.732807715,-7.385494138],[112.73280764,-7.38549154999993],[112.73281833,-7.38542595999995],[112.73282812,-7.38536589999996],[112.73283181,-7.38532132999995],[112.73284188,-7.38519972999994],[112.732839065,-7.38517056399998],[112.73283904,-7.38517030999995],[112.73283813,-7.38516088999994],[112.7328255,-7.38502974999995],[112.73280669,-7.38491209999992],[112.732797478,-7.38480249199995],[112.7327957,-7.38478133999995],[112.73279376,-7.3847544],[112.73278984,-7.38470013999996],[112.73278739,-7.38466626999995],[112.73278971,-7.38458776999992],[112.732793519357372,-7.384558636097316],[112.73281897,-7.38436398999996],[112.73281545,-7.38413378999996],[112.73281525,-7.38408157999992],[112.73281075,-7.38407516999994],[112.73282483,-7.38384859999995],[112.73282471,-7.38381927999997],[112.73282395,-7.38381530999996],[112.7328234,-7.38381244999995],[112.732820307,-7.38379629999996],[112.73281996,-7.38379448999995],[112.73281784,-7.38378345999996],[112.7327995,-7.38376326999998],[112.73279437,-7.38375544999994],[112.73279277,-7.38375192999995],[112.73279207,-7.38375192999995],[112.7327913,-7.38375075999995],[112.7327686,-7.38371611999995],[112.73271023,-7.38368834999992],[112.73262372,-7.38363482999995],[112.7325459,-7.38359852000001],[112.73242057,-7.38355376999991],[112.73229962,-7.38352192999996],[112.73223697,-7.38350277999997],[112.73222304,-7.38350447999997],[112.73203119,-7.38343820299998],[112.73191444,-7.38339786999993],[112.73179945,-7.38335814999993],[112.73166945,-7.38330814999993],[112.73155945,-7.38326814999992],[112.73134809257617,-7.383184887984482],[112.73122945,-7.38313814999994],[112.73088945,-7.38292814999995],[112.73081885,-7.38288107999993],[112.730790139,-7.38286382999994],[112.73077972,-7.38285756999994],[112.73069885,-7.38280897999995],[112.73065748,-7.38278411999995],[112.73076498,-7.38243963999997],[112.73083595,-7.38203190999998],[112.73089807,-7.38167854999992],[112.73097871,-7.38142471],[112.73104114,-7.38115282999994],[112.73110329,-7.38080851999994],[112.73118376,-7.38050940999991],[112.73130019,-7.38012866999996],[112.7314247,-7.37949437999991],[112.73154145,-7.37919512999994],[112.73181446,-7.37836677999996],[112.73180799,-7.37836196999995],[112.73186307,-7.37819486999996],[112.73189948,-7.37800465999993],[112.73199154,-7.37779567999997],[112.73216278,-7.37764666999994],[112.73241284,-7.37746489999993],[112.73261202,-7.37733431999995],[112.73266742,-7.37739874999992],[112.73267085,-7.37739663999998],[112.73285328,-7.37754411999992],[112.73297459,-7.37761747999994],[112.73311612,-7.37770418999994],[112.73325098,-7.37780434999995],[112.73338571,-7.37787094999992],[112.73344641,-7.37791769999993],[112.73357441,-7.37798431999995],[112.73370237,-7.37803751999995],[112.73379681,-7.37811769999996],[112.73385039,-7.37806378999992],[112.73391054,-7.37796958999996],[112.73397063,-7.37786196999993],[112.73401762,-7.37784164999992],[112.73402396,-7.3778612899999],[112.73404889,-7.37793846999992],[112.734052043,-7.37794823399997],[112.73406525,-7.37798912999993],[112.73409285,-7.37817024999994],[112.7341401,-7.37821704999992],[112.7341874,-7.37827726999995],[112.73423473,-7.37834420999997],[112.73431585,-7.378458],[112.73439028,-7.37857852999996],[112.73447154,-7.37872587999995],[112.73451889,-7.37879952999997],[112.73458649,-7.37889323999997],[112.73460015,-7.37894687999995],[112.73470139,-7.37904716999996],[112.73477553,-7.37909385999998],[112.7348699,-7.37915390999994],[112.73495092,-7.37924084999995],[112.7350186,-7.37935468999993],[112.73513355,-7.37952204999994],[112.73517428,-7.37962257],[112.73524879,-7.37976323999991],[112.73531636,-7.37985022999989],[112.73538381,-7.37990366999997],[112.73545819,-7.38001077],[112.73553918,-7.380091],[112.73557992,-7.38019151999992],[112.73564759,-7.38030535999997],[112.73570858,-7.38042593999996],[112.7359039,-7.38051243999996],[112.73603183,-7.38055892999996],[112.73613961,-7.38061221000002],[112.73628769,-7.3806519],[112.73642229,-7.38068493999994],[112.73650985,-7.38072486999995],[112.73663297,-7.38076315999994],[112.73663775,-7.38076464999994],[112.73679263,-7.38082445999991],[112.73687339,-7.38084427999994],[112.7370627,-7.38089639999995],[112.73713016,-7.38095486999991],[112.737253671,-7.38100507699995],[112.73727326,-7.38101303999997],[112.73729625,-7.38101804999997],[112.73750038,-7.38106249999992],[112.73763524,-7.38116265999995],[112.73779512,-7.38121236999994],[112.73800562,-7.38131222999991],[112.73825798,-7.38136997999995],[112.73836727,-7.38137794999997],[112.73854406,-7.38145276999994],[112.73872081,-7.38151919999995],[112.73892291,-7.38161909999995],[112.73907435,-7.38166046],[112.73941092,-7.38175982999996],[112.73944017,-7.38176248999995],[112.73956791,-7.38177412999995],[112.739568513,-7.38177418799996],[112.73956895,-7.38177422999994],[112.73958748,-7.38177591999993],[112.73970061,-7.38178112999998],[112.7397556,-7.38178365999996],[112.739793323,-7.38179075099993],[112.73980433,-7.38179281999991],[112.73997427,-7.38182474999996],[112.74022232,-7.38185314999992],[112.74040728,-7.38186920999992],[112.74056703,-7.38188536999994],[112.74072678,-7.38190152999993],[112.74086985,-7.38195131000001],[112.741071018,-7.38195888799996],[112.74107159,-7.38195891000001],[112.74119765,-7.38195841999991],[112.741322979,-7.38197876999991],[112.74134903,-7.381983],[112.7415592,-7.38199895999998],[112.74176934,-7.38200652999994],[112.7418701,-7.38198096999996],[112.741878436556732,-7.381983905696268],[112.74198792,-7.38202245999995],[112.74213927,-7.38203864999997],[112.74230736,-7.38203798999992],[112.74250065,-7.38203723999994],[112.7427192,-7.38204477999992],[112.7428537,-7.38205263999996],[112.74293788,-7.38208586999996],[112.742937910450678,-7.382086327632627],[112.74294681,-7.38222007999998],[112.7428803,-7.38240491999995],[112.7428387,-7.38251415999997],[112.74282432,-7.38256762999992],[112.74281385,-7.38260653999993],[112.74274763,-7.38286688999995],[112.74272285,-7.38297605999997],[112.74267282,-7.38307694],[112.74263125,-7.38319455999993],[112.74263155,-7.38327006999998],[112.74263188,-7.38335396999997],[112.7426069,-7.3834128],[112.74253191,-7.38358088999996],[112.74250719,-7.38370683999995],[112.742473144,-7.38382011699996],[112.74247256,-7.38382205999998],[112.74246919,-7.38383325999998],[112.74244912,-7.38390003999997],[112.74241612,-7.38405957999992],[112.74236178,-7.38413110999994],[112.74231168,-7.38421519999996],[112.74226992,-7.38428249],[112.74221992,-7.38439174999997],[112.74219503,-7.38447574999998],[112.74211976,-7.38456833],[112.74200249,-7.38466946999996],[112.74186844,-7.38477906999995],[112.74176789,-7.38485496999994],[112.74157472,-7.38488927999991],[112.74140679,-7.38493188999997],[112.74126375,-7.38489049999992],[112.74110387,-7.38484077999992],[112.74100289,-7.38480760999993],[112.74095323,-7.384814],[112.74095,-7.38481441999995],[112.74093569,-7.38481626999994],[112.740924755,-7.38482910399995],[112.74088549,-7.38487518999993],[112.74083526,-7.38492572999998],[112.74082702,-7.38496770999995],[112.74081047,-7.38503489999994],[112.74076868,-7.38509378999993],[112.74077704,-7.38517788999993],[112.74078268,-7.38523468999995],[112.740783399,-7.38524192099995],[112.74078618,-7.38526990999998],[112.74083687,-7.38533684000001],[112.74087091,-7.38544576999992],[112.74087958,-7.38551285999995],[112.74088011,-7.38564709999996],[112.74090555,-7.38570572999993],[112.74093963,-7.38582305999992],[112.74098201,-7.38591518999992],[112.74116266,-7.38590189999997],[112.74120468,-7.38590172999996],[112.74122983,-7.38588484999997],[112.74126377,-7.38596862],[112.74129765,-7.38603560999994],[112.741323,-7.38606906999997],[112.74136505,-7.38607729999994],[112.741399,-7.38616105999994],[112.74144952,-7.38618603999994],[112.74144979,-7.38625315999996],[112.74143354,-7.38639584999993],[112.7414201,-7.38646432999995],[112.74141706,-7.38647981999997],[112.741384,-7.38662257999995],[112.74138446,-7.38674003999992],[112.74136834,-7.38691628999997],[112.74133511,-7.38701709999998],[112.74131867,-7.38710945999998],[112.74131824,-7.38710984999992],[112.74131299,-7.38711464999995],[112.74130927,-7.38711804999995],[112.741308221,-7.38711900999994],[112.74122655,-7.38719371999994],[112.74115977,-7.38731143999995],[112.7411014,-7.38742912999992],[112.74105173,-7.38762228999996],[112.7410102,-7.38774830999996],[112.74097724,-7.38791623999998],[112.74091893,-7.38805069999996],[112.74087753,-7.38821027999995],[112.74086112,-7.38831101999998],[112.7407977,-7.38848221999996],[112.7407881,-7.38871297999997],[112.74078478,-7.38875106999997],[112.740757498302884,-7.388847310047516],[112.74070935,-7.38901715999997],[112.74067134,-7.38908785999997],[112.74066864,-7.38914960999994],[112.74064553,-7.38926434999996],[112.74060184,-7.38938798999993],[112.74058167,-7.38950271999994],[112.74055553,-7.38959395999993],[112.74052648,-7.38969695999997],[112.74046508,-7.38980890999995],[112.74045943,-7.38987066999992],[112.74047171,-7.38999996999997],[112.74051062,-7.39015856999993],[112.74053434,-7.39019962999993],[112.74054039,-7.3902407699999],[112.74055411,-7.39035977999991],[112.74056308,-7.39039501999996],[112.74056629,-7.39046261999993],[112.74057243,-7.39052726999994],[112.74058438,-7.39057131999994],[112.74059052,-7.39063303999997],[112.74059068,-7.39067418999998],[112.74060251,-7.39068883999995],[112.74062027,-7.39071228999995],[112.74062041,-7.39074756999995],[112.74062059,-7.39079166999995],[112.74063554,-7.39085040000002],[112.74064759,-7.39091796999997],[112.74065371,-7.39097673999991],[112.74067448,-7.39101781999993],[112.74067466,-7.39106484999997],[112.74068823,-7.39114564999993],[112.74070916,-7.39122493999997],[112.74070939,-7.39128372999998],[112.74073046,-7.39140123999997],[112.74073952,-7.39145705999993],[112.74074864,-7.39153051999995],[112.74076369,-7.39161277999993],[112.7407787,-7.39168620999993],[112.74079367,-7.39175082999998],[112.74081343,-7.39190803],[112.74082255,-7.39198148999997],[112.74087624,-7.39215472999996],[112.74086163,-7.39218417999998],[112.7408766,-7.39224585999995],[112.74087978,-7.39230757999996],[112.74088296,-7.39236636999992],[112.74088913,-7.39243689999994],[112.74088915,-7.39244372999996],[112.74082945,-7.39241813999996],[112.74069916,-7.39230483999993],[112.74059945,-7.39221813999997],[112.740581206,-7.39220487099993],[112.74056777,-7.3921951],[112.74037945,-7.39205813999996],[112.74024945,-7.39202813999998],[112.74014506,-7.39204554],[112.74006945,-7.39205813999996],[112.73985945,-7.39215813999995],[112.73963945,-7.39229813999996],[112.739521599,-7.39240616999992],[112.73939945,-7.39251813999993],[112.73924945,-7.39257813999997],[112.73854945,-7.39274814000001],[112.73794945,-7.39289813999993],[112.73775493,-7.39292592999993],[112.73766945,-7.39293813999998],[112.737648849,-7.39293705599992],[112.737641384,-7.39307142499997],[112.737179145,-7.39306063299996],[112.737169934,-7.39327801699995],[112.737119961,-7.39327601400001],[112.736258777,-7.39324149399997],[112.736133829,-7.39355290299996],[112.735808766,-7.393970581],[112.735787755,-7.39396986499996],[112.735781129,-7.39396964],[112.735640073465888,-7.394106606428337],[112.73540982,-7.39433018499995],[112.735250581,-7.39448480899995],[112.735181379,-7.394700104],[112.734701422,-7.39490579999994],[112.734449193,-7.39501389799996],[112.734215625,-7.39511399799996],[112.734212553,-7.39511531499996],[112.733573325,-7.39512190499995],[112.73358783,-7.39511162999998],[112.73363211,-7.39504387999993],[112.733723096595469,-7.394857370995105],[112.733729189941855,-7.394700483941961],[112.733766655633417,-7.394304964047153],[112.733979958,-7.39430988199998],[112.734023352,-7.39369637999993],[112.734049356,-7.393328738],[112.734074084439698,-7.392979133915002],[112.734089114,-7.39276664999996],[112.733842053,-7.39275615699993],[112.7338419,-7.39275781999996],[112.733840706,-7.39277083599994],[112.73364896,-7.39275541399996],[112.733430507,-7.392280843],[112.733256135,-7.39217934299994],[112.73328794,-7.39166579499992],[112.733300938,-7.39158616099996],[112.733346426,-7.39130747699993],[112.733529525,-7.39018572799995],[112.73352753,-7.39017982999998],[112.733523527,-7.39016799799996],[112.73350956,-7.39012670999996],[112.73350682,-7.39011861999994],[112.73346385,-7.38999160000002],[112.7333698,-7.38971354999998],[112.733285926,-7.38938409699995],[112.733370936346418,-7.38932473753849],[112.733017554301568,-7.389016484579097],[112.732879034848608,-7.389049090412525],[112.732743313358426,-7.389075247453701],[112.732597259705827,-7.389110136500343]]]]}},
{"type":"Feature","properties":{"kdkab":"15","kdkec":"150","nmkab":"SIDOARJO","nmkec":"GEDANGAN","kddesa":"008","kdprov":"35","nmdesa":"KEBOANANOM","nmprov":"JAWA TIMUR","iddesa":"3515150008"},"geometry":{"type":"MultiPolygon","coordinates":[[[[112.70800659,-7.40188690999998],[112.70773783,-7.40184271999993],[112.70758235,-7.40180131999998],[112.707400162214356,-7.401754676630488],[112.707373381741434,-7.401726876920154],[112.707431462325715,-7.401339674391616],[112.707513872443386,-7.400779324626837],[112.707515312443391,-7.400769734626848],[112.707546546620719,-7.400558497947173],[112.707583818162391,-7.400361443590719],[112.707631774332867,-7.400118583806266],[112.707652769613034,-7.39991676687488],[112.707666642808945,-7.399834515958156],[112.707775009566035,-7.399773321263746],[112.707776599566031,-7.399760671263786],[112.70786153,-7.39968689999995],[112.708080422112488,-7.399760543599812],[112.708356828688309,-7.399844820599867],[112.708603581438481,-7.399886440187584],[112.708828880823333,-7.399906151329658],[112.708972546946882,-7.399814241588839],[112.709137706036969,-7.399844178357019],[112.70905946,-7.39969813999998],[112.70906946,-7.39928813999996],[112.70907946,-7.39910813999994],[112.70908946,-7.39891813999996],[112.709031084306361,-7.398854242171796],[112.708991216,-7.39882855999996],[112.70896152,-7.39880929999994],[112.708810961274111,-7.398784905103432],[112.708583715406391,-7.398768362252738],[112.708366988956854,-7.398746062558757],[112.708206877223304,-7.398725377424046],[112.708053764417286,-7.398681934510205],[112.70788179,-7.39863390999994],[112.707833267,-7.39862261699995],[112.707569043692359,-7.398689168582393],[112.707598656902007,-7.398629637746345],[112.707625848375457,-7.398514717573335],[112.707663772357805,-7.398312716133127],[112.707727844421356,-7.398069317406472],[112.707746547521154,-7.39780806884633],[112.707735204498789,-7.397686593379407],[112.707651790287755,-7.397405683756977],[112.70763521246046,-7.39723725444281],[112.707635843453275,-7.397085520388181],[112.707664594203237,-7.396746513706375],[112.707714186260787,-7.396466249772763],[112.707663254428297,-7.396459760938547],[112.707611708951916,-7.396452540792027],[112.707562912222116,-7.396444883504253],[112.707477684006847,-7.396435394125342],[112.707383831244741,-7.396423794945519],[112.707315877424847,-7.396425981261677],[112.7073145489301,-7.396394694264111],[112.70746176604321,-7.395785170218088],[112.707502678787932,-7.395282229544037],[112.70772083,-7.39532782999994],[112.707939325145801,-7.395358137680976],[112.70806125,-7.39537504999991],[112.70831418,-7.39542259999998],[112.708479394,-7.39544275699992],[112.708494926904919,-7.395240332021539],[112.708522531993367,-7.395093400718909],[112.708824594175155,-7.395139187458541],[112.708790345567849,-7.395362054529199],[112.708782555527506,-7.395533741153357],[112.708784526527509,-7.395533939153407],[112.709269646505973,-7.395594819483441],[112.709531853793791,-7.395632509913799],[112.709618335412614,-7.395631590214579],[112.709650953978624,-7.39502987193333],[112.709719559850001,-7.394077106932751],[112.709813422625501,-7.393657561171373],[112.709880912881715,-7.393160113004486],[112.70988335562491,-7.392752850641279],[112.709869677348465,-7.392649553679145],[112.709898073808901,-7.392403880871268],[112.709937166510073,-7.392095640333837],[112.709950756123519,-7.39173860739627],[112.709580463390722,-7.391671793103078],[112.70912604534189,-7.39161114010719],[112.708614033930616,-7.391534385455999],[112.70809247698817,-7.391454337259264],[112.707459332111242,-7.391357151123943],[112.706848358392321,-7.391259446293823],[112.706326374549718,-7.39118427758772],[112.705869836930617,-7.391119751523799],[112.705121383673628,-7.391019852471747],[112.704682831434482,-7.390946451640622],[112.704223854070051,-7.390881712126642],[112.70410699,-7.39082667999997],[112.70411164,-7.39080119999992],[112.70411533,-7.39071484999996],[112.70414,-7.39058225999998],[112.704140854,-7.39057766699997],[112.704223398,-7.39013396699995],[112.70422432,-7.39012900999995],[112.704260424,-7.38993496899995],[112.70431358,-7.38964927999996],[112.70441322497453,-7.389280207972373],[112.704477096,-7.38904363799998],[112.7044906,-7.38899361999995],[112.70465452,-7.38806915],[112.70490367,-7.38722989999995],[112.70495986,-7.38658368999994],[112.70496924,-7.38647589999995],[112.70551343,-7.38448925999995],[112.705592884,-7.38413512999996],[112.708050944,-7.38445286999993],[112.709209064,-7.38460257399993],[112.709429676,-7.38463109199993],[112.709939492,-7.38414858499995],[112.710128282,-7.38396986999992],[112.710386662,-7.38374187899996],[112.710466062,-7.38368406599996],[112.710597298,-7.38360442899992],[112.710625045,-7.38360140499996],[112.7106306,-7.38360079999997],[112.71131034,-7.38352673999995],[112.71210905,-7.38322078999995],[112.71234217,-7.38318108999993],[112.7126929,-7.38317973999991],[112.7127158,-7.38317964999995],[112.71277148,-7.38317943999992],[112.712819872,-7.38318918899995],[112.71282191,-7.38318959999998],[112.71284091,-7.38319342999995],[112.71284871,-7.383195],[112.712849491,-7.38319515699993],[112.713308718,-7.38328770799995],[112.713659047,-7.38335831199993],[112.71383027,-7.38339281999996],[112.713884646,-7.38340180599992],[112.714200593,-7.38345401699996],[112.714721529,-7.38354010399997],[112.715359547329271,-7.38371239881871],[112.715772919564344,-7.383810567014286],[112.716045944471006,-7.383869990082207],[112.716100549452349,-7.383882838313109],[112.7161001,-7.383905],[112.716043401,-7.38420437299996],[112.71601922,-7.38435655999994],[112.716014094,-7.38438882799991],[112.715999426,-7.384481174],[112.71599801,-7.38449008999992],[112.715990690784608,-7.384536171049476],[112.71598679,-7.38456072999996],[112.715932835,-7.38490687099995],[112.71590633,-7.38507690999997],[112.715894673461591,-7.385158000184016],[112.715891805,-7.38517795499995],[112.715882472,-7.38524287999997],[112.71586024,-7.38539752999997],[112.71584413,-7.38550956999997],[112.715843,-7.38551718399996],[112.715833841,-7.38557888299992],[112.71580543,-7.38577025999996],[112.715780177,-7.38594037599995],[112.71575924,-7.38608141999993],[112.715735152497359,-7.386246051571568],[112.715734057,-7.38625353899994],[112.715721768,-7.38633753499993],[112.71571851,-7.3863598],[112.715703599,-7.38645677199997],[112.71569348,-7.38652258],[112.715659733,-7.38674201599996],[112.71565952,-7.38674339999995],[112.71563128,-7.38692701999998],[112.715585777,-7.38719730999998],[112.71552797,-7.38754068],[112.715480888190115,-7.387801531215235],[112.71542223,-7.38812651999997],[112.71542139,-7.38820882999992],[112.7153776,-7.38829710999993],[112.715374797,-7.388304185],[112.715373,-7.38830871999994],[112.71613765,-7.38844488999996],[112.71651051,-7.38850946],[112.71650499,-7.38854696999992],[112.716504932,-7.388547364],[112.716505101,-7.38854702599996],[112.716570469,-7.38855931299998],[112.716504301,-7.38899401099997],[112.716470443,-7.38915653],[112.71644513,-7.38927803199992],[112.716429915,-7.389592485],[112.716428102,-7.38962934899994],[112.716427169,-7.38964832199995],[112.716420819,-7.38977743099994],[112.716414916962094,-7.389897433317587],[112.716414699,-7.38990186499995],[112.716369053,-7.39027548899993],[112.716346145492579,-7.390396220218352],[112.716335622,-7.390451683],[112.716306501,-7.39060515699991],[112.716218589,-7.39095003999996],[112.716082645028692,-7.39138903273806],[112.716065700149613,-7.391442503609511],[112.716057982,-7.39146736499995],[112.715973977,-7.39187319199994],[112.715956048,-7.39195980499993],[112.715938664601026,-7.392043784902457],[112.715937949,-7.39204724199994],[112.715893935,-7.39217795099997],[112.715826369,-7.392378601],[112.715831441,-7.39247834599996],[112.715863562,-7.39260175999992],[112.715964999,-7.39276236799998],[112.715992048,-7.39290268799993],[112.715981903564781,-7.393095430019144],[112.715978523,-7.39315965999998],[112.715978523,-7.393220126],[112.715978523,-7.39322897499992],[112.715978523,-7.39324249999992],[112.716518574,-7.392961939],[112.716522196002543,-7.39318781751594],[112.716545197,-7.39462222600002],[112.716962646,-7.39462201499991],[112.71884046,-7.39458711199996],[112.71870503,-7.39510013999998],[112.71868757,-7.39521411999992],[112.71855646,-7.39573616999993],[112.71854123,-7.39584790999991],[112.71844129,-7.39632962999993],[112.71839078,-7.39657551999997],[112.718376681239704,-7.396653157423732],[112.718358542250826,-7.396718602306838],[112.718415825761525,-7.396733544607446],[112.718247145116322,-7.397583249420264],[112.718245215277904,-7.397635366355648],[112.718269556764042,-7.397719433823861],[112.718220077250166,-7.397744650751439],[112.718165547173285,-7.397773562227387],[112.718101275111025,-7.397805757805431],[112.718017768429405,-7.39785517989977],[112.717933396726849,-7.397900980815693],[112.717847800862913,-7.397947265547848],[112.71776199977586,-7.397995895991243],[112.717684767818596,-7.398041139720971],[112.717617842210387,-7.398076648642721],[112.717586999388274,-7.39827997474064],[112.717522807303894,-7.398552889673037],[112.717493720319851,-7.398669237609207],[112.717464633335808,-7.39876740618035],[112.717359193018652,-7.399094634750828],[112.717291702125962,-7.399314150583525],[112.717276934207902,-7.399369320109119],[112.717276182,-7.39937468099989],[112.717272699,-7.39938273599996],[112.717202652,-7.39954471899995],[112.717133717,-7.39963969599994],[112.716994316,-7.39982658499996],[112.716929977,-7.399973646],[112.716920663,-7.40005499299998],[112.716906999,-7.40017432199995],[112.716920754316476,-7.400203467237461],[112.716918600106737,-7.400248705642163],[112.716918205752009,-7.400416409748991],[112.716879824331258,-7.400502902392388],[112.716726875439164,-7.400899276985961],[112.716586909068155,-7.401299139715356],[112.716517189386934,-7.401561796252003],[112.71630945,-7.40225813999997],[112.71616945,-7.40269813999993],[112.71596945,-7.40331813999996],[112.71586945,-7.40331813999996],[112.715739871,-7.40329500099997],[112.71558945,-7.40326813999997],[112.71512945,-7.40314813999992],[112.715096338,-7.40314424399997],[112.71495945,-7.40312814],[112.71483945,-7.40315813999997],[112.71476945,-7.40323813999992],[112.71468901,-7.40322256999993],[112.714687941,-7.40322236299993],[112.7146242,-7.40321002999998],[112.71445945,-7.40317813999998],[112.71305946,-7.40288813999996],[112.712619136237649,-7.402798617911162],[112.711156890320296,-7.402501329143093],[112.70882946,-7.40202813999996],[112.70860538,-7.40201027999994],[112.70843407,-7.40197248999994],[112.70819767,-7.40192816999995],[112.70800659,-7.40188690999998]]]]}}
]
}
