{
"type": "FeatureCollection",
"name": "kdkec_080",
"crs": { "type": "name", "properties": { "name": "urn:ogc:def:crs:OGC:1.3:CRS84" } },
"xy_coordinate_resolution": 1e-15,
"features": [
{"type":"Feature","properties":{"kdkab":"15","kdkec":"080","nmkab":"SIDOARJO","nmkec":"TULANGAN","kddesa":"007","kdprov":"35","nmdesa":"KEPATIHAN","nmprov":"JAWA TIMUR","iddesa":"3515080007"},"geometry":{"type":"MultiPolygon","coordinates":[[[[112.65563212,-7.494441179],[112.65562812,-7.49444054999996],[112.65562446,-7.49444000999995],[112.65560009,-7.49443644999997],[112.65524741,-7.49438481999996],[112.654673446,-7.49425387099997],[112.65454309,-7.49422412999998],[112.65409322,-7.49427073999993],[112.65409058,-7.49426603999994],[112.654086345,-7.49425849999994],[112.65405203,-7.49419739999995],[112.65394845,-7.49385478999993],[112.6539355,-7.49366259999993],[112.65411,-7.49311],[112.654150874,-7.49296830199995],[112.65426,-7.49259],[112.65427007631969,-7.492556101889822],[112.65428911,-7.49249207],[112.65427509,-7.49238606999994],[112.65479963,-7.49054011999992],[112.654800005,-7.49053880199997],[112.65481562,-7.49048385999995],[112.65501044,-7.49027488999998],[112.65501029,-7.49023642999995],[112.65487655,-7.49006804999994],[112.65473119,-7.48997151999996],[112.654729671,-7.48997051099998],[112.65471637,-7.48996167999998],[112.65463815,-7.48990129999993],[112.65445317,-7.48985700999997],[112.65431248,-7.48980229999997],[112.65420826,-7.48972414],[112.65421236,-7.48945001999992],[112.65421348,-7.48937500999995],[112.65407491,-7.48884642999996],[112.65419263,-7.48884090999992],[112.65422458,-7.48883475],[112.65443104,-7.48879494999995],[112.654557134,-7.48877064299998],[112.65455912,-7.48877025999997],[112.654550038,-7.48867042099994],[112.65454706,-7.48863767999996],[112.65454,-7.48856],[112.65453787,-7.48854880999993],[112.6545,-7.48835],[112.65441,-7.48803],[112.65423,-7.48768],[112.653809187,-7.48702965199993],[112.65379,-7.487],[112.65379,-7.48681],[112.65385,-7.48665],[112.65406549,-7.48633144999995],[112.65408,-7.48631],[112.654200631,-7.48614761499996],[112.65427461,-7.48604802999994],[112.654277423,-7.48604424299998],[112.65434,-7.48596],[112.65458,-7.48547],[112.65456,-7.48528],[112.65449,-7.48505],[112.654403738,-7.48492779599996],[112.65437,-7.48488],[112.654333352,-7.48484494499993],[112.65422092,-7.48473739999998],[112.65416598,-7.48468484999993],[112.65414,-7.48466],[112.653951465,-7.48453954099994],[112.65395083,-7.484539135],[112.65394694,-7.48453664999994],[112.65378,-7.48443],[112.653698155778429,-7.484377619698193],[112.65353,-7.48427],[112.65271071,-7.48370943],[112.65272282,-7.48368910999995],[112.65298117,-7.48325575999997],[112.65309059,-7.48303690999998],[112.653107307143003,-7.48303213454614],[112.653154743141002,-7.48288308349854],[112.653234802697995,-7.48251297912716],[112.653328131741006,-7.48224592158352],[112.653328241701999,-7.48224577615326],[112.653331673,-7.48221625999997],[112.65333831,-7.48215917999994],[112.653296379948955,-7.481985827058701],[112.653288445597809,-7.481985934171476],[112.653296379948969,-7.481881864285451],[112.653324369926381,-7.481645948761536],[112.653362356324266,-7.481511996726773],[112.653386347733473,-7.48138004397611],[112.653420335563197,-7.481182114850111],[112.653420335563197,-7.481174117713709],[112.653414337710885,-7.480914210780582],[112.653488311222631,-7.480654303847457],[112.653582159210458,-7.48038612642259],[112.653602270416386,-7.480256446311364],[112.653799953,-7.47992452999996],[112.653515145825779,-7.479826789220933],[112.653709372283998,-7.479478947291224],[112.653934132766437,-7.479173897044856],[112.654021421455127,-7.479024556296308],[112.654185733006415,-7.478716445268891],[112.654244518,-7.47860761399992],[112.654361286766502,-7.478660140582639],[112.654365351954155,-7.478769697993004],[112.65448969,-7.47881618],[112.654621734893027,-7.478701269323017],[112.654789728410819,-7.478775259990443],[112.654925300410085,-7.478863903485719],[112.654934392966439,-7.479003760588061],[112.65496850377184,-7.479101443291611],[112.655085250021841,-7.479125263804473],[112.655217357555884,-7.479104446125374],[112.655372696136823,-7.479066683984835],[112.655432870721015,-7.479032655098171],[112.655735820241759,-7.479002426023862],[112.655946976629494,-7.479007249594956],[112.656039017887679,-7.478920603766849],[112.656103109064603,-7.478851134813397],[112.656209587,-7.47874922999994],[112.65622382,-7.47874013699991],[112.656241186495606,-7.47869173414627],[112.656250699309581,-7.478558623635059],[112.6562822,-7.47843578999995],[112.65680849,-7.47783133999995],[112.65680997,-7.47780552999997],[112.65685203,-7.47781253999996],[112.65685463,-7.47781297999996],[112.65852018,-7.47807323999993],[112.658684664,-7.47809698699997],[112.65868607,-7.47809718999998],[112.65897619,-7.47813907999993],[112.65926499,-7.47813798999994],[112.6595946,-7.47819079999993],[112.66024011,-7.47825141999994],[112.66028861,-7.47794948999996],[112.6602922,-7.47770626999993],[112.6603019,-7.47766524999995],[112.66051059,-7.47749005999996],[112.66072465,-7.47745542999998],[112.66102372,-7.47745857999993],[112.66109928,-7.47740821],[112.66136057,-7.47709654999996],[112.66141093,-7.47709339999992],[112.66146445,-7.47713746999994],[112.66148963,-7.47726653999998],[112.66157463,-7.47737357999996],[112.66163445,-7.47739246999993],[112.66197444,-7.47735468999998],[112.66231758,-7.47719098999994],[112.662368,-7.47721317999995],[112.66237268,-7.47725103999994],[112.66235573,-7.47744765999994],[112.66236615,-7.47760919999998],[112.66247558,-7.47771862999995],[112.66271527,-7.47783846999995],[112.66264232,-7.47832307999996],[112.6626788,-7.47840123999994],[112.66277008,-7.47846566999997],[112.662898722956456,-7.478548312207342],[112.662728179934732,-7.479299726124691],[112.662584956,-7.47926845099995],[112.66257455,-7.47933195999998],[112.66227997,-7.48025277999995],[112.66214227,-7.48069963999994],[112.66214172,-7.48070142599995],[112.66211814,-7.48077797000001],[112.6621081,-7.48081204999994],[112.66210473,-7.48082349399995],[112.66201704,-7.48112125999994],[112.66195661,-7.48138490999998],[112.66192382,-7.48159863999995],[112.66179819,-7.48200407999994],[112.66171071,-7.48226009999995],[112.66161464,-7.48252098],[112.661612676,-7.48252631299993],[112.66158721,-7.48259547999994],[112.66150215,-7.48283224999997],[112.66141266,-7.48308133999997],[112.66119576,-7.48374339999996],[112.66127614,-7.48376356999993],[112.661294421,-7.4837681569999],[112.66136465,-7.48378577999992],[112.66341332,-7.48429986999997],[112.66396671,-7.48441645999996],[112.66415014,-7.48445510999995],[112.66290481,-7.48902165999995],[112.66288902,-7.48907956999994],[112.662879674,-7.48907821599993],[112.662014187973568,-7.48895277983287],[112.661840329,-7.48892758199997],[112.66183983,-7.48892750999994],[112.66165,-7.4889],[112.66126,-7.48876],[112.66072,-7.48855],[112.66053618,-7.48852446999998],[112.660446125,-7.48854795599993],[112.660174470165998,-7.48818857907483],[112.660137106115002,-7.4886197518045],[112.660091812808005,-7.48876918802951],[112.660061078064004,-7.48895475176296],[112.659420151527002,-7.49108255604393],[112.659434842,-7.49108604199994],[112.659620831,-7.49113017499997],[112.659832632,-7.49127318599994],[112.65998506,-7.49137138399994],[112.65998431,-7.49138412999994],[112.65998423,-7.49138551999993],[112.66005039,-7.49147056999992],[112.66027967,-7.49186858999996],[112.660424856,-7.492075556],[112.66044053,-7.49209789999997],[112.660442246,-7.49220974499995],[112.66044637,-7.49247845999997],[112.66045115,-7.49279007999996],[112.66052318,-7.49307581999996],[112.660559062028995,-7.49321818037644],[112.660632995946003,-7.49329272238278],[112.660661332811003,-7.49333839001702],[112.660706671794998,-7.49339987951615],[112.660752010779007,-7.49343332117712],[112.660825332418,-7.49347683129892],[112.660908217748002,-7.49352106060061],[112.661005979932,-7.49357320083991],[112.661075051040001,-7.49361059798082],[112.661158999003007,-7.49365482729575],[112.661250293772994,-7.49369582730073],[112.661259240663,-7.49368467309607],[112.661281910154997,-7.49368107721642],[112.661378255496004,-7.49370049496695],[112.661492311377998,-7.49370984425454],[112.661515078922562,-7.493702001594904],[112.661547568264993,-7.4936918648555],[112.661610617788995,-7.49364943347661],[112.661678626265001,-7.4936012486953],[112.661888043054972,-7.493440516942952],[112.661903922332499,-7.493564625779402],[112.662013967942997,-7.49347397607743],[112.66217274,-7.49334849999998],[112.66235629,-7.49321839999991],[112.662507526738324,-7.493117983172867],[112.66251778673832,-7.493110713172867],[112.662545329056442,-7.493092781627452],[112.662582035655191,-7.493189204931653],[112.66256294,-7.4932527299999],[112.66244346,-7.49370459999992],[112.662440827,-7.493714557],[112.66227635,-7.49433656999994],[112.66226509,-7.49438458999997],[112.662264378,-7.49438762499997],[112.66213467,-7.49494064999991],[112.66202277,-7.49541777999996],[112.662021622,-7.49542267699995],[112.66195392,-7.49571137999996],[112.66190117,-7.49593627999996],[112.66149158,-7.49751612999996],[112.66148,-7.49751],[112.66123,-7.49734],[112.66099,-7.49719],[112.660915846,-7.49717691399998],[112.66065,-7.49713],[112.66029,-7.49716],[112.66,-7.49714],[112.65985,-7.4971],[112.65979,-7.49706],[112.65972507,-7.49701931999992],[112.659685854,-7.49699475099993],[112.659159800577996,-7.49666517586833],[112.65914094,-7.4966533599999],[112.65896,-7.49654],[112.65877,-7.49628],[112.65845,-7.49586],[112.65824,-7.49567],[112.65812,-7.49563],[112.658058839,-7.49563555999994],[112.6579,-7.49565],[112.657662869168249,-7.49565],[112.65747,-7.49565],[112.65731,-7.49557],[112.65723,-7.49545],[112.65685,-7.49486],[112.65666,-7.49474],[112.65629,-7.49456],[112.65627207,-7.49455769999996],[112.65624626,-7.49453213999994],[112.65598868,-7.49449558000002],[112.65588193,-7.49448042999992],[112.655638733,-7.494442217],[112.65563212,-7.494441179]]]]}},
{"type":"Feature","properties":{"kdkab":"15","kdkec":"080","nmkab":"SIDOARJO","nmkec":"TULANGAN","kddesa":"016","kdprov":"35","nmdesa":"KEDONDONG","nmprov":"JAWA TIMUR","iddesa":"3515080016"},"geometry":{"type":"MultiPolygon","coordinates":[[[[112.67377839,-7.48118575999998],[112.67351921,-7.48109181999995],[112.67343,-7.48105],[112.67308,-7.4809],[112.67295847,-7.48084187999998],[112.672934485,-7.48083040799996],[112.67285,-7.48079],[112.67274992,-7.48074671999992],[112.67252474,-7.48060007999994],[112.67204607,-7.48037707999992],[112.671923163,-7.48032450799997],[112.67175664,-7.48025327999994],[112.67150157,-7.48019292999993],[112.67124891,-7.48016532999997],[112.67101456,-7.48016752999997],[112.67077495,-7.48022242999998],[112.67070782,-7.48022574000001],[112.670668552,-7.48021540699994],[112.67061,-7.4802],[112.670600437953567,-7.480193784669824],[112.67041,-7.48007],[112.67015,-7.47992],[112.67014139,-7.47992139],[112.67011253,-7.47990070999996],[112.67002144,-7.47988061999997],[112.67001772,-7.47988170999996],[112.66999557,-7.47982079999998],[112.66999557,-7.47975014999997],[112.67011439,-7.47949965999993],[112.67013122,-7.47946067999993],[112.67014447,-7.47942997999996],[112.67022047,-7.47925390999994],[112.67043874,-7.47874820999993],[112.670485237,-7.47864329699994],[112.6705271,-7.47854883999997],[112.670532695,-7.47853621799992],[112.67057617,-7.47843813999998],[112.67070207,-7.4781541099999],[112.670737843,-7.47806348699991],[112.67073841,-7.47806204999998],[112.67076777,-7.47798764999996],[112.67079841,-7.47791004999996],[112.67089154,-7.47741870999994],[112.67095613,-7.477233],[112.670961228,-7.47721834599995],[112.67096861,-7.47719713],[112.67107678,-7.47661140999995],[112.67114,-7.47624],[112.6712,-7.47583],[112.67125,-7.47552],[112.67136,-7.47526],[112.67144,-7.475],[112.671488617,-7.47368736899996],[112.671489434,-7.47366530399994],[112.67148955,-7.47366215999993],[112.67149,-7.47365],[112.67148927,-7.47364995999996],[112.67148995,-7.47362747999996],[112.671392417,-7.47362097799992],[112.671454593,-7.47337760399993],[112.671608067,-7.47292755199995],[112.67169598,-7.47295012999997],[112.67183904,-7.47259388999994],[112.67185976,-7.47254228999994],[112.671883674,-7.47244396899994],[112.67188866,-7.47242346999996],[112.67188871,-7.47242347999996],[112.67188904,-7.47242203],[112.67201597,-7.47243609999991],[112.67230295,-7.47246791],[112.67255964,-7.47252677999998],[112.67262726,-7.47254228999994],[112.67263758,-7.47250079999998],[112.67277535,-7.47194679999994],[112.67280006,-7.47194289999996],[112.67332268,-7.47196959999996],[112.67344093,-7.47200011999998],[112.673445316,-7.47200269099993],[112.67366219,-7.47212982],[112.67380714,-7.47231673999996],[112.67394486,-7.47232113999998],[112.67398712,-7.4723222399999],[112.67403328,-7.47233559999993],[112.67414284,-7.47236632999993],[112.674155564,-7.47237587499995],[112.67416573,-7.47238349999996],[112.67420769,-7.47241402],[112.67428398,-7.47253226999994],[112.67432213,-7.47256469999995],[112.67438316,-7.47256850999998],[112.67442894,-7.47255134999996],[112.67447472,-7.47253608999994],[112.67447853,-7.47253798999997],[112.67448235,-7.47253989999995],[112.67467689,-7.47253989999995],[112.67475319,-7.47266007000001],[112.67489815,-7.47276877999995],[112.67503929,-7.47285270999997],[112.67516136,-7.47279548999993],[112.67519188,-7.47280883999994],[112.67527962,-7.47279929999997],[112.67529488,-7.47279357999997],[112.67532158,-7.47285270999997],[112.67538643,-7.47293662999995],[112.6754818,-7.47299193999994],[112.67558479,-7.47304152999995],[112.67565346,-7.47303008999994],[112.6757412,-7.47298812999997],[112.67591667,-7.47295569999995],[112.67593193,-7.47296714999992],[112.67598534,-7.47306632999998],[112.6760273,-7.47312545999993],[112.67617989,-7.47311019999998],[112.67642784,-7.47315406999995],[112.67646599,-7.47322654999993],[112.67650032,-7.47336768999994],[112.67656136,-7.47341728],[112.67665291,-7.47342681999997],[112.67667961,-7.47340583999994],[112.6767292,-7.47344016999996],[112.67687035,-7.47337913999996],[112.6769352,-7.47334098999997],[112.67704201,-7.47338103999994],[112.67725563,-7.47359466999996],[112.67740822,-7.47371100999996],[112.67744255,-7.47377967999993],[112.67732048,-7.47389792999995],[112.67733955,-7.47395133999995],[112.67746162,-7.47396468999993],[112.6776104,-7.47393035999996],[112.67783928,-7.47391891999992],[112.67791939,-7.47382926999997],[112.67796898,-7.47377776999998],[112.67798042,-7.47381400999995],[112.67798805,-7.47385787999997],[112.67800331,-7.47391509999994],[112.67801475,-7.47395325],[112.6780262,-7.47400473999991],[112.67803001,-7.47404288999996],[112.67806435,-7.47409438999993],[112.67810249,-7.47411345999994],[112.67816353,-7.47411536999994],[112.67819786,-7.47410582999993],[112.67822075,-7.47410010999997],[112.67823982,-7.47409629999991],[112.67847252,-7.47404670999992],[112.67851067,-7.47403907999996],[112.67860222,-7.47403907999996],[112.67876244,-7.47414016999994],[112.67884254,-7.47422980999994],[112.67886162,-7.47428893999998],[112.67864037,-7.47448920999992],[112.67856026,-7.47455977999992],[112.67852211,-7.47467040999994],[112.67854118,-7.47474860999996],[112.67882347,-7.47471236999996],[112.67891121,-7.47469901999998],[112.67900276,-7.47468947999991],[112.67905998,-7.47467994999995],[112.67910957,-7.47472953999993],[112.67907143,-7.47488021999994],[112.67902947,-7.47500037999992],[112.67905235,-7.47513007999996],[112.67910194,-7.47525977999992],[112.67902947,-7.47544860999994],[112.67904091,-7.47551917999992],[112.67915153,-7.47560882999992],[112.67951012,-7.47562027],[112.67968178,-7.47566985999996],[112.67983055,-7.4757194499999],[112.67995262,-7.47574042999997],[112.68000984,-7.47579955999991],[112.68003273,-7.47600936999993],[112.68004036,-7.47608947999992],[112.68026924,-7.47636985999996],[112.680293,-7.47638003999998],[112.68035698,-7.47628783999992],[112.68050194,-7.47624587999996],[112.68064308,-7.47625159999994],[112.68066978,-7.47626304999995],[112.68071938,-7.47624015999997],[112.68087196,-7.47624015999997],[112.68092156,-7.47626876999992],[112.68090248,-7.47649001999998],[112.68090248,-7.47657012999995],[112.68097115,-7.47666930999995],[112.6810894,-7.47690963999998],[112.68111992,-7.47699927999995],[112.68116188,-7.47702979999995],[112.68121529,-7.47701454000001],[112.68135261,-7.47701072999996],[112.6814518,-7.47706031999998],[112.6815815,-7.47706984999994],[112.6821003,-7.47735976999996],[112.68217277,-7.47740935999994],[112.68219948,-7.47751044999992],[112.68235207,-7.47756957999995],[112.68236351,-7.47757529999997],[112.6824131,-7.47757529999997],[112.68242455,-7.47760009999997],[112.68250084,-7.47762870999996],[112.6825428,-7.47769928],[112.68250084,-7.47776984999996],[112.68230247,-7.47786902999995],[112.68216133,-7.47794913999998],[112.6821804,-7.47813033999993],[112.68230247,-7.47850989999993],[112.6823597,-7.47868918999993],[112.68236508,-7.47869495000001],[112.68244362,-7.47877883999997],[112.68244668,-7.47878030999997],[112.68254546,-7.47882786999998],[112.6825455,-7.47882868999996],[112.68254666,-7.47882922999994],[112.68257,-7.47884],[112.68263993,-7.47884998999996],[112.68264,-7.47885],[112.68266,-7.47892],[112.68277,-7.47934],[112.68281,-7.47966],[112.68281,-7.48041998999995],[112.68281,-7.48046776999997],[112.68281,-7.48046978199991],[112.68281,-7.48048],[112.6828,-7.48057],[112.68278,-7.48096],[112.68278,-7.48121774999991],[112.68278,-7.48133706999994],[112.68278,-7.48134],[112.682805069,-7.48134348199993],[112.68314,-7.48139],[112.6835,-7.48147],[112.68375,-7.48158],[112.68385,-7.48168],[112.68388,-7.48173],[112.6839,-7.48179],[112.68405,-7.48283],[112.684036618346354,-7.482829250294184],[112.683976349361856,-7.482825873730317],[112.683959886661256,-7.482839043890803],[112.683882661956105,-7.482898535515519],[112.68377912364771,-7.483031819636275],[112.683708191325948,-7.483079870563931],[112.683449631572373,-7.483262921716904],[112.683258571931475,-7.483466566124586],[112.683133859880158,-7.483637234559942],[112.683075520778502,-7.483810931106119],[112.68298056299291,-7.483902456682605],[112.682922060278685,-7.48408505606335],[112.68292949,-7.48414655999996],[112.682951873794352,-7.484379351461198],[112.682993433777156,-7.484423580433728],[112.683087247493049,-7.484564301007577],[112.683094111911274,-7.484648962165827],[112.682888179364184,-7.485073412026781],[112.682840128436553,-7.485367437941244],[112.68289618785218,-7.485595107812753],[112.682855505218754,-7.48570698505468],[112.682748602859959,-7.485705510539386],[112.68273082,-7.48570477999995],[112.682696719,-7.48571708199995],[112.68257177,-7.48576215999996],[112.68232396,-7.48581305999996],[112.68214806,-7.48590167999994],[112.68199,-7.48591],[112.68183,-7.48586],[112.68178,-7.48582],[112.68173,-7.48579],[112.68172631,-7.48578446999996],[112.68163494,-7.48564740999996],[112.68163,-7.48564],[112.68145,-7.48539],[112.6809,-7.48484],[112.68072,-7.48477],[112.68059,-7.48478],[112.68058679,-7.48478134999991],[112.68051317,-7.48472086999994],[112.68040619,-7.48470991999997],[112.6803063,-7.48476934999995],[112.68001,-7.48509],[112.67992,-7.48507],[112.67983,-7.48499],[112.67933,-7.48441],[112.679275348,-7.48434753999993],[112.678659584,-7.48466410499997],[112.678294021,-7.48446113399995],[112.678853395,-7.48392005299995],[112.67846,-7.48358],[112.6781,-7.48335],[112.678048421,-7.48330185799995],[112.67804193,-7.48329579999995],[112.67795,-7.48321],[112.67784456,-7.48314673999993],[112.6778,-7.48312],[112.67734,-7.48287],[112.677260895,-7.48283986099994],[112.67725798,-7.48283874999994],[112.67713,-7.48279],[112.67698,-7.48275],[112.67697609,-7.48274906999993],[112.67674874,-7.48265962999993],[112.67655959,-7.48261508999997],[112.67620162,-7.48258796999995],[112.67604,-7.48256],[112.67592,-7.48251],[112.6758,-7.48246],[112.67533,-7.48219],[112.67511,-7.48207],[112.67484,-7.48186],[112.67454,-7.4816],[112.67438,-7.4815],[112.67421,-7.48141],[112.67404525,-7.48133478999994],[112.67402691,-7.48132106999996],[112.674011616,-7.48131274299996],[112.67377839,-7.48118575999998]]]]}},
{"type":"Feature","properties":{"kdkab":"15","kdkec":"080","nmkab":"SIDOARJO","nmkec":"TULANGAN","kddesa":"003","kdprov":"35","nmdesa":"KENONGO","nmprov":"JAWA TIMUR","iddesa":"3515080003"},"geometry":{"type":"MultiPolygon","coordinates":[[[[112.64831933,-7.49192646999998],[112.64831971,-7.49202720999993],[112.648255757,-7.49206583099995],[112.64824382,-7.49207304],[112.64806791,-7.49217927999994],[112.64741186,-7.49220691999996],[112.64693312,-7.49241020999992],[112.64659528,-7.49263682999998],[112.646584935,-7.49264376699996],[112.64655552,-7.49266348999996],[112.64639146,-7.49307733999997],[112.646377171,-7.493113379],[112.646354792055817,-7.493169821529861],[112.6463508,-7.49317988999996],[112.64630552,-7.49329410999996],[112.64519946,-7.49445685999996],[112.6451975,-7.49445490999993],[112.645196961,-7.49447120099994],[112.64519665,-7.49448060999991],[112.64519658,-7.49448265999994],[112.64484587,-7.49417091999991],[112.64472783,-7.49417091999991],[112.64426378,-7.49427268999995],[112.64414574,-7.49421976999996],[112.64406432,-7.49402846],[112.6439015,-7.49398774999997],[112.64378346,-7.49395924999993],[112.64370611,-7.49381270999994],[112.64353515,-7.49354812999996],[112.64344153,-7.49349520999994],[112.6432747,-7.49346839999991],[112.643241636,-7.49346308399994],[112.64321437,-7.49345869999997],[112.64321358,-7.49345856999996],[112.64280245,-7.49418720999997],[112.64257292,-7.4945827],[112.64253786,-7.49464311],[112.64244496,-7.49461656999994],[112.64244518,-7.49461575],[112.64241852,-7.49460900999997],[112.64184339,-7.49446367999998],[112.64145161,-7.49435696999995],[112.64108392,-7.49425017999993],[112.64071023,-7.49414941],[112.64019191,-7.49401913999997],[112.63979411,-7.49391244999993],[112.63942035,-7.49379365999992],[112.63915299,-7.49372609999993],[112.639139548,-7.49372270199996],[112.63912451,-7.49371890000001],[112.63902118,-7.49369279999996],[112.63899847,-7.49368705999997],[112.63921285,-7.49304926999997],[112.63941473,-7.49229133999997],[112.639509138,-7.49202920999996],[112.63955776,-7.49189418999993],[112.63937097,-7.49185882999998],[112.639258238,-7.49185925299996],[112.63923248,-7.49185934999996],[112.63906351,-7.49175781999998],[112.63890656,-7.49165022999993],[112.63858744,-7.49165141999994],[112.63849611,-7.49154216999997],[112.63836612,-7.49155707999998],[112.63830513,-7.49147654999997],[112.63825281,-7.49139597999998],[112.6380792,-7.49138473999996],[112.63799264,-7.49137675999997],[112.63771206,-7.49130857999995],[112.63766617,-7.49127977999996],[112.63874151,-7.48875723999993],[112.63875367,-7.48872872999995],[112.638754908,-7.48872582199992],[112.63875713,-7.48872059999998],[112.63876115,-7.48871117999993],[112.63877075,-7.48868864999996],[112.638771646,-7.48868654699994],[112.6388535,-7.48849453999997],[112.63887462,-7.488445],[112.64000112,-7.48580239999993],[112.64001859,-7.48576140999994],[112.640473848,-7.48614793299997],[112.64101577,-7.4866080359999],[112.64108191,-7.48666418999997],[112.6413583,-7.48677791999993],[112.641368293,-7.48674984199992],[112.64169958,-7.48581898],[112.642254322,-7.48426025899993],[112.64228295,-7.48417981999995],[112.64231768,-7.48407856999994],[112.64231856,-7.48407796999994],[112.642335176,-7.48406652599995],[112.64272186,-7.48380020999996],[112.64276093,-7.48377329999993],[112.64297414,-7.48368192000002],[112.64315088,-7.48361588999997],[112.64332475,-7.48355092999995],[112.643328287,-7.48354960799997],[112.64340057,-7.48352259999996],[112.64392541,-7.48352962999997],[112.64406559,-7.48350466999994],[112.64488605,-7.48335858999996],[112.644913392,-7.48336086699994],[112.6449485,-7.48336378999996],[112.64501517,-7.48336934999997],[112.64527968,-7.48339138999998],[112.64545089,-7.48335745],[112.64549502,-7.48334870999996],[112.645509886,-7.48334576299994],[112.64553976,-7.48333983999991],[112.64613489,-7.48327657999997],[112.646145255,-7.48325207199998],[112.646198599,-7.48325373899994],[112.646322733136927,-7.483248262599504],[112.646695847020482,-7.48217556018427],[112.64670805,-7.48217769999994],[112.646714968,-7.48215540599997],[112.646740418665345,-7.482073409252275],[112.64681349,-7.48183795999994],[112.64691861,-7.48142981999997],[112.64693298,-7.48137403999994],[112.646940113,-7.48135196399995],[112.64694089,-7.48134955999994],[112.646945791,-7.48133437299997],[112.64695175,-7.48131591000002],[112.64709239,-7.48088033999993],[112.64717431,-7.48062661999994],[112.64729268,-7.48038986999995],[112.64737557,-7.48043577999993],[112.64756269,-7.48053942999994],[112.64815882,-7.48082021999993],[112.648507646,-7.48098501299996],[112.648597214162933,-7.481027326934276],[112.64870744,-7.48107939999994],[112.64875989,-7.48113048999993],[112.648784457,-7.4811544209999],[112.64887375,-7.48124139999992],[112.64904654,-7.48140122999997],[112.64921285,-7.48163665999996],[112.64931061,-7.48177380999992],[112.649313107,-7.48177731299995],[112.64935757,-7.48183968999998],[112.64949346,-7.48195631999993],[112.649647,-7.48208807999994],[112.6500293,-7.48232134999998],[112.65011954392854,-7.4823492458743],[112.65018649,-7.48236993999994],[112.650233419,-7.482384446],[112.65038568,-7.48243150999996],[112.65097443,-7.48264908999994],[112.65098182,-7.48265181999993],[112.65100228,-7.48266081999997],[112.651056758,-7.48268478999996],[112.65119781,-7.48274684999997],[112.65175938,-7.48312267999992],[112.65180738,-7.48316344999995],[112.65205961,-7.48333434999995],[112.652106900559673,-7.48336049554235],[112.65228346,-7.48345810999996],[112.65232096,-7.48347257999994],[112.6523375,-7.48348149999989],[112.652395035,-7.48351249799993],[112.65252606,-7.48358308999998],[112.65272282,-7.48368910999995],[112.65271071,-7.48370943],[112.65353,-7.48427],[112.653698155778429,-7.484377619698193],[112.65378,-7.48443],[112.65394694,-7.48453664999994],[112.65395083,-7.484539135],[112.653951465,-7.48453954099994],[112.65414,-7.48466],[112.65416598,-7.48468484999993],[112.65422092,-7.48473739999998],[112.654333352,-7.48484494499993],[112.65437,-7.48488],[112.654403738,-7.48492779599996],[112.65449,-7.48505],[112.65456,-7.48528],[112.65458,-7.48547],[112.65434,-7.48596],[112.654277423,-7.48604424299998],[112.65427461,-7.48604802999994],[112.654200631,-7.48614761499996],[112.65408,-7.48631],[112.65406549,-7.48633144999995],[112.65385,-7.48665],[112.65379,-7.48681],[112.65379,-7.487],[112.653809187,-7.48702965199993],[112.65423,-7.48768],[112.65441,-7.48803],[112.6545,-7.48835],[112.65453787,-7.48854880999993],[112.65454,-7.48856],[112.65454706,-7.48863767999996],[112.654550038,-7.48867042099994],[112.65455912,-7.48877025999997],[112.654557134,-7.48877064299998],[112.65443104,-7.48879494999995],[112.65422458,-7.48883475],[112.65419263,-7.48884090999992],[112.65407491,-7.48884642999996],[112.654067216,-7.48884679099998],[112.65405742,-7.48884724999991],[112.65301753,-7.48889602999995],[112.65280088,-7.48911389999993],[112.65222206,-7.48954424999994],[112.65194351,-7.48929341999995],[112.65169115,-7.48929436999996],[112.65168954,-7.48929891999996],[112.6516831,-7.48931715999989],[112.651680808,-7.48932365299992],[112.651091952088422,-7.490991869488605],[112.65066736,-7.4921947299999],[112.64834752,-7.49192968999998],[112.648342865,-7.49192915799995],[112.64831933,-7.49192646999998]]]]}},
{"type":"Feature","properties":{"kdkab":"15","kdkec":"080","nmkab":"SIDOARJO","nmkec":"TULANGAN","kddesa":"020","kdprov":"35","nmdesa":"KEPUH KEMIRI","nmprov":"JAWA TIMUR","iddesa":"3515080020"},"geometry":{"type":"MultiPolygon","coordinates":[[[[112.62947,-7.46146],[112.62926,-7.46127],[112.629237711,-7.46124771099995],[112.62903,-7.46104],[112.62874,-7.46096],[112.628421716,-7.46096],[112.62841982,-7.46096],[112.62833,-7.46096],[112.62811,-7.4608],[112.62808152,-7.46075727999994],[112.62830376,-7.46030909999997],[112.628614531,-7.45971937499993],[112.62861896,-7.45971096999994],[112.62856563,-7.45969610999991],[112.62858,-7.45968],[112.628595915,-7.45965314399994],[112.62862041,-7.45961180999992],[112.6289,-7.45914],[112.62899,-7.45901],[112.62932,-7.45838],[112.62952,-7.45805],[112.62974,-7.45738],[112.62975,-7.45731],[112.62981,-7.45683],[112.62988,-7.45656],[112.63013,-7.45555],[112.63033,-7.45481],[112.63048,-7.45424],[112.63055,-7.45401],[112.6306,-7.45392],[112.63060142,-7.45391744999993],[112.630601645,-7.45391704599996],[112.630632579,-7.45386136199996],[112.63063698,-7.45385343999992],[112.63064313,-7.45384237000002],[112.630664724,-7.45382122899998],[112.630659434,-7.45374453299995],[112.630730173,-7.45363431299994],[112.630713722,-7.45353231799993],[112.630883164,-7.45337768099998],[112.631098669,-7.45325594599993],[112.631256596,-7.45311117999994],[112.631388202,-7.45298615399996],[112.631477036,-7.45293680199994],[112.631498422,-7.45281177599997],[112.631491842,-7.45265878399995],[112.631508292,-7.45258969099996],[112.63156587,-7.452520598],[112.631590622,-7.45251246099997],[112.631644313,-7.45249480899996],[112.63164661,-7.45248750999997],[112.631654766,-7.45246206099997],[112.63165783,-7.45245249999994],[112.63187798,-7.45176548999996],[112.63146808,-7.45147654999996],[112.63114798,-7.45125089999994],[112.63129492,-7.45097035999994],[112.63131,-7.4509],[112.631319765,-7.45087602699993],[112.6313211,-7.45087275000001],[112.63142,-7.45063],[112.63149,-7.45046],[112.63163,-7.45017],[112.63181,-7.4498],[112.63176219,-7.44977609999995],[112.632049937,-7.44907798699997],[112.63205273,-7.44907120999994],[112.63246832,-7.44806291999994],[112.632787585,-7.44728832299996],[112.6328375,-7.44716721999995],[112.63284,-7.44717],[112.63351,-7.44778],[112.63367,-7.44785],[112.63466,-7.44822],[112.63468477,-7.44823019999993],[112.634743641,-7.44825444199993],[112.634806863,-7.44828047599997],[112.63481632,-7.44828436999995],[112.63483,-7.44829],[112.63512,-7.44844],[112.63564,-7.44877],[112.63602731,-7.44900833999996],[112.63603,-7.44901],[112.636056419,-7.44902206099996],[112.63649,-7.44922],[112.63668,-7.44927],[112.637,-7.44927],[112.63751,-7.44925],[112.63768,-7.44922],[112.63774761,-7.44921248999997],[112.63775794,-7.44921134099998],[112.63777,-7.44921],[112.63867,-7.44904],[112.63913,-7.44896],[112.639269731,-7.44893671099995],[112.63949,-7.4489],[112.6404,-7.44881],[112.64048376,-7.44882196999994],[112.64052823,-7.44882831999992],[112.64053353,-7.44882907699995],[112.64069499,-7.44885213999994],[112.640715116,-7.44885501499994],[112.64074085,-7.44885868999997],[112.64075,-7.44886],[112.64101,-7.44894],[112.64134,-7.44913],[112.64165445,-7.44937565999995],[112.64192,-7.44962],[112.64207,-7.4497],[112.642395734,-7.44979362199995],[112.643111995,-7.44997104499995],[112.64335,-7.45003],[112.64489,-7.4504],[112.645203937,-7.45046727199997],[112.645452183,-7.45052054399997],[112.64545838,-7.45052208999991],[112.64557,-7.45055],[112.64605,-7.45066],[112.646271671,-7.45072138599994],[112.6467,-7.45084],[112.64712,-7.45101],[112.64728,-7.45114],[112.64734,-7.4516],[112.64739,-7.45177],[112.64751013,-7.45189013],[112.647096555,-7.45294952199993],[112.64709109,-7.45296352],[112.64663105,-7.45278978999992],[112.646209473,-7.45263058999993],[112.645966446,-7.45253881499997],[112.64595343,-7.45253389999993],[112.64564409,-7.45263700999993],[112.64551542,-7.45265107999994],[112.64520415,-7.45268512999996],[112.644983619,-7.45271904999993],[112.6449476,-7.4527245899999],[112.64493606,-7.45272636999993],[112.64457861,-7.45317833999997],[112.64452713,-7.45319549999995],[112.644483465,-7.45321005399993],[112.64440847,-7.45323504999996],[112.64392908,-7.45329996999996],[112.643917234,-7.45327217199998],[112.64391148,-7.45325866999998],[112.64391039,-7.4532561199999],[112.64372241,-7.45296861999998],[112.64365,-7.45286],[112.64313,-7.45276],[112.64281,-7.45269],[112.64259,-7.45257],[112.64242,-7.45246],[112.64225,-7.45242],[112.64193,-7.45238],[112.641848202,-7.45233909899996],[112.64177103,-7.45230050999994],[112.6416066,-7.45221830000001],[112.64139,-7.45211],[112.641347038,-7.45209772499994],[112.64134184,-7.45209623999998],[112.64132,-7.45209],[112.64125,-7.45212],[112.64123894,-7.45213895999995],[112.641236009,-7.45214398399994],[112.64118,-7.45224],[112.64111,-7.45237],[112.64055,-7.45259],[112.640340926,-7.45270182999994],[112.64012,-7.45282],[112.63978,-7.453],[112.63954,-7.45311],[112.63946,-7.45313],[112.63934,-7.45309],[112.63911,-7.45299],[112.63887,-7.4529],[112.638780357,-7.4529],[112.63876,-7.4529],[112.63829,-7.45324],[112.63809,-7.45338],[112.63802917,-7.45339689999998],[112.63773,-7.45348],[112.63769978,-7.45349812999997],[112.637686165,-7.45350629899997],[112.63753,-7.4536],[112.637519629,-7.45362159699995],[112.63751909,-7.45362271999995],[112.63729223,-7.45409534999993],[112.63729,-7.4541],[112.63726,-7.45424],[112.63722,-7.45435],[112.63718,-7.45442],[112.63702,-7.45473],[112.63701295,-7.45474232999992],[112.6369,-7.45494],[112.63676606,-7.45512473],[112.63672247,-7.45518486],[112.636679315,-7.45524438099994],[112.63667904,-7.45524475999995],[112.636610416,-7.45533942699994],[112.63661,-7.45534],[112.63643332,-7.45554457999997],[112.636273133,-7.45580745599996],[112.63623156,-7.45587567999997],[112.63620998,-7.45593175999997],[112.636204629,-7.45594567399994],[112.6361281,-7.45614464999994],[112.63608587,-7.45625446],[112.63603124,-7.45648391999993],[112.6360713,-7.45661867999998],[112.63598389,-7.45677528999993],[112.635965743,-7.456872238],[112.63596134,-7.45689575999998],[112.63593846,-7.45701803999998],[112.63586734,-7.4573981],[112.63575906,-7.45799889999992],[112.63556868,-7.45905529],[112.6353283,-7.46050486999998],[112.63513522,-7.46145738999998],[112.63507,-7.46149],[112.634960274369178,-7.462108732587798],[112.634919287345596,-7.462313785033823],[112.634931913051943,-7.462391309499266],[112.634920959896277,-7.462516504640794],[112.634858709363968,-7.462549342568259],[112.634707933780163,-7.462608251511763],[112.63426,-7.46206],[112.63417475,-7.46197948999998],[112.634128736,-7.461936038],[112.63411997,-7.46192776],[112.63408,-7.46189],[112.63388,-7.46172],[112.63363,-7.46165],[112.6332,-7.46177],[112.63285,-7.46178],[112.63267,-7.46173],[112.63246,-7.46152],[112.63206,-7.4612],[112.63181,-7.46112],[112.63149,-7.46116],[112.63107,-7.46126],[112.63101498,-7.46126936499996],[112.6309032,-7.46128838999992],[112.63087597,-7.46129301999997],[112.63079675,-7.4613065099999],[112.6306,-7.46134],[112.630442532,-7.46138294599994],[112.63016,-7.46146],[112.6299,-7.46161],[112.629827182,-7.46159676],[112.62968,-7.46157],[112.62947,-7.46146]]]]}},
{"type":"Feature","properties":{"kdkab":"15","kdkec":"080","nmkab":"SIDOARJO","nmkec":"TULANGAN","kddesa":"013","kdprov":"35","nmdesa":"KEMANTREN","nmprov":"JAWA TIMUR","iddesa":"3515080013"},"geometry":{"type":"MultiPolygon","coordinates":[[[[112.64729,-7.47498],[112.64718049,-7.47495013000001],[112.64718,-7.47495],[112.64714093,-7.47494217999998],[112.64707202,-7.47492839999996],[112.646653121,-7.47484461999994],[112.64663502,-7.474841],[112.64658,-7.47483],[112.64585,-7.47441],[112.64548,-7.47399],[112.645413143,-7.47380196699992],[112.64541132,-7.47379683999995],[112.64536439,-7.47366485999993],[112.64532,-7.47354],[112.64526676,-7.47331734999995],[112.64524501,-7.47322640999991],[112.64521,-7.47308],[112.64508,-7.4729],[112.64469,-7.4728],[112.64417,-7.47271],[112.64383,-7.47258],[112.64358,-7.47236],[112.64315,-7.47191],[112.64313795,-7.47188388999996],[112.643136968,-7.47188176299996],[112.6431045,-7.47181141999995],[112.64297,-7.47152],[112.64295,-7.4714],[112.64295,-7.4712],[112.642997461,-7.47102914099997],[112.64305,-7.47084],[112.64314,-7.47055],[112.64312531,-7.47049123999995],[112.64311727,-7.47045906999996],[112.64308,-7.47031],[112.6430394,-7.47025045000001],[112.64263,-7.46965],[112.64260425,-7.46961780999993],[112.64211,-7.469],[112.64179767,-7.46879451999996],[112.641794164,-7.468792214],[112.64173,-7.46875],[112.640995648,-7.46832304899993],[112.64095253,-7.46829797999993],[112.64090786,-7.46827200999998],[112.64087,-7.46825],[112.64039,-7.46804],[112.63995,-7.46794],[112.63943978,-7.46794822999994],[112.639410961,-7.46794869599997],[112.63937729,-7.46794923999992],[112.63933,-7.46795],[112.63897,-7.46787],[112.63833,-7.46754],[112.6381,-7.46738],[112.63793,-7.46727],[112.63783328,-7.46717597000001],[112.63757,-7.46692],[112.63756092,-7.46691063],[112.63755507,-7.46683293999996],[112.63749141,-7.46673630999995],[112.637307084117523,-7.466570516696134],[112.637106952188049,-7.466528747148311],[112.636850468147998,-7.466548763179802],[112.636679379108173,-7.466618705783108],[112.636526738867914,-7.466741209020078],[112.63629452672059,-7.466788821853448],[112.636,-7.46682],[112.635605020306528,-7.466711515667843],[112.63526975943374,-7.466439581414313],[112.635089848714614,-7.466166682374435],[112.63509,-7.46583],[112.63518,-7.46519],[112.635251341596387,-7.464792213807373],[112.63533,-7.46435],[112.63543,-7.4637],[112.63533,-7.46343],[112.63501,-7.46299],[112.63492449,-7.46288116999992],[112.634707933780163,-7.462608251511763],[112.634858709363968,-7.462549342568259],[112.634920959896277,-7.462516504640794],[112.634931913051943,-7.462391309499266],[112.635038678629698,-7.462387610380354],[112.635143167984211,-7.462357935577878],[112.635252232431611,-7.462386885698847],[112.635400479841095,-7.462356187175563],[112.635769088995787,-7.462327821801861],[112.635849931950403,-7.462484752243155],[112.635935530372919,-7.462575106133596],[112.636025884263361,-7.462641682684448],[112.636045415654621,-7.462638427452571],[112.63605361,-7.46263271999992],[112.637994438,-7.46322679899993],[112.63877553,-7.46344793999997],[112.639340587732434,-7.463618482318298],[112.63934555,-7.46361997999998],[112.63947923,-7.46382401999993],[112.63961035,-7.46390414999995],[112.639686076,-7.46391102999995],[112.63969048,-7.46391142999994],[112.63980703,-7.4638458699999],[112.63994543,-7.46389686999994],[112.64001827,-7.46402069999995],[112.64011297,-7.46408625999993],[112.64089483,-7.46414692],[112.640909192,-7.46414803499993],[112.640911773,-7.46414823499994],[112.64095795,-7.46415181999992],[112.64126389,-7.46426836999996],[112.64132945,-7.46437034999997],[112.641743378,-7.46463515799995],[112.64250223,-7.46512062999996],[112.642637536,-7.46519549899995],[112.64359488,-7.46572522999997],[112.64410478,-7.46600931999996],[112.64558714,-7.46647187999997],[112.64558318,-7.46639053999994],[112.64557986,-7.46632254999997],[112.64564127,-7.46629397999993],[112.64756741,-7.46539809999994],[112.647743947,-7.465406338],[112.64778213,-7.46540811999995],[112.647779884,-7.465405157],[112.647767378,-7.46538865899993],[112.64775882,-7.46537736999993],[112.64775952,-7.46537741],[112.64775316,-7.46536881],[112.64793703,-7.46521965999994],[112.6480293,-7.46514480999998],[112.64823931,-7.46494489999996],[112.64825683,-7.46486103999996],[112.648284,-7.46467392999994],[112.6482958,-7.46467454999991],[112.64829585,-7.46467432],[112.64834929,-7.46467775999997],[112.64840528,-7.46468137299998],[112.649059744,-7.464644622],[112.649286154,-7.46463190799995],[112.649719962,-7.46463019699995],[112.649748728,-7.46463008399996],[112.649804678,-7.46463126499998],[112.64997791,-7.46462989000001],[112.65007282,-7.46459151999995],[112.65010624,-7.46459708999991],[112.650119998,-7.46459938399992],[112.65018186,-7.46460969999993],[112.65026264,-7.46457940999995],[112.65104814,-7.46468238999996],[112.65153479,-7.46484191999996],[112.65185989,-7.46511249999997],[112.65221342,-7.46510071999996],[112.65222166,-7.46510043999993],[112.65222336,-7.46510039000001],[112.652226068,-7.465098697],[112.652249187,-7.46508424699993],[112.65228774,-7.46506014999992],[112.65253029,-7.46490854999998],[112.65283117,-7.46482575999997],[112.65286954,-7.46457334999995],[112.65293213,-7.46447843999994],[112.65302704,-7.46444209999994],[112.65313608,-7.46444411999996],[112.65359446,-7.46472681999997],[112.65367584,-7.46489370999996],[112.6537136,-7.46497114999993],[112.65387434,-7.46510198999991],[112.65439939,-7.46552938999996],[112.65463641,-7.46572232999993],[112.65515669,-7.46611808999997],[112.65537317,-7.46626525999995],[112.65549086,-7.46635584999997],[112.655525285,-7.466382354],[112.65612955,-7.4668474499999],[112.65764127,-7.46792917999994],[112.65770246,-7.46797295999995],[112.65771276,-7.46798026799996],[112.65789112,-7.46797715999996],[112.65794489,-7.46797622999998],[112.65801152,-7.46803074999994],[112.65801152,-7.46809941],[112.65800331,-7.46814319999994],[112.65798729,-7.46822863999995],[112.65803374,-7.46833969999993],[112.65810441,-7.46834979999995],[112.65823814,-7.46832],[112.65827,-7.46832],[112.65827464,-7.46832850999993],[112.658294058,-7.46836410799995],[112.65833,-7.46843],[112.65837,-7.46852],[112.6584,-7.46858],[112.65788,-7.4689],[112.65752,-7.46934],[112.65715,-7.46969],[112.65677,-7.46975],[112.65646,-7.4698],[112.65641164,-7.46980878999995],[112.65636327,-7.46981758999994],[112.65635,-7.46982],[112.6563167,-7.469833],[112.656309255,-7.46983590499996],[112.65628433,-7.46984562999996],[112.65626661,-7.46985253999994],[112.65607331,-7.46992797999998],[112.65594,-7.46998],[112.65574613,-7.47006704999994],[112.65545,-7.4702],[112.65513,-7.47022],[112.65478,-7.47017],[112.6543,-7.47008],[112.65394,-7.47013],[112.653840526,-7.47018337599998],[112.653836093,-7.47018575499991],[112.653824225120999,-7.47018251830149],[112.653807114044,-7.47021934253949],[112.653629525259007,-7.47038888716108],[112.653497390745997,-7.47056057798236],[112.653362085004005,-7.47070866136849],[112.653353628394996,-7.47074836489338],[112.653160183468003,-7.47119261538428],[112.652828261571003,-7.47123124588253],[112.652728896417003,-7.47124304964655],[112.652552364708001,-7.4713557219551],[112.652317693813004,-7.47155853218176],[112.652187685632995,-7.47168190038784],[112.652172008,-7.47167567699996],[112.65208396,-7.47172569999996],[112.65183,-7.47187],[112.65155529,-7.47203836999996],[112.65121,-7.47225],[112.65090603,-7.47252633999992],[112.65084329,-7.47259732999992],[112.650790496477001,-7.47264873345583],[112.650526742425996,-7.47254213111741],[112.650277544462,-7.47246834849403],[112.649937493074006,-7.47241301153447],[112.649659741177004,-7.47235767458171],[112.649293731667001,-7.4723497693033],[112.649290242307515,-7.472378452536925],[112.649241173886935,-7.472781804778784],[112.649223116513994,-7.47293023999993],[112.649223414,-7.47293023999993],[112.649227097,-7.47308863799995],[112.649227097,-7.47320565999998],[112.649211642,-7.47322994699993],[112.649222681,-7.47330280999997],[112.649222681,-7.47334917699995],[112.649207226,-7.47346619900001],[112.649220473,-7.47348606999998],[112.649224889,-7.47353022899997],[112.649220473,-7.47359867599995],[112.649185146,-7.47362075599994],[112.64920281,-7.473645043],[112.649205018,-7.47378855999995],[112.649174106,-7.47381505599997],[112.64919177,-7.473843759],[112.649182938,-7.47387908599994],[112.649222681,-7.47387908599994],[112.649221719,-7.47389400599998],[112.649218266,-7.47394753299995],[112.64921385,-7.47396961299993],[112.649193978,-7.47396961299993],[112.649189562,-7.47413079299998],[112.649197368891109,-7.474212202561135],[112.649216058,-7.47428093399997],[112.649217162,-7.474346069],[112.64917521,-7.4743504849999],[112.64917521,-7.47441451599997],[112.64917521,-7.47457348899994],[112.64917521,-7.47462647999994],[112.649239241,-7.47469050999996],[112.649243657,-7.47478765999995],[112.649368407,-7.47490578599996],[112.649378342,-7.47506807099995],[112.649595156,-7.47517246299997],[112.649546237,-7.47524780999991],[112.649177508,-7.475356],[112.64901,-7.47529795299991],[112.64901,-7.47531],[112.64900467,-7.47530902999997],[112.648987353,-7.47530587999993],[112.64895986,-7.47530087999992],[112.64791,-7.47511],[112.647350828,-7.47499275399997],[112.64729,-7.47498]]]]}},
{"type":"Feature","properties":{"kdkab":"15","kdkec":"080","nmkab":"SIDOARJO","nmkec":"TULANGAN","kddesa":"015","kdprov":"35","nmdesa":"SUDIMORO","nmprov":"JAWA TIMUR","iddesa":"3515080015"},"geometry":{"type":"MultiPolygon","coordinates":[[[[112.667749,-7.47979743999998],[112.66761875,-7.4797635699999],[112.66724475,-7.47966631],[112.66722061,-7.47965856999997],[112.6667618,-7.47951144999997],[112.66633225,-7.47948007999998],[112.66561888,-7.4794992999999],[112.66528,-7.47944],[112.665097246,-7.47939060699997],[112.665079332,-7.47938576499994],[112.66491,-7.47934],[112.6648699,-7.47928652999996],[112.66484429,-7.47904033999994],[112.66482243,-7.47883025999994],[112.664817068004396,-7.478778697337365],[112.66480515,-7.47866408999994],[112.66459798,-7.47828578999997],[112.66454492,-7.4781889],[112.6644252,-7.47797029999995],[112.664406,-7.47792241999997],[112.66421429,-7.47744440999995],[112.66415447,-7.47706348999996],[112.66412299,-7.47689034999993],[112.66410654,-7.47683202399998],[112.66401911,-7.47652202999994],[112.664013652,-7.47650418699991],[112.6640128,-7.47650139999994],[112.66397885,-7.47639043],[112.66393726,-7.4762544399999],[112.66394985,-7.47617889000001],[112.66410725,-7.47594908000001],[112.66424547,-7.47586716999995],[112.66447,-7.47571],[112.66447704,-7.47570359999996],[112.66452161,-7.47566307999991],[112.66458,-7.47561],[112.66463,-7.47551],[112.6646,-7.47541],[112.664564211,-7.47532946799992],[112.66453928,-7.47527336999996],[112.66453792,-7.47527031999994],[112.66428,-7.47469],[112.66416,-7.47444],[112.66405853,-7.47414341999998],[112.66405615,-7.47413646099994],[112.66404581,-7.47410621999997],[112.66403,-7.47406],[112.66406,-7.47369],[112.664,-7.47343],[112.66384,-7.4732],[112.66374,-7.473],[112.66356,-7.47257],[112.66354979,-7.47248150999997],[112.663541118,-7.47240634399996],[112.66353264,-7.47233285999993],[112.66353,-7.47231],[112.66353358,-7.47220071],[112.66353691,-7.47209911999994],[112.66355,-7.4717],[112.663622009,-7.47135495699997],[112.663777386,-7.47061044599996],[112.66378662,-7.47056619999997],[112.66379,-7.47055],[112.66375,-7.4705],[112.66372424,-7.47048568999997],[112.663640621,-7.470439234],[112.66357,-7.4704],[112.66344,-7.47036],[112.66321,-7.47027],[112.66305,-7.47014],[112.66284,-7.46988],[112.6626,-7.46959],[112.66247,-7.46958],[112.66214,-7.46959],[112.66177,-7.46954],[112.66163,-7.46944],[112.66153,-7.4693],[112.6614,-7.46909],[112.661338608,-7.46896210199997],[112.66133565,-7.46895593999992],[112.66035351,-7.46888487999998],[112.66029822,-7.46897701999995],[112.6600692,-7.46899807999995],[112.6600619,-7.46860905999995],[112.66010215,-7.46860402999993],[112.66041044,-7.46855425999994],[112.66079259,-7.46845148999995],[112.66121008,-7.46837010999998],[112.661222849,-7.46836314599994],[112.66125132,-7.46834795999997],[112.66103364,-7.46824],[112.66144469,-7.46774544999998],[112.66162687,-7.46789118999993],[112.661649482,-7.46785609999994],[112.66167872,-7.46781072999994],[112.661725421201709,-7.467725880995694],[112.661796191,-7.46759730299997],[112.66190673,-7.46739646999993],[112.661956812,-7.46726966399995],[112.66205766,-7.46701431999998],[112.662133773,-7.46702478999989],[112.66246802,-7.46707077],[112.66246986,-7.46706962999998],[112.66275978,-7.46710967999996],[112.66379009,-7.46718959999994],[112.66379363,-7.4671898],[112.663799,-7.46719070999992],[112.66397285,-7.46722030999995],[112.66412163,-7.46724892],[112.664316561,-7.46724892],[112.664746442379993,-7.46724892],[112.66475487,-7.46724892],[112.66498756,-7.46724892],[112.664989049,-7.46724892],[112.6650219,-7.46724892],[112.6660099,-7.46720886],[112.666297972,-7.46719715199992],[112.66647911,-7.46718978999995],[112.666739616,-7.46719759999993],[112.66674862,-7.46719786999994],[112.66686058,-7.46720122999994],[112.66710091,-7.46720886],[112.66805077,-7.46730040999995],[112.668465218027592,-7.467356075616673],[112.66922951,-7.46745872999997],[112.66993141,-7.46759986999994],[112.66995646,-7.46766069999996],[112.66995613,-7.46766531999998],[112.669958997,-7.46767248699996],[112.66996885,-7.46769711999996],[112.66996925,-7.46769812999996],[112.66997,-7.4677],[112.66997048,-7.4677012],[112.669979861,-7.46772308299996],[112.66998082,-7.46772531999998],[112.66998166,-7.46772548999994],[112.67009163,-7.46800040999992],[112.67012215,-7.46805],[112.67015266,-7.46807860999994],[112.67025948,-7.46827315999998],[112.67280388,-7.47034263999996],[112.67265511,-7.47196578999995],[112.67277535,-7.47194679999994],[112.67263758,-7.47250079999998],[112.67262726,-7.47254228999994],[112.67255964,-7.47252677999998],[112.67230295,-7.47246791],[112.67201597,-7.47243609999991],[112.67188904,-7.47242203],[112.67188871,-7.47242347999996],[112.67188866,-7.47242346999996],[112.671883674,-7.47244396899994],[112.67185976,-7.47254228999994],[112.67183904,-7.47259388999994],[112.67169598,-7.47295012999997],[112.671608067,-7.47292755199995],[112.671454593,-7.47337760399993],[112.671392417,-7.47362097799992],[112.67148995,-7.47362747999996],[112.67148927,-7.47364995999996],[112.67149,-7.47365],[112.67148955,-7.47366215999993],[112.671489434,-7.47366530399994],[112.671488617,-7.47368736899996],[112.67144,-7.475],[112.67136,-7.47526],[112.67125,-7.47552],[112.6712,-7.47583],[112.67114,-7.47624],[112.67107678,-7.47661140999995],[112.67096861,-7.47719713],[112.670961228,-7.47721834599995],[112.67095613,-7.477233],[112.67089154,-7.47741870999994],[112.67079841,-7.47791004999996],[112.67076777,-7.47798764999996],[112.67073841,-7.47806204999998],[112.670737843,-7.47806348699991],[112.67070207,-7.4781541099999],[112.67057617,-7.47843813999998],[112.670532695,-7.47853621799992],[112.6705271,-7.47854883999997],[112.670485237,-7.47864329699994],[112.67043874,-7.47874820999993],[112.67022047,-7.47925390999994],[112.67014447,-7.47942997999996],[112.67013122,-7.47946067999993],[112.67011439,-7.47949965999993],[112.66999557,-7.47975014999997],[112.66999557,-7.47982079999998],[112.67001772,-7.47988170999996],[112.6698328,-7.47993583999996],[112.6693848,-7.48006596999993],[112.6693759,-7.48006824999995],[112.66920611,-7.48007883999995],[112.66908707,-7.48008627],[112.669000106,-7.48006788299996],[112.66894901,-7.48005707999994],[112.66872988,-7.48001076],[112.66853828,-7.47997025999993],[112.66798496,-7.47985880999996],[112.667834137,-7.47981958299994],[112.667749,-7.47979743999998]]]]}},
{"type":"Feature","properties":{"kdkab":"15","kdkec":"080","nmkab":"SIDOARJO","nmkec":"TULANGAN","kddesa":"018","kdprov":"35","nmdesa":"MODONG","nmprov":"JAWA TIMUR","iddesa":"3515080018"},"geometry":{"type":"MultiPolygon","coordinates":[[[[112.648311421,-7.46311664199995],[112.64816784,-7.46309612999992],[112.64793843,-7.462927],[112.647743811433998,-7.46283593693477],[112.647431165,-7.46268964799997],[112.647203846,-7.46258328499996],[112.64718458,-7.46257426999997],[112.647162947,-7.462564147],[112.64708677,-7.46252849999996],[112.64686381,-7.46242417],[112.64586994,-7.46195911999994],[112.645532719,-7.46180132199992],[112.64549739,-7.46178478999998],[112.64546361,-7.46176897999993],[112.645464491506686,-7.461737236071967],[112.64546998,-7.46153958999998],[112.645483325,-7.46105886699996],[112.645483667,-7.46104654099996],[112.64549991,-7.46046142999995],[112.64549422,-7.46029295899997],[112.64549396,-7.46028524999998],[112.64544434,-7.45881707999997],[112.64543812,-7.45869800999998],[112.645361315,-7.45722740299995],[112.64534842,-7.45698049999989],[112.64534195,-7.45685651000001],[112.645325988,-7.456550971],[112.64532289,-7.45649166999994],[112.64531596,-7.45635887999991],[112.645286493,-7.45579474899993],[112.64528574,-7.45578033999995],[112.64490758,-7.45571394999996],[112.644901424,-7.45569924999993],[112.64489737,-7.45568956999994],[112.64473044,-7.45529133999996],[112.64460651,-7.45507061999996],[112.644461251,-7.45432842099996],[112.64445985,-7.45432125999998],[112.64445534,-7.45429823999997],[112.64404778,-7.45354945],[112.644018996,-7.45349657399993],[112.64400423,-7.45346944999991],[112.64400075,-7.45346304999991],[112.64399082,-7.45344479999993],[112.64392908,-7.45329996999996],[112.64440847,-7.45323504999996],[112.644483465,-7.45321005399993],[112.64452713,-7.45319549999995],[112.64457861,-7.45317833999997],[112.64493606,-7.45272636999993],[112.6449476,-7.4527245899999],[112.644983619,-7.45271904999993],[112.64520415,-7.45268512999996],[112.64551542,-7.45265107999994],[112.64564409,-7.45263700999993],[112.64595343,-7.45253389999993],[112.645966446,-7.45253881499997],[112.646209473,-7.45263058999993],[112.64663105,-7.45278978999992],[112.64709109,-7.45296352],[112.647096555,-7.45294952199993],[112.64751013,-7.45189013],[112.64751255,-7.45189254999997],[112.64752,-7.4519],[112.64767,-7.45198],[112.648,-7.45205],[112.64839999,-7.45214113999998],[112.64868493,-7.45220605999996],[112.648696225,-7.45220863399994],[112.64879,-7.45223],[112.64921502,-7.4523525999999],[112.64931,-7.45238],[112.64949734,-7.45243676999998],[112.64958151,-7.45247203999994],[112.6496331,-7.45250039999995],[112.649636406,-7.45250221699995],[112.64997217,-7.45268676999993],[112.65009842,-7.45280203999992],[112.65024716,-7.45299586999996],[112.65025,-7.453],[112.65031865,-7.45309316999992],[112.650367571,-7.45315956099994],[112.65039,-7.45319],[112.6504579,-7.45322993999998],[112.65056,-7.45329],[112.65076128,-7.45336547999995],[112.650783583,-7.45337384399993],[112.6508,-7.45338],[112.65154879,-7.4535842199999],[112.65157,-7.45359],[112.65163017,-7.45360598999998],[112.6521381,-7.45374101999992],[112.65203131,-7.45434170999995],[112.65200796,-7.45447300999997],[112.65194655,-7.45481078999995],[112.651939883,-7.45484745999994],[112.6518935,-7.45510257999994],[112.651902021,-7.45510251999996],[112.651733674,-7.45607600099989],[112.65177015,-7.45608168999996],[112.651781152,-7.45608348199994],[112.651985671,-7.4561168029999],[112.652120069,-7.456182186],[112.652284737,-7.45630810799996],[112.652364044,-7.45639649599994],[112.65241974,-7.45640073299995],[112.652509339,-7.45645703499994],[112.652551986,-7.45647072499998],[112.65255076,-7.45647525999994],[112.65256571,-7.45648442999996],[112.65263199,-7.45652511],[112.6526281,-7.45654927999994],[112.65262191,-7.45658777999993],[112.652619465,-7.45660297499996],[112.65250276,-7.45732821999994],[112.65218151,-7.45972833999994],[112.65202245,-7.46095797999994],[112.65202032,-7.46095776999994],[112.6520155,-7.46099315999996],[112.652048683,-7.46099561899998],[112.65206043,-7.46099648999994],[112.65206,-7.461],[112.65233,-7.46103],[112.65306,-7.46113],[112.65313516,-7.46113395999995],[112.65349302,-7.46115279199993],[112.65363,-7.46116],[112.65401,-7.46118],[112.65423876,-7.46124800999996],[112.65422586,-7.46132090999995],[112.654222486,-7.46133998199997],[112.654215084,-7.46138182799997],[112.654174748,-7.46160983899998],[112.65395364,-7.46285972999991],[112.65381253,-7.46367877999996],[112.65376787,-7.46393802999993],[112.65368576,-7.46479068999997],[112.65367584,-7.46489370999996],[112.65359446,-7.46472681999997],[112.65313608,-7.46444411999996],[112.65302704,-7.46444209999994],[112.65293213,-7.46447843999994],[112.65286954,-7.46457334999995],[112.65283117,-7.46482575999997],[112.65253029,-7.46490854999998],[112.65228774,-7.46506014999992],[112.652249187,-7.46508424699993],[112.652226068,-7.465098697],[112.65222336,-7.46510039000001],[112.65222166,-7.46510043999993],[112.65221342,-7.46510071999996],[112.65185989,-7.46511249999997],[112.65153479,-7.46484191999996],[112.65104814,-7.46468238999996],[112.65026264,-7.46457940999995],[112.65018186,-7.46460969999993],[112.650119998,-7.46459938399992],[112.65010624,-7.46459708999991],[112.65007282,-7.46459151999995],[112.64997791,-7.46462989000001],[112.649804678,-7.46463126499998],[112.649748728,-7.46463008399996],[112.649719962,-7.46463019699995],[112.649286154,-7.46463190799995],[112.649059744,-7.464644622],[112.64840528,-7.46468137299998],[112.64834929,-7.46467775999997],[112.64829585,-7.46467432],[112.6482958,-7.46467454999991],[112.648284,-7.46467392999994],[112.64830167,-7.46455230999994],[112.64831586,-7.46454958999992],[112.648327419,-7.464547378],[112.648241718,-7.46432122399995],[112.648181926,-7.46409879499994],[112.648171678,-7.4636109969999],[112.648128089,-7.46358920299996],[112.648135354,-7.46352624199994],[112.648135354,-7.46348507499993],[112.648154727,-7.46344148599994],[112.648215266,-7.46339305499994],[112.648319394,-7.46341242699995],[112.648316973,-7.46326228899994],[112.648295179,-7.46325744599992],[112.648261276,-7.46320901399994],[112.648307286,-7.46319932799997],[112.648309626,-7.46315253899996],[112.648311421,-7.46311664199995]]]]}},
{"type":"Feature","properties":{"kdkab":"15","kdkec":"080","nmkab":"SIDOARJO","nmkec":"TULANGAN","kddesa":"008","kdprov":"35","nmdesa":"TULANGAN","nmprov":"JAWA TIMUR","iddesa":"3515080008"},"geometry":{"type":"MultiPolygon","coordinates":[[[[112.65098182,-7.48265181999993],[112.65097443,-7.48264908999994],[112.65038568,-7.48243150999996],[112.650233419,-7.482384446],[112.65018649,-7.48236993999994],[112.65011954392854,-7.4823492458743],[112.6500293,-7.48232134999998],[112.649647,-7.48208807999994],[112.64949346,-7.48195631999993],[112.64935757,-7.48183968999998],[112.649313107,-7.48177731299995],[112.64931061,-7.48177380999992],[112.64921285,-7.48163665999996],[112.64904654,-7.48140122999997],[112.64887375,-7.48124139999992],[112.648784457,-7.4811544209999],[112.64875989,-7.48113048999993],[112.64870744,-7.48107939999994],[112.648597214162933,-7.481027326934276],[112.648507646,-7.48098501299996],[112.64815882,-7.48082021999993],[112.64756269,-7.48053942999994],[112.64737557,-7.48043577999993],[112.64729268,-7.48038986999995],[112.647278146,-7.480381818],[112.64726252,-7.48037315999996],[112.64725372,-7.48036827999994],[112.64725366,-7.48036824999997],[112.64712206,-7.48029535999998],[112.64679808,-7.48002753],[112.64645033,-7.47972297999998],[112.64605939,-7.47956314999994],[112.646053489,-7.47956019799993],[112.646201735,-7.47919839599995],[112.646252518,-7.47906923099994],[112.646312133,-7.47901072],[112.64635298,-7.47882635499997],[112.646380452575997,-7.47875267872235],[112.646380350892443,-7.478752562858999],[112.646259616975996,-7.47861499255811],[112.646274674314995,-7.47843156773303],[112.646273884624719,-7.47843086578869],[112.646244425527001,-7.47840468000604],[112.646182951057,-7.47818118106485],[112.646193616654998,-7.47809997756428],[112.646184728655996,-7.47795020225738],[112.646223157067993,-7.47728617961184],[112.646253439412007,-7.4771368665733],[112.646140464,-7.47704287899998],[112.64616403857967,-7.476964387412043],[112.64621085,-7.47690241999989],[112.6465154,-7.47626307999998],[112.64648516,-7.47625443999989],[112.64645924,-7.47614213000003],[112.64647436,-7.47605572999988],[112.64650028,-7.47600172999995],[112.64664068,-7.47578789999992],[112.64686285,-7.47541244999995],[112.6469193,-7.47531703999992],[112.64701625,-7.47518085999996],[112.6470491,-7.47501578999992],[112.64707202,-7.47492839999996],[112.64714093,-7.47494217999998],[112.64718,-7.47495],[112.64718049,-7.47495013000001],[112.64729,-7.47498],[112.647350828,-7.47499275399997],[112.64791,-7.47511],[112.64895986,-7.47530087999992],[112.648987353,-7.47530587999993],[112.64900467,-7.47530902999997],[112.64901,-7.47531],[112.64901,-7.47529795299991],[112.649177508,-7.475356],[112.649546237,-7.47524780999991],[112.649595156,-7.47517246299997],[112.649378342,-7.47506807099995],[112.649368407,-7.47490578599996],[112.649243657,-7.47478765999995],[112.649239241,-7.47469050999996],[112.64917521,-7.47462647999994],[112.64917521,-7.47457348899994],[112.64917521,-7.47441451599997],[112.64917521,-7.4743504849999],[112.649217162,-7.474346069],[112.649216058,-7.47428093399997],[112.649197368891109,-7.474212202561135],[112.649189562,-7.47413079299998],[112.649193978,-7.47396961299993],[112.64921385,-7.47396961299993],[112.649218266,-7.47394753299995],[112.649221719,-7.47389400599998],[112.649222681,-7.47387908599994],[112.649182938,-7.47387908599994],[112.64919177,-7.473843759],[112.649174106,-7.47381505599997],[112.649205018,-7.47378855999995],[112.64920281,-7.473645043],[112.649185146,-7.47362075599994],[112.649220473,-7.47359867599995],[112.649224889,-7.47353022899997],[112.649220473,-7.47348606999998],[112.649207226,-7.47346619900001],[112.649222681,-7.47334917699995],[112.649222681,-7.47330280999997],[112.649211642,-7.47322994699993],[112.649227097,-7.47320565999998],[112.649227097,-7.47308863799995],[112.649223414,-7.47293023999993],[112.649223116513994,-7.47293023999993],[112.649241173886935,-7.472781804778784],[112.649290242307515,-7.472378452536925],[112.649293731667001,-7.4723497693033],[112.649659741177004,-7.47235767458171],[112.649937493074006,-7.47241301153447],[112.650277544462,-7.47246834849403],[112.650526742425996,-7.47254213111741],[112.650790496477001,-7.47264873345583],[112.65084329,-7.47259732999992],[112.65090603,-7.47252633999992],[112.65121,-7.47225],[112.65155529,-7.47203836999996],[112.65183,-7.47187],[112.65208396,-7.47172569999996],[112.652172008,-7.47167567699996],[112.652187685632995,-7.47168190038784],[112.652317693813004,-7.47155853218176],[112.652552364708001,-7.4713557219551],[112.652728896417003,-7.47124304964655],[112.652828261571003,-7.47123124588253],[112.653160183468003,-7.47119261538428],[112.653353628394996,-7.47074836489338],[112.653362085004005,-7.47070866136849],[112.653497390745997,-7.47056057798236],[112.653629525259007,-7.47038888716108],[112.653807114044,-7.47021934253949],[112.653824225120999,-7.47018251830149],[112.653836093,-7.47018575499991],[112.653840526,-7.47018337599998],[112.65394,-7.47013],[112.6543,-7.47008],[112.65478,-7.47017],[112.65513,-7.47022],[112.65545,-7.4702],[112.65574613,-7.47006704999994],[112.65573824,-7.47040525999997],[112.6557265,-7.47050192999992],[112.65554715,-7.47107985000001],[112.655546053,-7.47108338499991],[112.65554008,-7.47110262999995],[112.65535611,-7.47169541999995],[112.65532904,-7.47178264999998],[112.65532863,-7.471783972],[112.65522909,-7.47210470999992],[112.65521236,-7.47215863999996],[112.65507598,-7.47272752000001],[112.655073516,-7.47273779699996],[112.65505657,-7.47280848000001],[112.65499789,-7.47305325999997],[112.654990810095995,-7.47307880177301],[112.65482756,-7.47366774999994],[112.65481028,-7.47373008999994],[112.654809392,-7.47373329399995],[112.65480685,-7.47374245999991],[112.65480753,-7.47374255999993],[112.65487251,-7.47375214999995],[112.65608839,-7.47393161],[112.65656262,-7.47400160999993],[112.65672013,-7.47404932999992],[112.65680593,-7.47433889999994],[112.65683536,-7.47434220999996],[112.65720765,-7.47440326999991],[112.65720484,-7.47442187999996],[112.657204605,-7.47442344099991],[112.6571464,-7.47480938999993],[112.65713175,-7.47510242999994],[112.65713,-7.47511],[112.65711934,-7.47526462999997],[112.65705804,-7.47578708999993],[112.65697433,-7.47681095999997],[112.6569738,-7.47681736999994],[112.656898418,-7.477221581],[112.6568943,-7.47724365999994],[112.65688341,-7.47730204999994],[112.65688105,-7.47731471],[112.6569,-7.4774],[112.65689639,-7.47743104999993],[112.65682412,-7.47756037999992],[112.65680997,-7.47780552999997],[112.65680849,-7.47783133999995],[112.6562822,-7.47843578999995],[112.656250699309581,-7.478558623635059],[112.656241186495606,-7.47869173414627],[112.65622382,-7.47874013699991],[112.656209587,-7.47874922999994],[112.656103109064603,-7.478851134813397],[112.656039017887679,-7.478920603766849],[112.655946976629494,-7.479007249594956],[112.655735820241759,-7.479002426023862],[112.655432870721015,-7.479032655098171],[112.655372696136823,-7.479066683984835],[112.655217357555884,-7.479104446125374],[112.655085250021841,-7.479125263804473],[112.65496850377184,-7.479101443291611],[112.654934392966439,-7.479003760588061],[112.654925300410085,-7.478863903485719],[112.654789728410819,-7.478775259990443],[112.654621734893027,-7.478701269323017],[112.65448969,-7.47881618],[112.654365351954155,-7.478769697993004],[112.654361286766502,-7.478660140582639],[112.654244518,-7.47860761399992],[112.654185733006415,-7.478716445268891],[112.654021421455127,-7.479024556296308],[112.653934132766437,-7.479173897044856],[112.653709372283998,-7.479478947291224],[112.653515145825779,-7.479826789220933],[112.653799953,-7.47992452999996],[112.653602270416386,-7.480256446311364],[112.653582159210458,-7.48038612642259],[112.653488311222631,-7.480654303847457],[112.653414337710885,-7.480914210780582],[112.653420335563197,-7.481174117713709],[112.653420335563197,-7.481182114850111],[112.653386347733473,-7.48138004397611],[112.653362356324266,-7.481511996726773],[112.653324369926381,-7.481645948761536],[112.653296379948969,-7.481881864285451],[112.653288445597809,-7.481985934171476],[112.653296379948955,-7.481985827058701],[112.65333831,-7.48215917999994],[112.653331673,-7.48221625999997],[112.653328241701999,-7.48224577615326],[112.653328131741006,-7.48224592158352],[112.653234802697995,-7.48251297912716],[112.653154743141002,-7.48288308349854],[112.653107307143003,-7.48303213454614],[112.65309059,-7.48303690999998],[112.65298117,-7.48325575999997],[112.65272282,-7.48368910999995],[112.65252606,-7.48358308999998],[112.652395035,-7.48351249799993],[112.6523375,-7.48348149999989],[112.65232096,-7.48347257999994],[112.65228346,-7.48345810999996],[112.652106900559673,-7.48336049554235],[112.65205961,-7.48333434999995],[112.65180738,-7.48316344999995],[112.65175938,-7.48312267999992],[112.65119781,-7.48274684999997],[112.651056758,-7.48268478999996],[112.65100228,-7.48266081999997],[112.65098182,-7.48265181999993]]]]}},
{"type":"Feature","properties":{"kdkab":"15","kdkec":"080","nmkab":"SIDOARJO","nmkec":"TULANGAN","kddesa":"004","kdprov":"35","nmdesa":"GELANG","nmprov":"JAWA TIMUR","iddesa":"3515080004"},"geometry":{"type":"MultiPolygon","coordinates":[[[[112.64996224,-7.50449302999997],[112.64950282,-7.50432723999998],[112.64853934,-7.50402931999995],[112.6470929,-7.50355144999996],[112.64713657,-7.50342734999995],[112.64690103,-7.50334996999992],[112.64512741,-7.50270710999998],[112.64498033,-7.50265065999997],[112.64448842,-7.50244942999996],[112.6444852,-7.50244810999993],[112.644650273,-7.50236658899996],[112.64467046,-7.50235661999994],[112.64494606,-7.50222052],[112.64516619,-7.50201507],[112.645218193,-7.5018842659999],[112.64525346,-7.50179555999995],[112.64587795,-7.50022466999994],[112.64610373,-7.49966848999996],[112.646085888,-7.49966328999994],[112.64596726,-7.49962871999997],[112.64586135,-7.49959785999995],[112.64426732,-7.49914785999996],[112.6422201,-7.49854982999992],[112.64151568,-7.49829667999992],[112.64153533,-7.49822668999995],[112.64157023,-7.49810234999993],[112.64186353,-7.49741500999997],[112.64196626,-7.49727925999995],[112.64194058,-7.49721321999995],[112.6418562,-7.49722055999995],[112.64184884,-7.49721911999995],[112.64238921,-7.49528970999996],[112.64251028,-7.4946990199999],[112.64257292,-7.4945827],[112.64280245,-7.49418720999997],[112.64321358,-7.49345856999996],[112.64321437,-7.49345869999997],[112.643241636,-7.49346308399994],[112.6432747,-7.49346839999991],[112.64344153,-7.49349520999994],[112.64353515,-7.49354812999996],[112.64370611,-7.49381270999994],[112.64378346,-7.49395924999993],[112.6439015,-7.49398774999997],[112.64406432,-7.49402846],[112.64414574,-7.49421976999996],[112.64426378,-7.49427268999995],[112.64472783,-7.49417091999991],[112.64484587,-7.49417091999991],[112.64519658,-7.49448265999994],[112.64519665,-7.49448060999991],[112.645196961,-7.49447120099994],[112.6451975,-7.49445490999993],[112.64519946,-7.49445685999996],[112.64630552,-7.49329410999996],[112.6463508,-7.49317988999996],[112.646354792055817,-7.493169821529861],[112.646377171,-7.493113379],[112.64639146,-7.49307733999997],[112.64655552,-7.49266348999996],[112.646584935,-7.49264376699996],[112.64659528,-7.49263682999998],[112.64693312,-7.49241020999992],[112.64741186,-7.49220691999996],[112.64806791,-7.49217927999994],[112.64824382,-7.49207304],[112.648255757,-7.49206583099995],[112.64831971,-7.49202720999993],[112.64831933,-7.49192646999998],[112.648342865,-7.49192915799995],[112.64834752,-7.49192968999998],[112.65066736,-7.4921947299999],[112.651091952088422,-7.490991869488605],[112.651680808,-7.48932365299992],[112.6516831,-7.48931715999989],[112.65168954,-7.48929891999996],[112.65169115,-7.48929436999996],[112.65194351,-7.48929341999995],[112.65222206,-7.48954424999994],[112.65280088,-7.48911389999993],[112.65301753,-7.48889602999995],[112.65405742,-7.48884724999991],[112.654067216,-7.48884679099998],[112.65407491,-7.48884642999996],[112.65421348,-7.48937500999995],[112.65421236,-7.48945001999992],[112.65420826,-7.48972414],[112.65431248,-7.48980229999997],[112.65445317,-7.48985700999997],[112.65463815,-7.48990129999993],[112.65471637,-7.48996167999998],[112.654729671,-7.48997051099998],[112.65473119,-7.48997151999996],[112.65487655,-7.49006804999994],[112.65501029,-7.49023642999995],[112.65501044,-7.49027488999998],[112.65481562,-7.49048385999995],[112.654800005,-7.49053880199997],[112.65479963,-7.49054011999992],[112.65427509,-7.49238606999994],[112.65428911,-7.49249207],[112.65427007631969,-7.492556101889822],[112.65426,-7.49259],[112.654150874,-7.49296830199995],[112.65411,-7.49311],[112.6539355,-7.49366259999993],[112.65394845,-7.49385478999993],[112.65405203,-7.49419739999995],[112.654086345,-7.49425849999994],[112.65409058,-7.49426603999994],[112.65409322,-7.49427073999993],[112.65454309,-7.49422412999998],[112.654673446,-7.49425387099997],[112.65524741,-7.49438481999996],[112.65560009,-7.49443644999997],[112.65562446,-7.49444000999995],[112.65562812,-7.49444054999996],[112.65563212,-7.494441179],[112.655638733,-7.494442217],[112.65588193,-7.49448042999992],[112.65598868,-7.49449558000002],[112.65624626,-7.49453213999994],[112.65627207,-7.49455769999996],[112.65629,-7.49456],[112.65666,-7.49474],[112.65685,-7.49486],[112.65723,-7.49545],[112.65731,-7.49557],[112.65747,-7.49565],[112.657662869168249,-7.49565],[112.6579,-7.49565],[112.658058839,-7.49563555999994],[112.65812,-7.49563],[112.65824,-7.49567],[112.65845,-7.49586],[112.65877,-7.49628],[112.65896,-7.49654],[112.65914094,-7.4966533599999],[112.659159800577996,-7.49666517586833],[112.659685854,-7.49699475099993],[112.659487029,-7.49723847199994],[112.659373794,-7.49751751499998],[112.659370595,-7.49781504499992],[112.65898,-7.49851],[112.65883,-7.49876],[112.65811,-7.50001],[112.65807,-7.50008],[112.657809,-7.5005062999999],[112.65777838,-7.50055631299994],[112.65776975,-7.50057041000001],[112.65759,-7.50087],[112.65751,-7.50099],[112.65747938,-7.50104144999994],[112.65747467,-7.50104936999996],[112.657469774,-7.501057595],[112.65726,-7.50141],[112.65721,-7.50152],[112.657141281,-7.50167858199998],[112.65708,-7.50182],[112.65701,-7.50205],[112.65691,-7.50236],[112.656909418955053,-7.502362397178635],[112.65689225,-7.50243322999995],[112.656870634,-7.50252239399992],[112.65683,-7.50269],[112.656587433107021,-7.503583696252943],[112.656541774722726,-7.503717795287131],[112.6565,-7.50385],[112.65647310738882,-7.503920202140339],[112.656353407105186,-7.504190029657958],[112.656109973064133,-7.50471119508613],[112.655715969142207,-7.504726953434478],[112.655406786382414,-7.504738457909261],[112.655198267776981,-7.504751400443392],[112.65508134,-7.50475033999992],[112.654850257414807,-7.504759309769804],[112.654604349266336,-7.504765062007194],[112.654382169097119,-7.504775128422629],[112.65428006688343,-7.504781599689694],[112.65419839,-7.50478453999992],[112.652971798623611,-7.504853609794691],[112.652857800251397,-7.505016057475091],[112.652785601282332,-7.505122455955821],[112.652710197287021,-7.505230689376015],[112.652616503696876,-7.505339052863022],[112.652075591,-7.50522948199997],[112.65141923,-7.50509898999996],[112.65081573,-7.50497900999994],[112.65064081,-7.50490926999994],[112.65047398,-7.50483434999993],[112.650473792,-7.50483426599993],[112.65046539,-7.50483048999995],[112.650437932,-7.50481815799997],[112.65039421,-7.50479851999996],[112.65038492,-7.50477901999995],[112.65037992,-7.50476850999996],[112.65030397,-7.50460900999997],[112.64996224,-7.50449302999997]]]]}},
{"type":"Feature","properties":{"kdkab":"15","kdkec":"080","nmkab":"SIDOARJO","nmkec":"TULANGAN","kddesa":"014","kdprov":"35","nmdesa":"MEDALEM","nmprov":"JAWA TIMUR","iddesa":"3515080014"},"geometry":{"type":"MultiPolygon","coordinates":[[[[112.65852018,-7.47807323999993],[112.65685463,-7.47781297999996],[112.65685203,-7.47781253999996],[112.65680997,-7.47780552999997],[112.65682412,-7.47756037999992],[112.65689639,-7.47743104999993],[112.6569,-7.4774],[112.65688105,-7.47731471],[112.65688341,-7.47730204999994],[112.6568943,-7.47724365999994],[112.656898418,-7.477221581],[112.6569738,-7.47681736999994],[112.65697433,-7.47681095999997],[112.65705804,-7.47578708999993],[112.65711934,-7.47526462999997],[112.65713,-7.47511],[112.65713175,-7.47510242999994],[112.6571464,-7.47480938999993],[112.657204605,-7.47442344099991],[112.65720484,-7.47442187999996],[112.65720765,-7.47440326999991],[112.65683536,-7.47434220999996],[112.65680593,-7.47433889999994],[112.65672013,-7.47404932999992],[112.65656262,-7.47400160999993],[112.65608839,-7.47393161],[112.65487251,-7.47375214999995],[112.65480753,-7.47374255999993],[112.65480685,-7.47374245999991],[112.654809392,-7.47373329399995],[112.65481028,-7.47373008999994],[112.65482756,-7.47366774999994],[112.654990810095995,-7.47307880177301],[112.65499789,-7.47305325999997],[112.65505657,-7.47280848000001],[112.655073516,-7.47273779699996],[112.65507598,-7.47272752000001],[112.65521236,-7.47215863999996],[112.65522909,-7.47210470999992],[112.65532863,-7.471783972],[112.65532904,-7.47178264999998],[112.65535611,-7.47169541999995],[112.65554008,-7.47110262999995],[112.655546053,-7.47108338499991],[112.65554715,-7.47107985000001],[112.6557265,-7.47050192999992],[112.65573824,-7.47040525999997],[112.65574613,-7.47006704999994],[112.65594,-7.46998],[112.65607331,-7.46992797999998],[112.65626661,-7.46985253999994],[112.65628433,-7.46984562999996],[112.656309255,-7.46983590499996],[112.6563167,-7.469833],[112.65635,-7.46982],[112.65636327,-7.46981758999994],[112.65641164,-7.46980878999995],[112.65646,-7.4698],[112.65677,-7.46975],[112.65715,-7.46969],[112.65752,-7.46934],[112.65788,-7.4689],[112.6584,-7.46858],[112.65844,-7.46866],[112.65847,-7.46871],[112.65882,-7.46869],[112.65984,-7.46863],[112.659847107,-7.46862952499996],[112.65985078,-7.46862928],[112.65999,-7.46862],[112.66004242,-7.46861149999994],[112.6600619,-7.46860905999995],[112.6600692,-7.46899807999995],[112.66029822,-7.46897701999995],[112.66035351,-7.46888487999998],[112.66133565,-7.46895593999992],[112.661338608,-7.46896210199997],[112.6614,-7.46909],[112.66153,-7.4693],[112.66163,-7.46944],[112.66177,-7.46954],[112.66214,-7.46959],[112.66247,-7.46958],[112.6626,-7.46959],[112.66284,-7.46988],[112.66305,-7.47014],[112.66321,-7.47027],[112.66344,-7.47036],[112.66357,-7.4704],[112.663640621,-7.470439234],[112.66372424,-7.47048568999997],[112.66375,-7.4705],[112.66379,-7.47055],[112.66378662,-7.47056619999997],[112.663777386,-7.47061044599996],[112.663622009,-7.47135495699997],[112.66355,-7.4717],[112.66353691,-7.47209911999994],[112.66353358,-7.47220071],[112.66353,-7.47231],[112.66353264,-7.47233285999993],[112.663541118,-7.47240634399996],[112.66354979,-7.47248150999997],[112.66356,-7.47257],[112.66374,-7.473],[112.66384,-7.4732],[112.664,-7.47343],[112.66406,-7.47369],[112.66403,-7.47406],[112.66404581,-7.47410621999997],[112.66405615,-7.47413646099994],[112.66405853,-7.47414341999998],[112.66416,-7.47444],[112.66428,-7.47469],[112.66453792,-7.47527031999994],[112.66453928,-7.47527336999996],[112.664564211,-7.47532946799992],[112.6646,-7.47541],[112.66463,-7.47551],[112.66458,-7.47561],[112.66452161,-7.47566307999991],[112.66447704,-7.47570359999996],[112.66447,-7.47571],[112.66424547,-7.47586716999995],[112.66410725,-7.47594908000001],[112.66394985,-7.47617889000001],[112.66393726,-7.4762544399999],[112.66397885,-7.47639043],[112.6640128,-7.47650139999994],[112.664013652,-7.47650418699991],[112.66401911,-7.47652202999994],[112.66410654,-7.47683202399998],[112.66412299,-7.47689034999993],[112.66415447,-7.47706348999996],[112.66421429,-7.47744440999995],[112.664406,-7.47792241999997],[112.6644252,-7.47797029999995],[112.66454492,-7.4781889],[112.66459798,-7.47828578999997],[112.66480515,-7.47866408999994],[112.664817068004396,-7.478778697337365],[112.66482243,-7.47883025999994],[112.66484429,-7.47904033999994],[112.6647992,-7.47902253999997],[112.66476353,-7.47880245999995],[112.66473629,-7.47876392999994],[112.66468959,-7.4786984199999],[112.66440663,-7.47859903999998],[112.66433287,-7.47854136999996],[112.66429416,-7.47854151999996],[112.66426714,-7.47856093999996],[112.66420127,-7.47854572999995],[112.66414699,-7.47852274999996],[112.66410816,-7.47849198999995],[112.66402682,-7.47847684999992],[112.66391442,-7.47843863999997],[112.66384084,-7.47843118999998],[112.66377487,-7.4783889399999],[112.66370901,-7.47837372999991],[112.66361611,-7.47837408],[112.66353085,-7.47834735999996],[112.66346117,-7.47834761999995],[112.66339934,-7.47837489999996],[112.66327543,-7.47836377999997],[112.66319411,-7.47835635999995],[112.66302758,-7.47833380999998],[112.662979,-7.47840606999994],[112.66297169,-7.47840539999994],[112.66296214,-7.47840452999997],[112.662934063327768,-7.478401976368468],[112.662925829058793,-7.478436972011656],[112.662898722956456,-7.478548312207342],[112.66277008,-7.47846566999997],[112.6626788,-7.47840123999994],[112.66264232,-7.47832307999996],[112.66271527,-7.47783846999995],[112.66247558,-7.47771862999995],[112.66236615,-7.47760919999998],[112.66235573,-7.47744765999994],[112.66237268,-7.47725103999994],[112.662368,-7.47721317999995],[112.66231758,-7.47719098999994],[112.66197444,-7.47735468999998],[112.66163445,-7.47739246999993],[112.66157463,-7.47737357999996],[112.66148963,-7.47726653999998],[112.66146445,-7.47713746999994],[112.66141093,-7.47709339999992],[112.66136057,-7.47709654999996],[112.66109928,-7.47740821],[112.66102372,-7.47745857999993],[112.66072465,-7.47745542999998],[112.66051059,-7.47749005999996],[112.6603019,-7.47766524999995],[112.6602922,-7.47770626999993],[112.66028861,-7.47794948999996],[112.66024011,-7.47825141999994],[112.6595946,-7.47819079999993],[112.65926499,-7.47813798999994],[112.65897619,-7.47813907999993],[112.65868607,-7.47809718999998],[112.658684664,-7.47809698699997],[112.65852018,-7.47807323999993]]]]}},
{"type":"Feature","properties":{"kdkab":"15","kdkec":"080","nmkab":"SIDOARJO","nmkec":"TULANGAN","kddesa":"022","kdprov":"35","nmdesa":"GRABAGAN","nmprov":"JAWA TIMUR","iddesa":"3515080022"},"geometry":{"type":"MultiPolygon","coordinates":[[[[112.62436,-7.45526999999989],[112.62422,-7.45523],[112.624183443,-7.45522667699993],[112.624166515537993,-7.45522513805593],[112.62411,-7.45522],[112.624,-7.45521],[112.62389,-7.45522],[112.62375,-7.45524],[112.62354,-7.45526],[112.6234,-7.45528],[112.62327,-7.45529],[112.62316652,-7.45526412999992],[112.62315,-7.45526],[112.623149608,-7.45525988799998],[112.62301,-7.45522],[112.62286,-7.45513],[112.62278,-7.45505],[112.62265,-7.45492],[112.6225,-7.45477],[112.62242677,-7.45470652999994],[112.62235,-7.45464],[112.622322098833763,-7.454628375311665],[112.6222917,-7.45461570999993],[112.622243106,-7.45459546099997],[112.62223,-7.45459],[112.62201,-7.45453],[112.62182,-7.45452],[112.62172,-7.45454],[112.6216,-7.45461],[112.62151,-7.4547],[112.62138,-7.45484],[112.62126,-7.45501],[112.6211,-7.45522],[112.62092,-7.45534],[112.62074,-7.45541],[112.62072994,-7.45541251499998],[112.62058,-7.45545],[112.62042,-7.45547],[112.620397925,-7.45547],[112.62026,-7.45547],[112.62018962,-7.45545044999996],[112.620166452,-7.45544401399996],[112.62008,-7.45542],[112.61994,-7.45536],[112.6198,-7.45525],[112.61968,-7.4551],[112.619651631289997,-7.45506726686837],[112.61955,-7.45495],[112.61942,-7.45482],[112.61933,-7.45473],[112.61918,-7.45463],[112.619060787,-7.45455336299996],[112.6189,-7.45445],[112.61863,-7.45426],[112.61858,-7.45423],[112.618538799,-7.45420645699994],[112.61844,-7.45415],[112.618328018,-7.45410419099993],[112.61831787,-7.45410003999993],[112.61827291,-7.45408164999996],[112.61822,-7.45406],[112.61799,-7.45397],[112.617956547074996,-7.45395661882867],[112.61774,-7.45387],[112.61754,-7.45382],[112.61735,-7.45378],[112.617174914,-7.45375373699994],[112.61715,-7.45375],[112.61704025,-7.45375],[112.6169,-7.45375],[112.61668,-7.45374],[112.61655,-7.45377],[112.61644,-7.45381],[112.61629,-7.45386],[112.61625244,-7.45387155999993],[112.61616,-7.4539],[112.61598,-7.45389],[112.61581,-7.45385],[112.61563,-7.45373],[112.61528,-7.45345],[112.61453,-7.45278],[112.61451338,-7.45276653999995],[112.614499441,-7.45275525899995],[112.61448873,-7.45274658999993],[112.61432,-7.45261],[112.61411,-7.45246],[112.61373389,-7.45224268999996],[112.613733903,-7.45224262499998],[112.61377479,-7.45203298999995],[112.61383821,-7.45170782999996],[112.61364973,-7.45156931999995],[112.61361313,-7.45150892999992],[112.61367295,-7.4512847899999],[112.613724184,-7.45102897399996],[112.61373845,-7.45095773999996],[112.61369549,-7.45081869999996],[112.613602791,-7.45075482899994],[112.613586129,-7.45075458799992],[112.613459219,-7.45079060299998],[112.613307380140867,-7.450834889312088],[112.612896535007522,-7.450906066664115],[112.61275482739542,-7.450951913244504],[112.612621455525186,-7.450964416857337],[112.612554769590076,-7.450964416857337],[112.612254682882082,-7.450764359052004],[112.611545689022506,-7.450281797786329],[112.611661204,-7.45007164399993],[112.611437,-7.44987387999996],[112.61149,-7.44978],[112.61154261,-7.44962695199995],[112.6116,-7.44946],[112.61162,-7.44936],[112.61173,-7.44934],[112.61191,-7.44922],[112.612,-7.4491],[112.61216,-7.44887],[112.6122,-7.44881],[112.61231,-7.44874],[112.61247,-7.4487],[112.612660710724995,-7.44867512383895],[112.61266534,-7.44867451999995],[112.6127,-7.44867],[112.6128,-7.44866],[112.61293,-7.44865],[112.613447661,-7.44861093099998],[112.61346,-7.44861],[112.61348306,-7.448608],[112.613494057,-7.44860704299998],[112.61353351,-7.44860361],[112.61368941,-7.44859004999997],[112.61369,-7.44859],[112.614,-7.4486],[112.61436,-7.44862],[112.61457548,-7.44866103999995],[112.614578211,-7.44866155999996],[112.61468976,-7.44868280999998],[112.61478,-7.4487],[112.61518,-7.44878],[112.6154,-7.44878],[112.61549336,-7.44877307999996],[112.615507647,-7.44877202299995],[112.61553864,-7.44876972999996],[112.61567,-7.44876],[112.61574,-7.44876],[112.61603,-7.44874],[112.61617,-7.44864],[112.61633,-7.44848],[112.61645,-7.44829],[112.6165,-7.44821],[112.61659,-7.44806],[112.61702,-7.44756],[112.61725,-7.44742],[112.61758,-7.44725],[112.61794,-7.44702],[112.6185,-7.44655],[112.618589885,-7.44646011499997],[112.618653224,-7.44639677599994],[112.61867884,-7.44637115999995],[112.61869,-7.44636],[112.61879,-7.44625],[112.61896,-7.44612],[112.61922,-7.446],[112.61954,-7.44592],[112.61968647,-7.44590843999993],[112.61992,-7.44589],[112.619950838,-7.44588731799997],[112.62015,-7.44587],[112.62038,-7.44577],[112.62058,-7.44563],[112.62059581,-7.44561576999996],[112.62061765,-7.44559611399992],[112.620874121,-7.44536529099997],[112.62088,-7.44536],[112.620938713,-7.44531196199994],[112.62099,-7.44527],[112.62131,-7.44509],[112.62171,-7.44499],[112.62188,-7.44502],[112.621961610677729,-7.445063205652916],[112.62205,-7.44511],[112.62221,-7.44525],[112.62231,-7.44534],[112.62245,-7.44546],[112.62269,-7.4456],[112.6228,-7.4456],[112.62295,-7.44555],[112.622955189,-7.44554884699995],[112.62304,-7.44553],[112.62313063,-7.44550210999994],[112.6233,-7.44545],[112.62330662,-7.44545264999994],[112.6234398,-7.44550591999998],[112.62345,-7.44551],[112.623464775,-7.44552181999994],[112.6236,-7.44563],[112.6237,-7.44578],[112.62382,-7.44597],[112.623959387,-7.44611758699994],[112.62399,-7.44615],[112.62409,-7.44624],[112.624097,-7.44624839999996],[112.62414,-7.4463],[112.62419765,-7.44634941399993],[112.62435,-7.44648],[112.624375191,-7.446505191],[112.62442,-7.44655],[112.62447,-7.44658],[112.624510135308185,-7.44661010347948],[112.62452021,-7.44661765999996],[112.624534855,-7.44662864299996],[112.62455,-7.44664],[112.624571366,-7.44661507599992],[112.62458405,-7.44660027999994],[112.62461,-7.44657],[112.62472,-7.44644],[112.62495,-7.44616],[112.624990547,-7.446135672],[112.625,-7.44613],[112.6253,-7.44588],[112.62554,-7.44558],[112.6257,-7.44543],[112.62582895,-7.44535746999998],[112.62586,-7.44534],[112.62590529,-7.44532606999995],[112.625915908,-7.44532280299993],[112.625938193,-7.44531594599996],[112.625930305,-7.44515423999996],[112.626029276,-7.44513331499994],[112.626522255,-7.44501923699992],[112.62665225,-7.44498078799993],[112.626695632,-7.44496795599995],[112.626715101,-7.44496219799991],[112.627005728,-7.44489972699997],[112.627193478,-7.44488201499995],[112.627437594,-7.44485898499994],[112.627677972,-7.44482639099995],[112.627963167,-7.44478157500001],[112.628064424,-7.44472009799992],[112.628077245,-7.44471231299996],[112.628278239,-7.44449502199993],[112.628395731,-7.44431039199996],[112.62841133,-7.44428587899997],[112.628490098,-7.44396537499993],[112.628567045,-7.44363671999998],[112.628570224,-7.44362314099994],[112.628677512,-7.44349412499997],[112.628951842,-7.44317497799996],[112.62911481,-7.44297941599993],[112.62924111,-7.44277706399993],[112.62945091,-7.44232028599991],[112.629455685,-7.44230988799997],[112.62954929091002,-7.442135822358538],[112.6296004349539,-7.442088940318308],[112.629802169793678,-7.442091781654079],[112.629873203187969,-7.441995176237846],[112.629921505896093,-7.442017906924018],[112.629884568531054,-7.442127298351223],[112.630036579994837,-7.442154291041053],[112.630132309159549,-7.442076296825443],[112.630139792559007,-7.44207037739382],[112.630393510223996,-7.44224472949496],[112.630622437221007,-7.44240417875959],[112.630667224849006,-7.4424444749272],[112.6307,-7.44246],[112.63099,-7.44269],[112.63126,-7.44287],[112.63149,-7.443],[112.63187755,-7.44326758999996],[112.63191,-7.44329],[112.63202475,-7.44339870999993],[112.632025395,-7.44339932099994],[112.63206396,-7.44343585999997],[112.6321,-7.44347],[112.63234685,-7.44376092999995],[112.63238,-7.4438],[112.6323883,-7.44380967999994],[112.632461403,-7.44389496899991],[112.6325,-7.44394],[112.6326,-7.44419],[112.63268,-7.44448],[112.63274,-7.44494],[112.63276,-7.4452],[112.632751176,-7.44533529699995],[112.63273,-7.44566],[112.6327184,-7.44596732999996],[112.63271,-7.44619],[112.632749658,-7.44706259199995],[112.63274966,-7.44706262999997],[112.63275,-7.44707],[112.63275776,-7.44707861999998],[112.6328375,-7.44716721999995],[112.632787585,-7.44728832299996],[112.63246832,-7.44806291999994],[112.63205273,-7.44907120999994],[112.632049937,-7.44907798699997],[112.63176219,-7.44977609999995],[112.63181,-7.4498],[112.63163,-7.45017],[112.63149,-7.45046],[112.63142,-7.45063],[112.6313211,-7.45087275000001],[112.631319765,-7.45087602699993],[112.63131,-7.4509],[112.63129492,-7.45097035999994],[112.63114798,-7.45125089999994],[112.63146808,-7.45147654999996],[112.63187798,-7.45176548999996],[112.63165783,-7.45245249999994],[112.631654766,-7.45246206099997],[112.63164661,-7.45248750999997],[112.631644313,-7.45249480899996],[112.631590622,-7.45251246099997],[112.63156587,-7.452520598],[112.631508292,-7.45258969099996],[112.631491842,-7.45265878399995],[112.631498422,-7.45281177599997],[112.631477036,-7.45293680199994],[112.631388202,-7.45298615399996],[112.631256596,-7.45311117999994],[112.631098669,-7.45325594599993],[112.630883164,-7.45337768099998],[112.630713722,-7.45353231799993],[112.630730173,-7.45363431299994],[112.630659434,-7.45374453299995],[112.630664724,-7.45382122899998],[112.63064313,-7.45384237000002],[112.63063698,-7.45385343999992],[112.630632579,-7.45386136199996],[112.630601645,-7.45391704599996],[112.63060142,-7.45391744999993],[112.6306,-7.45392],[112.63055,-7.45401],[112.63048,-7.45424],[112.63033,-7.45481],[112.63013,-7.45555],[112.62988,-7.45656],[112.62981,-7.45683],[112.62975,-7.45731],[112.62974,-7.45738],[112.62952,-7.45805],[112.62932,-7.45838],[112.62899,-7.45901],[112.6289,-7.45914],[112.62862041,-7.45961180999992],[112.628595915,-7.45965314399994],[112.62858,-7.45968],[112.62856563,-7.45969610999991],[112.62861896,-7.45971096999994],[112.628614531,-7.45971937499993],[112.62830376,-7.46030909999997],[112.62808152,-7.46075727999994],[112.62795,-7.46056],[112.62787,-7.46046],[112.62771,-7.46027],[112.62746,-7.46014],[112.62722,-7.46006],[112.62717142,-7.46005260700002],[112.62676,-7.45999],[112.62634,-7.4599],[112.626049501,-7.45981806399995],[112.62601279,-7.45980770999993],[112.62595,-7.45979],[112.62573,-7.45965],[112.62563227,-7.45950340999995],[112.62559917,-7.45945374999997],[112.625588074,-7.45943710999995],[112.62558786,-7.4594367899999],[112.62555,-7.45938],[112.62543,-7.45909],[112.62547,-7.45879],[112.625472371,-7.45873662199991],[112.62547351,-7.45871098000001],[112.62549,-7.45834],[112.625473616,-7.45805600199998],[112.62546,-7.45782],[112.62544,-7.45752],[112.62552,-7.45734],[112.625577449,-7.45721963099993],[112.625682606,-7.45699930199991],[112.62573,-7.4569],[112.6258,-7.45668],[112.62577655,-7.45650805999997],[112.62577,-7.45646],[112.625754534,-7.45642443299996],[112.625687770168994,-7.4562708735299],[112.625670842,-7.45623193799997],[112.62567,-7.45623],[112.62538,-7.45589],[112.625189054133003,-7.45570669195589],[112.62513,-7.45565],[112.625,-7.45554],[112.624980626,-7.45552708399993],[112.62495755,-7.45551169999992],[112.62494,-7.4555],[112.62493202,-7.45549720999997],[112.62474,-7.45543],[112.624511037,-7.455333131],[112.62448,-7.45532],[112.62436,-7.45526999999989]]]]}},
{"type":"Feature","properties":{"kdkab":"15","kdkec":"080","nmkab":"SIDOARJO","nmkec":"TULANGAN","kddesa":"021","kdprov":"35","nmdesa":"KEPUNTEN","nmprov":"JAWA TIMUR","iddesa":"3515080021"},"geometry":{"type":"MultiPolygon","coordinates":[[[[112.623977290146996,-7.464260151154899],[112.62388,-7.46444],[112.62371,-7.4648],[112.62358,-7.46513],[112.62343,-7.46546],[112.62338,-7.46555],[112.62312,-7.46616],[112.62305,-7.46626],[112.62295,-7.4663],[112.62234,-7.46609],[112.62196,-7.46598],[112.621293841722022,-7.465815746476817],[112.621136829964968,-7.465801472680721],[112.6209798182079,-7.465929936845585],[112.620687205387938,-7.46594421064168],[112.620694342285987,-7.465730103700241],[112.620608699509404,-7.465394669491985],[112.620457932538145,-7.465002140099346],[112.620413326925345,-7.464618531829266],[112.620386563557659,-7.464475793868306],[112.620556064886301,-7.464208160191506],[112.620805856317986,-7.463958368759827],[112.62148823505234,-7.462309094771517],[112.621083935,-7.46209251299996],[112.620484222,-7.46174254599992],[112.620404521,-7.46169994099995],[112.619688915,-7.46131741199998],[112.619068188,-7.46099088399996],[112.617179269430451,-7.459979390058617],[112.616542139,-7.45964888299995],[112.616663481742592,-7.459408596254233],[112.61672592960052,-7.459167725945114],[112.614397516612357,-7.458186402463514],[112.614656229166599,-7.457508397148955],[112.613183974,-7.45502110999997],[112.613223413,-7.45501762999991],[112.613280253,-7.45502458999995],[112.613309252,-7.45503967],[112.613317342,-7.45504667999996],[112.613344052,-7.45506982899995],[112.613376531,-7.45511854899997],[112.613391611,-7.455131308],[112.613421771,-7.45514638799993],[112.613441491,-7.455148708],[112.61345889,-7.45514406799998],[112.61353545,-7.45509302899995],[112.613643328,-7.45502226999997],[112.613842846,-7.45480651199996],[112.61389772,-7.45474237400001],[112.61392639,-7.45470886399996],[112.613958914,-7.45465882599995],[112.61401535,-7.45461649899993],[112.614076489,-7.454600038],[112.61410941,-7.45459533499995],[112.614165846,-7.45460474099994],[112.614356318,-7.45468234099996],[112.614782695,-7.45487054599994],[112.614808435,-7.45487589499992],[112.614877554,-7.45486915199991],[112.614889067,-7.454867694],[112.61494052,-7.45485566199991],[112.615006334,-7.45484027199994],[112.615135071,-7.45481811199994],[112.615346188,-7.45475547299996],[112.615392588,-7.454729953],[112.615434347,-7.45470211399995],[112.615476107,-7.45468123399997],[112.615508586,-7.45465571399995],[112.615545706,-7.45462555399998],[112.615582825,-7.45460467499994],[112.615594425,-7.45460003499992],[112.615603705,-7.45459539499993],[112.615666344,-7.45456523499995],[112.615728984,-7.45454899499991],[112.615786983,-7.45455595499996],[112.615824103,-7.45455827499995],[112.615854262,-7.45456059499998],[112.615900662,-7.45454899499991],[112.615942421,-7.454530436],[112.615956341,-7.45451419599991],[112.615965621,-7.45449795599995],[112.615974901,-7.45445851599994],[112.615965678,-7.45442162499995],[112.61609011,-7.45418293999996],[112.616091218,-7.45418081399992],[112.61625244,-7.45387155999993],[112.61629,-7.45386],[112.61644,-7.45381],[112.61655,-7.45377],[112.61668,-7.45374],[112.6169,-7.45375],[112.61704025,-7.45375],[112.61715,-7.45375],[112.617174914,-7.45375373699994],[112.61735,-7.45378],[112.61754,-7.45382],[112.61774,-7.45387],[112.617956547074996,-7.45395661882867],[112.61799,-7.45397],[112.61822,-7.45406],[112.61827291,-7.45408164999996],[112.61831787,-7.45410003999993],[112.618328018,-7.45410419099993],[112.61844,-7.45415],[112.618538799,-7.45420645699994],[112.61858,-7.45423],[112.61863,-7.45426],[112.6189,-7.45445],[112.619060787,-7.45455336299996],[112.61918,-7.45463],[112.61933,-7.45473],[112.61942,-7.45482],[112.61955,-7.45495],[112.619651631289997,-7.45506726686837],[112.61968,-7.4551],[112.6198,-7.45525],[112.61994,-7.45536],[112.62008,-7.45542],[112.620166452,-7.45544401399996],[112.62018962,-7.45545044999996],[112.62026,-7.45547],[112.620397925,-7.45547],[112.62042,-7.45547],[112.62058,-7.45545],[112.62072994,-7.45541251499998],[112.62074,-7.45541],[112.62092,-7.45534],[112.6211,-7.45522],[112.62126,-7.45501],[112.62138,-7.45484],[112.62151,-7.4547],[112.6216,-7.45461],[112.62172,-7.45454],[112.62182,-7.45452],[112.62201,-7.45453],[112.62223,-7.45459],[112.622243106,-7.45459546099997],[112.6222917,-7.45461570999993],[112.622322098833763,-7.454628375311665],[112.62235,-7.45464],[112.62242677,-7.45470652999994],[112.6225,-7.45477],[112.62265,-7.45492],[112.62278,-7.45505],[112.62286,-7.45513],[112.62301,-7.45522],[112.623149608,-7.45525988799998],[112.62315,-7.45526],[112.62316652,-7.45526412999992],[112.62327,-7.45529],[112.6234,-7.45528],[112.62354,-7.45526],[112.62375,-7.45524],[112.62389,-7.45522],[112.624,-7.45521],[112.62411,-7.45522],[112.624166515537993,-7.45522513805593],[112.624183443,-7.45522667699993],[112.62422,-7.45523],[112.62436,-7.45526999999989],[112.62448,-7.45532],[112.624511037,-7.455333131],[112.62474,-7.45543],[112.62493202,-7.45549720999997],[112.62494,-7.4555],[112.62495755,-7.45551169999992],[112.624980626,-7.45552708399993],[112.625,-7.45554],[112.62513,-7.45565],[112.625189054133003,-7.45570669195589],[112.62538,-7.45589],[112.62567,-7.45623],[112.625670842,-7.45623193799997],[112.625687770168994,-7.4562708735299],[112.625754534,-7.45642443299996],[112.62577,-7.45646],[112.62577655,-7.45650805999997],[112.6258,-7.45668],[112.62573,-7.4569],[112.625682606,-7.45699930199991],[112.625577449,-7.45721963099993],[112.62552,-7.45734],[112.62544,-7.45752],[112.62546,-7.45782],[112.625473616,-7.45805600199998],[112.62549,-7.45834],[112.62547351,-7.45871098000001],[112.625472371,-7.45873662199991],[112.62547,-7.45879],[112.62543,-7.45909],[112.62555,-7.45938],[112.62558786,-7.4594367899999],[112.625588074,-7.45943710999995],[112.62559917,-7.45945374999997],[112.62563227,-7.45950340999995],[112.62573,-7.45965],[112.62595,-7.45979],[112.62601279,-7.45980770999993],[112.626049501,-7.45981806399995],[112.62634,-7.4599],[112.62676,-7.45999],[112.62717142,-7.46005260700002],[112.62722,-7.46006],[112.62746,-7.46014],[112.62771,-7.46027],[112.62787,-7.46046],[112.62795,-7.46056],[112.62808152,-7.46075727999994],[112.62811,-7.4608],[112.62833,-7.46096],[112.62841982,-7.46096],[112.628421716,-7.46096],[112.62874,-7.46096],[112.62903,-7.46104],[112.629237711,-7.46124771099995],[112.62926,-7.46127],[112.62947,-7.46146],[112.62968,-7.46157],[112.629827182,-7.46159676],[112.6299,-7.46161],[112.63016,-7.46146],[112.630442532,-7.46138294599994],[112.6306,-7.46134],[112.63079675,-7.4613065099999],[112.63087597,-7.46129301999997],[112.6309032,-7.46128838999992],[112.63101498,-7.46126936499996],[112.63107,-7.46126],[112.63149,-7.46116],[112.63181,-7.46112],[112.63206,-7.4612],[112.63246,-7.46152],[112.63267,-7.46173],[112.63285,-7.46178],[112.6332,-7.46177],[112.63363,-7.46165],[112.63338231,-7.4620358299999],[112.63330508,-7.46223057999996],[112.632930585,-7.46285660499996],[112.63290468,-7.46289990999996],[112.63285515,-7.46298270999996],[112.63268726,-7.46333191999996],[112.63207179,-7.46465078999995],[112.632070568,-7.46465340799993],[112.63205237,-7.46469239999994],[112.632048695,-7.46470027399993],[112.63193513,-7.46494362999992],[112.6314449,-7.46595765999997],[112.63116806,-7.46655244999995],[112.631167002,-7.46655472199993],[112.630800396223862,-7.467337407100362],[112.630360548205132,-7.467149385048655],[112.630288543,-7.46711614999997],[112.63017,-7.46706],[112.63004,-7.46702],[112.62902,-7.46663],[112.62851,-7.46638],[112.62837,-7.46631],[112.62701,-7.46562],[112.62700911,-7.46561944999996],[112.626988041,-7.46560640699995],[112.62698677,-7.46560561999995],[112.626970003,-7.46559524099992],[112.6268,-7.46549],[112.62648,-7.4653],[112.625,-7.46443],[112.62493,-7.46438],[112.62487,-7.46433],[112.624835581,-7.46431054299996],[112.62481962,-7.46430151999992],[112.62482638,-7.46430187999993],[112.62428756,-7.46396987999995],[112.62416216,-7.46389549999996],[112.624158111,-7.463901864],[112.62415468,-7.46390725599995],[112.62413924,-7.46393151999996],[112.62411,-7.46399],[112.623977290146996,-7.464260151154899]]]]}},
{"type":"Feature","properties":{"kdkab":"15","kdkec":"080","nmkab":"SIDOARJO","nmkec":"TULANGAN","kddesa":"006","kdprov":"35","nmdesa":"PANGKEMIRI","nmprov":"JAWA TIMUR","iddesa":"3515080006"},"geometry":{"type":"MultiPolygon","coordinates":[[[[112.66202277,-7.49541777999996],[112.66213467,-7.49494064999991],[112.662264378,-7.49438762499997],[112.66226509,-7.49438458999997],[112.66227635,-7.49433656999994],[112.662440827,-7.493714557],[112.66244346,-7.49370459999992],[112.66256294,-7.4932527299999],[112.662582035655191,-7.493189204931653],[112.662545329056442,-7.493092781627452],[112.66251778673832,-7.493110713172867],[112.662507526738324,-7.493117983172867],[112.66235629,-7.49321839999991],[112.66217274,-7.49334849999998],[112.662013967942997,-7.49347397607743],[112.661903922332499,-7.493564625779402],[112.661888043054972,-7.493440516942952],[112.661678626265001,-7.4936012486953],[112.661610617788995,-7.49364943347661],[112.661547568264993,-7.4936918648555],[112.661515078922562,-7.493702001594904],[112.661492311377998,-7.49370984425454],[112.661378255496004,-7.49370049496695],[112.661281910154997,-7.49368107721642],[112.661259240663,-7.49368467309607],[112.661250293772994,-7.49369582730073],[112.661158999003007,-7.49365482729575],[112.661075051040001,-7.49361059798082],[112.661005979932,-7.49357320083991],[112.660908217748002,-7.49352106060061],[112.660825332418,-7.49347683129892],[112.660752010779007,-7.49343332117712],[112.660706671794998,-7.49339987951615],[112.660661332811003,-7.49333839001702],[112.660632995946003,-7.49329272238278],[112.660559062028995,-7.49321818037644],[112.66052318,-7.49307581999996],[112.66045115,-7.49279007999996],[112.66044637,-7.49247845999997],[112.660442246,-7.49220974499995],[112.66044053,-7.49209789999997],[112.660424856,-7.492075556],[112.66027967,-7.49186858999996],[112.66005039,-7.49147056999992],[112.65998423,-7.49138551999993],[112.65998431,-7.49138412999994],[112.65998506,-7.49137138399994],[112.659832632,-7.49127318599994],[112.659620831,-7.49113017499997],[112.659434842,-7.49108604199994],[112.659420151527002,-7.49108255604393],[112.660061078064004,-7.48895475176296],[112.660091812808005,-7.48876918802951],[112.660137106115002,-7.4886197518045],[112.660174470165998,-7.48818857907483],[112.660446125,-7.48854795599993],[112.66053618,-7.48852446999998],[112.66072,-7.48855],[112.66126,-7.48876],[112.66165,-7.4889],[112.66183983,-7.48892750999994],[112.661840329,-7.48892758199997],[112.662014187973568,-7.48895277983287],[112.662879674,-7.48907821599993],[112.66288902,-7.48907956999994],[112.66290481,-7.48902165999995],[112.66415014,-7.48445510999995],[112.66425707,-7.48406301999995],[112.66429152,-7.48407173999993],[112.66452016,-7.48410770999994],[112.66475574,-7.48412086],[112.66494748,-7.48416047999994],[112.66518821,-7.48414202999992],[112.66529027,-7.48416970999992],[112.66536596,-7.48419924999998],[112.66550652,-7.48418467999993],[112.66551323,-7.48413334],[112.66561333,-7.48414589999995],[112.665634892,-7.48414860799996],[112.66566724,-7.48415266999995],[112.66571,-7.48383],[112.66571207,-7.48381653999998],[112.66584263,-7.48382553999993],[112.66607474,-7.48384921999994],[112.66648,-7.48386],[112.66667944,-7.48386447999994],[112.66688616,-7.48387137999989],[112.66713656,-7.48389432999995],[112.66736331,-7.48389697999992],[112.66753395,-7.48393492999995],[112.66774778,-7.4839306499999],[112.66775013,-7.48393059999995],[112.66775003,-7.48393129999992],[112.667749878,-7.48393232499995],[112.66773109,-7.48405938999995],[112.66751193,-7.48554191999994],[112.66723876,-7.48720072999993],[112.66711842,-7.48791167000001],[112.66704287,-7.48838209999998],[112.66685944,-7.48946369],[112.66685204,-7.48950729999996],[112.666850076,-7.48951302899997],[112.666866501294081,-7.48951206134836],[112.66697225,-7.48952301999998],[112.66705024,-7.48953320999993],[112.66709877,-7.48954967999994],[112.667336450020784,-7.489630309882188],[112.667555517764129,-7.489691546268266],[112.667553305002627,-7.491048487875545],[112.667594108531603,-7.491034970836656],[112.667752116,-7.49098962499991],[112.66784493,-7.49096290999994],[112.66784748,-7.49096216999993],[112.66801877,-7.49087753],[112.66810585,-7.49083449999993],[112.66824268,-7.49073784999996],[112.66833919,-7.49066966999991],[112.6686104,-7.49053065999993],[112.66862239,-7.49052450999994],[112.66872433,-7.49049431999991],[112.668814718,-7.49049075299996],[112.66886369,-7.49048881999994],[112.66904881,-7.49052836999994],[112.66931307,-7.49051417999995],[112.669693287387858,-7.490649683734921],[112.669860295800063,-7.490773206214466],[112.670038068431609,-7.490881950168968],[112.670409117502075,-7.491144136361019],[112.670487281057916,-7.49122987832531],[112.670623661882473,-7.49142909659617],[112.6708174,-7.49179546999997],[112.670898839614765,-7.49207196599511],[112.670969018537164,-7.492241221043286],[112.671105248210083,-7.49235474577072],[112.671220837023469,-7.492416668349321],[112.67132610540709,-7.492445565552668],[112.671421053360945,-7.492449693724575],[112.671559347119825,-7.492470334584109],[112.671745114855639,-7.492451757810529],[112.671918498075698,-7.492466206412201],[112.671994869255983,-7.492472398670061],[112.672126970756992,-7.492493039529594],[112.672238431398483,-7.492544641678428],[112.672323058922558,-7.49259108361238],[112.6724314234351,-7.492660230491818],[112.672547012248486,-7.492736601672092],[112.672612030956032,-7.492768595004369],[112.672693207444098,-7.492820586989071],[112.672412316010238,-7.493800117893592],[112.672183121026009,-7.494599371780113],[112.671004494355202,-7.498458568821283],[112.67085867,-7.49840930999994],[112.66995222,-7.49804407999993],[112.669264456839016,-7.497727122881847],[112.669125368,-7.49774447299997],[112.66910996,-7.49779276999991],[112.668404122144494,-7.499871509331607],[112.668370733599431,-7.499968639644516],[112.668375748921719,-7.500050613684843],[112.66834572,-7.50007608999992],[112.6683372,-7.50008781999998],[112.66780241,-7.50082481999991],[112.66776843,-7.50075686999998],[112.66776536,-7.50075072899992],[112.66774,-7.5007],[112.66762,-7.50066],[112.6675,-7.50057],[112.66684,-7.5],[112.6666,-7.49992],[112.66636,-7.4999],[112.66522,-7.49989],[112.66503,-7.49974],[112.6649,-7.49959],[112.66485,-7.49944],[112.66483,-7.49916],[112.66485,-7.49892],[112.66485,-7.49877],[112.66482,-7.4987],[112.66479,-7.49865],[112.6646,-7.49845],[112.66436,-7.49826],[112.66406,-7.49814],[112.664,-7.49814],[112.66351,-7.49808],[112.66327,-7.49806],[112.66282,-7.49802],[112.66231,-7.49788],[112.662076719,-7.49778954499993],[112.66204666,-7.49777788999992],[112.66182,-7.49769],[112.66149158,-7.49751612999996],[112.66190117,-7.49593627999996],[112.66195392,-7.49571137999996],[112.662021622,-7.49542267699995],[112.66202277,-7.49541777999996]]]]}},
{"type":"Feature","properties":{"kdkab":"15","kdkec":"080","nmkab":"SIDOARJO","nmkec":"TULANGAN","kddesa":"001","kdprov":"35","nmdesa":"JANTI","nmprov":"JAWA TIMUR","iddesa":"3515080001"},"geometry":{"type":"MultiPolygon","coordinates":[[[[112.61672021,-7.48271076699994],[112.616245262,-7.48262778899993],[112.616244359,-7.48262721699996],[112.616227985,-7.48261684100001],[112.615968301,-7.482452291],[112.61596459,-7.48245130999989],[112.61578078,-7.48233127999993],[112.615740468,-7.48230494999995],[112.61574007,-7.48230469],[112.6156965,-7.48227623999996],[112.61563488,-7.482236],[112.61520649,-7.48195623999994],[112.61512511,-7.48189938999995],[112.61502418,-7.48183717999996],[112.61485839,-7.48173498999994],[112.614618838,-7.48157930799992],[112.614610065772482,-7.481573607019437],[112.61436766,-7.48141606999996],[112.61405652,-7.48123086999992],[112.61399528,-7.48119442999996],[112.61384737,-7.48112755999993],[112.613746392,-7.48108191499995],[112.6137226,-7.48107115999995],[112.61367088,-7.48104777999995],[112.61344476,-7.481001],[112.6131029,-7.48088447999995],[112.613015165,-7.48084473599993],[112.61301427,-7.48084432999996],[112.61302679,-7.48077282999998],[112.6131059,-7.48032112999995],[112.613101544,-7.48018636999996],[112.61310077,-7.48016241999994],[112.6130982,-7.48008279999995],[112.613097653,-7.48006600699994],[112.6130976,-7.48006437999992],[112.61309547,-7.47999835999997],[112.61309303,-7.47992286999995],[112.613084896,-7.47967102899997],[112.613094147,-7.47957656999996],[112.613119493,-7.47913301799997],[112.613182858,-7.47882253199998],[112.613496512,-7.47811284899995],[112.613615321,-7.47781345199998],[112.613604446,-7.47765421699995],[112.61360452,-7.47765414999995],[112.613604565,-7.47765410899996],[112.613433242,-7.477536103],[112.613462643,-7.477458925],[112.613557476,-7.47726710399994],[112.61358129,-7.477200839],[112.61358183,-7.47720102599992],[112.613617849,-7.47707749299995],[112.613648183,-7.47692030499997],[112.61367547,-7.47678387099995],[112.613711852,-7.47668018199996],[112.613755511,-7.47660014099997],[112.613804627,-7.47653829099993],[112.613928327,-7.476414591],[112.614041112,-7.47632363499998],[112.614185008,-7.47622910499995],[112.614543888,-7.47568435499993],[112.61457957,-7.47552686299995],[112.614610495,-7.475343133],[112.614617771,-7.47524853899997],[112.614616328,-7.4752002129999],[112.614605694,-7.47516047499994],[112.614615338,-7.47516704099995],[112.61480129,-7.47529363999992],[112.61484397,-7.47532268999991],[112.61594063,-7.47559205999994],[112.61594385,-7.47559284999993],[112.615959912,-7.47560212499997],[112.61601674,-7.47563493999994],[112.616058666,-7.47565914499998],[112.61617982,-7.47572908999995],[112.61749364,-7.4759762599999],[112.61751031,-7.4759794],[112.617535029,-7.47598405100001],[112.61771147,-7.47601724999994],[112.61836914706771,-7.47619282844691],[112.61860656,-7.47625620999994],[112.61866232,-7.47627108999998],[112.61890715,-7.47633644999998],[112.61897991,-7.47635587999997],[112.618984971,-7.47635723099994],[112.61908642,-7.47638431999998],[112.6193508,-7.47643607999996],[112.61957735,-7.47648043999994],[112.62055848,-7.47647682999996],[112.6205988,-7.47643629199997],[112.62063605,-7.47639883999991],[112.620646063,-7.47638876899992],[112.62065157,-7.47638322999992],[112.62065623,-7.47637854999995],[112.621052286,-7.47642977299997],[112.62105822,-7.47643053999997],[112.62106774,-7.47643176999995],[112.621068633,-7.47643188599995],[112.62626343,-7.47710373699998],[112.62626786,-7.47710430999997],[112.62944355,-7.47751498999997],[112.62943135,-7.47915790999997],[112.6293863,-7.47922188999998],[112.629323889,-7.47931051799996],[112.62930598,-7.47933594999991],[112.62907867,-7.47965876999995],[112.62760645,-7.48195383999997],[112.62733947,-7.48221076999993],[112.627318857,-7.48223060799992],[112.62708678,-7.48245395999991],[112.6269297,-7.48260512999996],[112.626927785,-7.48260697299998],[112.62469706,-7.48475375999995],[112.623998648,-7.484780658],[112.62399573,-7.48478076999991],[112.62389964,-7.48478447],[112.62388723,-7.48478494999993],[112.62388423,-7.48478505999995],[112.6238457,-7.48478654999995],[112.62383135,-7.48478709999994],[112.62111041,-7.48489185999995],[112.62098502,-7.48479023999993],[112.62088031,-7.48470537999997],[112.62016808,-7.48385457999996],[112.61993602,-7.48371018999994],[112.61993447,-7.48370836999993],[112.619719823,-7.48354074499994],[112.61968751,-7.48351550999996],[112.61967261,-7.48350386999991],[112.61966058,-7.48349712999992],[112.619547,-7.48343360999994],[112.619521188,-7.48341917700001],[112.619414157,-7.48337430399994],[112.619253438,-7.48328124399994],[112.618910304,-7.48314225499998],[112.618820336,-7.48312980799997],[112.618807365,-7.483131976],[112.618634123,-7.48316092499994],[112.618468833,-7.48313810599995],[112.618136307,-7.48302820799995],[112.618138436,-7.48302405399991],[112.618138617,-7.48302369999994],[112.617757981,-7.48321071199997],[112.617596875,-7.48321486099996],[112.617492261,-7.48317129799995],[112.61717005,-7.48285183099997],[112.617002633,-7.48279933099995],[112.61672021,-7.48271076699994]]]]}},
{"type":"Feature","properties":{"kdkab":"15","kdkec":"080","nmkab":"SIDOARJO","nmkec":"TULANGAN","kddesa":"011","kdprov":"35","nmdesa":"KAJEKSAN","nmprov":"JAWA TIMUR","iddesa":"3515080011"},"geometry":{"type":"MultiPolygon","coordinates":[[[[112.634480853154471,-7.472968495787735],[112.634400633247438,-7.472984135952386],[112.63433833,-7.47303353999996],[112.634230032770802,-7.473297305382758],[112.633877715429136,-7.473201225137739],[112.63361,-7.47316],[112.633406175828995,-7.47314184397064],[112.633180861889883,-7.473085877959868],[112.632993729539137,-7.473007874888475],[112.632826474903922,-7.472909858734626],[112.632623399444384,-7.472806895984964],[112.63243793407355,-7.472730241132362],[112.632069895254389,-7.472586266065135],[112.63155,-7.47246],[112.63068,-7.47219],[112.630254048481973,-7.472063051424406],[112.629912277517803,-7.471991458704847],[112.629579164319892,-7.471965940435897],[112.629442042657942,-7.471979321361711],[112.629264175593221,-7.471981886807615],[112.629000522681508,-7.471949756767893],[112.62871886,-7.47190994999995],[112.62871796,-7.47190975399994],[112.62826,-7.47181],[112.627438367945643,-7.471510368416519],[112.626785495538215,-7.471268206100447],[112.62656962631246,-7.471184213564052],[112.626343075316541,-7.471100949128306],[112.626073507854599,-7.47101210855967],[112.625773068157756,-7.470956670555505],[112.625720824,-7.47094517999992],[112.62556,-7.47091],[112.62543423045777,-7.470880952824209],[112.625278399637921,-7.470849192596364],[112.625127875032845,-7.470767141568638],[112.624890406216082,-7.470622197175099],[112.624758691478362,-7.470542698137416],[112.624648375,-7.470486098],[112.624517849908486,-7.470415585463896],[112.624369630208363,-7.470338267788647],[112.624098477079329,-7.470215753916403],[112.62364,-7.47008],[112.623406209701201,-7.470006548627685],[112.623176375652974,-7.469919371602543],[112.62293010110325,-7.469830748010404],[112.62281,-7.46978],[112.622692539,-7.46973163099994],[112.62264,-7.46971],[112.62252902,-7.46967621999993],[112.62241,-7.46964],[112.62227,-7.46964],[112.6218388,-7.46963541],[112.621837576,-7.46963539699991],[112.6215228,-7.46963205199998],[112.621590195,-7.46919238099995],[112.621679101,-7.46885615399998],[112.621795488,-7.46839545799997],[112.621876311,-7.46810449299995],[112.621952931,-7.46772310799998],[112.6219531,-7.46772319899998],[112.622045367,-7.467224115],[112.62234,-7.46609],[112.62295,-7.4663],[112.62305,-7.46626],[112.62312,-7.46616],[112.62338,-7.46555],[112.62343,-7.46546],[112.62358,-7.46513],[112.62371,-7.4648],[112.62388,-7.46444],[112.623977290146996,-7.464260151154899],[112.62411,-7.46399],[112.62413924,-7.46393151999996],[112.62415468,-7.46390725599995],[112.624158111,-7.463901864],[112.62416216,-7.46389549999996],[112.62428756,-7.46396987999995],[112.62482638,-7.46430187999993],[112.62481962,-7.46430151999992],[112.624835581,-7.46431054299996],[112.62487,-7.46433],[112.62493,-7.46438],[112.625,-7.46443],[112.62648,-7.4653],[112.6268,-7.46549],[112.626970003,-7.46559524099992],[112.62698677,-7.46560561999995],[112.626988041,-7.46560640699995],[112.62700911,-7.46561944999996],[112.62701,-7.46562],[112.62837,-7.46631],[112.62851,-7.46638],[112.62902,-7.46663],[112.63004,-7.46702],[112.63017,-7.46706],[112.630288543,-7.46711614999997],[112.630360548205132,-7.467149385048655],[112.630800396223862,-7.467337407100362],[112.631167002,-7.46655472199993],[112.63116806,-7.46655244999995],[112.6314449,-7.46595765999997],[112.63193513,-7.46494362999992],[112.632048695,-7.46470027399993],[112.63205237,-7.46469239999994],[112.632070568,-7.46465340799993],[112.63207179,-7.46465078999995],[112.63268726,-7.46333191999996],[112.63285515,-7.46298270999996],[112.63290468,-7.46289990999996],[112.632930585,-7.46285660499996],[112.63330508,-7.46223057999996],[112.63338231,-7.4620358299999],[112.63363,-7.46165],[112.63388,-7.46172],[112.63408,-7.46189],[112.63411997,-7.46192776],[112.634128736,-7.461936038],[112.63417475,-7.46197948999998],[112.63426,-7.46206],[112.634707933780163,-7.462608251511763],[112.63492449,-7.46288116999992],[112.63501,-7.46299],[112.63533,-7.46343],[112.63543,-7.4637],[112.63533,-7.46435],[112.635251341596387,-7.464792213807373],[112.63518,-7.46519],[112.63509,-7.46583],[112.635089848714614,-7.466166682374435],[112.63526975943374,-7.466439581414313],[112.635605020306528,-7.466711515667843],[112.636,-7.46682],[112.63629452672059,-7.466788821853448],[112.636526738867914,-7.466741209020078],[112.636679379108173,-7.466618705783108],[112.636850468147998,-7.466548763179802],[112.637106952188049,-7.466528747148311],[112.637307084117523,-7.466570516696134],[112.63749141,-7.46673630999995],[112.63755507,-7.46683293999996],[112.63756092,-7.46691063],[112.63757,-7.46692],[112.63783328,-7.46717597000001],[112.63770493,-7.46761509999992],[112.63767954,-7.46770197000001],[112.63751089,-7.46804176999993],[112.63750994,-7.46809602999993],[112.63749563,-7.46811032999996],[112.63749016,-7.46842382999995],[112.63746367,-7.46854522999993],[112.63744642,-7.46862431999992],[112.63733342,-7.46893234],[112.63732066,-7.46932603999992],[112.63729149,-7.46949371999995],[112.63718578,-7.46972884],[112.63726233,-7.47013346999995],[112.63731519,-7.47041779999995],[112.63737169,-7.47049071000002],[112.63737169,-7.47069718999995],[112.63737169,-7.4710914099999],[112.63737169,-7.47110108999995],[112.63737169,-7.47111192599991],[112.63737169,-7.47112863999997],[112.637371474,-7.47114304799994],[112.63737035,-7.47121812999996],[112.63737,-7.47124110999993],[112.63736884,-7.47131809999994],[112.63736805,-7.47137104999997],[112.637320657682139,-7.471695160286819],[112.63731635,-7.47172461999997],[112.63727691,-7.47199438999994],[112.637236706914933,-7.471978832254745],[112.637187436969896,-7.471970676812037],[112.637126966479698,-7.471966027143178],[112.637063308476939,-7.471975837313849],[112.636983966597569,-7.471996450779817],[112.636903882749849,-7.47204212051419],[112.636841245059458,-7.472115088786749],[112.636706497652924,-7.472214013214915],[112.636641707950872,-7.472274442071646],[112.636588131851099,-7.47233113306095],[112.636541720843908,-7.472391109426424],[112.636486806048865,-7.472431537338729],[112.636453788219939,-7.472443685407867],[112.63638290084036,-7.472444272405991],[112.636250719970775,-7.472512414600477],[112.636178670279065,-7.472603140824548],[112.636177074419038,-7.472662819637242],[112.63615211,-7.47269656999993],[112.636109716,-7.47273575299995],[112.63603182,-7.47280774999994],[112.6359097,-7.47286971999996],[112.63576936,-7.47290071000002],[112.635577444813762,-7.472917608065201],[112.63532463,-7.47293897999996],[112.63507128,-7.47299547999993],[112.6349036,-7.47299183999996],[112.634820644990882,-7.473010912479758],[112.634709168403347,-7.472969437646154],[112.634511827276697,-7.472894166782138],[112.634480853154471,-7.472968495787735]]]]}},
{"type":"Feature","properties":{"kdkab":"15","kdkec":"080","nmkab":"SIDOARJO","nmkec":"TULANGAN","kddesa":"009","kdprov":"35","nmdesa":"KEPADANGAN","nmprov":"JAWA TIMUR","iddesa":"3515080009"},"geometry":{"type":"MultiPolygon","coordinates":[[[[112.64000112,-7.48580239999993],[112.63995035,-7.48564518999994],[112.6385635,-7.48449754999996],[112.63794805,-7.48398824999994],[112.6379458,-7.48396543],[112.63794511,-7.48394270999996],[112.6379324,-7.48382991999994],[112.63777539,-7.48379817999994],[112.63770759,-7.48367466999997],[112.63763595,-7.48354413999995],[112.63761685,-7.48352504],[112.63752968,-7.48352101899996],[112.63750129,-7.48351970999993],[112.6374927,-7.48351931000001],[112.63745067,-7.48325381],[112.63742557,-7.48323275999998],[112.63739146,-7.48320414999994],[112.63703046,-7.48331875999996],[112.63697316,-7.48328628999996],[112.63691341,-7.48307528999992],[112.63690846,-7.48306712999995],[112.63680319,-7.48289349999993],[112.63680125,-7.48285269999996],[112.63705911,-7.48274764999994],[112.63712787,-7.48261393999998],[112.63712787,-7.48244349999993],[112.63712787,-7.48238472999996],[112.63722523,-7.48232061999996],[112.6372974,-7.48225610999996],[112.63735998,-7.48213251999994],[112.6374373,-7.48197979999996],[112.6374335,-7.48197830999992],[112.637430147,-7.48197700199997],[112.63738675,-7.48196006599997],[112.63735929,-7.48194934999997],[112.63641062,-7.48157905999995],[112.63351105,-7.48060607],[112.63348765,-7.48059821999995],[112.633482906,-7.48059662799995],[112.630328717,-7.47953815099991],[112.630293925472614,-7.479526475939005],[112.63024295,-7.47950936999994],[112.629874603,-7.47938576199997],[112.629873598,-7.47938542499996],[112.62986384,-7.4793821499999],[112.62985916,-7.47938057999994],[112.62984207,-7.47937483999996],[112.6293863,-7.47922188999998],[112.62943135,-7.47915790999997],[112.62944355,-7.47751498999997],[112.62949075,-7.47752108999991],[112.629560224,-7.47515125599995],[112.62956066,-7.47513637999997],[112.62959526,-7.47395625999994],[112.62957506,-7.47379965999991],[112.62956863,-7.47368022999996],[112.629567847,-7.47366566899992],[112.62955399,-7.47340804],[112.62947412,-7.47303621999991],[112.62952686,-7.47260903999996],[112.629527389,-7.47260475899997],[112.629579164319892,-7.471965940435897],[112.629912277517803,-7.471991458704847],[112.630254048481973,-7.472063051424406],[112.63068,-7.47219],[112.63155,-7.47246],[112.632069895254389,-7.472586266065135],[112.63243793407355,-7.472730241132362],[112.632623399444384,-7.472806895984964],[112.632826474903922,-7.472909858734626],[112.632993729539137,-7.473007874888475],[112.633180861889883,-7.473085877959868],[112.633406175828995,-7.47314184397064],[112.63361,-7.47316],[112.633877715429136,-7.473201225137739],[112.634230032770802,-7.473297305382758],[112.63447,-7.4734],[112.63474759,-7.47355861999994],[112.63475,-7.47356],[112.63475868,-7.47356512999995],[112.634763378,-7.473567906],[112.63497,-7.47369],[112.63532,-7.47393],[112.63572,-7.47422],[112.6364,-7.47438],[112.6366151,-7.47442909999995],[112.63664217,-7.47443527999995],[112.636650981,-7.47443729099996],[112.63732,-7.47459],[112.6375,-7.47471],[112.637525908,-7.47473291799998],[112.63774195,-7.47492402999997],[112.63776,-7.47494],[112.6383073,-7.47542474999998],[112.63830945,-7.47542665499997],[112.63836019,-7.47547159999991],[112.63881,-7.47587],[112.63883499,-7.47588457999997],[112.63887677,-7.47590894999998],[112.63917,-7.47608],[112.63917999,-7.47608090999996],[112.63925572,-7.47612213],[112.639680098,-7.47622040599993],[112.64003486,-7.47630255999993],[112.64005624,-7.47630750999994],[112.640064879,-7.47630951099994],[112.64025365,-7.47635323000001],[112.64054,-7.47644],[112.64098,-7.47662],[112.64112753,-7.47672381999995],[112.641129668,-7.47672532499995],[112.64125,-7.47681],[112.64127746,-7.47682671999998],[112.641471953,-7.47694510199995],[112.64148,-7.47695],[112.64151996,-7.47697283999997],[112.64155,-7.47699],[112.64156288,-7.47699901999994],[112.641817245,-7.47711752899992],[112.64186977,-7.477142],[112.64203151,-7.4772586],[112.6423249,-7.47738648999996],[112.64254307,-7.47751814000002],[112.6427349,-7.47756703999991],[112.64276525,-7.47758754999994],[112.64285673,-7.47764935999992],[112.64287408,-7.47766107999996],[112.642977278,-7.47765469999998],[112.642970415,-7.47771921199996],[112.643139631,-7.47786883399989],[112.643280348,-7.47797036399994],[112.643394346,-7.478064768],[112.643433533,-7.478064768],[112.643529718,-7.47810395499994],[112.643665091,-7.47817698499994],[112.643752371,-7.47823398399992],[112.643774893705995,-7.47830552870042],[112.643776360730996,-7.47830546251182],[112.643856177190997,-7.47828559109458],[112.643938837468994,-7.47828020223581],[112.644091054452005,-7.47825867042331],[112.64409207,-7.47825925999996],[112.64409962,-7.47826364999996],[112.64415067,-7.47829328999995],[112.644180034,-7.47831033999991],[112.64461,-7.47856],[112.64501314,-7.47879821999991],[112.64501923,-7.47880168999997],[112.64504363,-7.47881557999994],[112.64499619,-7.47893606999997],[112.64515719,-7.4790419199999],[112.64537686,-7.47919812999992],[112.645639306,-7.47934470099995],[112.64564036,-7.47934528999996],[112.64567231,-7.47936313999996],[112.64568672,-7.47937118999993],[112.64578292,-7.47942491999991],[112.64595748,-7.47951219],[112.64604164,-7.47955426999992],[112.646053489,-7.47956019799993],[112.64605939,-7.47956314999994],[112.64645033,-7.47972297999998],[112.64679808,-7.48002753],[112.64712206,-7.48029535999998],[112.64725366,-7.48036824999997],[112.64725372,-7.48036827999994],[112.64726252,-7.48037315999996],[112.647278146,-7.480381818],[112.64729268,-7.48038986999995],[112.64717431,-7.48062661999994],[112.64709239,-7.48088033999993],[112.64695175,-7.48131591000002],[112.646945791,-7.48133437299997],[112.64694089,-7.48134955999994],[112.646940113,-7.48135196399995],[112.64693298,-7.48137403999994],[112.64691861,-7.48142981999997],[112.64681349,-7.48183795999994],[112.646740418665345,-7.482073409252275],[112.646714968,-7.48215540599997],[112.64670805,-7.48217769999994],[112.646695847020482,-7.48217556018427],[112.646322733136927,-7.483248262599504],[112.646198599,-7.48325373899994],[112.646145255,-7.48325207199998],[112.64613489,-7.48327657999997],[112.64553976,-7.48333983999991],[112.645509886,-7.48334576299994],[112.64549502,-7.48334870999996],[112.64545089,-7.48335745],[112.64527968,-7.48339138999998],[112.64501517,-7.48336934999997],[112.6449485,-7.48336378999996],[112.644913392,-7.48336086699994],[112.64488605,-7.48335858999996],[112.64406559,-7.48350466999994],[112.64392541,-7.48352962999997],[112.64340057,-7.48352259999996],[112.643328287,-7.48354960799997],[112.64332475,-7.48355092999995],[112.64315088,-7.48361588999997],[112.64297414,-7.48368192000002],[112.64276093,-7.48377329999993],[112.64272186,-7.48380020999996],[112.642335176,-7.48406652599995],[112.64231856,-7.48407796999994],[112.64231768,-7.48407856999994],[112.64228295,-7.48417981999995],[112.642254322,-7.48426025899993],[112.64169958,-7.48581898],[112.641368293,-7.48674984199992],[112.6413583,-7.48677791999993],[112.64108191,-7.48666418999997],[112.64101577,-7.4866080359999],[112.640473848,-7.48614793299997],[112.64001859,-7.48576140999994],[112.64000112,-7.48580239999993]]]]}},
{"type":"Feature","properties":{"kdkab":"15","kdkec":"080","nmkab":"SIDOARJO","nmkec":"TULANGAN","kddesa":"019","kdprov":"35","nmdesa":"GRINTING","nmprov":"JAWA TIMUR","iddesa":"3515080019"},"geometry":{"type":"MultiPolygon","coordinates":[[[[112.64126389,-7.46426836999996],[112.64095795,-7.46415181999992],[112.640911773,-7.46414823499994],[112.640909192,-7.46414803499993],[112.64089483,-7.46414692],[112.64011297,-7.46408625999993],[112.64001827,-7.46402069999995],[112.63994543,-7.46389686999994],[112.63980703,-7.4638458699999],[112.63969048,-7.46391142999994],[112.639686076,-7.46391102999995],[112.63961035,-7.46390414999995],[112.63947923,-7.46382401999993],[112.63934555,-7.46361997999998],[112.639340587732434,-7.463618482318298],[112.63877553,-7.46344793999997],[112.637994438,-7.46322679899993],[112.63605361,-7.46263271999992],[112.636045415654621,-7.462638427452571],[112.636025884263361,-7.462641682684448],[112.635935530372919,-7.462575106133596],[112.635849931950403,-7.462484752243155],[112.635769088995787,-7.462327821801861],[112.635400479841095,-7.462356187175563],[112.635252232431611,-7.462386885698847],[112.635143167984211,-7.462357935577878],[112.635038678629698,-7.462387610380354],[112.634931913051943,-7.462391309499266],[112.634919287345596,-7.462313785033823],[112.634960274369178,-7.462108732587798],[112.63507,-7.46149],[112.63513522,-7.46145738999998],[112.6353283,-7.46050486999998],[112.63556868,-7.45905529],[112.63575906,-7.45799889999992],[112.63586734,-7.4573981],[112.63593846,-7.45701803999998],[112.63596134,-7.45689575999998],[112.635965743,-7.456872238],[112.63598389,-7.45677528999993],[112.6360713,-7.45661867999998],[112.63603124,-7.45648391999993],[112.63608587,-7.45625446],[112.6361281,-7.45614464999994],[112.636204629,-7.45594567399994],[112.63620998,-7.45593175999997],[112.63623156,-7.45587567999997],[112.636273133,-7.45580745599996],[112.63643332,-7.45554457999997],[112.63661,-7.45534],[112.636610416,-7.45533942699994],[112.63667904,-7.45524475999995],[112.636679315,-7.45524438099994],[112.63672247,-7.45518486],[112.63676606,-7.45512473],[112.6369,-7.45494],[112.63701295,-7.45474232999992],[112.63702,-7.45473],[112.63718,-7.45442],[112.63722,-7.45435],[112.63726,-7.45424],[112.63729,-7.4541],[112.63729223,-7.45409534999993],[112.63751909,-7.45362271999995],[112.637519629,-7.45362159699995],[112.63753,-7.4536],[112.637686165,-7.45350629899997],[112.63769978,-7.45349812999997],[112.63773,-7.45348],[112.63802917,-7.45339689999998],[112.63809,-7.45338],[112.63829,-7.45324],[112.63876,-7.4529],[112.638780357,-7.4529],[112.63887,-7.4529],[112.63911,-7.45299],[112.63934,-7.45309],[112.63946,-7.45313],[112.63954,-7.45311],[112.63978,-7.453],[112.64012,-7.45282],[112.640340926,-7.45270182999994],[112.64055,-7.45259],[112.64111,-7.45237],[112.64118,-7.45224],[112.641236009,-7.45214398399994],[112.64123894,-7.45213895999995],[112.64125,-7.45212],[112.64132,-7.45209],[112.64134184,-7.45209623999998],[112.641347038,-7.45209772499994],[112.64139,-7.45211],[112.6416066,-7.45221830000001],[112.64177103,-7.45230050999994],[112.641848202,-7.45233909899996],[112.64193,-7.45238],[112.64225,-7.45242],[112.64242,-7.45246],[112.64259,-7.45257],[112.64281,-7.45269],[112.64313,-7.45276],[112.64365,-7.45286],[112.64372241,-7.45296861999998],[112.64391039,-7.4532561199999],[112.64391148,-7.45325866999998],[112.643917234,-7.45327217199998],[112.64392908,-7.45329996999996],[112.64399082,-7.45344479999993],[112.64400075,-7.45346304999991],[112.64400423,-7.45346944999991],[112.644018996,-7.45349657399993],[112.64404778,-7.45354945],[112.64445534,-7.45429823999997],[112.64445985,-7.45432125999998],[112.644461251,-7.45432842099996],[112.64460651,-7.45507061999996],[112.64473044,-7.45529133999996],[112.64489737,-7.45568956999994],[112.644901424,-7.45569924999993],[112.64490758,-7.45571394999996],[112.64528574,-7.45578033999995],[112.645286493,-7.45579474899993],[112.64531596,-7.45635887999991],[112.64532289,-7.45649166999994],[112.645325988,-7.456550971],[112.64534195,-7.45685651000001],[112.64534842,-7.45698049999989],[112.645361315,-7.45722740299995],[112.64543812,-7.45869800999998],[112.64544434,-7.45881707999997],[112.64549396,-7.46028524999998],[112.64549422,-7.46029295899997],[112.64549991,-7.46046142999995],[112.645483667,-7.46104654099996],[112.645483325,-7.46105886699996],[112.64546998,-7.46153958999998],[112.645464491506686,-7.461737236071967],[112.64546361,-7.46176897999993],[112.64549739,-7.46178478999998],[112.645532719,-7.46180132199992],[112.64586994,-7.46195911999994],[112.64686381,-7.46242417],[112.64708677,-7.46252849999996],[112.647162947,-7.462564147],[112.64718458,-7.46257426999997],[112.647203846,-7.46258328499996],[112.647431165,-7.46268964799997],[112.647743811433998,-7.46283593693477],[112.64793843,-7.462927],[112.64816784,-7.46309612999992],[112.648311421,-7.46311664199995],[112.648309626,-7.46315253899996],[112.648307286,-7.46319932799997],[112.648261276,-7.46320901399994],[112.648295179,-7.46325744599992],[112.648316973,-7.46326228899994],[112.648319394,-7.46341242699995],[112.648215266,-7.46339305499994],[112.648154727,-7.46344148599994],[112.648135354,-7.46348507499993],[112.648135354,-7.46352624199994],[112.648128089,-7.46358920299996],[112.648171678,-7.4636109969999],[112.648181926,-7.46409879499994],[112.648241718,-7.46432122399995],[112.648327419,-7.464547378],[112.64831586,-7.46454958999992],[112.64830167,-7.46455230999994],[112.648284,-7.46467392999994],[112.64825683,-7.46486103999996],[112.64823931,-7.46494489999996],[112.6480293,-7.46514480999998],[112.64793703,-7.46521965999994],[112.64775316,-7.46536881],[112.64775952,-7.46537741],[112.64775882,-7.46537736999993],[112.647767378,-7.46538865899993],[112.647779884,-7.465405157],[112.64778213,-7.46540811999995],[112.647743947,-7.465406338],[112.64756741,-7.46539809999994],[112.64564127,-7.46629397999993],[112.64557986,-7.46632254999997],[112.64558318,-7.46639053999994],[112.64558714,-7.46647187999997],[112.64410478,-7.46600931999996],[112.64359488,-7.46572522999997],[112.642637536,-7.46519549899995],[112.64250223,-7.46512062999996],[112.641743378,-7.46463515799995],[112.64132945,-7.46437034999997],[112.64126389,-7.46426836999996]]]]}},
{"type":"Feature","properties":{"kdkab":"15","kdkec":"080","nmkab":"SIDOARJO","nmkec":"TULANGAN","kddesa":"005","kdprov":"35","nmdesa":"JIKEN","nmprov":"JAWA TIMUR","iddesa":"3515080005"},"geometry":{"type":"MultiPolygon","coordinates":[[[[112.6544526,-7.50986685000002],[112.65433842,-7.50967812999995],[112.65432306,-7.50965345999998],[112.65375397,-7.50873966999996],[112.65346184,-7.50829744],[112.65324995,-7.50798847999995],[112.65280033,-7.50731381000001],[112.65257708,-7.50701056999997],[112.65237081,-7.50668168999996],[112.652231759190656,-7.506489486435912],[112.65230015821399,-7.506187390749554],[112.652329297752786,-7.505885955551585],[112.652332457752777,-7.505851095551535],[112.652395156857494,-7.505664898210258],[112.652616503696876,-7.505339052863022],[112.652710197287021,-7.505230689376015],[112.652785601282332,-7.505122455955821],[112.652857800251397,-7.505016057475091],[112.652971798623611,-7.504853609794691],[112.65419839,-7.50478453999992],[112.65428006688343,-7.504781599689694],[112.654382169097119,-7.504775128422629],[112.654604349266336,-7.504765062007194],[112.654850257414807,-7.504759309769804],[112.65508134,-7.50475033999992],[112.655198267776981,-7.504751400443392],[112.655406786382414,-7.504738457909261],[112.655715969142207,-7.504726953434478],[112.656109973064133,-7.50471119508613],[112.656353407105186,-7.504190029657958],[112.65647310738882,-7.503920202140339],[112.6565,-7.50385],[112.656541774722726,-7.503717795287131],[112.656587433107021,-7.503583696252943],[112.65683,-7.50269],[112.656870634,-7.50252239399992],[112.65689225,-7.50243322999995],[112.656909418955053,-7.502362397178635],[112.65691,-7.50236],[112.65701,-7.50205],[112.65708,-7.50182],[112.657141281,-7.50167858199998],[112.65721,-7.50152],[112.65726,-7.50141],[112.657469774,-7.501057595],[112.65747467,-7.50104936999996],[112.65747938,-7.50104144999994],[112.65751,-7.50099],[112.65759,-7.50087],[112.65776975,-7.50057041000001],[112.65777838,-7.50055631299994],[112.657809,-7.5005062999999],[112.65807,-7.50008],[112.65811,-7.50001],[112.65883,-7.49876],[112.65898,-7.49851],[112.659370595,-7.49781504499992],[112.659373794,-7.49751751499998],[112.659487029,-7.49723847199994],[112.659685854,-7.49699475099993],[112.65972507,-7.49701931999992],[112.65979,-7.49706],[112.65985,-7.4971],[112.66,-7.49714],[112.66029,-7.49716],[112.66065,-7.49713],[112.660915846,-7.49717691399998],[112.66099,-7.49719],[112.66123,-7.49734],[112.66148,-7.49751],[112.66149158,-7.49751612999996],[112.66182,-7.49769],[112.66204666,-7.49777788999992],[112.662076719,-7.49778954499993],[112.66231,-7.49788],[112.66282,-7.49802],[112.66327,-7.49806],[112.66351,-7.49808],[112.664,-7.49814],[112.66406,-7.49814],[112.66436,-7.49826],[112.6646,-7.49845],[112.66479,-7.49865],[112.66482,-7.4987],[112.66485,-7.49877],[112.66485,-7.49892],[112.66483,-7.49916],[112.66485,-7.49944],[112.6649,-7.49959],[112.66503,-7.49974],[112.66522,-7.49989],[112.66636,-7.4999],[112.6666,-7.49992],[112.66684,-7.5],[112.6675,-7.50057],[112.66762,-7.50066],[112.66774,-7.5007],[112.66776536,-7.50075072899992],[112.66776843,-7.50075686999998],[112.66780241,-7.50082481999991],[112.6683372,-7.50008781999998],[112.66834572,-7.50007608999992],[112.668375748921719,-7.500050613684843],[112.668435993028424,-7.500009616495274],[112.668499734796271,-7.500015687139831],[112.66867881881069,-7.50007335826312],[112.668851418000031,-7.500127278999969],[112.668814334000103,-7.500191997999934],[112.668782019768173,-7.500545350877411],[112.66874559590083,-7.500976366640942],[112.668654536232481,-7.50161985496396],[112.668520982052243,-7.502742924206964],[112.668502770118579,-7.503082880302143],[112.6685201809305,-7.503399825303757],[112.668515890870836,-7.503519946974274],[112.668550211348119,-7.503708709599374],[112.66860169206403,-7.503940372821087],[112.668648882720305,-7.504167745983138],[112.668764714331161,-7.504425149562818],[112.668824775166442,-7.504652522724868],[112.668897706180687,-7.504905636244887],[112.668957767015939,-7.505094398869986],[112.669000667612551,-7.505300321733731],[112.669137949521712,-7.505514824716799],[112.669275231430873,-7.505755068057834],[112.669399643161029,-7.505930960503949],[112.669446833817304,-7.506132593308031],[112.669519764831549,-7.506402867066695],[112.66956266542816,-7.506617370049763],[112.669691367217993,-7.506900513987411],[112.669794328649871,-7.507230848581334],[112.669850099425474,-7.507355260311513],[112.669910160260727,-7.507591213592886],[112.669983091274972,-7.507810006635614],[112.670017411752269,-7.507990189141391],[112.665358212818759,-7.506871686691604],[112.664919739935485,-7.506765630073629],[112.664462609925181,-7.506603639318029],[112.664212379585308,-7.506499112720358],[112.6640555896888,-7.50644051447621],[112.663856038911419,-7.506377165023075],[112.663711918905548,-7.506356576450806],[112.663447434938718,-7.506301145679315],[112.663116434046088,-7.506271054689075],[112.66269595205091,-7.506206121499614],[112.662583506771597,-7.506189096334085],[112.662440178633872,-7.506187116663674],[112.662410641733544,-7.506210438403052],[112.662365855310227,-7.506259939186724],[112.662272746693318,-7.506310618560484],[112.662236210400607,-7.506316511510921],[112.662196138337606,-7.506309439970397],[112.662158423454798,-7.506308261380309],[112.662059421887449,-7.506288225348823],[112.661968670450719,-7.506269367907423],[112.661863775932929,-7.506269367907423],[112.661795417707864,-7.506265832137162],[112.661774028139391,-7.5062665503405],[112.661761736135674,-7.506265744381176],[112.66172135,-7.50642130999995],[112.66165804,-7.50668126999992],[112.66163085,-7.50679292999996],[112.661488095,-7.50697056299994],[112.661104666246004,-7.507019152456231],[112.660889655,-7.506870539],[112.660765636055118,-7.507138320909159],[112.660722972812508,-7.507255420434332],[112.660666161850585,-7.507433171793972],[112.660632327840347,-7.507567252957715],[112.660593798474508,-7.507923431176956],[112.660531410048677,-7.507912162047902],[112.660468086330141,-7.508133258421064],[112.660493845130887,-7.508182092814167],[112.660531946690341,-7.508210534823336],[112.660549655865864,-7.50825346615793],[112.660523360423454,-7.508452023580431],[112.660531946690369,-7.508486368648106],[112.66057487802496,-7.508518567149053],[112.660565218474645,-7.508579744300845],[112.660551265790943,-7.508636628319187],[112.660515847439868,-7.508753616205953],[112.660502147380981,-7.508841191809246],[112.660383833585982,-7.508753616205953],[112.66015877,-7.50870730999998],[112.65970755,-7.50859980999996],[112.65936091,-7.50836961999996],[112.65895336,-7.50823574999992],[112.6586973,-7.50821883],[112.65851558,-7.50820682999993],[112.658157776665988,-7.508200967022147],[112.65808225,-7.50819972999997],[112.65758353,-7.50826276000001],[112.65730765,-7.50822448999995],[112.65705324,-7.50807694],[112.65680329,-7.5079512099999],[112.65661914,-7.50786454999994],[112.65654428,-7.50783909999997],[112.65640118,-7.50774686999996],[112.655859937,-7.50739803999995],[112.65577737,-7.50734481999993],[112.65460512,-7.51002821999996],[112.65456204,-7.51004713000001],[112.6544526,-7.50986685000002]]]]}},
{"type":"Feature","properties":{"kdkab":"15","kdkec":"080","nmkab":"SIDOARJO","nmkec":"TULANGAN","kddesa":"002","kdprov":"35","nmdesa":"KEBARON","nmprov":"JAWA TIMUR","iddesa":"3515080002"},"geometry":{"type":"MultiPolygon","coordinates":[[[[112.63007002,-7.49223857999994],[112.63002329,-7.49222673999998],[112.62864362,-7.49187739999998],[112.62849658,-7.49183909999995],[112.62803244,-7.49170259999993],[112.62760461,-7.49161404999995],[112.626502377154168,-7.4913080680564],[112.626411477,-7.49128283399996],[112.626158851,-7.49121270399998],[112.626125408,-7.49120341799994],[112.6260458,-7.49118131999994],[112.623619612,-7.49050780799998],[112.62339498,-7.49044544999995],[112.62265134,-7.49026077999995],[112.62215688,-7.49012000999995],[112.62181368,-7.49003978999996],[112.62024459,-7.48962184999993],[112.62011346,-7.48959139999993],[112.62004047,-7.48957444999994],[112.62001057,-7.48967816999993],[112.62004146,-7.48956871999994],[112.62000543,-7.48932830999997],[112.62000759,-7.48924875999994],[112.62001,-7.48916],[112.62002,-7.48909],[112.62000736,-7.4890017],[112.62077119,-7.48533789999992],[112.62098502,-7.48479023999993],[112.62111041,-7.48489185999995],[112.62383135,-7.48478709999994],[112.6238457,-7.48478654999995],[112.62388423,-7.48478505999995],[112.62388723,-7.48478494999993],[112.62389964,-7.48478447],[112.62399573,-7.48478076999991],[112.623998648,-7.484780658],[112.62469706,-7.48475375999995],[112.626927785,-7.48260697299998],[112.6269297,-7.48260512999996],[112.62708678,-7.48245395999991],[112.627318857,-7.48223060799992],[112.62733947,-7.48221076999993],[112.62760645,-7.48195383999997],[112.62907867,-7.47965876999995],[112.62930598,-7.47933594999991],[112.629323889,-7.47931051799996],[112.6293863,-7.47922188999998],[112.62984207,-7.47937483999996],[112.62985916,-7.47938057999994],[112.62986384,-7.4793821499999],[112.629873598,-7.47938542499996],[112.629874603,-7.47938576199997],[112.63024295,-7.47950936999994],[112.630293925472614,-7.479526475939005],[112.630328717,-7.47953815099991],[112.633482906,-7.48059662799995],[112.63348765,-7.48059821999995],[112.63351105,-7.48060607],[112.63641062,-7.48157905999995],[112.63735929,-7.48194934999997],[112.63738675,-7.48196006599997],[112.637430147,-7.48197700199997],[112.6374335,-7.48197830999992],[112.6374373,-7.48197979999996],[112.63735998,-7.48213251999994],[112.6372974,-7.48225610999996],[112.63722523,-7.48232061999996],[112.63712787,-7.48238472999996],[112.63712787,-7.48244349999993],[112.63712787,-7.48261393999998],[112.63705911,-7.48274764999994],[112.63680125,-7.48285269999996],[112.63680319,-7.48289349999993],[112.63690846,-7.48306712999995],[112.63691341,-7.48307528999992],[112.63697316,-7.48328628999996],[112.63703046,-7.48331875999996],[112.63739146,-7.48320414999994],[112.63742557,-7.48323275999998],[112.63745067,-7.48325381],[112.6374927,-7.48351931000001],[112.63750129,-7.48351970999993],[112.63752968,-7.48352101899996],[112.63761685,-7.48352504],[112.63763595,-7.48354413999995],[112.63770759,-7.48367466999997],[112.63777539,-7.48379817999994],[112.6379324,-7.48382991999994],[112.63794511,-7.48394270999996],[112.6379458,-7.48396543],[112.63794805,-7.48398824999994],[112.6385635,-7.48449754999996],[112.63995035,-7.48564518999994],[112.64000112,-7.48580239999993],[112.63887462,-7.488445],[112.6388535,-7.48849453999997],[112.638771646,-7.48868654699994],[112.63877075,-7.48868864999996],[112.63876115,-7.48871117999993],[112.63875713,-7.48872059999998],[112.638754908,-7.48872582199992],[112.63875367,-7.48872872999995],[112.63874151,-7.48875723999993],[112.63766617,-7.49127977999996],[112.6375933,-7.49123402999992],[112.6374747,-7.49120562999997],[112.63738219,-7.49119731999998],[112.63705815,-7.49109758],[112.63692795,-7.49105767999992],[112.63682105,-7.49106384999993],[112.63670238,-7.49101525999993],[112.63661536,-7.49092905],[112.63627991,-7.49087261999996],[112.63615817,-7.490775],[112.63605397,-7.49073212],[112.63585455,-7.49072709999998],[112.63562013,-7.49063855999998],[112.63544368,-7.49059306000002],[112.63528189,-7.49055594999997],[112.63511645,-7.49041544999998],[112.63506445,-7.49042141999996],[112.63494907,-7.49047952999998],[112.63482509,-7.49055497999996],[112.63477582,-7.49051766999998],[112.63465098,-7.49036526999992],[112.63448618,-7.49034568999996],[112.634095152,-7.49022262099993],[112.63406954,-7.49021455999996],[112.63403458,-7.49024128999997],[112.63385341,-7.49037976999994],[112.63366821,-7.49031410999992],[112.63350334,-7.49027434999995],[112.6332596,-7.49028305999996],[112.633257543,-7.49028758899995],[112.63303265,-7.49078267999994],[112.6326208,-7.49175170999995],[112.6323639,-7.49229351],[112.63222099,-7.49263113999995],[112.63207406,-7.49288255999995],[112.632049384,-7.49292478499997],[112.63203431,-7.49295057999995],[112.632033121,-7.492952615],[112.631948459834518,-7.492954795880922],[112.631822736879741,-7.492967597119056],[112.631773726247161,-7.492999710118251],[112.631768932247155,-7.492999728118301],[112.631501925582398,-7.493017931649739],[112.631418857044309,-7.493023264396878],[112.631336554376645,-7.493179867779209],[112.631347123,-7.49326368999993],[112.63108447,-7.49324354],[112.631063931,-7.49324519299995],[112.6304277,-7.49329640999996],[112.630110770066082,-7.493451103406326],[112.630039521954444,-7.493501646938476],[112.629883019692258,-7.493518088810389],[112.629947569263436,-7.493231878447567],[112.630018208416814,-7.492927399338182],[112.63011503277356,-7.492640580017137],[112.630156441932442,-7.492537057119947],[112.63008233,-7.49228098399996],[112.63007002,-7.49223857999994]]]]}},
{"type":"Feature","properties":{"kdkab":"15","kdkec":"080","nmkab":"SIDOARJO","nmkec":"TULANGAN","kddesa":"017","kdprov":"35","nmdesa":"GROGOL","nmprov":"JAWA TIMUR","iddesa":"3515080017"},"geometry":{"type":"MultiPolygon","coordinates":[[[[112.65537317,-7.46626525999995],[112.65515669,-7.46611808999997],[112.65463641,-7.46572232999993],[112.65439939,-7.46552938999996],[112.65387434,-7.46510198999991],[112.6537136,-7.46497114999993],[112.65367584,-7.46489370999996],[112.65368576,-7.46479068999997],[112.65376787,-7.46393802999993],[112.65381253,-7.46367877999996],[112.65395364,-7.46285972999991],[112.654174748,-7.46160983899998],[112.654215084,-7.46138182799997],[112.654222486,-7.46133998199997],[112.65422586,-7.46132090999995],[112.65423876,-7.46124800999996],[112.65401,-7.46118],[112.65363,-7.46116],[112.65349302,-7.46115279199993],[112.65313516,-7.46113395999995],[112.65306,-7.46113],[112.65233,-7.46103],[112.65206,-7.461],[112.65206043,-7.46099648999994],[112.652048683,-7.46099561899998],[112.6520155,-7.46099315999996],[112.65202032,-7.46095776999994],[112.65202245,-7.46095797999994],[112.65218151,-7.45972833999994],[112.65250276,-7.45732821999994],[112.652619465,-7.45660297499996],[112.65262191,-7.45658777999993],[112.6526281,-7.45654927999994],[112.65263199,-7.45652511],[112.65256571,-7.45648442999996],[112.65255076,-7.45647525999994],[112.652551986,-7.45647072499998],[112.652509339,-7.45645703499994],[112.65241974,-7.45640073299995],[112.652364044,-7.45639649599994],[112.652284737,-7.45630810799996],[112.652120069,-7.456182186],[112.651985671,-7.4561168029999],[112.651781152,-7.45608348199994],[112.65177015,-7.45608168999996],[112.651733674,-7.45607600099989],[112.651902021,-7.45510251999996],[112.6518935,-7.45510257999994],[112.651939883,-7.45484745999994],[112.65194655,-7.45481078999995],[112.65200796,-7.45447300999997],[112.65203131,-7.45434170999995],[112.6521381,-7.45374101999992],[112.65236034,-7.45380004999996],[112.65344,-7.45395],[112.653520929,-7.45395578099993],[112.65398622,-7.45398901999992],[112.65414,-7.454],[112.65452,-7.45405],[112.65454861,-7.45405595999996],[112.655,-7.45415],[112.655096081,-7.45416298399992],[112.65537,-7.4542],[112.65563,-7.45424],[112.6565,-7.45443],[112.65663251,-7.45445337999998],[112.65675612,-7.45447519999994],[112.6567741,-7.45447836999992],[112.65682668,-7.45448672999989],[112.65683937,-7.45448874999993],[112.656864759,-7.45449465999998],[112.65704033,-7.45453552999994],[112.65706,-7.45454],[112.65719087,-7.45456308999998],[112.65757179,-7.45462989999996],[112.65903282,-7.45495986999994],[112.65953255,-7.45508003],[112.66054344,-7.45529937999992],[112.660701868,-7.45533403699992],[112.660837826,-7.45537603099993],[112.660836214,-7.455400535],[112.66082684,-7.45554301999993],[112.66083333,-7.45569634999993],[112.66082865,-7.45597714999997],[112.66082386,-7.45622929999994],[112.66081271,-7.45636110999994],[112.66080737,-7.45642418999994],[112.66071128,-7.45682566999994],[112.66070032,-7.45686189999997],[112.66062623,-7.45710676999996],[112.66058684,-7.45731893999994],[112.66054062,-7.45752232999996],[112.66053601,-7.45754260999994],[112.66050716,-7.45766688999994],[112.66047459,-7.45780715999994],[112.66047092,-7.45782297999995],[112.66046,-7.45787],[112.66046366,-7.45788739999995],[112.660464357,-7.457890695],[112.6605,-7.45806],[112.6605,-7.4583],[112.66049669,-7.45834634999994],[112.66049468,-7.45837450999996],[112.66033775,-7.45901316999995],[112.6603062,-7.45914224999996],[112.6601783,-7.45966555999998],[112.66016813,-7.45970716999992],[112.66032571,-7.45978645],[112.660334941,-7.45979109399995],[112.66049599,-7.45987211999993],[112.66094462,-7.46008817999994],[112.66119194,-7.46020758999992],[112.66147678,-7.46038128999991],[112.66213237,-7.46067106999993],[112.66278199,-7.46090356999996],[112.66301766,-7.46097717000001],[112.663142514,-7.46104056899997],[112.663334728,-7.46113817199996],[112.66333691,-7.46113927999994],[112.66342199,-7.46120669999994],[112.663451688,-7.46123023199995],[112.66346799,-7.46124314999995],[112.66348087,-7.46125334999993],[112.66357862,-7.46129308999997],[112.66365897,-7.46128705999994],[112.663720707,-7.46132594800001],[112.66378558,-7.46136680999993],[112.66386045,-7.46142955999994],[112.66403888,-7.4615492199999],[112.664231025114589,-7.461729863173912],[112.66440176,-7.46186301999994],[112.664439043613186,-7.461886941012131],[112.6645810575029,-7.46197805653709],[112.664706757249547,-7.462059469449403],[112.66507507,-7.46221333999994],[112.665095502,-7.46222183199995],[112.665410888,-7.46232301799995],[112.665508249,-7.46239603999994],[112.665558803,-7.46246531599992],[112.665594886,-7.46251718599996],[112.665752482,-7.46274372999991],[112.665790971,-7.462799058],[112.665944532,-7.46344507199994],[112.665956693,-7.46356911599994],[112.665977818,-7.46378459099997],[112.665758129,-7.46419733799994],[112.665732997,-7.46422521899995],[112.665332067,-7.46467000099994],[112.665279767,-7.46476297899993],[112.665032492,-7.46520257899995],[112.664836613,-7.46554956399993],[112.664799489,-7.465615327],[112.664652757,-7.46615710799995],[112.664639638,-7.466199713],[112.664641196,-7.466199794],[112.664861112387001,-7.46621119275299],[112.664746442379993,-7.46724892],[112.664316561,-7.46724892],[112.66412163,-7.46724892],[112.66397285,-7.46722030999995],[112.663799,-7.46719070999992],[112.66379363,-7.4671898],[112.66379009,-7.46718959999994],[112.66275978,-7.46710967999996],[112.66246986,-7.46706962999998],[112.66246802,-7.46707077],[112.662133773,-7.46702478999989],[112.66205766,-7.46701431999998],[112.661956812,-7.46726966399995],[112.66190673,-7.46739646999993],[112.661796191,-7.46759730299997],[112.661725421201709,-7.467725880995694],[112.66167872,-7.46781072999994],[112.661649482,-7.46785609999994],[112.66162687,-7.46789118999993],[112.66144469,-7.46774544999998],[112.66103364,-7.46824],[112.66125132,-7.46834795999997],[112.661222849,-7.46836314599994],[112.66121008,-7.46837010999998],[112.66079259,-7.46845148999995],[112.66041044,-7.46855425999994],[112.66010215,-7.46860402999993],[112.6600619,-7.46860905999995],[112.66004242,-7.46861149999994],[112.65999,-7.46862],[112.65985078,-7.46862928],[112.659847107,-7.46862952499996],[112.65984,-7.46863],[112.65882,-7.46869],[112.65847,-7.46871],[112.65844,-7.46866],[112.6584,-7.46858],[112.65837,-7.46852],[112.65833,-7.46843],[112.658294058,-7.46836410799995],[112.65827464,-7.46832850999993],[112.65827,-7.46832],[112.65823814,-7.46832],[112.65810441,-7.46834979999995],[112.65803374,-7.46833969999993],[112.65798729,-7.46822863999995],[112.65800331,-7.46814319999994],[112.65801152,-7.46809941],[112.65801152,-7.46803074999994],[112.65794489,-7.46797622999998],[112.65789112,-7.46797715999996],[112.65771276,-7.46798026799996],[112.65770246,-7.46797295999995],[112.65764127,-7.46792917999994],[112.65612955,-7.4668474499999],[112.655525285,-7.466382354],[112.65549086,-7.46635584999997],[112.65537317,-7.46626525999995]]]]}},
{"type":"Feature","properties":{"kdkab":"15","kdkec":"080","nmkab":"SIDOARJO","nmkec":"TULANGAN","kddesa":"010","kdprov":"35","nmdesa":"TLASIH","nmprov":"JAWA TIMUR","iddesa":"3515080010"},"geometry":{"type":"MultiPolygon","coordinates":[[[[112.61617982,-7.47572908999995],[112.616058666,-7.47565914499998],[112.61601674,-7.47563493999994],[112.615959912,-7.47560212499997],[112.61594385,-7.47559284999993],[112.61594063,-7.47559205999994],[112.61484397,-7.47532268999991],[112.61480129,-7.47529363999992],[112.614615338,-7.47516704099995],[112.614605694,-7.47516047499994],[112.61459927,-7.47513646899995],[112.614565863,-7.47506749999997],[112.614535689,-7.47498775399991],[112.614477496,-7.47481532899994],[112.614465268,-7.47479876299998],[112.614410681,-7.47472480699997],[112.614315848,-7.47468170099997],[112.614261965,-7.47463212899992],[112.614221015,-7.474492034],[112.614254535,-7.474329461],[112.61429066,-7.47426712999993],[112.6144853,-7.47383553999992],[112.614535676190926,-7.473410269940796],[112.61458046,-7.47303220999994],[112.61446114,-7.47260177999994],[112.614435509,-7.47247979699992],[112.61442353,-7.47242278999997],[112.61432134,-7.47193639999996],[112.61432523,-7.47187043],[112.61433696,-7.47167142999995],[112.614337484,-7.47166249299991],[112.61433752,-7.47166187999994],[112.61433981,-7.47162296999994],[112.61437089,-7.47149514999996],[112.61468777,-7.47019198999995],[112.61486315,-7.46985839999996],[112.615046456892372,-7.469684264192265],[112.61524363818755,-7.469543812180405],[112.615347719,-7.46938453599995],[112.61534756,-7.46938445999996],[112.615180042544054,-7.469287399167984],[112.613943164981421,-7.468796503938619],[112.614105034,-7.46840278699995],[112.614294070347512,-7.468307871426481],[112.61438603,-7.46817583999994],[112.614425544930185,-7.468027532519302],[112.614448859819362,-7.467719604067407],[112.614507727246206,-7.467554362401681],[112.614508589246199,-7.467554788401661],[112.61483587264668,-7.467729898465447],[112.615574882539079,-7.466850600463898],[112.615720211831814,-7.466847001011576],[112.616305019,-7.46741645099996],[112.616577999,-7.46768794699996],[112.616916257,-7.46805587699991],[112.617226326,-7.46837336399998],[112.617379387047109,-7.46856012803334],[112.617473922731193,-7.468706800930697],[112.617573323731193,-7.468837355930677],[112.617660370731187,-7.468914731930656],[112.61781902,-7.46899588000001],[112.618080172,-7.46901025299995],[112.61848921911924,-7.46902350036376],[112.618879042846061,-7.469043104082483],[112.61919854,-7.46906186999997],[112.619452742331632,-7.469064704481804],[112.619457212331639,-7.469064684481774],[112.61974152988023,-7.469067806886897],[112.620045057,-7.46911761499998],[112.620224291061078,-7.469206115045134],[112.62036,-7.4693],[112.62071,-7.46948],[112.62108,-7.46961],[112.62133,-7.46963],[112.6215228,-7.46963205199998],[112.621837576,-7.46963539699991],[112.6218388,-7.46963541],[112.62227,-7.46964],[112.62241,-7.46964],[112.62252902,-7.46967621999993],[112.62264,-7.46971],[112.622692539,-7.46973163099994],[112.62281,-7.46978],[112.62293010110325,-7.469830748010404],[112.623176375652974,-7.469919371602543],[112.623406209701201,-7.470006548627685],[112.62364,-7.47008],[112.624098477079329,-7.470215753916403],[112.624369630208363,-7.470338267788647],[112.624517849908486,-7.470415585463896],[112.624648375,-7.470486098],[112.624758691478362,-7.470542698137416],[112.624890406216082,-7.470622197175099],[112.625127875032845,-7.470767141568638],[112.625278399637921,-7.470849192596364],[112.62543423045777,-7.470880952824209],[112.62556,-7.47091],[112.625720824,-7.47094517999992],[112.625773068157756,-7.470956670555505],[112.626073507854599,-7.47101210855967],[112.626343075316541,-7.471100949128306],[112.62656962631246,-7.471184213564052],[112.626785495538215,-7.471268206100447],[112.627438367945643,-7.471510368416519],[112.62826,-7.47181],[112.62871796,-7.47190975399994],[112.62871886,-7.47190994999995],[112.629000522681508,-7.471949756767893],[112.629264175593221,-7.471981886807615],[112.629442042657942,-7.471979321361711],[112.629579164319892,-7.471965940435897],[112.629527389,-7.47260475899997],[112.62952686,-7.47260903999996],[112.62947412,-7.47303621999991],[112.62955399,-7.47340804],[112.629567847,-7.47366566899992],[112.62956863,-7.47368022999996],[112.62957506,-7.47379965999991],[112.62959526,-7.47395625999994],[112.62956066,-7.47513637999997],[112.629560224,-7.47515125599995],[112.62949075,-7.47752108999991],[112.62944355,-7.47751498999997],[112.62626786,-7.47710430999997],[112.62626343,-7.47710373699998],[112.621068633,-7.47643188599995],[112.62106774,-7.47643176999995],[112.62105822,-7.47643053999997],[112.621052286,-7.47642977299997],[112.62065623,-7.47637854999995],[112.62065157,-7.47638322999992],[112.620646063,-7.47638876899992],[112.62063605,-7.47639883999991],[112.6205988,-7.47643629199997],[112.62055848,-7.47647682999996],[112.61957735,-7.47648043999994],[112.6193508,-7.47643607999996],[112.61908642,-7.47638431999998],[112.618984971,-7.47635723099994],[112.61897991,-7.47635587999997],[112.61890715,-7.47633644999998],[112.61866232,-7.47627108999998],[112.61860656,-7.47625620999994],[112.61836914706771,-7.47619282844691],[112.61771147,-7.47601724999994],[112.617535029,-7.47598405100001],[112.61751031,-7.4759794],[112.61749364,-7.4759762599999],[112.61617982,-7.47572908999995]]]]}},
{"type":"Feature","properties":{"kdkab":"15","kdkec":"080","nmkab":"SIDOARJO","nmkec":"TULANGAN","kddesa":"012","kdprov":"35","nmdesa":"SINGOPADU","nmprov":"JAWA TIMUR","iddesa":"3515080012"},"geometry":{"type":"MultiPolygon","coordinates":[[[[112.64098,-7.47662],[112.64054,-7.47644],[112.64025365,-7.47635323000001],[112.640064879,-7.47630951099994],[112.64005624,-7.47630750999994],[112.64003486,-7.47630255999993],[112.639680098,-7.47622040599993],[112.63925572,-7.47612213],[112.63917999,-7.47608090999996],[112.63917,-7.47608],[112.63887677,-7.47590894999998],[112.63883499,-7.47588457999997],[112.63881,-7.47587],[112.63836019,-7.47547159999991],[112.63830945,-7.47542665499997],[112.6383073,-7.47542474999998],[112.63776,-7.47494],[112.63774195,-7.47492402999997],[112.637525908,-7.47473291799998],[112.6375,-7.47471],[112.63732,-7.47459],[112.636650981,-7.47443729099996],[112.63664217,-7.47443527999995],[112.6366151,-7.47442909999995],[112.6364,-7.47438],[112.63572,-7.47422],[112.63532,-7.47393],[112.63497,-7.47369],[112.634763378,-7.473567906],[112.63475868,-7.47356512999995],[112.63475,-7.47356],[112.63474759,-7.47355861999994],[112.63447,-7.4734],[112.634230032770802,-7.473297305382758],[112.63433833,-7.47303353999996],[112.634400633247438,-7.472984135952386],[112.634480853154471,-7.472968495787735],[112.634511827276697,-7.472894166782138],[112.634709168403347,-7.472969437646154],[112.634820644990882,-7.473010912479758],[112.6349036,-7.47299183999996],[112.63507128,-7.47299547999993],[112.63532463,-7.47293897999996],[112.635577444813762,-7.472917608065201],[112.63576936,-7.47290071000002],[112.6359097,-7.47286971999996],[112.63603182,-7.47280774999994],[112.636109716,-7.47273575299995],[112.63615211,-7.47269656999993],[112.636177074419038,-7.472662819637242],[112.636178670279065,-7.472603140824548],[112.636250719970775,-7.472512414600477],[112.63638290084036,-7.472444272405991],[112.636453788219939,-7.472443685407867],[112.636486806048865,-7.472431537338729],[112.636541720843908,-7.472391109426424],[112.636588131851099,-7.47233113306095],[112.636641707950872,-7.472274442071646],[112.636706497652924,-7.472214013214915],[112.636841245059458,-7.472115088786749],[112.636903882749849,-7.47204212051419],[112.636983966597569,-7.471996450779817],[112.637063308476939,-7.471975837313849],[112.637126966479698,-7.471966027143178],[112.637187436969896,-7.471970676812037],[112.637236706914933,-7.471978832254745],[112.63727691,-7.47199438999994],[112.63731635,-7.47172461999997],[112.637320657682139,-7.471695160286819],[112.63736805,-7.47137104999997],[112.63736884,-7.47131809999994],[112.63737,-7.47124110999993],[112.63737035,-7.47121812999996],[112.637371474,-7.47114304799994],[112.63737169,-7.47112863999997],[112.63737169,-7.47111192599991],[112.63737169,-7.47110108999995],[112.63737169,-7.4710914099999],[112.63737169,-7.47069718999995],[112.63737169,-7.47049071000002],[112.63731519,-7.47041779999995],[112.63726233,-7.47013346999995],[112.63718578,-7.46972884],[112.63729149,-7.46949371999995],[112.63732066,-7.46932603999992],[112.63733342,-7.46893234],[112.63744642,-7.46862431999992],[112.63746367,-7.46854522999993],[112.63749016,-7.46842382999995],[112.63749563,-7.46811032999996],[112.63750994,-7.46809602999993],[112.63751089,-7.46804176999993],[112.63767954,-7.46770197000001],[112.63770493,-7.46761509999992],[112.63783328,-7.46717597000001],[112.63793,-7.46727],[112.6381,-7.46738],[112.63833,-7.46754],[112.63897,-7.46787],[112.63933,-7.46795],[112.63937729,-7.46794923999992],[112.639410961,-7.46794869599997],[112.63943978,-7.46794822999994],[112.63995,-7.46794],[112.64039,-7.46804],[112.64087,-7.46825],[112.64090786,-7.46827200999998],[112.64095253,-7.46829797999993],[112.640995648,-7.46832304899993],[112.64173,-7.46875],[112.641794164,-7.468792214],[112.64179767,-7.46879451999996],[112.64211,-7.469],[112.64260425,-7.46961780999993],[112.64263,-7.46965],[112.6430394,-7.47025045000001],[112.64308,-7.47031],[112.64311727,-7.47045906999996],[112.64312531,-7.47049123999995],[112.64314,-7.47055],[112.64305,-7.47084],[112.642997461,-7.47102914099997],[112.64295,-7.4712],[112.64295,-7.4714],[112.64297,-7.47152],[112.6431045,-7.47181141999995],[112.643136968,-7.47188176299996],[112.64313795,-7.47188388999996],[112.64315,-7.47191],[112.64358,-7.47236],[112.64383,-7.47258],[112.64417,-7.47271],[112.64469,-7.4728],[112.64508,-7.4729],[112.64521,-7.47308],[112.64524501,-7.47322640999991],[112.64526676,-7.47331734999995],[112.64532,-7.47354],[112.64536439,-7.47366485999993],[112.64541132,-7.47379683999995],[112.645413143,-7.47380196699992],[112.64548,-7.47399],[112.64585,-7.47441],[112.64658,-7.47483],[112.64663502,-7.474841],[112.646653121,-7.47484461999994],[112.64707202,-7.47492839999996],[112.6470491,-7.47501578999992],[112.64701625,-7.47518085999996],[112.6469193,-7.47531703999992],[112.64686285,-7.47541244999995],[112.64664068,-7.47578789999992],[112.64650028,-7.47600172999995],[112.64647436,-7.47605572999988],[112.64645924,-7.47614213000003],[112.64648516,-7.47625443999989],[112.6465154,-7.47626307999998],[112.64621085,-7.47690241999989],[112.64616403857967,-7.476964387412043],[112.646140464,-7.47704287899998],[112.646253439412007,-7.4771368665733],[112.646223157067993,-7.47728617961184],[112.646184728655996,-7.47795020225738],[112.646193616654998,-7.47809997756428],[112.646182951057,-7.47818118106485],[112.646244425527001,-7.47840468000604],[112.646273884624719,-7.47843086578869],[112.646274674314995,-7.47843156773303],[112.646259616975996,-7.47861499255811],[112.646380350892443,-7.478752562858999],[112.646380452575997,-7.47875267872235],[112.64635298,-7.47882635499997],[112.646312133,-7.47901072],[112.646252518,-7.47906923099994],[112.646201735,-7.47919839599995],[112.646053489,-7.47956019799993],[112.64604164,-7.47955426999992],[112.64595748,-7.47951219],[112.64578292,-7.47942491999991],[112.64568672,-7.47937118999993],[112.64567231,-7.47936313999996],[112.64564036,-7.47934528999996],[112.645639306,-7.47934470099995],[112.64537686,-7.47919812999992],[112.64515719,-7.4790419199999],[112.64499619,-7.47893606999997],[112.64504363,-7.47881557999994],[112.64501923,-7.47880168999997],[112.64501314,-7.47879821999991],[112.64461,-7.47856],[112.644180034,-7.47831033999991],[112.64415067,-7.47829328999995],[112.64409962,-7.47826364999996],[112.64409207,-7.47825925999996],[112.644091054452005,-7.47825867042331],[112.643938837468994,-7.47828020223581],[112.643856177190997,-7.47828559109458],[112.643776360730996,-7.47830546251182],[112.643774893705995,-7.47830552870042],[112.643752371,-7.47823398399992],[112.643665091,-7.47817698499994],[112.643529718,-7.47810395499994],[112.643433533,-7.478064768],[112.643394346,-7.478064768],[112.643280348,-7.47797036399994],[112.643139631,-7.47786883399989],[112.642970415,-7.47771921199996],[112.642977278,-7.47765469999998],[112.64287408,-7.47766107999996],[112.64285673,-7.47764935999992],[112.64276525,-7.47758754999994],[112.6427349,-7.47756703999991],[112.64254307,-7.47751814000002],[112.6423249,-7.47738648999996],[112.64203151,-7.4772586],[112.64186977,-7.477142],[112.641817245,-7.47711752899992],[112.64156288,-7.47699901999994],[112.64155,-7.47699],[112.64151996,-7.47697283999997],[112.64148,-7.47695],[112.641471953,-7.47694510199995],[112.64127746,-7.47682671999998],[112.64125,-7.47681],[112.641129668,-7.47672532499995],[112.64112753,-7.47672381999995],[112.64098,-7.47662]]]]}}
]
}
