{
"type": "FeatureCollection",
"name": "kdkec_070",
"crs": { "type": "name", "properties": { "name": "urn:ogc:def:crs:OGC:1.3:CRS84" } },
"xy_coordinate_resolution": 1e-15,
"features": [
{"type":"Feature","properties":{"kdkab":"15","kdkec":"070","nmkab":"SIDOARJO","nmkec":"CANDI","kddesa":"022","kdprov":"35","nmdesa":"LARANGAN","nmprov":"JAWA TIMUR","iddesa":"3515070022"},"geometry":{"type":"MultiPolygon","coordinates":[[[[112.71078971,-7.46979839999996],[112.71073329,-7.46980673999997],[112.71068007,-7.46982981999998],[112.71063347,-7.46985216999997],[112.71061723,-7.46985994999994],[112.710563756,-7.46987812999995],[112.71055311,-7.46988174999997],[112.71051827,-7.46988397999998],[112.7104627,-7.46988752999993],[112.71017417,-7.46982596999993],[112.71010492,-7.46983109999995],[112.71002028,-7.46985289999996],[112.70998073,-7.46986864],[112.70977535,-7.46995035999997],[112.709753912845073,-7.469951519941577],[112.70969163,-7.46995488999995],[112.70958556,-7.46996061999991],[112.70955286,-7.46995228999998],[112.70955144,-7.46995227999995],[112.70937012,-7.469951],[112.70931883,-7.46994586999994],[112.709264283,-7.46993449299994],[112.70924509,-7.46993048999997],[112.70922906,-7.46991060999993],[112.70922521,-7.46988880999994],[112.70923739,-7.46982340999995],[112.70923996,-7.46977595999994],[112.7091861,-7.46969516999996],[112.70914582,-7.46962935999994],[112.709004,-7.46939766000001],[112.70895274,-7.46935644999994],[112.708919858,-7.46933001599997],[112.70890817,-7.46932061999993],[112.7088078,-7.46923992999998],[112.70876817,-7.46915460999998],[112.70871574,-7.46904171999993],[112.70868495,-7.46897540399995],[112.70803647,-7.46867528999997],[112.70802079,-7.46866803299997],[112.70791653,-7.46861977999995],[112.70800188,-7.46818347999994],[112.708007616,-7.468154151],[112.70801155,-7.46813403999992],[112.708185637271995,-7.4672440656018],[112.708221333,-7.46706158099994],[112.708330668,-7.46650263499994],[112.70834452,-7.46643181999994],[112.70836,-7.46643],[112.7083741,-7.46643216999997],[112.708410524,-7.46643777299994],[112.70849,-7.46645],[112.70851619,-7.46644426999994],[112.70901446,-7.46633531999993],[112.70911268,-7.46630022999994],[112.709220204,-7.46626182899997],[112.70922219,-7.46626111999997],[112.70938738,-7.46620212999992],[112.70997564,-7.46597492999996],[112.710048206,-7.46594027799997],[112.71009775,-7.46591661999998],[112.7102424,-7.46586144],[112.7104193,-7.46581897999994],[112.71065109,-7.46584150999995],[112.710691731,-7.46585006499992],[112.71088638,-7.46589106999994],[112.71115699,-7.46593821999994],[112.71131498,-7.46597297999996],[112.711418023,-7.46599564799995],[112.71147276,-7.46600769],[112.71151657,-7.46600698999991],[112.71161253,-7.46600546999998],[112.7116657,-7.46600461999995],[112.71173994,-7.46600343999995],[112.711808592,-7.46602834099997],[112.71181934,-7.46603223999993],[112.711826066,-7.46603467899997],[112.71197009,-7.46608690999996],[112.71253,-7.46628998999997],[112.71275877,-7.46639149999996],[112.71291238,-7.46643495999995],[112.71299404,-7.46645805999994],[112.713078616,-7.46646398199993],[112.71309272,-7.46646496999995],[112.71316793,-7.46647023999998],[112.71359627,-7.46651356999995],[112.71386678,-7.46653500999997],[112.71392515,-7.46651806999994],[112.71384333,-7.46682025999994],[112.71384916,-7.46682080999995],[112.713882931,-7.46682871699997],[112.71388606,-7.46682945],[112.71464497,-7.46700709],[112.71514743,-7.46711406999997],[112.7152689,-7.46713993999995],[112.7152847,-7.46714549999998],[112.71533224,-7.46716223999995],[112.715440463,-7.46718987199993],[112.71555834,-7.46721997],[112.71572,-7.46726],[112.71626,-7.46736],[112.71637894,-7.46737982],[112.71651461,-7.46740242999994],[112.71651921,-7.46740320000001],[112.716524315,-7.46740405099994],[112.71656,-7.46741],[112.71659,-7.46721],[112.71659178,-7.46719576999994],[112.716592148,-7.46719582899995],[112.71667719,-7.46720956999998],[112.71691716,-7.46725114000002],[112.71691895,-7.46733227999996],[112.71714774,-7.46741391999994],[112.71742227,-7.46750623999998],[112.71759952,-7.46756969999996],[112.71760589,-7.46757735999992],[112.71771026,-7.46770274999996],[112.71774485,-7.46771604999998],[112.717745589,-7.46771633399994],[112.71783883,-7.46775219999994],[112.71805665,-7.46781215999993],[112.718154355,-7.46785576699992],[112.718228234847999,-7.46788873788831],[112.718324009,-7.46793147999996],[112.718541786,-7.46798350199998],[112.718818919,-7.46806918499992],[112.719044293,-7.46810054699991],[112.719078096,-7.46807903499995],[112.719119749,-7.46804200999998],[112.719310764,-7.46804706999991],[112.719405688,-7.46777966599995],[112.720301162,-7.46789309699997],[112.720710597,-7.46797003299997],[112.720648281,-7.46808875299994],[112.721194122,-7.46824048699995],[112.721041676,-7.46878190399997],[112.721407456,-7.46892691499994],[112.721403872,-7.46894023399995],[112.72138392,-7.46901437999994],[112.72131305,-7.46937535999997],[112.72123453,-7.46977906999996],[112.72139807,-7.46978945999995],[112.72143618,-7.46979187999994],[112.721547115,-7.46981519199995],[112.72156176,-7.46981826999996],[112.72157,-7.46982],[112.72229212,-7.46991345],[112.72238145,-7.46992500999995],[112.72245985,-7.46993515999997],[112.722467815,-7.46993618999991],[112.722530496,-7.46994429899997],[112.72253777,-7.46994523999997],[112.72327,-7.47004],[112.72374976,-7.47011195999995],[112.72396111,-7.47014365999997],[112.723962495,-7.47014386799998],[112.72443965,-7.47021544999994],[112.72447801,-7.47021319],[112.72457632,-7.47020740999996],[112.72460007,-7.47021360999997],[112.724432575,-7.47076940399995],[112.72438104,-7.47094040999995],[112.72426649,-7.47125875299997],[112.724086897,-7.47175785499994],[112.72408605,-7.47176020999997],[112.72408586,-7.47176066999998],[112.724084976,-7.47176287599994],[112.723896455,-7.47223347799997],[112.723718966,-7.47267654099994],[112.72362985,-7.472899],[112.72358183,-7.47313223999992],[112.72358095,-7.47335641999998],[112.72335472,-7.4733128],[112.72329125,-7.47330055999992],[112.723129964,-7.47326945899994],[112.72312307,-7.47326812999995],[112.72262618,-7.47313055999998],[112.722463206,-7.47310167899995],[112.72216165,-7.47304824],[112.722152744,-7.47304666199994],[112.72197735,-7.47301558000001],[112.72197243,-7.47301521299992],[112.72196717,-7.47301481999996],[112.72196347,-7.47301453999997],[112.7218228,-7.4730040499999],[112.7216392,-7.47299034999998],[112.72161145,-7.47298827999997],[112.72160514,-7.47298780999995],[112.721534283,-7.47298252599996],[112.72151467,-7.472981063],[112.72143966,-7.47297546999993],[112.72134251,-7.47296821999989],[112.721092341,-7.47294955999997],[112.72101787,-7.47314408999994],[112.72092547,-7.47325700999991],[112.72068832,-7.47344693999998],[112.720680953236368,-7.473446223348589],[112.72056692,-7.47343512999993],[112.72054736,-7.47343359999997],[112.72053775,-7.47343283999993],[112.720375386,-7.473380434],[112.72027462,-7.47334790999998],[112.720074713,-7.47324181100001],[112.72002205,-7.47321385999993],[112.71990709,-7.47315284999995],[112.71983523,-7.47312615999997],[112.7197281,-7.47311812],[112.7195067,-7.47310151999995],[112.719443244,-7.47308570499994],[112.71884761,-7.47293726000001],[112.718351999,-7.47278297699997],[112.71810228,-7.47270523999993],[112.7180376,-7.47269394999994],[112.71797552,-7.47269923999993],[112.71785691,-7.47270934999993],[112.71785517,-7.47270906999993],[112.71771421,-7.47268675999992],[112.71769882,-7.47267478999992],[112.717673346,-7.47265497599995],[112.71761258,-7.47260771],[112.71758308,-7.47257315],[112.71754687,-7.47253070999991],[112.717409904,-7.47217769299995],[112.71740877,-7.47217476999996],[112.71740109,-7.47215496999996],[112.71736485,-7.47212976999998],[112.717128,-7.4719651199999],[112.71698137,-7.47186318999998],[112.71684877,-7.47177100999994],[112.71649047,-7.47162522999996],[112.71601617,-7.47147636999996],[112.715900447,-7.47145427499994],[112.71588869,-7.47145202999997],[112.715888341,-7.47145196299994],[112.71565583,-7.47140757999995],[112.71542432,-7.47139731999994],[112.71517382,-7.47140655999994],[112.71508502,-7.47142400999997],[112.71498309,-7.47142775],[112.714892628,-7.47141413699998],[112.71487816,-7.47141195999992],[112.71485892,-7.47140170999993],[112.71479224,-7.47131321999996],[112.7147076,-7.47120293999998],[112.71458962,-7.47112983999995],[112.71457139,-7.47111426],[112.71445754,-7.47101698999998],[112.71438572,-7.47094260999991],[112.714266111,-7.47087507999994],[112.71419721,-7.47083617999995],[112.71389073,-7.47073358999993],[112.713800266,-7.47069805199995],[112.71365733,-7.47064190000001],[112.71347519,-7.47058391999995],[112.71345793,-7.47057842],[112.71338203,-7.47056589999991],[112.71324192,-7.47060885999998],[112.71303066,-7.47067361999996],[112.71291909,-7.47072362999997],[112.712910009,-7.47072713599996],[112.712846,-7.47075184999996],[112.71279075,-7.47074517999993],[112.71277162,-7.47074287],[112.712737,-7.47072491999997],[112.71268185,-7.47066720999998],[112.7126701,-7.47065931000001],[112.71259593,-7.47060949999997],[112.71254084,-7.47059678999997],[112.71251258,-7.47059026999993],[112.7123728,-7.47058386],[112.7122343,-7.47060565999992],[112.71213684,-7.47058128999994],[112.71191115,-7.47043894999994],[112.71178547,-7.47025171999996],[112.7117252,-7.47016836999998],[112.71170212,-7.47014656999995],[112.71167134,-7.47014014999995],[112.711459764,-7.47009819599997],[112.711441161,-7.47009450699995],[112.71142655,-7.47009160999996],[112.71136742,-7.47007987999997],[112.71133279,-7.47006320999998],[112.71098271,-7.46993112999996],[112.710947992,-7.46990563499996],[112.71080895,-7.46980353000001],[112.71079306,-7.46979928999998],[112.71078971,-7.46979839999996]]]]}},
{"type":"Feature","properties":{"kdkab":"15","kdkec":"070","nmkab":"SIDOARJO","nmkec":"CANDI","kddesa":"005","kdprov":"35","nmdesa":"BALONGDOWO","nmprov":"JAWA TIMUR","iddesa":"3515070005"},"geometry":{"type":"MultiPolygon","coordinates":[[[[112.72700558,-7.50061268999997],[112.72685747,-7.50056202299992],[112.726203192,-7.50096216699995],[112.72601294,-7.50088923299995],[112.725662876,-7.50095462199993],[112.725549123,-7.50051102099993],[112.725548725,-7.50050946899993],[112.72539145,-7.50048180399995],[112.724749666,-7.50069557800001],[112.724673261,-7.50068597599993],[112.72425657,-7.50076173999995],[112.72418672,-7.50077443999994],[112.72399142,-7.50071862999993],[112.72391382,-7.5006779899999],[112.723911053,-7.50067654099997],[112.72388003,-7.50066028999994],[112.723698647,-7.50056527699993],[112.72360467,-7.50051604999991],[112.72329572,-7.50039309999994],[112.72309592,-7.50031358999996],[112.72292431,-7.50025653999994],[112.722604488,-7.50015021699992],[112.722600081,-7.49986962799996],[112.722624268,-7.49971391899991],[112.722716485,-7.49953250999995],[112.722802654,-7.49944331699994],[112.722870682,-7.4993284249999],[112.722946269,-7.49910166399996],[112.722967433,-7.49907142899997],[112.722767448283847,-7.498846671162115],[112.723146764,-7.49855642699994],[112.723429855034155,-7.498270981375733],[112.723439823034155,-7.498261513375733],[112.72346984503416,-7.498232996375773],[112.723558127440882,-7.498107586967018],[112.723588277440868,-7.498066666966948],[112.723655397440879,-7.497975556967038],[112.723776319689335,-7.497768521033506],[112.724012609619976,-7.497469137980006],[112.724324363874018,-7.497036145960483],[112.724680654450097,-7.496662535703639],[112.724886016379344,-7.496387895051255],[112.724951738382316,-7.496210368323252],[112.725034470786042,-7.496118202879097],[112.725086370828379,-7.496048412595974],[112.72508642982838,-7.496048305595945],[112.725179213832575,-7.495850984947047],[112.72529550311782,-7.495581292774887],[112.725391998482166,-7.495284383961502],[112.725498390806976,-7.494939227465938],[112.725552584970771,-7.494831835057809],[112.725582514970768,-7.49475984505785],[112.725653030813945,-7.494575514169538],[112.725711084813938,-7.494435872169528],[112.72624895,-7.49360604999993],[112.72629906,-7.493541],[112.726305323,-7.49353286999994],[112.7265288,-7.49324278999998],[112.726935056,-7.49263618199992],[112.727024991,-7.49250189499996],[112.727380855305029,-7.492092653149529],[112.727532215305033,-7.491831643149508],[112.727694056904113,-7.491550618222576],[112.727726876904114,-7.491254288222566],[112.727789233646135,-7.490763246993191],[112.727818075083107,-7.490319088863795],[112.727838772083103,-7.490153514863855],[112.72783537994529,-7.489993180625993],[112.727880084172611,-7.489851857584822],[112.727889097121633,-7.489669074977999],[112.727901354732339,-7.489534241260146],[112.727894504891069,-7.48926241071667],[112.727940290672265,-7.489067009981168],[112.727983552827709,-7.488795900473616],[112.727534576856996,-7.48878019065787],[112.727490869419,-7.48875005572154],[112.727459242887008,-7.488751497507754],[112.72745556106949,-7.488705474789349],[112.727433470164655,-7.488145838533589],[112.727374561085114,-7.488134793081172],[112.727381924720049,-7.488090611271507],[112.727389288354999,-7.487840247683404],[112.72741874289477,-7.487593565912772],[112.727448197434555,-7.487468384118721],[112.727470288339376,-7.487346884142141],[112.727509917296388,-7.487195459909619],[112.727540987376997,-7.48712393789328],[112.727588311718407,-7.487088519692592],[112.727639438515382,-7.487053583047985],[112.727691204103351,-7.486999969671723],[112.727783421854056,-7.48692451878479],[112.72794,-7.4868],[112.72834,-7.4865],[112.728777371,-7.48619222099995],[112.72888,-7.48612],[112.728888783553998,-7.48611550913208],[112.72907058,-7.48602255999997],[112.729077315,-7.48601911699992],[112.729139489,-7.48623902699994],[112.729804654,-7.48589586199996],[112.72980466205,-7.48589610439968],[112.730003484535999,-7.48580071499618],[112.730120688384005,-7.48616162412727],[112.730032756292999,-7.48620346886038],[112.730060702703994,-7.48625821132809],[112.730100730065999,-7.48629774743454],[112.730174834777003,-7.48633398886852],[112.730204043933,-7.48635485515002],[112.730225680345001,-7.48640921730899],[112.730207577895001,-7.48645474828265],[112.73020886,-7.48645637999991],[112.72971569,-7.48816987999995],[112.72957589,-7.48882409999991],[112.72958252,-7.48889986999995],[112.73024131,-7.48906779999991],[112.73022249,-7.48911208999996],[112.73023358,-7.48911465999992],[112.730353827,-7.48914254799996],[112.73035392,-7.48914256999995],[112.730828848403448,-7.489200552042463],[112.731213084423558,-7.48929096051778],[112.731395784884086,-7.489345582304952],[112.731565300775316,-7.489403971111928],[112.731661359780333,-7.489419039191147],[112.731759302295259,-7.489443524819879],[112.731836526201263,-7.48946801044861],[112.731925051166684,-7.489496263097147],[112.732015459642,-7.489515098196171],[112.732071964939067,-7.489513214686268],[112.732181914829624,-7.489532991540241],[112.732288568577857,-7.489571603493244],[112.732665505997019,-7.489649533715453],[112.733052567281973,-7.489747476230381],[112.733223024928151,-7.489791738713088],[112.733543630489407,-7.489911043955205],[112.73357647409847,-7.490048987113228],[112.733560052293939,-7.490170508466724],[112.733451668384063,-7.490581053579887],[112.733422109135915,-7.490699290572477],[112.733379412444151,-7.49078139959511],[112.733307156504225,-7.490824096286879],[112.733228440019175,-7.490814249151385],[112.73309671,-7.49147744999992],[112.73299923,-7.49182933],[112.732906958,-7.49197336599995],[112.733505393,-7.49220624099996],[112.733268586,-7.49300349299996],[112.733241434,-7.493094904],[112.733241647,-7.49312536199995],[112.734746369,-7.49366600899998],[112.734946986,-7.49386232699991],[112.73500972,-7.49393850499997],[112.735063344,-7.49397623999993],[112.734552919,-7.49518825300001],[112.734623122,-7.49524579699995],[112.73469092,-7.49530136999992],[112.73500735,-7.49556073999994],[112.73613108,-7.49633056999992],[112.736133482,-7.49633221599995],[112.73631267,-7.49645496999995],[112.73632996,-7.49647258999993],[112.7363494,-7.49649240999995],[112.7365248,-7.49665825999995],[112.73655707,-7.49668876999995],[112.73734818,-7.49748977],[112.73735489,-7.49749541999997],[112.73735962,-7.49749795999997],[112.73736726,-7.49749975999993],[112.73758,-7.49762],[112.73777322,-7.49774420999996],[112.73779116,-7.49775574999993],[112.73758135,-7.49842477999994],[112.73717546,-7.49968022999998],[112.736845603,-7.50084648999997],[112.73683117,-7.50089751999997],[112.73682896,-7.50090319999989],[112.73677945,-7.50103045999997],[112.73677926,-7.50103449999992],[112.73677506,-7.50112053999994],[112.73678004,-7.50117740999998],[112.73679453,-7.50123897999992],[112.73663976,-7.50173688999996],[112.73647885,-7.50225452999995],[112.73639307,-7.50253048999998],[112.73637369,-7.50260369999993],[112.73637353,-7.50260433999996],[112.736472222009795,-7.502648539243531],[112.736543593943196,-7.502685883102648],[112.736418494743575,-7.502996041959188],[112.736391832776846,-7.503075094415389],[112.736400650435726,-7.503129037740308],[112.736403762550609,-7.503139411456639],[112.736405837293887,-7.503151859916235],[112.73640793332261,-7.503163686182895],[112.736409986780416,-7.5031718941559],[112.736417507724752,-7.503191085531109],[112.736422694582913,-7.503228430909898],[112.736419582468017,-7.503291191893692],[112.73650568431357,-7.503310837118994],[112.736609421476871,-7.503321210835325],[112.736846564738997,-7.50344811255211],[112.736746001781,-7.50365354885931],[112.736729961064,-7.5036748440917],[112.736670116849993,-7.50381890010203],[112.73656688923991,-7.50373719686017],[112.736537842834181,-7.503789065441821],[112.736456927846803,-7.503762093779362],[112.736366676514734,-7.50371333731261],[112.736207958654902,-7.503576404257055],[112.736309621074938,-7.503448807546193],[112.736337630109034,-7.503401088451073],[112.736355265426795,-7.503350257241055],[112.736371863372938,-7.503309281061551],[112.736372382058747,-7.503229922131625],[112.736373938116202,-7.503197244925184],[112.736367713886395,-7.503158862174762],[112.736351634626075,-7.503159899546396],[112.736334517994138,-7.503158343488946],[112.736266051466345,-7.503143301600267],[112.736210033398166,-7.503129297083222],[112.736157646130707,-7.503105956221478],[112.73607569377171,-7.503073797700854],[112.735953802604811,-7.503028672034818],[112.73587911184724,-7.503012074088689],[112.735803383718022,-7.502992364027662],[112.735734917190257,-7.502956056020507],[112.735691866267473,-7.50291974801335],[112.735614063394991,-7.502847650684854],[112.735513438346572,-7.502765179640029],[112.735435116788267,-7.502686339395918],[112.73530337059087,-7.502578452746083],[112.735153989075712,-7.502511023589936],[112.735034691337916,-7.502452930778487],[112.734977635898105,-7.502422847001129],[112.734888421937669,-7.50238238950744],[112.73474318990904,-7.502311848236395],[112.734598995252043,-7.502247531195147],[112.734522229751192,-7.502209148444726],[112.734415380472996,-7.502168690951037],[112.734305419079888,-7.502151055633275],[112.734213093004556,-7.502124083970816],[112.734072010462469,-7.502045243726707],[112.733949600609776,-7.501976777198927],[112.733953750096305,-7.501866815805827],[112.733935077406912,-7.501725733263735],[112.733893582541583,-7.501568052775514],[112.73386246139259,-7.501509959964065],[112.733721378850504,-7.501447717666083],[112.733596894254532,-7.501406222800762],[112.733416391590382,-7.501240243339478],[112.733285682764631,-7.501057665932064],[112.733188169831124,-7.500931106592835],[112.733045012545773,-7.500850191605459],[112.732941275382458,-7.500787949307478],[112.732858285651815,-7.500748529185423],[112.732696455677058,-7.500673838427845],[112.732528401472507,-7.500570101264542],[112.732329226118964,-7.500491261020431],[112.732165321400942,-7.500383374370597],[112.732034612575191,-7.500290010923624],[112.731966146047398,-7.500248516058303],[112.731874857343698,-7.500268226119329],[112.731802241329376,-7.500270300862595],[112.731721326342011,-7.500257852402998],[112.731644560841175,-7.500232955483807],[112.731541861049507,-7.500204946449715],[112.731443310744368,-7.500148928381533],[112.731376918959853,-7.50005556493456],[112.731316751405132,-7.499962201487588],[112.731258658593674,-7.49986676329735],[112.731200565782231,-7.499806595742634],[112.731123800281381,-7.499771325107111],[112.730989130483067,-7.499725177934053],[112.73081933170711,-7.499628167821753],[112.730706258199106,-7.499604308274193],[112.730531979764763,-7.499566962895405],[112.730319318580001,-7.499618831477056],[112.730098358422168,-7.499708045437496],[112.729905407298403,-7.49970597069423],[112.729799595391839,-7.499645803139515],[112.72969378348526,-7.499608457760726],[112.729554775686438,-7.499566962895405],[112.729492533388452,-7.499542065976212],[112.729388796225152,-7.499517169057019],[112.729291283291644,-7.499479823678231],[112.729208293561001,-7.499471524705166],[112.729112855370772,-7.499481898421497],[112.728926128476829,-7.499492272137827],[112.72879684,-7.49954955999993],[112.72876447,-7.49957452999994],[112.72848049,-7.49967797999991],[112.72808437,-7.49982349999992],[112.72808292,-7.49982605999998],[112.7276813,-7.49998021999994],[112.72760663,-7.49999361999997],[112.72757531,-7.49998004999994],[112.72750624,-7.50007037999997],[112.727447154,-7.50021808899996],[112.72735419,-7.50045049999994],[112.727268979,-7.50070317199992],[112.72726873,-7.50070390999997],[112.72719936,-7.50068890999998],[112.72710265,-7.50066055999996],[112.72700558,-7.50061268999997]]]]}},
{"type":"Feature","properties":{"kdkab":"15","kdkec":"070","nmkab":"SIDOARJO","nmkec":"CANDI","kddesa":"002","kdprov":"35","nmdesa":"SUMORAME","nmprov":"JAWA TIMUR","iddesa":"3515070002"},"geometry":{"type":"MultiPolygon","coordinates":[[[[112.70363035,-7.49620191999996],[112.70283653,-7.49592540999995],[112.70260901,-7.49583025999993],[112.702598882,-7.49582602499993],[112.70256087,-7.49581012999995],[112.70244427,-7.49576136999997],[112.70242761,-7.49575095999995],[112.701798286,-7.49535794599997],[112.701789498,-7.49535245799993],[112.70129357,-7.49504274999994],[112.70119587,-7.49498173999996],[112.701136837,-7.49494486899994],[112.70111388,-7.49493052999997],[112.70040787,-7.49450983999997],[112.70033825,-7.49446583999998],[112.700337649,-7.49446545999996],[112.70030213,-7.49444300999996],[112.70022951,-7.49439710999994],[112.69996649,-7.49423085999998],[112.700136727,-7.49366406799994],[112.70013691,-7.49366345999993],[112.70006141,-7.49363611999995],[112.70004003,-7.49362913999996],[112.70003905,-7.49362872999997],[112.70002489,-7.49362289999997],[112.69966204,-7.49347350999994],[112.699616381,-7.49345470999998],[112.69959722,-7.49344681999994],[112.69950805,-7.49341010999995],[112.69946528,-7.49339249999996],[112.69936437,-7.49331960999997],[112.69920874,-7.49316277999996],[112.699111143,-7.493074743],[112.69932804,-7.49220838199997],[112.699618437,-7.49104843299993],[112.699569981,-7.491006064],[112.699745511,-7.49038273599995],[112.699807705,-7.49016187599997],[112.699826856,-7.49009386899993],[112.699945672,-7.48963225799998],[112.700800416,-7.48631149599991],[112.701149567,-7.48491489399993],[112.70149536,-7.48504498999992],[112.70203472,-7.48529969999992],[112.70216367,-7.48536059999997],[112.70217276,-7.48536488999995],[112.702432786,-7.48548761199992],[112.70254686,-7.48554145],[112.7030762,-7.48582993999997],[112.70315727,-7.48587411999996],[112.703212485,-7.485904212],[112.70392612,-7.48629313999996],[112.70476381,-7.48654587999993],[112.70477744,-7.48654618999998],[112.70478657,-7.48654895999992],[112.70479147,-7.48722558999997],[112.70482993,-7.48775701999995],[112.70463361,-7.48850636999992],[112.70456921,-7.48872043999997],[112.70437892,-7.49066004899995],[112.70437992,-7.49066031999997],[112.70438115,-7.49066071999994],[112.70452347,-7.49070758999996],[112.70469974,-7.49076474],[112.70475596,-7.49078296999994],[112.70488237,-7.49082393999994],[112.70493996,-7.49084260999995],[112.70501726,-7.49086029999993],[112.70503024,-7.49081196999998],[112.70503098,-7.49080924],[112.70532378,-7.48948515999996],[112.70534864,-7.48949407999994],[112.70536744,-7.4894275799999],[112.70711049,-7.49007004999994],[112.707115072,-7.49007173899998],[112.70748304,-7.49020735999995],[112.707656246,-7.49027951499995],[112.708720241,-7.49072275599995],[112.70895065,-7.49081874],[112.70994617,-7.49144158],[112.70997427,-7.49145916000001],[112.71009512,-7.49150629999996],[112.710095353,-7.49150639099996],[112.710101337,-7.49150872999995],[112.71010218,-7.49150905999994],[112.71035042,-7.49160588999993],[112.71093624,-7.49195437999996],[112.71099393,-7.49195352999997],[112.71114468,-7.49196004],[112.711149521,-7.49196032199995],[112.711155196911108,-7.491960652399944],[112.711158643,-7.49196085299997],[112.71123164,-7.49196509999998],[112.71122589,-7.49202919999993],[112.71146227,-7.49205287999993],[112.71172643,-7.49207933999998],[112.71193026,-7.49211960999996],[112.711964471538465,-7.492125177307635],[112.71198956,-7.49212925999996],[112.71212695,-7.49215158999992],[112.712854829289824,-7.492600582745827],[112.712854688677751,-7.492598943331011],[112.712879332,-7.49261409199994],[112.71286293,-7.49269502999997],[112.712861768,-7.49269989299997],[112.71286048,-7.49270527999993],[112.71277487,-7.49306382],[112.712772643,-7.49307315599997],[112.71276897,-7.49308854999993],[112.71275679,-7.49313954999998],[112.71259144,-7.49383206999994],[112.71238222,-7.49490647999997],[112.71215384,-7.49592314999996],[112.712072084,-7.49628709899997],[112.71207194,-7.49628773999993],[112.71142619,-7.49916233999992],[112.71061,-7.49871],[112.71002,-7.49841],[112.709953824,-7.49838562299992],[112.70983,-7.49834],[112.70982456,-7.49833890999996],[112.70968,-7.49831],[112.70953,-7.49828],[112.70942462,-7.49826130999995],[112.70928296,-7.49823618999994],[112.70914992,-7.49821259000002],[112.70915337,-7.49820437999997],[112.70905,-7.49818],[112.70874672,-7.49814443999998],[112.708707408,-7.49813976699993],[112.70856987,-7.49812341999996],[112.70856148,-7.49812209999996],[112.708561153,-7.49812204899994],[112.70850007,-7.49811245999997],[112.7084987,-7.49811224499997],[112.70840115,-7.49809692999996],[112.70837917,-7.49809070000001],[112.70825957,-7.49805676999994],[112.708195103,-7.49800542899991],[112.70817146,-7.49798659999994],[112.708166737,-7.49798283799993],[112.70813408,-7.49795682999997],[112.70805481,-7.497854],[112.70798912,-7.49774568],[112.70798641,-7.49774473],[112.70766231,-7.49763024],[112.70721565,-7.49746369],[112.706869989,-7.49733534999996],[112.70663812,-7.49724925999992],[112.706636842,-7.49724878499994],[112.70652114,-7.49720581999998],[112.70648326,-7.49719337999994],[112.7063906,-7.49716294999995],[112.706389973,-7.49716274399995],[112.706283207,-7.49712769099994],[112.70626225,-7.49712080999996],[112.706261543,-7.49712057799997],[112.70625583,-7.49711869999993],[112.706117447,-7.49707326499993],[112.70611256,-7.49707165999994],[112.70598106,-7.49702846999996],[112.70575323,-7.49695366],[112.70508287,-7.49672276],[112.705080676,-7.49672200399998],[112.70496621,-7.49668257999996],[112.70487286,-7.49664861999993],[112.70487279,-7.49664859499996],[112.70487021,-7.49664765999997],[112.70471476,-7.49659111999992],[112.70396942,-7.49632001999993],[112.70378131,-7.4962545],[112.70377058,-7.49625076199991],[112.70376667,-7.4962494],[112.70363035,-7.49620191999996]]]]}},
{"type":"Feature","properties":{"kdkab":"15","kdkec":"070","nmkab":"SIDOARJO","nmkec":"CANDI","kddesa":"009","kdprov":"35","nmdesa":"KLURAK","nmprov":"JAWA TIMUR","iddesa":"3515070009"},"geometry":{"type":"MultiPolygon","coordinates":[[[[112.727437868793004,-7.48531609439553],[112.727461579199002,-7.48511783451034],[112.727468257013001,-7.48510870885583],[112.72746485,-7.48510838999995],[112.72746385,-7.48508675999993],[112.72746358,-7.48508081999993],[112.72746348,-7.48508080999996],[112.72743366,-7.48460313999994],[112.72757061,-7.48395508999994],[112.727629906,-7.48378490299993],[112.72766001,-7.48369849799994],[112.72752252,-7.48366054999998],[112.72722506,-7.48357845999992],[112.72713632,-7.48354],[112.727094865,-7.48352497199997],[112.72691086,-7.48345826999995],[112.72669214,-7.48340625999998],[112.72669079,-7.48340580699995],[112.72651644,-7.48334733999994],[112.72602431,-7.48318229999995],[112.7259081,-7.48314333000001],[112.72575707,-7.48309216999997],[112.72570443,-7.48307434],[112.72535251,-7.48295511699994],[112.7252405,-7.48291716999995],[112.72506437,-7.48285749999994],[112.72420409,-7.48257172999995],[112.72381634,-7.48247411999994],[112.72319172,-7.48226438999996],[112.72301377,-7.48220464],[112.722969537,-7.48218978399995],[112.72286933,-7.48215612999994],[112.72283989,-7.48214624999995],[112.722832614,-7.48212554299996],[112.72275575,-7.48190679999994],[112.72274668,-7.48185286999994],[112.72271405,-7.48180972999995],[112.72266872,-7.48177737],[112.72252731,-7.48170366999993],[112.72188006,-7.48150304999996],[112.72183427,-7.48148884999993],[112.721816728,-7.48148531999996],[112.7217299,-7.48146784999994],[112.7217297,-7.48146780999996],[112.72172775,-7.48146755999996],[112.72152451,-7.48144219999997],[112.72108558,-7.48137947999992],[112.7208901,-7.48134388999995],[112.72076428,-7.48134107999992],[112.72063205,-7.48139445999994],[112.72045683,-7.48145792999996],[112.72017096,-7.48158956999993],[112.72008838,-7.48163945999995],[112.71988657,-7.48167658999992],[112.71963825,-7.48167425999996],[112.7196239,-7.48167284999992],[112.7196576,-7.48156052999998],[112.719588169,-7.48153662699993],[112.718504745,-7.48116364499998],[112.718592897,-7.48090667199993],[112.719116843,-7.47937931899996],[112.719127409,-7.47933136599995],[112.719396032,-7.47811222999996],[112.71963943,-7.47812758999991],[112.72005867,-7.47815404999993],[112.72005751,-7.47815548999995],[112.72022947,-7.47816474999995],[112.7204508,-7.47817962999992],[112.720549447143242,-7.477560226913878],[112.72055045,-7.47755392999993],[112.72076104,-7.47748657999994],[112.720997342,-7.47662750099995],[112.72114986,-7.47607301999994],[112.72116443,-7.47600813999994],[112.721391894845326,-7.476105523268528],[112.721591097,-7.47619186899991],[112.72231416,-7.47650322999991],[112.72262215,-7.47657714999997],[112.72294246,-7.47658125000001],[112.723153031,-7.47656100999998],[112.724045741,-7.47647520399993],[112.72405327,-7.47647448],[112.72421547,-7.47649501999997],[112.72473074,-7.47653417999996],[112.724740357,-7.47653491099996],[112.7250799,-7.47656071999997],[112.72592758,-7.47648572999996],[112.72602605,-7.47647701999998],[112.72654281,-7.47640304],[112.72654292,-7.47640300999995],[112.72664822,-7.47640384999994],[112.72681805,-7.47648972999996],[112.727419646,-7.47679820599994],[112.7274617,-7.47681976999997],[112.7278192,-7.47696962999992],[112.72797632,-7.47701131],[112.72807309,-7.47703698999994],[112.72840257,-7.4770571899999],[112.728443941,-7.47705181000002],[112.72852176,-7.47704168999996],[112.72858136,-7.47703393999994],[112.72881695,-7.47700330999993],[112.72893244,-7.47697636999994],[112.72952345,-7.47706055999995],[112.729683573,-7.47707136099995],[112.729774791,-7.47707751399998],[112.73002275,-7.47709423999993],[112.73035732,-7.47707402999991],[112.730795337,-7.47691452899995],[112.730819726,-7.47690564799995],[112.730941933,-7.47632516599997],[112.731123107,-7.47597438199998],[112.731227185,-7.47576815299995],[112.731506766,-7.47554517399994],[112.73157409,-7.47555777199995],[112.731589533,-7.47556240499997],[112.731774762,-7.47560136399993],[112.731774994,-7.47560172399995],[112.731833587,-7.47574303299998],[112.731697801,-7.47631795699996],[112.732081061,-7.47641426399997],[112.732107118,-7.47640271599995],[112.73234773,-7.47629607999995],[112.73239868,-7.47625061999996],[112.732550797,-7.47614841499992],[112.73255521,-7.47614544999991],[112.73265682,-7.47607717999997],[112.7327842,-7.47600561999997],[112.732915338,-7.47599484099989],[112.73294808,-7.47599214999996],[112.73296203,-7.47599617],[112.73308225,-7.47603087999995],[112.73318075,-7.47611506999998],[112.73335907,-7.47657475999994],[112.73368685,-7.47710181999998],[112.73378705,-7.47719610999996],[112.73390933,-7.47723989],[112.73410005,-7.47724829999992],[112.7341386,-7.47725],[112.73474489,-7.47718095999992],[112.73529851,-7.47717617999998],[112.73550328,-7.47716967999998],[112.73552065,-7.47716729999997],[112.73552516,-7.47717422999994],[112.73552611,-7.47717421999993],[112.73568575,-7.47746047999995],[112.73621902,-7.47780735000002],[112.7364364,-7.47802961999998],[112.73662661,-7.47839333999997],[112.73680833,-7.47896752999998],[112.736817288826941,-7.479283516270121],[112.7367660616531,-7.479728094957421],[112.736755084401537,-7.479922026401263],[112.736753254859636,-7.480209264483181],[112.73675874348541,-7.480450764017022],[112.736740448066158,-7.480873388201246],[112.736506266700005,-7.480862410949708],[112.736506116699999,-7.480863330949698],[112.736180608237717,-7.480884365452785],[112.735865927026936,-7.48101975155509],[112.735573200319251,-7.48118806941201],[112.735320723533889,-7.481367364520469],[112.735134110257746,-7.481594227718926],[112.73499368,-7.48176701999993],[112.73499177,-7.48176869999996],[112.73513201,-7.48184433999995],[112.73514087,-7.48184569999995],[112.73572503,-7.48193543999995],[112.735795008,-7.4822920469999],[112.73591977,-7.48292782999996],[112.736007725,-7.48299279799993],[112.73617843,-7.48311888999997],[112.73620288,-7.48313694999996],[112.73636622,-7.48326454999998],[112.73638296,-7.48432719999998],[112.73658676,-7.48434066999996],[112.7366479,-7.48440465999995],[112.7366479,-7.4844718861557],[112.7366479,-7.48449557999993],[112.7365528,-7.48456630999992],[112.736440902,-7.4846378199999],[112.736159803,-7.48481745999992],[112.73615187,-7.48482252999998],[112.73615322,-7.48483493999995],[112.736178177,-7.48506535199995],[112.736181403,-7.48509513599995],[112.736181532,-7.48509632899993],[112.73618223,-7.48510276999995],[112.73618596,-7.48511901999997],[112.73609383,-7.4854772599999],[112.73598981,-7.48584601999996],[112.73612397,-7.48591168999996],[112.73621228,-7.48608511999993],[112.736147208,-7.48611919999994],[112.736119859,-7.48613352399997],[112.73588112,-7.48625855999995],[112.73584036,-7.48641683999993],[112.73612228,-7.48647745999994],[112.736032099,-7.48684503799996],[112.73603057,-7.48685126999995],[112.73592989,-7.48701251999994],[112.7358981,-7.48706342999996],[112.73542937,-7.48759214999996],[112.73533309,-7.48754018999992],[112.73516103,-7.48744733999995],[112.734998,-7.48720823999997],[112.7348893,-7.48717287999995],[112.73485429,-7.48717465999997],[112.73462437,-7.48718634999993],[112.7345904,-7.4871914],[112.73460264,-7.48712162999995],[112.73462437,-7.48699775999996],[112.73438144,-7.48695672999996],[112.73435717,-7.48694618999997],[112.734276546,-7.48694047399994],[112.73427212,-7.48694016],[112.73420327,-7.48693527999995],[112.73418716,-7.48693304999994],[112.73406858,-7.48691661999994],[112.73378368,-7.48684863999993],[112.73379053,-7.48663364000001],[112.73368634,-7.48654959999995],[112.7336016,-7.48651921999994],[112.73348233,-7.48650817],[112.733333210257484,-7.486500540597292],[112.73328141373517,-7.486648396124634],[112.733207015094038,-7.486831096585173],[112.732906359825861,-7.48771822974923],[112.73272554287523,-7.488219243383283],[112.732597464201874,-7.488584644304359],[112.732288568577857,-7.489571603493244],[112.732181914829624,-7.489532991540241],[112.732071964939067,-7.489513214686268],[112.732015459642,-7.489515098196171],[112.731925051166684,-7.489496263097147],[112.731836526201263,-7.48946801044861],[112.731759302295259,-7.489443524819879],[112.731661359780333,-7.489419039191147],[112.731565300775316,-7.489403971111928],[112.731395784884086,-7.489345582304952],[112.731213084423558,-7.48929096051778],[112.730828848403448,-7.489200552042463],[112.73035392,-7.48914256999995],[112.730353827,-7.48914254799996],[112.73023358,-7.48911465999992],[112.73022249,-7.48911208999996],[112.73024131,-7.48906779999991],[112.72958252,-7.48889986999995],[112.72957589,-7.48882409999991],[112.72971569,-7.48816987999995],[112.73020886,-7.48645637999991],[112.730207577895001,-7.48645474828265],[112.730225680345001,-7.48640921730899],[112.730204043933,-7.48635485515002],[112.730174834777003,-7.48633398886852],[112.730100730065999,-7.48629774743454],[112.730060702703994,-7.48625821132809],[112.730032756292999,-7.48620346886038],[112.730120688384005,-7.48616162412727],[112.730003484535999,-7.48580071499618],[112.72980466205,-7.48589610439968],[112.729804654,-7.48589586199996],[112.729139489,-7.48623902699994],[112.729077315,-7.48601911699992],[112.72907058,-7.48602255999997],[112.728888783553998,-7.48611550913208],[112.728018149779004,-7.48585956762992],[112.727387952149002,-7.48574048486014],[112.727437868793004,-7.48531609439553]]]]}},
{"type":"Feature","properties":{"kdkab":"15","kdkec":"070","nmkab":"SIDOARJO","nmkec":"CANDI","kddesa":"012","kdprov":"35","nmdesa":"CANDI","nmprov":"JAWA TIMUR","iddesa":"3515070012"},"geometry":{"type":"MultiPolygon","coordinates":[[[[112.712800198,-7.48008692999994],[112.71275919,-7.48004051999993],[112.71266026,-7.48000350999996],[112.71262258,-7.47994925999997],[112.7125372,-7.47989179999994],[112.71239722,-7.47981074999995],[112.71234935,-7.47976333999995],[112.71218577,-7.47974357999997],[112.71210055,-7.47972690999996],[112.71197111,-7.47972740999996],[112.71190542,-7.47974672000001],[112.71186563,-7.47975841999991],[112.71170892,-7.47975222999998],[112.71163417,-7.47980010999991],[112.71160237,-7.47986419999997],[112.71158893,-7.47986622999998],[112.71080885,-7.48161125999997],[112.7105533,-7.48149169999992],[112.71054307,-7.48148525999993],[112.710520828,-7.48147124999998],[112.710513793,-7.48146681899992],[112.71034154,-7.48135831999998],[112.710279,-7.48131892],[112.70996325,-7.48112003999993],[112.70983572,-7.48107540999995],[112.709002072,-7.48078368999998],[112.709126973,-7.48043234299994],[112.709111996,-7.48044170299992],[112.70885333,-7.48049476300001],[112.708868225,-7.48029053299998],[112.7089409,-7.47929402999996],[112.70895007,-7.47916091999998],[112.70894032,-7.47902518999996],[112.70894067,-7.47901928999996],[112.708939956,-7.47901901699995],[112.7088279,-7.47897622999995],[112.70877253,-7.47892843999995],[112.7087575,-7.47891545999996],[112.70860704,-7.47876644999997],[112.7085353,-7.47871232999997],[112.708430141,-7.47871762199998],[112.70838886,-7.47871969999993],[112.70825939,-7.47871339999997],[112.70818444,-7.47871028999998],[112.70813307,-7.47863908999995],[112.70809204,-7.47859845999996],[112.70801364,-7.47858515999997],[112.70798655,-7.47858153999996],[112.70792157,-7.47857284999998],[112.70791819,-7.47856595],[112.707837808,-7.47840182199998],[112.707787047,-7.47829817499994],[112.70753042,-7.47777417999993],[112.707511307,-7.47773514999997],[112.707875769,-7.47704517599993],[112.70781696,-7.47694612999993],[112.707776723,-7.47685327499994],[112.707837974,-7.47683442799997],[112.70779541,-7.47678025499995],[112.707739245,-7.47674093999995],[112.707679337,-7.47671473],[112.707581985,-7.4766548219999],[112.707518332,-7.47657057499996],[112.707488378,-7.47651628299998],[112.70748285,-7.476481275],[112.707477145,-7.47644514099994],[112.707020342,-7.47626541599992],[112.707254982,-7.47581836299997],[112.70725888,-7.47581623999998],[112.707358108,-7.47576220099998],[112.70739353,-7.47574290999991],[112.70752017,-7.47562613999996],[112.707544943,-7.47559002699994],[112.707556081,-7.4755737909999],[112.70756963,-7.47555403999994],[112.70759228,-7.47553019999997],[112.70764614,-7.475443],[112.707654724,-7.47542297299997],[112.70796524,-7.47554218199998],[112.708207087,-7.47563502899993],[112.708223971,-7.47552219399994],[112.708343122,-7.47472591799994],[112.70845487408836,-7.474712953957931],[112.70848732,-7.47470918999998],[112.70880278,-7.47473867999997],[112.70917851,-7.47481561999995],[112.71068141,-7.47509004999993],[112.711061307,-7.47514487899998],[112.71106144,-7.47514489799993],[112.71112672,-7.47515431999994],[112.71115086,-7.4751578],[112.71117672,-7.47516153999992],[112.711463,-7.47518685999997],[112.71163548,-7.47517980999992],[112.71166877,-7.47517606999995],[112.71180667,-7.47516057999996],[112.71208109,-7.47516313999993],[112.71240424,-7.47525161999995],[112.71314961,-7.47541842999996],[112.71328425,-7.47545095],[112.71353886,-7.47550792999993],[112.713566518,-7.47550779999995],[112.7139395,-7.47550604999998],[112.71397723,-7.47550586999995],[112.71424004,-7.47544324999996],[112.71431163,-7.47542789999996],[112.71468047,-7.47534879999993],[112.714940603,-7.475430348],[112.714943281,-7.475431188],[112.7149445,-7.47543156999993],[112.71504,-7.47544],[112.7155,-7.47548],[112.71637983,-7.47551743999996],[112.71637939,-7.47551940999995],[112.71669342,-7.47553935999998],[112.71652389,-7.47632393],[112.71646229,-7.47653746999989],[112.71647051,-7.47679412999998],[112.71650747,-7.47690294999995],[112.71662245,-7.47712059999997],[112.71669636,-7.47724789999995],[112.71670458,-7.47737109],[112.71668597,-7.47739685599993],[112.716651191,-7.477445008],[112.716586758,-7.47742888099996],[112.716531489,-7.47741352899994],[112.716242496,-7.47827281899992],[112.716162731,-7.47850998899997],[112.716150805,-7.47853702799994],[112.7161383,-7.47856537999997],[112.71608458,-7.47868717999995],[112.71606967,-7.47872097999995],[112.716051163,-7.47876293799996],[112.71604247,-7.47878264599998],[112.71578999,-7.47935503999997],[112.715788773,-7.47935779999993],[112.71575802,-7.47942751999994],[112.715723419,-7.47950596699994],[112.71556805,-7.47985820999996],[112.71547303,-7.47984415999995],[112.71506204,-7.47978339999998],[112.714962704,-7.48038815099991],[112.71488325,-7.48087185999995],[112.714524869,-7.48081846599996],[112.7145159,-7.48081712999991],[112.71451584,-7.48081734999993],[112.714388384,-7.48078908599996],[112.7136438,-7.48062396999996],[112.713641587,-7.48062347899995],[112.713730108,-7.48026224099992],[112.713252713,-7.48017070999993],[112.713233991,-7.48022874699996],[112.712981283,-7.48014613099998],[112.712800198,-7.48008692999994]]]]}},
{"type":"Feature","properties":{"kdkab":"15","kdkec":"070","nmkab":"SIDOARJO","nmkec":"CANDI","kddesa":"021","kdprov":"35","nmdesa":"WEDORO KLURAK","nmprov":"JAWA TIMUR","iddesa":"3515070021"},"geometry":{"type":"MultiPolygon","coordinates":[[[[112.72952345,-7.47706055999995],[112.72893244,-7.47697636999994],[112.72881695,-7.47700330999993],[112.72858136,-7.47703393999994],[112.72852176,-7.47704168999996],[112.728443941,-7.47705181000002],[112.72840257,-7.4770571899999],[112.72807309,-7.47703698999994],[112.72797632,-7.47701131],[112.7278192,-7.47696962999992],[112.7274617,-7.47681976999997],[112.727419646,-7.47679820599994],[112.72681805,-7.47648972999996],[112.72664822,-7.47640384999994],[112.72654292,-7.47640300999995],[112.72654281,-7.47640304],[112.72602605,-7.47647701999998],[112.72592758,-7.47648572999996],[112.72602198,-7.47626434999992],[112.72627769,-7.47566461999998],[112.72639104,-7.47539878999993],[112.72658752,-7.47505397999994],[112.726597091,-7.47503718299992],[112.726677952,-7.47489527899996],[112.7267409,-7.47478480999996],[112.72681294,-7.47477108999994],[112.726854881,-7.47477522000001],[112.72695726,-7.47410604000001],[112.726959281,-7.47409283099995],[112.727051025,-7.47349316099995],[112.72720133,-7.47251071999996],[112.727213302,-7.47243247399997],[112.72721363,-7.47243032999995],[112.72735648,-7.47149658999995],[112.727359683,-7.47147567899998],[112.72735975,-7.47147523999995],[112.72743211,-7.47100229999992],[112.72744499,-7.47100748999996],[112.72749547,-7.47102784999993],[112.72748986,-7.47106794999998],[112.72760284,-7.47108123],[112.72771998,-7.471095],[112.72788905,-7.47110146999995],[112.72809145,-7.47110779999995],[112.72822244,-7.47111679999995],[112.72843915,-7.47112782999993],[112.72872648,-7.47115100999997],[112.728814418,-7.47115329999994],[112.729222124,-7.47118295799992],[112.729378039,-7.47108903399992],[112.729409777,-7.47098278299997],[112.729418564,-7.470858914],[112.729353655,-7.47068797199993],[112.72932372,-7.47048203099996],[112.72936141,-7.47048991],[112.72955743,-7.47053088999997],[112.730388451,-7.470704643],[112.73033389,-7.471418],[112.73040604,-7.47143267999998],[112.730488828,-7.471449519],[112.7304909,-7.47144993999996],[112.73072591,-7.47149774999997],[112.730871080461554,-7.471513809408187],[112.730970585127849,-7.471524395010984],[112.731054175127852,-7.471560505010975],[112.731040450106306,-7.471759395393078],[112.731108615534623,-7.471816922446648],[112.731150102985652,-7.471870612089152],[112.731185082601215,-7.471899083869268],[112.731214367860773,-7.471912913019611],[112.73127987,-7.47192182000001],[112.73147837,-7.47200172999993],[112.73154368,-7.47203009999993],[112.731609641692373,-7.472034999367037],[112.731701198584616,-7.472075545990745],[112.731741745208325,-7.472129172170487],[112.731760056586765,-7.472157293215963],[112.731798641277067,-7.472210919395706],[112.73184435,-7.47222932999996],[112.73217568,-7.47226706999993],[112.73224679,-7.47231802999992],[112.73226134,-7.47231958999993],[112.732415330218473,-7.472465599505244],[112.732460943579866,-7.472503610639738],[112.732544568075753,-7.472597878253283],[112.732550649857274,-7.472684543639929],[112.732552170302654,-7.472821383724106],[112.732559772529555,-7.472870037976259],[112.73256121,-7.47292093999993],[112.73260268,-7.47293061999996],[112.73268226,-7.47294920999994],[112.73273455,-7.47294791999998],[112.732740834,-7.47294776399994],[112.73286736,-7.47294463000001],[112.73310272,-7.47297065],[112.73335353,-7.47300430999994],[112.73361987,-7.47306484999995],[112.73371533,-7.47309123999998],[112.73375667,-7.47310673999994],[112.73376336,-7.47310995999992],[112.73385334,-7.47315320999996],[112.73390807,-7.47314518999997],[112.733909563,-7.473141545],[112.73391213,-7.47313527999996],[112.73395715,-7.47302526999995],[112.733974201,-7.47298666899997],[112.73417943,-7.47252206999996],[112.73421035,-7.47242824999997],[112.7342516,-7.47230836999995],[112.73427224,-7.47225362999994],[112.73427845,-7.47225834999995],[112.73434025,-7.47230541999995],[112.73443251,-7.47237926999996],[112.734442545,-7.47238730399993],[112.7344632,-7.47240383999997],[112.73457801,-7.47242160999997],[112.73472416,-7.47244965999991],[112.73476821,-7.4724333],[112.73489839,-7.47232664999998],[112.73494739,-7.47230946],[112.73501427,-7.472338],[112.73501563,-7.47233727999998],[112.73511821,-7.47237296],[112.73533113,-7.47247816999993],[112.73534484,-7.47246022999997],[112.73539546,-7.47207223],[112.73568281,-7.47219863000001],[112.73585771,-7.47224478999996],[112.73611339,-7.47227501999993],[112.73609568,-7.47241302999994],[112.73641385,-7.47241959],[112.73663006,-7.47236147999994],[112.73673166,-7.47233765999994],[112.73679684,-7.47233218999998],[112.73690649,-7.47236559999992],[112.7372819,-7.47233808999996],[112.73749303,-7.47231383999995],[112.73763912,-7.47232887999997],[112.73777462,-7.47230231999991],[112.73791011,-7.47227575999991],[112.73796872,-7.47228418999992],[112.73800668,-7.47213003999998],[112.73844673,-7.4721704099999],[112.7387179,-7.47216933999992],[112.7388745,-7.47215067999994],[112.73900078,-7.47208402999995],[112.73909717,-7.47207762999992],[112.739156016,-7.47214367099995],[112.73918796,-7.47217951999995],[112.739193725,-7.47218617799996],[112.739215,-7.47221074999994],[112.739250279,-7.47225150699995],[112.7392606,-7.47226342999996],[112.73948572,-7.47227070999997],[112.73992354,-7.47228488],[112.74185238,-7.47244513999992],[112.74219532,-7.47152713],[112.74425055,-7.47162726999992],[112.74424796,-7.47249333999997],[112.7442236,-7.47318808999992],[112.74464577,-7.47327663999994],[112.74492917,-7.47332362999993],[112.74511604,-7.47334093999997],[112.74530894,-7.47335821999995],[112.74545361,-7.47336966999996],[112.74556091,-7.47336924999994],[112.74562198,-7.47384637999994],[112.74555254,-7.47444089999994],[112.74553772,-7.47456769999996],[112.74551113,-7.47479532999998],[112.74551087,-7.47480021999998],[112.74550921,-7.47483119999992],[112.74547626,-7.47510636999994],[112.74542122,-7.47510906],[112.74539473,-7.47511916999997],[112.74539065,-7.47513600999997],[112.74534853,-7.47547213999996],[112.745336003,-7.47566067199994],[112.74532163,-7.47587698999996],[112.74528675,-7.47592614999998],[112.7452274,-7.47603384999997],[112.74522653,-7.4760350249999],[112.74522603,-7.47603569999998],[112.74508141,-7.47604307999997],[112.74507795,-7.47604043999997],[112.74488453,-7.47601406999996],[112.74478672,-7.47599538999998],[112.74475155,-7.47598219999997],[112.7446988,-7.47596460999998],[112.74465045,-7.47597120999997],[112.74461528,-7.47597340999992],[112.74457792,-7.47595361999993],[112.74453176,-7.47592504999994],[112.74449659,-7.47589867999994],[112.74445923,-7.47587449999998],[112.74442187,-7.47586350999996],[112.7443867,-7.47584811999998],[112.74436032,-7.47585031999993],[112.74432296,-7.47585031999993],[112.74428779,-7.47584811999998],[112.74421086,-7.47581075999994],[112.74415152,-7.47579756999991],[112.74404053,-7.47573492999996],[112.74395041,-7.47570196000002],[112.74391525,-7.47566019999993],[112.74388667,-7.47562942999994],[112.74384271,-7.47559645999995],[112.74380535,-7.47557227999991],[112.7437526,-7.47553711999997],[112.74369325,-7.47551293999992],[112.74366029,-7.47551733999996],[112.74361193,-7.47549095999992],[112.74356797,-7.47546019000001],[112.74353281,-7.47544040999998],[112.74326136,-7.47535798999997],[112.74316465,-7.47533380999991],[112.7431141,-7.47534039999996],[112.74307234,-7.47535138999997],[112.74303058,-7.47539974999994],[112.74298662,-7.47543271999995],[112.74296025,-7.47545249999992],[112.74275474,-7.47571734999998],[112.74263386,-7.47590196999994],[112.74251407,-7.47616242999995],[112.74241077,-7.47638221999996],[112.74232395,-7.47662508999997],[112.74229758,-7.47686686],[112.74230087,-7.47726138999996],[112.74233164,-7.47732951999996],[112.74236901,-7.47744381999996],[112.74245583,-7.47759436999998],[112.74264924,-7.47777239999993],[112.74278991,-7.47789987999994],[112.74309762,-7.47794383999994],[112.7434306,-7.4779449399999],[112.74352511,-7.47791856999989],[112.74359765,-7.47788339999994],[112.74363721,-7.47785701999993],[112.74368117,-7.47780427],[112.74376469,-7.47777569999995],[112.74384601,-7.47777349999993],[112.74388337,-7.47776250999993],[112.74431527,-7.47723170999997],[112.74439549,-7.47705917999998],[112.74443725,-7.47697784999997],[112.7445955,-7.47680861999992],[112.74482299,-7.47652617999998],[112.74486255,-7.47650639999994],[112.7449131,-7.47649320999996],[112.74495926,-7.47648881999992],[112.74498563,-7.47648661999992],[112.74502865,-7.47648939999994],[112.745227607,-7.47638505799995],[112.745386967034193,-7.476398759372564],[112.74555768277277,-7.476456433608572],[112.745765310022406,-7.476504879966818],[112.746079057866282,-7.476437977853049],[112.746171336643897,-7.476461047547452],[112.746239938708925,-7.476524264391949],[112.746321269,-7.47661521899997],[112.746358596,-7.47676452599992],[112.746323596626937,-7.476948971584079],[112.746229010879873,-7.477156598833708],[112.746134425132823,-7.477352691236135],[112.74597985818032,-7.477585695149607],[112.74588988637214,-7.477673359988338],[112.745682835864841,-7.477739108617387],[112.745625161628837,-7.477729880739626],[112.745467134222181,-7.477739108617387],[112.745247395382989,-7.47774314581391],[112.745200102509457,-7.47774545278335],[112.745166651452578,-7.47775006672223],[112.745073219190246,-7.477774289901354],[112.744982959010841,-7.477810913041211],[112.74473271,-7.4778229],[112.74462171,-7.47787046999996],[112.74435213,-7.47800683999998],[112.744135724483854,-7.478137349217024],[112.744016050444159,-7.478219102446568],[112.743862348605191,-7.478307488213249],[112.743823706867062,-7.478334595104172],[112.743795734862616,-7.478364585706895],[112.743772088425857,-7.478359683396837],[112.743719028128737,-7.478358529912117],[112.743565614660966,-7.478374678698199],[112.743382210590468,-7.478357376427397],[112.743293867234442,-7.478405336147067],[112.743175736825549,-7.478492334139656],[112.743041390449065,-7.478614361311774],[112.74280763,-7.47886630999994],[112.742669078667731,-7.479036528110516],[112.742611,-7.47919613999995],[112.742540095962156,-7.479507635155699],[112.74330446,-7.47967601999991],[112.74344893,-7.47971060999992],[112.743336204,-7.48013162799997],[112.743185924261041,-7.480700725182262],[112.74310016,-7.48101321999997],[112.74275358,-7.48093270999992],[112.742586032,-7.48089378999993],[112.74211245,-7.48078377999998],[112.741323450583423,-7.48069500786375],[112.740858746934975,-7.480684030612212],[112.740280611687297,-7.480702326031444],[112.739852498877283,-7.480738916869904],[112.739508544995772,-7.48074257595375],[112.738496808312334,-7.480824905340286],[112.737754014291539,-7.480868814346438],[112.737479583003093,-7.480873388201245],[112.737168560876171,-7.480891683620476],[112.736927061342328,-7.480877047285092],[112.736740448066158,-7.480873388201246],[112.73675874348541,-7.480450764017022],[112.736753254859636,-7.480209264483181],[112.736755084401537,-7.479922026401263],[112.7367660616531,-7.479728094957421],[112.736817288826941,-7.479283516270121],[112.73680833,-7.47896752999998],[112.73662661,-7.47839333999997],[112.7364364,-7.47802961999998],[112.73621902,-7.47780735000002],[112.73568575,-7.47746047999995],[112.73552611,-7.47717421999993],[112.73552516,-7.47717422999994],[112.73552065,-7.47716729999997],[112.73550328,-7.47716967999998],[112.73529851,-7.47717617999998],[112.73474489,-7.47718095999992],[112.7341386,-7.47725],[112.73410005,-7.47724829999992],[112.73390933,-7.47723989],[112.73378705,-7.47719610999996],[112.73368685,-7.47710181999998],[112.73335907,-7.47657475999994],[112.73318075,-7.47611506999998],[112.73308225,-7.47603087999995],[112.73296203,-7.47599617],[112.73294808,-7.47599214999996],[112.732915338,-7.47599484099989],[112.7327842,-7.47600561999997],[112.73265682,-7.47607717999997],[112.73255521,-7.47614544999991],[112.732550797,-7.47614841499992],[112.73239868,-7.47625061999996],[112.73234773,-7.47629607999995],[112.732107118,-7.47640271599995],[112.732081061,-7.47641426399997],[112.731697801,-7.47631795699996],[112.731833587,-7.47574303299998],[112.731774994,-7.47560172399995],[112.731774762,-7.47560136399993],[112.731589533,-7.47556240499997],[112.73157409,-7.47555777199995],[112.731506766,-7.47554517399994],[112.731227185,-7.47576815299995],[112.731123107,-7.47597438199998],[112.730941933,-7.47632516599997],[112.730819726,-7.47690564799995],[112.730795337,-7.47691452899995],[112.73035732,-7.47707402999991],[112.73002275,-7.47709423999993],[112.729774791,-7.47707751399998],[112.729683573,-7.47707136099995],[112.72952345,-7.47706055999995]]]]}},
{"type":"Feature","properties":{"kdkab":"15","kdkec":"070","nmkab":"SIDOARJO","nmkec":"CANDI","kddesa":"006","kdprov":"35","nmdesa":"KENDALPECABEAN","nmprov":"JAWA TIMUR","iddesa":"3515070006"},"geometry":{"type":"MultiPolygon","coordinates":[[[[112.74028722,-7.49769426999993],[112.74017453,-7.49772330999996],[112.73968153,-7.49778681999991],[112.73862549,-7.49776630999997],[112.738495587,-7.49777172499997],[112.73835656,-7.49777751999993],[112.73834698,-7.49777791999998],[112.73814072,-7.49778650999997],[112.737974003,-7.49778717299993],[112.73786683,-7.49778759999996],[112.73784086,-7.49778769999995],[112.73779116,-7.49775574999993],[112.73777322,-7.49774420999996],[112.73758,-7.49762],[112.73736726,-7.49749975999993],[112.73735962,-7.49749795999997],[112.73735489,-7.49749541999997],[112.73734818,-7.49748977],[112.73655707,-7.49668876999995],[112.7365248,-7.49665825999995],[112.7363494,-7.49649240999995],[112.73632996,-7.49647258999993],[112.73631267,-7.49645496999995],[112.736133482,-7.49633221599995],[112.73613108,-7.49633056999992],[112.73500735,-7.49556073999994],[112.73469092,-7.49530136999992],[112.734623122,-7.49524579699995],[112.734552919,-7.49518825300001],[112.735063344,-7.49397623999993],[112.73500972,-7.49393850499997],[112.734946986,-7.49386232699991],[112.734746369,-7.49366600899998],[112.733241647,-7.49312536199995],[112.733241434,-7.493094904],[112.733268586,-7.49300349299996],[112.733505393,-7.49220624099996],[112.732906958,-7.49197336599995],[112.73299923,-7.49182933],[112.73309671,-7.49147744999992],[112.733228440019175,-7.490814249151385],[112.733307156504225,-7.490824096286879],[112.733379412444151,-7.49078139959511],[112.733422109135915,-7.490699290572477],[112.733451668384063,-7.490581053579887],[112.733560052293939,-7.490170508466724],[112.73357647409847,-7.490048987113228],[112.733543630489407,-7.489911043955205],[112.733223024928151,-7.489791738713088],[112.733052567281973,-7.489747476230381],[112.732665505997019,-7.489649533715453],[112.732288568577857,-7.489571603493244],[112.732597464201874,-7.488584644304359],[112.73272554287523,-7.488219243383283],[112.732906359825861,-7.48771822974923],[112.733207015094038,-7.486831096585173],[112.73328141373517,-7.486648396124634],[112.733333210257484,-7.486500540597292],[112.73348233,-7.48650817],[112.7336016,-7.48651921999994],[112.73368634,-7.48654959999995],[112.73379053,-7.48663364000001],[112.73378368,-7.48684863999993],[112.73406858,-7.48691661999994],[112.73418716,-7.48693304999994],[112.73420327,-7.48693527999995],[112.73427212,-7.48694016],[112.734276546,-7.48694047399994],[112.73435717,-7.48694618999997],[112.73438144,-7.48695672999996],[112.73462437,-7.48699775999996],[112.73460264,-7.48712162999995],[112.7345904,-7.4871914],[112.73462437,-7.48718634999993],[112.73485429,-7.48717465999997],[112.7348893,-7.48717287999995],[112.734998,-7.48720823999997],[112.73516103,-7.48744733999995],[112.73533309,-7.48754018999992],[112.73542937,-7.48759214999996],[112.7358981,-7.48706342999996],[112.73592989,-7.48701251999994],[112.73603066,-7.48703556999995],[112.73608676,-7.48711787999998],[112.73611013,-7.48719071999995],[112.73613729,-7.48725203999992],[112.73617229,-7.48734786999993],[112.73619193,-7.48745143999996],[112.73618076,-7.48754360999995],[112.73614254,-7.48760517999997],[112.73603522,-7.48770157999996],[112.73596236,-7.48775560999993],[112.73590843,-7.48773662999996],[112.73587743,-7.48767917],[112.73591175,-7.48760224999995],[112.73589226,-7.48753706999995],[112.73584206,-7.48748736999994],[112.73576118,-7.48746080999995],[112.73569205,-7.48748795999994],[112.735501461,-7.48783880799994],[112.73538276,-7.48805731999993],[112.73532728,-7.48813238999997],[112.73634398,-7.48845467999996],[112.73777802,-7.48891461999995],[112.73779057,-7.48891892999997],[112.73796392,-7.48897851999994],[112.73796709,-7.48906222999997],[112.73797465,-7.48926158999996],[112.73806133,-7.48929482999994],[112.7380641,-7.48928730999996],[112.738205887,-7.48933097100001],[112.738251992,-7.48934516799995],[112.73865088,-7.489468],[112.738648145,-7.48947692199992],[112.738937711,-7.48957871699998],[112.737689002,-7.49385120399996],[112.73774312,-7.49386991999997],[112.737778908,-7.49388229999997],[112.73778148,-7.49388318999997],[112.73778154,-7.49388321],[112.73784405,-7.49385954999996],[112.7379329,-7.49382596999995],[112.73824031,-7.49370979999995],[112.73831622,-7.49368089999995],[112.73895654,-7.49343715000002],[112.73938659,-7.49325574999996],[112.74000476,-7.49299497999992],[112.74011778,-7.49291374999992],[112.74020819,-7.49277884],[112.74032261,-7.49211275999994],[112.74044194,-7.49161112999996],[112.74049496,-7.49133062999993],[112.74052161,-7.49113517999997],[112.740489743,-7.49111470899992],[112.740370959,-7.49083017999992],[112.740384233,-7.49062442699997],[112.7403891,-7.49054899699996],[112.740410264,-7.49039177599995],[112.740445685,-7.49030273199996],[112.74059949,-7.48991608299998],[112.7406984,-7.48993197999994],[112.74115373,-7.49008745999991],[112.74134448,-7.49012864999998],[112.74142689,-7.49015080999994],[112.7414267,-7.49015152999997],[112.74147766,-7.49016462000001],[112.74148564,-7.49016585999994],[112.741561518,-7.48990787399991],[112.74177194,-7.48919243999998],[112.74189946,-7.48875889999995],[112.742047098,-7.488256914],[112.742109124,-7.48804601999995],[112.74211133,-7.48803851999998],[112.742264897,-7.48751640900001],[112.742328754,-7.48729928599995],[112.74233052,-7.48729327999998],[112.742419784,-7.48697506499998],[112.742474217,-7.48678101599995],[112.742477977,-7.486767614],[112.742650425,-7.48681619599993],[112.743685067,-7.48710767899998],[112.74377856,-7.48680022999997],[112.7438991,-7.48638933999994],[112.74391961,-7.48635730999997],[112.744140612,-7.486581201],[112.74429217,-7.48673473999996],[112.744426299,-7.48682815199992],[112.74442756,-7.48682903],[112.74499992,-7.48722760999993],[112.74516506,-7.48737128999996],[112.7454431,-7.48746317999997],[112.74568239,-7.48753669999997],[112.74572043,-7.48755528999994],[112.74575521,-7.48757466999994],[112.74574691,-7.48758884999998],[112.74573809,-7.48776711999992],[112.745737792,-7.48777314099991],[112.74573298,-7.48787033999997],[112.74574459,-7.48798933999995],[112.745749298,-7.48803762799998],[112.74574999,-7.48804472999995],[112.74575527,-7.48809887999994],[112.74591659,-7.488451],[112.745917805,-7.48845365099991],[112.74601447,-7.48866463999993],[112.745771117,-7.48928295099993],[112.74574134,-7.48935860999996],[112.74591413,-7.48985748999993],[112.74569005,-7.48976697999993],[112.7451174,-7.48961468999996],[112.74508688,-7.48966314],[112.7450867,-7.48966340999989],[112.74489097,-7.49000024999997],[112.74472427,-7.49013617999998],[112.74460886,-7.49028235999998],[112.74451101,-7.49069484999998],[112.744510715,-7.49069609199995],[112.74447806,-7.49083376999993],[112.74456526,-7.49102356],[112.74457552,-7.49125181999995],[112.74477043,-7.49131592999997],[112.74472427,-7.49146468999991],[112.74549368,-7.49169550999994],[112.74556677,-7.49179680999992],[112.745519936,-7.49194549199996],[112.74551983,-7.49194582999995],[112.74552008,-7.49194628000001],[112.74553472,-7.49197281999994],[112.74567646,-7.49202435999997],[112.74563659,-7.49215781000001],[112.74558113,-7.49220288],[112.74527957,-7.49224619999996],[112.74519984,-7.49227912999993],[112.74513225,-7.49239178999991],[112.74512185,-7.49250616999994],[112.74509066,-7.49265522000002],[112.74495201,-7.49298798999996],[112.74466113,-7.49344197999993],[112.74539742,-7.49377512999997],[112.74558537,-7.49386017999997],[112.74573064411716,-7.493923239936378],[112.74721406,-7.49458574999993],[112.74733409,-7.49465667999993],[112.74728091,-7.49472550999997],[112.74724278,-7.4948295],[112.74727051,-7.49500627999991],[112.7473329,-7.49515878999994],[112.74757207,-7.49548115999995],[112.74773407,-7.49576066999996],[112.74771734,-7.49575459999995],[112.74782208,-7.49604486999996],[112.74783719,-7.49614686999996],[112.74793163,-7.49635462999994],[112.74812807,-7.49658128999996],[112.74816584,-7.49680793999995],[112.74816584,-7.49715547999996],[112.74815829,-7.49730280999994],[112.74805629,-7.49782410999994],[112.74786741,-7.49809231999995],[112.747522044101558,-7.498268490618132],[112.747149428251703,-7.498271305722381],[112.74701706,-7.49827989999994],[112.74699998,-7.498282],[112.74699318,-7.49828282999993],[112.74691546,-7.49829236999996],[112.74682417,-7.49830358],[112.746613247478876,-7.498185360384431],[112.746472348777687,-7.498120546981884],[112.746266636673937,-7.498041643709217],[112.746096149245503,-7.498013463968977],[112.74601161002478,-7.498010645994953],[112.74594095,-7.49802430999993],[112.745832668674282,-7.497974012332644],[112.745748129453574,-7.497934560696311],[112.74558718,-7.49786883999995],[112.74530007158377,-7.497793661995122],[112.745167626804658,-7.497747165423729],[112.744971777610004,-7.497699259865323],[112.744751975636163,-7.497651354306917],[112.744533582649311,-7.497599221787477],[112.744153156156116,-7.497516091553776],[112.743807954338195,-7.497458323086288],[112.743605060208466,-7.497413235501908],[112.743164047273723,-7.497385055761669],[112.743093597923135,-7.497414644488919],[112.742868160001237,-7.497438597268121],[112.742708944468887,-7.497482275865491],[112.742639904105303,-7.497480866878479],[112.742561000832637,-7.497490729787562],[112.742442645923603,-7.497497774722622],[112.742266522547126,-7.497500592696646],[112.74183909,-7.49751222999992],[112.741632676,-7.49752361399996],[112.741628654047346,-7.497523714804852],[112.74137183,-7.497538],[112.74132139,-7.49754077999998],[112.74118462,-7.49754833],[112.74028722,-7.49769426999993]]]]}},
{"type":"Feature","properties":{"kdkab":"15","kdkec":"070","nmkab":"SIDOARJO","nmkec":"CANDI","kddesa":"015","kdprov":"35","nmdesa":"DURUNGBANJAR","nmprov":"JAWA TIMUR","iddesa":"3515070015"},"geometry":{"type":"MultiPolygon","coordinates":[[[[112.68911142,-7.47591582999998],[112.68911138,-7.47591600999991],[112.68910667,-7.475936],[112.688667291,-7.47780059899998],[112.68827754,-7.47945458999993],[112.68819097,-7.47982196],[112.68819074,-7.47982295999998],[112.68811524,-7.47981217999994],[112.68797459,-7.47977711999994],[112.68769849,-7.47971372999995],[112.68767518,-7.47970837999995],[112.68713273,-7.4795838599999],[112.68660463,-7.47947286999991],[112.68610429,-7.47936771000001],[112.68573857,-7.47930392999994],[112.6854449,-7.47925270999997],[112.68434748,-7.4790613],[112.68400381,-7.47907273999993],[112.68379863,-7.47905048999997],[112.68376617,-7.47903020999994],[112.68364603,-7.47895512999995],[112.68352934,-7.47877076999994],[112.68343188,-7.4786868599999],[112.68323568,-7.47858641999993],[112.68318107,-7.47857583999997],[112.68301896,-7.47854445999995],[112.68282405,-7.47862582999992],[112.6826458,-7.47884165999995],[112.68263993,-7.47884998999996],[112.68257,-7.47884],[112.68254666,-7.47882922999994],[112.6825455,-7.47882868999996],[112.68254546,-7.47882786999998],[112.68244668,-7.47878030999997],[112.68244362,-7.47877883999997],[112.68236508,-7.47869495000001],[112.6823597,-7.47868918999993],[112.68230247,-7.47850989999993],[112.6821804,-7.47813033999993],[112.68216133,-7.47794913999998],[112.68230247,-7.47786902999995],[112.68250084,-7.47776984999996],[112.6825428,-7.47769928],[112.68250084,-7.47762870999996],[112.68242455,-7.47760009999997],[112.6824131,-7.47757529999997],[112.68236351,-7.47757529999997],[112.68235207,-7.47756957999995],[112.68219948,-7.47751044999992],[112.68217277,-7.47740935999994],[112.6821003,-7.47735976999996],[112.6815815,-7.47706984999994],[112.6814518,-7.47706031999998],[112.68135261,-7.47701072999996],[112.68121529,-7.47701454000001],[112.68116188,-7.47702979999995],[112.68111992,-7.47699927999995],[112.6810894,-7.47690963999998],[112.68097115,-7.47666930999995],[112.68090248,-7.47657012999995],[112.68090248,-7.47649001999998],[112.68092156,-7.47626876999992],[112.68087196,-7.47624015999997],[112.68071938,-7.47624015999997],[112.68066978,-7.47626304999995],[112.68064308,-7.47625159999994],[112.68050194,-7.47624587999996],[112.68035698,-7.47628783999992],[112.680293,-7.47638003999998],[112.68026924,-7.47636985999996],[112.68004036,-7.47608947999992],[112.68003273,-7.47600936999993],[112.68000984,-7.47579955999991],[112.67995262,-7.47574042999997],[112.67983055,-7.4757194499999],[112.67968178,-7.47566985999996],[112.67951012,-7.47562027],[112.67915153,-7.47560882999992],[112.67904091,-7.47551917999992],[112.67902947,-7.47544860999994],[112.67910194,-7.47525977999992],[112.67905235,-7.47513007999996],[112.67902947,-7.47500037999992],[112.67907143,-7.47488021999994],[112.67910957,-7.47472953999993],[112.67905998,-7.47467994999995],[112.67900276,-7.47468947999991],[112.67891121,-7.47469901999998],[112.67882347,-7.47471236999996],[112.67854118,-7.47474860999996],[112.67852211,-7.47467040999994],[112.67856026,-7.47455977999992],[112.67864037,-7.47448920999992],[112.67886162,-7.47428893999998],[112.67884254,-7.47422980999994],[112.67876244,-7.47414016999994],[112.67860222,-7.47403907999996],[112.67851067,-7.47403907999996],[112.67847252,-7.47404670999992],[112.67823982,-7.47409629999991],[112.67822075,-7.47410010999997],[112.67819786,-7.47410582999993],[112.67816353,-7.47411536999994],[112.67810249,-7.47411345999994],[112.67806435,-7.47409438999993],[112.67803001,-7.47404288999996],[112.6780262,-7.47400473999991],[112.67801475,-7.47395325],[112.67800331,-7.47391509999994],[112.67798805,-7.47385787999997],[112.67798042,-7.47381400999995],[112.67796898,-7.47377776999998],[112.67799187,-7.47374915999998],[112.6779995,-7.47373772],[112.678298142382005,-7.47209325960012],[112.678480334661998,-7.47109002923291],[112.67859078,-7.47048186999997],[112.67867851,-7.47025107999998],[112.6787281,-7.47012137999997],[112.67872857,-7.47012056999995],[112.67873053,-7.47011713999994],[112.67873404,-7.47010807],[112.678749596,-7.47006784299997],[112.6787602,-7.47004042299996],[112.678159353,-7.46948197199993],[112.678422865,-7.46917810199996],[112.678646577,-7.46869871899994],[112.678658755,-7.468672623],[112.679855473,-7.46891394999994],[112.67985911,-7.46899038999997],[112.67987186,-7.46925836999998],[112.67993,-7.46927],[112.67993081,-7.46927106999992],[112.68016509,-7.46931997000001],[112.68017131,-7.46931731999995],[112.68027926,-7.46936470999997],[112.68057303,-7.46947114999992],[112.68087274,-7.46956561999996],[112.68091084,-7.46958065999997],[112.68099266,-7.46961296999996],[112.6810613,-7.46961612999995],[112.68107214,-7.46961663],[112.68111242,-7.46961848999995],[112.68125617,-7.46963586999995],[112.68128657,-7.4696380899999],[112.682574550732994,-7.47011350478544],[112.68258849,-7.47011864999998],[112.68276855,-7.47018510999995],[112.68345163,-7.47043724999997],[112.683477558050996,-7.47044682033136],[112.68377958,-7.47055829999993],[112.68384014,-7.47057014999998],[112.684650218352004,-7.47089464596302],[112.685056594618786,-7.471085091851927],[112.685265651667365,-7.471165358249618],[112.685492266967103,-7.471255535967654],[112.685603454153181,-7.471209987447994],[112.685689561245198,-7.471163919738905],[112.685877080971196,-7.471241464347784],[112.68596181737297,-7.471258928029232],[112.68609029869657,-7.471076367441531],[112.686206185758522,-7.470994719012503],[112.686306978093796,-7.470855442331044],[112.686350887123695,-7.470773341986183],[112.686337772106455,-7.470731855211543],[112.686317169788495,-7.470688952262985],[112.68627928850465,-7.470591259201708],[112.686252000456349,-7.470525576506537],[112.686211683522245,-7.470422951583357],[112.68620801834642,-7.4703496480668],[112.686206319935664,-7.47032913896351],[112.68620801834642,-7.470305665956865],[112.686219013873909,-7.470243357967791],[112.686230009401385,-7.470192045506201],[112.686252000456349,-7.470155393747922],[112.686297358930261,-7.470080225847883],[112.686321213109395,-7.470046174730219],[112.686370202376807,-7.469961139429046],[112.686478325063732,-7.470061931764312],[112.686639592800162,-7.470219534324911],[112.686886992168539,-7.470098583522591],[112.687092242014899,-7.470021614830205],[112.687207695053473,-7.469999623775238],[112.687356134674502,-7.469955641665304],[112.687566882284614,-7.469851184154209],[112.687689665674839,-7.469787043577222],[112.687776739227473,-7.469748578451076],[112.68805779,-7.46974136999995],[112.68833897,-7.46968651999991],[112.68863831,-7.46968536999998],[112.689158986,-7.46971920899994],[112.68937121,-7.46971312999995],[112.68939876,-7.46971233999995],[112.68944044,-7.46971633999994],[112.689507948,-7.46972281199994],[112.689514251,-7.46972341599996],[112.68963833,-7.46973531999988],[112.68969571,-7.46976262999994],[112.69041,-7.46996],[112.69049,-7.46999],[112.6906,-7.47004],[112.69065,-7.47007],[112.69092,-7.47022],[112.69102064,-7.47027518999994],[112.69109406,-7.47031544999996],[112.69109465,-7.47031576999997],[112.691179149,-7.47036581299993],[112.690615678,-7.47328559599994],[112.690615672,-7.47328565999994],[112.690330198957994,-7.47419045898293],[112.690226538,-7.47451900999995],[112.690173843,-7.47468602699993],[112.689828102,-7.47485211799995],[112.689626686,-7.47600125199994],[112.68912142,-7.47587339999995],[112.68911142,-7.47591582999998]]]]}},
{"type":"Feature","properties":{"kdkab":"15","kdkec":"070","nmkab":"SIDOARJO","nmkec":"CANDI","kddesa":"011","kdprov":"35","nmdesa":"GELAM","nmprov":"JAWA TIMUR","iddesa":"3515070011"},"geometry":{"type":"MultiPolygon","coordinates":[[[[112.710095353,-7.49150639099996],[112.71009512,-7.49150629999996],[112.70997427,-7.49145916000001],[112.70994617,-7.49144158],[112.70895065,-7.49081874],[112.708720241,-7.49072275599995],[112.707656246,-7.49027951499995],[112.70748304,-7.49020735999995],[112.707115072,-7.49007173899998],[112.70711049,-7.49007004999994],[112.70536744,-7.4894275799999],[112.70534864,-7.48949407999994],[112.70532378,-7.48948515999996],[112.70503098,-7.49080924],[112.70503024,-7.49081196999998],[112.70501726,-7.49086029999993],[112.70493996,-7.49084260999995],[112.70488237,-7.49082393999994],[112.70475596,-7.49078296999994],[112.70469974,-7.49076474],[112.70452347,-7.49070758999996],[112.70438115,-7.49066071999994],[112.70437992,-7.49066031999997],[112.70437892,-7.49066004899995],[112.70456921,-7.48872043999997],[112.70463361,-7.48850636999992],[112.70482993,-7.48775701999995],[112.70479147,-7.48722558999997],[112.70478657,-7.48654895999992],[112.70479,-7.48655],[112.706041303,-7.48672978199994],[112.70612676,-7.4867420599999],[112.70618009,-7.48674972999993],[112.70618092,-7.48674984999994],[112.70621421,-7.48676055999994],[112.706235132,-7.48676729399995],[112.706829185,-7.48695850099996],[112.706925564,-7.48689914199997],[112.707125884,-7.48686544299993],[112.70746065,-7.48681987299996],[112.7074963,-7.48657700999997],[112.70767975,-7.48532729099998],[112.707842669,-7.48536498199996],[112.708025683,-7.484497355],[112.707952396,-7.48447292599995],[112.70795675,-7.48446165999998],[112.70809032,-7.48403082999992],[112.708159848,-7.48374921599998],[112.70818776,-7.48363615999993],[112.70823895,-7.48342879999997],[112.70827254,-7.48299918999996],[112.708272994,-7.48299339799997],[112.7082747,-7.48297162999997],[112.70847224,-7.48272140999994],[112.7086073,-7.48178965999994],[112.70862087,-7.48169606999994],[112.708662426402,-7.48148657273599],[112.70872263,-7.48118306999993],[112.708756495,-7.48104779399994],[112.708759828,-7.48103448099994],[112.708896699,-7.48108010499995],[112.709002072,-7.48078368999998],[112.70983572,-7.48107540999995],[112.70996325,-7.48112003999993],[112.710279,-7.48131892],[112.71034154,-7.48135831999998],[112.710513793,-7.48146681899992],[112.710520828,-7.48147124999998],[112.71054307,-7.48148525999993],[112.7105533,-7.48149169999992],[112.71080885,-7.48161125999997],[112.71158893,-7.47986622999998],[112.71160237,-7.47986419999997],[112.71163417,-7.47980010999991],[112.71170892,-7.47975222999998],[112.71186563,-7.47975841999991],[112.71190542,-7.47974672000001],[112.71197111,-7.47972740999996],[112.71210055,-7.47972690999996],[112.71218577,-7.47974357999997],[112.71234935,-7.47976333999995],[112.71239722,-7.47981074999995],[112.7125372,-7.47989179999994],[112.71262258,-7.47994925999997],[112.71266026,-7.48000350999996],[112.71275919,-7.48004051999993],[112.712800198,-7.48008692999994],[112.712981283,-7.48014613099998],[112.713233991,-7.48022874699996],[112.713252713,-7.48017070999993],[112.713730108,-7.48026224099992],[112.713641587,-7.48062347899995],[112.7136438,-7.48062396999996],[112.714388384,-7.48078908599996],[112.71451584,-7.48081734999993],[112.7145159,-7.48081712999991],[112.714524869,-7.48081846599996],[112.71488325,-7.48087185999995],[112.714910451,-7.480875914],[112.7150453,-7.48089601000001],[112.71504564,-7.48089597999996],[112.71504589,-7.48089602999996],[112.715042014,-7.48091240599997],[112.71493082,-7.48138215999993],[112.714924712,-7.48140796099994],[112.714903782,-7.48147551799996],[112.71482326,-7.48173541799998],[112.714225244,-7.48400309700002],[112.715429933,-7.484294916],[112.71542304,-7.48446572999996],[112.715288813,-7.48515390199998],[112.71528869,-7.4851545299999],[112.71524294,-7.48538912000001],[112.71524297,-7.48538912999994],[112.71559628,-7.48548483999998],[112.7154265,-7.48610233999992],[112.7152895,-7.48660061999992],[112.716345962,-7.48685051399996],[112.71634713,-7.48685078999997],[112.71644805,-7.48687466099992],[112.716604949,-7.48690540699995],[112.716616285,-7.48690820499997],[112.716893177,-7.48697655699995],[112.717222119,-7.487057759],[112.717944658,-7.48722866699996],[112.71805514,-7.48725479999996],[112.71805495,-7.48725528199997],[112.718006512,-7.487378431],[112.717850881364683,-7.487774099442596],[112.717792645,-7.48792215699996],[112.71767665,-7.48821705999997],[112.717561633,-7.48850841399994],[112.717495128341895,-7.488676331963456],[112.71742357,-7.48885700999995],[112.71742362,-7.48885702999996],[112.71733823,-7.48908904999998],[112.717337873,-7.48908979799996],[112.717511661,-7.48915535399995],[112.717428604,-7.48945000899992],[112.7174302,-7.48963570999997],[112.717431201,-7.48975190300001],[112.717185382,-7.49068894599998],[112.717177482,-7.49068661199991],[112.716884772,-7.49060014599995],[112.71659897,-7.49051571999994],[112.715935089,-7.490319604],[112.715638583,-7.49022763999992],[112.714894535,-7.48999686599995],[112.71489329245,-7.49000118462708],[112.714838245170995,-7.4898860834285],[112.714804697857005,-7.48966715015875],[112.714801632924591,-7.489342412742303],[112.714840461234004,-7.4890022712535],[112.714840298642997,-7.48900213709699],[112.71473702,-7.48891691999993],[112.71452687,-7.48885852999997],[112.71434856,-7.48877268999994],[112.71417472,-7.48866404999993],[112.71396,-7.48853660999992],[112.71396,-7.48853803],[112.713889077,-7.48851036799993],[112.71381183,-7.48848024],[112.71368821,-7.48843531999995],[112.71355174,-7.48842936999995],[112.71353651,-7.48842515999997],[112.71350671,-7.48842247999994],[112.71340014,-7.48839661999994],[112.71333786,-7.48838014999996],[112.71328744,-7.48836717999997],[112.713022437,-7.48923137899994],[112.71276409,-7.49007386999995],[112.71274015,-7.49015193999998],[112.712665648,-7.49039489299997],[112.71212695,-7.49215158999992],[112.71198956,-7.49212925999996],[112.711964471538465,-7.492125177307635],[112.71193026,-7.49211960999996],[112.71172643,-7.49207933999998],[112.71146227,-7.49205287999993],[112.71122589,-7.49202919999993],[112.71123164,-7.49196509999998],[112.711158643,-7.49196085299997],[112.711155196911108,-7.491960652399944],[112.711149521,-7.49196032199995],[112.71114468,-7.49196004],[112.71099393,-7.49195352999997],[112.71093624,-7.49195437999996],[112.71035042,-7.49160588999993],[112.71010218,-7.49150905999994],[112.710101337,-7.49150872999995],[112.710095353,-7.49150639099996]]],[[[112.712854829289824,-7.492600582745827],[112.71212695,-7.49215158999992],[112.712854559572875,-7.492597438080097],[112.712854688677751,-7.492598943331011],[112.712854829289824,-7.492600582745827]]]]}},
{"type":"Feature","properties":{"kdkab":"15","kdkec":"070","nmkab":"SIDOARJO","nmkec":"CANDI","kddesa":"003","kdprov":"35","nmdesa":"NGAMPELSARI","nmprov":"JAWA TIMUR","iddesa":"3515070003"},"geometry":{"type":"MultiPolygon","coordinates":[[[[112.71513057,-7.50068776999997],[112.71497584,-7.50051070999997],[112.71497686,-7.50047469999992],[112.71487463,-7.50039488999991],[112.71483395,-7.50034833999995],[112.71456761,-7.50015370999997],[112.71456609,-7.50015258999998],[112.71406201,-7.50020041999997],[112.71394854,-7.50017520999994],[112.713930485,-7.50017600699992],[112.71392499,-7.50017625],[112.71384,-7.50018],[112.71378366,-7.50015746],[112.71378093,-7.500156368],[112.71370729,-7.50012691999998],[112.71368157,-7.50011662999997],[112.71359,-7.50008],[112.71349,-7.5],[112.71331,-7.49986],[112.71322615,-7.49982053999996],[112.7128,-7.49962],[112.71264663,-7.49957597999994],[112.712637539,-7.49957336999997],[112.71257171,-7.49955447000001],[112.71244822,-7.49951902999992],[112.71172,-7.49931],[112.71144112,-7.49917055999991],[112.71144,-7.49916999999989],[112.71142619,-7.49916233999992],[112.71207194,-7.49628773999993],[112.712072084,-7.49628709899997],[112.71215384,-7.49592314999996],[112.71238222,-7.49490647999997],[112.71259144,-7.49383206999994],[112.71275679,-7.49313954999998],[112.71276897,-7.49308854999993],[112.712772643,-7.49307315599997],[112.71277487,-7.49306382],[112.71286048,-7.49270527999993],[112.712861768,-7.49269989299997],[112.71286293,-7.49269502999997],[112.712879332,-7.49261409199994],[112.712854688677751,-7.492598943331011],[112.712854559572875,-7.492597438080097],[112.71212695,-7.49215158999992],[112.712665648,-7.49039489299997],[112.71274015,-7.49015193999998],[112.71276409,-7.49007386999995],[112.713022437,-7.48923137899994],[112.71328744,-7.48836717999997],[112.71333786,-7.48838014999996],[112.71340014,-7.48839661999994],[112.71350671,-7.48842247999994],[112.71353651,-7.48842515999997],[112.71355174,-7.48842936999995],[112.71368821,-7.48843531999995],[112.71381183,-7.48848024],[112.713889077,-7.48851036799993],[112.71396,-7.48853803],[112.71396,-7.48853660999992],[112.71417472,-7.48866404999993],[112.71434856,-7.48877268999994],[112.71452687,-7.48885852999997],[112.71473702,-7.48891691999993],[112.714840298642997,-7.48900213709699],[112.714840461234004,-7.4890022712535],[112.714801632924591,-7.489342412742303],[112.714804697857005,-7.48966715015875],[112.714838245170995,-7.4898860834285],[112.71489329245,-7.49000118462708],[112.714894535,-7.48999686599995],[112.715638583,-7.49022763999992],[112.715935089,-7.490319604],[112.71659897,-7.49051571999994],[112.716884772,-7.49060014599995],[112.717177482,-7.49068661199991],[112.717185382,-7.49068894599998],[112.717431201,-7.48975190300001],[112.7174302,-7.48963570999997],[112.7183239,-7.49016782999997],[112.71873641,-7.4904134299999],[112.71882162,-7.49047095999992],[112.71867295,-7.49077294999998],[112.71951058,-7.49108212999993],[112.71955026,-7.49099950999991],[112.71957844,-7.49100856999994],[112.71982172,-7.49111708999992],[112.71982,-7.49113],[112.7199,-7.49115],[112.71995538,-7.49116581999994],[112.72022049,-7.49128883999998],[112.72032689,-7.49135022999997],[112.72036439,-7.49136327099996],[112.720277786,-7.49163004999996],[112.720270094,-7.49165374499994],[112.720463374,-7.49174642799997],[112.720503487,-7.49176566399995],[112.72041012,-7.49195014799997],[112.72097498,-7.49224151099998],[112.72090413,-7.49244826999994],[112.72070446,-7.49278565],[112.72070446,-7.49379778999998],[112.720753232,-7.49429463899995],[112.720756399,-7.49431117099996],[112.72076275,-7.4943443139999],[112.720810173,-7.49504059799993],[112.720693274,-7.49536307199994],[112.72059298,-7.49563973999994],[112.720592289,-7.49564164699994],[112.720575298,-7.49568851699996],[112.72051457,-7.49585604],[112.720514306,-7.49585676899991],[112.72049377,-7.49591343000001],[112.72019262,-7.49674418999994],[112.720192561,-7.49674435199997],[112.72018458,-7.49676636],[112.72011782,-7.49695052999997],[112.720117004,-7.49695277999994],[112.719989193,-7.49730535799994],[112.71994862,-7.49741728],[112.719947495,-7.49742038399994],[112.71993582,-7.49745258999997],[112.71966081,-7.49821123999994],[112.719659799,-7.49821402899995],[112.719562625,-7.49848209600002],[112.71953196,-7.49856668999995],[112.71948949,-7.49868385999998],[112.719442027,-7.49881479199996],[112.71918752,-7.49951687999993],[112.71917292,-7.49957676999997],[112.71915298,-7.49965863],[112.718922986,-7.49991073299998],[112.71876028,-7.50008907999996],[112.718760443,-7.50009297199996],[112.71878405,-7.50065543999996],[112.7188494,-7.50117228999996],[112.718735132,-7.50130701099996],[112.71872705,-7.50131653999995],[112.71870335,-7.50134447999995],[112.71843668,-7.50168733999993],[112.71835838,-7.50169284999992],[112.71768208,-7.50151755999996],[112.71763844,-7.50150470999995],[112.71756908,-7.50148426999993],[112.717563792,-7.50148271199992],[112.71743485,-7.50144471999994],[112.71742417,-7.50144156999994],[112.71725159,-7.50135719999996],[112.71720385,-7.50130992599995],[112.71720243,-7.50130851999995],[112.716922912,-7.50123111699997],[112.71692231,-7.50123094999995],[112.71681486,-7.50120119999998],[112.71668959,-7.50116650999996],[112.71619129,-7.50105324],[112.71616111,-7.50104700999998],[112.71611353,-7.50103160999992],[112.71588165,-7.50098623999995],[112.715880959,-7.50098610499998],[112.7158278,-7.50097571],[112.71573291,-7.50093850999997],[112.71546154,-7.50083212999996],[112.71528405,-7.50076254999993],[112.71526708,-7.50075589799995],[112.71515,-7.50071],[112.71513057,-7.50068776999997]]]]}},
{"type":"Feature","properties":{"kdkab":"15","kdkec":"070","nmkab":"SIDOARJO","nmkec":"CANDI","kddesa":"007","kdprov":"35","nmdesa":"KEDUNG PELUK","nmprov":"JAWA TIMUR","iddesa":"3515070007"},"geometry":{"type":"MultiPolygon","coordinates":[[[[112.7481,-7.48571],[112.747990316,-7.4856651289999],[112.74797702,-7.48565968999998],[112.74788,-7.48561999999989],[112.74787052,-7.48561864999992],[112.74778688,-7.48560669999992],[112.74767438,-7.48559062999996],[112.74754153,-7.48563418],[112.74719837,-7.48583868999998],[112.7471253,-7.48591647999995],[112.74711877,-7.48579085999995],[112.747036327,-7.48420387399995],[112.747036243,-7.48420225199991],[112.747227413,-7.48416964999996],[112.747234793,-7.48416832799996],[112.7474046,-7.48383516199993],[112.74811703,-7.48361192999994],[112.748127417,-7.48360769799996],[112.74832472,-7.48352730999992],[112.74857426,-7.48322459999994],[112.74902945,-7.48274295999995],[112.74907,-7.48269694999995],[112.74919834,-7.48255133999994],[112.74924939,-7.48249335],[112.749297983,-7.48243815799998],[112.74930123,-7.48243446999994],[112.74936843,-7.48235813999997],[112.74944437,-7.48227188999993],[112.7494614,-7.48225254999996],[112.74939807,-7.48207878999994],[112.74932013,-7.48188716999995],[112.74949713,-7.48126846999998],[112.74954165,-7.48111737999996],[112.74954682,-7.48109982999997],[112.74970336,-7.48056857999994],[112.7498595,-7.47993700999997],[112.749870933,-7.47989075299994],[112.74988361,-7.47983945999993],[112.74989653,-7.47980384999996],[112.749908821,-7.47976995399997],[112.74990884,-7.47976992999996],[112.75000291,-7.47977216999993],[112.750074864,-7.479630065],[112.75011904,-7.47954281999994],[112.75014875,-7.47941771999995],[112.750152609,-7.47940147199996],[112.7501793,-7.47928909999998],[112.750214237,-7.47896717199998],[112.7502237,-7.47887997999994],[112.750223654,-7.47887995299992],[112.750226784,-7.47887816299993],[112.750705409,-7.47849642699993],[112.7511645,-7.47844198899997],[112.751294721,-7.47838064299998],[112.751428839,-7.47811914100001],[112.751387679,-7.47773025099997],[112.751161502,-7.47742890999998],[112.751097943,-7.47719183899994],[112.751165312,-7.47706462899993],[112.75136662,-7.4769185659999],[112.751487547,-7.47675098899997],[112.751835327,-7.47583210399997],[112.752021419175747,-7.475549838902036],[112.752040686434967,-7.475879151392449],[112.752052887761621,-7.476102271543417],[112.752030483880347,-7.476245042217999],[112.752091429859917,-7.476341574505367],[112.752269148235158,-7.476281783548664],[112.752483365342712,-7.476280698985575],[112.752721437468793,-7.476142918545419],[112.753043820043018,-7.476083888387222],[112.753234082237682,-7.476084673267121],[112.753435413033102,-7.476185557181793],[112.753315841826165,-7.476781775681713],[112.753602226924485,-7.477496780508683],[112.754005969509592,-7.477595547028779],[112.754394563899609,-7.477867458211051],[112.754857631726395,-7.477568765608454],[112.755252293022778,-7.477853282193788],[112.7554475910527,-7.478139260466377],[112.755522902131872,-7.478411519494628],[112.755746077583268,-7.47894255901024],[112.75537619546725,-7.480496289041151],[112.755425402,-7.48071036599994],[112.755629569,-7.48076140699992],[112.755773242,-7.48082190099994],[112.755877216,-7.48087861499992],[112.755960709,-7.48085971099993],[112.75597741,-7.48085592899997],[112.756356779,-7.48085883599993],[112.756470814,-7.48085970999994],[112.756610706,-7.48087672399996],[112.75671279,-7.48056858299996],[112.757068192,-7.48065554299993],[112.757372553,-7.48079543499992],[112.757510555,-7.48087105299993],[112.757625808,-7.48090996899998],[112.757449367,-7.48143410199997],[112.757433992,-7.48147977399998],[112.757384841,-7.48153270599997],[112.75733947,-7.48156106299994],[112.757307333,-7.48157996699994],[112.757179966,-7.48182193099998],[112.756949095,-7.48226052499998],[112.75694001,-7.48228042499993],[112.756929245,-7.48230400499997],[112.756915067,-7.48235126599997],[112.756905188,-7.48268080099994],[112.75720891,-7.48268646299994],[112.757739178,-7.48281477699993],[112.758078039,-7.48280768799997],[112.758126245,-7.48293812799996],[112.758496682481152,-7.482730810784726],[112.75888742532257,-7.482660199066896],[112.759329486135783,-7.482774213676479],[112.75959707334097,-7.482797624523437],[112.760138837180179,-7.482678483212772],[112.760618524098376,-7.482498397706947],[112.760967911917149,-7.4824932781435],[112.76135881635291,-7.482602817149988],[112.762056166719105,-7.4826995144383],[112.762707647056601,-7.48266332876412],[112.763001869363407,-7.482631574099063],[112.763227399454493,-7.482591827030709],[112.76336579263598,-7.482641604515117],[112.763449242391218,-7.482730192561974],[112.76361153,-7.48282345999998],[112.76364052,-7.48282233999994],[112.76378633,-7.48274252999996],[112.76392678,-7.48272247999992],[112.76402,-7.48277998999991],[112.76410893,-7.48287104999996],[112.76424702,-7.48296838999995],[112.7643705,-7.48307457999994],[112.7644124,-7.48310625999998],[112.76470227,-7.48335445999993],[112.76472945,-7.48339527999995],[112.764732,-7.48339762999996],[112.76473649,-7.48340586999994],[112.76480832,-7.48351377999995],[112.76481771,-7.48355475999994],[112.76483234,-7.48358157999997],[112.76488251,-7.48386030999995],[112.76478774,-7.48424493999996],[112.76472085,-7.48444004999992],[112.7644923,-7.48453481999998],[112.76429719,-7.48456268999997],[112.76419685,-7.48464629999995],[112.76406306,-7.48496961999998],[112.76414665,-7.48509719999991],[112.76415496,-7.48510212999997],[112.7644323,-7.48514387999993],[112.76456921,-7.48521345999997],[112.76457272,-7.48522024999995],[112.76457591,-7.48522047999995],[112.76472364,-7.48544623999993],[112.76476266,-7.48560231999997],[112.76493547,-7.48584759999996],[112.76497981,-7.48589622999997],[112.76507198,-7.485979],[112.76528407,-7.48629762999998],[112.76529908,-7.48633031999997],[112.76530895,-7.48634372999996],[112.76541487,-7.48654997999992],[112.76550406,-7.48666704999996],[112.76553381,-7.48675297999995],[112.76558283,-7.48681463],[112.76569634,-7.48688819999995],[112.76598926,-7.48692208999994],[112.76618454,-7.48694467999997],[112.76623798,-7.48700136999995],[112.76628727,-7.48703216999996],[112.76633744,-7.48714365999994],[112.76635417,-7.48731089999995],[112.7663825,-7.48741004999992],[112.76664393,-7.48760128999992],[112.76701,-7.48772998999993],[112.7671518,-7.48769276000001],[112.76725314,-7.48765339999992],[112.76742865,-7.48761372999996],[112.76758464,-7.48757413999992],[112.76771303,-7.48746452999997],[112.7678609,-7.48734705999993],[112.76798173,-7.48729981999997],[112.76809,-7.48736998999992],[112.76822834,-7.48746635999993],[112.76845148,-7.48762130999995],[112.76860029,-7.48773683999993],[112.76873167,-7.48779865999993],[112.76884381,-7.48785098999994],[112.76910833,-7.48787191999997],[112.76920994,-7.48789878999998],[112.76925718,-7.487996],[112.76925758,-7.48800172999995],[112.76931142,-7.48810525999992],[112.76926682,-7.48829478999995],[112.76928355,-7.48843414999993],[112.76931031,-7.48852335999993],[112.76934545,-7.48858786999993],[112.7693497,-7.48867356999997],[112.76934913,-7.48867418999993],[112.76935601,-7.48870172999994],[112.76923337,-7.48879091999991],[112.76910516,-7.48884108999993],[112.76906561,-7.48891076999996],[112.76905414,-7.48897673999997],[112.76908258,-7.48909998999994],[112.76914136,-7.48928609999995],[112.7691578,-7.48934320999997],[112.76926961,-7.48961871999995],[112.76941455,-7.48984727999993],[112.76946794,-7.48988809999996],[112.76953035,-7.48990791999994],[112.76976039,-7.48983687000001],[112.76989227,-7.48962593999993],[112.77006737,-7.48948497999993],[112.77026248,-7.48946470999992],[112.77040738,-7.48957712],[112.77047051,-7.48974439999994],[112.77046974,-7.48976618999996],[112.77051829,-7.48985842999993],[112.77047927,-7.49010927999996],[112.77053938,-7.49020846999994],[112.77060525,-7.49024256999996],[112.77070681,-7.49025773999998],[112.77092,-7.49027998999996],[112.77107786,-7.49030300999993],[112.77119251,-7.4904101999999],[112.77120952,-7.4904158699999],[112.77123265,-7.49045772999997],[112.7713054,-7.49057871999995],[112.77130613,-7.49059068999996],[112.77132659,-7.49062769999998],[112.77133774,-7.49080050999991],[112.77134888,-7.49109037999997],[112.77144922,-7.49121301999996],[112.77162203,-7.49144156999996],[112.77165861,-7.49150610999992],[112.7716605,-7.49150846999993],[112.77167502,-7.49153507999996],[112.7717168,-7.49160880999998],[112.77183386,-7.49177046999994],[112.7718893,-7.49189141999995],[112.77209,-7.49187998999995],[112.77237506,-7.49168016999993],[112.77254033,-7.49158413000002],[112.77273801,-7.49162783999995],[112.77301829,-7.49172931999993],[112.77306731,-7.49174156999995],[112.77333,-7.49174998999995],[112.77347719,-7.49165665999994],[112.77358434,-7.49137008999998],[112.77369165,-7.49112165999997],[112.77386883,-7.49082208999994],[112.77383987,-7.49065287999994],[112.77380892,-7.49058905999994],[112.77370156,-7.49042216999996],[112.77362411,-7.49017448999994],[112.77362955,-7.48994556],[112.77373077,-7.48976710999994],[112.77378112,-7.48961428999994],[112.77372005,-7.48943386999996],[112.77371245,-7.48942361999998],[112.77354243,-7.48925359999993],[112.77340307,-7.48912538999998],[112.77323584,-7.48902504999996],[112.77314665,-7.48889682999991],[112.77314442,-7.48888747999995],[112.77310267,-7.48884762999995],[112.77312746,-7.48867583999991],[112.7733431,-7.48843333999998],[112.77337452,-7.48832511999993],[112.77331184,-7.48813991999998],[112.77329888,-7.48812408],[112.77290072,-7.48774837999997],[112.77270217,-7.48748848],[112.77242464,-7.48660573999997],[112.77238282,-7.48646795],[112.7723495,-7.48639389999996],[112.7723164,-7.48624909999997],[112.7722955,-7.48618021999996],[112.77231118,-7.48610463999996],[112.77231605,-7.48603155999998],[112.772375,-7.48579003999992],[112.77238058,-7.48577011999992],[112.77238924,-7.48572837999996],[112.77243916,-7.48546746999993],[112.7724399,-7.48546535999998],[112.77244468,-7.48542073999995],[112.77250043,-7.48528833999996],[112.77250459,-7.48528506999998],[112.7725591,-7.48519356999997],[112.77258592,-7.48504292999995],[112.77259785,-7.48504717999997],[112.77274358,-7.48512287999991],[112.77297296,-7.48512830999993],[112.77317629,-7.48499395999992],[112.77332196,-7.48477718],[112.77333494,-7.48472321999998],[112.77334008,-7.48457411999992],[112.77337842,-7.48454253999996],[112.77339088,-7.48449075999997],[112.77345065,-7.48448305999994],[112.77345854,-7.48447655999994],[112.77354912,-7.48445566000001],[112.77359162,-7.48446490000002],[112.77364559,-7.48445793999994],[112.773936,-7.48452359999993],[112.77398837,-7.48453124999997],[112.77441654,-7.48446755999996],[112.77482405,-7.48440868999993],[112.77509386,-7.48443134999995],[112.77520404,-7.48443824],[112.77524585,-7.48443824],[112.77557683,-7.4845462399999],[112.77575104,-7.48474135000001],[112.77579309,-7.48481251999992],[112.77584529,-7.48486874999998],[112.77599265,-7.48507163999995],[112.77619038,-7.48512806999997],[112.77644512,-7.48510160999997],[112.77651036,-7.48514463999994],[112.77651752,-7.48514549999994],[112.77664992,-7.48520820999993],[112.77678928,-7.48527091999995],[112.7768938,-7.48540331999994],[112.7769147,-7.48559841999997],[112.7768938,-7.48579352999997],[112.77693605,-7.48592497999995],[112.77701481,-7.48604186999997],[112.77711678,-7.48613496999994],[112.77721782,-7.486236],[112.77724569,-7.48637535999992],[112.77725603,-7.48640048999998],[112.77736326,-7.48651674999994],[112.77737464,-7.48652054999995],[112.77763561,-7.48645119999998],[112.77782564,-7.48617700999995],[112.7781055,-7.48606142999993],[112.7783125,-7.4860639799999],[112.77831348,-7.48605726999996],[112.77838576,-7.48606487999993],[112.77849416,-7.48606621999995],[112.77879365,-7.48607772999996],[112.7791093,-7.48589882999995],[112.77913262,-7.48587552],[112.77919671,-7.48584928999995],[112.77930217,-7.48578952999996],[112.77961966,-7.48550692999994],[112.77963623,-7.48547142999995],[112.77968822,-7.48515210999994],[112.77986498,-7.48505034999992],[112.77987689,-7.48503673999995],[112.77989275,-7.48503435999994],[112.77991069,-7.48502402999996],[112.78020974,-7.4849274499999],[112.78031745,-7.48478075999997],[112.78039313,-7.48458969999998],[112.78049404,-7.48433493999993],[112.78043546,-7.48402995999992],[112.78058127,-7.48385132999993],[112.78080376,-7.48372961999996],[112.78097296,-7.48375785999998],[112.78103463,-7.48374905000001],[112.78116984,-7.48383918999995],[112.78129,-7.48389998999994],[112.7815,-7.48399999],[112.78197742,-7.48406823999995],[112.78228346,-7.48412422999996],[112.7824629,-7.48423312999996],[112.78246408,-7.48423340999995],[112.78246615,-7.48423509999998],[112.78256448,-7.48429477999998],[112.78271181,-7.48449129999995],[112.78285544,-7.48467325999995],[112.78288938,-7.48469414999994],[112.78311384,-7.48485953999994],[112.78335011,-7.48500129999998],[112.78344781,-7.48513156999994],[112.78358137,-7.48525082],[112.78390056,-7.48540848999995],[112.78392601,-7.48541965999993],[112.78395261,-7.48542658999998],[112.784088,-7.48549073000002],[112.78413033,-7.48550929999991],[112.78413176,-7.48551144999994],[112.78417707,-7.48553291999995],[112.78427158,-7.48568649999995],[112.78427158,-7.48595820999998],[112.78415344,-7.48618266999997],[112.78416573,-7.48628095],[112.7842054,-7.48641889999991],[112.78424795,-7.48648982999995],[112.78426231,-7.48652572999994],[112.78449231,-7.48678591999995],[112.78470915,-7.48684226999996],[112.78486144,-7.48668904999993],[112.78489208,-7.48639006999997],[112.78495643,-7.48635116999997],[112.78496268,-7.48633033999993],[112.7849858,-7.48633341999993],[112.78505096,-7.48629403999995],[112.78548517,-7.48653390999992],[112.78585534,-7.48669137999997],[112.78621859,-7.48671533999993],[112.78645416,-7.48667622999995],[112.78648554,-7.48672485999997],[112.78660478,-7.48676744999995],[112.78673473,-7.48692102999998],[112.78678292,-7.48705754999995],[112.78678487,-7.48705738999993],[112.78681743,-7.48726361999993],[112.78693609,-7.48743622999995],[112.7869574,-7.48745949999994],[112.78712703,-7.48757555999992],[112.78718424,-7.48760162999997],[112.78733093,-7.48763918999995],[112.78752,-7.48768998999997],[112.78779,-7.48779998999993],[112.78791,-7.48782998999997],[112.78816004,-7.48785201999994],[112.7884024,-7.48791461999998],[112.78859394,-7.48801557999998],[112.78864362,-7.48807959999997],[112.78876669,-7.48818508999997],[112.78887301,-7.48827959999996],[112.78898235,-7.48848985999995],[112.78906131,-7.48857323999993],[112.78925306,-7.48862179999997],[112.7892717,-7.48861806999995],[112.78939895,-7.48856550999994],[112.78962136,-7.48842471999997],[112.78973539,-7.48826528999995],[112.78988788,-7.48816292999993],[112.79023813,-7.48812334999997],[112.79058209,-7.48810287999991],[112.79079896,-7.48816557999994],[112.79087586,-7.48826622999996],[112.79091678,-7.48829141999995],[112.79102114,-7.48844319999997],[112.79118286,-7.48856460999996],[112.79141258,-7.4886526999999],[112.79167368,-7.48864297999996],[112.79222115,-7.48851587999998],[112.79253344,-7.48854003999996],[112.7928394,-7.48857694999997],[112.79295,-7.48858998999998],[112.79306881,-7.48858872999998],[112.79316448,-7.48861377999997],[112.7932791,-7.48860059],[112.79335548,-7.48858120999993],[112.79342,-7.48855998999993],[112.79348,-7.48855998999993],[112.79356,-7.48854998999995],[112.79360103,-7.48854412999997],[112.79372307,-7.48845968999996],[112.79384553,-7.48832941999993],[112.79395011,-7.48812206999995],[112.79413911,-7.48793540999998],[112.79434966,-7.48786089999992],[112.7944936,-7.48782523999994],[112.79461302,-7.48781071999996],[112.79473601,-7.48781022],[112.79484141,-7.48780277999997],[112.7950945,-7.48781927999994],[112.79519302,-7.48785044999996],[112.79525989,-7.48787472999993],[112.79530215,-7.48789559999994],[112.79533,-7.48792998999996],[112.79541,-7.48796998999996],[112.79549,-7.48799998999993],[112.79555,-7.48802998999996],[112.79562,-7.4880699899999],[112.79571,-7.48810998999994],[112.79579,-7.48814998999997],[112.79586,-7.48818998999993],[112.79594,-7.48823998999994],[112.79601,-7.48826998999993],[112.79606,-7.48829998999994],[112.79611,-7.48832998999995],[112.79616,-7.48835998999992],[112.79621,-7.48838998999995],[112.79627,-7.48841998999992],[112.79632,-7.4884499899999],[112.79638,-7.48847998999997],[112.79643,-7.48850998999993],[112.79648,-7.48853998999998],[112.79655,-7.48857998999994],[112.79662,-7.48861999],[112.79668,-7.48865998999997],[112.79675,-7.4886999899999],[112.79679445,-7.48879395999993],[112.79708353,-7.48916562999995],[112.79721348,-7.48940189999996],[112.79736805,-7.48955646999996],[112.79736826,-7.48955663999992],[112.79755504,-7.48968564999994],[112.79782991,-7.48987041],[112.79790955,-7.48993288999997],[112.79791049,-7.48993351999998],[112.79791189,-7.48993472999996],[112.798119,-7.49009720999992],[112.79822828,-7.49018092999996],[112.79842892,-7.49026077999995],[112.79864714,-7.49034406999993],[112.79872821,-7.49040335999994],[112.79892206,-7.49054285999994],[112.79907732,-7.49069653999992],[112.79925406,-7.49094834999997],[112.79934647,-7.49120048999991],[112.79939993,-7.49139370999996],[112.7994699,-7.49159925],[112.79958512,-7.49184016999993],[112.79972956,-7.49206874000002],[112.79985327,-7.49224008999992],[112.80006149,-7.49245668999995],[112.8004139,-7.49269724999995],[112.80068857,-7.49283290999993],[112.80109704,-7.49303465999997],[112.8014,-7.49313998999995],[112.80146,-7.49316998999995],[112.80152,-7.49319998999993],[112.80157,-7.49322999],[112.80157646,-7.49323386999994],[112.80162,-7.49325998999994],[112.80168,-7.49328998999992],[112.80174,-7.49332998999993],[112.80179,-7.49334998999995],[112.80185,-7.49339998999993],[112.8019,-7.49343998999996],[112.80195,-7.49349998999997],[112.80199,-7.49356998999997],[112.80201,-7.49363998999994],[112.80205,-7.49371998999993],[112.80208,-7.49380998999991],[112.80212,-7.49390998999994],[112.80216,-7.49401998999997],[112.80219,-7.49410998999998],[112.80223,-7.49418998999994],[112.80226,-7.49427998999995],[112.80229,-7.49435998999998],[112.80233,-7.49445998999994],[112.80237,-7.49455999000001],[112.8024,-7.49461998999995],[112.80243,-7.49467998999993],[112.80246,-7.49473998999997],[112.80249,-7.49480998999996],[112.80253,-7.49486998999992],[112.80259,-7.49491998999997],[112.80264,-7.49496998999996],[112.8027,-7.49499998999991],[112.80276,-7.49504998999991],[112.80282,-7.49507998999997],[112.80288,-7.49511999],[112.80297,-7.49516998999996],[112.80307,-7.49521998999998],[112.80316,-7.49526998999991],[112.80325,-7.49531998999992],[112.80334,-7.49535998999993],[112.80342,-7.49539998999992],[112.80351,-7.49544998999993],[112.80358,-7.49551998999993],[112.80365,-7.49557998999993],[112.80372,-7.49564998999995],[112.80375,-7.49569998999997],[112.80379,-7.49576998999993],[112.80382,-7.49583999],[112.80383,-7.49590998999993],[112.80382,-7.49599998999998],[112.80381,-7.49606998999998],[112.80379,-7.49614998999994],[112.80377,-7.49623998999994],[112.80375,-7.49629998999995],[112.80373,-7.49635998999994],[112.80371,-7.49642998999998],[112.80368,-7.49650998999995],[112.80366,-7.49657998999994],[112.80363,-7.49665998999998],[112.8036,-7.49673998999996],[112.80357,-7.49680998999998],[112.80354,-7.49688998999994],[112.80352,-7.49696998999996],[112.80349,-7.49703998999996],[112.80346,-7.49710998999996],[112.80344,-7.49716998999994],[112.80342,-7.49722998999997],[112.8034,-7.49730999],[112.80338,-7.49739998999995],[112.80336,-7.49746998999993],[112.80336,-7.49753998999994],[112.80336,-7.49761999],[112.80336,-7.49768998999995],[112.80336,-7.49775998999993],[112.80337,-7.49781998999993],[112.80339,-7.49790998999993],[112.8034,-7.49799998999993],[112.80341,-7.49806998999996],[112.80342,-7.49813998999996],[112.80343,-7.49822999],[112.80344,-7.49831998999996],[112.80344,-7.49837998999992],[112.80345,-7.49843998999996],[112.80345,-7.49851999],[112.80345,-7.49861998999994],[112.80345,-7.49867998999997],[112.80344,-7.49873998999991],[112.80343,-7.49880998999994],[112.80342,-7.49887998999996],[112.80341,-7.49893998999997],[112.80339,-7.49899998999995],[112.80337,-7.49905998999995],[112.80335,-7.49912999000001],[112.80333,-7.49919999],[112.80329,-7.49927998999995],[112.80325,-7.49936998999991],[112.80322,-7.49943998999992],[112.80318,-7.49949998999996],[112.80315,-7.49956998999992],[112.8031,-7.49964998999994],[112.80304,-7.49974998999993],[112.80297,-7.49986998999998],[112.80289,-7.49999998999996],[112.80264,-7.50024998999992],[112.802528277,-7.50032912699993],[112.8024,-7.50041998999997],[112.8022,-7.50048998999993],[112.80197,-7.50078998999989],[112.80156,-7.50114998999992],[112.80128,-7.50131998999994],[112.80082,-7.50154998999993],[112.80058,-7.50156998999996],[112.80040326,-7.50156998999996],[112.80040318,-7.50157000999994],[112.80016691,-7.50159363999996],[112.79996607,-7.50159363999996],[112.79975343,-7.50157000999994],[112.79968168,-7.50152434999996],[112.79949,-7.50156998999996],[112.79897,-7.50174998999994],[112.7985,-7.50180998999998],[112.79792897,-7.50180031],[112.79770966,-7.50181809999998],[112.79736706,-7.50169995999995],[112.79700084,-7.50151093999992],[112.7964472,-7.50132638999997],[112.79638,-7.50135998999998],[112.79627,-7.50138998999995],[112.79596,-7.50152998999991],[112.79584,-7.50165999],[112.7958,-7.50175998999991],[112.79565,-7.50258998999991],[112.79571,-7.50277998999995],[112.79582,-7.50303998999996],[112.79609,-7.50360998999996],[112.79612,-7.50400998999993],[112.7961,-7.50474998999994],[112.79593132,-7.5049524],[112.79591398,-7.50581112999994],[112.79592579,-7.50591744999996],[112.79577221,-7.50617734999998],[112.79533511,-7.50634273999997],[112.79511299,-7.50658823],[112.79508,-7.50673998999997],[112.79499,-7.50707999000002],[112.79485,-7.50753998999997],[112.79472,-7.50799999],[112.79451,-7.50894999000002],[112.79441,-7.50940998999992],[112.79438,-7.50952998999997],[112.79424,-7.50961998999996],[112.79420363,-7.50961544999997],[112.79414192,-7.50979233999991],[112.79372175,-7.50970170999995],[112.79368,-7.50977998999995],[112.79365,-7.51003998999991],[112.79367,-7.51042998999998],[112.79374,-7.51066998999995],[112.7938,-7.51078999],[112.79407,-7.51104998999993],[112.79429,-7.51115998999997],[112.79447,-7.51125998999993],[112.79465,-7.51136998999992],[112.7947,-7.51143998999992],[112.79472,-7.51171998999997],[112.79462,-7.51202998999996],[112.79444,-7.51246998999996],[112.79434,-7.51269998999994],[112.79411,-7.51330998999996],[112.79404,-7.51358998999996],[112.79396,-7.51393998999993],[112.79391,-7.51447998999995],[112.79389,-7.51461998999998],[112.7937,-7.51564998999993],[112.79363,-7.51666998999998],[112.79322,-7.51799998999998],[112.79283338,-7.51831787999992],[112.79280359,-7.51828267999997],[112.79256514,-7.51809331999993],[112.79215486,-7.51783031999996],[112.79197953,-7.51773914999997],[112.7915447,-7.51760939999994],[112.79111689,-7.51750770999996],[112.79092753,-7.51749719000001],[112.7903805,-7.51759887999998],[112.79004737,-7.51777421],[112.78994581,-7.51784845999989],[112.78963008,-7.51807928999991],[112.789325,-7.51826513999993],[112.78923383,-7.51832475999995],[112.78917421,-7.51837735999994],[112.78907953,-7.51847904999993],[112.78899187,-7.51859826999993],[112.78893576,-7.51867892999995],[112.78886212,-7.51873853999996],[112.78878848,-7.51878413],[112.78871217,-7.51879184999994],[112.78851146,-7.51881217999994],[112.78822041,-7.51882269999991],[112.7880591,-7.51882971],[112.78794338,-7.51878762999998],[112.78771896,-7.5186508699999],[112.78743141,-7.51841943999995],[112.78706322,-7.51817396999998],[112.78674762,-7.51790395999997],[112.78645657,-7.51769706999995],[112.78639345,-7.51759887999998],[112.78637241,-7.51750770999996],[112.78639345,-7.51718859999995],[112.78641799,-7.51696066999996],[112.78653722,-7.51669766999993],[112.78675113,-7.51643117],[112.78704218,-7.51612959999993],[112.78715439,-7.51597179999992],[112.78719647,-7.51582452],[112.78720699,-7.51520034000002],[112.78718244,-7.51495136999996],[112.78702114,-7.51447095999993],[112.7868949,-7.51425003999996],[112.7862076,-7.51318050999993],[112.78570965,-7.51261594999993],[112.78554134,-7.51245112999995],[112.78529587,-7.51235644999997],[112.784944035,-7.51231841399991],[112.78490663,-7.51231436999996],[112.78470675,-7.51227579999994],[112.78437012,-7.51207241999995],[112.78345839,-7.51161654999991],[112.78315331,-7.51140965999998],[112.78265186,-7.51110107999997],[112.78243796,-7.51101341],[112.78231698,-7.51101341],[112.78221003,-7.51105197999993],[112.78217141,-7.51107199],[112.782075434825316,-7.51114228728055],[112.78196884123679,-7.511190217592313],[112.781870101219127,-7.511211308059052],[112.781758207522643,-7.511219135872894],[112.781626603864353,-7.51121312743341],[112.781330532907475,-7.51117401164823],[112.78103301457547,-7.511176610188169],[112.780695366997563,-7.511235156071855],[112.780446966300218,-7.511255264780862],[112.780243694782556,-7.511288130403386],[112.780045082,-7.51141231799995],[112.780006235588445,-7.511371957800943],[112.77995890661613,-7.511296246999454],[112.779980172431493,-7.511197909443084],[112.78017434609086,-7.511073959486599],[112.78032261289151,-7.511015361097874],[112.780450337068785,-7.5109901999501],[112.780648512,-7.51096287099993],[112.781198474,-7.51095407999996],[112.78119879,-7.51093323999994],[112.78120325,-7.51063973999994],[112.78127799,-7.51034845999994],[112.7814504,-7.510175],[112.78165044,-7.51007415999992],[112.78174094,-7.50992527999993],[112.78173384,-7.5096737399999],[112.78167529,-7.50946483999997],[112.78159894,-7.50936208999995],[112.78140985,-7.50916584999992],[112.78122048,-7.50890291999996],[112.781213194,-7.50886418799993],[112.78121259,-7.50886097999994],[112.78115839,-7.50857278999996],[112.78113903,-7.50829401999993],[112.78115296,-7.50798480999994],[112.78124605,-7.5077237699999],[112.78142979,-7.50735021],[112.78157114,-7.50701016999994],[112.7816433,-7.50683104999995],[112.78150317,-7.50672552999989],[112.78139377,-7.50671081999996],[112.78122658,-7.50667209999993],[112.78105347,-7.50667279999992],[112.78087,-7.50671],[112.78064967,-7.50670474000002],[112.78044593,-7.50664191999995],[112.78029977,-7.50654854999996],[112.78022332,-7.50641852999995],[112.78017728,-7.50630050999995],[112.78007333,-7.50613119],[112.7800457,-7.5060585599999],[112.7801513,-7.50588536999994],[112.78018722,-7.50575791999997],[112.779953,-7.50566793999998],[112.77985589,-7.50568651999991],[112.77982524,-7.50567215999994],[112.77967637,-7.50560237999997],[112.7794817,-7.50553042999998],[112.7793,-7.50544],[112.77912,-7.50539],[112.77890035,-7.50533402999998],[112.77888147,-7.50532831999996],[112.77884643,-7.50530495],[112.7787867,-7.50523597999996],[112.77861927,-7.50503213999997],[112.77851623,-7.50489471999997],[112.7784771,-7.50467294999992],[112.77849104,-7.50444983999994],[112.77842132,-7.50425462999994],[112.7784123,-7.50425095999998],[112.77841,-7.50422],[112.77825046,-7.50416672999993],[112.77820203,-7.50416553999997],[112.77819822,-7.50416398999995],[112.77817253,-7.50416481999997],[112.77798093,-7.50416012999994],[112.77773628,-7.50412045999994],[112.77772761,-7.50411867000001],[112.77760732,-7.50409862999993],[112.77729,-7.50397],[112.77699,-7.5039],[112.77692388,-7.50391321999997],[112.77689794,-7.50390254],[112.77675153,-7.5039373999999],[112.77666396,-7.50396658999993],[112.77655,-7.50398],[112.77633245,-7.50399773999994],[112.77625974,-7.50397387999992],[112.77615891,-7.50392345999993],[112.77608887,-7.50391071999996],[112.77597827,-7.50386830999998],[112.77593581,-7.50382584999995],[112.7758382,-7.50377704999996],[112.77576151,-7.50368640999995],[112.7757127,-7.50358879999991],[112.77564298,-7.50347027999993],[112.77555932,-7.50336569999995],[112.77549346,-7.50334049999998],[112.77534218,-7.50328259999996],[112.775287413,-7.50326163199997],[112.77528328,-7.50326004999991],[112.77541983,-7.50301009],[112.77554113,-7.50254082999993],[112.7755935,-7.50216406999995],[112.77576078,-7.50164082999992],[112.77589732,-7.50113308999995],[112.77568442,-7.50111524999994],[112.77557716,-7.50107609],[112.775381,-7.50112438999997],[112.77521443,-7.50113495999996],[112.77508149,-7.50112163999994],[112.77492292,-7.50115],[112.77470671,-7.50114492999998],[112.77455385,-7.50111189999998],[112.77440106,-7.50109469999995],[112.77417508,-7.50112926000001],[112.77388377,-7.50119179999998],[112.77364411,-7.50127392999997],[112.77354092,-7.50127235999996],[112.77333058,-7.50123757999995],[112.77321545,-7.50121626999995],[112.77299113,-7.50116768999993],[112.77281757,-7.50098159],[112.77258387,-7.50073700999995],[112.77238044,-7.50057856999993],[112.77220369,-7.50044324999993],[112.77203372,-7.50033775999996],[112.77183724,-7.50025560999995],[112.77166774,-7.50026331999993],[112.77153824,-7.50030657999998],[112.77148863,-7.50036981999992],[112.77169974,-7.50078038999993],[112.77173002,-7.50086984999994],[112.77166759,-7.50105257999996],[112.77155857,-7.50122222999992],[112.77143279,-7.50135876999997],[112.77139052,-7.50159118999991],[112.77138818,-7.50183671999998],[112.77122911,-7.50196011999998],[112.77116691,-7.50219925999991],[112.77103804,-7.50239220999993],[112.77083636,-7.50266840999993],[112.77058374,-7.50267937999995],[112.77036728,-7.50258734999994],[112.77016797,-7.50256603999997],[112.77000435,-7.50244946000001],[112.76978741,-7.50242774999994],[112.76972799,-7.50234441],[112.76976695,-7.502112],[112.76977582,-7.50183989999992],[112.76986468,-7.50161723999995],[112.76999329,-7.50135792999994],[112.76985191,-7.50092385999994],[112.76969209,-7.50086477999997],[112.76936501,-7.50054757999991],[112.7691011,-7.50023012999998],[112.7688878,-7.50009826999998],[112.76869421,-7.49990661999995],[112.76857411,-7.49980423999995],[112.76792285,-7.49988648999993],[112.76763111,-7.49991260999993],[112.76734733,-7.49979259],[112.76724031,-7.49963375999995],[112.76693036,-7.49944256999997],[112.76661379,-7.49925803999996],[112.76636072,-7.49915619999997],[112.76590438,-7.49893573999997],[112.76575091,-7.49880031999994],[112.76568726,-7.49868114],[112.76552973,-7.49836324999994],[112.7653594,-7.49816817999996],[112.76513592,-7.49798328],[112.76482832,-7.49754986999993],[112.76472186,-7.49753038999992],[112.76462554,-7.497554],[112.76445978,-7.49766746999997],[112.76439705,-7.49777721999995],[112.7644374,-7.49788985999997],[112.76439788,-7.49798291999998],[112.76419904,-7.49813965999994],[112.76407323,-7.49826623999996],[112.76399044,-7.49834619999995],[112.76391626,-7.49836937999996],[112.76374767,-7.49832726999998],[112.76364124,-7.49831442999993],[112.76358474,-7.49831797],[112.7635185,-7.49838127999994],[112.76347565,-7.49847102999997],[112.76336332,-7.49864732999993],[112.76338372,-7.49876004999995],[112.76292591,-7.49900077999994],[112.762709,-7.49879594],[112.76269199,-7.49869978999994],[112.76276768,-7.49850704999997],[112.76280668,-7.49828458999997],[112.76272317,-7.49818538999994],[112.76237723,-7.49813700999994],[112.76197131,-7.49805568999991],[112.76180134,-7.49795019999995],[112.76172097,-7.49780452999993],[112.76157092,-7.49769232999993],[112.76172979,-7.49751915999996],[112.76190863,-7.49734922999995],[112.76181206,-7.49730979999992],[112.76165914,-7.49731041999995],[112.76148623,-7.49730115999996],[112.76123378,-7.49735193000001],[112.76106426,-7.49735924999994],[112.76096427,-7.49729660999996],[112.76086088,-7.49721407999993],[112.76045202,-7.49722567],[112.76018246,-7.49715706999993],[112.7599199,-7.49717470999995],[112.75977651,-7.49706578999997],[112.75972945,-7.49693657999998],[112.75962477,-7.49653221999998],[112.75950733,-7.49626393999992],[112.75932699,-7.49605896000001],[112.75930659,-7.49594622999997],[112.75930294,-7.49586660999995],[112.75924284,-7.49580049999998],[112.7591632,-7.49583731],[112.75910355,-7.495884],[112.75902001,-7.49577815999994],[112.75868407,-7.49573636999998],[112.75844093,-7.49562121999994],[112.75821102,-7.49549273999997],[112.75801748,-7.49531102999991],[112.75772705,-7.49501357999997],[112.75748232,-7.49479964999997],[112.75715121,-7.49478995999992],[112.75685316,-7.49476911999994],[112.75651103,-7.49469214999997],[112.75626127,-7.49481590999993],[112.75595548,-7.49472825999992],[112.75580743,-7.49468581999997],[112.75558177,-7.49488156999996],[112.7554768,-7.49492045999996],[112.75525199,-7.49478146999997],[112.75501353,-7.49473346999996],[112.75466674,-7.49475932999997],[112.75450548,-7.49473898999996],[112.754063,-7.49449245999996],[112.75403442,-7.49435618999995],[112.75377446,-7.49418936999995],[112.75340942,-7.49403345999995],[112.75331835,-7.49404081999995],[112.75324841,-7.49407606999997],[112.75314379,-7.49419887999992],[112.75291068,-7.49461245999995],[112.75256264,-7.49551422999997],[112.75253648,-7.49567004999993],[112.7525476,-7.49582387999992],[112.75257631,-7.49599161999992],[112.75254194,-7.49615961999995],[112.75251797,-7.49629959000001],[112.75249773,-7.49649550999995],[112.75245962,-7.49660406999998],[112.75233703,-7.49661504999994],[112.75226364,-7.49666429999996],[112.75217356,-7.49691993999996],[112.75203151,-7.49732266999994],[112.74773407,-7.49576066999996],[112.74757207,-7.49548115999995],[112.7473329,-7.49515878999994],[112.74727051,-7.49500627999991],[112.74724278,-7.4948295],[112.74728091,-7.49472550999997],[112.74733409,-7.49465667999993],[112.74733983,-7.49464924999998],[112.74749582,-7.49460071999994],[112.74814747,-7.49453832999993],[112.74845077,-7.49441527999998],[112.74868301,-7.49428528999995],[112.74909203,-7.49389359999998],[112.74919602,-7.49376187999998],[112.74950105,-7.49271853999997],[112.74947332,-7.49219165999994],[112.749572020472428,-7.491988929822138],[112.74972983,-7.49166478999993],[112.7497021,-7.49137361999992],[112.74958424,-7.49095766999995],[112.74967437,-7.49067343999997],[112.74972636,-7.49062490999997],[112.74994127,-7.49050705999997],[112.75055133,-7.48998017999997],[112.75060633,-7.48995247999992],[112.750796695,-7.48985659399994],[112.75101928,-7.48974447999995],[112.75134289,-7.48965983999997],[112.75134668,-7.4896608299999],[112.75135,-7.48966],[112.75167954,-7.48966823999995],[112.75168058,-7.48966806999993],[112.75177363,-7.48967390000001],[112.75187599,-7.48967206],[112.75197941,-7.48959764999991],[112.752041404,-7.48947883199997],[112.75218874,-7.48919644499994],[112.75226725,-7.48904596999997],[112.752304025,-7.48891265399995],[112.75230423,-7.48891190999998],[112.75235044,-7.48874439999994],[112.752363261,-7.48864608499998],[112.75238163,-7.4885052299999],[112.7523435,-7.48820365999995],[112.75196655,-7.48764472999992],[112.7518305,-7.48747487999998],[112.75170907,-7.48751231999997],[112.75157053,-7.48755503999995],[112.75147477,-7.4875125799999],[112.75145366,-7.48750650999994],[112.75117872,-7.48742751999991],[112.751170099,-7.48742504599995],[112.75116147,-7.48742256999996],[112.75116131,-7.48742312999997],[112.75108254,-7.48740316999991],[112.75100238,-7.48738108000001],[112.75054483,-7.48706433999993],[112.75049284,-7.48690402999992],[112.75042525,-7.48678443999992],[112.75030566,-7.48667178999995],[112.75015315,-7.48659725999994],[112.75002143,-7.48660072999997],[112.74989491,-7.48664535999992],[112.74989405,-7.48665163999994],[112.74986978,-7.48670883999998],[112.74989578,-7.48680761999996],[112.74988538,-7.48689254999993],[112.74986111,-7.48707105999996],[112.7499859,-7.48736915999996],[112.74997723,-7.48756846999995],[112.74993217,-7.48772964999996],[112.7498759,-7.48783377999997],[112.749875834,-7.48783390199995],[112.74982212,-7.48793329999996],[112.74969733,-7.48806414999997],[112.74952142,-7.4881794],[112.749310141,-7.48825427399994],[112.74930877,-7.48824707999993],[112.74928615,-7.48824840999992],[112.74924477,-7.48819445999994],[112.748952853,-7.48766800799993],[112.74894493,-7.48765371999998],[112.74884957,-7.48749952000001],[112.7486373,-7.48715630999992],[112.7486373,-7.48711342099998],[112.7486373,-7.48699858999994],[112.74867543,-7.48681141999997],[112.74865231,-7.48669993999994],[112.7486269,-7.48657743999996],[112.74861755,-7.48655611000001],[112.748617217,-7.48655534999996],[112.74855931,-7.48642318999991],[112.748381445,-7.48591658999992],[112.7483652,-7.48587031999996],[112.74820229,-7.48578192999998],[112.74810883,-7.48571675999997],[112.74810836,-7.4857158099999],[112.7481,-7.48571]]]]}},
{"type":"Feature","properties":{"kdkab":"15","kdkec":"070","nmkab":"SIDOARJO","nmkec":"CANDI","kddesa":"016","kdprov":"35","nmdesa":"DURUNGBEDUG","nmprov":"JAWA TIMUR","iddesa":"3515070016"},"geometry":{"type":"MultiPolygon","coordinates":[[[[112.66710091,-7.46720886],[112.66686058,-7.46720122999994],[112.66674862,-7.46719786999994],[112.666739616,-7.46719759999993],[112.66647911,-7.46718978999995],[112.666297972,-7.46719715199992],[112.6660099,-7.46720886],[112.6650219,-7.46724892],[112.664989049,-7.46724892],[112.66498756,-7.46724892],[112.66475487,-7.46724892],[112.664746442379993,-7.46724892],[112.664861112387001,-7.46621119275299],[112.664641196,-7.466199794],[112.664639638,-7.466199713],[112.664652757,-7.46615710799995],[112.664799489,-7.465615327],[112.664836613,-7.46554956399993],[112.665032492,-7.46520257899995],[112.665279767,-7.46476297899993],[112.665332067,-7.46467000099994],[112.665732997,-7.46422521899995],[112.665758129,-7.46419733799994],[112.665977818,-7.46378459099997],[112.665956693,-7.46356911599994],[112.665944532,-7.46344507199994],[112.665790971,-7.462799058],[112.665752482,-7.46274372999991],[112.665594886,-7.46251718599996],[112.665558803,-7.46246531599992],[112.665508249,-7.46239603999994],[112.665410888,-7.46232301799995],[112.665095502,-7.46222183199995],[112.66507507,-7.46221333999994],[112.664706757249547,-7.462059469449403],[112.6645810575029,-7.46197805653709],[112.664439043613186,-7.461886941012131],[112.66440176,-7.46186301999994],[112.664231025114589,-7.461729863173912],[112.66403888,-7.4615492199999],[112.66386045,-7.46142955999994],[112.66378558,-7.46136680999993],[112.663720707,-7.46132594800001],[112.66365897,-7.46128705999994],[112.66357862,-7.46129308999997],[112.66348087,-7.46125334999993],[112.66346799,-7.46124314999995],[112.663451688,-7.46123023199995],[112.66342199,-7.46120669999994],[112.66333691,-7.46113927999994],[112.663334728,-7.46113817199996],[112.663142514,-7.46104056899997],[112.66301766,-7.46097717000001],[112.66278199,-7.46090356999996],[112.66213237,-7.46067106999993],[112.66147678,-7.46038128999991],[112.66119194,-7.46020758999992],[112.66094462,-7.46008817999994],[112.66049599,-7.45987211999993],[112.660334941,-7.45979109399995],[112.66032571,-7.45978645],[112.66016813,-7.45970716999992],[112.6601783,-7.45966555999998],[112.6603062,-7.45914224999996],[112.66033775,-7.45901316999995],[112.66049468,-7.45837450999996],[112.66049669,-7.45834634999994],[112.6605,-7.4583],[112.6605,-7.45806],[112.660464357,-7.457890695],[112.66046366,-7.45788739999995],[112.66046,-7.45787],[112.66047092,-7.45782297999995],[112.66047459,-7.45780715999994],[112.66050716,-7.45766688999994],[112.66053601,-7.45754260999994],[112.66054062,-7.45752232999996],[112.66058684,-7.45731893999994],[112.66062623,-7.45710676999996],[112.66070032,-7.45686189999997],[112.66071128,-7.45682566999994],[112.66080737,-7.45642418999994],[112.66081271,-7.45636110999994],[112.66082386,-7.45622929999994],[112.66082865,-7.45597714999997],[112.66083333,-7.45569634999993],[112.66082684,-7.45554301999993],[112.660836214,-7.455400535],[112.660837826,-7.45537603099993],[112.660982106,-7.45542059499996],[112.661146625,-7.45547140999997],[112.661349518,-7.45550209999995],[112.66150093,-7.45553779999996],[112.66205788,-7.45570754999997],[112.66259193,-7.45596503999992],[112.66311073,-7.45623206999995],[112.66363335,-7.45652770999993],[112.66399193,-7.45672988999998],[112.66407585,-7.45677756999991],[112.664145298,-7.45680769199993],[112.66439247,-7.4569149],[112.66449165,-7.45694732999991],[112.6647625,-7.45709037999994],[112.6647892,-7.45710181999993],[112.6652331,-7.45729775999997],[112.66527748,-7.45731734999994],[112.66542244,-7.45738028999997],[112.66581573,-7.45754352999997],[112.66641045,-7.45779036999993],[112.66649015,-7.45781860999995],[112.666795983,-7.45792695800002],[112.66716957,-7.45805930999995],[112.667182852,-7.45806238999994],[112.667478031,-7.45815713799996],[112.667867603,-7.45812927799997],[112.667927175,-7.45811815899997],[112.667993112,-7.45810585199992],[112.668100573,-7.45805393099994],[112.668266376,-7.45789838499998],[112.668467171,-7.45782274200001],[112.668614293,-7.45779742499995],[112.668827205,-7.45778916899997],[112.669068883,-7.45784891599994],[112.669595824,-7.45796874399996],[112.669577242,-7.45798145599997],[112.669300317,-7.45817089799993],[112.669191235,-7.45832234799997],[112.66961809,-7.45854824999998],[112.67005815,-7.45874895],[112.670122372,-7.45877532199995],[112.670145175,-7.45878468599992],[112.67062788,-7.45898289999995],[112.67114,-7.45919],[112.67145692,-7.45928243000001],[112.67154437,-7.45930794],[112.67154476,-7.45930804999993],[112.671614013,-7.45932825299998],[112.67162,-7.45933],[112.671665476,-7.45935066999994],[112.67172668,-7.45937848999995],[112.67173,-7.45938],[112.67179,-7.4594],[112.67204,-7.45951],[112.67229,-7.45961],[112.67237,-7.45966],[112.67296994,-7.45984179999995],[112.67528217,-7.46060136999995],[112.67603815,-7.46087068999998],[112.67612641,-7.46087523999993],[112.67614151,-7.46087601999992],[112.67616644,-7.46086912999993],[112.676623149,-7.46096915199997],[112.676988288,-7.46104911899994],[112.677576359992003,-7.46117790933344],[112.677705986,-7.46120629799997],[112.67786074,-7.46124018999996],[112.678480018,-7.46139500499994],[112.6785,-7.4614],[112.67887963,-7.46155740999998],[112.6788605,-7.46177681],[112.6788596,-7.46178747999997],[112.678859541,-7.46178818399997],[112.67883304,-7.46210353999994],[112.67882456,-7.46236355999993],[112.67882276,-7.46241873999998],[112.67877766,-7.46263665999997],[112.67877796,-7.46264403999991],[112.67877942,-7.46267969499996],[112.67878399,-7.46279134999998],[112.67879628,-7.46300331999992],[112.67871056,-7.46310678999994],[112.67867065,-7.46318142999998],[112.67866544,-7.46331897999995],[112.67865834,-7.46337495899997],[112.67865059,-7.46343605999991],[112.67864693,-7.46346492],[112.67864036,-7.46351676999992],[112.67873909,-7.46381435999995],[112.67877565,-7.46385425499991],[112.67907923,-7.46418552999994],[112.679109134,-7.46423276599995],[112.67951532,-7.46487436999996],[112.67959659,-7.465109],[112.679654993,-7.46524960399994],[112.679941834,-7.46549964299995],[112.680143366,-7.46567531799997],[112.680001879,-7.46691332699992],[112.679995958,-7.46696513699992],[112.679978617,-7.46711686999995],[112.679813547,-7.46803274399996],[112.679855473,-7.46891394999994],[112.678658755,-7.468672623],[112.678646577,-7.46869871899994],[112.678422865,-7.46917810199996],[112.678159353,-7.46948197199993],[112.6787602,-7.47004042299996],[112.678749596,-7.47006784299997],[112.67873404,-7.47010807],[112.67873053,-7.47011713999994],[112.67872857,-7.47012056999995],[112.6787281,-7.47012137999997],[112.67867851,-7.47025107999998],[112.67859078,-7.47048186999997],[112.678480334661998,-7.47109002923291],[112.678298142382005,-7.47209325960012],[112.6779995,-7.47373772],[112.67799187,-7.47374915999998],[112.67796898,-7.47377776999998],[112.67791939,-7.47382926999997],[112.67783928,-7.47391891999992],[112.6776104,-7.47393035999996],[112.67746162,-7.47396468999993],[112.67733955,-7.47395133999995],[112.67732048,-7.47389792999995],[112.67744255,-7.47377967999993],[112.67740822,-7.47371100999996],[112.67725563,-7.47359466999996],[112.67704201,-7.47338103999994],[112.6769352,-7.47334098999997],[112.67687035,-7.47337913999996],[112.6767292,-7.47344016999996],[112.67667961,-7.47340583999994],[112.67665291,-7.47342681999997],[112.67656136,-7.47341728],[112.67650032,-7.47336768999994],[112.67646599,-7.47322654999993],[112.67642784,-7.47315406999995],[112.67617989,-7.47311019999998],[112.6760273,-7.47312545999993],[112.67598534,-7.47306632999998],[112.67593193,-7.47296714999992],[112.67591667,-7.47295569999995],[112.6757412,-7.47298812999997],[112.67565346,-7.47303008999994],[112.67558479,-7.47304152999995],[112.6754818,-7.47299193999994],[112.67538643,-7.47293662999995],[112.67532158,-7.47285270999997],[112.67529488,-7.47279357999997],[112.67527962,-7.47279929999997],[112.67519188,-7.47280883999994],[112.67516136,-7.47279548999993],[112.67503929,-7.47285270999997],[112.67489815,-7.47276877999995],[112.67475319,-7.47266007000001],[112.67467689,-7.47253989999995],[112.67448235,-7.47253989999995],[112.67447853,-7.47253798999997],[112.67447472,-7.47253608999994],[112.67442894,-7.47255134999996],[112.67438316,-7.47256850999998],[112.67432213,-7.47256469999995],[112.67428398,-7.47253226999994],[112.67420769,-7.47241402],[112.67416573,-7.47238349999996],[112.674155564,-7.47237587499995],[112.67414284,-7.47236632999993],[112.67403328,-7.47233559999993],[112.67398712,-7.4723222399999],[112.67394486,-7.47232113999998],[112.67380714,-7.47231673999996],[112.67366219,-7.47212982],[112.673445316,-7.47200269099993],[112.67344093,-7.47200011999998],[112.67332268,-7.47196959999996],[112.67280006,-7.47194289999996],[112.67277535,-7.47194679999994],[112.67265511,-7.47196578999995],[112.67280388,-7.47034263999996],[112.67025948,-7.46827315999998],[112.67015266,-7.46807860999994],[112.67012215,-7.46805],[112.67009163,-7.46800040999992],[112.66998166,-7.46772548999994],[112.66998082,-7.46772531999998],[112.669979861,-7.46772308299996],[112.66997048,-7.4677012],[112.66997,-7.4677],[112.66996925,-7.46769812999996],[112.66996885,-7.46769711999996],[112.669958997,-7.46767248699996],[112.66995613,-7.46766531999998],[112.66995646,-7.46766069999996],[112.66993141,-7.46759986999994],[112.66922951,-7.46745872999997],[112.668465218027592,-7.467356075616673],[112.66805077,-7.46730040999995],[112.66710091,-7.46720886]]]]}},
{"type":"Feature","properties":{"kdkab":"15","kdkec":"070","nmkab":"SIDOARJO","nmkec":"CANDI","kddesa":"004","kdprov":"35","nmdesa":"BALONGGABUS","nmprov":"JAWA TIMUR","iddesa":"3515070004"},"geometry":{"type":"MultiPolygon","coordinates":[[[[112.722967433,-7.49907142899997],[112.722946269,-7.49910166399996],[112.722870682,-7.4993284249999],[112.722802654,-7.49944331699994],[112.722716485,-7.49953250999995],[112.722624268,-7.49971391899991],[112.722600081,-7.49986962799996],[112.722604488,-7.50015021699992],[112.7225718,-7.5001393499999],[112.72256105,-7.50044382999992],[112.72244746,-7.50065072999995],[112.72225273,-7.50076837999995],[112.72223201,-7.50076089000001],[112.72208074,-7.50076089000001],[112.72163913,-7.50063018999997],[112.72143516,-7.50051136999998],[112.72115074,-7.50022873999996],[112.72108614,-7.50018113999993],[112.721076422,-7.50017397999997],[112.7209337,-7.50006881999998],[112.72061029,-7.49988914999996],[112.72054237,-7.49985141999995],[112.72010756,-7.49962779999991],[112.71978602,-7.49957420999991],[112.7197795,-7.49957237999998],[112.71917219,-7.49963756999994],[112.71915298,-7.49965863],[112.71917292,-7.49957676999997],[112.71918752,-7.49951687999993],[112.719442027,-7.49881479199996],[112.71948949,-7.49868385999998],[112.71953196,-7.49856668999995],[112.719562625,-7.49848209600002],[112.719659799,-7.49821402899995],[112.71966081,-7.49821123999994],[112.71993582,-7.49745258999997],[112.719947495,-7.49742038399994],[112.71994862,-7.49741728],[112.719989193,-7.49730535799994],[112.720117004,-7.49695277999994],[112.72011782,-7.49695052999997],[112.72018458,-7.49676636],[112.720192561,-7.49674435199997],[112.72019262,-7.49674418999994],[112.72049377,-7.49591343000001],[112.720514306,-7.49585676899991],[112.72051457,-7.49585604],[112.720575298,-7.49568851699996],[112.720592289,-7.49564164699994],[112.72059298,-7.49563973999994],[112.720693274,-7.49536307199994],[112.720810173,-7.49504059799993],[112.72076275,-7.4943443139999],[112.720756399,-7.49431117099996],[112.720753232,-7.49429463899995],[112.72070446,-7.49379778999998],[112.72070446,-7.49278565],[112.72090413,-7.49244826999994],[112.72097498,-7.49224151099998],[112.72041012,-7.49195014799997],[112.720503487,-7.49176566399995],[112.720463374,-7.49174642799997],[112.720270094,-7.49165374499994],[112.720277786,-7.49163004999996],[112.72036439,-7.49136327099996],[112.7204022,-7.49137641999996],[112.72047306,-7.49139821999996],[112.72058369,-7.49141102999997],[112.72068282,-7.49142353999998],[112.72068548,-7.49142387999994],[112.720685806,-7.49142401199993],[112.720748025,-7.49142760899994],[112.721088978,-7.49144732199997],[112.72110746,-7.49142196],[112.72115215,-7.49131769999997],[112.72161279,-7.49126385999994],[112.72184662,-7.49123481000001],[112.72221289,-7.49119680999998],[112.7223674,-7.49120124999997],[112.72260049,-7.49120794999997],[112.7227865,-7.49120159999992],[112.72299593,-7.49119283999993],[112.72300913,-7.49119228999996],[112.7232092,-7.49117743999992],[112.723410021959566,-7.49115693260788],[112.723581628509564,-7.491172795398215],[112.723831106939386,-7.491230478272163],[112.723968103765017,-7.491291045289808],[112.724069048794419,-7.491357380594847],[112.72420598,-7.49141911999992],[112.724283917499847,-7.491408574145476],[112.724359626271905,-7.491417226576568],[112.724431729864349,-7.491431647295054],[112.724431679864352,-7.491431997295044],[112.724614872989122,-7.491476351522364],[112.724919150149191,-7.491545570971101],[112.725196027944151,-7.491616232491687],[112.725232079740366,-7.491692662299667],[112.725503189247945,-7.491819564622349],[112.725801945,-7.49141749099991],[112.726318787,-7.49161257399993],[112.72667854,-7.49083722999994],[112.7267,-7.49078],[112.726777980762193,-7.49054333103626],[112.726568880344146,-7.490453922581642],[112.726613833,-7.49030972199994],[112.72669650370274,-7.490014090667793],[112.726814032558394,-7.490029953458127],[112.726973020979784,-7.489512970700382],[112.727082618440278,-7.489540370065507],[112.727056661147003,-7.48962401023273],[112.727147511673465,-7.489648525454158],[112.727176353110451,-7.489566327358783],[112.727293160930188,-7.489602379155],[112.72732200236716,-7.489541812137356],[112.727581214781935,-7.489551546122327],[112.727614382434467,-7.48921842752528],[112.727517763620597,-7.489201122663096],[112.727530021231289,-7.488884948410274],[112.727534576856996,-7.48878019065787],[112.727983552827709,-7.488795900473616],[112.727940290672265,-7.489067009981168],[112.727894504891069,-7.48926241071667],[112.727901354732339,-7.489534241260146],[112.727889097121633,-7.489669074977999],[112.727880084172611,-7.489851857584822],[112.72783537994529,-7.489993180625993],[112.727838772083103,-7.490153514863855],[112.727818075083107,-7.490319088863795],[112.727789233646135,-7.490763246993191],[112.727726876904114,-7.491254288222566],[112.727694056904113,-7.491550618222576],[112.727532215305033,-7.491831643149508],[112.727380855305029,-7.492092653149529],[112.727024991,-7.49250189499996],[112.726935056,-7.49263618199992],[112.7265288,-7.49324278999998],[112.726305323,-7.49353286999994],[112.72629906,-7.493541],[112.72624895,-7.49360604999993],[112.725711084813938,-7.494435872169528],[112.725653030813945,-7.494575514169538],[112.725582514970768,-7.49475984505785],[112.725552584970771,-7.494831835057809],[112.725498390806976,-7.494939227465938],[112.725391998482166,-7.495284383961502],[112.72529550311782,-7.495581292774887],[112.725179213832575,-7.495850984947047],[112.72508642982838,-7.496048305595945],[112.725086370828379,-7.496048412595974],[112.725034470786042,-7.496118202879097],[112.724951738382316,-7.496210368323252],[112.724886016379344,-7.496387895051255],[112.724680654450097,-7.496662535703639],[112.724324363874018,-7.497036145960483],[112.724012609619976,-7.497469137980006],[112.723776319689335,-7.497768521033506],[112.723655397440879,-7.497975556967038],[112.723588277440868,-7.498066666966948],[112.723558127440882,-7.498107586967018],[112.72346984503416,-7.498232996375773],[112.723439823034155,-7.498261513375733],[112.723429855034155,-7.498270981375733],[112.723146764,-7.49855642699994],[112.722767448283847,-7.498846671162115],[112.722967433,-7.49907142899997]]]]}},
{"type":"Feature","properties":{"kdkab":"15","kdkec":"070","nmkab":"SIDOARJO","nmkec":"CANDI","kddesa":"018","kdprov":"35","nmdesa":"SUMOKALI","nmprov":"JAWA TIMUR","iddesa":"3515070018"},"geometry":{"type":"MultiPolygon","coordinates":[[[[112.702240862,-7.47267615499995],[112.701268175,-7.47288127899996],[112.701095548,-7.47289163699994],[112.700519317,-7.47292621099996],[112.700002605,-7.47282885899993],[112.698934412,-7.47260843799995],[112.698761004004993,-7.47257265535669],[112.698587263,-7.47253680399996],[112.698137949,-7.47246940699995],[112.697799982,-7.47241175399994],[112.69686489,-7.47225223799995],[112.696258315,-7.47208748999997],[112.695937782,-7.47197179399996],[112.694992745,-7.47163068599995],[112.694696946,-7.47149214699992],[112.694483521,-7.47142100599997],[112.694277585,-7.47139853999992],[112.694090371,-7.47141351699996],[112.693416398,-7.47171305999997],[112.692951303,-7.47195025899993],[112.69266754,-7.47209497799996],[112.691315852,-7.47282137],[112.690615672,-7.47328565999994],[112.690615678,-7.47328559599994],[112.691179149,-7.47036581299993],[112.69109465,-7.47031576999997],[112.69109406,-7.47031544999996],[112.69102064,-7.47027518999994],[112.69092,-7.47022],[112.69065,-7.47007],[112.6906,-7.47004],[112.69049,-7.46999],[112.69041,-7.46996],[112.68969571,-7.46976262999994],[112.68963833,-7.46973531999988],[112.689514251,-7.46972341599996],[112.689507948,-7.46972281199994],[112.68944044,-7.46971633999994],[112.68939876,-7.46971233999995],[112.68937121,-7.46971312999995],[112.689158986,-7.46971920899994],[112.68863831,-7.46968536999998],[112.68833897,-7.46968651999991],[112.68805779,-7.46974136999995],[112.687776739227473,-7.469748578451076],[112.687689665674839,-7.469787043577222],[112.687566882284614,-7.469851184154209],[112.687356134674502,-7.469955641665304],[112.687207695053473,-7.469999623775238],[112.687092242014899,-7.470021614830205],[112.686886992168539,-7.470098583522591],[112.686639592800162,-7.470219534324911],[112.686478325063732,-7.470061931764312],[112.686370202376807,-7.469961139429046],[112.686417424517543,-7.46991628932921],[112.68642223508796,-7.469834509632279],[112.686402992806322,-7.469776782787386],[112.68695101,-7.46775140999994],[112.687010912,-7.46752829699996],[112.6870118,-7.46752498999995],[112.687056,-7.46736033999994],[112.68707087,-7.46731637999996],[112.687083547,-7.46727887699995],[112.68708794,-7.46726587999996],[112.687243902,-7.46680467899994],[112.68725541,-7.46677064999995],[112.68741506,-7.46629855999993],[112.68744446181266,-7.466228121740612],[112.687512460107257,-7.466062484869172],[112.687550823,-7.46598291],[112.687655430880483,-7.465929103599013],[112.687785463,-7.46587329799996],[112.687858126,-7.46586395499995],[112.687916513,-7.46585644799996],[112.688165508,-7.46592946199995],[112.688450074,-7.46611480399997],[112.688590485,-7.46616535199997],[112.688717791,-7.46625521499994],[112.688925599,-7.46649110499993],[112.689053807,-7.46654389699993],[112.689238313,-7.46665298799995],[112.689393168,-7.46674454699996],[112.689514857,-7.46672301699994],[112.690181341,-7.46659383899994],[112.690484628,-7.46620068899993],[112.690596957,-7.46610333699993],[112.691222253,-7.46608461599993],[112.691343693,-7.46610165999993],[112.691435678,-7.46611456999992],[112.691562984,-7.46628680799997],[112.691806744,-7.46639382399994],[112.692095118,-7.46554509899996],[112.692578155,-7.46572750399998],[112.692892675,-7.46587727599994],[112.692976497,-7.46598456799994],[112.692986282,-7.46599709299992],[112.693088452,-7.46606935899997],[112.693139798,-7.466105678],[112.69328957,-7.46611690999993],[112.693309564,-7.46609375899993],[112.693407047,-7.46603781199995],[112.693503462,-7.465976031],[112.693663531,-7.46589552899998],[112.693846065,-7.46590676199996],[112.69404740167947,-7.465919421681011],[112.694620197,-7.46595543799997],[112.694769969,-7.46589178499996],[112.695032248,-7.46587850499997],[112.695361566,-7.46586183099992],[112.695301658,-7.46538630599998],[112.695311019,-7.465300187],[112.695419603,-7.46522342899996],[112.695558142,-7.46515228799995],[112.696085151,-7.464849],[112.69612714,-7.46481004599995],[112.696164939,-7.46478755399994],[112.6961878,-7.46477394999992],[112.6961882,-7.46477334999997],[112.69625513,-7.46473704999995],[112.69635067,-7.46462548999991],[112.69639875,-7.46454597999996],[112.69641542,-7.46445557999994],[112.69639771,-7.46412729999995],[112.69639619,-7.46409908999995],[112.69648259,-7.46412334999993],[112.696484773,-7.46412396299994],[112.69700482,-7.46427],[112.697419496,-7.46438645099997],[112.697431744,-7.46438989099995],[112.697908159,-7.46452368099993],[112.698079974,-7.46457193099993],[112.69810148,-7.46457796999995],[112.69825194,-7.46462021999998],[112.69826841,-7.46462484999994],[112.69837842,-7.46469128999994],[112.698514735,-7.46477361699996],[112.69852744,-7.46478128999993],[112.698966123,-7.465100508],[112.69970463,-7.46563789999996],[112.699705498,-7.46563756999992],[112.69983287,-7.46558916999996],[112.70070268,-7.46596488999993],[112.70083427,-7.46601540999992],[112.700883971,-7.46604282799998],[112.70089797,-7.46605055000002],[112.70098303,-7.46609747999996],[112.70117666,-7.46617056999997],[112.70132798,-7.46619749999996],[112.70162292,-7.46620006999997],[112.70246828,-7.46621817999993],[112.702562228,-7.466220192],[112.70256448,-7.46622023999991],[112.702574932,-7.46622046699994],[112.7025907,-7.46622081],[112.70270009,-7.46622314999997],[112.703172488,-7.46626519599994],[112.70348937,-7.46629339999995],[112.70348078,-7.46633954999992],[112.70353067,-7.46634294999994],[112.70352703,-7.46637843],[112.703701689013997,-7.46639158760585],[112.70370265,-7.46639165999993],[112.70388339,-7.46640526999994],[112.70390156,-7.46640587999993],[112.70400579,-7.46640937999998],[112.70405172,-7.46641091999994],[112.704072461,-7.46641161699995],[112.70411699,-7.46641311199993],[112.70413062,-7.46641356999994],[112.70422699,-7.46641680999995],[112.70462037,-7.46646358999992],[112.704764740088123,-7.466480760427038],[112.704818422,-7.46648714499996],[112.70482536,-7.4664879699999],[112.70517124,-7.46652909999993],[112.70528211,-7.46654228999996],[112.705282127,-7.466542395],[112.70534832,-7.46695651999995],[112.70540116,-7.46695126],[112.70552626,-7.46693879999997],[112.705532276336996,-7.46697546222841],[112.705547544,-7.46706849999993],[112.70559562,-7.46736145999995],[112.70562,-7.46750997999993],[112.70565462,-7.46750997999993],[112.70567514,-7.46751125999998],[112.705741788,-7.46758396699995],[112.70578799,-7.46763436999992],[112.70546214,-7.46847772999993],[112.705461591,-7.46847914999996],[112.7054529,-7.46850163999994],[112.705400097,-7.46863830399998],[112.705365109,-7.46872885899996],[112.705453937299126,-7.468781574645686],[112.705237190732788,-7.469362608241105],[112.705180232807038,-7.469522423471088],[112.705168583101226,-7.469602726885414],[112.705114676467133,-7.469684767268504],[112.705055308336298,-7.469753514403672],[112.704994586534823,-7.469900097606113],[112.704945274243769,-7.470021154446115],[112.704866228667029,-7.470208794921643],[112.704775551735409,-7.470413464882348],[112.704701395292275,-7.470374756185234],[112.704548847698732,-7.470736004648133],[112.70452955,-7.47078965999998],[112.70474671,-7.47093515999995],[112.704898379709363,-7.471073884361933],[112.704796168529995,-7.47121696062154],[112.704720962164004,-7.47116564729682],[112.704600138824006,-7.47134586973148],[112.704600959798,-7.47151421578761],[112.704173668,-7.47149152799995],[112.7041589,-7.47181089999998],[112.704152344,-7.47195782899992],[112.704147274571,-7.47207143987561],[112.703866107082007,-7.47205516105297],[112.703826420666005,-7.47282179841171],[112.704112995418996,-7.47283967011442],[112.70411168,-7.47286914999995],[112.704111641,-7.47287002499996],[112.70409995,-7.47313220999998],[112.70394257,-7.47304726999994],[112.70385413,-7.47299953999996],[112.70325399,-7.47276871999997],[112.70300265,-7.47272254999996],[112.70254968,-7.47269496],[112.70254284,-7.47269455],[112.702535426,-7.472694098],[112.702240862,-7.47267615499995]]]]}},
{"type":"Feature","properties":{"kdkab":"15","kdkec":"070","nmkab":"SIDOARJO","nmkec":"CANDI","kddesa":"008","kdprov":"35","nmdesa":"KALIPECABEAN","nmprov":"JAWA TIMUR","iddesa":"3515070008"},"geometry":{"type":"MultiPolygon","coordinates":[[[[112.74049496,-7.49133062999993],[112.74044194,-7.49161112999996],[112.74032261,-7.49211275999994],[112.74020819,-7.49277884],[112.74011778,-7.49291374999992],[112.74000476,-7.49299497999992],[112.73938659,-7.49325574999996],[112.73895654,-7.49343715000002],[112.73831622,-7.49368089999995],[112.73824031,-7.49370979999995],[112.7379329,-7.49382596999995],[112.73784405,-7.49385954999996],[112.73778154,-7.49388321],[112.73778148,-7.49388318999997],[112.737778908,-7.49388229999997],[112.73774312,-7.49386991999997],[112.737689002,-7.49385120399996],[112.738937711,-7.48957871699998],[112.738648145,-7.48947692199992],[112.73865088,-7.489468],[112.738251992,-7.48934516799995],[112.738205887,-7.48933097100001],[112.7380641,-7.48928730999996],[112.73806133,-7.48929482999994],[112.73797465,-7.48926158999996],[112.73796709,-7.48906222999997],[112.73796392,-7.48897851999994],[112.73779057,-7.48891892999997],[112.73777802,-7.48891461999995],[112.73634398,-7.48845467999996],[112.73532728,-7.48813238999997],[112.73538276,-7.48805731999993],[112.735501461,-7.48783880799994],[112.73569205,-7.48748795999994],[112.73576118,-7.48746080999995],[112.73584206,-7.48748736999994],[112.73589226,-7.48753706999995],[112.73591175,-7.48760224999995],[112.73587743,-7.48767917],[112.73590843,-7.48773662999996],[112.73596236,-7.48775560999993],[112.73603522,-7.48770157999996],[112.73614254,-7.48760517999997],[112.73618076,-7.48754360999995],[112.73619193,-7.48745143999996],[112.73617229,-7.48734786999993],[112.73613729,-7.48725203999992],[112.73611013,-7.48719071999995],[112.73608676,-7.48711787999998],[112.73603066,-7.48703556999995],[112.73592989,-7.48701251999994],[112.73603057,-7.48685126999995],[112.736032099,-7.48684503799996],[112.73612228,-7.48647745999994],[112.73584036,-7.48641683999993],[112.73588112,-7.48625855999995],[112.736119859,-7.48613352399997],[112.736147208,-7.48611919999994],[112.73621228,-7.48608511999993],[112.73612397,-7.48591168999996],[112.73598981,-7.48584601999996],[112.73609383,-7.4854772599999],[112.73618596,-7.48511901999997],[112.73618223,-7.48510276999995],[112.736181532,-7.48509632899993],[112.736181403,-7.48509513599995],[112.736178177,-7.48506535199995],[112.73615322,-7.48483493999995],[112.73615187,-7.48482252999998],[112.736159803,-7.48481745999992],[112.736440902,-7.4846378199999],[112.7365528,-7.48456630999992],[112.7366479,-7.48449557999993],[112.7366479,-7.4844718861557],[112.7366479,-7.48440465999995],[112.73658676,-7.48434066999996],[112.73638296,-7.48432719999998],[112.73636622,-7.48326454999998],[112.73620288,-7.48313694999996],[112.73617843,-7.48311888999997],[112.736007725,-7.48299279799993],[112.73591977,-7.48292782999996],[112.735795008,-7.4822920469999],[112.73572503,-7.48193543999995],[112.73514087,-7.48184569999995],[112.73513201,-7.48184433999995],[112.73499177,-7.48176869999996],[112.73499368,-7.48176701999993],[112.735134110257746,-7.481594227718926],[112.735320723533889,-7.481367364520469],[112.735573200319251,-7.48118806941201],[112.735865927026936,-7.48101975155509],[112.736180608237717,-7.480884365452785],[112.736506116699999,-7.480863330949698],[112.736506266700005,-7.480862410949708],[112.736740448066158,-7.480873388201246],[112.736927061342328,-7.480877047285092],[112.737168560876171,-7.480891683620476],[112.737479583003093,-7.480873388201245],[112.737754014291539,-7.480868814346438],[112.738496808312334,-7.480824905340286],[112.739508544995772,-7.48074257595375],[112.739852498877283,-7.480738916869904],[112.740280611687297,-7.480702326031444],[112.740858746934975,-7.480684030612212],[112.741323450583423,-7.48069500786375],[112.74211245,-7.48078377999998],[112.742586032,-7.48089378999993],[112.74275358,-7.48093270999992],[112.74310016,-7.48101321999997],[112.743185924261041,-7.480700725182262],[112.743336204,-7.48013162799997],[112.74344893,-7.47971060999992],[112.74330446,-7.47967601999991],[112.742540095962156,-7.479507635155699],[112.742611,-7.47919613999995],[112.742669078667731,-7.479036528110516],[112.74280763,-7.47886630999994],[112.743041390449065,-7.478614361311774],[112.743175736825549,-7.478492334139656],[112.743293867234442,-7.478405336147067],[112.743382210590468,-7.478357376427397],[112.743565614660966,-7.478374678698199],[112.743719028128737,-7.478358529912117],[112.743772088425857,-7.478359683396837],[112.743795734862616,-7.478364585706895],[112.743823706867062,-7.478334595104172],[112.743862348605191,-7.478307488213249],[112.744016050444159,-7.478219102446568],[112.744135724483854,-7.478137349217024],[112.74435213,-7.47800683999998],[112.74462171,-7.47787046999996],[112.74473271,-7.4778229],[112.744982959010841,-7.477810913041211],[112.745073219190246,-7.477774289901354],[112.745166651452578,-7.47775006672223],[112.745200102509457,-7.47774545278335],[112.745247395382989,-7.47774314581391],[112.745467134222181,-7.477739108617387],[112.745625161628837,-7.477729880739626],[112.745682835864841,-7.477739108617387],[112.74588988637214,-7.477673359988338],[112.74597985818032,-7.477585695149607],[112.746134425132823,-7.477352691236135],[112.746229010879873,-7.477156598833708],[112.746323596626937,-7.476948971584079],[112.746358596,-7.47676452599992],[112.746321269,-7.47661521899997],[112.746239938708925,-7.476524264391949],[112.746171336643897,-7.476461047547452],[112.746079057866282,-7.476437977853049],[112.745765310022406,-7.476504879966818],[112.74555768277277,-7.476456433608572],[112.745386967034193,-7.476398759372564],[112.745227607,-7.47638505799995],[112.74502865,-7.47648939999994],[112.74498563,-7.47648661999992],[112.74495926,-7.47648881999992],[112.7449131,-7.47649320999996],[112.74486255,-7.47650639999994],[112.74482299,-7.47652617999998],[112.7445955,-7.47680861999992],[112.74443725,-7.47697784999997],[112.74439549,-7.47705917999998],[112.74431527,-7.47723170999997],[112.74388337,-7.47776250999993],[112.74384601,-7.47777349999993],[112.74376469,-7.47777569999995],[112.74368117,-7.47780427],[112.74363721,-7.47785701999993],[112.74359765,-7.47788339999994],[112.74352511,-7.47791856999989],[112.7434306,-7.4779449399999],[112.74309762,-7.47794383999994],[112.74278991,-7.47789987999994],[112.74264924,-7.47777239999993],[112.74245583,-7.47759436999998],[112.74236901,-7.47744381999996],[112.74233164,-7.47732951999996],[112.74230087,-7.47726138999996],[112.74229758,-7.47686686],[112.74232395,-7.47662508999997],[112.74241077,-7.47638221999996],[112.74251407,-7.47616242999995],[112.74263386,-7.47590196999994],[112.74275474,-7.47571734999998],[112.74296025,-7.47545249999992],[112.74298662,-7.47543271999995],[112.74303058,-7.47539974999994],[112.74307234,-7.47535138999997],[112.7431141,-7.47534039999996],[112.74316465,-7.47533380999991],[112.74326136,-7.47535798999997],[112.74353281,-7.47544040999998],[112.74356797,-7.47546019000001],[112.74361193,-7.47549095999992],[112.74366029,-7.47551733999996],[112.74369325,-7.47551293999992],[112.7437526,-7.47553711999997],[112.74380535,-7.47557227999991],[112.74384271,-7.47559645999995],[112.74388667,-7.47562942999994],[112.74391525,-7.47566019999993],[112.74395041,-7.47570196000002],[112.74404053,-7.47573492999996],[112.74415152,-7.47579756999991],[112.74421086,-7.47581075999994],[112.74428779,-7.47584811999998],[112.74432296,-7.47585031999993],[112.74436032,-7.47585031999993],[112.7443867,-7.47584811999998],[112.74442187,-7.47586350999996],[112.74445923,-7.47587449999998],[112.74449659,-7.47589867999994],[112.74453176,-7.47592504999994],[112.74457792,-7.47595361999993],[112.74461528,-7.47597340999992],[112.74465045,-7.47597120999997],[112.7446988,-7.47596460999998],[112.74475155,-7.47598219999997],[112.74478672,-7.47599538999998],[112.74488453,-7.47601406999996],[112.74507795,-7.47604043999997],[112.74508141,-7.47604307999997],[112.74522603,-7.47603569999998],[112.74522653,-7.4760350249999],[112.7452274,-7.47603384999997],[112.74528675,-7.47592614999998],[112.74532163,-7.47587698999996],[112.745336003,-7.47566067199994],[112.74534853,-7.47547213999996],[112.74539065,-7.47513600999997],[112.74539473,-7.47511916999997],[112.74542122,-7.47510906],[112.74547626,-7.47510636999994],[112.74550921,-7.47483119999992],[112.74551087,-7.47480021999998],[112.74551113,-7.47479532999998],[112.74553772,-7.47456769999996],[112.74555254,-7.47444089999994],[112.74562198,-7.47384637999994],[112.74556091,-7.47336924999994],[112.74558015,-7.47336916999994],[112.74564041,-7.47336892999992],[112.74574887,-7.47336849999989],[112.74577298,-7.47336841],[112.745843111,-7.47333400999994],[112.745896371,-7.47319987399993],[112.745949657,-7.47294343599998],[112.74588971,-7.47265702499994],[112.745643264,-7.472184113],[112.745463424,-7.47174450499997],[112.745363513,-7.47152470100001],[112.745383495,-7.47127159299994],[112.745576656,-7.47109175299997],[112.745929675,-7.47106511099995],[112.745969639,-7.47123162899992],[112.746016264,-7.47163127199995],[112.7461628,-7.47184441599997],[112.746442551,-7.47227736299991],[112.746569105,-7.47259707799998],[112.746662355,-7.47289014999996],[112.746834371,-7.47325875599994],[112.746869717,-7.473662765],[112.746896617,-7.47367188699997],[112.74695,-7.47368998999995],[112.74728806,-7.47369890999994],[112.74772121,-7.47365823999996],[112.74817022,-7.47367982999997],[112.74830691,-7.47369487999994],[112.74839284,-7.47370621999992],[112.74850432,-7.47370925999997],[112.74851777,-7.47370962999995],[112.74859322,-7.47371958999997],[112.74868963,-7.47373231999995],[112.74892,-7.47380998999995],[112.74903753,-7.47383711999994],[112.74906779,-7.47384303999998],[112.74914182,-7.47385572999994],[112.74927374,-7.47387834999995],[112.7494,-7.47389998999993],[112.74979,-7.47395998999996],[112.74999,-7.47398998999992],[112.75000675,-7.47399477999993],[112.75003772,-7.47399907999997],[112.75006645,-7.47401184999996],[112.7503736,-7.47409967999994],[112.75075228,-7.47410596999995],[112.75105605,-7.47392553999994],[112.75133243,-7.47392764999994],[112.75138116,-7.47391547],[112.75143246,-7.47390813999991],[112.751810145363635,-7.473744029080597],[112.751882441341039,-7.473812806473374],[112.751952081211115,-7.473889281939491],[112.752012289135266,-7.47396592352384],[112.752079334439856,-7.474055058980387],[112.752106811058752,-7.474107358637418],[112.752125749871453,-7.474208146226513],[112.752122144178003,-7.474340004979453],[112.752102141614913,-7.474417559508087],[112.752061874416057,-7.474596436994808],[112.752059695629683,-7.474766751106912],[112.752073191563198,-7.474927862642487],[112.752073043134885,-7.475033423807127],[112.752075825002407,-7.475273563380585],[112.752021419175747,-7.475549838902036],[112.751835327,-7.47583210399997],[112.751487547,-7.47675098899997],[112.75136662,-7.4769185659999],[112.751165312,-7.47706462899993],[112.751097943,-7.47719183899994],[112.751161502,-7.47742890999998],[112.751387679,-7.47773025099997],[112.751428839,-7.47811914100001],[112.751294721,-7.47838064299998],[112.7511645,-7.47844198899997],[112.750705409,-7.47849642699993],[112.750226784,-7.47887816299993],[112.750223654,-7.47887995299992],[112.7502237,-7.47887997999994],[112.750214237,-7.47896717199998],[112.7501793,-7.47928909999998],[112.750152609,-7.47940147199996],[112.75014875,-7.47941771999995],[112.75011904,-7.47954281999994],[112.750074864,-7.479630065],[112.75000291,-7.47977216999993],[112.74990884,-7.47976992999996],[112.749908821,-7.47976995399997],[112.74989653,-7.47980384999996],[112.74988361,-7.47983945999993],[112.749870933,-7.47989075299994],[112.7498595,-7.47993700999997],[112.74970336,-7.48056857999994],[112.74954682,-7.48109982999997],[112.74954165,-7.48111737999996],[112.74949713,-7.48126846999998],[112.74932013,-7.48188716999995],[112.74939807,-7.48207878999994],[112.7494614,-7.48225254999996],[112.74944437,-7.48227188999993],[112.74936843,-7.48235813999997],[112.74930123,-7.48243446999994],[112.749297983,-7.48243815799998],[112.74924939,-7.48249335],[112.74919834,-7.48255133999994],[112.74907,-7.48269694999995],[112.74902945,-7.48274295999995],[112.74857426,-7.48322459999994],[112.74832472,-7.48352730999992],[112.748127417,-7.48360769799996],[112.74811703,-7.48361192999994],[112.7474046,-7.48383516199993],[112.747234793,-7.48416832799996],[112.747227413,-7.48416964999996],[112.747036243,-7.48420225199991],[112.747036327,-7.48420387399995],[112.74711877,-7.48579085999995],[112.7471253,-7.48591647999995],[112.74719837,-7.48583868999998],[112.74754153,-7.48563418],[112.74767438,-7.48559062999996],[112.74778688,-7.48560669999992],[112.74787052,-7.48561864999992],[112.74788,-7.48561999999989],[112.74797702,-7.48565968999998],[112.747990316,-7.4856651289999],[112.7481,-7.48571],[112.74810836,-7.4857158099999],[112.74810883,-7.48571675999997],[112.74820229,-7.48578192999998],[112.7483652,-7.48587031999996],[112.748381445,-7.48591658999992],[112.74855931,-7.48642318999991],[112.748617217,-7.48655534999996],[112.74861755,-7.48655611000001],[112.7486269,-7.48657743999996],[112.74865231,-7.48669993999994],[112.74867543,-7.48681141999997],[112.7486373,-7.48699858999994],[112.7486373,-7.48711342099998],[112.7486373,-7.48715630999992],[112.74884957,-7.48749952000001],[112.74894493,-7.48765371999998],[112.748952853,-7.48766800799993],[112.74924477,-7.48819445999994],[112.74928615,-7.48824840999992],[112.74930877,-7.48824707999993],[112.749310141,-7.48825427399994],[112.74952142,-7.4881794],[112.74969733,-7.48806414999997],[112.74982212,-7.48793329999996],[112.749875834,-7.48783390199995],[112.7498759,-7.48783377999997],[112.74993217,-7.48772964999996],[112.74997723,-7.48756846999995],[112.7499859,-7.48736915999996],[112.74986111,-7.48707105999996],[112.74988538,-7.48689254999993],[112.74989578,-7.48680761999996],[112.74986978,-7.48670883999998],[112.74989405,-7.48665163999994],[112.74989491,-7.48664535999992],[112.75002143,-7.48660072999997],[112.75015315,-7.48659725999994],[112.75030566,-7.48667178999995],[112.75042525,-7.48678443999992],[112.75049284,-7.48690402999992],[112.75054483,-7.48706433999993],[112.75100238,-7.48738108000001],[112.75108254,-7.48740316999991],[112.75116131,-7.48742312999997],[112.75116147,-7.48742256999996],[112.751170099,-7.48742504599995],[112.75117872,-7.48742751999991],[112.75145366,-7.48750650999994],[112.75147477,-7.4875125799999],[112.75157053,-7.48755503999995],[112.75170907,-7.48751231999997],[112.7518305,-7.48747487999998],[112.75196655,-7.48764472999992],[112.7523435,-7.48820365999995],[112.75238163,-7.4885052299999],[112.752363261,-7.48864608499998],[112.75235044,-7.48874439999994],[112.75230423,-7.48891190999998],[112.752304025,-7.48891265399995],[112.75226725,-7.48904596999997],[112.75218874,-7.48919644499994],[112.752041404,-7.48947883199997],[112.75197941,-7.48959764999991],[112.75187599,-7.48967206],[112.75177363,-7.48967390000001],[112.75168058,-7.48966806999993],[112.75167954,-7.48966823999995],[112.75135,-7.48966],[112.75134668,-7.4896608299999],[112.75134289,-7.48965983999997],[112.75101928,-7.48974447999995],[112.750796695,-7.48985659399994],[112.75060633,-7.48995247999992],[112.75055133,-7.48998017999997],[112.74994127,-7.49050705999997],[112.74972636,-7.49062490999997],[112.74967437,-7.49067343999997],[112.74958424,-7.49095766999995],[112.7497021,-7.49137361999992],[112.74972983,-7.49166478999993],[112.749572020472428,-7.491988929822138],[112.74947332,-7.49219165999994],[112.74950105,-7.49271853999997],[112.74919602,-7.49376187999998],[112.74909203,-7.49389359999998],[112.74868301,-7.49428528999995],[112.74845077,-7.49441527999998],[112.74814747,-7.49453832999993],[112.74749582,-7.49460071999994],[112.74733983,-7.49464924999998],[112.74733409,-7.49465667999993],[112.74721406,-7.49458574999993],[112.74573064411716,-7.493923239936378],[112.74558537,-7.49386017999997],[112.74539742,-7.49377512999997],[112.74466113,-7.49344197999993],[112.74495201,-7.49298798999996],[112.74509066,-7.49265522000002],[112.74512185,-7.49250616999994],[112.74513225,-7.49239178999991],[112.74519984,-7.49227912999993],[112.74527957,-7.49224619999996],[112.74558113,-7.49220288],[112.74563659,-7.49215781000001],[112.74567646,-7.49202435999997],[112.74553472,-7.49197281999994],[112.74552008,-7.49194628000001],[112.74551983,-7.49194582999995],[112.745519936,-7.49194549199996],[112.74556677,-7.49179680999992],[112.74549368,-7.49169550999994],[112.74472427,-7.49146468999991],[112.74477043,-7.49131592999997],[112.74457552,-7.49125181999995],[112.74456526,-7.49102356],[112.74447806,-7.49083376999993],[112.744510715,-7.49069609199995],[112.74451101,-7.49069484999998],[112.74460886,-7.49028235999998],[112.74472427,-7.49013617999998],[112.74489097,-7.49000024999997],[112.7450867,-7.48966340999989],[112.74508688,-7.48966314],[112.7451174,-7.48961468999996],[112.74569005,-7.48976697999993],[112.74591413,-7.48985748999993],[112.74574134,-7.48935860999996],[112.745771117,-7.48928295099993],[112.74601447,-7.48866463999993],[112.745917805,-7.48845365099991],[112.74591659,-7.488451],[112.74575527,-7.48809887999994],[112.74574999,-7.48804472999995],[112.745749298,-7.48803762799998],[112.74574459,-7.48798933999995],[112.74573298,-7.48787033999997],[112.745737792,-7.48777314099991],[112.74573809,-7.48776711999992],[112.74574691,-7.48758884999998],[112.74575521,-7.48757466999994],[112.74572043,-7.48755528999994],[112.74568239,-7.48753669999997],[112.7454431,-7.48746317999997],[112.74516506,-7.48737128999996],[112.74499992,-7.48722760999993],[112.74442756,-7.48682903],[112.744426299,-7.48682815199992],[112.74429217,-7.48673473999996],[112.744140612,-7.486581201],[112.74391961,-7.48635730999997],[112.7438991,-7.48638933999994],[112.74377856,-7.48680022999997],[112.743685067,-7.48710767899998],[112.742650425,-7.48681619599993],[112.742477977,-7.486767614],[112.742474217,-7.48678101599995],[112.742419784,-7.48697506499998],[112.74233052,-7.48729327999998],[112.742328754,-7.48729928599995],[112.742264897,-7.48751640900001],[112.74211133,-7.48803851999998],[112.742109124,-7.48804601999995],[112.742047098,-7.488256914],[112.74189946,-7.48875889999995],[112.74177194,-7.48919243999998],[112.741561518,-7.48990787399991],[112.74148564,-7.49016585999994],[112.74147766,-7.49016462000001],[112.7414267,-7.49015152999997],[112.74142689,-7.49015080999994],[112.74134448,-7.49012864999998],[112.74115373,-7.49008745999991],[112.7406984,-7.48993197999994],[112.74059949,-7.48991608299998],[112.740445685,-7.49030273199996],[112.740410264,-7.49039177599995],[112.7403891,-7.49054899699996],[112.740384233,-7.49062442699997],[112.740370959,-7.49083017999992],[112.740489743,-7.49111470899992],[112.74052161,-7.49113517999997],[112.74049496,-7.49133062999993]]]]}},
{"type":"Feature","properties":{"kdkab":"15","kdkec":"070","nmkab":"SIDOARJO","nmkec":"CANDI","kddesa":"010","kdprov":"35","nmdesa":"KEBONSARI","nmprov":"JAWA TIMUR","iddesa":"3515070010"},"geometry":{"type":"MultiPolygon","coordinates":[[[[112.720685806,-7.49142401199993],[112.72068548,-7.49142387999994],[112.72068282,-7.49142353999998],[112.72058369,-7.49141102999997],[112.72047306,-7.49139821999996],[112.7204022,-7.49137641999996],[112.72036439,-7.49136327099996],[112.72032689,-7.49135022999997],[112.72022049,-7.49128883999998],[112.71995538,-7.49116581999994],[112.7199,-7.49115],[112.71982,-7.49113],[112.71982172,-7.49111708999992],[112.71957844,-7.49100856999994],[112.71955026,-7.49099950999991],[112.71951058,-7.49108212999993],[112.71867295,-7.49077294999998],[112.71882162,-7.49047095999992],[112.71873641,-7.4904134299999],[112.7183239,-7.49016782999997],[112.7174302,-7.48963570999997],[112.717428604,-7.48945000899992],[112.717511661,-7.48915535399995],[112.717337873,-7.48908979799996],[112.71733823,-7.48908904999998],[112.71742362,-7.48885702999996],[112.71742357,-7.48885700999995],[112.717495128341895,-7.488676331963456],[112.717561633,-7.48850841399994],[112.71767665,-7.48821705999997],[112.717792645,-7.48792215699996],[112.717850881364683,-7.487774099442596],[112.718006512,-7.487378431],[112.71805495,-7.48725528199997],[112.71805514,-7.48725479999996],[112.717944658,-7.48722866699996],[112.717222119,-7.487057759],[112.716893177,-7.48697655699995],[112.716616285,-7.48690820499997],[112.716604949,-7.48690540699995],[112.71644805,-7.48687466099992],[112.71634713,-7.48685078999997],[112.716345962,-7.48685051399996],[112.7152895,-7.48660061999992],[112.7154265,-7.48610233999992],[112.71559628,-7.48548483999998],[112.71524297,-7.48538912999994],[112.71524294,-7.48538912000001],[112.71528869,-7.4851545299999],[112.715288813,-7.48515390199998],[112.71542304,-7.48446572999996],[112.715429933,-7.484294916],[112.714225244,-7.48400309700002],[112.71482326,-7.48173541799998],[112.714903782,-7.48147551799996],[112.714924712,-7.48140796099994],[112.71493082,-7.48138215999993],[112.715042014,-7.48091240599997],[112.71504589,-7.48089602999996],[112.71504564,-7.48089597999996],[112.7150453,-7.48089601000001],[112.714910451,-7.480875914],[112.71488325,-7.48087185999995],[112.714962704,-7.48038815099991],[112.71506204,-7.47978339999998],[112.71547303,-7.47984415999995],[112.71556805,-7.47985820999996],[112.715723419,-7.47950596699994],[112.71575802,-7.47942751999994],[112.715788773,-7.47935779999993],[112.71578999,-7.47935503999997],[112.71604247,-7.47878264599998],[112.716051163,-7.47876293799996],[112.71606967,-7.47872097999995],[112.71608458,-7.47868717999995],[112.7161383,-7.47856537999997],[112.716150805,-7.47853702799994],[112.716162731,-7.47850998899997],[112.716242496,-7.47827281899992],[112.716531489,-7.47741352899994],[112.716586758,-7.47742888099996],[112.716651191,-7.477445008],[112.716742,-7.47748219999996],[112.71702801,-7.477595],[112.71745326,-7.47775421999994],[112.71748232,-7.47776509999995],[112.717486401,-7.47776662799991],[112.71754654,-7.47778914999997],[112.71778768,-7.47787362999996],[112.71820649,-7.47796890999995],[112.7183609,-7.47798931999993],[112.71865207,-7.47803174999993],[112.71891282,-7.47806792999995],[112.71895543,-7.47807384999993],[112.71908068,-7.47809233],[112.71913159,-7.47809554299994],[112.719396032,-7.47811222999996],[112.719127409,-7.47933136599995],[112.719116843,-7.47937931899996],[112.718592897,-7.48090667199993],[112.718504745,-7.48116364499998],[112.719588169,-7.48153662699993],[112.7196576,-7.48156052999998],[112.7196239,-7.48167284999992],[112.71963825,-7.48167425999996],[112.71988657,-7.48167658999992],[112.72008838,-7.48163945999995],[112.72017096,-7.48158956999993],[112.72045683,-7.48145792999996],[112.72063205,-7.48139445999994],[112.72076428,-7.48134107999992],[112.7208901,-7.48134388999995],[112.72108558,-7.48137947999992],[112.72152451,-7.48144219999997],[112.72172775,-7.48146755999996],[112.7217297,-7.48146780999996],[112.7217299,-7.48146784999994],[112.721816728,-7.48148531999996],[112.72183427,-7.48148884999993],[112.72188006,-7.48150304999996],[112.72252731,-7.48170366999993],[112.72266872,-7.48177737],[112.72271405,-7.48180972999995],[112.72274668,-7.48185286999994],[112.72275575,-7.48190679999994],[112.722832614,-7.48212554299996],[112.72283989,-7.48214624999995],[112.72286933,-7.48215612999994],[112.722969537,-7.48218978399995],[112.72301377,-7.48220464],[112.72319172,-7.48226438999996],[112.72381634,-7.48247411999994],[112.72420409,-7.48257172999995],[112.72506437,-7.48285749999994],[112.7252405,-7.48291716999995],[112.72535251,-7.48295511699994],[112.72570443,-7.48307434],[112.72575707,-7.48309216999997],[112.7259081,-7.48314333000001],[112.72602431,-7.48318229999995],[112.72651644,-7.48334733999994],[112.72669079,-7.48340580699995],[112.72669214,-7.48340625999998],[112.72691086,-7.48345826999995],[112.727094865,-7.48352497199997],[112.72713632,-7.48354],[112.72722506,-7.48357845999992],[112.72752252,-7.48366054999998],[112.72766001,-7.48369849799994],[112.727629906,-7.48378490299993],[112.72757061,-7.48395508999994],[112.72743366,-7.48460313999994],[112.72746348,-7.48508080999996],[112.72746358,-7.48508081999993],[112.72746385,-7.48508675999993],[112.72746485,-7.48510838999995],[112.727468257013001,-7.48510870885583],[112.727461579199002,-7.48511783451034],[112.727437868793004,-7.48531609439553],[112.727387952149002,-7.48574048486014],[112.728018149779004,-7.48585956762992],[112.728888783553998,-7.48611550913208],[112.72888,-7.48612],[112.728777371,-7.48619222099995],[112.72834,-7.4865],[112.72794,-7.4868],[112.727783421854056,-7.48692451878479],[112.727691204103351,-7.486999969671723],[112.727639438515382,-7.487053583047985],[112.727588311718407,-7.487088519692592],[112.727540987376997,-7.48712393789328],[112.727509917296388,-7.487195459909619],[112.727470288339376,-7.487346884142141],[112.727448197434555,-7.487468384118721],[112.72741874289477,-7.487593565912772],[112.727389288354999,-7.487840247683404],[112.727381924720049,-7.488090611271507],[112.727374561085114,-7.488134793081172],[112.727433470164655,-7.488145838533589],[112.72745556106949,-7.488705474789349],[112.727459242887008,-7.488751497507754],[112.727490869419,-7.48875005572154],[112.727534576856996,-7.48878019065787],[112.727530021231289,-7.488884948410274],[112.727517763620597,-7.489201122663096],[112.727614382434467,-7.48921842752528],[112.727581214781935,-7.489551546122327],[112.72732200236716,-7.489541812137356],[112.727293160930188,-7.489602379155],[112.727176353110451,-7.489566327358783],[112.727147511673465,-7.489648525454158],[112.727056661147003,-7.48962401023273],[112.727082618440278,-7.489540370065507],[112.726973020979784,-7.489512970700382],[112.726814032558394,-7.490029953458127],[112.72669650370274,-7.490014090667793],[112.726613833,-7.49030972199994],[112.726568880344146,-7.490453922581642],[112.726777980762193,-7.49054333103626],[112.7267,-7.49078],[112.72667854,-7.49083722999994],[112.726318787,-7.49161257399993],[112.725801945,-7.49141749099991],[112.725503189247945,-7.491819564622349],[112.725232079740366,-7.491692662299667],[112.725196027944151,-7.491616232491687],[112.724919150149191,-7.491545570971101],[112.724614872989122,-7.491476351522364],[112.724431679864352,-7.491431997295044],[112.724431729864349,-7.491431647295054],[112.724359626271905,-7.491417226576568],[112.724283917499847,-7.491408574145476],[112.72420598,-7.49141911999992],[112.724069048794419,-7.491357380594847],[112.723968103765017,-7.491291045289808],[112.723831106939386,-7.491230478272163],[112.723581628509564,-7.491172795398215],[112.723410021959566,-7.49115693260788],[112.7232092,-7.49117743999992],[112.72300913,-7.49119228999996],[112.72299593,-7.49119283999993],[112.7227865,-7.49120159999992],[112.72260049,-7.49120794999997],[112.7223674,-7.49120124999997],[112.72221289,-7.49119680999998],[112.72184662,-7.49123481000001],[112.72161279,-7.49126385999994],[112.72115215,-7.49131769999997],[112.72110746,-7.49142196],[112.721088978,-7.49144732199997],[112.720748025,-7.49142760899994],[112.720685806,-7.49142401199993]]]]}},
{"type":"Feature","properties":{"kdkab":"15","kdkec":"070","nmkab":"SIDOARJO","nmkec":"CANDI","kddesa":"017","kdprov":"35","nmdesa":"JAMBANGAN","nmprov":"JAWA TIMUR","iddesa":"3515070017"},"geometry":{"type":"MultiPolygon","coordinates":[[[[112.6870118,-7.46752498999995],[112.687010912,-7.46752829699996],[112.68695101,-7.46775140999994],[112.686402992806322,-7.469776782787386],[112.68642223508796,-7.469834509632279],[112.686417424517543,-7.46991628932921],[112.686370202376807,-7.469961139429046],[112.686321213109395,-7.470046174730219],[112.686297358930261,-7.470080225847883],[112.686252000456349,-7.470155393747922],[112.686230009401385,-7.470192045506201],[112.686219013873909,-7.470243357967791],[112.68620801834642,-7.470305665956865],[112.686206319935664,-7.47032913896351],[112.68620801834642,-7.4703496480668],[112.686211683522245,-7.470422951583357],[112.686252000456349,-7.470525576506537],[112.68627928850465,-7.470591259201708],[112.686317169788495,-7.470688952262985],[112.686337772106455,-7.470731855211543],[112.686350887123695,-7.470773341986183],[112.686306978093796,-7.470855442331044],[112.686206185758522,-7.470994719012503],[112.68609029869657,-7.471076367441531],[112.68596181737297,-7.471258928029232],[112.685877080971196,-7.471241464347784],[112.685689561245198,-7.471163919738905],[112.685603454153181,-7.471209987447994],[112.685492266967103,-7.471255535967654],[112.685265651667365,-7.471165358249618],[112.685056594618786,-7.471085091851927],[112.684650218352004,-7.47089464596302],[112.68384014,-7.47057014999998],[112.68377958,-7.47055829999993],[112.683477558050996,-7.47044682033136],[112.68345163,-7.47043724999997],[112.68276855,-7.47018510999995],[112.68258849,-7.47011864999998],[112.682574550732994,-7.47011350478544],[112.68128657,-7.4696380899999],[112.68125617,-7.46963586999995],[112.68111242,-7.46961848999995],[112.68107214,-7.46961663],[112.6810613,-7.46961612999995],[112.68099266,-7.46961296999996],[112.68091084,-7.46958065999997],[112.68087274,-7.46956561999996],[112.68057303,-7.46947114999992],[112.68027926,-7.46936470999997],[112.68017131,-7.46931731999995],[112.68016509,-7.46931997000001],[112.67993081,-7.46927106999992],[112.67993,-7.46927],[112.67987186,-7.46925836999998],[112.67985911,-7.46899038999997],[112.679855473,-7.46891394999994],[112.679813547,-7.46803274399996],[112.679978617,-7.46711686999995],[112.679995958,-7.46696513699992],[112.680001879,-7.46691332699992],[112.680143366,-7.46567531799997],[112.679941834,-7.46549964299995],[112.679654993,-7.46524960399994],[112.67959659,-7.465109],[112.67951532,-7.46487436999996],[112.679109134,-7.46423276599995],[112.67907923,-7.46418552999994],[112.67877565,-7.46385425499991],[112.67873909,-7.46381435999995],[112.67864036,-7.46351676999992],[112.67864693,-7.46346492],[112.67865059,-7.46343605999991],[112.67865834,-7.46337495899997],[112.67866544,-7.46331897999995],[112.67867065,-7.46318142999998],[112.67871056,-7.46310678999994],[112.67879628,-7.46300331999992],[112.67878399,-7.46279134999998],[112.67877942,-7.46267969499996],[112.67877796,-7.46264403999991],[112.67877766,-7.46263665999997],[112.67882276,-7.46241873999998],[112.67882456,-7.46236355999993],[112.67883304,-7.46210353999994],[112.678859541,-7.46178818399997],[112.6788596,-7.46178747999997],[112.6788605,-7.46177681],[112.67887963,-7.46155740999998],[112.67888244,-7.46155856999994],[112.67892878,-7.46135706999998],[112.67892799,-7.46135474999994],[112.67893657,-7.46121853999995],[112.67893956,-7.46121126999996],[112.67893842,-7.46117963999994],[112.67893436,-7.46111853999996],[112.67925306,-7.46039540999993],[112.6792684,-7.46039354999991],[112.679719575,-7.46017888299998],[112.67997673,-7.46005652999993],[112.68000999,-7.46006106999992],[112.68104955,-7.45996075999993],[112.6810522,-7.459960504],[112.681082041,-7.459957624],[112.68216035,-7.45985358],[112.682585413,-7.45987648699996],[112.68269624,-7.45988245999995],[112.682865606,-7.45989158399992],[112.68373423,-7.45993837999996],[112.68381508,-7.45994338999997],[112.68382704,-7.45994412999996],[112.68384971,-7.45981312000001],[112.68387215,-7.45968350999996],[112.68427965,-7.45984692999994],[112.68469396,-7.45995427],[112.68474978,-7.45996872999993],[112.684823061,-7.45997887299996],[112.68482362,-7.45997894999993],[112.685433755682993,-7.46006340794398],[112.68548629,-7.46007067999995],[112.685531273,-7.46007690799997],[112.68584786,-7.46012073999998],[112.685869967,-7.4601238],[112.68592877,-7.46013193999993],[112.68626957,-7.46018775999995],[112.686277039,-7.46018898299997],[112.68733708,-7.46036261999995],[112.687411485,-7.46037119499993],[112.68743686,-7.46037411999996],[112.687471554,-7.46037966599994],[112.687682594,-7.46041340399995],[112.68819088,-7.46049465999993],[112.688312325230129,-7.460552285285916],[112.689020935,-7.46093506199997],[112.68874394,-7.46202625999998],[112.68874086,-7.46203652999998],[112.688723172,-7.46209548999998],[112.688637559919997,-7.462380861491],[112.688522125,-7.46276564199996],[112.688405178094001,-7.46315546343079],[112.688306501,-7.46348438599996],[112.688266877819387,-7.463616462704261],[112.68809841,-7.46417802],[112.688009266,-7.46447517399996],[112.68800774,-7.46448025999995],[112.688004027,-7.46449263800002],[112.68796775,-7.46461355999995],[112.68775045413831,-7.46535373341401],[112.687830657254992,-7.465508909009361],[112.687787940377618,-7.465730339353287],[112.687655430880483,-7.465929103599013],[112.687550823,-7.46598291],[112.687512460107257,-7.466062484869172],[112.68744446181266,-7.466228121740612],[112.68741506,-7.46629855999993],[112.68725541,-7.46677064999995],[112.687243902,-7.46680467899994],[112.68708794,-7.46726587999996],[112.687083547,-7.46727887699995],[112.68707087,-7.46731637999996],[112.687056,-7.46736033999994],[112.6870118,-7.46752498999995]]]]}},
{"type":"Feature","properties":{"kdkab":"15","kdkec":"070","nmkab":"SIDOARJO","nmkec":"CANDI","kddesa":"013","kdprov":"35","nmdesa":"SUGIH WARAS","nmprov":"JAWA TIMUR","iddesa":"3515070013"},"geometry":{"type":"MultiPolygon","coordinates":[[[[112.702432786,-7.48548761199992],[112.70217276,-7.48536488999995],[112.70216367,-7.48536059999997],[112.70203472,-7.48529969999992],[112.70149536,-7.48504498999992],[112.701149567,-7.48491489399993],[112.70103359,-7.48487125999997],[112.70090579,-7.48482318999993],[112.700898735,-7.48482053499996],[112.70081578,-7.48478931999993],[112.7007825,-7.48477683999996],[112.70029135,-7.48459265999998],[112.70019733,-7.48456131999995],[112.700181256,-7.48455596299994],[112.69995833,-7.48448165999996],[112.69953266,-7.48436452999992],[112.699465104,-7.48435439499997],[112.69946427,-7.48435426999992],[112.69937628,-7.48434105999995],[112.69929754,-7.48432804999991],[112.69919126,-7.48431047999996],[112.69910206,-7.48430975],[112.69919074,-7.48334256999996],[112.69919377,-7.48330960999991],[112.699193782,-7.48330947399996],[112.69919648,-7.48328002999995],[112.69931366,-7.48234413999995],[112.69931866,-7.48230415999993],[112.69932143,-7.48228204999998],[112.69932395,-7.48226455999996],[112.699409701,-7.48228221999996],[112.69941388,-7.48221301999996],[112.69941756,-7.48215208999993],[112.69948247,-7.48181621999995],[112.69952801,-7.4816509799999],[112.699680447,-7.48041821299994],[112.6996959,-7.48029323999997],[112.69973786,-7.47995392999994],[112.69974487,-7.47989720999996],[112.69987457,-7.47991557999994],[112.700036433,-7.47993850999993],[112.700143053,-7.47900331299995],[112.70014433,-7.47899211000001],[112.700220749,-7.4783218339999],[112.70027486,-7.47784721999993],[112.70037534,-7.47696592999997],[112.700375357,-7.47693511399995],[112.70037536,-7.47692903999997],[112.70037536,-7.47692847199995],[112.70037567,-7.47644626999992],[112.7003682,-7.47636698899993],[112.70034676,-7.47613944999995],[112.70034303,-7.47603397999992],[112.700342869,-7.47602943199998],[112.700342282,-7.476012859],[112.700417463,-7.47603119599995],[112.700499727,-7.47603315399995],[112.700713675,-7.47590849199994],[112.700651663387006,-7.47569532533324],[112.700614239,-7.47556667799994],[112.700612457,-7.475560553],[112.700773461,-7.47448968599997],[112.700793461,-7.474390457],[112.701095548,-7.47289163699994],[112.701268175,-7.47288127899996],[112.702240862,-7.47267615499995],[112.702535426,-7.472694098],[112.70254284,-7.47269455],[112.70254968,-7.47269496],[112.70300265,-7.47272254999996],[112.70325399,-7.47276871999997],[112.70385413,-7.47299953999996],[112.70394257,-7.47304726999994],[112.70409995,-7.47313220999998],[112.70417728,-7.47317394000001],[112.70465431,-7.47361506999993],[112.705665902,-7.47427521199992],[112.70574687,-7.47432804999992],[112.70597256,-7.47444089999994],[112.70642908,-7.47454861999998],[112.7065964,-7.47456330999996],[112.70674211,-7.47456874999994],[112.70671452,-7.47490729999992],[112.70670234,-7.47494448999995],[112.70661193,-7.47493101999993],[112.70656705,-7.47509066999992],[112.706458729,-7.47527011899996],[112.706613903,-7.47535501999996],[112.707358108,-7.47576220099998],[112.70725888,-7.47581623999998],[112.707254982,-7.47581836299997],[112.707020342,-7.47626541599992],[112.707477145,-7.47644514099994],[112.70748285,-7.476481275],[112.707488378,-7.47651628299998],[112.707518332,-7.47657057499996],[112.707581985,-7.4766548219999],[112.707679337,-7.47671473],[112.707739245,-7.47674093999995],[112.70779541,-7.47678025499995],[112.707837974,-7.47683442799997],[112.707776723,-7.47685327499994],[112.70781696,-7.47694612999993],[112.707875769,-7.47704517599993],[112.707511307,-7.47773514999997],[112.70753042,-7.47777417999993],[112.707787047,-7.47829817499994],[112.707837808,-7.47840182199998],[112.70791819,-7.47856595],[112.70792157,-7.47857284999998],[112.70798655,-7.47858153999996],[112.70801364,-7.47858515999997],[112.70809204,-7.47859845999996],[112.70813307,-7.47863908999995],[112.70818444,-7.47871028999998],[112.70825939,-7.47871339999997],[112.70838886,-7.47871969999993],[112.708430141,-7.47871762199998],[112.7085353,-7.47871232999997],[112.70860704,-7.47876644999997],[112.7087575,-7.47891545999996],[112.70877253,-7.47892843999995],[112.7088279,-7.47897622999995],[112.708939956,-7.47901901699995],[112.70894067,-7.47901928999996],[112.70894032,-7.47902518999996],[112.70895007,-7.47916091999998],[112.7089409,-7.47929402999996],[112.708868225,-7.48029053299998],[112.70885333,-7.48049476300001],[112.709111996,-7.48044170299992],[112.709126973,-7.48043234299994],[112.709002072,-7.48078368999998],[112.708896699,-7.48108010499995],[112.708759828,-7.48103448099994],[112.708756495,-7.48104779399994],[112.70872263,-7.48118306999993],[112.708662426402,-7.48148657273599],[112.70862087,-7.48169606999994],[112.7086073,-7.48178965999994],[112.70847224,-7.48272140999994],[112.7082747,-7.48297162999997],[112.708272994,-7.48299339799997],[112.70827254,-7.48299918999996],[112.70823895,-7.48342879999997],[112.70818776,-7.48363615999993],[112.708159848,-7.48374921599998],[112.70809032,-7.48403082999992],[112.70795675,-7.48446165999998],[112.707952396,-7.48447292599995],[112.708025683,-7.484497355],[112.707842669,-7.48536498199996],[112.70767975,-7.48532729099998],[112.7074963,-7.48657700999997],[112.70746065,-7.48681987299996],[112.707125884,-7.48686544299993],[112.706925564,-7.48689914199997],[112.706829185,-7.48695850099996],[112.706235132,-7.48676729399995],[112.70621421,-7.48676055999994],[112.70618092,-7.48674984999994],[112.70618009,-7.48674972999993],[112.70612676,-7.4867420599999],[112.706041303,-7.48672978199994],[112.70479,-7.48655],[112.70478657,-7.48654895999992],[112.70477744,-7.48654618999998],[112.70476381,-7.48654587999993],[112.70392612,-7.48629313999996],[112.703212485,-7.485904212],[112.70315727,-7.48587411999996],[112.7030762,-7.48582993999997],[112.70254686,-7.48554145],[112.702432786,-7.48548761199992]]]]}},
{"type":"Feature","properties":{"kdkab":"15","kdkec":"070","nmkab":"SIDOARJO","nmkec":"CANDI","kddesa":"014","kdprov":"35","nmdesa":"KEDUNGKENDO","nmprov":"JAWA TIMUR","iddesa":"3515070014"},"geometry":{"type":"MultiPolygon","coordinates":[[[[112.690275095,-7.48045702899996],[112.69018038,-7.48038248999997],[112.69000068,-7.48024108999996],[112.68985066,-7.48017574999994],[112.68967018,-7.48012205999994],[112.689641602,-7.48011356199994],[112.6896077,-7.48010347999997],[112.68947511,-7.48006598999992],[112.68946846,-7.48006319999995],[112.68936,-7.48003],[112.68894,-7.47995],[112.68824,-7.47983],[112.68819074,-7.47982295999998],[112.68819097,-7.47982196],[112.68827754,-7.47945458999993],[112.688667291,-7.47780059899998],[112.68910667,-7.475936],[112.68911138,-7.47591600999991],[112.68911142,-7.47591582999998],[112.68912142,-7.47587339999995],[112.689626686,-7.47600125199994],[112.689828102,-7.47485211799995],[112.690173843,-7.47468602699993],[112.690226538,-7.47451900999995],[112.690330198957994,-7.47419045898293],[112.690615672,-7.47328565999994],[112.691315852,-7.47282137],[112.69266754,-7.47209497799996],[112.692951303,-7.47195025899993],[112.693416398,-7.47171305999997],[112.694090371,-7.47141351699996],[112.694277585,-7.47139853999992],[112.694483521,-7.47142100599997],[112.694696946,-7.47149214699992],[112.694992745,-7.47163068599995],[112.695937782,-7.47197179399996],[112.696258315,-7.47208748999997],[112.69686489,-7.47225223799995],[112.697799982,-7.47241175399994],[112.698137949,-7.47246940699995],[112.698587263,-7.47253680399996],[112.698761004004993,-7.47257265535669],[112.698934412,-7.47260843799995],[112.700002605,-7.47282885899993],[112.700519317,-7.47292621099996],[112.701095548,-7.47289163699994],[112.700793461,-7.474390457],[112.700773461,-7.47448968599997],[112.700612457,-7.475560553],[112.700614239,-7.47556667799994],[112.700651663387006,-7.47569532533324],[112.700713675,-7.47590849199994],[112.700499727,-7.47603315399995],[112.700417463,-7.47603119599995],[112.700342282,-7.476012859],[112.700342869,-7.47602943199998],[112.70034303,-7.47603397999992],[112.70034676,-7.47613944999995],[112.7003682,-7.47636698899993],[112.70037567,-7.47644626999992],[112.70037536,-7.47692847199995],[112.70037536,-7.47692903999997],[112.700375357,-7.47693511399995],[112.70037534,-7.47696592999997],[112.70027486,-7.47784721999993],[112.700220749,-7.4783218339999],[112.70014433,-7.47899211000001],[112.700143053,-7.47900331299995],[112.700036433,-7.47993850999993],[112.69987457,-7.47991557999994],[112.69974487,-7.47989720999996],[112.69973786,-7.47995392999994],[112.6996959,-7.48029323999997],[112.699680447,-7.48041821299994],[112.69952801,-7.4816509799999],[112.69948247,-7.48181621999995],[112.69941756,-7.48215208999993],[112.69941388,-7.48221301999996],[112.699409701,-7.48228221999996],[112.69932395,-7.48226455999996],[112.69932143,-7.48228204999998],[112.69931866,-7.48230415999993],[112.69931366,-7.48234413999995],[112.69919648,-7.48328002999995],[112.699193782,-7.48330947399996],[112.69919377,-7.48330960999991],[112.69919074,-7.48334256999996],[112.69910206,-7.48430975],[112.69893576,-7.48430838999996],[112.6985613,-7.48430532],[112.69818402,-7.48431781999994],[112.6981717,-7.48431822999991],[112.69795043,-7.48425713999992],[112.69742633,-7.48391301000002],[112.69707577,-7.48358952999995],[112.69680157,-7.48327292999993],[112.6959998,-7.48290470999997],[112.69555727,-7.482712],[112.69543632,-7.48270661999996],[112.69501581,-7.48268790999998],[112.69492036,-7.48268103000001],[112.69477603,-7.48265887999995],[112.69466662,-7.48264210000001],[112.694620808,-7.48263507199993],[112.69402314,-7.48254337999997],[112.69382096,-7.48252702999995],[112.69375066,-7.48252083999996],[112.69365002,-7.48251196999997],[112.69355767,-7.48248753999997],[112.69333128,-7.48243246999995],[112.693063281,-7.48232398999994],[112.692803304,-7.48241888199994],[112.692657342,-7.48249208699998],[112.692644392040307,-7.482499237154538],[112.692631294,-7.48250623399998],[112.692630029331696,-7.482504003811862],[112.692590831648275,-7.482480368522797],[112.692545880299306,-7.48244954474064],[112.692485517059239,-7.48235964204268],[112.692475242465193,-7.482300563126879],[112.692463683546876,-7.482249190156616],[112.692463683546876,-7.482177267998249],[112.692480379762216,-7.482089933948802],[112.692518107730365,-7.482024767458367],[112.692398753237512,-7.481928492946224],[112.69184814,-7.48144904],[112.69113661,-7.48089842999996],[112.691184054,-7.48062275299998],[112.69118407,-7.48062265999993],[112.69037037,-7.48045850999996],[112.69031093,-7.48045152000001],[112.69028084,-7.48046154999996],[112.690275095,-7.48045702899996]]]]}},
{"type":"Feature","properties":{"kdkab":"15","kdkec":"070","nmkab":"SIDOARJO","nmkec":"CANDI","kddesa":"001","kdprov":"35","nmdesa":"KARANGTANJUNG","nmprov":"JAWA TIMUR","iddesa":"3515070001"},"geometry":{"type":"MultiPolygon","coordinates":[[[[112.69366611,-7.49045044999997],[112.69366063,-7.49044578999997],[112.69364202,-7.49042998999994],[112.69350104,-7.49035177999996],[112.69337032,-7.49026324999996],[112.69323525,-7.49021596999996],[112.69323221,-7.49021401999993],[112.693100473,-7.49016499699997],[112.69301086,-7.49013164999998],[112.69299052,-7.4901303099999],[112.69284295,-7.49007865999993],[112.69183759,-7.49005854999992],[112.69160209,-7.48993446999997],[112.69102425,-7.48956343999993],[112.691018394,-7.48955736399994],[112.691094929,-7.48935122199993],[112.691191994,-7.48908978299994],[112.691266629,-7.48888875999993],[112.691273461,-7.48886102599995],[112.691349873,-7.48855083099994],[112.691423594,-7.48825155699996],[112.691448323,-7.48815116799996],[112.691471936,-7.48805531199995],[112.691453579,-7.48798256499997],[112.691433959,-7.48788112499996],[112.691426034030201,-7.487838619325008],[112.691409785,-7.487756142],[112.691401038,-7.48765617099998],[112.691357919,-7.48757700199995],[112.691332458,-7.48753025399996],[112.691194444,-7.48743986099994],[112.690946196,-7.48727727199997],[112.6908128,-7.48722835999996],[112.690650022,-7.48715323199997],[112.69049395,-7.48708119999997],[112.69048112,-7.48707095000002],[112.69032799,-7.48695339999996],[112.69016155,-7.48680480999994],[112.69008355,-7.48673517999994],[112.690057,-7.48670409999995],[112.689973399,-7.48660626199997],[112.68989399,-7.48651333],[112.689819888,-7.48635317699996],[112.68979954,-7.48630919999994],[112.68978328,-7.48627405999995],[112.68975161,-7.48619329999997],[112.68974188,-7.48617578999993],[112.68964105,-7.48599428999993],[112.68960276,-7.48593589999996],[112.68955122,-7.48585729999996],[112.68950912,-7.48579308999998],[112.68948652,-7.48578230999994],[112.68941592,-7.48569491999996],[112.689404477,-7.48568358699996],[112.68927926,-7.48555956999997],[112.68920331,-7.48548250999996],[112.68918888,-7.48546787000001],[112.68895758,-7.48527589999997],[112.688724028,-7.48512498899996],[112.688213899,-7.48564805099994],[112.688141655,-7.48563413499996],[112.687960635,-7.48559926499997],[112.687340521,-7.48547981499994],[112.686735946,-7.48438143499995],[112.686713043,-7.48437324499998],[112.686664315,-7.48435771999991],[112.686460312,-7.48432879799997],[112.686250551,-7.48432316499998],[112.686200558,-7.48431374699992],[112.686167301,-7.48429686899994],[112.6861108,-7.48426103799997],[112.686033621,-7.48416705399995],[112.685983309,-7.48404433599996],[112.685887268,-7.483803295],[112.685801818,-7.48367645599993],[112.685690899,-7.48353265699997],[112.685476498,-7.48341230200001],[112.685376527,-7.48345056799997],[112.68535683,-7.48345235999995],[112.68495908,-7.483621],[112.68494336,-7.48363259999997],[112.68481403,-7.48372801999996],[112.68460565,-7.48375784999996],[112.68458029,-7.48346758999998],[112.68447297,-7.48329863000002],[112.68432618,-7.48295075999992],[112.68423872,-7.48290269999998],[112.684213135285248,-7.482892392434357],[112.684202723636773,-7.482890869976328],[112.684193425183452,-7.482896435951902],[112.684184498268777,-7.482904263949205],[112.684169823452265,-7.482920272839933],[112.684124060664033,-7.482984912778327],[112.684113995437883,-7.482971674845267],[112.684101946737812,-7.482951768297327],[112.684087278755115,-7.48291562219712],[112.68405,-7.48283],[112.6839,-7.48179],[112.68388,-7.48173],[112.68385,-7.48168],[112.68375,-7.48158],[112.6835,-7.48147],[112.68314,-7.48139],[112.682805069,-7.48134348199993],[112.68278,-7.48134],[112.68278,-7.48133706999994],[112.68278,-7.48121774999991],[112.68278,-7.48096],[112.6828,-7.48057],[112.68281,-7.48048],[112.68281,-7.48046978199991],[112.68281,-7.48046776999997],[112.68281,-7.48041998999995],[112.68281,-7.47966],[112.68277,-7.47934],[112.68266,-7.47892],[112.68264,-7.47885],[112.68263993,-7.47884998999996],[112.6826458,-7.47884165999995],[112.68282405,-7.47862582999992],[112.68301896,-7.47854445999995],[112.68318107,-7.47857583999997],[112.68323568,-7.47858641999993],[112.68343188,-7.4786868599999],[112.68352934,-7.47877076999994],[112.68364603,-7.47895512999995],[112.68376617,-7.47903020999994],[112.68379863,-7.47905048999997],[112.68400381,-7.47907273999993],[112.68434748,-7.4790613],[112.6854449,-7.47925270999997],[112.68573857,-7.47930392999994],[112.68610429,-7.47936771000001],[112.68660463,-7.47947286999991],[112.68713273,-7.4795838599999],[112.68767518,-7.47970837999995],[112.68769849,-7.47971372999995],[112.68797459,-7.47977711999994],[112.68811524,-7.47981217999994],[112.68819074,-7.47982295999998],[112.68824,-7.47983],[112.68894,-7.47995],[112.68936,-7.48003],[112.68946846,-7.48006319999995],[112.68947511,-7.48006598999992],[112.6896077,-7.48010347999997],[112.689641602,-7.48011356199994],[112.68967018,-7.48012205999994],[112.68985066,-7.48017574999994],[112.69000068,-7.48024108999996],[112.69018038,-7.48038248999997],[112.690275095,-7.48045702899996],[112.69028084,-7.48046154999996],[112.69031093,-7.48045152000001],[112.69037037,-7.48045850999996],[112.69118407,-7.48062265999993],[112.691184054,-7.48062275299998],[112.69113661,-7.48089842999996],[112.69184814,-7.48144904],[112.692398753237512,-7.481928492946224],[112.692518107730365,-7.482024767458367],[112.692480379762216,-7.482089933948802],[112.692463683546876,-7.482177267998249],[112.692463683546876,-7.482249190156616],[112.692475242465193,-7.482300563126879],[112.692485517059239,-7.48235964204268],[112.692545880299306,-7.48244954474064],[112.692590831648275,-7.482480368522797],[112.692630029331696,-7.482504003811862],[112.692631294,-7.48250623399998],[112.692644392040307,-7.482499237154538],[112.692657342,-7.48249208699998],[112.692803304,-7.48241888199994],[112.693063281,-7.48232398999994],[112.69333128,-7.48243246999995],[112.69355767,-7.48248753999997],[112.69365002,-7.48251196999997],[112.69375066,-7.48252083999996],[112.69382096,-7.48252702999995],[112.69402314,-7.48254337999997],[112.694620808,-7.48263507199993],[112.69466662,-7.48264210000001],[112.69477603,-7.48265887999995],[112.69492036,-7.48268103000001],[112.69501581,-7.48268790999998],[112.69543632,-7.48270661999996],[112.69555727,-7.482712],[112.6959998,-7.48290470999997],[112.69680157,-7.48327292999993],[112.69707577,-7.48358952999995],[112.69742633,-7.48391301000002],[112.69795043,-7.48425713999992],[112.6981717,-7.48431822999991],[112.69818402,-7.48431781999994],[112.6985613,-7.48430532],[112.69893576,-7.48430838999996],[112.69910206,-7.48430975],[112.69919126,-7.48431047999996],[112.69929754,-7.48432804999991],[112.69937628,-7.48434105999995],[112.69946427,-7.48435426999992],[112.699465104,-7.48435439499997],[112.69953266,-7.48436452999992],[112.69995833,-7.48448165999996],[112.700181256,-7.48455596299994],[112.70019733,-7.48456131999995],[112.70029135,-7.48459265999998],[112.7007825,-7.48477683999996],[112.70081578,-7.48478931999993],[112.700898735,-7.48482053499996],[112.70090579,-7.48482318999993],[112.70103359,-7.48487125999997],[112.701149567,-7.48491489399993],[112.700800416,-7.48631149599991],[112.699945672,-7.48963225799998],[112.699826856,-7.49009386899993],[112.699807705,-7.49016187599997],[112.699745511,-7.49038273599995],[112.699569981,-7.491006064],[112.699618437,-7.49104843299993],[112.69932804,-7.49220838199997],[112.699111143,-7.493074743],[112.6989331,-7.49291413999992],[112.69888949,-7.49283255999996],[112.69882008,-7.49270271999994],[112.69851224,-7.49271587999993],[112.69840183,-7.49269653999995],[112.6983205,-7.49267927999996],[112.69818237,-7.49264996999993],[112.698175094881435,-7.492651010960584],[112.698109415,-7.49266205999993],[112.69807242,-7.49266818999994],[112.69778499,-7.49271582999993],[112.697650449,-7.492692591],[112.69685007,-7.49255433999997],[112.69665576,-7.49252325999995],[112.69590292,-7.49234825999998],[112.69478682,-7.49208882999995],[112.69479764,-7.49200534999994],[112.69483023,-7.49178271999995],[112.69487378,-7.49151554999998],[112.69488175,-7.49137079999995],[112.694882567,-7.49135595599998],[112.69488316,-7.49134516999992],[112.6948842,-7.49132638],[112.69486158,-7.49124301999995],[112.6948197,-7.49117896999998],[112.69479991,-7.49114868999993],[112.69468803,-7.49104342999992],[112.69454819,-7.49091602999994],[112.69431916,-7.49078340999995],[112.69418485,-7.49072444999995],[112.69418183,-7.49072583],[112.69401177,-7.49066370999997],[112.69394773,-7.49063612999992],[112.69377063,-7.49054451999994],[112.693767634,-7.49054297099996],[112.6937007,-7.49050834999996],[112.69366611,-7.49045044999997]]]]}},
{"type":"Feature","properties":{"kdkab":"15","kdkec":"070","nmkab":"SIDOARJO","nmkec":"CANDI","kddesa":"019","kdprov":"35","nmdesa":"TENGGULUNAN","nmprov":"JAWA TIMUR","iddesa":"3515070019"},"geometry":{"type":"MultiPolygon","coordinates":[[[[112.70764614,-7.475443],[112.70759228,-7.47553019999997],[112.70756963,-7.47555403999994],[112.707556081,-7.4755737909999],[112.707544943,-7.47559002699994],[112.70752017,-7.47562613999996],[112.70739353,-7.47574290999991],[112.707358108,-7.47576220099998],[112.706613903,-7.47535501999996],[112.706458729,-7.47527011899996],[112.70656705,-7.47509066999992],[112.70661193,-7.47493101999993],[112.70670234,-7.47494448999995],[112.70671452,-7.47490729999992],[112.70674211,-7.47456874999994],[112.7065964,-7.47456330999996],[112.70642908,-7.47454861999998],[112.70597256,-7.47444089999994],[112.70574687,-7.47432804999992],[112.705665902,-7.47427521199992],[112.70465431,-7.47361506999993],[112.70417728,-7.47317394000001],[112.70409995,-7.47313220999998],[112.704111641,-7.47287002499996],[112.70411168,-7.47286914999995],[112.704112995418996,-7.47283967011442],[112.703826420666005,-7.47282179841171],[112.703866107082007,-7.47205516105297],[112.704147274571,-7.47207143987561],[112.704152344,-7.47195782899992],[112.7041589,-7.47181089999998],[112.704173668,-7.47149152799995],[112.704600959798,-7.47151421578761],[112.704600138824006,-7.47134586973148],[112.704720962164004,-7.47116564729682],[112.704796168529995,-7.47121696062154],[112.704898379709363,-7.471073884361933],[112.70474671,-7.47093515999995],[112.70452955,-7.47078965999998],[112.704548847698732,-7.470736004648133],[112.704701395292275,-7.470374756185234],[112.704775551735409,-7.470413464882348],[112.704866228667029,-7.470208794921643],[112.704945274243769,-7.470021154446115],[112.704994586534823,-7.469900097606113],[112.705055308336298,-7.469753514403672],[112.705114676467133,-7.469684767268504],[112.705168583101226,-7.469602726885414],[112.705180232807038,-7.469522423471088],[112.705237190732788,-7.469362608241105],[112.705453937299126,-7.468781574645686],[112.705365109,-7.46872885899996],[112.705400097,-7.46863830399998],[112.7054529,-7.46850163999994],[112.705461591,-7.46847914999996],[112.70546214,-7.46847772999993],[112.70578799,-7.46763436999992],[112.705741788,-7.46758396699995],[112.70567514,-7.46751125999998],[112.70565462,-7.46750997999993],[112.70562,-7.46750997999993],[112.70559562,-7.46736145999995],[112.705547544,-7.46706849999993],[112.705532276336996,-7.46697546222841],[112.70580345175,-7.46696103245776],[112.705902896520001,-7.46695398954702],[112.706220888518999,-7.4669070368114],[112.706257891223999,-7.46690586299308],[112.706260203894004,-7.46695281572857],[112.706344616314993,-7.46696220627624],[112.706357335994994,-7.46689529862828],[112.706913532908999,-7.46700915901761],[112.707108953445996,-7.4670608070388],[112.707139050296007,-7.46711715837036],[112.707142505169998,-7.46711550845607],[112.708185637271995,-7.4672440656018],[112.70801155,-7.46813403999992],[112.708007616,-7.468154151],[112.70800188,-7.46818347999994],[112.70791653,-7.46861977999995],[112.70802079,-7.46866803299997],[112.70803647,-7.46867528999997],[112.70868495,-7.46897540399995],[112.70871574,-7.46904171999993],[112.70876817,-7.46915460999998],[112.7088078,-7.46923992999998],[112.70890817,-7.46932061999993],[112.708919858,-7.46933001599997],[112.70895274,-7.46935644999994],[112.709004,-7.46939766000001],[112.70914582,-7.46962935999994],[112.7091861,-7.46969516999996],[112.70923996,-7.46977595999994],[112.70923739,-7.46982340999995],[112.70922521,-7.46988880999994],[112.70922906,-7.46991060999993],[112.70924509,-7.46993048999997],[112.709264283,-7.46993449299994],[112.70931883,-7.46994586999994],[112.70937012,-7.469951],[112.70955144,-7.46995227999995],[112.70955286,-7.46995228999998],[112.70958556,-7.46996061999991],[112.70969163,-7.46995488999995],[112.709753912845073,-7.469951519941577],[112.70977535,-7.46995035999997],[112.70998073,-7.46986864],[112.71002028,-7.46985289999996],[112.71010492,-7.46983109999995],[112.71017417,-7.46982596999993],[112.7104627,-7.46988752999993],[112.71051827,-7.46988397999998],[112.71055311,-7.46988174999997],[112.710563756,-7.46987812999995],[112.71061723,-7.46985994999994],[112.71063347,-7.46985216999997],[112.71068007,-7.46982981999998],[112.71073329,-7.46980673999997],[112.71078971,-7.46979839999996],[112.71079306,-7.46979928999998],[112.71080895,-7.46980353000001],[112.710947992,-7.46990563499996],[112.71098271,-7.46993112999996],[112.71133279,-7.47006320999998],[112.71136742,-7.47007987999997],[112.71142655,-7.47009160999996],[112.711441161,-7.47009450699995],[112.711459764,-7.47009819599997],[112.71167134,-7.47014014999995],[112.71170212,-7.47014656999995],[112.7117252,-7.47016836999998],[112.71178547,-7.47025171999996],[112.71191115,-7.47043894999994],[112.71213684,-7.47058128999994],[112.7122343,-7.47060565999992],[112.7123728,-7.47058386],[112.71251258,-7.47059026999993],[112.71254084,-7.47059678999997],[112.71259593,-7.47060949999997],[112.7126701,-7.47065931000001],[112.71268185,-7.47066720999998],[112.712737,-7.47072491999997],[112.71277162,-7.47074287],[112.71279075,-7.47074517999993],[112.712846,-7.47075184999996],[112.712910009,-7.47072713599996],[112.71291909,-7.47072362999997],[112.71303066,-7.47067361999996],[112.71324192,-7.47060885999998],[112.71338203,-7.47056589999991],[112.71345793,-7.47057842],[112.71347519,-7.47058391999995],[112.71365733,-7.47064190000001],[112.713800266,-7.47069805199995],[112.71389073,-7.47073358999993],[112.71419721,-7.47083617999995],[112.714266111,-7.47087507999994],[112.71438572,-7.47094260999991],[112.71445754,-7.47101698999998],[112.71457139,-7.47111426],[112.71458962,-7.47112983999995],[112.7147076,-7.47120293999998],[112.71479224,-7.47131321999996],[112.71485892,-7.47140170999993],[112.71487816,-7.47141195999992],[112.714892628,-7.47141413699998],[112.714715718,-7.47156042799998],[112.714524759,-7.47170645499995],[112.714498549,-7.47182627199996],[112.714487316,-7.47191239099994],[112.714461106,-7.47195732299998],[112.714457362,-7.47199476499997],[112.71430759,-7.47233923999997],[112.714265054,-7.47235291199995],[112.71426741,-7.47239538999996],[112.71424689,-7.47248771999996],[112.71421355,-7.47260313999994],[112.71421355,-7.47264416999995],[112.71423663,-7.472657],[112.7135621,-7.47467545999994],[112.7134749,-7.47472674999995],[112.71339283,-7.47473700999996],[112.71331023,-7.47481325999996],[112.71328076,-7.47493037999993],[112.71314961,-7.47541842999996],[112.71240424,-7.47525161999995],[112.71208109,-7.47516313999993],[112.71180667,-7.47516057999996],[112.71166877,-7.47517606999995],[112.71163548,-7.47517980999992],[112.711463,-7.47518685999997],[112.71117672,-7.47516153999992],[112.71115086,-7.4751578],[112.71112672,-7.47515431999994],[112.71106144,-7.47514489799993],[112.711061307,-7.47514487899998],[112.71068141,-7.47509004999993],[112.70917851,-7.47481561999995],[112.70880278,-7.47473867999997],[112.70848732,-7.47470918999998],[112.70845487408836,-7.474712953957931],[112.708343122,-7.47472591799994],[112.708223971,-7.47552219399994],[112.708207087,-7.47563502899993],[112.70796524,-7.47554218199998],[112.707654724,-7.47542297299997],[112.70764614,-7.475443]]]]}},
{"type":"Feature","properties":{"kdkab":"15","kdkec":"070","nmkab":"SIDOARJO","nmkec":"CANDI","kddesa":"020","kdprov":"35","nmdesa":"BLIGO","nmprov":"JAWA TIMUR","iddesa":"3515070020"},"geometry":{"type":"MultiPolygon","coordinates":[[[[112.72005867,-7.47815404999993],[112.71963943,-7.47812758999991],[112.719396032,-7.47811222999996],[112.71913159,-7.47809554299994],[112.71908068,-7.47809233],[112.71895543,-7.47807384999993],[112.71891282,-7.47806792999995],[112.71865207,-7.47803174999993],[112.7183609,-7.47798931999993],[112.71820649,-7.47796890999995],[112.71778768,-7.47787362999996],[112.71754654,-7.47778914999997],[112.717486401,-7.47776662799991],[112.71748232,-7.47776509999995],[112.71745326,-7.47775421999994],[112.71702801,-7.477595],[112.716742,-7.47748219999996],[112.716651191,-7.477445008],[112.71668597,-7.47739685599993],[112.71670458,-7.47737109],[112.71669636,-7.47724789999995],[112.71662245,-7.47712059999997],[112.71650747,-7.47690294999995],[112.71647051,-7.47679412999998],[112.71646229,-7.47653746999989],[112.71652389,-7.47632393],[112.71669342,-7.47553935999998],[112.71637939,-7.47551940999995],[112.71637983,-7.47551743999996],[112.7155,-7.47548],[112.71504,-7.47544],[112.7149445,-7.47543156999993],[112.714943281,-7.475431188],[112.714940603,-7.475430348],[112.71468047,-7.47534879999993],[112.71431163,-7.47542789999996],[112.71424004,-7.47544324999996],[112.71397723,-7.47550586999995],[112.7139395,-7.47550604999998],[112.713566518,-7.47550779999995],[112.71353886,-7.47550792999993],[112.71328425,-7.47545095],[112.71314961,-7.47541842999996],[112.71328076,-7.47493037999993],[112.71331023,-7.47481325999996],[112.71339283,-7.47473700999996],[112.7134749,-7.47472674999995],[112.7135621,-7.47467545999994],[112.71423663,-7.472657],[112.71421355,-7.47264416999995],[112.71421355,-7.47260313999994],[112.71424689,-7.47248771999996],[112.71426741,-7.47239538999996],[112.714265054,-7.47235291199995],[112.71430759,-7.47233923999997],[112.714457362,-7.47199476499997],[112.714461106,-7.47195732299998],[112.714487316,-7.47191239099994],[112.714498549,-7.47182627199996],[112.714524759,-7.47170645499995],[112.714715718,-7.47156042799998],[112.714892628,-7.47141413699998],[112.71498309,-7.47142775],[112.71508502,-7.47142400999997],[112.71517382,-7.47140655999994],[112.71542432,-7.47139731999994],[112.71565583,-7.47140757999995],[112.715888341,-7.47145196299994],[112.71588869,-7.47145202999997],[112.715900447,-7.47145427499994],[112.71601617,-7.47147636999996],[112.71649047,-7.47162522999996],[112.71684877,-7.47177100999994],[112.71698137,-7.47186318999998],[112.717128,-7.4719651199999],[112.71736485,-7.47212976999998],[112.71740109,-7.47215496999996],[112.71740877,-7.47217476999996],[112.717409904,-7.47217769299995],[112.71754687,-7.47253070999991],[112.71758308,-7.47257315],[112.71761258,-7.47260771],[112.717673346,-7.47265497599995],[112.71769882,-7.47267478999992],[112.71771421,-7.47268675999992],[112.71785517,-7.47270906999993],[112.71785691,-7.47270934999993],[112.71797552,-7.47269923999993],[112.7180376,-7.47269394999994],[112.71810228,-7.47270523999993],[112.718351999,-7.47278297699997],[112.71884761,-7.47293726000001],[112.719443244,-7.47308570499994],[112.7195067,-7.47310151999995],[112.7197281,-7.47311812],[112.71983523,-7.47312615999997],[112.71990709,-7.47315284999995],[112.72002205,-7.47321385999993],[112.720074713,-7.47324181100001],[112.72027462,-7.47334790999998],[112.720375386,-7.473380434],[112.72053775,-7.47343283999993],[112.72054736,-7.47343359999997],[112.72056692,-7.47343512999993],[112.720680953236368,-7.473446223348589],[112.72068832,-7.47344693999998],[112.72092547,-7.47325700999991],[112.72101787,-7.47314408999994],[112.721092341,-7.47294955999997],[112.72134251,-7.47296821999989],[112.72143966,-7.47297546999993],[112.72151467,-7.472981063],[112.721534283,-7.47298252599996],[112.72160514,-7.47298780999995],[112.72161145,-7.47298827999997],[112.7216392,-7.47299034999998],[112.7218228,-7.4730040499999],[112.72196347,-7.47301453999997],[112.72196717,-7.47301481999996],[112.72197243,-7.47301521299992],[112.72197735,-7.47301558000001],[112.722152744,-7.47304666199994],[112.72216165,-7.47304824],[112.722463206,-7.47310167899995],[112.72262618,-7.47313055999998],[112.72312307,-7.47326812999995],[112.723129964,-7.47326945899994],[112.72329125,-7.47330055999992],[112.72335472,-7.4733128],[112.72358095,-7.47335641999998],[112.72358183,-7.47313223999992],[112.72362985,-7.472899],[112.723718966,-7.47267654099994],[112.723896455,-7.47223347799997],[112.724084976,-7.47176287599994],[112.72408586,-7.47176066999998],[112.72408605,-7.47176020999997],[112.724086897,-7.47175785499994],[112.72426649,-7.47125875299997],[112.72438104,-7.47094040999995],[112.724432575,-7.47076940399995],[112.72460007,-7.47021360999997],[112.724644991513088,-7.470225331890625],[112.72507098,-7.47033648999997],[112.72507507,-7.47033765],[112.725100166,-7.47034474499995],[112.72568937,-7.47051131999993],[112.72572994,-7.47052167999995],[112.7258996,-7.470565],[112.725899885,-7.47056507299994],[112.72635,-7.47068],[112.72681,-7.47081],[112.72742085,-7.47099775999993],[112.72743211,-7.47100229999992],[112.72735975,-7.47147523999995],[112.727359683,-7.47147567899998],[112.72735648,-7.47149658999995],[112.72721363,-7.47243032999995],[112.727213302,-7.47243247399997],[112.72720133,-7.47251071999996],[112.727051025,-7.47349316099995],[112.726959281,-7.47409283099995],[112.72695726,-7.47410604000001],[112.726854881,-7.47477522000001],[112.72681294,-7.47477108999994],[112.7267409,-7.47478480999996],[112.726677952,-7.47489527899996],[112.726597091,-7.47503718299992],[112.72658752,-7.47505397999994],[112.72639104,-7.47539878999993],[112.72627769,-7.47566461999998],[112.72602198,-7.47626434999992],[112.72592758,-7.47648572999996],[112.7250799,-7.47656071999997],[112.724740357,-7.47653491099996],[112.72473074,-7.47653417999996],[112.72421547,-7.47649501999997],[112.72405327,-7.47647448],[112.724045741,-7.47647520399993],[112.723153031,-7.47656100999998],[112.72294246,-7.47658125000001],[112.72262215,-7.47657714999997],[112.72231416,-7.47650322999991],[112.721591097,-7.47619186899991],[112.721391894845326,-7.476105523268528],[112.72116443,-7.47600813999994],[112.72114986,-7.47607301999994],[112.720997342,-7.47662750099995],[112.72076104,-7.47748657999994],[112.72055045,-7.47755392999993],[112.720549447143242,-7.477560226913878],[112.7204508,-7.47817962999992],[112.72022947,-7.47816474999995],[112.72005751,-7.47815548999995],[112.72005867,-7.47815404999993]]]]}},
{"type":"Feature","properties":{"kdkab":"15","kdkec":"070","nmkab":"SIDOARJO","nmkec":"CANDI","kddesa":"023","kdprov":"35","nmdesa":"SEPANDE","nmprov":"JAWA TIMUR","iddesa":"3515070023"},"geometry":{"type":"MultiPolygon","coordinates":[[[[112.693309564,-7.46609375899993],[112.69328957,-7.46611690999993],[112.693139798,-7.466105678],[112.693088452,-7.46606935899997],[112.692986282,-7.46599709299992],[112.692976497,-7.46598456799994],[112.692892675,-7.46587727599994],[112.692578155,-7.46572750399998],[112.692095118,-7.46554509899996],[112.691806744,-7.46639382399994],[112.691562984,-7.46628680799997],[112.691435678,-7.46611456999992],[112.691343693,-7.46610165999993],[112.691222253,-7.46608461599993],[112.690596957,-7.46610333699993],[112.690484628,-7.46620068899993],[112.690181341,-7.46659383899994],[112.689514857,-7.46672301699994],[112.689393168,-7.46674454699996],[112.689238313,-7.46665298799995],[112.689053807,-7.46654389699993],[112.688925599,-7.46649110499993],[112.688717791,-7.46625521499994],[112.688590485,-7.46616535199997],[112.688450074,-7.46611480399997],[112.688165508,-7.46592946199995],[112.687916513,-7.46585644799996],[112.687858126,-7.46586395499995],[112.687785463,-7.46587329799996],[112.687655430880483,-7.465929103599013],[112.687787940377618,-7.465730339353287],[112.687830657254992,-7.465508909009361],[112.68775045413831,-7.46535373341401],[112.68796775,-7.46461355999995],[112.688004027,-7.46449263800002],[112.68800774,-7.46448025999995],[112.688009266,-7.46447517399996],[112.68809841,-7.46417802],[112.688266877819387,-7.463616462704261],[112.688306501,-7.46348438599996],[112.688405178094001,-7.46315546343079],[112.688522125,-7.46276564199996],[112.688637559919997,-7.462380861491],[112.688723172,-7.46209548999998],[112.68874086,-7.46203652999998],[112.68874394,-7.46202625999998],[112.689020935,-7.46093506199997],[112.68942342,-7.46115441999994],[112.689430297077834,-7.461143630094313],[112.68973386,-7.46066734999993],[112.69001271,-7.45997284999997],[112.69001917,-7.45995677999997],[112.690025013,-7.45994222699995],[112.69002506,-7.45994210999994],[112.690026,-7.45993976999993],[112.69002798,-7.45993482999994],[112.69003327,-7.45991736099993],[112.690061999273098,-7.459822484120912],[112.690284475,-7.45908776999992],[112.69047748,-7.45845037999994],[112.690553464,-7.45824481499995],[112.690850558,-7.45744106],[112.691099,-7.45676892999997],[112.691172,-7.4565234],[112.69118134,-7.45649196999993],[112.691181381,-7.45649183099995],[112.691182609,-7.45648770399993],[112.6911868,-7.45647361999992],[112.691293789,-7.45611375399991],[112.691384649,-7.45565689599994],[112.691634318,-7.45567249999992],[112.69176723,-7.45600173999998],[112.69181376,-7.45600155999998],[112.69190339,-7.45600527999994],[112.69210538,-7.45601366999993],[112.69243606,-7.45584043],[112.69268712,-7.45564103999994],[112.69291526,-7.45553561999995],[112.69295646,-7.45552957999995],[112.69307621,-7.45554618999994],[112.69315316,-7.45554873999994],[112.69326,-7.45557998999991],[112.69343275,-7.455633],[112.69349867,-7.45566651999996],[112.6936095,-7.45574488999995],[112.69390899,-7.45595667999993],[112.693927623,-7.45597165499994],[112.69392804,-7.45597198999998],[112.69393561,-7.45597806999996],[112.69427,-7.45623277999993],[112.69445354,-7.45633178999997],[112.69461553,-7.45641917999994],[112.69479801,-7.45648076999993],[112.69482382,-7.45648947999997],[112.6948713,-7.45651147999994],[112.694970659,-7.456557495],[112.69498369,-7.45656352999993],[112.694989082,-7.45656602799993],[112.69500653,-7.45657410999996],[112.69526924,-7.45671531999993],[112.69545661,-7.45678482999994],[112.69560313,-7.45683918999994],[112.69568358,-7.45685772],[112.695684204,-7.45685786399997],[112.69586386,-7.45689924999996],[112.69592099,-7.45691241],[112.69597961,-7.45692591999996],[112.69632693,-7.45706205999998],[112.69643707,-7.45714136],[112.69653668,-7.45718678999998],[112.69660967,-7.45722006999996],[112.69661945,-7.45721941999996],[112.69663606,-7.45721831999995],[112.69682167,-7.45720602999998],[112.69703358,-7.45716552999993],[112.69716606,-7.45715178999994],[112.697189232,-7.45715048399998],[112.69741783,-7.45713759999997],[112.69757697,-7.45716343999992],[112.69781594,-7.45726835999996],[112.697873971,-7.45729248499991],[112.69806817,-7.45737321999996],[112.69837371,-7.45755725],[112.69864965,-7.45766996999992],[112.69874452,-7.45770872499998],[112.69875868,-7.45771451],[112.698818614,-7.45770797999994],[112.698923316,-7.457715724],[112.699102292,-7.45767517599998],[112.699216635,-7.45760709699992],[112.699325756,-7.45747932499997],[112.699367208,-7.45733673199991],[112.699385863,-7.45724176399995],[112.699388026,-7.45710053399994],[112.699349484,-7.45699190399995],[112.699280427,-7.45689009099995],[112.699143856,-7.45672781299993],[112.69904328,-7.45659764499992],[112.699012199,-7.45655058499995],[112.699021258,-7.45641704900001],[112.699025787,-7.456350281],[112.699076836,-7.45624625599996],[112.699222262,-7.456059307],[112.699252513,-7.45602382999994],[112.699461164,-7.45577913999992],[112.699645364,-7.45563235399992],[112.699830776,-7.45554380899994],[112.699863372,-7.45552824199994],[112.699895563,-7.45553185099993],[112.700128348,-7.45555794999998],[112.700154007,-7.45557073699997],[112.700335458,-7.45566116600001],[112.700378619,-7.45570405800001],[112.700434772323618,-7.455750450194075],[112.700452398,-7.45576501199997],[112.700484353,-7.45585762599998],[112.700485325,-7.45634288699998],[112.700500861,-7.456781242],[112.700542439,-7.45687716299992],[112.700622585,-7.45696348699994],[112.700721335,-7.45702536799995],[112.701147416,-7.45715401999997],[112.701569096,-7.45742202499997],[112.701728755,-7.45745886899997],[112.701833187,-7.45748296899994],[112.70186717,-7.45748611999993],[112.70188586,-7.45748784999994],[112.70198512,-7.45749706000001],[112.70202437,-7.45749980999997],[112.702025633,-7.45749989799996],[112.70231198,-7.45751995999996],[112.70234307,-7.45752213999997],[112.70253408,-7.45755541999994],[112.702685515,-7.45758181199995],[112.70271442,-7.45758684999995],[112.70301946,-7.45763858999992],[112.70329824,-7.45775656999993],[112.70334613,-7.45777840999995],[112.70351022,-7.45785324000001],[112.70351661,-7.45785615399992],[112.70364345,-7.45791398999996],[112.703819246,-7.45788404599997],[112.70394592,-7.45786246999993],[112.70401092,-7.4578514],[112.70404079,-7.45784631999991],[112.70437167,-7.45772597999997],[112.70449085,-7.4576990599999],[112.704597275,-7.45768116199995],[112.70470914,-7.45766234999993],[112.70486053,-7.45763687999993],[112.704861012,-7.45763679899997],[112.70501403,-7.45761106000001],[112.705141038,-7.45762264199992],[112.705418845,-7.45763015799998],[112.70573553,-7.45769549699998],[112.705743455,-7.457697132],[112.7057544,-7.45769957999993],[112.70588878,-7.45772965999993],[112.70588935,-7.45772984999997],[112.70589,-7.45772998999994],[112.70590295,-7.45773430999997],[112.7059164,-7.45773879999997],[112.705990223,-7.457763401],[112.705878792,-7.45782511499993],[112.705779731,-7.45799791499993],[112.705525365,-7.45835319199993],[112.705423478,-7.45852385399996],[112.705417481,-7.45853389999993],[112.70538015,-7.45878693299997],[112.705343468,-7.45910175699993],[112.7053138,-7.45927185899995],[112.705350661466724,-7.459279231307718],[112.705161518636999,-7.45982812407534],[112.705084579290002,-7.46005140236553],[112.704968905730993,-7.46039421710398],[112.704677522907005,-7.46125777193873],[112.704664368512994,-7.46129675691515],[112.704656269327998,-7.46133096608976],[112.704615366075004,-7.46150373247468],[112.704524298254,-7.46188838325185],[112.704332975027995,-7.46275908786407],[112.704297597391999,-7.46292009030178],[112.704301209414993,-7.46292083235615],[112.704252527414994,-7.46325361958248],[112.704223103440995,-7.46345476022206],[112.704162039802995,-7.46379018699436],[112.704075133663707,-7.464267568915498],[112.704058858815003,-7.46435696783707],[112.704050014326995,-7.46440559295339],[112.703909184276995,-7.46517984730172],[112.703763483399996,-7.46602289694438],[112.703701689013997,-7.46639158760585],[112.70352703,-7.46637843],[112.70353067,-7.46634294999994],[112.70348078,-7.46633954999992],[112.70348937,-7.46629339999995],[112.703172488,-7.46626519599994],[112.70270009,-7.46622314999997],[112.7025907,-7.46622081],[112.702574932,-7.46622046699994],[112.70256448,-7.46622023999991],[112.702562228,-7.466220192],[112.70246828,-7.46621817999993],[112.70162292,-7.46620006999997],[112.70132798,-7.46619749999996],[112.70117666,-7.46617056999997],[112.70098303,-7.46609747999996],[112.70089797,-7.46605055000002],[112.700883971,-7.46604282799998],[112.70083427,-7.46601540999992],[112.70070268,-7.46596488999993],[112.69983287,-7.46558916999996],[112.699705498,-7.46563756999992],[112.69970463,-7.46563789999996],[112.698966123,-7.465100508],[112.69852744,-7.46478128999993],[112.698514735,-7.46477361699996],[112.69837842,-7.46469128999994],[112.69826841,-7.46462484999994],[112.69825194,-7.46462021999998],[112.69810148,-7.46457796999995],[112.698079974,-7.46457193099993],[112.697908159,-7.46452368099993],[112.697431744,-7.46438989099995],[112.697419496,-7.46438645099997],[112.69700482,-7.46427],[112.696484773,-7.46412396299994],[112.69648259,-7.46412334999993],[112.69639619,-7.46409908999995],[112.69639771,-7.46412729999995],[112.69641542,-7.46445557999994],[112.69639875,-7.46454597999996],[112.69635067,-7.46462548999991],[112.69625513,-7.46473704999995],[112.6961882,-7.46477334999997],[112.6961878,-7.46477394999992],[112.696164939,-7.46478755399994],[112.69612714,-7.46481004599995],[112.696085151,-7.464849],[112.695558142,-7.46515228799995],[112.695419603,-7.46522342899996],[112.695311019,-7.465300187],[112.695301658,-7.46538630599998],[112.695361566,-7.46586183099992],[112.695032248,-7.46587850499997],[112.694769969,-7.46589178499996],[112.694620197,-7.46595543799997],[112.69404740167947,-7.465919421681011],[112.693846065,-7.46590676199996],[112.693663531,-7.46589552899998],[112.693503462,-7.465976031],[112.693407047,-7.46603781199995],[112.693309564,-7.46609375899993]]]]}},
{"type":"Feature","properties":{"kdkab":"15","kdkec":"070","nmkab":"SIDOARJO","nmkec":"CANDI","kddesa":"024","kdprov":"35","nmdesa":"SIDODADI","nmprov":"JAWA TIMUR","iddesa":"3515070024"},"geometry":{"type":"MultiPolygon","coordinates":[[[[112.68743686,-7.46037411999996],[112.687411485,-7.46037119499993],[112.68733708,-7.46036261999995],[112.686277039,-7.46018898299997],[112.68626957,-7.46018775999995],[112.68592877,-7.46013193999993],[112.685869967,-7.4601238],[112.68584786,-7.46012073999998],[112.685531273,-7.46007690799997],[112.68548629,-7.46007067999995],[112.685433755682993,-7.46006340794398],[112.68482362,-7.45997894999993],[112.684823061,-7.45997887299996],[112.68474978,-7.45996872999993],[112.68469396,-7.45995427],[112.68427965,-7.45984692999994],[112.68387215,-7.45968350999996],[112.68384971,-7.45981312000001],[112.68382704,-7.45994412999996],[112.68381508,-7.45994338999997],[112.68373423,-7.45993837999996],[112.682865606,-7.45989158399992],[112.68269624,-7.45988245999995],[112.682585413,-7.45987648699996],[112.68216035,-7.45985358],[112.681082041,-7.459957624],[112.6810522,-7.459960504],[112.68104955,-7.45996075999993],[112.68000999,-7.46006106999992],[112.67997673,-7.46005652999993],[112.679719575,-7.46017888299998],[112.6792684,-7.46039354999991],[112.67925306,-7.46039540999993],[112.67893436,-7.46111853999996],[112.67893842,-7.46117963999994],[112.67893956,-7.46121126999996],[112.67893657,-7.46121853999995],[112.67892799,-7.46135474999994],[112.67892878,-7.46135706999998],[112.67888244,-7.46155856999994],[112.67887963,-7.46155740999998],[112.6785,-7.4614],[112.678480018,-7.46139500499994],[112.67786074,-7.46124018999996],[112.677705986,-7.46120629799997],[112.677576359992003,-7.46117790933344],[112.676988288,-7.46104911899994],[112.676623149,-7.46096915199997],[112.67616644,-7.46086912999993],[112.67614151,-7.46087601999992],[112.67612641,-7.46087523999993],[112.6771868,-7.45799511999994],[112.67768523,-7.45653626999996],[112.677686497,-7.45653260299995],[112.67752078,-7.456472187],[112.677839984,-7.455947743],[112.678062184,-7.45552391599997],[112.678283768,-7.45506847499994],[112.678432437,-7.45479412799996],[112.678472092,-7.45470011199995],[112.679305915,-7.45486629999992],[112.67939939,-7.45488492999996],[112.67943814,-7.45489598999996],[112.679726483,-7.45497827799993],[112.67972663,-7.45497831999991],[112.67975548,-7.45498655299996],[112.68018423,-7.45510890999997],[112.68018604,-7.45510947999997],[112.68029354,-7.45513304999996],[112.68071309,-7.45522211999996],[112.68074302,-7.45522846999995],[112.680888588,-7.45530731599993],[112.68099071,-7.45536262999996],[112.68105806,-7.45539910999996],[112.681064875,-7.45540482799995],[112.68155385,-7.45581513999998],[112.68159873,-7.45585279999995],[112.68178161,-7.45591678999997],[112.68183109,-7.4559341],[112.681967086,-7.45598499499994],[112.68213747,-7.45604875999991],[112.68230242,-7.45611049999994],[112.68231065,-7.45611357999998],[112.682502413,-7.45618534099998],[112.68259193,-7.45621883999995],[112.68263161,-7.45623655999996],[112.682632362,-7.45623497499995],[112.682727359,-7.45627362899993],[112.683207493,-7.45525866699996],[112.68412256,-7.45559888999998],[112.684122943,-7.455598788],[112.684254528,-7.45564835499994],[112.684692202,-7.45467288299997],[112.68473277,-7.45469427999994],[112.6847982,-7.45476670999995],[112.68480428,-7.45477372999992],[112.684809873,-7.45478019299997],[112.6848444,-7.45482008999996],[112.68489808,-7.45482752999995],[112.68493638,-7.45481973999996],[112.68497463,-7.45480046999995],[112.68503602,-7.45481935999993],[112.68510878,-7.45480377999997],[112.68513941,-7.45479600999996],[112.68518318,-7.45471742999996],[112.6851791,-7.45465240999992],[112.68517885,-7.45458738999996],[112.68521698,-7.45453750999997],[112.68528213,-7.45453725999996],[112.68532046,-7.45453711999996],[112.68537392,-7.45448718999993],[112.68541982,-7.45446406000001],[112.68545363,-7.45448356999997],[112.68547724,-7.45450269999997],[112.6854876,-7.45450317999996],[112.68551201,-7.45451725999992],[112.68558491,-7.45453993999997],[112.68568461,-7.45455485999996],[112.68583036,-7.45458489999991],[112.68594542,-7.45460741999995],[112.68612623,-7.45459543999994],[112.68614628,-7.45458990999995],[112.686219743,-7.45459468099994],[112.68629717,-7.45459970999997],[112.68654881,-7.45462664999998],[112.686867461,-7.454636593],[112.686948104,-7.45469101899993],[112.687224737,-7.45378123599997],[112.68746116,-7.45300369899993],[112.687569737,-7.45268398599994],[112.687708971,-7.45219462299997],[112.687770303,-7.45192637899994],[112.68781634,-7.45172502599998],[112.68874258,-7.45195156999994],[112.68880849,-7.45196768999994],[112.688843244,-7.45197619299995],[112.68886289,-7.451981],[112.68905994,-7.45202918999997],[112.68919913,-7.45221294999996],[112.68926529,-7.45228278999997],[112.68931,-7.45232998999994],[112.68931256,-7.45233255999998],[112.68946471,-7.45242457999994],[112.68946579,-7.45242522999995],[112.68960628,-7.45246203999994],[112.68961429,-7.45245943999994],[112.68963209,-7.45245364999996],[112.689637325,-7.45245194800001],[112.6896379,-7.45245176099994],[112.68986793,-7.45237698999994],[112.69004535,-7.45228292999998],[112.69020412,-7.45220760999996],[112.69042839,-7.45213203999998],[112.69065378,-7.45203629999995],[112.69090548,-7.45201523000002],[112.69104577,-7.45209232999998],[112.69117232,-7.45222393999997],[112.69123365,-7.45228772999998],[112.691241507,-7.45230068699994],[112.69134664,-7.45247406999992],[112.69137204,-7.45250970000001],[112.69143536,-7.45259852000001],[112.69143782,-7.45260014999997],[112.69148656,-7.45263229999994],[112.69149774,-7.45263967999992],[112.69164309,-7.45264480999995],[112.69167907,-7.45262588],[112.69184303,-7.45260291999994],[112.691907042,-7.45259068699995],[112.69199263,-7.45257432999996],[112.69214559,-7.45255023999993],[112.69229248,-7.45258536999996],[112.69235763,-7.45260095000002],[112.6924061,-7.45303969999997],[112.692371369,-7.45332592200002],[112.69232447,-7.45371241999995],[112.69211964,-7.45397468999994],[112.69181245,-7.45438677999993],[112.69157962,-7.45466783999994],[112.69156273,-7.45514418999997],[112.69162077,-7.45563894],[112.691634318,-7.45567249999992],[112.691384649,-7.45565689599994],[112.691293789,-7.45611375399991],[112.6911868,-7.45647361999992],[112.691182609,-7.45648770399993],[112.691181381,-7.45649183099995],[112.69118134,-7.45649196999993],[112.691172,-7.4565234],[112.691099,-7.45676892999997],[112.690850558,-7.45744106],[112.690553464,-7.45824481499995],[112.69047748,-7.45845037999994],[112.690284475,-7.45908776999992],[112.690061999273098,-7.459822484120912],[112.69003327,-7.45991736099993],[112.69002798,-7.45993482999994],[112.690026,-7.45993976999993],[112.69002506,-7.45994210999994],[112.690025013,-7.45994222699995],[112.69001917,-7.45995677999997],[112.69001271,-7.45997284999997],[112.68973386,-7.46066734999993],[112.689430297077834,-7.461143630094313],[112.68942342,-7.46115441999994],[112.689020935,-7.46093506199997],[112.688312325230129,-7.460552285285916],[112.68819088,-7.46049465999993],[112.687682594,-7.46041340399995],[112.687471554,-7.46037966599994],[112.68743686,-7.46037411999996]]]]}}
]
}
