{
"type": "FeatureCollection",
"name": "kdkec_110",
"crs": { "type": "name", "properties": { "name": "urn:ogc:def:crs:OGC:1.3:CRS84" } },
"xy_coordinate_resolution": 1e-15,
"features": [
{"type":"Feature","properties":{"kdkab":"15","kdkec":"110","nmkab":"SIDOARJO","nmkec":"SIDOARJO","kddesa":"020","kdprov":"35","nmdesa":"CEMENG KALANG","nmprov":"JAWA TIMUR","iddesa":"3515110020"},"geometry":{"type":"MultiPolygon","coordinates":[[[[112.6865003,-7.44597828999996],[112.68592927,-7.44590449999992],[112.68588316,-7.44589280999998],[112.6857015,-7.44584675999992],[112.68535183,-7.44560614999992],[112.68498611,-7.44531100999994],[112.68460114,-7.44519231999996],[112.684173248,-7.44511081499995],[112.68417317,-7.44511079999993],[112.68394912,-7.44506812],[112.683943783,-7.44506710499995],[112.68392746,-7.445064],[112.68359529,-7.44505342],[112.6834238,-7.44504795999997],[112.68324735,-7.44502228999994],[112.68309979,-7.44499341999995],[112.68303562,-7.44495170999992],[112.68291693,-7.44481376999997],[112.682814734,-7.44473601299995],[112.682779993,-7.44470957999995],[112.68268684,-7.444779963],[112.682612565,-7.44487192299992],[112.682454758,-7.44474699199998],[112.682229273,-7.44457246499998],[112.682370201,-7.44434451199993],[112.682370344,-7.44434435299997],[112.682448199088057,-7.444235048331451],[112.6824753,-7.444197],[112.682571961286001,-7.443974396919388],[112.68258117,-7.44395318999993],[112.682602074,-7.44386644099995],[112.682604,-7.44385844999992],[112.68270949,-7.44342064999994],[112.68284423,-7.44267959999994],[112.68294688,-7.44206044999991],[112.68302724,-7.44162494299997],[112.68303018,-7.44160900999997],[112.68303071,-7.44160905999997],[112.68306482,-7.44130063999991],[112.68309139,-7.44107473999997],[112.68310214,-7.44098337999997],[112.68311615,-7.44086434999996],[112.68316747,-7.44054675999995],[112.6831795,-7.44037231999993],[112.68318188,-7.44037309999994],[112.68326133,-7.44039919999994],[112.6832614,-7.44039907999997],[112.68348225,-7.44046735899994],[112.68364908,-7.44018183999996],[112.68380948,-7.43993803000001],[112.68396668,-7.4398032899999],[112.68415028,-7.43962755999994],[112.68415894,-7.43962242999993],[112.684236,-7.43957681999994],[112.68427352,-7.43955353299998],[112.68432903,-7.43951907999996],[112.68434024,-7.43949162999994],[112.684351062,-7.43946511299994],[112.684391507,-7.43936601299993],[112.68439319,-7.43936188999994],[112.684396835495022,-7.439174260573245],[112.68439961,-7.43903145999993],[112.68438357,-7.43894484000001],[112.6843964,-7.43883897999995],[112.6844766,-7.43855667],[112.68443811,-7.43836739999993],[112.68438687,-7.43830617999991],[112.68438687,-7.4383051],[112.68438686,-7.43830156999995],[112.68438659,-7.43823095999994],[112.684391616082394,-7.438194857516535],[112.68439637,-7.43816070999995],[112.68442623,-7.43808536999994],[112.68446119,-7.43803006999998],[112.68447588,-7.43792970999996],[112.68445229,-7.43785738999997],[112.684461885,-7.4378270469999],[112.68446281,-7.43782411999993],[112.68445277,-7.43782255999996],[112.68446473,-7.43777583999998],[112.68465926,-7.43771054999996],[112.684700398,-7.43769148899998],[112.68470059,-7.43769139999996],[112.684972036,-7.43756563499992],[112.6850747,-7.43751806999997],[112.68546929,-7.43729832000001],[112.68572433,-7.43716197999991],[112.68605796,-7.43717961999992],[112.6866707,-7.43724858999996],[112.6868076,-7.43727015999996],[112.68699403,-7.43729951999996],[112.687035459,-7.43730604699993],[112.68705427,-7.43730901],[112.687056539,-7.43730936699995],[112.68734278,-7.43735445999993],[112.68806619,-7.43744588999992],[112.68855999,-7.43750532199994],[112.6885859,-7.43750843999996],[112.68896124,-7.43758382999993],[112.68938791,-7.43769610999998],[112.68957397,-7.43777631999998],[112.68962633,-7.43778560999993],[112.68969278,-7.43779740999995],[112.68979532,-7.43781560999998],[112.68987953,-7.43783987999998],[112.689893259,-7.43784383399996],[112.68992502,-7.43785297999993],[112.68992512,-7.43785260999992],[112.689942586,-7.43785679799995],[112.69006226,-7.4378854899999],[112.690464984,-7.43798928399997],[112.690258559,-7.43869316199994],[112.690134364,-7.43906271699995],[112.690101339,-7.43916098499993],[112.690061702,-7.43928435799998],[112.689947955,-7.43963839499997],[112.689798409,-7.44008703399991],[112.689627764,-7.44002377399994],[112.68938612826895,-7.440714162414266],[112.689345414,-7.44083048899997],[112.689332499,-7.44086738899994],[112.689205937,-7.44123084599995],[112.68925589,-7.44122519999998],[112.68934002,-7.44121569999991],[112.6894523,-7.44124457999995],[112.68951911,-7.44128020999995],[112.68959666,-7.44132157000001],[112.68975707,-7.44133439999995],[112.68999125,-7.44129269999998],[112.69013241,-7.44127344999993],[112.69025524,-7.44128709999997],[112.69033451,-7.44129590999995],[112.69049774,-7.44136986999994],[112.69053983,-7.44138893999995],[112.69063442,-7.44146586999991],[112.69065455,-7.44148224299993],[112.69078043,-7.44158462999996],[112.69098895,-7.44180597999995],[112.69125522,-7.44198241999992],[112.69136923,-7.44206724],[112.6913828,-7.44207733499998],[112.69151828,-7.44217811999993],[112.69172038,-7.44233530999996],[112.69192249,-7.44241871999996],[112.69208289,-7.44255986999996],[112.692444301,-7.44288730099995],[112.692284059136668,-7.443292355762556],[112.692213036,-7.44347188599993],[112.69202514,-7.44395121299992],[112.691917771,-7.44418128999995],[112.691916243,-7.44419486799994],[112.691883259,-7.44448805899998],[112.691718371,-7.44491370099996],[112.691607167,-7.44518212499998],[112.691604919920138,-7.44518621060941],[112.691522806,-7.44533550899993],[112.691499989,-7.44546889899995],[112.691472956,-7.44562694],[112.691396263,-7.44583784399993],[112.69142694,-7.44611777099993],[112.691392429,-7.4462979969999],[112.691365586,-7.44650123199995],[112.69132724,-7.44668145899996],[112.691269721,-7.44682717399994],[112.69122754,-7.44703424399994],[112.691363277,-7.447090546],[112.6913631,-7.44709077999996],[112.69136292,-7.44709060999995],[112.69130838,-7.44715476999994],[112.691259713,-7.44719198799995],[112.69125384,-7.44719647999993],[112.69117376,-7.44718980999996],[112.69115728,-7.44718233999989],[112.69092295,-7.44714545999994],[112.69092386,-7.44713836999995],[112.69092395,-7.44713769999992],[112.6909117,-7.44713769999992],[112.69080462,-7.44710474999994],[112.69046583,-7.44706263999996],[112.68882213,-7.44685831999995],[112.68875618,-7.44685013000001],[112.68853457,-7.44691330999998],[112.6885342,-7.44690861999992],[112.68847645,-7.44686690999989],[112.68837072,-7.4468095],[112.68819045,-7.44671160999998],[112.688169601,-7.44670028799989],[112.688163943,-7.44669721599998],[112.68800774,-7.44661238999993],[112.68787976,-7.44654289999993],[112.68743384,-7.44628304999997],[112.6867794,-7.44606810999994],[112.68651961,-7.44598449999997],[112.686518704,-7.44598420899995],[112.6865003,-7.44597828999996]]]]}},
{"type":"Feature","properties":{"kdkab":"15","kdkec":"110","nmkab":"SIDOARJO","nmkec":"SIDOARJO","kddesa":"007","kdprov":"35","nmdesa":"SEKARDANGAN","nmprov":"JAWA TIMUR","iddesa":"3515110007"},"geometry":{"type":"MultiPolygon","coordinates":[[[[112.72396111,-7.47014365999997],[112.72374976,-7.47011195999995],[112.72327,-7.47004],[112.72253777,-7.46994523999997],[112.722530496,-7.46994429899997],[112.722467815,-7.46993618999991],[112.72245985,-7.46993515999997],[112.72238145,-7.46992500999995],[112.72229212,-7.46991345],[112.72157,-7.46982],[112.72156176,-7.46981826999996],[112.721547115,-7.46981519199995],[112.72143618,-7.46979187999994],[112.72139807,-7.46978945999995],[112.72123453,-7.46977906999996],[112.72131305,-7.46937535999997],[112.72138392,-7.46901437999994],[112.721403872,-7.46894023399995],[112.721407456,-7.46892691499994],[112.721041676,-7.46878190399997],[112.721194122,-7.46824048699995],[112.720648281,-7.46808875299994],[112.720710597,-7.46797003299997],[112.720832334,-7.46773811099993],[112.720762499,-7.46756239699994],[112.72074806,-7.46756220999994],[112.72061947,-7.46733390999996],[112.720600301,-7.46729197599997],[112.72046549,-7.46699706999992],[112.720334526,-7.46674605599998],[112.72032917,-7.46673578999995],[112.7203115,-7.46670192999994],[112.72013506,-7.46646132999995],[112.72003561,-7.46623996999994],[112.72004137,-7.46619717999993],[112.72004684,-7.46615655999994],[112.72009336,-7.46608759],[112.72012544,-7.46604267999994],[112.7201459,-7.46601988999993],[112.72018346,-7.46597808999995],[112.72029546,-7.46585339999997],[112.72030955,-7.46583314599997],[112.72044945,-7.46563205],[112.72047832,-7.46554221999995],[112.72045266,-7.46538823999998],[112.72041416,-7.46517971],[112.720407,-7.46509296999995],[112.720406413,-7.46508585499994],[112.72038849,-7.46486853999992],[112.720394912,-7.46479520499997],[112.72039754,-7.46476519999996],[112.720402334,-7.46471035199993],[112.72040382,-7.46469334999997],[112.72041095,-7.46461188999996],[112.72045586,-7.46436486999993],[112.72049757,-7.46381629999998],[112.720516602,-7.46354072999997],[112.72051696,-7.46353554999996],[112.720517009,-7.463534842],[112.72053767,-7.46323565],[112.720520949,-7.46292948399998],[112.72051682,-7.46285388999993],[112.72046709,-7.4627368],[112.72036925,-7.46262130999996],[112.72026499,-7.46254751999996],[112.72025964,-7.46254174999997],[112.72016393,-7.46243844999997],[112.7201122,-7.46235223],[112.720111,-7.46235022999996],[112.72011013,-7.46233139],[112.720105778,-7.46223664599994],[112.72010566,-7.46223406999995],[112.72010458,-7.46221067999995],[112.72015912,-7.46199413999993],[112.72025055,-7.46179283],[112.72030669,-7.46166129999997],[112.72030544,-7.46166105999994],[112.72039294,-7.4615373],[112.72048598,-7.46145709999998],[112.72077791,-7.46130631999998],[112.72104738,-7.46094701999995],[112.72110683,-7.46091012999992],[112.72114042,-7.46088927999993],[112.72127195,-7.46087644999995],[112.721325912379584,-7.460889299711459],[112.72133931,-7.46089248999993],[112.721436196,-7.46095924500001],[112.72147764,-7.46098779999991],[112.72172107,-7.46115553999993],[112.72182694,-7.46121328999994],[112.72186967,-7.46121921999997],[112.72194242,-7.46122932999996],[112.72203546,-7.46119403999994],[112.72222473,-7.46103042999993],[112.72224569,-7.46101994999997],[112.722259373,-7.46101310799998],[112.7223338,-7.46097588999996],[112.72248137,-7.46097909999993],[112.72290244,-7.46109510999994],[112.72311015,-7.46115233999995],[112.72319971,-7.46119959999995],[112.72322564,-7.46121328999994],[112.723264028,-7.46124512299996],[112.723282204122768,-7.461260195353932],[112.72335717,-7.46132235999992],[112.72345786,-7.46142797899991],[112.72371401,-7.46169666999998],[112.72381592,-7.46180357],[112.72386871,-7.46184558999996],[112.72397311,-7.46192867999996],[112.72404048,-7.46196396999991],[112.7241271,-7.46200246999997],[112.72438695,-7.46201850999994],[112.72463717,-7.46206982999994],[112.72473662,-7.46211795999996],[112.725386419,-7.46239275699994],[112.7253882,-7.46239350999998],[112.72546485,-7.46242592999992],[112.72588822,-7.46258372999995],[112.725889034,-7.46258403299992],[112.72597859,-7.46261740999995],[112.726053302,-7.46264525899997],[112.72617062,-7.46268899],[112.72719398,-7.46312206999994],[112.72738128,-7.46323132999993],[112.72742496,-7.46325681],[112.72751335,-7.46335747999994],[112.72754045,-7.46338833999997],[112.72767518,-7.4635744],[112.727700098,-7.46359308999996],[112.72770999,-7.46360050999993],[112.727814499,-7.46367889399991],[112.727842,-7.46369951999998],[112.72803424,-7.46372581999995],[112.72809361,-7.46371851999992],[112.72809711,-7.46371932999992],[112.72813214,-7.46370751999995],[112.7282877,-7.46368862999997],[112.72846775,-7.46368792999992],[112.72853939,-7.46369185000001],[112.72862342,-7.46369645999995],[112.72871326,-7.46369786999997],[112.728692343,-7.46388766999995],[112.72863421,-7.46441515999994],[112.72858733,-7.46481724999997],[112.72857498,-7.46492314999994],[112.7285735,-7.46493584499998],[112.728564395,-7.46501393899996],[112.7285508,-7.46513054999995],[112.72854469,-7.46517311999998],[112.7284623,-7.46574735999997],[112.72844494,-7.46586839999997],[112.728436647,-7.46592451799995],[112.72830699,-7.46680193999994],[112.72830347,-7.4668277399999],[112.728298212,-7.46686622499994],[112.728163041,-7.46785565899994],[112.72814659,-7.46797607999998],[112.728141218,-7.468013834],[112.72810922,-7.46823872999997],[112.728107049,-7.46825398899996],[112.728106568,-7.46825736999995],[112.72806591,-7.46854307999997],[112.728054316,-7.46862455999997],[112.7280311,-7.46878770999995],[112.727899502,-7.46943613199993],[112.72787787,-7.46954271999994],[112.72786678,-7.46959733999998],[112.72785466,-7.46965708999997],[112.72772805,-7.47036692999998],[112.7277131,-7.47045073999993],[112.727700841,-7.47051947699989],[112.72765897,-7.47075423999995],[112.727650426,-7.47080401199997],[112.72760284,-7.47108123],[112.72748986,-7.47106794999998],[112.72749547,-7.47102784999993],[112.72744499,-7.47100748999996],[112.72743211,-7.47100229999992],[112.72742085,-7.47099775999993],[112.72681,-7.47081],[112.72635,-7.47068],[112.725899885,-7.47056507299994],[112.7258996,-7.470565],[112.72572994,-7.47052167999995],[112.72568937,-7.47051131999993],[112.725100166,-7.47034474499995],[112.72507507,-7.47033765],[112.72507098,-7.47033648999997],[112.724644991513088,-7.470225331890625],[112.72460007,-7.47021360999997],[112.72457632,-7.47020740999996],[112.72447801,-7.47021319],[112.72443965,-7.47021544999994],[112.723962495,-7.47014386799998],[112.72396111,-7.47014365999997]]],[[[112.79747,-7.46794],[112.7976,-7.46804],[112.79769787,-7.46812155999993],[112.79772,-7.46814],[112.79784,-7.46825],[112.797845134,-7.468253949],[112.79797,-7.46835],[112.80134,-7.47153],[112.80141,-7.47161],[112.80146,-7.47167],[112.80152,-7.47174],[112.80158,-7.47182],[112.80164,-7.4719],[112.80171,-7.47198],[112.80177,-7.47207],[112.80184,-7.47215],[112.8019,-7.47224],[112.80197,-7.47233],[112.80203,-7.47242],[112.80209,-7.47251],[112.80215,-7.4726],[112.80221,-7.47269],[112.80226,-7.47278],[112.80232,-7.47287],[112.80237,-7.47296],[112.80243,-7.47305],[112.80248,-7.47314],[112.80253,-7.47323],[112.80258,-7.47331],[112.80263,-7.4734],[112.80268,-7.47348],[112.80272,-7.47356],[112.80276,-7.47364],[112.80279,-7.47371],[112.80283,-7.47378],[112.80285,-7.47385],[112.80288,-7.47391],[112.8029,-7.47397],[112.80291,-7.47403],[112.80294,-7.47411],[112.80297,-7.47421],[112.80298,-7.4743],[112.80299,-7.47437],[112.803,-7.47444],[112.80302,-7.47451],[112.80303,-7.4746],[112.80303,-7.47469],[112.80304,-7.47478],[112.80304,-7.47488],[112.80304,-7.47497],[112.80305,-7.47503],[112.80305,-7.47509],[112.80304,-7.47516],[112.80304,-7.47524],[112.80304,-7.47533],[112.80304,-7.47543],[112.80303,-7.47554],[112.80303,-7.47566],[112.80302,-7.47579],[112.80301,-7.47594],[112.803,-7.47609],[112.80299,-7.47626],[112.80298,-7.47642],[112.80296,-7.47659],[112.80295,-7.47676],[112.80294,-7.47693],[112.80293,-7.47709],[112.80292,-7.47725],[112.80291,-7.4774],[112.8029,-7.47755],[112.8029,-7.47769],[112.80289,-7.47782],[112.80289,-7.47795],[112.80289,-7.47808],[112.80289,-7.47819],[112.8029,-7.4783],[112.80291,-7.47841],[112.80292,-7.4785],[112.80293,-7.47859],[112.80294,-7.47868],[112.80296,-7.47876],[112.80298,-7.47884],[112.803,-7.47892],[112.80302,-7.47899],[112.80304,-7.47906],[112.80306,-7.47912],[112.80308,-7.47918],[112.80311,-7.47924],[112.80314,-7.47929],[112.80317,-7.47934],[112.80302,-7.47961998999992],[112.80302,-7.47982998999994],[112.80308,-7.48004998999992],[112.80311672,-7.48009624000002],[112.80316501,-7.48045933999994],[112.80348615,-7.48092426999993],[112.8038307,-7.48140464999996],[112.80405488,-7.48195934999996],[112.80412616,-7.48225433999991],[112.80418185,-7.48254162999994],[112.80424554,-7.48288328999997],[112.80433249,-7.48320153999993],[112.80443973,-7.48371785999995],[112.80444069,-7.48395098000001],[112.80444167,-7.48419187],[112.80440351,-7.48437851999997],[112.80428051,-7.48475978999995],[112.8042665,-7.48514061999994],[112.80424833,-7.4854554099999],[112.80424945,-7.48572738999997],[112.80432855,-7.48603011999996],[112.80447782,-7.48635588999997],[112.804533417,-7.48642466099995],[112.80454311,-7.48643664999998],[112.80475956,-7.48670441999996],[112.805102021,-7.48705739299991],[112.80513879,-7.48709528999993],[112.80524163,-7.48749117999996],[112.80528184,-7.48780184999991],[112.8052829,-7.48805827999993],[112.80528382,-7.48828362999997],[112.80517633,-7.48864928999995],[112.80499875,-7.48901524999996],[112.80454626,-7.48974366999992],[112.80450003,-7.48986042999998],[112.80423847,-7.49063081000001],[112.80396467,-7.49126524999998],[112.80381776,-7.49151451999997],[112.80360863,-7.49177957999994],[112.80336021,-7.49195932999992],[112.80333855,-7.491969921],[112.80310379,-7.49208470999997],[112.80287812,-7.49211671999995],[112.80251263,-7.49222700999994],[112.80223265,-7.49230585999994],[112.80197609,-7.49240015999991],[112.80180538,-7.49254073999998],[112.80169701,-7.49269659],[112.80158118,-7.49293019],[112.80157646,-7.49323386999994],[112.80157,-7.49322999],[112.80152,-7.49319998999993],[112.80146,-7.49316998999995],[112.8014,-7.49313998999995],[112.80109704,-7.49303465999997],[112.80068857,-7.49283290999993],[112.8004139,-7.49269724999995],[112.80006149,-7.49245668999995],[112.79985327,-7.49224008999992],[112.79972956,-7.49206874000002],[112.79958512,-7.49184016999993],[112.7994699,-7.49159925],[112.79939993,-7.49139370999996],[112.79934647,-7.49120048999991],[112.79925406,-7.49094834999997],[112.79907732,-7.49069653999992],[112.79892206,-7.49054285999994],[112.79872821,-7.49040335999994],[112.79864714,-7.49034406999993],[112.79842892,-7.49026077999995],[112.79822828,-7.49018092999996],[112.798119,-7.49009720999992],[112.79791189,-7.48993472999996],[112.79791049,-7.48993351999998],[112.79790955,-7.48993288999997],[112.79782991,-7.48987041],[112.79755504,-7.48968564999994],[112.79736826,-7.48955663999992],[112.79736805,-7.48955646999996],[112.79721348,-7.48940189999996],[112.79708353,-7.48916562999995],[112.79679445,-7.48879395999993],[112.79675,-7.4886999899999],[112.79668,-7.48865998999997],[112.79662,-7.48861999],[112.79655,-7.48857998999994],[112.79648,-7.48853998999998],[112.79643,-7.48850998999993],[112.79638,-7.48847998999997],[112.79632,-7.4884499899999],[112.79627,-7.48841998999992],[112.79621,-7.48838998999995],[112.79616,-7.48835998999992],[112.79611,-7.48832998999995],[112.79606,-7.48829998999994],[112.79601,-7.48826998999993],[112.79594,-7.48823998999994],[112.79586,-7.48818998999993],[112.79579,-7.48814998999997],[112.79571,-7.48810998999994],[112.79562,-7.4880699899999],[112.79555,-7.48802998999996],[112.79549,-7.48799998999993],[112.79541,-7.48796998999996],[112.79533,-7.48792998999996],[112.79530215,-7.48789559999994],[112.79525989,-7.48787472999993],[112.79519302,-7.48785044999996],[112.7950945,-7.48781927999994],[112.79484141,-7.48780277999997],[112.79473601,-7.48781022],[112.79461302,-7.48781071999996],[112.7944936,-7.48782523999994],[112.79434966,-7.48786089999992],[112.79413911,-7.48793540999998],[112.79395011,-7.48812206999995],[112.79384553,-7.48832941999993],[112.79372307,-7.48845968999996],[112.79360103,-7.48854412999997],[112.79356,-7.48854998999995],[112.79348,-7.48855998999993],[112.79342,-7.48855998999993],[112.79335548,-7.48858120999993],[112.7932791,-7.48860059],[112.79316448,-7.48861377999997],[112.79306881,-7.48858872999998],[112.79295,-7.48858998999998],[112.7928394,-7.48857694999997],[112.79253344,-7.48854003999996],[112.79222115,-7.48851587999998],[112.79167368,-7.48864297999996],[112.79141258,-7.4886526999999],[112.79118286,-7.48856460999996],[112.79102114,-7.48844319999997],[112.79091678,-7.48829141999995],[112.79087586,-7.48826622999996],[112.79079896,-7.48816557999994],[112.79058209,-7.48810287999991],[112.79023813,-7.48812334999997],[112.78988788,-7.48816292999993],[112.78973539,-7.48826528999995],[112.78962136,-7.48842471999997],[112.78939895,-7.48856550999994],[112.7892717,-7.48861806999995],[112.78925306,-7.48862179999997],[112.78906131,-7.48857323999993],[112.78898235,-7.48848985999995],[112.78887301,-7.48827959999996],[112.78876669,-7.48818508999997],[112.78864362,-7.48807959999997],[112.78859394,-7.48801557999998],[112.7884024,-7.48791461999998],[112.78816004,-7.48785201999994],[112.78791,-7.48782998999997],[112.78779,-7.48779998999993],[112.78752,-7.48768998999997],[112.78733093,-7.48763918999995],[112.78718424,-7.48760162999997],[112.78712703,-7.48757555999992],[112.7869574,-7.48745949999994],[112.78693609,-7.48743622999995],[112.78681743,-7.48726361999993],[112.78678487,-7.48705738999993],[112.78678292,-7.48705754999995],[112.78673473,-7.48692102999998],[112.78660478,-7.48676744999995],[112.78648554,-7.48672485999997],[112.78645416,-7.48667622999995],[112.78621859,-7.48671533999993],[112.78585534,-7.48669137999997],[112.78548517,-7.48653390999992],[112.78505096,-7.48629403999995],[112.7849858,-7.48633341999993],[112.78496268,-7.48633033999993],[112.78495643,-7.48635116999997],[112.78489208,-7.48639006999997],[112.78486144,-7.48668904999993],[112.78470915,-7.48684226999996],[112.78449231,-7.48678591999995],[112.78426231,-7.48652572999994],[112.78424795,-7.48648982999995],[112.7842054,-7.48641889999991],[112.78416573,-7.48628095],[112.78415344,-7.48618266999997],[112.78427158,-7.48595820999998],[112.78427158,-7.48568649999995],[112.78417707,-7.48553291999995],[112.78413176,-7.48551144999994],[112.78413033,-7.48550929999991],[112.784088,-7.48549073000002],[112.78395261,-7.48542658999998],[112.78392601,-7.48541965999993],[112.78390056,-7.48540848999995],[112.78358137,-7.48525082],[112.78344781,-7.48513156999994],[112.78335011,-7.48500129999998],[112.78311384,-7.48485953999994],[112.78288938,-7.48469414999994],[112.78285544,-7.48467325999995],[112.78271181,-7.48449129999995],[112.78256448,-7.48429477999998],[112.78246615,-7.48423509999998],[112.78246408,-7.48423340999995],[112.7824629,-7.48423312999996],[112.78228346,-7.48412422999996],[112.78197742,-7.48406823999995],[112.7815,-7.48399999],[112.78129,-7.48389998999994],[112.78116984,-7.48383918999995],[112.78103463,-7.48374905000001],[112.78097296,-7.48375785999998],[112.78080376,-7.48372961999996],[112.78058127,-7.48385132999993],[112.78043546,-7.48402995999992],[112.78049404,-7.48433493999993],[112.78039313,-7.48458969999998],[112.78031745,-7.48478075999997],[112.78020974,-7.4849274499999],[112.77991069,-7.48502402999996],[112.77989275,-7.48503435999994],[112.77987689,-7.48503673999995],[112.77986498,-7.48505034999992],[112.77968822,-7.48515210999994],[112.77963623,-7.48547142999995],[112.77961966,-7.48550692999994],[112.77930217,-7.48578952999996],[112.77919671,-7.48584928999995],[112.77913262,-7.48587552],[112.7791093,-7.48589882999995],[112.77879365,-7.48607772999996],[112.77849416,-7.48606621999995],[112.77838576,-7.48606487999993],[112.77831348,-7.48605726999996],[112.7783125,-7.4860639799999],[112.7781055,-7.48606142999993],[112.77782564,-7.48617700999995],[112.77763561,-7.48645119999998],[112.77737464,-7.48652054999995],[112.77736326,-7.48651674999994],[112.77725603,-7.48640048999998],[112.77724569,-7.48637535999992],[112.77721782,-7.486236],[112.77711678,-7.48613496999994],[112.77701481,-7.48604186999997],[112.77693605,-7.48592497999995],[112.7768938,-7.48579352999997],[112.7769147,-7.48559841999997],[112.7768938,-7.48540331999994],[112.77678928,-7.48527091999995],[112.77664992,-7.48520820999993],[112.77651752,-7.48514549999994],[112.77651036,-7.48514463999994],[112.77644512,-7.48510160999997],[112.77619038,-7.48512806999997],[112.77599265,-7.48507163999995],[112.77584529,-7.48486874999998],[112.77579309,-7.48481251999992],[112.77575104,-7.48474135000001],[112.77557683,-7.4845462399999],[112.77524585,-7.48443824],[112.77520404,-7.48443824],[112.77509386,-7.48443134999995],[112.77482405,-7.48440868999993],[112.77441654,-7.48446755999996],[112.77398837,-7.48453124999997],[112.773936,-7.48452359999993],[112.77364559,-7.48445793999994],[112.77359162,-7.48446490000002],[112.77354912,-7.48445566000001],[112.77345854,-7.48447655999994],[112.77345065,-7.48448305999994],[112.77339088,-7.48449075999997],[112.77337842,-7.48454253999996],[112.77334008,-7.48457411999992],[112.77333494,-7.48472321999998],[112.77332196,-7.48477718],[112.77317629,-7.48499395999992],[112.77297296,-7.48512830999993],[112.77274358,-7.48512287999991],[112.77259785,-7.48504717999997],[112.77258592,-7.48504292999995],[112.77236962,-7.48501012],[112.77237281,-7.48482526999994],[112.77246021,-7.48461367999995],[112.77273619,-7.4842732999999],[112.77275459,-7.48421810000001],[112.7726534,-7.48406170999996],[112.772497,-7.48367991999993],[112.77247861,-7.48359252999992],[112.7725798,-7.48282895999995],[112.77247861,-7.48237358000001],[112.77220262,-7.48190440999998],[112.77156949,-7.48115204999995],[112.77194043,-7.48093384999994],[112.77217502,-7.48055206999993],[112.77221642,-7.48023007999996],[112.77224402,-7.47950331999991],[112.7725844,-7.47890533999995],[112.77281899,-7.47875355],[112.77292019,-7.47869834999995],[112.77296618,-7.47856955999992],[112.77290179,-7.47724941999996],[112.77289259,-7.47666524999994],[112.77298458,-7.47609026999996],[112.77341696,-7.47523010999993],[112.77417133,-7.47425955999996],[112.77509129,-7.47301760999993],[112.77522468,-7.47268182999991],[112.77493949,-7.47232304999997],[112.77522008,-7.47223564999994],[112.77532127,-7.47217125],[112.77545927,-7.47189526999994],[112.77583185,-7.47078672],[112.77550067,-7.46996336],[112.77545467,-7.46979315999992],[112.77531208,-7.46874900999993],[112.77531208,-7.46858341999993],[112.77534427,-7.46850521999992],[112.77539487,-7.46844082999995],[112.77538107,-7.46838102999994],[112.77528448,-7.46831202999995],[112.77519708,-7.46827062999995],[112.77507914,-7.46826826999997],[112.77505403,-7.46821803999994],[112.77503,-7.46816999000001],[112.77498,-7.46804998999995],[112.77494,-7.46796998999997],[112.77491,-7.46790998999995],[112.77499,-7.46786998999998],[112.77506,-7.46783998999996],[112.77512,-7.46779998999998],[112.77517,-7.46776998999996],[112.77522,-7.46773998999993],[112.77528,-7.46768998999995],[112.77535,-7.46762998999997],[112.7754,-7.46758998999995],[112.77545,-7.46753999000002],[112.77551,-7.46747998999997],[112.77557,-7.46741998999992],[112.77563,-7.46736998999994],[112.77567,-7.46731998999995],[112.77572,-7.46726998999997],[112.77576,-7.46721998999996],[112.77581,-7.46715998999996],[112.77587,-7.46707998999992],[112.77592,-7.46700998999995],[112.77597,-7.46693998999996],[112.77601,-7.46688998999997],[112.77605,-7.46682998999993],[112.77611,-7.46674998999988],[112.77616,-7.46666998999996],[112.7762,-7.46661999000001],[112.77625,-7.46655998999996],[112.7763,-7.46648998999994],[112.77636,-7.46641998999997],[112.77643,-7.46634998999996],[112.77648,-7.46628998999997],[112.77651,-7.46623998999997],[112.77657,-7.46617999],[112.77665,-7.46608998999992],[112.77671,-7.46601998999991],[112.77677,-7.46595998999993],[112.77682,-7.46589998999997],[112.77686,-7.46584998999995],[112.77692,-7.46578998999997],[112.77699,-7.46572998999996],[112.77705,-7.46565998999998],[112.77711,-7.46558998999996],[112.77716,-7.46554998999991],[112.77722,-7.46547998999994],[112.77728,-7.46540998999997],[112.77733,-7.46536998999995],[112.77739,-7.46530998999998],[112.77744,-7.46524998999995],[112.7775,-7.46518998999991],[112.77755,-7.46514998999993],[112.7776,-7.46508998999998],[112.77767,-7.46502998999994],[112.77774,-7.46497998999996],[112.77781,-7.46491998999995],[112.77788,-7.46486998999997],[112.77793,-7.46483998999998],[112.77799,-7.46479998999996],[112.77806,-7.46475998999996],[112.77813,-7.46471998999996],[112.7782,-7.46467998999997],[112.7783,-7.46462998999994],[112.77838,-7.46459998999997],[112.77843,-7.46456998999997],[112.77849,-7.46454999],[112.77856,-7.46451998999991],[112.77865,-7.46448998999993],[112.77871,-7.46446998999997],[112.77878,-7.46444998999993],[112.77885,-7.46443998999997],[112.77892,-7.46441998999995],[112.77902,-7.46439998999996],[112.77911,-7.46438999000001],[112.77918,-7.46437998999997],[112.77925,-7.46437998999997],[112.77932,-7.46436998999998],[112.77938,-7.46436998999998],[112.77947,-7.46435998999991],[112.77956,-7.46435998999991],[112.77965,-7.46435998999991],[112.77975,-7.46435998999991],[112.77985,-7.46436998999998],[112.77995,-7.46436998999998],[112.78006,-7.46436998999998],[112.78017,-7.46437998999997],[112.78025,-7.46438999000001],[112.78033,-7.46438999000001],[112.7804,-7.46439998999996],[112.78047,-7.46439998999996],[112.78055,-7.46441998999995],[112.78063,-7.46442998999994],[112.78071,-7.46445998999996],[112.78078,-7.46447998999995],[112.78086,-7.46450998999995],[112.78097,-7.46454999],[112.78104,-7.46457998999991],[112.78113,-7.46460998999991],[112.7812,-7.46463998999995],[112.78127,-7.46465998999994],[112.78136,-7.46468998999995],[112.78145,-7.46471998999996],[112.78153,-7.46474998999994],[112.7816,-7.46476999000001],[112.78161683,-7.46477279999993],[112.78185743,-7.46477753999995],[112.78202115,-7.4647720799999],[112.78224748,-7.46476635999994],[112.78243019,-7.46469351999998],[112.78287455,-7.46441532999995],[112.78302801,-7.46425608999991],[112.78315726,-7.46406328999993],[112.783267,-7.46380808999991],[112.78344423,-7.46297819999996],[112.78348611,-7.46261750999996],[112.78332571,-7.46165919999991],[112.78328614,-7.46139978999997],[112.782982,-7.46062471999996],[112.78280738,-7.46031779],[112.78257459,-7.45991494999994],[112.78237086,-7.45955525999995],[112.78226029,-7.45922857999996],[112.7822039,-7.45916016999997],[112.78189896,-7.45852757999997],[112.78182,-7.45769789999998],[112.78171014,-7.45670234999994],[112.78154661,-7.45594491999997],[112.78159,-7.45601],[112.78166,-7.45609],[112.78172,-7.45617],[112.78177,-7.45624],[112.78183,-7.45631],[112.78187,-7.45637],[112.78191,-7.45642],[112.78197,-7.45647],[112.78201,-7.45652],[112.78206,-7.45656],[112.78213,-7.4566],[112.78224,-7.45662],[112.78234,-7.45664],[112.78242,-7.45665],[112.78249,-7.45666],[112.78256,-7.45666],[112.78264,-7.45667],[112.78272,-7.45668],[112.78281,-7.45669],[112.7829,-7.4567],[112.78299,-7.45671],[112.78309,-7.45672],[112.78319,-7.45673],[112.78329,-7.45675],[112.78339,-7.45676],[112.78349,-7.45677],[112.7836,-7.45678],[112.78371,-7.45679],[112.78382,-7.4568],[112.78393,-7.45681],[112.78404,-7.45682],[112.78415,-7.45683],[112.78426,-7.45684],[112.78437,-7.45685],[112.78448,-7.45686],[112.78458,-7.45687],[112.78468,-7.45688],[112.78478,-7.4569],[112.78487,-7.45691],[112.78496,-7.45692],[112.78504,-7.45694],[112.78512,-7.45695],[112.7852,-7.45697],[112.78528,-7.45698],[112.78534,-7.457],[112.78541,-7.45701],[112.78547,-7.45703],[112.78553,-7.45704],[112.78559,-7.45706],[112.78568,-7.45708],[112.78579,-7.45712],[112.78586,-7.45715],[112.78592,-7.45717],[112.78598,-7.45719],[112.78605,-7.45722],[112.78612,-7.45726],[112.7862,-7.4573],[112.78629,-7.45734],[112.78639,-7.45739],[112.7865,-7.45745],[112.78661,-7.45751],[112.78673,-7.45757],[112.78684,-7.45764],[112.78696,-7.4577],[112.78707,-7.45776],[112.78717,-7.45782],[112.78726,-7.45787],[112.78734,-7.45792],[112.78741,-7.45797],[112.78747,-7.45801],[112.78753,-7.45805],[112.78759,-7.45809],[112.78766,-7.45815],[112.78773,-7.45821],[112.78778,-7.45824],[112.78785,-7.4583],[112.78794,-7.45838],[112.78803,-7.45847],[112.78809,-7.45853],[112.78816,-7.45859],[112.78824,-7.45868],[112.7883,-7.45875],[112.78834,-7.4588],[112.78838,-7.45885],[112.78842,-7.4589],[112.78846,-7.45895],[112.7885,-7.45901],[112.78854,-7.45906],[112.78858,-7.45912],[112.78861,-7.45918],[112.78865,-7.45925],[112.7887,-7.45932],[112.78874,-7.45938],[112.78878,-7.45946],[112.78882,-7.45953],[112.78886,-7.4596],[112.7889,-7.45967],[112.78895,-7.45974],[112.78899,-7.45981],[112.78903,-7.45988],[112.78907,-7.45994],[112.78911,-7.46],[112.78915,-7.46006],[112.78919,-7.46012],[112.78923,-7.46018],[112.78928,-7.46024],[112.78932,-7.4603],[112.78937,-7.46037],[112.78942,-7.46044],[112.78947,-7.46051],[112.78953,-7.46059],[112.78959,-7.46067],[112.78964,-7.46075],[112.78971,-7.46084],[112.78977,-7.46092],[112.78983,-7.46101],[112.7899,-7.4611],[112.78996,-7.46119],[112.79003,-7.46128],[112.79009,-7.46137],[112.79016,-7.46146],[112.79023,-7.46154],[112.79029,-7.46163],[112.79036,-7.46172],[112.79042,-7.4618],[112.79048,-7.46188],[112.79055,-7.46197],[112.79061,-7.46205],[112.79067,-7.46213],[112.79073,-7.4622],[112.7908,-7.46228],[112.79086,-7.46236],[112.79093,-7.46244],[112.791,-7.46252],[112.79106,-7.4626],[112.79113,-7.46267],[112.7912,-7.46275],[112.79126,-7.46282],[112.79132,-7.46289],[112.79138,-7.46295],[112.79144,-7.46301],[112.79149,-7.46307],[112.79154,-7.46313],[112.79159,-7.46318],[112.79164,-7.46323],[112.79168,-7.46328],[112.79173,-7.46333],[112.79178,-7.46338],[112.79184,-7.46343],[112.79189,-7.46348],[112.79195,-7.46353],[112.79201,-7.46358],[112.79207,-7.46364],[112.79214,-7.46369],[112.79222,-7.46375],[112.7923,-7.46382],[112.79238,-7.46388],[112.79248,-7.46396],[112.79257,-7.46403],[112.79267,-7.4641],[112.79277,-7.46418],[112.79288,-7.46425],[112.79298,-7.46433],[112.79308,-7.4644],[112.79318,-7.46447],[112.79328,-7.46455],[112.79338,-7.46462],[112.79348,-7.46469],[112.79358,-7.46476],[112.79368,-7.46483],[112.79378,-7.4649],[112.79389,-7.46497],[112.79399,-7.46504],[112.7941,-7.46511],[112.79421,-7.46519],[112.79432,-7.46526],[112.79441079,-7.46532601999994],[112.79443,-7.46534],[112.794431297,-7.46534082499996],[112.79454,-7.46541],[112.79464,-7.46549],[112.79474,-7.46556],[112.79483,-7.46563],[112.79492,-7.46571],[112.795,-7.46578],[112.79508,-7.46585],[112.795120207700649,-7.465885740178361],[112.79517,-7.46593],[112.79525,-7.46601],[112.79534,-7.46609],[112.79543,-7.46617],[112.79553,-7.46626],[112.79563,-7.46636],[112.79574,-7.46646],[112.79585,-7.46656],[112.79597,-7.46667],[112.79609,-7.46677],[112.79621,-7.46688],[112.79633,-7.46699],[112.79646,-7.4671],[112.79659,-7.4672],[112.79671,-7.46731],[112.79684,-7.46742],[112.79697,-7.46752],[112.7971,-7.46763],[112.79722,-7.46773],[112.79735,-7.46784],[112.79747,-7.46794]]]]}},
{"type":"Feature","properties":{"kdkab":"15","kdkec":"110","nmkab":"SIDOARJO","nmkec":"SIDOARJO","kddesa":"008","kdprov":"35","nmdesa":"GEBANG","nmprov":"JAWA TIMUR","iddesa":"3515110008"},"geometry":{"type":"MultiPolygon","coordinates":[[[[112.73434025,-7.47230541999995],[112.73427845,-7.47225834999995],[112.73427224,-7.47225362999994],[112.7342516,-7.47230836999995],[112.73421035,-7.47242824999997],[112.73417943,-7.47252206999996],[112.733974201,-7.47298666899997],[112.73395715,-7.47302526999995],[112.73391213,-7.47313527999996],[112.733909563,-7.473141545],[112.73390807,-7.47314518999997],[112.73385334,-7.47315320999996],[112.73376336,-7.47310995999992],[112.73375667,-7.47310673999994],[112.73371533,-7.47309123999998],[112.73361987,-7.47306484999995],[112.73335353,-7.47300430999994],[112.73310272,-7.47297065],[112.73286736,-7.47294463000001],[112.732740834,-7.47294776399994],[112.73273455,-7.47294791999998],[112.73268226,-7.47294920999994],[112.73260268,-7.47293061999996],[112.73256121,-7.47292093999993],[112.732559772529555,-7.472870037976259],[112.732552170302654,-7.472821383724106],[112.732550649857274,-7.472684543639929],[112.732544568075753,-7.472597878253283],[112.732460943579866,-7.472503610639738],[112.732415330218473,-7.472465599505244],[112.73226134,-7.47231958999993],[112.73224679,-7.47231802999992],[112.73217568,-7.47226706999993],[112.73184435,-7.47222932999996],[112.731798641277067,-7.472210919395706],[112.731760056586765,-7.472157293215963],[112.731741745208325,-7.472129172170487],[112.731701198584616,-7.472075545990745],[112.731609641692373,-7.472034999367037],[112.73154368,-7.47203009999993],[112.73147837,-7.47200172999993],[112.73127987,-7.47192182000001],[112.731214367860773,-7.471912913019611],[112.731185082601215,-7.471899083869268],[112.731150102985652,-7.471870612089152],[112.731108615534623,-7.471816922446648],[112.731040450106306,-7.471759395393078],[112.731054175127852,-7.471560505010975],[112.730970585127849,-7.471524395010984],[112.730871080461554,-7.471513809408187],[112.73072591,-7.47149774999997],[112.7304909,-7.47144993999996],[112.730488828,-7.471449519],[112.73040604,-7.47143267999998],[112.73033389,-7.471418],[112.730388451,-7.470704643],[112.72955743,-7.47053088999997],[112.72936141,-7.47048991],[112.72932372,-7.47048203099996],[112.729353655,-7.47068797199993],[112.729418564,-7.470858914],[112.729409777,-7.47098278299997],[112.729378039,-7.47108903399992],[112.729222124,-7.47118295799992],[112.728814418,-7.47115329999994],[112.72872648,-7.47115100999997],[112.72843915,-7.47112782999993],[112.72822244,-7.47111679999995],[112.72809145,-7.47110779999995],[112.72788905,-7.47110146999995],[112.72771998,-7.471095],[112.72760284,-7.47108123],[112.727650426,-7.47080401199997],[112.72765897,-7.47075423999995],[112.727700841,-7.47051947699989],[112.7277131,-7.47045073999993],[112.72772805,-7.47036692999998],[112.72785466,-7.46965708999997],[112.72786678,-7.46959733999998],[112.72787787,-7.46954271999994],[112.727899502,-7.46943613199993],[112.7280311,-7.46878770999995],[112.728054316,-7.46862455999997],[112.72806591,-7.46854307999997],[112.728106568,-7.46825736999995],[112.728107049,-7.46825398899996],[112.72810922,-7.46823872999997],[112.728141218,-7.468013834],[112.72814659,-7.46797607999998],[112.728163041,-7.46785565899994],[112.728298212,-7.46686622499994],[112.72830347,-7.4668277399999],[112.72830699,-7.46680193999994],[112.728436647,-7.46592451799995],[112.72844494,-7.46586839999997],[112.7284623,-7.46574735999997],[112.72854469,-7.46517311999998],[112.7285508,-7.46513054999995],[112.728564395,-7.46501393899996],[112.7285735,-7.46493584499998],[112.72857498,-7.46492314999994],[112.72858733,-7.46481724999997],[112.72863421,-7.46441515999994],[112.728692343,-7.46388766999995],[112.72871326,-7.46369786999997],[112.728731,-7.46369813999994],[112.72875821,-7.46370150999997],[112.728856,-7.46370150999997],[112.72889399,-7.463700805],[112.72898593,-7.46369909999992],[112.72913911,-7.46371834999998],[112.72925861,-7.4637488299999],[112.72936644,-7.46379533999993],[112.72938132,-7.46380176000001],[112.72941023,-7.46381524999997],[112.72951365,-7.46386350999994],[112.72974303,-7.46400947999996],[112.72985445,-7.46405788999996],[112.72991608,-7.46345562999994],[112.72996368,-7.46299051999997],[112.73058996,-7.46306758],[112.7305901,-7.46306682999995],[112.73090574,-7.46312571600002],[112.73091707,-7.46312782999995],[112.73102618,-7.46313365999995],[112.73121591,-7.46316656999992],[112.73137952,-7.46320185999997],[112.73141459,-7.46320916000002],[112.73153351,-7.46323393999993],[112.73157201,-7.46324355999998],[112.73158163,-7.46326922999995],[112.73160729,-7.46331413999996],[112.73164239,-7.46333825999994],[112.73165862,-7.46334942999991],[112.73174524,-7.46338791999993],[112.73187998,-7.46341037999997],[112.73195055,-7.46339754999995],[112.73197069,-7.46341969999996],[112.73198264,-7.46343283999997],[112.73203396,-7.46347132999994],[112.73207888,-7.46348415999997],[112.73212528,-7.46350113999992],[112.73215626,-7.46350639899994],[112.73260584,-7.46358271000001],[112.73261902,-7.46358494999995],[112.73261917,-7.46358396999992],[112.732821674,-7.46362681899996],[112.73282383,-7.46361032999995],[112.73285833,-7.46338724],[112.73290893,-7.46323544999996],[112.73299517,-7.46311009999994],[112.73315042,-7.46303650999991],[112.73336546,-7.46296980999997],[112.73361294,-7.46296386999998],[112.73361601,-7.46296422999994],[112.73361645,-7.46296427999994],[112.73370795,-7.46300322999994],[112.73380467,-7.46304046999998],[112.7338174,-7.46304355300001],[112.73382354,-7.46304503999993],[112.73390487,-7.46306475999998],[112.73408176,-7.46312518999996],[112.73419879,-7.46317253999992],[112.73419972,-7.46317291999998],[112.73424213,-7.46319808999996],[112.73433831,-7.46324292],[112.734411543,-7.46328018099996],[112.73441213,-7.46328047999995],[112.73446941,-7.46330961999998],[112.734543,-7.46335216999996],[112.73466145,-7.46344415999997],[112.73474769,-7.46351775999997],[112.73482474,-7.46361089999992],[112.73486959,-7.46370519999991],[112.73489719,-7.463788],[112.73490983,-7.46389378999992],[112.73492053,-7.46397931999995],[112.734901493084635,-7.464139091074289],[112.734868349290494,-7.464326116769773],[112.73477119033403,-7.464655733097646],[112.734723628639159,-7.46470076286777],[112.73478288,-7.46477223799995],[112.73500643,-7.46486053099998],[112.735546498733186,-7.46519485814818],[112.735719225,-7.46493659099996],[112.735975406,-7.46450565199993],[112.73602284,-7.46450353999996],[112.7361811,-7.46449650999996],[112.73631733,-7.46442190999993],[112.73637429,-7.46439070999998],[112.73650769,-7.46442750999998],[112.73656288,-7.46452870999998],[112.73666408,-7.46499787999994],[112.73671008,-7.46548085999997],[112.73691707,-7.46573844999994],[112.7369839,-7.46589266999994],[112.73703666,-7.46601443999997],[112.73719305,-7.46621222999997],[112.73731621,-7.46633229999996],[112.73737705,-7.46639161999996],[112.73799802,-7.46619842999995],[112.73899617,-7.46600063999995],[112.73917635,-7.46591286199996],[112.73935496,-7.46582584999991],[112.739570269,-7.46560700299995],[112.739500735,-7.46542157799994],[112.738608866,-7.46469693399995],[112.738341306,-7.46401130999991],[112.738803963,-7.46394999399994],[112.739288916,-7.46374374999993],[112.739629757,-7.46375720399992],[112.739712554,-7.46376047199992],[112.740314565,-7.463905401],[112.740715906,-7.46410049699992],[112.740704758,-7.46464676699995],[112.741117247,-7.46474710199995],[112.741674665,-7.4648753079999],[112.742147817,-7.46531090799995],[112.74218309,-7.46534338199994],[112.74218312,-7.4653425399999],[112.74254,-7.46536998999995],[112.74367,-7.46542998999995],[112.74422314,-7.46546252999998],[112.74424112,-7.46545182999998],[112.74441949,-7.46534567999996],[112.74453776,-7.46533044999994],[112.7447067,-7.46548078999995],[112.7447965,-7.46542680999995],[112.74552327,-7.46620877999992],[112.74597053,-7.46665092999996],[112.74597105,-7.46665037999996],[112.74603598,-7.46672089999996],[112.746036036,-7.46672081199994],[112.74606843,-7.46667021999994],[112.74607323,-7.46666213999993],[112.74622129,-7.46645716999993],[112.74626959,-7.46638701999995],[112.74631788,-7.46628466999991],[112.74637653,-7.46601214],[112.74647658,-7.46557976],[112.74660077,-7.46502892999994],[112.74663471,-7.46489103999994],[112.74663757,-7.46487943999997],[112.74682386,-7.46455054999995],[112.74712745,-7.46401812999995],[112.747131178,-7.46401301499997],[112.74714774,-7.46399028999996],[112.74731604,-7.46375938999992],[112.74759088,-7.46352709999996],[112.74797496,-7.46314301999996],[112.74829234,-7.46282792999993],[112.74871782,-7.46256],[112.74880272,-7.46250887999997],[112.74907118,-7.46234724999995],[112.7492698,-7.46222765999995],[112.74952739,-7.46211726999998],[112.74968953,-7.46211036999995],[112.74989307,-7.46218050999996],[112.75003451,-7.46224950999992],[112.7502254,-7.46240014999995],[112.7502875,-7.46246454999992],[112.75045654,-7.46271983999998],[112.75048648,-7.46278149999994],[112.750487967,-7.46278456299996],[112.75055199,-7.46291647999991],[112.75064859,-7.46332355999994],[112.750642633952452,-7.463598309082281],[112.750580030585084,-7.46391393938996],[112.750520034618248,-7.464234787386518],[112.750452213662598,-7.464614337787857],[112.750394825638679,-7.464846498430073],[112.75029309232356,-7.465209086399376],[112.750152228352036,-7.465472551550559],[112.750006148453082,-7.465782971335838],[112.749807894827327,-7.466088175127275],[112.749643553114154,-7.466356860785329],[112.749468777006484,-7.46666206682409],[112.749307043891932,-7.466852494523487],[112.74921345,-7.46734607999997],[112.74925025,-7.46747946999995],[112.74953084,-7.46799924999993],[112.74976543,-7.46834022999994],[112.74978113,-7.46835223999997],[112.74978843,-7.46836377999993],[112.74983902,-7.46841724999998],[112.75002014,-7.46853971999998],[112.75053819,-7.46879040999996],[112.75116146,-7.46866735999993],[112.7514179,-7.46861791999992],[112.75199057,-7.46843277999995],[112.75229991,-7.46835917999994],[112.75304295,-7.46807646999995],[112.75304878,-7.46807937999996],[112.75328158,-7.46768067999993],[112.75352539,-7.46700056999993],[112.75403868,-7.46715455999995],[112.75425683,-7.46625631],[112.75444497,-7.46524590999996],[112.75445425,-7.46523694999995],[112.754695964,-7.46409885999997],[112.754851766669674,-7.463411018184238],[112.755422577,-7.46301851499992],[112.756222979,-7.46253827299996],[112.757297805,-7.46244679899996],[112.758212551,-7.46278982799992],[112.758692792,-7.46331580699998],[112.758121076,-7.46445923899997],[112.757297805,-7.466814708],[112.757114856,-7.46729494999992],[112.758578449,-7.46759224199998],[112.759287377,-7.46680327399994],[112.759973436,-7.46584279099993],[112.760579455,-7.46511099499997],[112.760590889,-7.46472222799995],[112.760899616,-7.46386465399995],[112.761517069,-7.46288130299996],[112.762008744,-7.46214950699992],[112.76250042,-7.46165783099997],[112.763289388,-7.46148631599995],[112.764066922,-7.46162352799996],[112.76493593,-7.46182934599995],[112.765530514,-7.46233245599997],[112.766147968,-7.46305281799992],[112.766285179,-7.46386465399995],[112.765987887,-7.46513386399993],[112.765633423,-7.46589996299998],[112.765336131,-7.46638020399996],[112.764718678,-7.46699765799998],[112.764044053,-7.46743216199997],[112.763838235,-7.46780949399995],[112.763792498,-7.46832403799995],[112.764135528,-7.46862133099996],[112.76497835,-7.46910073499991],[112.76502,-7.46910998999992],[112.76509,-7.46912998999993],[112.76516,-7.46913998999996],[112.76522,-7.46915998999996],[112.7653,-7.46917998999993],[112.76537,-7.46919998999992],[112.76546,-7.46922999],[112.76553,-7.46924998999997],[112.7656,-7.46927998999998],[112.76567,-7.46929998999997],[112.76573,-7.46931999000001],[112.76582,-7.46934998999994],[112.76589,-7.46936998999995],[112.76596,-7.46939998999997],[112.76602,-7.46941998999995],[112.76608,-7.46943998999996],[112.76614,-7.46945999000001],[112.76622,-7.46947998999998],[112.7663,-7.46949998999994],[112.76636,-7.46950998999996],[112.76642,-7.46949998999994],[112.7665,-7.46947998999998],[112.76656,-7.46945999000001],[112.76662,-7.46943998999996],[112.76668,-7.46941998999995],[112.76674,-7.46938998999997],[112.7668,-7.46936998999995],[112.76688,-7.46933998999997],[112.76696,-7.46929998999997],[112.76702,-7.46927998999998],[112.76708,-7.46924998999997],[112.76714,-7.46921998999994],[112.76721,-7.46918998999998],[112.76728,-7.46914998999995],[112.76735,-7.46911998999998],[112.76741,-7.46908998999993],[112.76748,-7.46904999],[112.76755,-7.46901998999996],[112.76762,-7.46897998999995],[112.76769,-7.46893998999993],[112.76775,-7.46890998999994],[112.76782,-7.46886998999995],[112.76789,-7.46882998999997],[112.76795,-7.46879999],[112.76801,-7.46875998999996],[112.76808,-7.46871998999995],[112.76814,-7.46868998999996],[112.7682,-7.46864998999997],[112.76826,-7.46861998999997],[112.76831,-7.46857998999997],[112.76837,-7.4685499899999],[112.76842,-7.46850998999996],[112.76847,-7.46847998999996],[112.76852,-7.46844998999997],[112.76857,-7.46841998999995],[112.76863,-7.46836998999991],[112.76871,-7.46830998999996],[112.76879,-7.46824998999996],[112.76886,-7.46818998999995],[112.76892,-7.46812998999996],[112.76899,-7.46804998999995],[112.76906,-7.46798999],[112.7691,-7.46792998999996],[112.76915,-7.46786998999998],[112.76919,-7.46780998999998],[112.76923,-7.46774998999993],[112.76926,-7.46768998999995],[112.76929,-7.46760998999998],[112.76932,-7.46752998999998],[112.76934,-7.46746998999993],[112.76936,-7.46739998999995],[112.76937,-7.46733998999995],[112.76939,-7.46726998999997],[112.7694,-7.46720998999992],[112.76941,-7.46714998999993],[112.76942,-7.46708998999996],[112.76943,-7.46702999],[112.76943,-7.46696998999994],[112.76943,-7.46688998999997],[112.76943,-7.46679998999997],[112.76943,-7.46673998999993],[112.76942,-7.46667998999993],[112.76941,-7.46660998999993],[112.76941,-7.46653998999996],[112.76939,-7.46643998999996],[112.76938,-7.46632998999997],[112.76936,-7.46624998999994],[112.76935,-7.46618998999996],[112.76934,-7.46612998999995],[112.76933,-7.46606998999995],[112.76932,-7.46599998999996],[112.76931,-7.46593999],[112.7693,-7.46586998999994],[112.76929,-7.46579998999992],[112.76928,-7.46572998999996],[112.76927,-7.46566998999998],[112.76926,-7.46559998999996],[112.76926,-7.46553998999995],[112.76925,-7.46547998999994],[112.76924,-7.46539998999996],[112.76923,-7.46531998999995],[112.76922,-7.46525998999995],[112.76922,-7.46519998999995],[112.76922,-7.46511998999994],[112.76922,-7.46502998999994],[112.76922,-7.46492998999995],[112.76923,-7.46482998999991],[112.76924,-7.46471998999996],[112.76925,-7.46463998999995],[112.76926,-7.46457998999991],[112.76927,-7.46451998999991],[112.76929,-7.46442998999994],[112.76931,-7.46432999],[112.76932,-7.46424998999994],[112.76935,-7.46414998999996],[112.76938,-7.46406998999992],[112.76942,-7.46399998999993],[112.76947,-7.46393998999998],[112.76953,-7.46387998999995],[112.7696,-7.46382998999995],[112.76968,-7.46378998999995],[112.7698,-7.46375998999996],[112.76988,-7.46374998999993],[112.77,-7.46373998999997],[112.77009,-7.46373998999997],[112.77018,-7.46374998999993],[112.77027,-7.46375998999996],[112.77035,-7.46376998999997],[112.77043,-7.46377999],[112.77051,-7.46378998999995],[112.77057,-7.46380998999996],[112.77063,-7.46381998999994],[112.7707,-7.46383998999997],[112.77078,-7.46386998999998],[112.77085,-7.46389998999997],[112.7709,-7.46392998999993],[112.77098,-7.46396998999995],[112.77106,-7.46401998999997],[112.77112,-7.46406998999992],[112.77118,-7.46411998999997],[112.77127,-7.46418998999998],[112.77136,-7.46426998999994],[112.77142,-7.46432999],[112.77148,-7.46437998999997],[112.77153,-7.46443998999997],[112.77157,-7.46448998999993],[112.77162,-7.46452999],[112.77167,-7.46458998999997],[112.77173,-7.46464998999993],[112.77178,-7.46470998999994],[112.77184,-7.46478998999995],[112.77191,-7.46487998999995],[112.77196,-7.46493998999994],[112.77201,-7.46500998999994],[112.77205,-7.46507998999994],[112.77209,-7.46514998999993],[112.77213,-7.46521998999998],[112.77217,-7.46529998999993],[112.77221,-7.46537998999996],[112.77224,-7.46546998999997],[112.77227,-7.46553998999995],[112.7723,-7.46560998999994],[112.77233,-7.46569998999998],[112.77235,-7.46576998999998],[112.77238,-7.46582998999995],[112.7724,-7.46590998999994],[112.77242,-7.46598998999995],[112.77245,-7.46608998999992],[112.77246,-7.46617999],[112.77247,-7.46623998999997],[112.77249,-7.46629998999994],[112.7725,-7.46635998999992],[112.77251,-7.46641998999997],[112.77252,-7.46647998999994],[112.77253,-7.46653998999996],[112.77256,-7.46661999000001],[112.77257,-7.46670998999997],[112.77259,-7.46677998999997],[112.7726,-7.46687998999997],[112.77262,-7.46695998999998],[112.77263,-7.46703998999995],[112.77264,-7.46709998999996],[112.77266,-7.46717998999997],[112.77268,-7.46726998999997],[112.77271,-7.46732998999992],[112.77274,-7.46739998999995],[112.7728,-7.46747998999997],[112.77286,-7.46754998999993],[112.77292,-7.46759998999993],[112.77298,-7.46763998999994],[112.77305,-7.46767998999996],[112.77313,-7.46771999000001],[112.7732,-7.46774998999993],[112.77328,-7.46776998999996],[112.77339,-7.46780998999998],[112.77347,-7.46782998999994],[112.77355,-7.46784998999995],[112.77362,-7.46787998999998],[112.7737,-7.46788998999993],[112.77379,-7.46790998999995],[112.77389,-7.46792998999996],[112.77398,-7.46794998999995],[112.77405,-7.46796998999997],[112.77413,-7.46797998999998],[112.77424,-7.46798999],[112.77435,-7.46799998999997],[112.77443,-7.46799998999997],[112.7745,-7.46799998999997],[112.77457,-7.46798999],[112.77464,-7.46797998999998],[112.77472,-7.46796998999997],[112.77482,-7.46793998999995],[112.77491,-7.46790998999995],[112.77494,-7.46796998999997],[112.77498,-7.46804998999995],[112.77503,-7.46816999000001],[112.77505403,-7.46821803999994],[112.77507914,-7.46826826999997],[112.77519708,-7.46827062999995],[112.77528448,-7.46831202999995],[112.77538107,-7.46838102999994],[112.77539487,-7.46844082999995],[112.77534427,-7.46850521999992],[112.77531208,-7.46858341999993],[112.77531208,-7.46874900999993],[112.77545467,-7.46979315999992],[112.77550067,-7.46996336],[112.77583185,-7.47078672],[112.77545927,-7.47189526999994],[112.77532127,-7.47217125],[112.77522008,-7.47223564999994],[112.77493949,-7.47232304999997],[112.77522468,-7.47268182999991],[112.77509129,-7.47301760999993],[112.77417133,-7.47425955999996],[112.77341696,-7.47523010999993],[112.77298458,-7.47609026999996],[112.77289259,-7.47666524999994],[112.77290179,-7.47724941999996],[112.77296618,-7.47856955999992],[112.77292019,-7.47869834999995],[112.77281899,-7.47875355],[112.7725844,-7.47890533999995],[112.77224402,-7.47950331999991],[112.77221642,-7.48023007999996],[112.77217502,-7.48055206999993],[112.77194043,-7.48093384999994],[112.77156949,-7.48115204999995],[112.77220262,-7.48190440999998],[112.77247861,-7.48237358000001],[112.7725798,-7.48282895999995],[112.77247861,-7.48359252999992],[112.772497,-7.48367991999993],[112.7726534,-7.48406170999996],[112.77275459,-7.48421810000001],[112.77273619,-7.4842732999999],[112.77246021,-7.48461367999995],[112.77237281,-7.48482526999994],[112.77236962,-7.48501012],[112.77258592,-7.48504292999995],[112.7725591,-7.48519356999997],[112.77250459,-7.48528506999998],[112.77250043,-7.48528833999996],[112.77244468,-7.48542073999995],[112.7724399,-7.48546535999998],[112.77243916,-7.48546746999993],[112.77238924,-7.48572837999996],[112.77238058,-7.48577011999992],[112.772375,-7.48579003999992],[112.77231605,-7.48603155999998],[112.77231118,-7.48610463999996],[112.7722955,-7.48618021999996],[112.7723164,-7.48624909999997],[112.7723495,-7.48639389999996],[112.77238282,-7.48646795],[112.77242464,-7.48660573999997],[112.77270217,-7.48748848],[112.77290072,-7.48774837999997],[112.77329888,-7.48812408],[112.77331184,-7.48813991999998],[112.77337452,-7.48832511999993],[112.7733431,-7.48843333999998],[112.77312746,-7.48867583999991],[112.77310267,-7.48884762999995],[112.77314442,-7.48888747999995],[112.77314665,-7.48889682999991],[112.77323584,-7.48902504999996],[112.77340307,-7.48912538999998],[112.77354243,-7.48925359999993],[112.77371245,-7.48942361999998],[112.77372005,-7.48943386999996],[112.77378112,-7.48961428999994],[112.77373077,-7.48976710999994],[112.77362955,-7.48994556],[112.77362411,-7.49017448999994],[112.77370156,-7.49042216999996],[112.77380892,-7.49058905999994],[112.77383987,-7.49065287999994],[112.77386883,-7.49082208999994],[112.77369165,-7.49112165999997],[112.77358434,-7.49137008999998],[112.77347719,-7.49165665999994],[112.77333,-7.49174998999995],[112.77306731,-7.49174156999995],[112.77301829,-7.49172931999993],[112.77273801,-7.49162783999995],[112.77254033,-7.49158413000002],[112.77237506,-7.49168016999993],[112.77209,-7.49187998999995],[112.7718893,-7.49189141999995],[112.77183386,-7.49177046999994],[112.7717168,-7.49160880999998],[112.77167502,-7.49153507999996],[112.7716605,-7.49150846999993],[112.77165861,-7.49150610999992],[112.77162203,-7.49144156999996],[112.77144922,-7.49121301999996],[112.77134888,-7.49109037999997],[112.77133774,-7.49080050999991],[112.77132659,-7.49062769999998],[112.77130613,-7.49059068999996],[112.7713054,-7.49057871999995],[112.77123265,-7.49045772999997],[112.77120952,-7.4904158699999],[112.77119251,-7.4904101999999],[112.77107786,-7.49030300999993],[112.77092,-7.49027998999996],[112.77070681,-7.49025773999998],[112.77060525,-7.49024256999996],[112.77053938,-7.49020846999994],[112.77047927,-7.49010927999996],[112.77051829,-7.48985842999993],[112.77046974,-7.48976618999996],[112.77047051,-7.48974439999994],[112.77040738,-7.48957712],[112.77026248,-7.48946470999992],[112.77006737,-7.48948497999993],[112.76989227,-7.48962593999993],[112.76976039,-7.48983687000001],[112.76953035,-7.48990791999994],[112.76946794,-7.48988809999996],[112.76941455,-7.48984727999993],[112.76926961,-7.48961871999995],[112.7691578,-7.48934320999997],[112.76914136,-7.48928609999995],[112.76908258,-7.48909998999994],[112.76905414,-7.48897673999997],[112.76906561,-7.48891076999996],[112.76910516,-7.48884108999993],[112.76923337,-7.48879091999991],[112.76935601,-7.48870172999994],[112.76934913,-7.48867418999993],[112.7693497,-7.48867356999997],[112.76934545,-7.48858786999993],[112.76931031,-7.48852335999993],[112.76928355,-7.48843414999993],[112.76926682,-7.48829478999995],[112.76931142,-7.48810525999992],[112.76925758,-7.48800172999995],[112.76925718,-7.487996],[112.76920994,-7.48789878999998],[112.76910833,-7.48787191999997],[112.76884381,-7.48785098999994],[112.76873167,-7.48779865999993],[112.76860029,-7.48773683999993],[112.76845148,-7.48762130999995],[112.76822834,-7.48746635999993],[112.76809,-7.48736998999992],[112.76798173,-7.48729981999997],[112.7678609,-7.48734705999993],[112.76771303,-7.48746452999997],[112.76758464,-7.48757413999992],[112.76742865,-7.48761372999996],[112.76725314,-7.48765339999992],[112.7671518,-7.48769276000001],[112.76701,-7.48772998999993],[112.76664393,-7.48760128999992],[112.7663825,-7.48741004999992],[112.76635417,-7.48731089999995],[112.76633744,-7.48714365999994],[112.76628727,-7.48703216999996],[112.76623798,-7.48700136999995],[112.76618454,-7.48694467999997],[112.76598926,-7.48692208999994],[112.76569634,-7.48688819999995],[112.76558283,-7.48681463],[112.76553381,-7.48675297999995],[112.76550406,-7.48666704999996],[112.76541487,-7.48654997999992],[112.76530895,-7.48634372999996],[112.76529908,-7.48633031999997],[112.76528407,-7.48629762999998],[112.76507198,-7.485979],[112.76497981,-7.48589622999997],[112.76493547,-7.48584759999996],[112.76476266,-7.48560231999997],[112.76472364,-7.48544623999993],[112.76457591,-7.48522047999995],[112.76457272,-7.48522024999995],[112.76456921,-7.48521345999997],[112.7644323,-7.48514387999993],[112.76415496,-7.48510212999997],[112.76414665,-7.48509719999991],[112.76406306,-7.48496961999998],[112.76419685,-7.48464629999995],[112.76429719,-7.48456268999997],[112.7644923,-7.48453481999998],[112.76472085,-7.48444004999992],[112.76478774,-7.48424493999996],[112.76488251,-7.48386030999995],[112.76483234,-7.48358157999997],[112.76481771,-7.48355475999994],[112.76480832,-7.48351377999995],[112.76473649,-7.48340586999994],[112.764732,-7.48339762999996],[112.76472945,-7.48339527999995],[112.76470227,-7.48335445999993],[112.7644124,-7.48310625999998],[112.7643705,-7.48307457999994],[112.76424702,-7.48296838999995],[112.76410893,-7.48287104999996],[112.76402,-7.48277998999991],[112.76392678,-7.48272247999992],[112.76378633,-7.48274252999996],[112.76364052,-7.48282233999994],[112.76361153,-7.48282345999998],[112.763449242391218,-7.482730192561974],[112.76336579263598,-7.482641604515117],[112.763227399454493,-7.482591827030709],[112.763001869363407,-7.482631574099063],[112.762707647056601,-7.48266332876412],[112.762056166719105,-7.4826995144383],[112.76135881635291,-7.482602817149988],[112.760967911917149,-7.4824932781435],[112.760618524098376,-7.482498397706947],[112.760138837180179,-7.482678483212772],[112.75959707334097,-7.482797624523437],[112.759329486135783,-7.482774213676479],[112.75888742532257,-7.482660199066896],[112.758496682481152,-7.482730810784726],[112.758126245,-7.48293812799996],[112.758078039,-7.48280768799997],[112.757739178,-7.48281477699993],[112.75720891,-7.48268646299994],[112.756905188,-7.48268080099994],[112.756915067,-7.48235126599997],[112.756929245,-7.48230400499997],[112.75694001,-7.48228042499993],[112.756949095,-7.48226052499998],[112.757179966,-7.48182193099998],[112.757307333,-7.48157996699994],[112.75733947,-7.48156106299994],[112.757384841,-7.48153270599997],[112.757433992,-7.48147977399998],[112.757449367,-7.48143410199997],[112.757625808,-7.48090996899998],[112.757510555,-7.48087105299993],[112.757372553,-7.48079543499992],[112.757068192,-7.48065554299993],[112.75671279,-7.48056858299996],[112.756610706,-7.48087672399996],[112.756470814,-7.48085970999994],[112.756356779,-7.48085883599993],[112.75597741,-7.48085592899997],[112.755960709,-7.48085971099993],[112.755877216,-7.48087861499992],[112.755773242,-7.48082190099994],[112.755629569,-7.48076140699992],[112.755425402,-7.48071036599994],[112.75537619546725,-7.480496289041151],[112.755746077583268,-7.47894255901024],[112.755522902131872,-7.478411519494628],[112.7554475910527,-7.478139260466377],[112.755252293022778,-7.477853282193788],[112.754857631726395,-7.477568765608454],[112.754394563899609,-7.477867458211051],[112.754005969509592,-7.477595547028779],[112.753602226924485,-7.477496780508683],[112.753315841826165,-7.476781775681713],[112.753435413033102,-7.476185557181793],[112.753234082237682,-7.476084673267121],[112.753043820043018,-7.476083888387222],[112.752721437468793,-7.476142918545419],[112.752483365342712,-7.476280698985575],[112.752269148235158,-7.476281783548664],[112.752091429859917,-7.476341574505367],[112.752030483880347,-7.476245042217999],[112.752052887761621,-7.476102271543417],[112.752040686434967,-7.475879151392449],[112.752021419175747,-7.475549838902036],[112.752075825002407,-7.475273563380585],[112.752073043134885,-7.475033423807127],[112.752073191563198,-7.474927862642487],[112.752059695629683,-7.474766751106912],[112.752061874416057,-7.474596436994808],[112.752102141614913,-7.474417559508087],[112.752122144178003,-7.474340004979453],[112.752125749871453,-7.474208146226513],[112.752106811058752,-7.474107358637418],[112.752079334439856,-7.474055058980387],[112.752012289135266,-7.47396592352384],[112.751952081211115,-7.473889281939491],[112.751882441341039,-7.473812806473374],[112.751810145363635,-7.473744029080597],[112.75143246,-7.47390813999991],[112.75138116,-7.47391547],[112.75133243,-7.47392764999994],[112.75105605,-7.47392553999994],[112.75075228,-7.47410596999995],[112.7503736,-7.47409967999994],[112.75006645,-7.47401184999996],[112.75003772,-7.47399907999997],[112.75000675,-7.47399477999993],[112.74999,-7.47398998999992],[112.74979,-7.47395998999996],[112.7494,-7.47389998999993],[112.74927374,-7.47387834999995],[112.74914182,-7.47385572999994],[112.74906779,-7.47384303999998],[112.74903753,-7.47383711999994],[112.74892,-7.47380998999995],[112.74868963,-7.47373231999995],[112.74859322,-7.47371958999997],[112.74851777,-7.47370962999995],[112.74850432,-7.47370925999997],[112.74839284,-7.47370621999992],[112.74830691,-7.47369487999994],[112.74817022,-7.47367982999997],[112.74772121,-7.47365823999996],[112.74728806,-7.47369890999994],[112.74695,-7.47368998999995],[112.746896617,-7.47367188699997],[112.746869717,-7.473662765],[112.746834371,-7.47325875599994],[112.746662355,-7.47289014999996],[112.746569105,-7.47259707799998],[112.746442551,-7.47227736299991],[112.7461628,-7.47184441599997],[112.746016264,-7.47163127199995],[112.745969639,-7.47123162899992],[112.745929675,-7.47106511099995],[112.745576656,-7.47109175299997],[112.745383495,-7.47127159299994],[112.745363513,-7.47152470100001],[112.745463424,-7.47174450499997],[112.745643264,-7.472184113],[112.74588971,-7.47265702499994],[112.745949657,-7.47294343599998],[112.745896371,-7.47319987399993],[112.745843111,-7.47333400999994],[112.74577298,-7.47336841],[112.74574887,-7.47336849999989],[112.74564041,-7.47336892999992],[112.74558015,-7.47336916999994],[112.74556091,-7.47336924999994],[112.74545361,-7.47336966999996],[112.74530894,-7.47335821999995],[112.74511604,-7.47334093999997],[112.74492917,-7.47332362999993],[112.74464577,-7.47327663999994],[112.7442236,-7.47318808999992],[112.74424796,-7.47249333999997],[112.74425055,-7.47162726999992],[112.74219532,-7.47152713],[112.74185238,-7.47244513999992],[112.73992354,-7.47228488],[112.73948572,-7.47227070999997],[112.7392606,-7.47226342999996],[112.739250279,-7.47225150699995],[112.739215,-7.47221074999994],[112.739193725,-7.47218617799996],[112.73918796,-7.47217951999995],[112.739156016,-7.47214367099995],[112.73909717,-7.47207762999992],[112.73900078,-7.47208402999995],[112.7388745,-7.47215067999994],[112.7387179,-7.47216933999992],[112.73844673,-7.4721704099999],[112.73800668,-7.47213003999998],[112.73796872,-7.47228418999992],[112.73791011,-7.47227575999991],[112.73777462,-7.47230231999991],[112.73763912,-7.47232887999997],[112.73749303,-7.47231383999995],[112.7372819,-7.47233808999996],[112.73690649,-7.47236559999992],[112.73679684,-7.47233218999998],[112.73673166,-7.47233765999994],[112.73663006,-7.47236147999994],[112.73641385,-7.47241959],[112.73609568,-7.47241302999994],[112.73611339,-7.47227501999993],[112.73585771,-7.47224478999996],[112.73568281,-7.47219863000001],[112.73539546,-7.47207223],[112.73534484,-7.47246022999997],[112.73533113,-7.47247816999993],[112.73511821,-7.47237296],[112.73501563,-7.47233727999998],[112.73501427,-7.472338],[112.73494739,-7.47230946],[112.73489839,-7.47232664999998],[112.73476821,-7.4724333],[112.73472416,-7.47244965999991],[112.73457801,-7.47242160999997],[112.7344632,-7.47240383999997],[112.734442545,-7.47238730399993],[112.73443251,-7.47237926999996],[112.73434025,-7.47230541999995]]],[[[112.823051567,-7.51227976899997],[112.82304,-7.51231998999998],[112.82274,-7.51317999],[112.82254,-7.51381998999994],[112.82182,-7.51537998999995],[112.82132,-7.51657999],[112.82093,-7.51767998999997],[112.82068,-7.51838998999995],[112.82018,-7.51893998999997],[112.81969,-7.51942998999993],[112.81888,-7.51987998999997],[112.81767103,-7.52041144999993],[112.817459289,-7.52050453099996],[112.8159,-7.52118998999994],[112.81523,-7.52156998999992],[112.81481,-7.52190998999992],[112.81447,-7.52235998999993],[112.81415,-7.52301998999997],[112.81396873,-7.52373600999993],[112.81395,-7.52380998999995],[112.81384,-7.52491998999996],[112.81381009,-7.52526893999993],[112.81381,-7.52526998999998],[112.81357,-7.5254899899999],[112.8132,-7.52558998999995],[112.81265,-7.52558998999995],[112.81189,-7.52556998999993],[112.81147,-7.52556998999993],[112.81083,-7.52545998999996],[112.81058,-7.52515998999998],[112.81029,-7.52440998999998],[112.80995,-7.52374998999994],[112.80966,-7.52307998999994],[112.80941,-7.52271998999994],[112.809407889,-7.52271887299997],[112.809386551,-7.52268545599995],[112.809238589,-7.52257823699992],[112.808981263,-7.52242812999998],[112.808565253,-7.52229088999997],[112.808425955,-7.522286852],[112.80843,-7.52220999000001],[112.80843,-7.52205998999996],[112.8084,-7.52187998999995],[112.80828,-7.52172998999995],[112.80805,-7.52155998999997],[112.80785152,-7.52145773999994],[112.80709986,-7.52123174999996],[112.80709403,-7.52123241999993],[112.80667995,-7.52111548999994],[112.80618323,-7.52097521999994],[112.80615279,-7.52097439999997],[112.80575361,-7.52093238000001],[112.80538892,-7.52092886999997],[112.80515923,-7.52089730999995],[112.80497864,-7.52086048999996],[112.80483311,-7.52084996999997],[112.80462447,-7.52085522999997],[112.80424079,-7.52087763999998],[112.80385827,-7.52084120999997],[112.80349708,-7.52075353999993],[112.80328669,-7.52063080999993],[112.80310785,-7.52045897999996],[112.80304991,-7.52039018999996],[112.80304823,-7.52038884999996],[112.802922,-7.52033624999992],[112.80252575,-7.52016792999996],[112.80216807,-7.52003117],[112.80192962,-7.51999611000001],[112.80168716,-7.51997610999997],[112.80150005,-7.51989441999997],[112.80132122,-7.51983479999998],[112.8011385,-7.51981195999997],[112.80098458,-7.51979271999993],[112.80054975,-7.51975765999994],[112.8002026,-7.51977869999994],[112.80004294,-7.51982430999993],[112.79996047,-7.51984786999996],[112.79991299,-7.51987003999994],[112.7997818,-7.51989090999997],[112.79948023,-7.52002415999992],[112.79939894,-7.52010996999997],[112.79935399,-7.52015741],[112.79924879,-7.52025559999992],[112.79910151,-7.52031170999993],[112.79894727,-7.52032077999996],[112.79892981,-7.52032892999993],[112.79870401,-7.5203427299999],[112.79856556,-7.52035119999993],[112.79844928,-7.52040287999996],[112.798302,-7.52054313999998],[112.79807757,-7.52071847999997],[112.79783912,-7.52088678999996],[112.79750248,-7.52102004999995],[112.79734343,-7.5210233299999],[112.79708718,-7.52102860999995],[112.79625061,-7.52094070999993],[112.79606125,-7.52087407999994],[112.79588592,-7.52072329999993],[112.79572462,-7.52064614999995],[112.79551773,-7.52060757999992],[112.79520213,-7.52059003999996],[112.7949251,-7.52050237999992],[112.79451833,-7.52029197999994],[112.79431144,-7.52011664999998],[112.79413611,-7.51990273999994],[112.79392571,-7.51962220999998],[112.79369778,-7.51936271999995],[112.7935505,-7.51920842999993],[112.79328049,-7.51887880999995],[112.79295788,-7.51846501999993],[112.79283338,-7.51831787999992],[112.79322,-7.51799998999998],[112.79363,-7.51666998999998],[112.7937,-7.51564998999993],[112.79389,-7.51461998999998],[112.79391,-7.51447998999995],[112.79396,-7.51393998999993],[112.79404,-7.51358998999996],[112.79411,-7.51330998999996],[112.79434,-7.51269998999994],[112.79444,-7.51246998999996],[112.79462,-7.51202998999996],[112.79472,-7.51171998999997],[112.7947,-7.51143998999992],[112.79465,-7.51136998999992],[112.79447,-7.51125998999993],[112.79429,-7.51115998999997],[112.79407,-7.51104998999993],[112.7938,-7.51078999],[112.79374,-7.51066998999995],[112.79367,-7.51042998999998],[112.79365,-7.51003998999991],[112.79368,-7.50977998999995],[112.79372175,-7.50970170999995],[112.79414192,-7.50979233999991],[112.79420363,-7.50961544999997],[112.79424,-7.50961998999996],[112.79438,-7.50952998999997],[112.79441,-7.50940998999992],[112.79451,-7.50894999000002],[112.79472,-7.50799999],[112.79485,-7.50753998999997],[112.79499,-7.50707999000002],[112.79508,-7.50673998999997],[112.79511299,-7.50658823],[112.79533511,-7.50634273999997],[112.79577221,-7.50617734999998],[112.79592579,-7.50591744999996],[112.79591398,-7.50581112999994],[112.79593132,-7.5049524],[112.7961,-7.50474998999994],[112.79612,-7.50400998999993],[112.79609,-7.50360998999996],[112.79582,-7.50303998999996],[112.79571,-7.50277998999995],[112.79565,-7.50258998999991],[112.7958,-7.50175998999991],[112.79584,-7.50165999],[112.79596,-7.50152998999991],[112.79627,-7.50138998999995],[112.79638,-7.50135998999998],[112.7964472,-7.50132638999997],[112.79700084,-7.50151093999992],[112.79736706,-7.50169995999995],[112.79770966,-7.50181809999998],[112.79792897,-7.50180031],[112.7985,-7.50180998999998],[112.79897,-7.50174998999994],[112.79949,-7.50156998999996],[112.79968168,-7.50152434999996],[112.79975343,-7.50157000999994],[112.79996607,-7.50159363999996],[112.80016691,-7.50159363999996],[112.80040318,-7.50157000999994],[112.80040326,-7.50156998999996],[112.80058,-7.50156998999996],[112.80082,-7.50154998999993],[112.80128,-7.50131998999994],[112.80156,-7.50114998999992],[112.80197,-7.50078998999989],[112.8022,-7.50048998999993],[112.8024,-7.50041998999997],[112.802528277,-7.50032912699993],[112.80264,-7.50024998999992],[112.80289,-7.49999998999996],[112.80297,-7.49986998999998],[112.80304,-7.49974998999993],[112.8031,-7.49964998999994],[112.80315,-7.49956998999992],[112.80318,-7.49949998999996],[112.80322,-7.49943998999992],[112.80325,-7.49936998999991],[112.80329,-7.49927998999995],[112.80333,-7.49919999],[112.80335,-7.49912999000001],[112.80337,-7.49905998999995],[112.80339,-7.49899998999995],[112.80341,-7.49893998999997],[112.80342,-7.49887998999996],[112.80343,-7.49880998999994],[112.80344,-7.49873998999991],[112.80345,-7.49867998999997],[112.80345,-7.49861998999994],[112.80345,-7.49851999],[112.80345,-7.49843998999996],[112.80344,-7.49837998999992],[112.80344,-7.49831998999996],[112.80343,-7.49822999],[112.80342,-7.49813998999996],[112.80341,-7.49806998999996],[112.8034,-7.49799998999993],[112.80339,-7.49790998999993],[112.80337,-7.49781998999993],[112.80336,-7.49775998999993],[112.80336,-7.49768998999995],[112.80336,-7.49761999],[112.80336,-7.49753998999994],[112.80336,-7.49746998999993],[112.80338,-7.49739998999995],[112.8034,-7.49730999],[112.80342,-7.49722998999997],[112.80344,-7.49716998999994],[112.80346,-7.49710998999996],[112.80349,-7.49703998999996],[112.80352,-7.49696998999996],[112.80354,-7.49688998999994],[112.80357,-7.49680998999998],[112.8036,-7.49673998999996],[112.80363,-7.49665998999998],[112.80366,-7.49657998999994],[112.80368,-7.49650998999995],[112.80371,-7.49642998999998],[112.80373,-7.49635998999994],[112.80375,-7.49629998999995],[112.80377,-7.49623998999994],[112.80379,-7.49614998999994],[112.80381,-7.49606998999998],[112.80382,-7.49599998999998],[112.80383,-7.49590998999993],[112.80382,-7.49583999],[112.80379,-7.49576998999993],[112.80375,-7.49569998999997],[112.80372,-7.49564998999995],[112.80365,-7.49557998999993],[112.80358,-7.49551998999993],[112.80351,-7.49544998999993],[112.80342,-7.49539998999992],[112.80334,-7.49535998999993],[112.80325,-7.49531998999992],[112.80316,-7.49526998999991],[112.80307,-7.49521998999998],[112.80297,-7.49516998999996],[112.80288,-7.49511999],[112.80282,-7.49507998999997],[112.80276,-7.49504998999991],[112.8027,-7.49499998999991],[112.80264,-7.49496998999996],[112.80259,-7.49491998999997],[112.80253,-7.49486998999992],[112.80249,-7.49480998999996],[112.80246,-7.49473998999997],[112.80243,-7.49467998999993],[112.8024,-7.49461998999995],[112.80237,-7.49455999000001],[112.80233,-7.49445998999994],[112.80229,-7.49435998999998],[112.80226,-7.49427998999995],[112.80223,-7.49418998999994],[112.80219,-7.49410998999998],[112.80216,-7.49401998999997],[112.80212,-7.49390998999994],[112.80208,-7.49380998999991],[112.80205,-7.49371998999993],[112.80201,-7.49363998999994],[112.80199,-7.49356998999997],[112.80195,-7.49349998999997],[112.8019,-7.49343998999996],[112.80185,-7.49339998999993],[112.80179,-7.49334998999995],[112.80174,-7.49332998999993],[112.80168,-7.49328998999992],[112.80162,-7.49325998999994],[112.80157646,-7.49323386999994],[112.80158118,-7.49293019],[112.80169701,-7.49269659],[112.80180538,-7.49254073999998],[112.80197609,-7.49240015999991],[112.80223265,-7.49230585999994],[112.80251263,-7.49222700999994],[112.80287812,-7.49211671999995],[112.80310379,-7.49208470999997],[112.80333855,-7.491969921],[112.80336021,-7.49195932999992],[112.80360863,-7.49177957999994],[112.80381776,-7.49151451999997],[112.80396467,-7.49126524999998],[112.80423847,-7.49063081000001],[112.80450003,-7.48986042999998],[112.80454626,-7.48974366999992],[112.80499875,-7.48901524999996],[112.80517633,-7.48864928999995],[112.80528382,-7.48828362999997],[112.8052829,-7.48805827999993],[112.80528184,-7.48780184999991],[112.80524163,-7.48749117999996],[112.80513879,-7.48709528999993],[112.805102021,-7.48705739299991],[112.80475956,-7.48670441999996],[112.80454311,-7.48643664999998],[112.804533417,-7.48642466099995],[112.80447782,-7.48635588999997],[112.80432855,-7.48603011999996],[112.80424945,-7.48572738999997],[112.80424833,-7.4854554099999],[112.8042665,-7.48514061999994],[112.80428051,-7.48475978999995],[112.80440351,-7.48437851999997],[112.80444167,-7.48419187],[112.80444069,-7.48395098000001],[112.80443973,-7.48371785999995],[112.80433249,-7.48320153999993],[112.80424554,-7.48288328999997],[112.80418185,-7.48254162999994],[112.80412616,-7.48225433999991],[112.80405488,-7.48195934999996],[112.8038307,-7.48140464999996],[112.80348615,-7.48092426999993],[112.80316501,-7.48045933999994],[112.80311672,-7.48009624000002],[112.80308,-7.48004998999992],[112.80302,-7.47982998999994],[112.80302,-7.47961998999992],[112.80317,-7.47934],[112.80322,-7.47941],[112.80328,-7.47948],[112.80336,-7.47955],[112.80342,-7.4796],[112.8035,-7.47964],[112.80357,-7.47968],[112.80363,-7.47971],[112.80369,-7.47973],[112.80376,-7.47976],[112.80382,-7.47979],[112.8039,-7.47981],[112.80397,-7.47984],[112.80405,-7.47986],[112.80414,-7.47989],[112.80422,-7.47991],[112.80432,-7.47994],[112.80441,-7.47996],[112.80451,-7.47999],[112.80462,-7.48001],[112.80473,-7.48004],[112.80484,-7.48006],[112.80496,-7.48008],[112.80509,-7.4801],[112.80521,-7.48012],[112.80534,-7.48014],[112.80547,-7.48016],[112.80561,-7.48016999999989],[112.80575,-7.48019],[112.80589,-7.4802],[112.80603,-7.48021],[112.80617,-7.48023],[112.80631,-7.48023],[112.80645,-7.48024],[112.80659,-7.48025],[112.80672,-7.48025],[112.80685,-7.48026],[112.80698,-7.48026],[112.8071,-7.48025],[112.80722,-7.48025],[112.80734,-7.48024],[112.80746,-7.48024],[112.8076,-7.48022],[112.80774,-7.48021],[112.80789,-7.48019],[112.80805,-7.48016999999989],[112.80822,-7.48015],[112.80841,-7.48013],[112.80862,-7.4801],[112.80883,-7.48008],[112.80906,-7.48005],[112.8093,-7.48002],[112.80956,-7.47998],[112.80984,-7.47995],[112.81014,-7.47991],[112.81048,-7.47987],[112.81088,-7.47982],[112.81134,-7.47976],[112.81189,-7.47968],[112.81291022,-7.47949179999995],[112.81291,-7.47949],[112.812987121,-7.479462069],[112.81473197,-7.47883013999995],[112.81623178,-7.47884950999994],[112.8171319,-7.47913503999995],[112.81736202,-7.47938488999995],[112.81864098,-7.48096128999991],[112.819682,-7.48366791999997],[112.82033635,-7.48595814999994],[112.82033635,-7.48659539999992],[112.82149724,-7.48941470999995],[112.82198487,-7.49015897999991],[112.82208752,-7.49100589999997],[112.82201035,-7.49191655999996],[112.82202372,-7.49195518999994],[112.82283478,-7.49265038999995],[112.82331068,-7.49306678999997],[112.82393687,-7.49351371999997],[112.82394844,-7.49383080999994],[112.82395301,-7.49395615],[112.82395711,-7.49406839999994],[112.82341,-7.49451998999993],[112.82235,-7.49539998999992],[112.82143,-7.49633998999997],[112.82119,-7.49660998999995],[112.82102,-7.49691998999998],[112.82095,-7.49729998999992],[112.82101,-7.49767998999994],[112.82117,-7.4980899899999],[112.82144,-7.49838998999997],[112.82197,-7.49875998999995],[112.82264,-7.49929998999993],[112.82316,-7.49985998999997],[112.82325,-7.49999998999996],[112.823320908,-7.50022939999996],[112.82359,-7.50109998999995],[112.82386,-7.50199998999998],[112.82373,-7.50256998999996],[112.823631058,-7.50299619999992],[112.8236,-7.50312998999993],[112.823544817,-7.50327312199994],[112.823454145791004,-7.50350830007322],[112.82328,-7.50395998999996],[112.82284,-7.50541998999993],[112.822712227,-7.50589176599995],[112.82271,-7.50589998999993],[112.8227,-7.50625998999992],[112.82275,-7.50655999000001],[112.82280577,-7.50671335999995],[112.82307,-7.50743998999996],[112.82349495,-7.50807740999997],[112.82359,-7.50821998999992],[112.82369651,-7.50844898999996],[112.82379,-7.50864999],[112.82386,-7.50931998999992],[112.823841177,-7.50950821699996],[112.8238,-7.50991998999996],[112.82367,-7.51048998999993],[112.82357,-7.51081998999994],[112.82327,-7.51151998999994],[112.82305318,-7.51227415999994],[112.823051567,-7.51227976899997]]]]}},
{"type":"Feature","properties":{"kdkab":"15","kdkec":"110","nmkab":"SIDOARJO","nmkec":"SIDOARJO","kddesa":"015","kdprov":"35","nmdesa":"BLURU KIDUL","nmprov":"JAWA TIMUR","iddesa":"3515110015"},"geometry":{"type":"MultiPolygon","coordinates":[[[[112.72896976,-7.45441995999996],[112.728888569,-7.45440836199998],[112.72876913,-7.45439129999995],[112.728641271,-7.45435503299995],[112.72863784,-7.45435405999997],[112.728598881,-7.45434300899995],[112.72849795,-7.45431437999996],[112.72843249,-7.45427657999993],[112.72818788,-7.4541353299999],[112.72815839,-7.45411828999994],[112.72816064,-7.45411420799998],[112.72828371,-7.45389096999998],[112.72822076,-7.45378904999993],[112.72817199,-7.45366441999992],[112.72820086,-7.45344947999996],[112.72828427,-7.45317679999994],[112.72843664,-7.45280333999996],[112.728447878,-7.452775795],[112.72844557,-7.45277490999995],[112.728407065,-7.45276010799995],[112.72725449,-7.45231703999995],[112.72722122,-7.45233722999994],[112.72722147,-7.4523365599999],[112.72733459,-7.45225564],[112.72753991,-7.45195408999996],[112.727605146334625,-7.451800487824907],[112.72767889572097,-7.451633369511979],[112.727821934727686,-7.451328306921406],[112.727921150379828,-7.451120514542376],[112.728087865066342,-7.450686854832871],[112.728145491270155,-7.450507195495426],[112.728229696782677,-7.45033018766422],[112.728292976551771,-7.450195532330043],[112.728358103777111,-7.449966862299681],[112.728400934478074,-7.449826126324375],[112.728412971556182,-7.449786647848203],[112.728295089093507,-7.449740809727779],[112.72832822,-7.44970287999997],[112.72837474,-7.4496627799999],[112.72840508,-7.44957725999995],[112.728420227,-7.44953456199991],[112.72842164,-7.44953057999989],[112.72851589,-7.44926497999994],[112.728531019,-7.44922559399994],[112.728532237,-7.44922242399995],[112.728169046,-7.44907798499998],[112.727623711,-7.44886110800001],[112.72760644,-7.44885492599994],[112.727159518,-7.44869495799998],[112.726765624,-7.44855397000001],[112.726825785,-7.44840198399994],[112.727113808,-7.44774738699994],[112.72704004,-7.44766420999997],[112.72701923,-7.44764073999993],[112.72692456,-7.44759570999998],[112.726910385,-7.44758451199995],[112.726867299,-7.447550473],[112.726838252,-7.44708968599997],[112.726798588,-7.446902935],[112.726889485,-7.44661702499996],[112.726750196,-7.44657539899992],[112.726749746,-7.44657539199995],[112.726749783,-7.446575287],[112.726724759,-7.44656512799997],[112.726379318,-7.44642488499997],[112.726108593,-7.44632356099991],[112.725757719,-7.44616692399998],[112.725755566,-7.44616631799996],[112.725715884,-7.44615020999993],[112.72546826,-7.44604972999998],[112.72486835,-7.44583478999994],[112.7248051,-7.44580965999997],[112.724805247,-7.44580928099995],[112.72507607,-7.44511016999996],[112.72524543,-7.44473048],[112.72527432,-7.44466571999996],[112.72527497,-7.44466426099995],[112.72496379,-7.44445253],[112.72474565,-7.44425041999991],[112.72461988,-7.44418019999992],[112.72436068,-7.44403547999997],[112.72425082,-7.44399833999993],[112.72390514,-7.4438815],[112.723846248,-7.44386390199998],[112.72352112,-7.44376674999995],[112.72343587,-7.44374127999992],[112.723322654,-7.44370744799993],[112.723177703,-7.44366413300001],[112.72309992,-7.44364088999992],[112.72282029,-7.44359533999992],[112.72277128,-7.44358178999997],[112.72264979,-7.44356131999994],[112.72221411,-7.44362204999994],[112.72218246,-7.44363153999996],[112.72219258,-7.44351881999995],[112.7221925,-7.44351884],[112.72221493,-7.44327455999995],[112.72221487,-7.44327454999997],[112.72221534,-7.44327096999998],[112.72225383,-7.44299667999996],[112.72230319,-7.44274354499993],[112.72230356,-7.44274164899998],[112.72230479,-7.44274063999996],[112.72234847,-7.44270474999995],[112.72257624,-7.44261331999993],[112.72271579,-7.44258444999996],[112.722989707,-7.44246970299996],[112.72307188,-7.44243527999993],[112.72360441,-7.44219306999998],[112.724118944,-7.44198257899993],[112.72434547,-7.44188990999992],[112.72469033,-7.44176960999994],[112.72478818,-7.44171346999994],[112.72486998,-7.4416188299999],[112.724925130913675,-7.441565691847712],[112.724909638588031,-7.441485648165212],[112.724913238664158,-7.441402846414345],[112.724945639349272,-7.441230042760361],[112.724978040034401,-7.441165241390117],[112.725059041747187,-7.441021238345132],[112.725087842356189,-7.440992437736135],[112.725100442622619,-7.440943836708452],[112.725126191991649,-7.440833265888507],[112.725182567,-7.44083508499996],[112.725310991,-7.44082017799998],[112.72537291,-7.44080641899993],[112.725421069,-7.44079953899997],[112.725574727,-7.44087026999993],[112.725620499,-7.44089133999996],[112.72562074,-7.44088981999996],[112.72562182,-7.44088903999997],[112.72568467,-7.44084366999992],[112.72586295,-7.44071497999991],[112.72594636,-7.44060590999992],[112.72611638,-7.44057061999995],[112.72624486,-7.44055808],[112.72624494,-7.44055815999996],[112.72641481,-7.44053560999991],[112.72662829,-7.44044721999997],[112.72680578,-7.44035132999994],[112.72681918,-7.44034408999997],[112.72681905,-7.44034370999998],[112.72698692,-7.44027561999994],[112.72698696,-7.44027561],[112.72703989,-7.44039149999996],[112.72728691,-7.44075560999993],[112.72742325,-7.44088392999995],[112.72751769,-7.44094447999994],[112.72757102,-7.44097776999995],[112.72757099,-7.44097787199996],[112.72755846,-7.44102055],[112.72755836,-7.44102094999994],[112.72745636,-7.44131919999994],[112.72732804,-7.44176831999991],[112.72727717,-7.44200098999992],[112.72727206,-7.44204644999998],[112.72726378,-7.44212018199996],[112.72726349,-7.44212275999997],[112.72718105,-7.44285658999995],[112.7271727,-7.44301652999994],[112.72716851,-7.44304661999996],[112.72711884,-7.44346015999996],[112.72707714,-7.44409375000001],[112.72706591,-7.44422492999998],[112.727935293141968,-7.444508623336976],[112.728528599036892,-7.444693187215748],[112.729056564422905,-7.444875477265306],[112.72916899331166,-7.44491226138722],[112.729438863280848,-7.445001148314959],[112.729488786788977,-7.445048789299297],[112.729603776686744,-7.445081625002999],[112.729738685065769,-7.445127591043618],[112.72994477,-7.44519948999994],[112.730080346,-7.44524079699994],[112.7303554,-7.44532459999995],[112.73041475,-7.44533743999994],[112.73049334,-7.44499577999993],[112.73051259,-7.44493843999991],[112.73051518,-7.44492988999995],[112.730515377,-7.44492993099991],[112.73083739,-7.44499771999996],[112.73105747,-7.44504405999992],[112.73105941,-7.44507718999994],[112.73134312,-7.44510417999992],[112.73143129,-7.44511256999991],[112.731519341,-7.44512685899997],[112.73158448,-7.44513742999993],[112.73180302,-7.44518840999994],[112.73197438,-7.44522838999996],[112.732075891,-7.44490437999998],[112.73401481,-7.44554105999993],[112.7340303,-7.44555011999996],[112.73414485,-7.445586],[112.73420463,-7.44561307999993],[112.7344741,-7.44577668999996],[112.73481255,-7.44594349999996],[112.73485051,-7.44600778999997],[112.73487064,-7.44604189999995],[112.7349271,-7.44601081999997],[112.73505703,-7.44597873999995],[112.73538665,-7.44589372999996],[112.73560239,-7.44584239999991],[112.73562244,-7.44582956999997],[112.73564971,-7.44578866999997],[112.73568981,-7.44568680999994],[112.735689971,-7.44568622999998],[112.73576279,-7.44542454999992],[112.7358045,-7.44528259999997],[112.73581974,-7.44525853999997],[112.73584139,-7.44522726000002],[112.73589753,-7.44520880999991],[112.73597601,-7.44519004999996],[112.73617241,-7.44514309999993],[112.73611461,-7.44494178999996],[112.73593175,-7.44426168999994],[112.73581947,-7.44384785999996],[112.73573323,-7.44350521999998],[112.73573321,-7.44350513999997],[112.735733336,-7.44350514099997],[112.73589203,-7.44350681999994],[112.73592363,-7.44350610000001],[112.73595571,-7.44352052999992],[112.73605837,-7.44353817999995],[112.73611291,-7.44356704999996],[112.73621877,-7.44364243999997],[112.73629256,-7.44372744999994],[112.7365075,-7.44400976],[112.73662459,-7.44423592999994],[112.73672243,-7.44444444999993],[112.73686519,-7.44464173999992],[112.73704484,-7.44481497999992],[112.73719241,-7.44491442999992],[112.73774588,-7.44503881999998],[112.7378276,-7.44505717999995],[112.73832025,-7.44530042],[112.73846761,-7.4453731699999],[112.73896325,-7.44562660999998],[112.73898203,-7.44563127999993],[112.73933698,-7.44571963999994],[112.73977167,-7.44578861999996],[112.74007964,-7.44581267999998],[112.7400798,-7.44581258999997],[112.74025724,-7.44583093999996],[112.74025719,-7.44583108999998],[112.74033825,-7.44583895999994],[112.74078774,-7.44588259999995],[112.74128178,-7.44588902],[112.7413679,-7.44586486999996],[112.741604296,-7.44579859600001],[112.74162504,-7.44579277999997],[112.74162437,-7.44579458999995],[112.74186281,-7.44572990999993],[112.74231514,-7.44560478999995],[112.74239571,-7.44560277999995],[112.74258669,-7.44569477999995],[112.74282148,-7.44583824999995],[112.7429804,-7.44596139],[112.74309089,-7.44602970999995],[112.74333933,-7.44614218999995],[112.74347717,-7.44615882999995],[112.74351154,-7.44614365999998],[112.74355986,-7.44615496999995],[112.74381971,-7.44617260999996],[112.74438593,-7.44579566999991],[112.74554243,-7.44530323999991],[112.74586964,-7.44525511999995],[112.74615195,-7.4452583199999],[112.74637836,-7.44532565999998],[112.74658311,-7.44538655999996],[112.74677752,-7.44544438999997],[112.74766542,-7.44520593999994],[112.74769021,-7.44520378999995],[112.74776025,-7.44524744999996],[112.7478015,-7.44527714999994],[112.74790596,-7.44535168999996],[112.74790226,-7.44536492000001],[112.74797412,-7.44541230999992],[112.74811527,-7.44555987999995],[112.74789712,-7.44602824999991],[112.74781371,-7.44674043999994],[112.74748649,-7.44749752999998],[112.74742875,-7.44761943999992],[112.74729401,-7.44766435],[112.74720535,-7.44814904999993],[112.74719777,-7.44819046999994],[112.74780052,-7.44852771999993],[112.74820958,-7.44875659999995],[112.74827567,-7.44879357999994],[112.74853232,-7.44876790999996],[112.74913542,-7.44857542999994],[112.74935357,-7.44842144999995],[112.74964871,-7.44814555999995],[112.74984761,-7.44779908999992],[112.75003849,-7.4473422199999],[112.75018273,-7.44704633999993],[112.75020049,-7.44700990999998],[112.75071611,-7.44718991999993],[112.75108,-7.44728998999995],[112.75137,-7.44733998999993],[112.75167,-7.44745998999995],[112.75187,-7.44757998999997],[112.75223,-7.44799998999997],[112.75244,-7.44821998999992],[112.7527,-7.44844998999998],[112.75292,-7.44874998999996],[112.7532,-7.44918998999997],[112.75334,-7.44933998999995],[112.75347,-7.44941998999996],[112.75347046,-7.44942000999991],[112.75386393,-7.44947171999994],[112.75386397,-7.44947183999998],[112.75387624,-7.44947312999996],[112.75413288,-7.44949237999997],[112.75416817,-7.44973939999994],[112.75421629,-7.44993829999991],[112.75429649,-7.45018531999995],[112.75423874,-7.45045157999992],[112.75399826,-7.45072358999993],[112.75396,-7.45073998999991],[112.75393626,-7.45074592999992],[112.75388,-7.45075998999995],[112.75381,-7.45077998999993],[112.75374,-7.45078998999994],[112.75363,-7.45079998999993],[112.75354,-7.45079998999993],[112.75344,-7.45080998999992],[112.75334,-7.45080998999992],[112.75327,-7.45081998999996],[112.7532,-7.45081998999996],[112.75311,-7.45081998999996],[112.75302,-7.45081998999996],[112.75293,-7.45081998999996],[112.75283,-7.45082998999994],[112.75273,-7.45082998999994],[112.75264,-7.45082998999994],[112.75255,-7.45082998999994],[112.75247,-7.45082998999994],[112.75239,-7.45082998999994],[112.75232,-7.45082998999994],[112.75224,-7.45082998999994],[112.75216,-7.45082998999994],[112.7521,-7.45082998999994],[112.75203,-7.45082998999994],[112.75195,-7.45080998999992],[112.75189,-7.45078998999994],[112.75181,-7.45075998999995],[112.75176,-7.45070998999998],[112.75169,-7.45062998999991],[112.75165764,-7.45058468],[112.75150754,-7.45011026999996],[112.75124448,-7.44929542999996],[112.75088839,-7.44887837999994],[112.75057079,-7.44872439999997],[112.75033019,-7.44869872999993],[112.75016825,-7.44871728999995],[112.74998419,-7.44871800999993],[112.74978255,-7.44877521999997],[112.74958913,-7.44893932999998],[112.7492059,-7.44923077999991],[112.74879471,-7.44966480999997],[112.74836483,-7.45013318000001],[112.74801837,-7.45038982999996],[112.74782736,-7.45046679999994],[112.74777054,-7.45048969999993],[112.747770296,-7.450491959],[112.74773104,-7.45085498999995],[112.7476733,-7.45097047999995],[112.74753856,-7.4510218099999],[112.74673014,-7.45121428999995],[112.74646066,-7.45130412],[112.74622968,-7.45152225999995],[112.74613986,-7.4516634199999],[112.74616552,-7.45202271999994],[112.74631951,-7.45223444999993],[112.74676459,-7.45256740999994],[112.74743815,-7.45284831999997],[112.7480188,-7.45314987999997],[112.74846472,-7.45340330999996],[112.74923785,-7.45396792999996],[112.74926683589274,-7.454087296388884],[112.74930074260773,-7.454577639651919],[112.749157291121207,-7.454994953067269],[112.7490399289631,-7.455271420410834],[112.748849527463534,-7.455495729026755],[112.748625218847621,-7.455766985957634],[112.748533930457413,-7.455845233149235],[112.748411343190583,-7.455879140265595],[112.748252240567652,-7.455845233149235],[112.74813747801997,-7.455740903560435],[112.748009674273689,-7.455589625656675],[112.747905344684895,-7.455401832396834],[112.747819275111979,-7.455216647021081],[112.747772327006899,-7.455075802705847],[112.747741029867953,-7.454981906250174],[112.74770973424792,-7.454916696765413],[112.74766539460262,-7.454814976402675],[112.747568890668745,-7.454593278176196],[112.74737078,-7.45422135999996],[112.747266340286856,-7.454009042870659],[112.747162012419111,-7.453907323199619],[112.746898582654623,-7.453821247240439],[112.746489097088698,-7.453802989922213],[112.746225668933732,-7.453826463247217],[112.745972675280157,-7.453873410523138],[112.745307588553999,-7.453808205581097],[112.744705099423427,-7.453844720073859],[112.744173031079256,-7.45390470806159],[112.743828756803353,-7.453985561649099],[112.743614888142957,-7.4540977130318],[112.743455787829134,-7.4542281231251],[112.7433384222456,-7.454431558622354],[112.743174104219264,-7.454856698912687],[112.74320540289095,-7.455208808969098],[112.743249742675829,-7.455386168108623],[112.743367112694628,-7.455584393029269],[112.743609676679341,-7.455675682181579],[112.744094808854797,-7.455680898656584],[112.744504301813564,-7.455673074111591],[112.744804249579616,-7.455717414216137],[112.744939878134701,-7.455761754320684],[112.745114630311448,-7.455800877942343],[112.745247650625089,-7.455860867495553],[112.74540265,-7.45597775999994],[112.74559513,-7.45615740999996],[112.745696295266498,-7.456374682992807],[112.745691078683095,-7.45653118049474],[112.745631087974019,-7.456669419954779],[112.745537189472856,-7.456711152621962],[112.745057263800277,-7.45680505112312],[112.744879899964744,-7.456857216957098],[112.744754011779989,-7.456859946261792],[112.744550564674867,-7.456899070705084],[112.744378417124381,-7.456998185961421],[112.744255827202068,-7.457042526997151],[112.744071328910067,-7.457060663512523],[112.743387955107991,-7.457397133819651],[112.743142775194272,-7.457730995829825],[112.742727784546616,-7.458242184415669],[112.74213045,-7.45826187999995],[112.74185456,-7.45820413999998],[112.741520386911731,-7.458051803967363],[112.741144791689166,-7.457759674349809],[112.740744419477465,-7.457200191782273],[112.74055852,-7.45697866999994],[112.740293184020587,-7.456508994134002],[112.740201877893227,-7.45615164525547],[112.739690660152547,-7.455536094373071],[112.739440270044227,-7.455287004579226],[112.739169015985851,-7.455127902660873],[112.738921234234539,-7.455041831105153],[112.738636937277775,-7.454861863306829],[112.738599158,-7.45466459399996],[112.738357869,-7.454843081],[112.738258398,-7.45490991299994],[112.738146329,-7.45498520999998],[112.738000895,-7.45525294099998],[112.73795462,-7.45553719899992],[112.738030643,-7.45574873899995],[112.738179382,-7.45601646999995],[112.738236578955963,-7.456092246093992],[112.73826204,-7.45614935999993],[112.73831449,-7.45628572999991],[112.738332521,-7.45704296199995],[112.73808127,-7.45701281999996],[112.73788558,-7.45703847999996],[112.73778934,-7.45706413999994],[112.7374108,-7.45718604999995],[112.73735626,-7.45761912999995],[112.73736268,-7.45788860999995],[112.73737872,-7.45915257999996],[112.73729531,-7.45928409999992],[112.73714453,-7.45940600999997],[112.73707074,-7.45939317999997],[112.73690714,-7.45931938999994],[112.73686222,-7.45923597999996],[112.73686864,-7.45912369999996],[112.73705791,-7.45878364999994],[112.73710282,-7.45861682999994],[112.73710603,-7.45812921000001],[112.7370932,-7.45799127],[112.73705952,-7.45737050999997],[112.73704508,-7.45712028],[112.73686383,-7.45679145999996],[112.73671144,-7.45669040999994],[112.7362142,-7.45646423999994],[112.736122786,-7.45627448399994],[112.73612277,-7.45627444999997],[112.73603994,-7.45635267999996],[112.73573558,-7.45656440999996],[112.73541538,-7.45673557999991],[112.73529287,-7.45682746999994],[112.73506189,-7.45693974999994],[112.73493036,-7.45698786999996],[112.73486037,-7.45700261999996],[112.73485958,-7.45700309999995],[112.734850935,-7.45700546499996],[112.7348477,-7.45700634999998],[112.73470662,-7.45704500999993],[112.73469071,-7.45704936999993],[112.73463811,-7.45706377999993],[112.734559521,-7.45706408999997],[112.73447817,-7.45706440999992],[112.73443061,-7.45706459999997],[112.73431151,-7.45704495999997],[112.73429699,-7.45704255999994],[112.734297001,-7.45704167299993],[112.73430159,-7.45667027],[112.73429517,-7.45595808999998],[112.73423101,-7.45570144999992],[112.734230924,-7.45570102099994],[112.73416685,-7.4553806399999],[112.73400003,-7.45494434999994],[112.73389737,-7.45477111999998],[112.73373056,-7.45474544999994],[112.7336906,-7.45476292999994],[112.733632289,-7.45478843999996],[112.7336279,-7.45479035999995],[112.73358061,-7.45485954],[112.733437468,-7.45506895099996],[112.73328143,-7.45529722999993],[112.73311005,-7.45553322999992],[112.73301289,-7.45566701999995],[112.73289005,-7.45583617999996],[112.732153537,-7.45656032299998],[112.73177711,-7.45643485999994],[112.73170121,-7.45639690999996],[112.731542375,-7.45631749299997],[112.73150411,-7.45629835999993],[112.731482846,-7.45628772799996],[112.73132799,-7.45621029999993],[112.73128827,-7.4561768899999],[112.73104568,-7.45597289999998],[112.73081951,-7.45576918999996],[112.73081929,-7.45577043],[112.730712,-7.45556017999995],[112.73062514,-7.45530473],[112.730624374,-7.45530247599992],[112.73060292,-7.45523937999996],[112.73055159,-7.45505025999997],[112.73048102,-7.45479025],[112.730450839,-7.454693005],[112.73044824,-7.45468462999998],[112.73044815,-7.45468433999997],[112.730445044,-7.45467433299993],[112.73042327,-7.45460418999993],[112.73028854,-7.45451435999992],[112.73026134,-7.45450610999997],[112.730259728,-7.45450562099997],[112.73020187,-7.45448807],[112.730177865,-7.45448078699996],[112.73000302,-7.45442773999993],[112.730002978,-7.4544277389999],[112.72976402,-7.45442453999996],[112.72974423,-7.45442689999995],[112.729727826,-7.45442885099995],[112.72972346,-7.45442936999995],[112.72955049,-7.45444998999996],[112.72951755,-7.45444998999996],[112.72951196,-7.45444998999996],[112.72951,-7.45444998999996],[112.72942187,-7.45445337999998],[112.72936892,-7.45445541999993],[112.72925,-7.45445998999998],[112.729162413,-7.45444747599994],[112.72913836,-7.45444403999994],[112.72896976,-7.45441995999996]]]]}},
{"type":"Feature","properties":{"kdkab":"15","kdkec":"110","nmkab":"SIDOARJO","nmkec":"SIDOARJO","kddesa":"011","kdprov":"35","nmdesa":"PUCANGANOM","nmprov":"JAWA TIMUR","iddesa":"3515110011"},"geometry":{"type":"MultiPolygon","coordinates":[[[[112.72450909,-7.45895259999994],[112.72444811,-7.45894685999998],[112.72441795,-7.45894224999993],[112.72441389,-7.45894070999997],[112.72439267,-7.45893265999994],[112.72427818,-7.45891960999994],[112.72421152,-7.45891878999992],[112.724110777067978,-7.458901268302778],[112.72399016,-7.45887387999991],[112.723921024,-7.45885261099995],[112.72390675,-7.45884821999993],[112.72383953,-7.45881990999992],[112.72364272,-7.45877278999996],[112.723486818,-7.45871735799997],[112.72348089,-7.45871524999996],[112.72330136,-7.45865141999997],[112.72328733,-7.45864633999998],[112.722667298630896,-7.45876092962552],[112.722499863,-7.458789418],[112.72246881,-7.45847000999994],[112.72253297,-7.45818769999994],[112.72255542,-7.45787972999997],[112.722587358,-7.45759640199996],[112.7226244,-7.45726778999995],[112.72240081,-7.4572457299999],[112.722145974,-7.4572178769999],[112.72196114,-7.45719714999994],[112.72164514,-7.45716011999991],[112.72135,-7.45712803999993],[112.721255411,-7.45745809199997],[112.72124978,-7.45747773999989],[112.721192137600454,-7.457678844731578],[112.72113025,-7.45789475999993],[112.721082019110995,-7.458052037708992],[112.72105787625101,-7.458129849513794],[112.72090613184254,-7.458084875492278],[112.720783958769843,-7.458436137250558],[112.720770280805397,-7.458480590634996],[112.720717567687728,-7.458647472030684],[112.720598628940721,-7.458604912053343],[112.720487815275476,-7.458551153971018],[112.720412959624312,-7.458521977930837],[112.720280961600452,-7.458492566163849],[112.720145122297538,-7.458439000413436],[112.720052583369679,-7.458421377140292],[112.719960299,-7.45838628199998],[112.719970922,-7.45813284199993],[112.720001596,-7.45798522099996],[112.720039939,-7.457776252],[112.720043274491914,-7.457747424256279],[112.720060142,-7.45760164299997],[112.71998401,-7.45758102999996],[112.71996831,-7.45758102999996],[112.71972567,-7.45756027999995],[112.71934628,-7.45761169999995],[112.719336857,-7.45761297400001],[112.71932971,-7.45761393999992],[112.71941501,-7.45729241],[112.719439232,-7.45720112099997],[112.71948373,-7.45703340999995],[112.719518986,-7.456924983],[112.71952019,-7.45692127999998],[112.71952722,-7.45689966],[112.71965375,-7.4565105],[112.71974358,-7.45635971999996],[112.71995531,-7.45614798999997],[112.720004015,-7.45611010599993],[112.72000734,-7.45610751999995],[112.72001305,-7.45610307999994],[112.72002589,-7.45605495999992],[112.72002589,-7.45602447999994],[112.72002589,-7.45601645999997],[112.71995531,-7.45593304999996],[112.71982378,-7.45584001999995],[112.71977887,-7.45576622999993],[112.71975854,-7.45565781999992],[112.719754474,-7.45563613599994],[112.720534939,-7.45579010499995],[112.720653254,-7.45560418199993],[112.720678585,-7.455540855],[112.720688084,-7.45548385999995],[112.720666462,-7.45542809899994],[112.7206684,-7.45542572999997],[112.72069455,-7.45530540999995],[112.72070048,-7.45527816000002],[112.72067802,-7.45507284999997],[112.72066873,-7.45488698000001],[112.720684981,-7.454852461],[112.720628063,-7.45480845599994],[112.720540172,-7.45471539599994],[112.720413506,-7.45460165500002],[112.720341126,-7.45454736899996],[112.720346296,-7.45443362899996],[112.720462621,-7.45427723499991],[112.720684509,-7.45417016099997],[112.720684933,-7.454169957],[112.720809014,-7.45416930999995],[112.720936326,-7.45419192899994],[112.720994312,-7.45419931999997],[112.72104349,-7.45411328],[112.72118112,-7.45406740999992],[112.72132869,-7.45392304999996],[112.721470924,-7.45389072399995],[112.721500507,-7.45376927899996],[112.721764244,-7.45383926799995],[112.721764386,-7.45383935899995],[112.721779634,-7.45384227399995],[112.721788968,-7.45384542299995],[112.72195642,-7.45390190999994],[112.722075915,-7.45393982299992],[112.72215612,-7.45396526999996],[112.72232936,-7.45404546999994],[112.72249157,-7.45412403999994],[112.72253467,-7.45414491999997],[112.72265337,-7.45419303999994],[112.72273196,-7.45420907999996],[112.72280575,-7.45420747999996],[112.72289878,-7.45417860999992],[112.72307202,-7.45405509999996],[112.72309411,-7.45403871],[112.723094384,-7.45403813699993],[112.723107788,-7.45402992799997],[112.72323428,-7.4539309489999],[112.723364345,-7.45382946999996],[112.723497269,-7.45372513199991],[112.723504969,-7.45371533199995],[112.723591603,-7.45360507099996],[112.723653626,-7.45352331299992],[112.72371738,-7.45343927399996],[112.723805996,-7.45338210199997],[112.723946066,-7.45341640499989],[112.72414045,-7.45345642499994],[112.724294813,-7.453430698],[112.724477762,-7.45336209199997],[112.724717977,-7.45323412699998],[112.724723284,-7.45323129999998],[112.72472335,-7.45323132999994],[112.72545842,-7.45284415999991],[112.72556386,-7.45278862999995],[112.72592794,-7.45262914999996],[112.725937527,-7.45262495099994],[112.72595203,-7.45261859999995],[112.726208848,-7.45255619499994],[112.72629529,-7.45253518999992],[112.72654254,-7.45254559999994],[112.72660005,-7.45254801999994],[112.72677329,-7.45260897999997],[112.72722122,-7.45233722999994],[112.72725449,-7.45231703999995],[112.728407065,-7.45276010799995],[112.72844557,-7.45277490999995],[112.728447878,-7.452775795],[112.72843664,-7.45280333999996],[112.72828427,-7.45317679999994],[112.72820086,-7.45344947999996],[112.72817199,-7.45366441999992],[112.72822076,-7.45378904999993],[112.72828371,-7.45389096999998],[112.72816064,-7.45411420799998],[112.72815839,-7.45411828999994],[112.72818788,-7.4541353299999],[112.72843249,-7.45427657999993],[112.72849795,-7.45431437999996],[112.728598881,-7.45434300899995],[112.72863784,-7.45435405999997],[112.728641271,-7.45435503299995],[112.72876913,-7.45439129999995],[112.728752447144927,-7.454479781830984],[112.728686807334213,-7.454775965218633],[112.728645084,-7.45509830699995],[112.728472299,-7.45537599799997],[112.728302599,-7.45557655199997],[112.728225463,-7.45571848299991],[112.728242495,-7.45583486899993],[112.728243976,-7.45584498599994],[112.728352819,-7.45595217399995],[112.72848161,-7.45605520600002],[112.728397255,-7.45616448399995],[112.728281102822564,-7.456299476445238],[112.728069422,-7.45654983099995],[112.728234604,-7.45674329899997],[112.72799616,-7.45701176999996],[112.727975789,-7.45703470599995],[112.727713139,-7.45732036099995],[112.727477329,-7.45760218199996],[112.727171183,-7.45788539899997],[112.72717113,-7.45788559999994],[112.727094773,-7.45794630999994],[112.727107904,-7.45799479399994],[112.727098405,-7.45805812099996],[112.727065158,-7.45818319299996],[112.726919375,-7.45834592599995],[112.727155761,-7.45859842899997],[112.72714907,-7.45860580999992],[112.72658125,-7.45924420999993],[112.72589152,-7.45917683999993],[112.72530285,-7.4591207],[112.7249104,-7.45908646999995],[112.72474669,-7.45908215999996],[112.7246518,-7.45904312999995],[112.724650946,-7.45904234399996],[112.72464219,-7.45903428],[112.72460771,-7.45897974],[112.724588725,-7.45897207499995],[112.724566,-7.45896289999997],[112.72453752620747,-7.458958115412995],[112.72450909,-7.45895259999994]]],[[[112.7534869,-7.45568903999994],[112.75346123,-7.45549013999998],[112.75346123,-7.45509875999995],[112.75298003,-7.45477153999995],[112.75292228,-7.45466887999994],[112.75340349,-7.45294937999998],[112.75336499,-7.45285313999996],[112.7538462,-7.45171748999994],[112.75400018,-7.45149934999997],[112.75422475,-7.45149934999997],[112.7543659,-7.45130685999995],[112.75433382,-7.45112079999993],[112.7541052,-7.45091010999995],[112.75401293,-7.45075041999996],[112.754001492733494,-7.450730381901305],[112.75399826,-7.45072358999993],[112.75423874,-7.45045157999992],[112.75429649,-7.45018531999995],[112.75421629,-7.44993829999991],[112.75416817,-7.44973939999994],[112.75413288,-7.44949237999997],[112.75387624,-7.44947312999996],[112.75386397,-7.44947183999998],[112.75386393,-7.44947171999994],[112.75385146,-7.44943622999995],[112.75387206,-7.44943709999996],[112.75397092,-7.44899187999997],[112.7544802,-7.44855012999996],[112.7550594,-7.44796739999993],[112.75542743,-7.44745585999991],[112.75588286,-7.44676808999994],[112.75604026,-7.44646844999993],[112.75639157,-7.44618563999998],[112.75676106,-7.44604345999995],[112.75735963,-7.44590036999991],[112.7577473,-7.44589882999998],[112.75803972,-7.44601423999996],[112.75808,-7.44601998999996],[112.75817,-7.44603998999998],[112.75825,-7.44607998999994],[112.75831,-7.44609998999997],[112.75837,-7.44613998999994],[112.75843,-7.44617998999995],[112.7584342,-7.44618260999992],[112.75848909,-7.44631802000001],[112.75852601,-7.44674000999995],[112.75851049,-7.44726773999995],[112.75838995,-7.44797177999993],[112.75839198,-7.44848184999993],[112.75839409,-7.44900950999992],[112.75860772,-7.44955390999996],[112.7586443,-7.44988795999995],[112.7587529,-7.45060866999998],[112.75858012,-7.45147122],[112.75861712,-7.45191078999994],[112.75883062,-7.45242002],[112.75948452,-7.45289231999997],[112.7603491,-7.45317030999997],[112.7608779,-7.45320337999993],[112.76110303,-7.45313998999996],[112.76116,-7.45313998999996],[112.76122,-7.45313998999996],[112.7613,-7.45312998999996],[112.76139,-7.45311998999993],[112.76147,-7.45309998999996],[112.76154,-7.45308999000001],[112.76161,-7.45306998999996],[112.7617,-7.45303999],[112.76177,-7.45301999],[112.76184,-7.45298998999994],[112.76191,-7.45295998999995],[112.76199,-7.45292998999996],[112.76209,-7.45288998999995],[112.76219,-7.45283998999997],[112.7623,-7.45278998999992],[112.76238,-7.45274998999998],[112.76243,-7.45271998999993],[112.76249,-7.45268998999993],[112.76257,-7.45264998999993],[112.76266,-7.45258998999995],[112.76273,-7.45254998999994],[112.76279,-7.45250998999997],[112.76287,-7.45244998999992],[112.76295,-7.45238998999995],[112.76304,-7.45231998999998],[112.7631,-7.45226998999993],[112.76317,-7.45221998999996],[112.76326,-7.45213998999997],[112.76335,-7.45205998999996],[112.76343,-7.45197998999994],[112.76351,-7.45189998999996],[112.76358,-7.45181998999992],[112.76364,-7.45174998999995],[112.76369,-7.45168998999998],[112.76374,-7.45161998999994],[112.76379,-7.45153998999993],[112.76383,-7.45146998999997],[112.76386,-7.45141998999995],[112.7639,-7.45135998999995],[112.76393,-7.45129998999995],[112.76396,-7.45123998999998],[112.76399,-7.45117998999994],[112.76403,-7.45108998999996],[112.76407,-7.45101998999995],[112.7641,-7.45094998999998],[112.76413,-7.45086998999996],[112.76416,-7.45078998999994],[112.76418,-7.45072998999995],[112.7642,-7.45066998999994],[112.76422,-7.45060999],[112.76425,-7.45052998999996],[112.76428,-7.45042998999997],[112.76431,-7.45034998999995],[112.76433,-7.45028998999993],[112.76435,-7.45022998999997],[112.76437,-7.45016998999995],[112.76439,-7.45010998999994],[112.76441,-7.45004998999997],[112.76443,-7.44998998999995],[112.76445,-7.44992998999993],[112.76448,-7.44983998999992],[112.76451,-7.44976998999993],[112.76454,-7.44969998999992],[112.76459,-7.44960998999996],[112.76462,-7.44953998999995],[112.76465,-7.44948998999998],[112.76468,-7.44943998999998],[112.76471,-7.44937998999993],[112.76474,-7.44932998999995],[112.76477,-7.44926998999996],[112.76481,-7.44920998999991],[112.76485,-7.44913998999996],[112.76488,-7.44907998999998],[112.76492,-7.44900998999995],[112.76496,-7.44893998999991],[112.765,-7.44886998999993],[112.76504,-7.4487999899999],[112.76507,-7.44872998999992],[112.76511,-7.44866998999991],[112.76515,-7.44859998999994],[112.76518,-7.44853998999997],[112.76521,-7.44847998999995],[112.76525,-7.44841998999994],[112.7653,-7.44834998999994],[112.76535,-7.44825998999994],[112.7654,-7.44817998999997],[112.76544,-7.44810998999997],[112.76549,-7.44804998999995],[112.76556,-7.44796998999994],[112.76564,-7.44788998999998],[112.76571,-7.44781999000001],[112.76576,-7.44776998999992],[112.76581,-7.44771998999997],[112.76587,-7.44766999],[112.76593,-7.44760998999994],[112.76598,-7.44755998999993],[112.76603,-7.44751998999992],[112.7661,-7.44744998999994],[112.76617,-7.44739998999991],[112.76623,-7.44735998999992],[112.76631,-7.44730998999994],[112.76642,-7.44722998999993],[112.76657,-7.44713998999993],[112.76664,-7.44708998999996],[112.76668,-7.44713],[112.76674,-7.44717],[112.76684,-7.44721],[112.76691,-7.44724],[112.76697,-7.44727],[112.76703,-7.44731],[112.76711,-7.44736],[112.76718,-7.44742],[112.76725,-7.44747],[112.76731,-7.44753],[112.76738,-7.4476],[112.76745,-7.44767],[112.76752,-7.44775],[112.76759,-7.44784],[112.76765,-7.4479],[112.76771,-7.44797],[112.76776,-7.44803],[112.76781,-7.4481],[112.76785,-7.44816],[112.76789,-7.44821],[112.76793,-7.44827],[112.76796,-7.44832],[112.768,-7.44839],[112.76802978,-7.44844957],[112.76829847,-7.44847608999989],[112.76879685,-7.44841356999993],[112.76943318,-7.44830004999994],[112.77012614,-7.44802824999992],[112.77074497,-7.44775673999991],[112.77136373,-7.44746505999998],[112.7720769,-7.44719316999992],[112.77287867,-7.44716978999996],[112.77302347,-7.44715238999992],[112.773130118,-7.44727512599994],[112.773547966,-7.44747708599993],[112.773854387,-7.44771386599997],[112.774195629,-7.44816885499994],[112.77477133,-7.44904169199998],[112.775254176,-7.44970096199995],[112.775395779,-7.45019309399993],[112.775418993,-7.45291374399992],[112.775194758,-7.45457019399991],[112.77522,-7.45455],[112.77528,-7.45451],[112.77534,-7.45447],[112.7754,-7.45443],[112.77545,-7.45439],[112.77551,-7.45436],[112.77557,-7.45432],[112.77562,-7.45429],[112.77568,-7.45426],[112.77574,-7.45423],[112.7758,-7.45419],[112.77586,-7.45416],[112.77592,-7.45413],[112.77598,-7.4541],[112.77604,-7.45407],[112.77611,-7.45404],[112.77617,-7.45401],[112.77624,-7.45398],[112.7763,-7.45395],[112.77637,-7.45392],[112.77643,-7.45389],[112.77649,-7.45386],[112.77655,-7.45383],[112.77662,-7.45381],[112.77668,-7.45378],[112.77674,-7.45375],[112.77683,-7.45372],[112.77691,-7.45368],[112.77697,-7.45366],[112.77703,-7.45364],[112.77712,-7.45361],[112.7772,-7.45359],[112.77729,-7.45356],[112.77737,-7.45354],[112.77746,-7.45352],[112.77757,-7.45349],[112.77765,-7.45347],[112.77771,-7.45346],[112.7778,-7.45344],[112.77788,-7.45343],[112.77794,-7.45343],[112.778,-7.45342],[112.77806,-7.45341],[112.77812,-7.4534],[112.77818,-7.4534],[112.77824,-7.45339],[112.7783,-7.45339],[112.77836,-7.45339],[112.77842,-7.45339],[112.77851,-7.45339],[112.77859,-7.45339],[112.77868,-7.45339],[112.77876,-7.45339],[112.77884,-7.4534],[112.77894,-7.45341],[112.77904,-7.45342],[112.77911,-7.45344],[112.77918,-7.45345],[112.77925,-7.45347],[112.77932,-7.45348],[112.77941,-7.45351],[112.77949,-7.45354],[112.77958,-7.45357],[112.77964,-7.4536],[112.7797,-7.45362],[112.77977,-7.45366],[112.77985,-7.4537],[112.77994,-7.45375],[112.78002,-7.4538],[112.78008,-7.45385],[112.78013,-7.45389],[112.78019,-7.45395],[112.78025,-7.45401],[112.78029,-7.45407],[112.78034,-7.45414],[112.78039,-7.45421],[112.78043,-7.45427],[112.78047,-7.45432],[112.78051,-7.45438],[112.78055,-7.45444],[112.78059,-7.4545],[112.78063,-7.45456],[112.78068,-7.45463],[112.78072,-7.4547],[112.78077,-7.45476],[112.78081,-7.45484],[112.78086,-7.45491],[112.78092,-7.45499],[112.78097,-7.45508],[112.78103,-7.45517],[112.78109,-7.45526],[112.78115,-7.45535],[112.78121,-7.45545],[112.78127,-7.45555],[112.78134,-7.45564],[112.7814,-7.45574],[112.78147,-7.45583],[112.78153,-7.45592],[112.78154661,-7.45594491999997],[112.78171014,-7.45670234999994],[112.78182,-7.45769789999998],[112.78189896,-7.45852757999997],[112.7822039,-7.45916016999997],[112.78226029,-7.45922857999996],[112.78237086,-7.45955525999995],[112.78257459,-7.45991494999994],[112.78280738,-7.46031779],[112.782982,-7.46062471999996],[112.78328614,-7.46139978999997],[112.78332571,-7.46165919999991],[112.78348611,-7.46261750999996],[112.78344423,-7.46297819999996],[112.783267,-7.46380808999991],[112.78315726,-7.46406328999993],[112.78302801,-7.46425608999991],[112.78287455,-7.46441532999995],[112.78243019,-7.46469351999998],[112.78224748,-7.46476635999994],[112.78202115,-7.4647720799999],[112.78185743,-7.46477753999995],[112.78161683,-7.46477279999993],[112.7816,-7.46476999000001],[112.78153,-7.46474998999994],[112.78145,-7.46471998999996],[112.78136,-7.46468998999995],[112.78127,-7.46465998999994],[112.7812,-7.46463998999995],[112.78113,-7.46460998999991],[112.78104,-7.46457998999991],[112.78097,-7.46454999],[112.78086,-7.46450998999995],[112.78078,-7.46447998999995],[112.78071,-7.46445998999996],[112.78063,-7.46442998999994],[112.78055,-7.46441998999995],[112.78047,-7.46439998999996],[112.7804,-7.46439998999996],[112.78033,-7.46438999000001],[112.78025,-7.46438999000001],[112.78017,-7.46437998999997],[112.78006,-7.46436998999998],[112.77995,-7.46436998999998],[112.77985,-7.46436998999998],[112.77975,-7.46435998999991],[112.77965,-7.46435998999991],[112.77956,-7.46435998999991],[112.77947,-7.46435998999991],[112.77938,-7.46436998999998],[112.77932,-7.46436998999998],[112.77925,-7.46437998999997],[112.77918,-7.46437998999997],[112.77911,-7.46438999000001],[112.77902,-7.46439998999996],[112.77892,-7.46441998999995],[112.77885,-7.46443998999997],[112.77878,-7.46444998999993],[112.77871,-7.46446998999997],[112.77865,-7.46448998999993],[112.77856,-7.46451998999991],[112.77849,-7.46454999],[112.77843,-7.46456998999997],[112.77838,-7.46459998999997],[112.7783,-7.46462998999994],[112.7782,-7.46467998999997],[112.77813,-7.46471998999996],[112.77806,-7.46475998999996],[112.77799,-7.46479998999996],[112.77793,-7.46483998999998],[112.77788,-7.46486998999997],[112.77781,-7.46491998999995],[112.77774,-7.46497998999996],[112.77767,-7.46502998999994],[112.7776,-7.46508998999998],[112.77755,-7.46514998999993],[112.7775,-7.46518998999991],[112.77744,-7.46524998999995],[112.77739,-7.46530998999998],[112.77733,-7.46536998999995],[112.77728,-7.46540998999997],[112.77722,-7.46547998999994],[112.77716,-7.46554998999991],[112.77711,-7.46558998999996],[112.77705,-7.46565998999998],[112.77699,-7.46572998999996],[112.77692,-7.46578998999997],[112.77686,-7.46584998999995],[112.77682,-7.46589998999997],[112.77677,-7.46595998999993],[112.77671,-7.46601998999991],[112.77665,-7.46608998999992],[112.77657,-7.46617999],[112.77651,-7.46623998999997],[112.77648,-7.46628998999997],[112.77643,-7.46634998999996],[112.77636,-7.46641998999997],[112.7763,-7.46648998999994],[112.77625,-7.46655998999996],[112.7762,-7.46661999000001],[112.77616,-7.46666998999996],[112.77611,-7.46674998999988],[112.77605,-7.46682998999993],[112.77601,-7.46688998999997],[112.77597,-7.46693998999996],[112.77592,-7.46700998999995],[112.77587,-7.46707998999992],[112.77581,-7.46715998999996],[112.77576,-7.46721998999996],[112.77572,-7.46726998999997],[112.77567,-7.46731998999995],[112.77563,-7.46736998999994],[112.77557,-7.46741998999992],[112.77551,-7.46747998999997],[112.77545,-7.46753999000002],[112.7754,-7.46758998999995],[112.77535,-7.46762998999997],[112.77528,-7.46768998999995],[112.77522,-7.46773998999993],[112.77517,-7.46776998999996],[112.77512,-7.46779998999998],[112.77506,-7.46783998999996],[112.77499,-7.46786998999998],[112.77491,-7.46790998999995],[112.77482,-7.46793998999995],[112.77472,-7.46796998999997],[112.77464,-7.46797998999998],[112.77457,-7.46798999],[112.7745,-7.46799998999997],[112.77443,-7.46799998999997],[112.77435,-7.46799998999997],[112.77424,-7.46798999],[112.77413,-7.46797998999998],[112.77405,-7.46796998999997],[112.77398,-7.46794998999995],[112.77389,-7.46792998999996],[112.77379,-7.46790998999995],[112.7737,-7.46788998999993],[112.77362,-7.46787998999998],[112.77355,-7.46784998999995],[112.77347,-7.46782998999994],[112.77339,-7.46780998999998],[112.77328,-7.46776998999996],[112.7732,-7.46774998999993],[112.77313,-7.46771999000001],[112.77305,-7.46767998999996],[112.77298,-7.46763998999994],[112.77292,-7.46759998999993],[112.77286,-7.46754998999993],[112.7728,-7.46747998999997],[112.77274,-7.46739998999995],[112.77271,-7.46732998999992],[112.77268,-7.46726998999997],[112.77266,-7.46717998999997],[112.77264,-7.46709998999996],[112.77263,-7.46703998999995],[112.77262,-7.46695998999998],[112.7726,-7.46687998999997],[112.77259,-7.46677998999997],[112.77257,-7.46670998999997],[112.77256,-7.46661999000001],[112.77253,-7.46653998999996],[112.77252,-7.46647998999994],[112.77251,-7.46641998999997],[112.7725,-7.46635998999992],[112.77249,-7.46629998999994],[112.77247,-7.46623998999997],[112.77246,-7.46617999],[112.77245,-7.46608998999992],[112.77242,-7.46598998999995],[112.7724,-7.46590998999994],[112.77238,-7.46582998999995],[112.77235,-7.46576998999998],[112.77233,-7.46569998999998],[112.7723,-7.46560998999994],[112.77227,-7.46553998999995],[112.77224,-7.46546998999997],[112.77221,-7.46537998999996],[112.77217,-7.46529998999993],[112.77213,-7.46521998999998],[112.77209,-7.46514998999993],[112.77205,-7.46507998999994],[112.77201,-7.46500998999994],[112.77196,-7.46493998999994],[112.77191,-7.46487998999995],[112.77184,-7.46478998999995],[112.77178,-7.46470998999994],[112.77173,-7.46464998999993],[112.77167,-7.46458998999997],[112.77162,-7.46452999],[112.77157,-7.46448998999993],[112.77153,-7.46443998999997],[112.77148,-7.46437998999997],[112.77142,-7.46432999],[112.77136,-7.46426998999994],[112.77127,-7.46418998999998],[112.77118,-7.46411998999997],[112.77112,-7.46406998999992],[112.77106,-7.46401998999997],[112.77098,-7.46396998999995],[112.7709,-7.46392998999993],[112.77085,-7.46389998999997],[112.77078,-7.46386998999998],[112.7707,-7.46383998999997],[112.77063,-7.46381998999994],[112.77057,-7.46380998999996],[112.77051,-7.46378998999995],[112.77043,-7.46377999],[112.77035,-7.46376998999997],[112.77027,-7.46375998999996],[112.77018,-7.46374998999993],[112.77009,-7.46373998999997],[112.77,-7.46373998999997],[112.76988,-7.46374998999993],[112.7698,-7.46375998999996],[112.76968,-7.46378998999995],[112.7696,-7.46382998999995],[112.76953,-7.46387998999995],[112.76947,-7.46393998999998],[112.76942,-7.46399998999993],[112.76938,-7.46406998999992],[112.76935,-7.46414998999996],[112.76932,-7.46424998999994],[112.76931,-7.46432999],[112.76929,-7.46442998999994],[112.76927,-7.46451998999991],[112.76926,-7.46457998999991],[112.76925,-7.46463998999995],[112.76924,-7.46471998999996],[112.76923,-7.46482998999991],[112.76922,-7.46492998999995],[112.76922,-7.46502998999994],[112.76922,-7.46511998999994],[112.76922,-7.46519998999995],[112.76922,-7.46525998999995],[112.76923,-7.46531998999995],[112.76924,-7.46539998999996],[112.76925,-7.46547998999994],[112.76926,-7.46553998999995],[112.76926,-7.46559998999996],[112.76927,-7.46566998999998],[112.76928,-7.46572998999996],[112.76929,-7.46579998999992],[112.7693,-7.46586998999994],[112.76931,-7.46593999],[112.76932,-7.46599998999996],[112.76933,-7.46606998999995],[112.76934,-7.46612998999995],[112.76935,-7.46618998999996],[112.76936,-7.46624998999994],[112.76938,-7.46632998999997],[112.76939,-7.46643998999996],[112.76941,-7.46653998999996],[112.76941,-7.46660998999993],[112.76942,-7.46667998999993],[112.76943,-7.46673998999993],[112.76943,-7.46679998999997],[112.76943,-7.46688998999997],[112.76943,-7.46696998999994],[112.76943,-7.46702999],[112.76942,-7.46708998999996],[112.76941,-7.46714998999993],[112.7694,-7.46720998999992],[112.76939,-7.46726998999997],[112.76937,-7.46733998999995],[112.76936,-7.46739998999995],[112.76934,-7.46746998999993],[112.76932,-7.46752998999998],[112.76929,-7.46760998999998],[112.76926,-7.46768998999995],[112.76923,-7.46774998999993],[112.76919,-7.46780998999998],[112.76915,-7.46786998999998],[112.7691,-7.46792998999996],[112.76906,-7.46798999],[112.76899,-7.46804998999995],[112.76892,-7.46812998999996],[112.76886,-7.46818998999995],[112.76879,-7.46824998999996],[112.76871,-7.46830998999996],[112.76863,-7.46836998999991],[112.76857,-7.46841998999995],[112.76852,-7.46844998999997],[112.76847,-7.46847998999996],[112.76842,-7.46850998999996],[112.76837,-7.4685499899999],[112.76831,-7.46857998999997],[112.76826,-7.46861998999997],[112.7682,-7.46864998999997],[112.76814,-7.46868998999996],[112.76808,-7.46871998999995],[112.76801,-7.46875998999996],[112.76795,-7.46879999],[112.76789,-7.46882998999997],[112.76782,-7.46886998999995],[112.76775,-7.46890998999994],[112.76769,-7.46893998999993],[112.76762,-7.46897998999995],[112.76755,-7.46901998999996],[112.76748,-7.46904999],[112.76741,-7.46908998999993],[112.76735,-7.46911998999998],[112.76728,-7.46914998999995],[112.76721,-7.46918998999998],[112.76714,-7.46921998999994],[112.76708,-7.46924998999997],[112.76702,-7.46927998999998],[112.76696,-7.46929998999997],[112.76688,-7.46933998999997],[112.7668,-7.46936998999995],[112.76674,-7.46938998999997],[112.76668,-7.46941998999995],[112.76662,-7.46943998999996],[112.76656,-7.46945999000001],[112.7665,-7.46947998999998],[112.76642,-7.46949998999994],[112.76636,-7.46950998999996],[112.7663,-7.46949998999994],[112.76622,-7.46947998999998],[112.76614,-7.46945999000001],[112.76608,-7.46943998999996],[112.76602,-7.46941998999995],[112.76596,-7.46939998999997],[112.76589,-7.46936998999995],[112.76582,-7.46934998999994],[112.76573,-7.46931999000001],[112.76567,-7.46929998999997],[112.7656,-7.46927998999998],[112.76553,-7.46924998999997],[112.76546,-7.46922999],[112.76537,-7.46919998999992],[112.7653,-7.46917998999993],[112.76522,-7.46915998999996],[112.76516,-7.46913998999996],[112.76509,-7.46912998999993],[112.76502,-7.46910998999992],[112.76497835,-7.46910073499991],[112.764135528,-7.46862133099996],[112.763792498,-7.46832403799995],[112.763838235,-7.46780949399995],[112.764044053,-7.46743216199997],[112.764718678,-7.46699765799998],[112.765336131,-7.46638020399996],[112.765633423,-7.46589996299998],[112.765987887,-7.46513386399993],[112.766285179,-7.46386465399995],[112.766147968,-7.46305281799992],[112.765530514,-7.46233245599997],[112.76493593,-7.46182934599995],[112.764066922,-7.46162352799996],[112.763289388,-7.46148631599995],[112.76250042,-7.46165783099997],[112.762008744,-7.46214950699992],[112.761517069,-7.46288130299996],[112.760899616,-7.46386465399995],[112.760590889,-7.46472222799995],[112.760579455,-7.46511099499997],[112.759973436,-7.46584279099993],[112.759287377,-7.46680327399994],[112.758578449,-7.46759224199998],[112.757114856,-7.46729494999992],[112.757297805,-7.466814708],[112.758121076,-7.46445923899997],[112.758692792,-7.46331580699998],[112.758212551,-7.46278982799992],[112.757297805,-7.46244679899996],[112.756222979,-7.46253827299996],[112.755422577,-7.46301851499992],[112.754851766669674,-7.463411018184238],[112.754945976581709,-7.46302140257213],[112.75523207,-7.46172655999992],[112.755595086955424,-7.459942081419965],[112.754983753067265,-7.459810035681618],[112.753920843832859,-7.459581803109251],[112.754114840583455,-7.458634642919944],[112.754250195985705,-7.458054442981266],[112.754687091659392,-7.458152255445525],[112.75473162,-7.45792183],[112.7547257,-7.45782640999992],[112.7546867,-7.45742779999998],[112.75457763,-7.45728663999992],[112.75419908,-7.45681826999992],[112.75366655,-7.45618948999995],[112.7534869,-7.45568903999994]]]]}},
{"type":"Feature","properties":{"kdkab":"15","kdkec":"110","nmkab":"SIDOARJO","nmkec":"SIDOARJO","kddesa":"010","kdprov":"35","nmdesa":"BULUSIDOKARE","nmprov":"JAWA TIMUR","iddesa":"3515110010"},"geometry":{"type":"MultiPolygon","coordinates":[[[[112.71749912583374,-7.460716847225195],[112.717518149537497,-7.460565431999734],[112.717545845893596,-7.460296880621954],[112.717555629721929,-7.460221065517989],[112.717557936766568,-7.460014623048618],[112.717556975605817,-7.459989594600371],[112.717558180452528,-7.459960817070446],[112.717557704419747,-7.459918238728998],[112.71756465,-7.45955506999997],[112.71756405,-7.45948458],[112.717563275,-7.45939367799997],[112.71756145,-7.45917972999995],[112.717565357,-7.45905365499992],[112.71756541,-7.45905192999995],[112.71756766,-7.45897933999993],[112.717573449,-7.45879273399993],[112.71757353,-7.45879010999996],[112.71757428,-7.45876589999993],[112.71757549,-7.45859409999997],[112.71757593,-7.45853106999994],[112.71757748,-7.45831174099995],[112.71757749,-7.45831035999996],[112.717573324,-7.45820161599997],[112.71757252,-7.45818062999995],[112.71756701,-7.45803655],[112.717568902049379,-7.457977107264681],[112.717569604,-7.45795505400002],[112.71756961,-7.45795486],[112.717570105,-7.45795471699994],[112.718275428429948,-7.457751154924935],[112.718452866,-7.45769994499994],[112.71861445,-7.45765330999997],[112.71863333,-7.45765330999997],[112.71894451,-7.45765491000001],[112.71895895,-7.45765342999995],[112.71897877,-7.45765139199993],[112.71913062,-7.45763577999996],[112.71928777,-7.45761962999997],[112.71932971,-7.45761393999992],[112.719336857,-7.45761297400001],[112.71934628,-7.45761169999995],[112.71972567,-7.45756027999995],[112.71996831,-7.45758102999996],[112.71998401,-7.45758102999996],[112.720060142,-7.45760164299997],[112.720043274491914,-7.457747424256279],[112.720039939,-7.457776252],[112.720001596,-7.45798522099996],[112.719970922,-7.45813284199993],[112.719960299,-7.45838628199998],[112.720052583369679,-7.458421377140292],[112.720145122297538,-7.458439000413436],[112.720280961600452,-7.458492566163849],[112.720412959624312,-7.458521977930837],[112.720487815275476,-7.458551153971018],[112.720598628940721,-7.458604912053343],[112.720717567687728,-7.458647472030684],[112.720770280805397,-7.458480590634996],[112.720783958769843,-7.458436137250558],[112.72090613184254,-7.458084875492278],[112.72105787625101,-7.458129849513794],[112.720928189,-7.4585695369999],[112.720875467,-7.45876508599992],[112.720811243,-7.45899418599987],[112.720783072,-7.45911598199998],[112.720802966,-7.45910771299997],[112.720868149,-7.45907224599997],[112.721216874872354,-7.459003663274197],[112.721265958,-7.45899460199991],[112.721627341,-7.45893900399991],[112.721735105,-7.45893931399994],[112.721960925,-7.458939963],[112.722357775,-7.45886902799997],[112.722499863,-7.458789418],[112.722667298630896,-7.45876092962552],[112.72328733,-7.45864633999998],[112.72330136,-7.45865141999997],[112.72348089,-7.45871524999996],[112.723486818,-7.45871735799997],[112.72364272,-7.45877278999996],[112.72383953,-7.45881990999992],[112.72390675,-7.45884821999993],[112.723921024,-7.45885261099995],[112.72399016,-7.45887387999991],[112.724110777067978,-7.458901268302778],[112.72421152,-7.45891878999992],[112.72427818,-7.45891960999994],[112.72439267,-7.45893265999994],[112.72441389,-7.45894070999997],[112.72441795,-7.45894224999993],[112.72444811,-7.45894685999998],[112.72450909,-7.45895259999994],[112.72453752620747,-7.458958115412995],[112.724566,-7.45896289999997],[112.724588725,-7.45897207499995],[112.72460771,-7.45897974],[112.72464219,-7.45903428],[112.724650946,-7.45904234399996],[112.7246518,-7.45904312999995],[112.72474669,-7.45908215999996],[112.7249104,-7.45908646999995],[112.72530285,-7.4591207],[112.72589152,-7.45917683999993],[112.72658125,-7.45924420999993],[112.72714907,-7.45860580999992],[112.727155761,-7.45859842899997],[112.726919375,-7.45834592599995],[112.727065158,-7.45818319299996],[112.727098405,-7.45805812099996],[112.727107904,-7.45799479399994],[112.727094773,-7.45794630999994],[112.72717113,-7.45788559999994],[112.727171183,-7.45788539899997],[112.727477329,-7.45760218199996],[112.727713139,-7.45732036099995],[112.727975789,-7.45703470599995],[112.72799616,-7.45701176999996],[112.728234604,-7.45674329899997],[112.728069422,-7.45654983099995],[112.728281102822564,-7.456299476445238],[112.728397255,-7.45616448399995],[112.72848161,-7.45605520600002],[112.728352819,-7.45595217399995],[112.728243976,-7.45584498599994],[112.728242495,-7.45583486899993],[112.728225463,-7.45571848299991],[112.728302599,-7.45557655199997],[112.728472299,-7.45537599799997],[112.728645084,-7.45509830699995],[112.728686807334213,-7.454775965218633],[112.728752447144927,-7.454479781830984],[112.72876913,-7.45439129999995],[112.728888569,-7.45440836199998],[112.72896976,-7.45441995999996],[112.72913836,-7.45444403999994],[112.729162413,-7.45444747599994],[112.72925,-7.45445998999998],[112.72936892,-7.45445541999993],[112.72942187,-7.45445337999998],[112.72951,-7.45444998999996],[112.72951196,-7.45444998999996],[112.72951755,-7.45444998999996],[112.72955049,-7.45444998999996],[112.72972346,-7.45442936999995],[112.729727826,-7.45442885099995],[112.72974423,-7.45442689999995],[112.72976402,-7.45442453999996],[112.730002978,-7.4544277389999],[112.73000302,-7.45442773999993],[112.730177865,-7.45448078699996],[112.73020187,-7.45448807],[112.730259728,-7.45450562099997],[112.73026134,-7.45450610999997],[112.73028854,-7.45451435999992],[112.73042327,-7.45460418999993],[112.730445044,-7.45467433299993],[112.73044815,-7.45468433999997],[112.73044824,-7.45468462999998],[112.730450839,-7.454693005],[112.73048102,-7.45479025],[112.73055159,-7.45505025999997],[112.73060292,-7.45523937999996],[112.730624374,-7.45530247599992],[112.73062514,-7.45530473],[112.730712,-7.45556017999995],[112.73081929,-7.45577043],[112.73078904,-7.45593921999993],[112.73078435,-7.45596191999994],[112.73078561,-7.45596367],[112.73065671,-7.45689600999997],[112.73054122,-7.45787445999997],[112.73051929,-7.45799652999996],[112.73049647,-7.45812356999992],[112.7304962,-7.45812507999993],[112.730495402,-7.45812952299997],[112.730490787,-7.45815521599996],[112.73044498,-7.45841020999996],[112.73042808,-7.45854448999995],[112.730423,-7.45858487699996],[112.73038081,-7.45892027999998],[112.73026533,-7.45981371999997],[112.73026206,-7.459831],[112.7302646,-7.45983130999995],[112.730262812,-7.45985060999994],[112.73016703,-7.46088457999998],[112.730165399,-7.46090218799994],[112.730134151,-7.46123951499993],[112.730032289,-7.46233912699994],[112.73003182,-7.46234418999998],[112.73002875,-7.46234350999993],[112.730028734,-7.46234404499995],[112.73002829,-7.46235920999994],[112.729985665,-7.462775698],[112.72996368,-7.46299051999997],[112.72991608,-7.46345562999994],[112.72985445,-7.46405788999996],[112.72974303,-7.46400947999996],[112.72951365,-7.46386350999994],[112.72941023,-7.46381524999997],[112.72938132,-7.46380176000001],[112.72936644,-7.46379533999993],[112.72925861,-7.4637488299999],[112.72913911,-7.46371834999998],[112.72898593,-7.46369909999992],[112.72889399,-7.463700805],[112.728856,-7.46370150999997],[112.72875821,-7.46370150999997],[112.728731,-7.46369813999994],[112.72871326,-7.46369786999997],[112.72862342,-7.46369645999995],[112.72853939,-7.46369185000001],[112.72846775,-7.46368792999992],[112.7282877,-7.46368862999997],[112.72813214,-7.46370751999995],[112.72809711,-7.46371932999992],[112.72809361,-7.46371851999992],[112.72803424,-7.46372581999995],[112.727842,-7.46369951999998],[112.727814499,-7.46367889399991],[112.72770999,-7.46360050999993],[112.727700098,-7.46359308999996],[112.72767518,-7.4635744],[112.72754045,-7.46338833999997],[112.72751335,-7.46335747999994],[112.72742496,-7.46325681],[112.72738128,-7.46323132999993],[112.72719398,-7.46312206999994],[112.72617062,-7.46268899],[112.726053302,-7.46264525899997],[112.72597859,-7.46261740999995],[112.725889034,-7.46258403299992],[112.72588822,-7.46258372999995],[112.72546485,-7.46242592999992],[112.7253882,-7.46239350999998],[112.725386419,-7.46239275699994],[112.72473662,-7.46211795999996],[112.72463717,-7.46206982999994],[112.72438695,-7.46201850999994],[112.7241271,-7.46200246999997],[112.72404048,-7.46196396999991],[112.72397311,-7.46192867999996],[112.72386871,-7.46184558999996],[112.72381592,-7.46180357],[112.72371401,-7.46169666999998],[112.72345786,-7.46142797899991],[112.72335717,-7.46132235999992],[112.723282204122768,-7.461260195353932],[112.723264028,-7.46124512299996],[112.72322564,-7.46121328999994],[112.72319971,-7.46119959999995],[112.72311015,-7.46115233999995],[112.72290244,-7.46109510999994],[112.72248137,-7.46097909999993],[112.7223338,-7.46097588999996],[112.722259373,-7.46101310799998],[112.72224569,-7.46101994999997],[112.72222473,-7.46103042999993],[112.72203546,-7.46119403999994],[112.72194242,-7.46122932999996],[112.72186967,-7.46121921999997],[112.72182694,-7.46121328999994],[112.72172107,-7.46115553999993],[112.72147764,-7.46098779999991],[112.721436196,-7.46095924500001],[112.72133931,-7.46089248999993],[112.721325912379584,-7.460889299711459],[112.72127195,-7.46087644999995],[112.72114042,-7.46088927999993],[112.72110683,-7.46091012999992],[112.72104738,-7.46094701999995],[112.72077791,-7.46130631999998],[112.72048598,-7.46145709999998],[112.72039294,-7.4615373],[112.72030544,-7.46166105999994],[112.72014789,-7.46163082999996],[112.72014263,-7.46163004999993],[112.72013654,-7.46162915999997],[112.72008668,-7.46162842999997],[112.720077409,-7.461628294],[112.71975892,-7.46162360999996],[112.7195119,-7.46163322999997],[112.71938999,-7.46164926999997],[112.719238272729186,-7.46169957335729],[112.719200947959521,-7.461732558037459],[112.719175265,-7.46177888399992],[112.71915581,-7.46182891999998],[112.719138851548848,-7.461884706617124],[112.719091034366699,-7.462050126600133],[112.718971481728289,-7.462036826717756],[112.718923772862738,-7.46198152586011],[112.718843277808674,-7.461927617155378],[112.718830451346946,-7.461846964294422],[112.718784134634319,-7.461824449625304],[112.718559440279094,-7.461779227980084],[112.718389615846817,-7.461748038072012],[112.718300920252759,-7.461731046972103],[112.718201821846492,-7.461743679848631],[112.71798618447113,-7.461838429295658],[112.717895561010891,-7.46193275451576],[112.717801730296131,-7.461950108828309],[112.717780573279825,-7.462094537492962],[112.717694635477301,-7.462135305400414],[112.71765279,-7.46217134999993],[112.717643951277125,-7.462260108480295],[112.71754212,-7.46226439],[112.717537471713996,-7.462324642652946],[112.717529667608432,-7.462365145418571],[112.717369285404672,-7.462344988382955],[112.717291750440936,-7.462330852931419],[112.717320697947883,-7.462096020254841],[112.717349846645192,-7.461860175267646],[112.71734973664519,-7.461860145267647],[112.717405365602417,-7.461476405336912],[112.717441139629486,-7.461187554888966],[112.717465058909383,-7.461034204821253],[112.71747637927146,-7.460880802779805],[112.71749912583374,-7.460716847225195]]]]}},
{"type":"Feature","properties":{"kdkab":"15","kdkec":"110","nmkab":"SIDOARJO","nmkec":"SIDOARJO","kddesa":"016","kdprov":"35","nmdesa":"KEMIRI","nmprov":"JAWA TIMUR","iddesa":"3515110016"},"geometry":{"type":"MultiPolygon","coordinates":[[[[112.73051518,-7.44492988999995],[112.73051259,-7.44493843999991],[112.73049334,-7.44499577999993],[112.73041475,-7.44533743999994],[112.7303554,-7.44532459999995],[112.730080346,-7.44524079699994],[112.72994477,-7.44519948999994],[112.729738685065769,-7.445127591043618],[112.729603776686744,-7.445081625002999],[112.729488786788977,-7.445048789299297],[112.729438863280848,-7.445001148314959],[112.72916899331166,-7.44491226138722],[112.729056564422905,-7.444875477265306],[112.728528599036892,-7.444693187215748],[112.727935293141968,-7.444508623336976],[112.72706591,-7.44422492999998],[112.72707714,-7.44409375000001],[112.72711884,-7.44346015999996],[112.72716851,-7.44304661999996],[112.7271727,-7.44301652999994],[112.72718105,-7.44285658999995],[112.72726349,-7.44212275999997],[112.72726378,-7.44212018199996],[112.72727206,-7.44204644999998],[112.72727717,-7.44200098999992],[112.72732804,-7.44176831999991],[112.72745636,-7.44131919999994],[112.72755836,-7.44102094999994],[112.72755846,-7.44102055],[112.72757099,-7.44097787199996],[112.72757102,-7.44097776999995],[112.72751769,-7.44094447999994],[112.72742325,-7.44088392999995],[112.72728691,-7.44075560999993],[112.72703989,-7.44039149999996],[112.72698696,-7.44027561],[112.72698692,-7.44027561999994],[112.72698608,-7.44027363000002],[112.72691937,-7.44013447999993],[112.72671245,-7.43958831999993],[112.72661781,-7.43933968999993],[112.726590809148362,-7.439273286557583],[112.72655846,-7.43919372999996],[112.726537,-7.43916224199998],[112.72640879,-7.43904022],[112.72634302,-7.43901053999997],[112.72628819,-7.43898509999995],[112.726287746,-7.43898489399993],[112.72626523,-7.43897444999997],[112.72611766,-7.43893354999995],[112.72603432,-7.43891108999997],[112.726008738,-7.43890419399996],[112.726166782,-7.43841030499991],[112.726354533,-7.43782358399993],[112.726569729,-7.43717644699993],[112.726840659300279,-7.436364496665416],[112.727209454,-7.43527781999993],[112.727507036,-7.43435138499994],[112.72766678,-7.43441128999996],[112.72769,-7.43442],[112.72775,-7.43444],[112.727857024,-7.43446918999995],[112.72786388,-7.43447105999997],[112.72797,-7.4345],[112.72801893,-7.43451652999995],[112.728225685,-7.43458637799996],[112.728848847,-7.43479628099995],[112.729174697,-7.43490296099998],[112.72934315,-7.43495797],[112.72938,-7.43497],[112.72941765,-7.43498441999998],[112.729535596,-7.43502959099994],[112.7296139,-7.43505958],[112.729620068,-7.43506194199993],[112.72985,-7.43515],[112.72991,-7.43517],[112.72999027,-7.43520489999997],[112.73014,-7.43527],[112.73023535,-7.43530178],[112.73037159,-7.43534719999997],[112.73038,-7.43535],[112.730381975,-7.43535056400001],[112.73041232,-7.43535922999998],[112.73045,-7.43537],[112.73059,-7.43541],[112.73061488,-7.435417655],[112.73085,-7.43549],[112.73085577,-7.43549169999995],[112.73092673,-7.43551257],[112.73098919,-7.43553094000002],[112.73102,-7.43554],[112.73108947,-7.43556252999998],[112.7311404,-7.43557904999993],[112.731160625,-7.43558560899991],[112.73139,-7.43566],[112.73155385,-7.43569389999994],[112.731669377,-7.435774372],[112.731720785493025,-7.435810181876493],[112.73173043,-7.43581689999996],[112.73190412,-7.43601237],[112.73196991,-7.43607208999994],[112.732139627416061,-7.436226165723802],[112.73218811,-7.43627017999994],[112.73227283,-7.43633169000001],[112.73231249,-7.43636048299996],[112.73237038,-7.43640250999994],[112.732431477,-7.436446868],[112.73245444,-7.43646353999995],[112.73254283,-7.43652770999996],[112.7325981,-7.43659025999992],[112.73261435,-7.43672358],[112.73263829,-7.43674728999996],[112.73262558,-7.43681000999992],[112.732779373247638,-7.436865374619891],[112.73282,-7.43688],[112.73322646,-7.43699582999995],[112.7333422,-7.43701106999995],[112.73347976,-7.43705012999995],[112.73366913,-7.43710389999996],[112.733863537294681,-7.437066937378594],[112.734111249,-7.43701983999994],[112.73413255,-7.43701579],[112.73417234,-7.43699716],[112.73430243,-7.43693625],[112.7344579,-7.43697510999994],[112.73467497,-7.43702935999997],[112.73479879,-7.43707294999995],[112.73498765,-7.43713944999995],[112.73499288,-7.43714251999996],[112.735120875,-7.43720887399998],[112.73664932,-7.43800123999994],[112.7366544,-7.43800386999995],[112.736683163,-7.43795718199995],[112.73669785,-7.43793335],[112.73678528,-7.43797828999994],[112.73715267,-7.43740923999994],[112.737189533008717,-7.437424884591253],[112.73748745,-7.43755131999997],[112.73760345,-7.43770061999991],[112.737852787,-7.43779838899998],[112.73936818,-7.43839259999994],[112.7395685,-7.43846092999997],[112.73969569,-7.43852186999995],[112.7399578,-7.43864756999997],[112.74024684,-7.43877698999995],[112.74053945,-7.43883344999994],[112.74079061,-7.43884268999995],[112.74091,-7.43888],[112.74114,-7.43895],[112.74129456,-7.43910312],[112.74121075,-7.43931465999996],[112.74153433,-7.43942090999997],[112.74181,-7.43953],[112.74224,-7.43965],[112.74236,-7.43961],[112.74238199,-7.43960153999994],[112.74232272,-7.43986473999996],[112.74230873,-7.43998015999991],[112.74239627,-7.44019611999991],[112.74245906,-7.44024394999998],[112.74251371,-7.44022264999994],[112.74252,-7.44023],[112.74267372,-7.44023047999996],[112.74286197,-7.4401277499999],[112.74317017,-7.44009693999991],[112.7432242,-7.44009672999994],[112.74342731,-7.44031223999998],[112.74365868,-7.44036420999994],[112.74369038,-7.44031569999992],[112.74381,-7.44036],[112.74403921,-7.44000448999996],[112.74416784,-7.44003052999995],[112.7443753,-7.44012584999994],[112.74490588,-7.44034006999993],[112.74587156,-7.44097558999992],[112.74592191,-7.44092377999994],[112.74598584,-7.44096279999995],[112.74615802,-7.44077381999992],[112.74635512,-7.44092211999994],[112.74631641,-7.44107133999996],[112.74664834,-7.44152509],[112.74680654,-7.44177554],[112.74686197,-7.44187730999995],[112.74690956,-7.44198696999993],[112.74727946,-7.44210319999998],[112.74743695,-7.44217318999996],[112.74760214,-7.44220391999995],[112.74783,-7.44205],[112.74795,-7.4419],[112.74798,-7.44175],[112.74796,-7.4415],[112.74788,-7.441],[112.74783,-7.44077],[112.74788,-7.44048],[112.74792,-7.44039],[112.74835,-7.44011],[112.748531931869692,-7.44002683114528],[112.7487,-7.43995],[112.74906,-7.43984],[112.74933602,-7.43980460999997],[112.7495763,-7.44010534999992],[112.74972667,-7.44037875],[112.74990133,-7.44070493],[112.75012474,-7.44117993000002],[112.75025565,-7.44140052999996],[112.75037195,-7.44158272999994],[112.75062777,-7.44173072999994],[112.75095183,-7.44179221],[112.75111,-7.44186],[112.75178,-7.44185],[112.75205,-7.44187],[112.75274,-7.44208],[112.75321,-7.44231],[112.75361,-7.44252],[112.75382,-7.44258],[112.75428,-7.44264],[112.7549,-7.44289],[112.75516,-7.44302],[112.75543,-7.44316],[112.75570036,-7.44332577999996],[112.75588367,-7.44340195999996],[112.75596642,-7.44340405999995],[112.75607,-7.44342],[112.75617,-7.44344],[112.75633,-7.44344],[112.75692,-7.44311],[112.75723,-7.44294],[112.75756,-7.44277],[112.75783,-7.44257],[112.75798,-7.44246],[112.75822,-7.44237],[112.75872,-7.44245],[112.75905114,-7.44245],[112.75923746,-7.44239423999992],[112.75930862,-7.44237293999992],[112.76015374,-7.44341012999994],[112.76048873,-7.44384175999995],[112.76072995,-7.44438745999995],[112.7608,-7.44444],[112.7609,-7.4445],[112.76098,-7.44454],[112.76104,-7.44457],[112.76111,-7.4446],[112.76119,-7.44464],[112.76126,-7.44467],[112.76133,-7.4447],[112.76142,-7.44473],[112.76148,-7.44476],[112.76154,-7.44478],[112.7616,-7.4448],[112.76167,-7.44483],[112.76175,-7.44485],[112.76182,-7.44486],[112.76191,-7.44486],[112.76198,-7.44486],[112.76207,-7.44486],[112.76218,-7.44486],[112.76229,-7.44486],[112.76239,-7.44486],[112.76247,-7.44485],[112.76253,-7.44486],[112.76261,-7.44486],[112.7627,-7.44487],[112.76276,-7.44488],[112.76282,-7.44491],[112.76292,-7.44495],[112.76299,-7.44499],[112.76305,-7.44502],[112.76311,-7.44504],[112.76317,-7.44507],[112.76323,-7.4451],[112.76329,-7.44513],[112.76355324,-7.44530385999996],[112.76391034,-7.44548509999993],[112.76415136,-7.44554182],[112.76432494,-7.445594],[112.76443595,-7.44565604999997],[112.76489425,-7.44585610999994],[112.76503418,-7.44592284999994],[112.7652369,-7.44603740999998],[112.76548803,-7.44621425999998],[112.76603366,-7.44657259999995],[112.76635772,-7.44692220999996],[112.76657,-7.44702],[112.76664,-7.44708998999996],[112.76657,-7.44713998999993],[112.76642,-7.44722998999993],[112.76631,-7.44730998999994],[112.76623,-7.44735998999992],[112.76617,-7.44739998999991],[112.7661,-7.44744998999994],[112.76603,-7.44751998999992],[112.76598,-7.44755998999993],[112.76593,-7.44760998999994],[112.76587,-7.44766999],[112.76581,-7.44771998999997],[112.76576,-7.44776998999992],[112.76571,-7.44781999000001],[112.76564,-7.44788998999998],[112.76556,-7.44796998999994],[112.76549,-7.44804998999995],[112.76544,-7.44810998999997],[112.7654,-7.44817998999997],[112.76535,-7.44825998999994],[112.7653,-7.44834998999994],[112.76525,-7.44841998999994],[112.76521,-7.44847998999995],[112.76518,-7.44853998999997],[112.76515,-7.44859998999994],[112.76511,-7.44866998999991],[112.76507,-7.44872998999992],[112.76504,-7.4487999899999],[112.765,-7.44886998999993],[112.76496,-7.44893998999991],[112.76492,-7.44900998999995],[112.76488,-7.44907998999998],[112.76485,-7.44913998999996],[112.76481,-7.44920998999991],[112.76477,-7.44926998999996],[112.76474,-7.44932998999995],[112.76471,-7.44937998999993],[112.76468,-7.44943998999998],[112.76465,-7.44948998999998],[112.76462,-7.44953998999995],[112.76459,-7.44960998999996],[112.76454,-7.44969998999992],[112.76451,-7.44976998999993],[112.76448,-7.44983998999992],[112.76445,-7.44992998999993],[112.76443,-7.44998998999995],[112.76441,-7.45004998999997],[112.76439,-7.45010998999994],[112.76437,-7.45016998999995],[112.76435,-7.45022998999997],[112.76433,-7.45028998999993],[112.76431,-7.45034998999995],[112.76428,-7.45042998999997],[112.76425,-7.45052998999996],[112.76422,-7.45060999],[112.7642,-7.45066998999994],[112.76418,-7.45072998999995],[112.76416,-7.45078998999994],[112.76413,-7.45086998999996],[112.7641,-7.45094998999998],[112.76407,-7.45101998999995],[112.76403,-7.45108998999996],[112.76399,-7.45117998999994],[112.76396,-7.45123998999998],[112.76393,-7.45129998999995],[112.7639,-7.45135998999995],[112.76386,-7.45141998999995],[112.76383,-7.45146998999997],[112.76379,-7.45153998999993],[112.76374,-7.45161998999994],[112.76369,-7.45168998999998],[112.76364,-7.45174998999995],[112.76358,-7.45181998999992],[112.76351,-7.45189998999996],[112.76343,-7.45197998999994],[112.76335,-7.45205998999996],[112.76326,-7.45213998999997],[112.76317,-7.45221998999996],[112.7631,-7.45226998999993],[112.76304,-7.45231998999998],[112.76295,-7.45238998999995],[112.76287,-7.45244998999992],[112.76279,-7.45250998999997],[112.76273,-7.45254998999994],[112.76266,-7.45258998999995],[112.76257,-7.45264998999993],[112.76249,-7.45268998999993],[112.76243,-7.45271998999993],[112.76238,-7.45274998999998],[112.7623,-7.45278998999992],[112.76219,-7.45283998999997],[112.76209,-7.45288998999995],[112.76199,-7.45292998999996],[112.76191,-7.45295998999995],[112.76184,-7.45298998999994],[112.76177,-7.45301999],[112.7617,-7.45303999],[112.76161,-7.45306998999996],[112.76154,-7.45308999000001],[112.76147,-7.45309998999996],[112.76139,-7.45311998999993],[112.7613,-7.45312998999996],[112.76122,-7.45313998999996],[112.76116,-7.45313998999996],[112.76110303,-7.45313998999996],[112.7608779,-7.45320337999993],[112.7603491,-7.45317030999997],[112.75948452,-7.45289231999997],[112.75883062,-7.45242002],[112.75861712,-7.45191078999994],[112.75858012,-7.45147122],[112.7587529,-7.45060866999998],[112.7586443,-7.44988795999995],[112.75860772,-7.44955390999996],[112.75839409,-7.44900950999992],[112.75839198,-7.44848184999993],[112.75838995,-7.44797177999993],[112.75851049,-7.44726773999995],[112.75852601,-7.44674000999995],[112.75848909,-7.44631802000001],[112.7584342,-7.44618260999992],[112.75843,-7.44617998999995],[112.75837,-7.44613998999994],[112.75831,-7.44609998999997],[112.75825,-7.44607998999994],[112.75817,-7.44603998999998],[112.75808,-7.44601998999996],[112.75803972,-7.44601423999996],[112.7577473,-7.44589882999998],[112.75735963,-7.44590036999991],[112.75676106,-7.44604345999995],[112.75639157,-7.44618563999998],[112.75604026,-7.44646844999993],[112.75588286,-7.44676808999994],[112.75542743,-7.44745585999991],[112.7550594,-7.44796739999993],[112.7544802,-7.44855012999996],[112.75397092,-7.44899187999997],[112.75387206,-7.44943709999996],[112.75385146,-7.44943622999995],[112.75386393,-7.44947171999994],[112.75347046,-7.44942000999991],[112.75347,-7.44941998999996],[112.75334,-7.44933998999995],[112.7532,-7.44918998999997],[112.75292,-7.44874998999996],[112.7527,-7.44844998999998],[112.75244,-7.44821998999992],[112.75223,-7.44799998999997],[112.75187,-7.44757998999997],[112.75167,-7.44745998999995],[112.75137,-7.44733998999993],[112.75108,-7.44728998999995],[112.75071611,-7.44718991999993],[112.75020049,-7.44700990999998],[112.75018273,-7.44704633999993],[112.75003849,-7.4473422199999],[112.74984761,-7.44779908999992],[112.74964871,-7.44814555999995],[112.74935357,-7.44842144999995],[112.74913542,-7.44857542999994],[112.74853232,-7.44876790999996],[112.74827567,-7.44879357999994],[112.74820958,-7.44875659999995],[112.74780052,-7.44852771999993],[112.74719777,-7.44819046999994],[112.74720535,-7.44814904999993],[112.74729401,-7.44766435],[112.74742875,-7.44761943999992],[112.74748649,-7.44749752999998],[112.74781371,-7.44674043999994],[112.74789712,-7.44602824999991],[112.74811527,-7.44555987999995],[112.74797412,-7.44541230999992],[112.74790226,-7.44536492000001],[112.74790596,-7.44535168999996],[112.7478015,-7.44527714999994],[112.74776025,-7.44524744999996],[112.74769021,-7.44520378999995],[112.74766542,-7.44520593999994],[112.74677752,-7.44544438999997],[112.74658311,-7.44538655999996],[112.74637836,-7.44532565999998],[112.74615195,-7.4452583199999],[112.74586964,-7.44525511999995],[112.74554243,-7.44530323999991],[112.74438593,-7.44579566999991],[112.74381971,-7.44617260999996],[112.74355986,-7.44615496999995],[112.74351154,-7.44614365999998],[112.74347717,-7.44615882999995],[112.74333933,-7.44614218999995],[112.74309089,-7.44602970999995],[112.7429804,-7.44596139],[112.74282148,-7.44583824999995],[112.74258669,-7.44569477999995],[112.74239571,-7.44560277999995],[112.74231514,-7.44560478999995],[112.74186281,-7.44572990999993],[112.74162437,-7.44579458999995],[112.74162504,-7.44579277999997],[112.741604296,-7.44579859600001],[112.7413679,-7.44586486999996],[112.74128178,-7.44588902],[112.74078774,-7.44588259999995],[112.74033825,-7.44583895999994],[112.74025719,-7.44583108999998],[112.74025724,-7.44583093999996],[112.7400798,-7.44581258999997],[112.74007964,-7.44581267999998],[112.73977167,-7.44578861999996],[112.73933698,-7.44571963999994],[112.73898203,-7.44563127999993],[112.73896325,-7.44562660999998],[112.73846761,-7.4453731699999],[112.73832025,-7.44530042],[112.7378276,-7.44505717999995],[112.73774588,-7.44503881999998],[112.73719241,-7.44491442999992],[112.73704484,-7.44481497999992],[112.73686519,-7.44464173999992],[112.73672243,-7.44444444999993],[112.73662459,-7.44423592999994],[112.7365075,-7.44400976],[112.73629256,-7.44372744999994],[112.73621877,-7.44364243999997],[112.73611291,-7.44356704999996],[112.73605837,-7.44353817999995],[112.73595571,-7.44352052999992],[112.73592363,-7.44350610000001],[112.73589203,-7.44350681999994],[112.735733336,-7.44350514099997],[112.73573321,-7.44350513999997],[112.73573323,-7.44350521999998],[112.73581947,-7.44384785999996],[112.73593175,-7.44426168999994],[112.73611461,-7.44494178999996],[112.73617241,-7.44514309999993],[112.73597601,-7.44519004999996],[112.73589753,-7.44520880999991],[112.73584139,-7.44522726000002],[112.73581974,-7.44525853999997],[112.7358045,-7.44528259999997],[112.73576279,-7.44542454999992],[112.735689971,-7.44568622999998],[112.73568981,-7.44568680999994],[112.73564971,-7.44578866999997],[112.73562244,-7.44582956999997],[112.73560239,-7.44584239999991],[112.73538665,-7.44589372999996],[112.73505703,-7.44597873999995],[112.7349271,-7.44601081999997],[112.73487064,-7.44604189999995],[112.73485051,-7.44600778999997],[112.73481255,-7.44594349999996],[112.7344741,-7.44577668999996],[112.73420463,-7.44561307999993],[112.73414485,-7.445586],[112.7340303,-7.44555011999996],[112.73401481,-7.44554105999993],[112.732075891,-7.44490437999998],[112.73197438,-7.44522838999996],[112.73180302,-7.44518840999994],[112.73158448,-7.44513742999993],[112.731519341,-7.44512685899997],[112.73143129,-7.44511256999991],[112.73134312,-7.44510417999992],[112.73105941,-7.44507718999994],[112.73105747,-7.44504405999992],[112.73083739,-7.44499771999996],[112.730515377,-7.44492993099991],[112.73051518,-7.44492988999995]]]]}},
{"type":"Feature","properties":{"kdkab":"15","kdkec":"110","nmkab":"SIDOARJO","nmkec":"SIDOARJO","kddesa":"014","kdprov":"35","nmdesa":"SIDOKLUMPUK","nmprov":"JAWA TIMUR","iddesa":"3515110014"},"geometry":{"type":"MultiPolygon","coordinates":[[[[112.720341126,-7.45454736899996],[112.720413506,-7.45460165500002],[112.720540172,-7.45471539599994],[112.720628063,-7.45480845599994],[112.720684981,-7.454852461],[112.72066873,-7.45488698000001],[112.72067802,-7.45507284999997],[112.72070048,-7.45527816000002],[112.72069455,-7.45530540999995],[112.7206684,-7.45542572999997],[112.720666462,-7.45542809899994],[112.720688084,-7.45548385999995],[112.720678585,-7.455540855],[112.720653254,-7.45560418199993],[112.720534939,-7.45579010499995],[112.719754474,-7.45563613599994],[112.71974037,-7.45556091999994],[112.71977887,-7.45537805999993],[112.71969867,-7.45515349999997],[112.71963415,-7.45506639999997],[112.71963377,-7.45506588999993],[112.71963351,-7.45506553999998],[112.71908633,-7.45554071999992],[112.718994962529138,-7.455543409216125],[112.718971786358125,-7.454461854568775],[112.7191075,-7.45446449999998],[112.71927738,-7.45446087999996],[112.71919725,-7.45378055999994],[112.71918132,-7.45364530999994],[112.7191769,-7.45363910999994],[112.71914419,-7.45347381999994],[112.719114996979329,-7.453332594189449],[112.719114549792252,-7.453242973618006],[112.71911274,-7.45312902999998],[112.719123761,-7.45307391499996],[112.71915765,-7.45290446999996],[112.719163033,-7.45289887999995],[112.71932447,-7.45273122999993],[112.719475748547794,-7.452575886129543],[112.71960678,-7.45244090999995],[112.719637735,-7.45235741899997],[112.71965971,-7.45229814999993],[112.71964649,-7.45224303999994],[112.71964543,-7.45224262999994],[112.71959177,-7.45215238000001],[112.719560359,-7.45209954599993],[112.719560469,-7.45209938499996],[112.719803257,-7.45169550899996],[112.719790429,-7.45162643399996],[112.719762094,-7.45147386299995],[112.719771593,-7.45115722599998],[112.719926745,-7.45072976599993],[112.720040735,-7.45046379099995],[112.720045646,-7.45040812699994],[112.720050234,-7.45035613399995],[112.720103322,-7.45010839199995],[112.720116728,-7.45004582899996],[112.719923857,-7.45000152099992],[112.719882416,-7.44999200099992],[112.719884449,-7.44998691799998],[112.71998374,-7.44973869099996],[112.720083865247773,-7.449487672786514],[112.720351097352193,-7.449577604749966],[112.720459523535311,-7.449363682821096],[112.720274465178477,-7.449302540318093],[112.720178264760193,-7.449267098058726],[112.719691748941287,-7.449085291269825],[112.719726914189863,-7.44899444771099],[112.719682073129064,-7.448973433623979],[112.719884600325443,-7.448396231114303],[112.719534115,-7.44826316099993],[112.719880198,-7.44726623599998],[112.719958409,-7.44704094199997],[112.720128064,-7.44643943899996],[112.720274324,-7.446487689],[112.720329363,-7.446227784],[112.720423919,-7.44591013400001],[112.72042721,-7.44589907999995],[112.720459271245176,-7.44580514879565],[112.720506105659339,-7.445700087812529],[112.720577038,-7.44557037599997],[112.720702404,-7.44553521199997],[112.720794135,-7.44548628799994],[112.720804837,-7.44543124899997],[112.720873636,-7.44505820899996],[112.721172559,-7.44508480799997],[112.72117632,-7.44507152999995],[112.72118065,-7.44505624499994],[112.72127328,-7.44472922999994],[112.72125276,-7.44470078999993],[112.72125355,-7.44469758999995],[112.72131707,-7.44443971999995],[112.72130836,-7.44430118999998],[112.72129965,-7.44416265999997],[112.72134992,-7.44388699099993],[112.72166874,-7.44378565999996],[112.72199896,-7.44368658999997],[112.72218246,-7.44363153999996],[112.72221411,-7.44362204999994],[112.72264979,-7.44356131999994],[112.72277128,-7.44358178999997],[112.72282029,-7.44359533999992],[112.72309992,-7.44364088999992],[112.723177703,-7.44366413300001],[112.723322654,-7.44370744799993],[112.72343587,-7.44374127999992],[112.72352112,-7.44376674999995],[112.723846248,-7.44386390199998],[112.72390514,-7.4438815],[112.72425082,-7.44399833999993],[112.72436068,-7.44403547999997],[112.72461988,-7.44418019999992],[112.72474565,-7.44425041999991],[112.72496379,-7.44445253],[112.72527497,-7.44466426099995],[112.72527432,-7.44466571999996],[112.72524543,-7.44473048],[112.72507607,-7.44511016999996],[112.724805247,-7.44580928099995],[112.7248051,-7.44580965999997],[112.72486835,-7.44583478999994],[112.72546826,-7.44604972999998],[112.725715884,-7.44615020999993],[112.725755566,-7.44616631799996],[112.725757719,-7.44616692399998],[112.726108593,-7.44632356099991],[112.726379318,-7.44642488499997],[112.726724759,-7.44656512799997],[112.726749783,-7.446575287],[112.726749746,-7.44657539199995],[112.726750196,-7.44657539899992],[112.726889485,-7.44661702499996],[112.726798588,-7.446902935],[112.726838252,-7.44708968599997],[112.726867299,-7.447550473],[112.726910385,-7.44758451199995],[112.72692456,-7.44759570999998],[112.72701923,-7.44764073999993],[112.72704004,-7.44766420999997],[112.727113808,-7.44774738699994],[112.726825785,-7.44840198399994],[112.726765624,-7.44855397000001],[112.727159518,-7.44869495799998],[112.72760644,-7.44885492599994],[112.727623711,-7.44886110800001],[112.728169046,-7.44907798499998],[112.728532237,-7.44922242399995],[112.728531019,-7.44922559399994],[112.72851589,-7.44926497999994],[112.72842164,-7.44953057999989],[112.728420227,-7.44953456199991],[112.72840508,-7.44957725999995],[112.72837474,-7.4496627799999],[112.72832822,-7.44970287999997],[112.728295089093507,-7.449740809727779],[112.728412971556182,-7.449786647848203],[112.728400934478074,-7.449826126324375],[112.728358103777111,-7.449966862299681],[112.728292976551771,-7.450195532330043],[112.728229696782677,-7.45033018766422],[112.728145491270155,-7.450507195495426],[112.728087865066342,-7.450686854832871],[112.727921150379828,-7.451120514542376],[112.727821934727686,-7.451328306921406],[112.72767889572097,-7.451633369511979],[112.727605146334625,-7.451800487824907],[112.72753991,-7.45195408999996],[112.72733459,-7.45225564],[112.72722147,-7.4523365599999],[112.72722122,-7.45233722999994],[112.72677329,-7.45260897999997],[112.72660005,-7.45254801999994],[112.72654254,-7.45254559999994],[112.72629529,-7.45253518999992],[112.726208848,-7.45255619499994],[112.72595203,-7.45261859999995],[112.725937527,-7.45262495099994],[112.72592794,-7.45262914999996],[112.72556386,-7.45278862999995],[112.72545842,-7.45284415999991],[112.72472335,-7.45323132999994],[112.724723284,-7.45323129999998],[112.724717977,-7.45323412699998],[112.724477762,-7.45336209199997],[112.724294813,-7.453430698],[112.72414045,-7.45345642499994],[112.723946066,-7.45341640499989],[112.723805996,-7.45338210199997],[112.72371738,-7.45343927399996],[112.723653626,-7.45352331299992],[112.723591603,-7.45360507099996],[112.723504969,-7.45371533199995],[112.723497269,-7.45372513199991],[112.723364345,-7.45382946999996],[112.72323428,-7.4539309489999],[112.723107788,-7.45402992799997],[112.723094384,-7.45403813699993],[112.72309411,-7.45403871],[112.72307202,-7.45405509999996],[112.72289878,-7.45417860999992],[112.72280575,-7.45420747999996],[112.72273196,-7.45420907999996],[112.72265337,-7.45419303999994],[112.72253467,-7.45414491999997],[112.72249157,-7.45412403999994],[112.72232936,-7.45404546999994],[112.72215612,-7.45396526999996],[112.722075915,-7.45393982299992],[112.72195642,-7.45390190999994],[112.721788968,-7.45384542299995],[112.721779634,-7.45384227399995],[112.721764386,-7.45383935899995],[112.721764244,-7.45383926799995],[112.721500507,-7.45376927899996],[112.721470924,-7.45389072399995],[112.72132869,-7.45392304999996],[112.72118112,-7.45406740999992],[112.72104349,-7.45411328],[112.720994312,-7.45419931999997],[112.720936326,-7.45419192899994],[112.720809014,-7.45416930999995],[112.720684933,-7.454169957],[112.720684509,-7.45417016099997],[112.720462621,-7.45427723499991],[112.720346296,-7.45443362899996],[112.720341126,-7.45454736899996]]]]}},
{"type":"Feature","properties":{"kdkab":"15","kdkec":"110","nmkab":"SIDOARJO","nmkec":"SIDOARJO","kddesa":"024","kdprov":"35","nmdesa":"SUMPUT","nmprov":"JAWA TIMUR","iddesa":"3515110024"},"geometry":{"type":"MultiPolygon","coordinates":[[[[112.68364908,-7.44018183999996],[112.68348225,-7.44046735899994],[112.6832614,-7.44039907999997],[112.68326133,-7.44039919999994],[112.68318188,-7.44037309999994],[112.68317052,-7.44006110000001],[112.68303578,-7.43945798999993],[112.683011229,-7.439341376],[112.682978077,-7.43918390699997],[112.68288179,-7.43872654999996],[112.68274385,-7.43820363999996],[112.68262194,-7.43796945999998],[112.682626364,-7.43779255799994],[112.68262656,-7.43778471999996],[112.68262836,-7.43771280999991],[112.68262773,-7.43771269999997],[112.68262924,-7.43768774999995],[112.68264208,-7.43762358999995],[112.68264208,-7.43747922999996],[112.682610214,-7.43701140099997],[112.6825715,-7.43644303999996],[112.68253458,-7.43610651999995],[112.68252439,-7.43601359999998],[112.682523478,-7.43600528699993],[112.68248809,-7.43568272999995],[112.68243676,-7.43547741999991],[112.68213521,-7.43467861999995],[112.68196541,-7.43425912999994],[112.68191706,-7.43413966999998],[112.681891135,-7.43408216099995],[112.68184912,-7.43398895999996],[112.68174062,-7.43374828999991],[112.681691964,-7.43356700899996],[112.68162933,-7.43333364999994],[112.6816292,-7.43333315999995],[112.68167485,-7.43331760999998],[112.68182884,-7.43322216999995],[112.68193551,-7.433154],[112.68207666,-7.4329936],[112.6821312,-7.43294867999998],[112.68213559,-7.43294790499998],[112.681952665,-7.43282818599992],[112.682154351,-7.43274614399996],[112.682240354,-7.43274614399996],[112.682381085,-7.43277741799996],[112.682492498,-7.43283605599993],[112.682619547,-7.43289860299997],[112.682750506,-7.43296896899995],[112.682932284,-7.43301197099993],[112.683123836,-7.43309601899992],[112.683271333,-7.4331912769999],[112.68349757,-7.43252554699996],[112.68350144,-7.43251415999993],[112.68351293,-7.43248034999991],[112.68357481,-7.43229825999995],[112.683623243,-7.43212895799998],[112.683632119852007,-7.432097927736588],[112.68373501,-7.43173826099998],[112.68394374,-7.43100861999996],[112.684004293,-7.43080228],[112.684005446,-7.43079834999998],[112.68401244,-7.43077451999991],[112.684103809,-7.43046319799992],[112.68445319,-7.42930266099996],[112.68445346,-7.42930178999993],[112.68479467,-7.42949419999994],[112.684892747,-7.42954097599992],[112.6852973,-7.42973391999996],[112.685306050138919,-7.429738093285209],[112.6854868,-7.42982429999992],[112.68548758,-7.42982305999993],[112.68558452,-7.429866083],[112.68563638,-7.42975124999995],[112.68568613,-7.42950770999991],[112.6859231,-7.42913135999993],[112.68630806,-7.42849616999998],[112.68640855,-7.42825907999997],[112.686417369,-7.42823827199993],[112.686665919,-7.42765184699993],[112.68671869,-7.42752733999991],[112.686847949,-7.42734998699996],[112.686895234,-7.42729363599995],[112.68691063,-7.42730904],[112.68734311,-7.42739088999993],[112.68758583,-7.42743682999998],[112.6878643,-7.42748832999998],[112.68795204,-7.42750358999994],[112.68801092,-7.42751279],[112.68801082,-7.42751296999995],[112.688039811,-7.42751752199998],[112.68807387,-7.42752286999993],[112.68809933,-7.42752686999998],[112.688104184,-7.42752763299996],[112.688937831,-7.42765859399998],[112.68936411,-7.42772555999997],[112.6900959,-7.42783927999993],[112.690325461781228,-7.427877132974412],[112.69153023,-7.42807578999998],[112.6915572,-7.42808017999992],[112.69190007,-7.428136],[112.69202296,-7.42816249999995],[112.69210328,-7.42817981000001],[112.6921562,-7.42819274999996],[112.69224789,-7.42818686999992],[112.69223264,-7.42835974],[112.692233400864993,-7.428538586944264],[112.69224048,-7.43020258999996],[112.692243242,-7.43020577699996],[112.69228172,-7.43025016999997],[112.692383146,-7.43028820099995],[112.69246483,-7.43031883],[112.69320106,-7.43032264999996],[112.69335747,-7.43039512999996],[112.69357793,-7.43037611999997],[112.69357819,-7.43037664999998],[112.69362076,-7.43037293999993],[112.69368332,-7.43037610999995],[112.69404594,-7.43039372999992],[112.6940814,-7.4303942],[112.69468983,-7.43046449999995],[112.694686973137223,-7.430488823634197],[112.69468353,-7.43051812999991],[112.69466223,-7.43053897999993],[112.69464712,-7.43056369999992],[112.69463033,-7.43060005999996],[112.694424200813643,-7.431744194007702],[112.694385021,-7.431961649],[112.694359717,-7.43210212099997],[112.69434911,-7.432161],[112.6942154,-7.43258048999996],[112.69418,-7.43271],[112.694175677,-7.4327404549999],[112.69416423,-7.43282108999992],[112.69415876,-7.43285964999993],[112.69409453,-7.43316249999996],[112.694040671036717,-7.433416475594551],[112.69397865,-7.43370893999996],[112.693958964442601,-7.433793869673621],[112.693901571,-7.43404148299992],[112.69378489,-7.434544885],[112.693724970519227,-7.434803398731064],[112.69371807,-7.43483316999993],[112.69371801,-7.43483339999998],[112.69367511,-7.43501851999995],[112.693590333441094,-7.435378299262455],[112.69358511,-7.43539998999995],[112.693532115,-7.43562461899994],[112.693387081,-7.436239364],[112.693457153,-7.43640692899992],[112.693398122,-7.43670731999993],[112.693363334,-7.43688434299997],[112.693248709,-7.43747061999992],[112.693224283,-7.437608616],[112.693119765,-7.43819909099997],[112.693073725,-7.43844],[112.69301041,-7.43844],[112.69301,-7.43844],[112.69278763,-7.43843998999995],[112.69266,-7.43843998999995],[112.69252203,-7.43843253999992],[112.69229,-7.43841998999996],[112.69195395,-7.43835464999995],[112.69193,-7.43834998999994],[112.69170095,-7.43829544999994],[112.691686719,-7.43829206199998],[112.69161992,-7.43827615899995],[112.69151,-7.43824998999998],[112.69148782,-7.43824628999994],[112.69137874,-7.43822810999996],[112.69109,-7.43817998999998],[112.691024343,-7.43816175599994],[112.6910146,-7.43815904999997],[112.69093768,-7.43813767999994],[112.69068462,-7.43804588999994],[112.690464984,-7.43798928399997],[112.69006226,-7.4378854899999],[112.689942586,-7.43785679799995],[112.68992512,-7.43785260999992],[112.68992502,-7.43785297999993],[112.689893259,-7.43784383399996],[112.68987953,-7.43783987999998],[112.68979532,-7.43781560999998],[112.68969278,-7.43779740999995],[112.68962633,-7.43778560999993],[112.68957397,-7.43777631999998],[112.68938791,-7.43769610999998],[112.68896124,-7.43758382999993],[112.6885859,-7.43750843999996],[112.68855999,-7.43750532199994],[112.68806619,-7.43744588999992],[112.68734278,-7.43735445999993],[112.687056539,-7.43730936699995],[112.68705427,-7.43730901],[112.687035459,-7.43730604699993],[112.68699403,-7.43729951999996],[112.6868076,-7.43727015999996],[112.6866707,-7.43724858999996],[112.68605796,-7.43717961999992],[112.68572433,-7.43716197999991],[112.68546929,-7.43729832000001],[112.6850747,-7.43751806999997],[112.684972036,-7.43756563499992],[112.68470059,-7.43769139999996],[112.684700398,-7.43769148899998],[112.68465926,-7.43771054999996],[112.68446473,-7.43777583999998],[112.68445277,-7.43782255999996],[112.68446281,-7.43782411999993],[112.684461885,-7.4378270469999],[112.68445229,-7.43785738999997],[112.68447588,-7.43792970999996],[112.68446119,-7.43803006999998],[112.68442623,-7.43808536999994],[112.68439637,-7.43816070999995],[112.684391616082394,-7.438194857516535],[112.68438659,-7.43823095999994],[112.68438686,-7.43830156999995],[112.68438687,-7.4383051],[112.68438687,-7.43830617999991],[112.68443811,-7.43836739999993],[112.6844766,-7.43855667],[112.6843964,-7.43883897999995],[112.68438357,-7.43894484000001],[112.68439961,-7.43903145999993],[112.684396835495022,-7.439174260573245],[112.68439319,-7.43936188999994],[112.684391507,-7.43936601299993],[112.684351062,-7.43946511299994],[112.68434024,-7.43949162999994],[112.68432903,-7.43951907999996],[112.68427352,-7.43955353299998],[112.684236,-7.43957681999994],[112.68415894,-7.43962242999993],[112.68415028,-7.43962755999994],[112.68396668,-7.4398032899999],[112.68380948,-7.43993803000001],[112.68364908,-7.44018183999996]]]]}},
{"type":"Feature","properties":{"kdkab":"15","kdkec":"110","nmkab":"SIDOARJO","nmkec":"SIDOARJO","kddesa":"004","kdprov":"35","nmdesa":"LEMAHPUTRO","nmprov":"JAWA TIMUR","iddesa":"3515110004"},"geometry":{"type":"MultiPolygon","coordinates":[[[[112.70988443,-7.457663],[112.70978812,-7.45766337999993],[112.7097319,-7.45766358999998],[112.70959632,-7.45766411999997],[112.70947204,-7.45766459999994],[112.70935906,-7.45766503999993],[112.70923478,-7.45766552000002],[112.70921239,-7.45766428999997],[112.70912977,-7.45780764999995],[112.70915543,-7.45798729999997],[112.70918431,-7.45814769999993],[112.70918752,-7.45826960999994],[112.70917789,-7.45835622999994],[112.70912977,-7.45842038999998],[112.709064404816345,-7.458448045404965],[112.70904636,-7.45845567999996],[112.70901142,-7.45846310999998],[112.70895317,-7.45847549999998],[112.70894609,-7.45847408],[112.70888219,-7.45846849],[112.70879846,-7.45846116999998],[112.708690597,-7.45845172999996],[112.70857541,-7.45844164999994],[112.70848386,-7.45842983999994],[112.70833,-7.45840998999996],[112.70786,-7.45833998999996],[112.70769246,-7.45829112899997],[112.70768725,-7.45828960999993],[112.707613186,-7.45826800899994],[112.70759625,-7.45826306999992],[112.70751387,-7.45823904],[112.70714,-7.45812999],[112.706736363,-7.45797526299994],[112.70654,-7.45789998999993],[112.7063781,-7.45786319999995],[112.7061,-7.45779999000001],[112.70604,-7.45777998999997],[112.7059916,-7.45776385999992],[112.706183362451497,-7.457129820024234],[112.70624226,-7.45693516999994],[112.706242675,-7.45693379899995],[112.70625136,-7.45690506999993],[112.70624469,-7.45689307],[112.70623106,-7.45687863],[112.70620619,-7.45686498999993],[112.70618294,-7.45684894999993],[112.70615888,-7.45682649999998],[112.70615567,-7.45676072999994],[112.7062102,-7.45657787999994],[112.70625748,-7.45640314],[112.706258455,-7.45639953899992],[112.70628399,-7.45630518999997],[112.706334944,-7.45612550899998],[112.70634494,-7.45609025999993],[112.70634612,-7.45608572],[112.70635056,-7.4560686],[112.70635136,-7.45606458999993],[112.70635216,-7.45605255999994],[112.70635216,-7.45604934999994],[112.70634334,-7.45604052999993],[112.7063281,-7.45602127999995],[112.70630965,-7.45600844999998],[112.70629602,-7.45599882999998],[112.70628319,-7.45599],[112.70626474,-7.45597877999994],[112.70626314,-7.45596914999993],[112.70643797,-7.45547270999997],[112.7065679,-7.45504924999994],[112.706578391,-7.45499681199993],[112.706608965925625,-7.454843936466296],[112.706731288,-7.454232318],[112.706838589,-7.45369580299997],[112.70683869,-7.45369529999992],[112.70683617,-7.45369464999996],[112.70681514,-7.45368791199996],[112.70669101,-7.45364813999992],[112.70660444,-7.45361619999994],[112.70664198,-7.4533930499999],[112.70586403,-7.45307063999994],[112.70582357,-7.45304351999995],[112.70580785,-7.45303297999994],[112.70578812,-7.45302413999994],[112.7057873,-7.45302376999994],[112.705746383,-7.45300543799994],[112.70573246,-7.45299919999997],[112.7055594,-7.45293352999998],[112.70555819,-7.45293306999998],[112.70555767,-7.45293258999994],[112.70555301,-7.45292825999994],[112.7055526,-7.45292984],[112.70552471,-7.45291468999996],[112.7053903,-7.45284167999993],[112.70535181,-7.45282077999996],[112.70512836,-7.45269940999997],[112.70490092,-7.45262958999996],[112.7044903,-7.45258146999994],[112.70441651,-7.45252693],[112.7044133,-7.45244351999995],[112.70440373,-7.45234461999993],[112.70431,-7.45229998999997],[112.70409197,-7.45219532999994],[112.704110774,-7.45199749899995],[112.70377936,-7.45197602999996],[112.70377887,-7.45197599799996],[112.70358995,-7.45196376999996],[112.7035884,-7.45196304999996],[112.70341931,-7.45195619999994],[112.70309049,-7.45192090999997],[112.70307427,-7.45191303999996],[112.7029095,-7.45186624999997],[112.70290955,-7.45186591],[112.702905814,-7.45186418199995],[112.70265018,-7.4517459799999],[112.702350401,-7.45164536899998],[112.702413824,-7.45135785299991],[112.702445814,-7.45118336399995],[112.702150489,-7.45105841899992],[112.70236819,-7.45042675],[112.70239374,-7.45035262999995],[112.70244633,-7.45018277999997],[112.702574379456308,-7.450206734551314],[112.702799066455142,-7.449537558054804],[112.703043291453866,-7.448731615559007],[112.703113190570321,-7.448547949809841],[112.702994354685302,-7.448498736682329],[112.702814299547853,-7.44844550605854],[112.702541626423354,-7.448349371559001],[112.70267757,-7.44790275999997],[112.70272228,-7.44774324],[112.70319857,-7.44783589999994],[112.7034811,-7.44789087],[112.7040393,-7.44801919],[112.70443068,-7.44814109000001],[112.704481076,-7.44815346099993],[112.70602507,-7.44853246999996],[112.70794456,-7.44892772999997],[112.70795675,-7.44892911999997],[112.7081311,-7.44894897999992],[112.708131677,-7.44894904499998],[112.70814,-7.44894998999996],[112.70851,-7.44898998999996],[112.70859,-7.44899998999998],[112.70875226,-7.44900736999997],[112.70881,-7.44900998999995],[112.70897,-7.44900998999995],[112.70900889,-7.44901776999992],[112.709014282,-7.44901787799997],[112.70903276,-7.44901824999994],[112.7091469,-7.44902054999993],[112.70914693,-7.44902047999991],[112.709355654,-7.44906439899996],[112.70951862,-7.44909869000001],[112.70975601,-7.44904735999995],[112.7097528,-7.44906576999996],[112.70966662,-7.44955914999997],[112.70962769,-7.449782],[112.70961706,-7.44981897999998],[112.7096158,-7.44981871999991],[112.709613189,-7.44982649299993],[112.709612533,-7.449828445],[112.70950354,-7.45015292999994],[112.70944338,-7.45038669],[112.70939673,-7.45056796999994],[112.709396796,-7.45056798599994],[112.70950595,-7.45059402999991],[112.70961983,-7.45066139999995],[112.70969041,-7.45069508999994],[112.70995828,-7.45046250999995],[112.71005452,-7.45044325999991],[112.71014355,-7.45042801999995],[112.71016295,-7.4504126599999],[112.71016354,-7.45041314000001],[112.71023498,-7.45037026999997],[112.7102831,-7.45040876999995],[112.71043337,-7.45054063999995],[112.71044029,-7.45054671999995],[112.71099121,-7.45066960999995],[112.71127438,-7.45073277999994],[112.71106906,-7.45109849999993],[112.71094716,-7.45134871999992],[112.71082663,-7.45171995999994],[112.71081582,-7.45181292999998],[112.71077411,-7.45196692000001],[112.71077267,-7.45197013999994],[112.71075378,-7.45201246999993],[112.71075204,-7.45201635999994],[112.71069391,-7.45214656999994],[112.71064258,-7.45239678999997],[112.71067466,-7.45264380999993],[112.71071232,-7.45281951999991],[112.710730518,-7.45290448],[112.71073137,-7.45290845999993],[112.71073241,-7.45291328999995],[112.710783813,-7.45295212599996],[112.71079086,-7.45295744999992],[112.71085312,-7.45300448999995],[112.71087677,-7.45302235999995],[112.71100188,-7.45303839999998],[112.71120472,-7.45295904999994],[112.71121134,-7.45295645999994],[112.71121209,-7.45295616999994],[112.71128867,-7.45294978999994],[112.71135604,-7.45294657999994],[112.71136781,-7.45295043999994],[112.71137079,-7.45295141799994],[112.7114587,-7.45298025999994],[112.71150522,-7.45299950999993],[112.71156136,-7.45303479999997],[112.711597880243716,-7.453068718044155],[112.71160627,-7.45307650999994],[112.71165786,-7.45310487999995],[112.71170251,-7.45312943999995],[112.711732929,-7.45314025399992],[112.71177469,-7.45315509999995],[112.71188216,-7.45315830999994],[112.71196878,-7.45313905999996],[112.71207464,-7.45310858999998],[112.71213768,-7.45308785999989],[112.71217891,-7.45309043999992],[112.71229583,-7.45309776999994],[112.712385353,-7.45311396199997],[112.71239828,-7.45311629999997],[112.71244846,-7.45312536999997],[112.7125785,-7.45315305999995],[112.71271427,-7.45320327999997],[112.71274901,-7.45321319999993],[112.7128704,-7.45324786999994],[112.71288959,-7.45325334999995],[112.71299537,-7.45328684],[112.71304796,-7.45330347999994],[112.7131197,-7.45331985999994],[112.713127935,-7.45332174099997],[112.713131668,-7.45332259399995],[112.71333347,-7.45336868999991],[112.7134655,-7.45341727999994],[112.71366956,-7.45349238999997],[112.71369247,-7.45350081999992],[112.71388248,-7.45355739999994],[112.7139056,-7.45356427999996],[112.714178232,-7.453658855],[112.714255151,-7.45345712299998],[112.714332727,-7.45331463599996],[112.714692111,-7.45339537899997],[112.714697029,-7.45339396699994],[112.714735896,-7.45338281499995],[112.715106742,-7.45348916199995],[112.715391715,-7.45354932299997],[112.715423379,-7.45346383099998],[112.715474041,-7.45350815999997],[112.715550035,-7.45355334599997],[112.715591111,-7.45357776899995],[112.715591197,-7.45357782099996],[112.715573943,-7.45364213099997],[112.715581302,-7.45364510599996],[112.715628006,-7.45365539700001],[112.715713498,-7.45365618799996],[112.715795824,-7.45363956499998],[112.715858359,-7.45364352299993],[112.715895564,-7.45367201999994],[112.715960475,-7.45371872399993],[112.71601747,-7.45375988699995],[112.716029173,-7.45380001299997],[112.716039634,-7.45383587999991],[112.716009554,-7.45392928799996],[112.716031718,-7.45400369799995],[112.716109294,-7.45403536099997],[112.716155207,-7.45406702499996],[112.716154163,-7.45407404099997],[112.716127405,-7.45425391399997],[112.716126709,-7.45425859099995],[112.716068923,-7.45452782199993],[112.71617412,-7.45459064999994],[112.71622724,-7.45462237999996],[112.71629461,-7.45467370999994],[112.71633311,-7.45471540999995],[112.71639171,-7.45478746],[112.71643625,-7.45481311799996],[112.71667279,-7.45494937999997],[112.71667255,-7.45495020999993],[112.71686604,-7.45502738999995],[112.71686583,-7.45502823999993],[112.7168083,-7.45525676999994],[112.716786568,-7.45535630499997],[112.71675857,-7.45548453999992],[112.71668968,-7.455649],[112.71665913,-7.45572193],[112.716553065303046,-7.455899003479262],[112.71647466,-7.4560299],[112.716390132,-7.45620451899991],[112.71638882,-7.45620722999998],[112.71629306,-7.45640502999995],[112.71625491,-7.45648383999998],[112.716209135,-7.45662789799998],[112.71615152,-7.45680921999997],[112.71614584,-7.45682709999995],[112.71608489,-7.45708534999998],[112.716063101,-7.45720355899994],[112.71604198,-7.45731813999991],[112.716040932,-7.45732382499995],[112.71603867,-7.45733609999995],[112.71602073,-7.45743341999994],[112.716034351,-7.45771656299996],[112.71603516,-7.45773337],[112.716048008,-7.45786967],[112.71606404,-7.45803973999992],[112.71609401,-7.45819055999994],[112.71611462,-7.45829421000001],[112.71611536,-7.45829797999992],[112.716116402,-7.45834418899997],[112.71611666,-7.45835563999997],[112.716117226504423,-7.458380694945805],[112.71612018,-7.45851131999997],[112.716112734,-7.45857211799991],[112.71610093,-7.45866850999993],[112.71609514,-7.45868807999996],[112.716061013,-7.4588033929999],[112.716052935,-7.45883068999994],[112.71603115,-7.45890429999996],[112.71602468,-7.45892055999996],[112.71598917,-7.45906261999994],[112.71594935,-7.45922189999994],[112.71591727,-7.45927803999997],[112.71589772,-7.45929327999994],[112.71582263,-7.45935181999988],[112.71559326,-7.45938710999996],[112.71528359,-7.45937873999998],[112.71504055,-7.45937968999988],[112.71488,-7.45932998999996],[112.714791756,-7.45929393299998],[112.714114512,-7.45901720899992],[112.71411268,-7.45901645999994],[112.714074127,-7.45900070699998],[112.71395,-7.45894999],[112.71389425,-7.45892660999993],[112.713695471,-7.458843251],[112.71367992,-7.45883672999997],[112.71365543,-7.45882645999994],[112.71364,-7.45881998999994],[112.7134471,-7.45872353999994],[112.713354561,-7.45867726999995],[112.7133,-7.45864998999994],[112.712799222,-7.45848609899998],[112.71275,-7.45846998999998],[112.71266761,-7.45846312999995],[112.71251,-7.45844998999997],[112.712461961385699,-7.458436779908733],[112.712434179,-7.45842913899998],[112.71235343,-7.45840693000001],[112.71233096,-7.45840556999998],[112.71226017,-7.45840124999994],[112.712258,-7.45840111999993],[112.71225397,-7.45839964999992],[112.71207239,-7.45833356999996],[112.71185905,-7.45819401999993],[112.71173073,-7.45807532999992],[112.71164248,-7.45798141999996],[112.7115992,-7.45795181999995],[112.711595497,-7.45794825099995],[112.71158705,-7.45794010999998],[112.71158766,-7.45793819999994],[112.71148299,-7.45782297899995],[112.7114571,-7.45779448],[112.71145709,-7.45779451999993],[112.711439257,-7.45777638799996],[112.71142724,-7.45776416999997],[112.71130973,-7.45764469999997],[112.71129973,-7.45762816999997],[112.71122632,-7.45750674999994],[112.71108837,-7.45742333999996],[112.71097149,-7.45746458999997],[112.71092476,-7.45748108999994],[112.71059434,-7.45756449999995],[112.710582528,-7.45756698599993],[112.71051534,-7.45758112999994],[112.71041148,-7.45760298999994],[112.710350403545405,-7.457609174750827],[112.71026177,-7.45761815],[112.71025146,-7.45762211999996],[112.7101757,-7.45764544999995],[112.71012169,-7.4576620899999],[112.710046216,-7.4576623839999],[112.7100448,-7.45766238999991],[112.70988443,-7.457663]]]]}},
{"type":"Feature","properties":{"kdkab":"15","kdkec":"110","nmkab":"SIDOARJO","nmkec":"SIDOARJO","kddesa":"013","kdprov":"35","nmdesa":"SIDOKUMPUL","nmprov":"JAWA TIMUR","iddesa":"3515110013"},"geometry":{"type":"MultiPolygon","coordinates":[[[[112.71639171,-7.45478746],[112.71633311,-7.45471540999995],[112.71629461,-7.45467370999994],[112.71622724,-7.45462237999996],[112.71617412,-7.45459064999994],[112.716068923,-7.45452782199993],[112.716126709,-7.45425859099995],[112.716127405,-7.45425391399997],[112.716154163,-7.45407404099997],[112.716155207,-7.45406702499996],[112.716109294,-7.45403536099997],[112.716031718,-7.45400369799995],[112.716009554,-7.45392928799996],[112.716039634,-7.45383587999991],[112.716029173,-7.45380001299997],[112.71601747,-7.45375988699995],[112.715960475,-7.45371872399993],[112.715895564,-7.45367201999994],[112.715858359,-7.45364352299993],[112.715795824,-7.45363956499998],[112.715713498,-7.45365618799996],[112.715628006,-7.45365539700001],[112.715581302,-7.45364510599996],[112.715573943,-7.45364213099997],[112.715591197,-7.45357782099996],[112.715591111,-7.45357776899995],[112.715550035,-7.45355334599997],[112.715474041,-7.45350815999997],[112.715423379,-7.45346383099998],[112.715391715,-7.45354932299997],[112.715106742,-7.45348916199995],[112.714735896,-7.45338281499995],[112.714697029,-7.45339396699994],[112.714692111,-7.45339537899997],[112.714332727,-7.45331463599996],[112.714255151,-7.45345712299998],[112.714178232,-7.453658855],[112.7139056,-7.45356427999996],[112.71388248,-7.45355739999994],[112.71369247,-7.45350081999992],[112.71366956,-7.45349238999997],[112.7134655,-7.45341727999994],[112.71333347,-7.45336868999991],[112.713131668,-7.45332259399995],[112.713127935,-7.45332174099997],[112.7131197,-7.45331985999994],[112.71304796,-7.45330347999994],[112.71299537,-7.45328684],[112.71288959,-7.45325334999995],[112.7128704,-7.45324786999994],[112.71274901,-7.45321319999993],[112.71271427,-7.45320327999997],[112.7125785,-7.45315305999995],[112.71244846,-7.45312536999997],[112.71239828,-7.45311629999997],[112.712385353,-7.45311396199997],[112.71229583,-7.45309776999994],[112.71217891,-7.45309043999992],[112.71213768,-7.45308785999989],[112.71207464,-7.45310858999998],[112.71196878,-7.45313905999996],[112.71188216,-7.45315830999994],[112.71177469,-7.45315509999995],[112.711732929,-7.45314025399992],[112.71170251,-7.45312943999995],[112.71165786,-7.45310487999995],[112.71160627,-7.45307650999994],[112.711597880243716,-7.453068718044155],[112.71156136,-7.45303479999997],[112.71150522,-7.45299950999993],[112.7114587,-7.45298025999994],[112.71137079,-7.45295141799994],[112.71136781,-7.45295043999994],[112.71135604,-7.45294657999994],[112.71128867,-7.45294978999994],[112.71121209,-7.45295616999994],[112.71121134,-7.45295645999994],[112.71120472,-7.45295904999994],[112.71100188,-7.45303839999998],[112.71087677,-7.45302235999995],[112.71085312,-7.45300448999995],[112.71079086,-7.45295744999992],[112.710783813,-7.45295212599996],[112.71073241,-7.45291328999995],[112.71073137,-7.45290845999993],[112.710730518,-7.45290448],[112.71071232,-7.45281951999991],[112.71067466,-7.45264380999993],[112.71064258,-7.45239678999997],[112.71069391,-7.45214656999994],[112.71075204,-7.45201635999994],[112.71075378,-7.45201246999993],[112.71077267,-7.45197013999994],[112.71077411,-7.45196692000001],[112.71081582,-7.45181292999998],[112.71082663,-7.45171995999994],[112.71094716,-7.45134871999992],[112.71106906,-7.45109849999993],[112.71127438,-7.45073277999994],[112.71099121,-7.45066960999995],[112.71044029,-7.45054671999995],[112.71043337,-7.45054063999995],[112.7102831,-7.45040876999995],[112.71023498,-7.45037026999997],[112.71016354,-7.45041314000001],[112.71016295,-7.4504126599999],[112.71014355,-7.45042801999995],[112.71005452,-7.45044325999991],[112.70995828,-7.45046250999995],[112.70969041,-7.45069508999994],[112.70961983,-7.45066139999995],[112.70950595,-7.45059402999991],[112.709396796,-7.45056798599994],[112.70939673,-7.45056796999994],[112.70944338,-7.45038669],[112.70950354,-7.45015292999994],[112.709612533,-7.449828445],[112.709613189,-7.44982649299993],[112.7096158,-7.44981871999991],[112.70961706,-7.44981897999998],[112.70962769,-7.449782],[112.70966662,-7.44955914999997],[112.7097528,-7.44906576999996],[112.70985842,-7.44903962999996],[112.7098889,-7.44895782999992],[112.70990012,-7.44889526999995],[112.70990814,-7.44874930999994],[112.70991456,-7.44860975999997],[112.70993862,-7.44852474999992],[112.70998353,-7.44850068999996],[112.71006073,-7.44847023999995],[112.71016548,-7.44850607999998],[112.71041993,-7.44859312999994],[112.71044,-7.44859998999994],[112.71055507,-7.44861815999998],[112.71063,-7.44862998999998],[112.710632233,-7.44863032199995],[112.71064023,-7.44863150999994],[112.710738523,-7.44864606999992],[112.7109,-7.44866998999991],[112.71101,-7.44868998999995],[112.711200953,-7.44873363799998],[112.7112469,-7.44874413999997],[112.71136,-7.44876998999997],[112.71159336,-7.44882832999997],[112.71167013,-7.44884752599995],[112.71175057,-7.44886763999996],[112.711829948633365,-7.448887481144504],[112.711913900659084,-7.448908465434696],[112.711992684463269,-7.448927670971234],[112.712078477056068,-7.44894854058082],[112.71216057680023,-7.448968511880809],[112.712239730477435,-7.448987766530736],[112.71224513,-7.44898907999993],[112.71224534,-7.44900483999994],[112.712325683382588,-7.449008371730979],[112.712480724,-7.44901518699993],[112.71252994,-7.44901734999996],[112.7126017,-7.44895236999997],[112.71263279,-7.44893414999995],[112.712652262,-7.44891674099994],[112.71268573,-7.44888682999993],[112.71277916,-7.44881744999998],[112.71279316,-7.44880345999998],[112.71283154,-7.44877877999995],[112.71283831,-7.44877153999994],[112.71284593,-7.44877013999998],[112.71286128,-7.44877294999997],[112.71290808,-7.44878436999993],[112.71309094,-7.44882166],[112.71326378,-7.44885575000001],[112.71333716,-7.44887058999995],[112.71336483,-7.44887138999996],[112.71337057,-7.44886966999998],[112.71340413,-7.44887619999997],[112.71356244,-7.44886500999996],[112.71356471,-7.44886998999993],[112.71356691,-7.44886998999993],[112.71356832,-7.44887414999995],[112.71366418,-7.44886998999993],[112.71373796,-7.44888281999995],[112.7137925,-7.44892451999992],[112.713822,-7.44898860999994],[112.71382199,-7.44898867999995],[112.713808864,-7.44906175499994],[112.713748395,-7.44939838899994],[112.71374838,-7.44939846999995],[112.71379943,-7.44941251999997],[112.71388445,-7.44943978999993],[112.71394129,-7.44948056999994],[112.7141058,-7.44959857999993],[112.71445066,-7.44985522999996],[112.71450039,-7.44989095999992],[112.7145045,-7.44989391399997],[112.71457168,-7.44994220099992],[112.71468117,-7.45002089999997],[112.71480996,-7.45011346999997],[112.71513398,-7.45035567999997],[112.71528722,-7.45044461],[112.71544355,-7.45053532999996],[112.715481687,-7.45054466099998],[112.71548863,-7.45054636000002],[112.71573099,-7.45060562],[112.71577276,-7.45061066999997],[112.71577336,-7.45060785999994],[112.71588861,-7.45063615],[112.716006491,-7.45068043399995],[112.716092591,-7.45020138699993],[112.7160938,-7.45019465999998],[112.71609647,-7.45019501999997],[112.71610639,-7.45013284999993],[112.71621533,-7.44961285999991],[112.716248787,-7.44945316899997],[112.716523065,-7.44957594199995],[112.716671885,-7.44940812399995],[112.716751044,-7.44924030599998],[112.716782708,-7.44910098599996],[112.716830204,-7.448907837],[112.716915685,-7.44847491499998],[112.71706599,-7.44850994000001],[112.71706609,-7.44850939000001],[112.71721637,-7.44855930999996],[112.71753092,-7.4471068],[112.71753097,-7.44710680999996],[112.71753276,-7.44709483999997],[112.717553644,-7.44698021099995],[112.7177894,-7.44568650999997],[112.71790475,-7.44519080999996],[112.71857698,-7.44535126999992],[112.718699315335584,-7.445378785241816],[112.718790073046193,-7.444962124843098],[112.718538648329726,-7.44486030822238],[112.718586439804753,-7.444519534226511],[112.71865702,-7.44452864999995],[112.71882686,-7.44457214999994],[112.71893186,-7.44460277999997],[112.71902569,-7.44463013999994],[112.71914789,-7.44466742999998],[112.71917236,-7.44482532999993],[112.71920116,-7.44501120999993],[112.719206407,-7.4451063139999],[112.719486963,-7.44517745999998],[112.719542002,-7.44520344999992],[112.719781599,-7.44526713999992],[112.719780504,-7.44529670999996],[112.71971935,-7.44551380799992],[112.719673484,-7.44561929899993],[112.719621503,-7.44584556999997],[112.71955882,-7.44609477299998],[112.719692110863917,-7.446132402677526],[112.719914054,-7.44619506000001],[112.720008303,-7.44622166799995],[112.720077102,-7.44632715899994],[112.720126025,-7.44643876599995],[112.720128064,-7.44643943899996],[112.719958409,-7.44704094199997],[112.719880198,-7.44726623599998],[112.719534115,-7.44826316099993],[112.719884600325443,-7.448396231114303],[112.719682073129064,-7.448973433623979],[112.719726914189863,-7.44899444771099],[112.719691748941287,-7.449085291269825],[112.720178264760193,-7.449267098058726],[112.720274465178477,-7.449302540318093],[112.720459523535311,-7.449363682821096],[112.720351097352193,-7.449577604749966],[112.720083865247773,-7.449487672786514],[112.71998374,-7.44973869099996],[112.719884449,-7.44998691799998],[112.719882416,-7.44999200099992],[112.719923857,-7.45000152099992],[112.720116728,-7.45004582899996],[112.720103322,-7.45010839199995],[112.720050234,-7.45035613399995],[112.720045646,-7.45040812699994],[112.720040735,-7.45046379099995],[112.719926745,-7.45072976599993],[112.719771593,-7.45115722599998],[112.719762094,-7.45147386299995],[112.719790429,-7.45162643399996],[112.719803257,-7.45169550899996],[112.719560469,-7.45209938499996],[112.719560359,-7.45209954599993],[112.71959177,-7.45215238000001],[112.71964543,-7.45224262999994],[112.71964649,-7.45224303999994],[112.71965971,-7.45229814999993],[112.719637735,-7.45235741899997],[112.71960678,-7.45244090999995],[112.719475748547794,-7.452575886129543],[112.71932447,-7.45273122999993],[112.719163033,-7.45289887999995],[112.71915765,-7.45290446999996],[112.719123761,-7.45307391499996],[112.71911274,-7.45312902999998],[112.719114549792252,-7.453242973618006],[112.719114996979329,-7.453332594189449],[112.71914419,-7.45347381999994],[112.7191769,-7.45363910999994],[112.71918132,-7.45364530999994],[112.71919725,-7.45378055999994],[112.71927738,-7.45446087999996],[112.7191075,-7.45446449999998],[112.718971786358125,-7.454461854568775],[112.718994962529138,-7.455543409216125],[112.718993407,-7.45554345499997],[112.71897726,-7.45554392999996],[112.71892272,-7.45554712999993],[112.71888404,-7.45552935999997],[112.71872185,-7.45545483999995],[112.71868533,-7.45543805999993],[112.71851851,-7.45527123999995],[112.71830999,-7.45500818499992],[112.71815921,-7.45487023999993],[112.718117807,-7.45485287699994],[112.71796031,-7.45478682999993],[112.717696285,-7.45473605999994],[112.71764729,-7.45471393],[112.717412459,-7.45467301599995],[112.71741232,-7.45467298999993],[112.71720396,-7.45469641999993],[112.71718096,-7.45469900999997],[112.717035,-7.45472146999998],[112.71696763,-7.45476797999993],[112.716906475,-7.45484951699996],[112.71690507,-7.45485138999994],[112.71686778,-7.45502421999991],[112.71686583,-7.45502823999993],[112.71686604,-7.45502738999995],[112.71667255,-7.45495020999993],[112.71667279,-7.45494937999997],[112.71643625,-7.45481311799996],[112.71639171,-7.45478746]]]]}},
{"type":"Feature","properties":{"kdkab":"15","kdkec":"110","nmkab":"SIDOARJO","nmkec":"SIDOARJO","kddesa":"021","kdprov":"35","nmdesa":"CEMENG BAKALAN","nmprov":"JAWA TIMUR","iddesa":"3515110021"},"geometry":{"type":"MultiPolygon","coordinates":[[[[112.673152678,-7.43515765899996],[112.67312872,-7.43515488999996],[112.67296236,-7.43514534999998],[112.67295898,-7.4351451599999],[112.67296082,-7.43513808999992],[112.67296166,-7.43513485999992],[112.6728178,-7.43511126999994],[112.67281,-7.43510998999994],[112.672664314,-7.43507445399997],[112.67252622,-7.43504076999994],[112.67202199,-7.43496191999997],[112.67159212,-7.43484643],[112.67137397,-7.43478226999996],[112.67130612,-7.43473735999995],[112.671213309,-7.43467592299995],[112.671199172614436,-7.434666565377933],[112.6711462,-7.43463149999993],[112.67108148,-7.43459011999994],[112.67095051,-7.43450637999997],[112.67083741,-7.43445085999997],[112.67075903,-7.43440492999997],[112.67060023,-7.43436321999998],[112.67039492,-7.43433755999994],[112.67025697,-7.43437284999994],[112.67008374,-7.43446587999996],[112.66993881,-7.43457457999994],[112.669937921,-7.43457362399994],[112.66982817,-7.43445564999997],[112.66974108,-7.43436201999995],[112.66966409,-7.43418878999996],[112.66980726,-7.43376170499998],[112.669878469,-7.43354928199993],[112.66990157,-7.43348036999995],[112.66990677,-7.43346483999991],[112.67004263,-7.43305955999994],[112.669960392,-7.4329659799999],[112.6699383,-7.43294083999996],[112.66985657,-7.43284782999994],[112.66975391,-7.432758],[112.66997206,-7.43236020999993],[112.66995923,-7.43213564999994],[112.6700439,-7.43202816999995],[112.670055638,-7.43201327099998],[112.67012604,-7.43192390999995],[112.67019662,-7.43158385999996],[112.67029928,-7.43146195999998],[112.67051101,-7.43102565999995],[112.67068424,-7.43085242999998],[112.67071632,-7.43074496],[112.670728013,-7.43073625299996],[112.67072948,-7.43073515999993],[112.67073517,-7.43073093],[112.67093326,-7.43074335999992],[112.67105999,-7.43074153],[112.67115622,-7.43074014999997],[112.67128239,-7.43082311999997],[112.67133427,-7.43085723999995],[112.67147863,-7.43091498999996],[112.67152835,-7.43084600999993],[112.67151071,-7.43074335999992],[112.67144495,-7.43064871999995],[112.67140805,-7.43054927],[112.671404715,-7.43047030199993],[112.67140324,-7.43043538999993],[112.67141101,-7.43042484999994],[112.67144815,-7.43037442999998],[112.67155081,-7.43033112999994],[112.67159848,-7.43031920999994],[112.671644230559551,-7.430307709256121],[112.67180104,-7.43026856999997],[112.67180264,-7.43019798999995],[112.67173527,-7.42999588999995],[112.671703108,-7.42991962999998],[112.67168159,-7.42986860999998],[112.67163582,-7.42976008999994],[112.6716246,-7.42973442999997],[112.67164064,-7.42970074999993],[112.67166428,-7.42968640999993],[112.67169357,-7.42966866999995],[112.67178821,-7.42967186999997],[112.67180679,-7.42968511999994],[112.671812209,-7.42968898299995],[112.67195021,-7.42978735999997],[112.67201277,-7.42985953999994],[112.6721443,-7.42998625999998],[112.67221401,-7.43002434999993],[112.67229989,-7.43007126999992],[112.67244104,-7.43009853999995],[112.67248114,-7.43006165],[112.67249397,-7.42998144999994],[112.67244265,-7.42978896999997],[112.67241056,-7.42957562999992],[112.67245548,-7.42938956999995],[112.67250387,-7.42933633999995],[112.67251964,-7.42931898999996],[112.672547406,-7.42931951199993],[112.67255582,-7.42931966999993],[112.67260465,-7.42932059],[112.67271052,-7.42937352999996],[112.67280836,-7.42949542999995],[112.67297586,-7.42979820999991],[112.67301688,-7.42987237999996],[112.67303403,-7.42988296999996],[112.67310949,-7.42992957999996],[112.673112952,-7.42993171599994],[112.67312596,-7.42993973999998],[112.67321578,-7.42994455999994],[112.67334891,-7.42986114999997],[112.67351413,-7.42978896999997],[112.6737435,-7.42977452999997],[112.67416536,-7.42991086999996],[112.67425358,-7.42993813999991],[112.67444285,-7.42990926999994],[112.67450702,-7.42982104999996],[112.67452947,-7.42966545999996],[112.67447975,-7.42943447999995],[112.67448135,-7.42928209999997],[112.67448425,-7.42927138999991],[112.67449096,-7.42924662999998],[112.674515733,-7.42915516399995],[112.67452306,-7.42912810999996],[112.67462571,-7.42889552999998],[112.67465298,-7.42883457999994],[112.674658985,-7.42882710199996],[112.67473799,-7.42872870999996],[112.67480018,-7.42869015999997],[112.67483613,-7.42866787000001],[112.67484054,-7.42866512999997],[112.6750588,-7.42852980999995],[112.67536677,-7.42840309999997],[112.67541633,-7.42839307999997],[112.67552557,-7.42837101999991],[112.67561218,-7.42840309999997],[112.67561218,-7.42843837999994],[112.675553397,-7.42855459199994],[112.67554321,-7.42857472999998],[112.6755148,-7.42859975999992],[112.67509729,-7.42896770999994],[112.67508286,-7.42904149999994],[112.67513098,-7.42910885999993],[112.67522417,-7.42918287],[112.67523384,-7.42918586999998],[112.67529691,-7.42921564999993],[112.67533268,-7.42923076999993],[112.67547504,-7.42929612999997],[112.67556807,-7.42933382999995],[112.675547702,-7.42962851699997],[112.675616877,-7.42966195199993],[112.6757277,-7.42968728299996],[112.675863854,-7.429791773],[112.675955679,-7.42997858899996],[112.676060169,-7.43006724699998],[112.676177325,-7.43022239999993],[112.676136162,-7.43066569199994],[112.676094999,-7.43079234699997],[112.676101332,-7.43099182799996],[112.676095904,-7.43124421599995],[112.676095599,-7.43124413299995],[112.67609678,-7.43124850199993],[112.67612101,-7.43135463299993],[112.676165684,-7.43139483899997],[112.676102818,-7.43154823299994],[112.676004747,-7.43165133299997],[112.675941881,-7.43173180199994],[112.675936851,-7.43183238799998],[112.675972056,-7.43191788599994],[112.676075157,-7.43198075199997],[112.67612545,-7.43198829599995],[112.676263755,-7.432091396],[112.676291416,-7.43218443799998],[112.676221006,-7.43230765599997],[112.676097007,-7.43247815499995],[112.6761359,-7.4327167],[112.6761776,-7.43295088999997],[112.6761791,-7.43314134],[112.67622882,-7.43312234999997],[112.676327449,-7.43311954499993],[112.6763779,-7.43311810999993],[112.67659284,-7.43305313999996],[112.67670191,-7.43302907999996],[112.67676916,-7.43302589999993],[112.67693931,-7.43301784999994],[112.67712858,-7.43304832999998],[112.67724407,-7.43308040999995],[112.67734994,-7.43316381999996],[112.67738464,-7.433267928],[112.67738683,-7.43327449999993],[112.67739645,-7.43343489999994],[112.67740127,-7.43350867999992],[112.67739941,-7.43351708999996],[112.677399307,-7.43351755699997],[112.67738578,-7.43357893999996],[112.677150852,-7.434644932],[112.67715072,-7.43464552999994],[112.67715233,-7.43464605999998],[112.677536888,-7.43477207599995],[112.677554995,-7.43477800999998],[112.67760718,-7.43479510999992],[112.67831937,-7.43520252999996],[112.678770572,-7.43549765499997],[112.67882944,-7.43553615999997],[112.679085286533081,-7.435741471220802],[112.679159945,-7.43580138299996],[112.67934914,-7.43595321],[112.679774225,-7.43629443],[112.67982073,-7.43633176],[112.680023293998531,-7.436555563708843],[112.68021852,-7.43677125999992],[112.680507028642197,-7.437093521742327],[112.68052008,-7.43710809999992],[112.68059135,-7.43715013000001],[112.680632481,-7.43717438499991],[112.68064519,-7.43718187999996],[112.6811264,-7.43731340999996],[112.68196454,-7.43753957999996],[112.682078955,-7.43757045399998],[112.68241418,-7.43766090999994],[112.68241465,-7.43765893999996],[112.68248079,-7.43768554999997],[112.68262773,-7.43771269999997],[112.68262836,-7.43771280999991],[112.68262656,-7.43778471999996],[112.682626364,-7.43779255799994],[112.68262194,-7.43796945999998],[112.68274385,-7.43820363999996],[112.68288179,-7.43872654999996],[112.682978077,-7.43918390699997],[112.683011229,-7.439341376],[112.68303578,-7.43945798999993],[112.68317052,-7.44006110000001],[112.68318188,-7.44037309999994],[112.6831795,-7.44037231999993],[112.68316747,-7.44054675999995],[112.68311615,-7.44086434999996],[112.68310214,-7.44098337999997],[112.68309139,-7.44107473999997],[112.68306482,-7.44130063999991],[112.68303071,-7.44160905999997],[112.68303018,-7.44160900999997],[112.68299897,-7.44160574999997],[112.68289415,-7.44158427999998],[112.68248573,-7.44150064999996],[112.68248254,-7.44150004999995],[112.68248275,-7.4414990299999],[112.68235,-7.44146998999998],[112.68227,-7.44144999],[112.68040797,-7.44102504999998],[112.680388412,-7.44102185699995],[112.68035872,-7.44101700999997],[112.68016126,-7.44098475999993],[112.67998685,-7.44095626999998],[112.67947897,-7.44087331999998],[112.679472471,-7.44087225899996],[112.6793472,-7.44085179999995],[112.67925676,-7.44083149999992],[112.67878312,-7.44072521999992],[112.67856158,-7.44067994999993],[112.67850014,-7.44086785999997],[112.67837182,-7.44154795999996],[112.678353163,-7.44165112999997],[112.67835274,-7.44165346999996],[112.678275371,-7.44208129699995],[112.67810759,-7.44205016999996],[112.67809798,-7.44204545999996],[112.6780979,-7.44204597999992],[112.677495472,-7.44191082100001],[112.67749355,-7.44191039000002],[112.67728819,-7.44186432],[112.67591288,-7.44155575],[112.675910943,-7.44155531499995],[112.67567076,-7.44150142999995],[112.675380488,-7.44143630699997],[112.67523885,-7.44140452999996],[112.67511237,-7.44137614999991],[112.67500878,-7.44135929999994],[112.67453649,-7.44128243999995],[112.67451694,-7.44127925799994],[112.67446,-7.44126998999996],[112.67440769,-7.44123860999998],[112.67423317,-7.44119801999997],[112.673476871,-7.44102214299996],[112.67347647,-7.44102204999998],[112.67331477,-7.44098444999996],[112.67331265,-7.44098394999996],[112.672590034,-7.44081590699994],[112.67244083,-7.44078120999995],[112.671767,-7.44062449999992],[112.67197006,-7.43978038999996],[112.67254751,-7.43750268999997],[112.67265178,-7.43709863999991],[112.672653012,-7.43709386499996],[112.673152678,-7.43515765899996]]]]}},
{"type":"Feature","properties":{"kdkab":"15","kdkec":"110","nmkab":"SIDOARJO","nmkec":"SIDOARJO","kddesa":"019","kdprov":"35","nmdesa":"JATI","nmprov":"JAWA TIMUR","iddesa":"3515110019"},"geometry":{"type":"MultiPolygon","coordinates":[[[[112.69472048,-7.44859803000001],[112.69470582,-7.44860379999993],[112.69458699,-7.44875076999994],[112.69442338,-7.4487908699999],[112.69424854,-7.44877161999996],[112.6941258,-7.44876118],[112.69402056,-7.44875221999997],[112.69400799,-7.44875114999998],[112.69377036,-7.44873092999996],[112.69372082,-7.44872670999996],[112.69369204,-7.44869477999993],[112.69351551,-7.44849894],[112.69342889,-7.44845081999995],[112.69333907,-7.44850214999998],[112.693255755,-7.44852332899995],[112.69318809,-7.44854052999995],[112.69314979,-7.44855026999992],[112.69311153,-7.448468],[112.69309872,-7.44846654999995],[112.69300219,-7.44846263999995],[112.69293132,-7.44843935999996],[112.69292055,-7.44842004999997],[112.69289677,-7.44837740999997],[112.69286852,-7.44828117999997],[112.6928327,-7.44822014999998],[112.69272409,-7.44820334999996],[112.692662789,-7.44819387299997],[112.69254026,-7.44817492999993],[112.69233495,-7.44821021999997],[112.69218096,-7.44817492999993],[112.69214553,-7.44814483999991],[112.69206886,-7.44807973999995],[112.69201094,-7.44803056999996],[112.69190187,-7.44791828999994],[112.691867037,-7.44780634299997],[112.69186613,-7.44780342999996],[112.69181204,-7.44762955999994],[112.69173664,-7.44752824999993],[112.69150407,-7.44721572999992],[112.6913631,-7.44709077999996],[112.691363277,-7.447090546],[112.69122754,-7.44703424399994],[112.691269721,-7.44682717399994],[112.69132724,-7.44668145899996],[112.691365586,-7.44650123199995],[112.691392429,-7.4462979969999],[112.69142694,-7.44611777099993],[112.691396263,-7.44583784399993],[112.691472956,-7.44562694],[112.691499989,-7.44546889899995],[112.691522806,-7.44533550899993],[112.691604919920138,-7.44518621060941],[112.691607167,-7.44518212499998],[112.691718371,-7.44491370099996],[112.691883259,-7.44448805899998],[112.691916243,-7.44419486799994],[112.691917771,-7.44418128999995],[112.69202514,-7.44395121299992],[112.692213036,-7.44347188599993],[112.692284059136668,-7.443292355762556],[112.692444301,-7.44288730099995],[112.69208289,-7.44255986999996],[112.69192249,-7.44241871999996],[112.69172038,-7.44233530999996],[112.69151828,-7.44217811999993],[112.6913828,-7.44207733499998],[112.69136923,-7.44206724],[112.69125522,-7.44198241999992],[112.69098895,-7.44180597999995],[112.69078043,-7.44158462999996],[112.69065455,-7.44148224299993],[112.69063442,-7.44146586999991],[112.69053983,-7.44138893999995],[112.69049774,-7.44136986999994],[112.69033451,-7.44129590999995],[112.69025524,-7.44128709999997],[112.69013241,-7.44127344999993],[112.68999125,-7.44129269999998],[112.68975707,-7.44133439999995],[112.68959666,-7.44132157000001],[112.68951911,-7.44128020999995],[112.6894523,-7.44124457999995],[112.68934002,-7.44121569999991],[112.68925589,-7.44122519999998],[112.689205937,-7.44123084599995],[112.689332499,-7.44086738899994],[112.689345414,-7.44083048899997],[112.68938612826895,-7.440714162414266],[112.689627764,-7.44002377399994],[112.689798409,-7.44008703399991],[112.689947955,-7.43963839499997],[112.690061702,-7.43928435799998],[112.690101339,-7.43916098499993],[112.690134364,-7.43906271699995],[112.690258559,-7.43869316199994],[112.690464984,-7.43798928399997],[112.69068462,-7.43804588999994],[112.69093768,-7.43813767999994],[112.6910146,-7.43815904999997],[112.691024343,-7.43816175599994],[112.69109,-7.43817998999998],[112.69137874,-7.43822810999996],[112.69148782,-7.43824628999994],[112.69151,-7.43824998999998],[112.69161992,-7.43827615899995],[112.691686719,-7.43829206199998],[112.69170095,-7.43829544999994],[112.69193,-7.43834998999994],[112.69195395,-7.43835464999995],[112.69229,-7.43841998999996],[112.69252203,-7.43843253999992],[112.69266,-7.43843998999995],[112.69278763,-7.43843998999995],[112.69301,-7.43844],[112.69301041,-7.43844],[112.693073725,-7.43844],[112.69374,-7.43844],[112.6938,-7.43844],[112.69408796,-7.43840650999997],[112.69412353,-7.43840236999994],[112.694130494,-7.4384015599999],[112.69466,-7.43834],[112.695,-7.43831],[112.69535,-7.43828],[112.695487466,-7.43826509399998],[112.695533751,-7.43826007499996],[112.69618,-7.43819],[112.69635199,-7.43816482999992],[112.69653922,-7.43813742599998],[112.69654933,-7.43813594599992],[112.69655142,-7.43813563999992],[112.69659,-7.43813],[112.696611325,-7.43813076199996],[112.69666247,-7.43813258999996],[112.69674397,-7.4381354999999],[112.69687,-7.43814],[112.69839,-7.43814],[112.69870955,-7.43819181999995],[112.69879664,-7.43820593999991],[112.69913,-7.43826],[112.70010818,-7.43848286999995],[112.7003007,-7.43852673999993],[112.70031629,-7.43853029199997],[112.70071,-7.43862],[112.70091,-7.43865],[112.70125,-7.43873],[112.70131306,-7.43874824999995],[112.70147697,-7.43879569999994],[112.70163,-7.43884],[112.70221764,-7.43904125999996],[112.702432877,-7.43911769699997],[112.702184682,-7.439890297],[112.70215399663185,-7.439985816812823],[112.701994096,-7.44048356799994],[112.701961625,-7.44058464499995],[112.701737242,-7.441283121],[112.701488713,-7.44205675899993],[112.701364974,-7.44244194099996],[112.701304752,-7.4426294049999],[112.701224569,-7.44288976899997],[112.701138108,-7.44317051699996],[112.701065005,-7.44340788999992],[112.700979668,-7.44368499099992],[112.700878043,-7.44401497799992],[112.700801296,-7.44426418299998],[112.70079049,-7.44429927200002],[112.700717151,-7.4445374109999],[112.700561328,-7.44504338599994],[112.70058,-7.44504998999997],[112.70058664,-7.44505213999998],[112.70123,-7.44525998999993],[112.70181764,-7.44545842000001],[112.70187912,-7.44547916999994],[112.701950079,-7.44550313199994],[112.70196423,-7.44550790999993],[112.70197221,-7.44551059999998],[112.701983314,-7.44551435199998],[112.702,-7.44551998999997],[112.70201634,-7.44552555999996],[112.70232362,-7.44563031999998],[112.702417247,-7.44566224399991],[112.702418123,-7.44566254399997],[112.70242568,-7.44566511999995],[112.70244,-7.44567],[112.7026,-7.44572],[112.702874196,-7.44581454999995],[112.70289,-7.44582],[112.70312564,-7.44598807999995],[112.70309,-7.44623998999998],[112.70305,-7.44646998999994],[112.70303922,-7.44655619000002],[112.70298419,-7.44686318999991],[112.70289098,-7.44726707999994],[112.70285163,-7.44731678999996],[112.70280192,-7.44732506999994],[112.70279104,-7.44739998999991],[112.70277421,-7.44751579999998],[112.70277164,-7.44756712],[112.70272228,-7.44774324],[112.70267757,-7.44790275999997],[112.702541626423354,-7.448349371559001],[112.702814299547853,-7.44844550605854],[112.702994354685302,-7.448498736682329],[112.703113190570321,-7.448547949809841],[112.703043291453866,-7.448731615559007],[112.702799066455142,-7.449537558054804],[112.702574379456308,-7.450206734551314],[112.70244633,-7.45018277999997],[112.70244636,-7.45018266999993],[112.70240483,-7.45017124999993],[112.70240509,-7.45017010999992],[112.70152176,-7.44987258],[112.70135705,-7.44982330999992],[112.701354284,-7.44982248299992],[112.70080674,-7.44965868999998],[112.70076,-7.44963998999998],[112.70054,-7.44958998999993],[112.69975,-7.44928998999995],[112.699682443,-7.44926875799996],[112.699676218,-7.44926680199997],[112.69967389,-7.44926606999996],[112.69967371,-7.44926601],[112.69953163,-7.44922135999996],[112.69949895,-7.44921108999994],[112.6994,-7.44917998999993],[112.69933705,-7.44916002999997],[112.69869,-7.44893861000002],[112.69865378,-7.44892620999995],[112.69865538,-7.44891017],[112.69865859,-7.44889091999994],[112.69866635,-7.44885210999997],[112.69866821,-7.44884279999995],[112.69866982,-7.44880429999993],[112.69865057,-7.44879146999998],[112.6979448,-7.44855407999994],[112.69764806,-7.44845622999996],[112.69764802,-7.44845623999991],[112.69709351,-7.44832261999995],[112.697093019,-7.44832250199995],[112.697074414,-7.44831801899995],[112.695681271,-7.44798230699997],[112.695674754,-7.44798073699997],[112.69567402,-7.44798055999998],[112.69567282,-7.44798026],[112.69567285,-7.44798011999995],[112.69532525,-7.44788579999995],[112.69532131,-7.44788495999992],[112.695321298,-7.44788501599993],[112.695111205,-7.44785225199996],[112.695111059,-7.44785285499997],[112.694939391,-7.44856098699993],[112.69472048,-7.44859803000001]]]]}},
{"type":"Feature","properties":{"kdkab":"15","kdkec":"110","nmkab":"SIDOARJO","nmkec":"SIDOARJO","kddesa":"001","kdprov":"35","nmdesa":"LEBO","nmprov":"JAWA TIMUR","iddesa":"3515110001"},"geometry":{"type":"MultiPolygon","coordinates":[[[[112.669595824,-7.45796874399996],[112.669068883,-7.45784891599994],[112.668827205,-7.45778916899997],[112.668614293,-7.45779742499995],[112.668467171,-7.45782274200001],[112.668266376,-7.45789838499998],[112.668100573,-7.45805393099994],[112.667993112,-7.45810585199992],[112.667927175,-7.45811815899997],[112.667867603,-7.45812927799997],[112.667478031,-7.45815713799996],[112.667182852,-7.45806238999994],[112.66716957,-7.45805930999995],[112.666795983,-7.45792695800002],[112.66649015,-7.45781860999995],[112.66641045,-7.45779036999993],[112.66581573,-7.45754352999997],[112.66542244,-7.45738028999997],[112.66527748,-7.45731734999994],[112.6652331,-7.45729775999997],[112.6647892,-7.45710181999993],[112.6647625,-7.45709037999994],[112.66449165,-7.45694732999991],[112.66439247,-7.4569149],[112.664145298,-7.45680769199993],[112.66407585,-7.45677756999991],[112.66399193,-7.45672988999998],[112.66363335,-7.45652770999993],[112.66311073,-7.45623206999995],[112.66259193,-7.45596503999992],[112.66205788,-7.45570754999997],[112.66150093,-7.45553779999996],[112.661349518,-7.45550209999995],[112.661146625,-7.45547140999997],[112.660982106,-7.45542059499996],[112.660837826,-7.45537603099993],[112.660701868,-7.45533403699992],[112.66054344,-7.45529937999992],[112.66055107,-7.45527648999995],[112.66150475,-7.45243644999991],[112.66180992,-7.45156478999995],[112.662028452,-7.45094339799992],[112.66224861,-7.45031737999995],[112.662263615,-7.45027424399993],[112.66226387,-7.45027350999993],[112.66226769,-7.45025825999994],[112.66226986,-7.45025904999994],[112.662462106,-7.45032878499998],[112.66246223,-7.45032882999995],[112.66246808,-7.45031312],[112.66247245,-7.45030137999995],[112.66255379,-7.45008277999996],[112.66259956,-7.45006179999995],[112.662654323,-7.45003798899996],[112.6626873,-7.45002364999995],[112.66278648,-7.45000648999996],[112.66290092,-7.44999885999993],[112.663023,-7.44998740999994],[112.66311836,-7.44997596999997],[112.66330147,-7.44997787999995],[112.66332436,-7.44996833999994],[112.66363335,-7.44995688999992],[112.66380119,-7.45000266999997],[112.6640377,-7.45006751999996],[112.66412709417375,-7.450103614733874],[112.66428875,-7.45017591899995],[112.66428944,-7.45017622999996],[112.66428947,-7.45017623999997],[112.664464817,-7.44985711499992],[112.66448021,-7.44982909999995],[112.66455269,-7.44978904999996],[112.6646595,-7.44962882999996],[112.66478157,-7.44935035999992],[112.66484261,-7.44920348999997],[112.66499138,-7.44883918999994],[112.66502953,-7.44873046999996],[112.66506004,-7.44864463999993],[112.66506683,-7.44864701999993],[112.66508358,-7.44865287999993],[112.66509819,-7.44865798999996],[112.66510338,-7.44866140999994],[112.66511131,-7.44866482999992],[112.66509819,-7.44865607999998],[112.66517067,-7.44869040999992],[112.66517073,-7.44869015399996],[112.6651783,-7.44865798999996],[112.66518328,-7.44863724999992],[112.66518974,-7.44861030999995],[112.6652317,-7.44849967999993],[112.66544914,-7.447649],[112.66560936,-7.44701003999992],[112.66589165,-7.44590949999998],[112.66594943,-7.44564712999993],[112.66603279,-7.44526862999995],[112.666041077,-7.44520751199997],[112.666041367552481,-7.44520230935363],[112.666027427561204,-7.4452002620233],[112.666028440842183,-7.445139330060909],[112.666045734170751,-7.444978285938586],[112.666049787294625,-7.44495423740354],[112.666075186870941,-7.444771036203982],[112.666113016027182,-7.444545142099516],[112.666124616983254,-7.444429361425152],[112.666164657362629,-7.444421441055042],[112.666210334674645,-7.444421629485561],[112.666245446735005,-7.444412008671252],[112.666281393029308,-7.444378344672026],[112.666331696271044,-7.444335345913024],[112.666419537800238,-7.444251795582788],[112.666463875773545,-7.444243584846991],[112.666522993071297,-7.444227163375396],[112.666572257486081,-7.444225521228237],[112.666634659078142,-7.444237016258353],[112.666698702817357,-7.444235374111194],[112.666782862859264,-7.44424522699415],[112.666867843974757,-7.44424522699415],[112.66695976,-7.44426154999995],[112.66713142,-7.44437789999993],[112.66721916,-7.44443512000001],[112.66729164,-7.44451523000002],[112.66732979,-7.44458008],[112.66740227,-7.44466208999996],[112.667465167,-7.44472499499993],[112.66747856,-7.44473838999995],[112.66755867,-7.44478797999996],[112.66772652,-7.44478225999995],[112.66778755,-7.44478034999997],[112.66798973,-7.44477462999993],[112.66814232,-7.444767],[112.66817284,-7.444767],[112.66834068,-7.44479941999997],[112.66837883,-7.44481849999996],[112.6684742,-7.44486426999993],[112.66853523,-7.44497107999993],[112.66859245,-7.44507216999994],[112.66868782,-7.44516945000001],[112.66879463,-7.44525528000001],[112.66888237,-7.44529532999995],[112.66897392,-7.44538116999998],[112.66907311,-7.44545363999995],[112.66916847,-7.44555854999993],[112.669173221,-7.44556448699993],[112.66919899,-7.44559668999993],[112.6691984,-7.445599],[112.66924092,-7.4456526],[112.6693036,-7.44568522999996],[112.66935932,-7.44571423999994],[112.66936754,-7.44571851999995],[112.66940889,-7.44571200999996],[112.66947131,-7.44570217999992],[112.66963594,-7.44576911999997],[112.66971247,-7.44575353999997],[112.66983728,-7.44572812999998],[112.66983758,-7.44572874999993],[112.6698512,-7.44575747999992],[112.66984702,-7.44586940999996],[112.66984749,-7.44599397999997],[112.66984752,-7.44600162999993],[112.66984752,-7.44600217999991],[112.66985475,-7.44615484999997],[112.66990707,-7.44623088999997],[112.67000836,-7.44632024999992],[112.67010148,-7.44631989999993],[112.67018177,-7.44644573999997],[112.67022814,-7.44654501999995],[112.67023682,-7.44656358999994],[112.67023691,-7.44656378999998],[112.67023916,-7.44656476999991],[112.6702953,-7.44661288999992],[112.670336354,-7.44665153499996],[112.67034983,-7.44666421999995],[112.67041079,-7.44672516999997],[112.67041079,-7.44675403999998],[112.67032738,-7.44685669999997],[112.67029982,-7.44697696],[112.67032218,-7.44707945999996],[112.6703281,-7.44710661999992],[112.6703666,-7.44717397999993],[112.67041793,-7.44722209999998],[112.6704853,-7.44724776999994],[112.67052059,-7.44723813999997],[112.67059116,-7.44714189999994],[112.67065532,-7.44704565999998],[112.67071307,-7.44700395999995],[112.67079327,-7.44700074999998],[112.6708863,-7.44700395999995],[112.67096971,-7.44697187999997],[112.67104029,-7.44693658999993],[112.67108199,-7.44690771999995],[112.67111086,-7.44686921999994],[112.67114437,-7.44685247],[112.67115578,-7.44684675999996],[112.6712039,-7.44683713999997],[112.67125202,-7.44685317999996],[112.671307381,-7.44689623899994],[112.67130976,-7.44689808999993],[112.67137392,-7.44696866999993],[112.67139638,-7.44706811999993],[112.67143167,-7.44718681999994],[112.67146696,-7.44726380999998],[112.67148126,-7.44727615999993],[112.67153753,-7.44732475999994],[112.67158245,-7.44735683999994],[112.67163698,-7.44735683999994],[112.67169473,-7.44734721999991],[112.67174606,-7.44733117999993],[112.67180059,-7.44729588999998],[112.67186155,-7.44723813999997],[112.67190967,-7.44718360999996],[112.6719225,-7.44717077999997],[112.67196099,-7.44713548999994],[112.6719795,-7.44712707999997],[112.67199628,-7.44711944999993],[112.67204761,-7.44712906999993],[112.67217272,-7.44716757000002],[112.67221764,-7.4472060599999],[112.67229784,-7.44726059999992],[112.67235237,-7.44733117999993],[112.67240596,-7.44738475999997],[112.67242295,-7.44740174999994],[112.6725224,-7.447421],[112.67261223,-7.44739212999996],[112.67268601,-7.44741778999994],[112.67278225,-7.44740174999994],[112.67280471,-7.44734721999991],[112.67279188,-7.44727021999995],[112.672763655,-7.44723393399991],[112.67272451,-7.44718360999996],[112.67263468,-7.44708736999995],[112.67258977,-7.44703924999995],[112.67253523,-7.44696224999996],[112.67250636,-7.44689167999997],[112.67250957,-7.44681147999997],[112.67254486,-7.44676014999991],[112.67258977,-7.44674089999994],[112.67266676,-7.44673126999994],[112.672707224,-7.44674724199997],[112.67278867,-7.44677938999994],[112.67288491,-7.44675372999994],[112.67299077,-7.44664465999995],[112.67306777,-7.446542],[112.6731223,-7.44647462999996],[112.67322496,-7.44641367999998],[112.67334366,-7.44638800999998],[112.67336246,-7.44639254999993],[112.67343669,-7.44641046999993],[112.67349443,-7.44645537999995],[112.67358105,-7.44651953999992],[112.67365163,-7.44658049999995],[112.67378957,-7.44665427999995],[112.67387619,-7.44672806999996],[112.67398206,-7.44679223],[112.67408471,-7.44685959999992],[112.67415864,-7.44690251999998],[112.67418416,-7.44691733999994],[112.67429324,-7.44695262999996],[112.67436381,-7.44693337999993],[112.67446647,-7.44693658999993],[112.67452742,-7.44692054999997],[112.67459158,-7.44689808999993],[112.67460479,-7.44689515999994],[112.67464313,-7.44691729999994],[112.67467666,-7.44693664999994],[112.67478979,-7.44694949999996],[112.67487895,-7.44697455999995],[112.67488301,-7.44697569999994],[112.67488497,-7.44697631999996],[112.67501395,-7.44701673999997],[112.67501791,-7.44701797999997],[112.67502951,-7.44702161999993],[112.67515606,-7.44706761000001],[112.67520306,-7.44708004999995],[112.675214245,-7.44708301099994],[112.67532917,-7.44711342999995],[112.67549568,-7.44717254999995],[112.67566217,-7.44722502999995],[112.67581535,-7.44727756999993],[112.67592177,-7.44727715999996],[112.67601494,-7.44729008999996],[112.676212800768681,-7.447382107659585],[112.676237095,-7.44739340599995],[112.67624149,-7.44739544999993],[112.67637456,-7.44740822999997],[112.67646106,-7.44741453999997],[112.67654097,-7.44744079],[112.67674041,-7.44741347999995],[112.67687346,-7.44741961999993],[112.67702644,-7.44741903999996],[112.6771728,-7.44742511999993],[112.67727925,-7.44743135999998],[112.67741232,-7.44744412999994],[112.67741363,-7.44744516999998],[112.677507414350217,-7.44742939828437],[112.67755997,-7.44742055999994],[112.67757376,-7.44741773999998],[112.67766584,-7.44739889999994],[112.677710599,-7.44739494399994],[112.677709807649038,-7.447397713063421],[112.67769215,-7.44745949999998],[112.67758628,-7.44776104999995],[112.6773938,-7.44836737],[112.677086906416832,-7.449272182836374],[112.677056192,-7.44936273799992],[112.67702167,-7.44946451999996],[112.67702167,-7.44947992999994],[112.67702167,-7.44952226999995],[112.67697676,-7.44959925999994],[112.67691901,-7.44972436999998],[112.6768324,-7.44990080999997],[112.67677786,-7.45012857999993],[112.67673936,-7.45024727999995],[112.6766752,-7.45036918999996],[112.67651641,-7.45075895999997],[112.67646508,-7.45087605999996],[112.67645866,-7.45096588],[112.67646066,-7.45099831999992],[112.67646668,-7.45109580999994],[112.676474625720601,-7.451158079009965],[112.6764763,-7.45117119999998],[112.676471111,-7.45120309999993],[112.67646508,-7.45124016999994],[112.67644583,-7.45131235],[112.67635761,-7.45155615999992],[112.676356,-7.45169730999994],[112.676360799,-7.451723917],[112.67637365,-7.45179515999996],[112.676367218,-7.45182914599997],[112.676367,-7.45183029999995],[112.67636649,-7.45183014999998],[112.67634382,-7.45189012],[112.67630052,-7.45192701999997],[112.67621871,-7.45196550999995],[112.676108721,-7.45200377000001],[112.67610803,-7.45200400999993],[112.67597811,-7.45205052999997],[112.67586102,-7.45210024999995],[112.67579112,-7.45214848999995],[112.67580716,-7.45216884999997],[112.67582961,-7.45218969999994],[112.675841399,-7.45220018],[112.67587292,-7.45222819999997],[112.67592425,-7.45225545999995],[112.67601568,-7.45230037999993],[112.676043789,-7.45231174099993],[112.67609107,-7.45233084999997],[112.676114128,-7.4523390169999],[112.67616806,-7.45235811999994],[112.67619693,-7.45238859999997],[112.67621939,-7.45246398999993],[112.67624666,-7.45255541999998],[112.67625628,-7.45260673999995],[112.6762659,-7.45263240999998],[112.676266269,-7.452632265],[112.676244683,-7.45269554499992],[112.676225289,-7.452768173],[112.676149295,-7.45301198999996],[112.676061882,-7.45332577799996],[112.676382478,-7.45343115899994],[112.676565039,-7.45348755999991],[112.676689875504067,-7.453535382987118],[112.676811778,-7.45358208199994],[112.676798403,-7.45360092899991],[112.676693912,-7.45384790599993],[112.676472266,-7.45439568899997],[112.676453268,-7.45455084099998],[112.676435660163122,-7.454665291524407],[112.676432069,-7.454688634],[112.676519762,-7.45472340799995],[112.676594172,-7.45477406999996],[112.676630004,-7.45473453099995],[112.67665494,-7.45476596999993],[112.67665857,-7.45476838999996],[112.67673675,-7.45482050999992],[112.67702868,-7.45497769999997],[112.67713133,-7.45504346999997],[112.67722116,-7.45514932999993],[112.6772757,-7.45520065999994],[112.67741525,-7.45526481999997],[112.6776783,-7.45535624999998],[112.677814085,-7.45541699299997],[112.677834315,-7.45542446599995],[112.677845714,-7.45542867699996],[112.678062184,-7.45552391599997],[112.677839984,-7.455947743],[112.67752078,-7.456472187],[112.677686497,-7.45653260299995],[112.67768523,-7.45653626999996],[112.6771868,-7.45799511999994],[112.67612641,-7.46087523999993],[112.67603815,-7.46087068999998],[112.67528217,-7.46060136999995],[112.67296994,-7.45984179999995],[112.67237,-7.45966],[112.67229,-7.45961],[112.67204,-7.45951],[112.67179,-7.4594],[112.67173,-7.45938],[112.67172668,-7.45937848999995],[112.671665476,-7.45935066999994],[112.67162,-7.45933],[112.671614013,-7.45932825299998],[112.67154476,-7.45930804999993],[112.67154437,-7.45930794],[112.67145692,-7.45928243000001],[112.67114,-7.45919],[112.67062788,-7.45898289999995],[112.670145175,-7.45878468599992],[112.670122372,-7.45877532199995],[112.67005815,-7.45874895],[112.66961809,-7.45854824999998],[112.669191235,-7.45832234799997],[112.669300317,-7.45817089799993],[112.669577242,-7.45798145599997],[112.669595824,-7.45796874399996]]]]}},
{"type":"Feature","properties":{"kdkab":"15","kdkec":"110","nmkab":"SIDOARJO","nmkec":"SIDOARJO","kddesa":"003","kdprov":"35","nmdesa":"BANJARBENDO","nmprov":"JAWA TIMUR","iddesa":"3515110003"},"geometry":{"type":"MultiPolygon","coordinates":[[[[112.69326,-7.45557998999991],[112.69315316,-7.45554873999994],[112.69307621,-7.45554618999994],[112.69295646,-7.45552957999995],[112.69291526,-7.45553561999995],[112.69268712,-7.45564103999994],[112.69243606,-7.45584043],[112.69210538,-7.45601366999993],[112.69190339,-7.45600527999994],[112.69181376,-7.45600155999998],[112.69176723,-7.45600173999998],[112.691634318,-7.45567249999992],[112.69162077,-7.45563894],[112.69156273,-7.45514418999997],[112.69157962,-7.45466783999994],[112.69181245,-7.45438677999993],[112.69211964,-7.45397468999994],[112.69232447,-7.45371241999995],[112.692371369,-7.45332592200002],[112.6924061,-7.45303969999997],[112.69235763,-7.45260095000002],[112.69229248,-7.45258536999996],[112.69214559,-7.45255023999993],[112.69199263,-7.45257432999996],[112.691907042,-7.45259068699995],[112.69184303,-7.45260291999994],[112.69167907,-7.45262588],[112.69164309,-7.45264480999995],[112.69149774,-7.45263967999992],[112.69148656,-7.45263229999994],[112.69143782,-7.45260014999997],[112.69143536,-7.45259852000001],[112.69137204,-7.45250970000001],[112.69134664,-7.45247406999992],[112.691241507,-7.45230068699994],[112.69123365,-7.45228772999998],[112.69117232,-7.45222393999997],[112.69104577,-7.45209232999998],[112.69090548,-7.45201523000002],[112.69065378,-7.45203629999995],[112.69042839,-7.45213203999998],[112.69020412,-7.45220760999996],[112.69004535,-7.45228292999998],[112.68986793,-7.45237698999994],[112.6896379,-7.45245176099994],[112.689637325,-7.45245194800001],[112.68963209,-7.45245364999996],[112.68961429,-7.45245943999994],[112.68960628,-7.45246203999994],[112.68946579,-7.45242522999995],[112.68946471,-7.45242457999994],[112.68931256,-7.45233255999998],[112.68931,-7.45232998999994],[112.68926529,-7.45228278999997],[112.68919913,-7.45221294999996],[112.68905994,-7.45202918999997],[112.68905952,-7.45202863],[112.68917049,-7.45190344999997],[112.68916728,-7.45185211999998],[112.68910954,-7.4517238],[112.68903575,-7.45150244999996],[112.68898442,-7.45132600999997],[112.68888497,-7.45088970999998],[112.688878166,-7.45084344399995],[112.68886893,-7.45078063999993],[112.68880157,-7.45064910999995],[112.68872136,-7.45057532999991],[112.68858663,-7.45048870999992],[112.68837169,-7.45041171999997],[112.68818883,-7.45036358999995],[112.68798352,-7.45027056],[112.68789048,-7.45020639999996],[112.68786803,-7.45013261999997],[112.68786161,-7.45000749999996],[112.68789369,-7.44988559999993],[112.687896071,-7.44987973799992],[112.687909771,-7.44984600999991],[112.68791898,-7.44982333999997],[112.68791901,-7.44982333999997],[112.68791906,-7.44982311999997],[112.68794151,-7.44976536999995],[112.687986986978231,-7.449702049624038],[112.68800487,-7.44967714999998],[112.68808186,-7.44959694999992],[112.68812998,-7.44952636999992],[112.688155342,-7.44942776699997],[112.68815886,-7.44941408999995],[112.68815915,-7.44940943999995],[112.68816536,-7.44930994999993],[112.68817169,-7.44920877999991],[112.68811881,-7.44901048999995],[112.6880947,-7.44892004999995],[112.68807727,-7.44889342999991],[112.688021322,-7.44880791399993],[112.6880167,-7.44880084999992],[112.68792467,-7.44866019999996],[112.68758462,-7.44824956999997],[112.68756216,-7.44811804999996],[112.687579998,-7.44808831999995],[112.68761991,-7.44802179999993],[112.68779635,-7.44787423999996],[112.68801449,-7.44777798999996],[112.688173607,-7.44770311399996],[112.68822859,-7.44767723999995],[112.688231708,-7.44767577699998],[112.68823264,-7.44767533999991],[112.68835455,-7.44748284999996],[112.688460107,-7.44724486899996],[112.68853099,-7.44708505999993],[112.68854061,-7.44698881999997],[112.68853457,-7.44691330999998],[112.68875618,-7.44685013000001],[112.68882213,-7.44685831999995],[112.69046583,-7.44706263999996],[112.69080462,-7.44710474999994],[112.6909117,-7.44713769999992],[112.69092395,-7.44713769999992],[112.69092386,-7.44713836999995],[112.69092295,-7.44714545999994],[112.69115728,-7.44718233999989],[112.69117376,-7.44718980999996],[112.69125384,-7.44719647999993],[112.691259713,-7.44719198799995],[112.69130838,-7.44715476999994],[112.69136292,-7.44709060999995],[112.6913631,-7.44709077999996],[112.69150407,-7.44721572999992],[112.69173664,-7.44752824999993],[112.69181204,-7.44762955999994],[112.69186613,-7.44780342999996],[112.691867037,-7.44780634299997],[112.69190187,-7.44791828999994],[112.69201094,-7.44803056999996],[112.69206886,-7.44807973999995],[112.69214553,-7.44814483999991],[112.69218096,-7.44817492999993],[112.69233495,-7.44821021999997],[112.69254026,-7.44817492999993],[112.692662789,-7.44819387299997],[112.69272409,-7.44820334999996],[112.6928327,-7.44822014999998],[112.69286852,-7.44828117999997],[112.69289677,-7.44837740999997],[112.69292055,-7.44842004999997],[112.69293132,-7.44843935999996],[112.69300219,-7.44846263999995],[112.69309872,-7.44846654999995],[112.69311153,-7.448468],[112.69314979,-7.44855026999992],[112.69318809,-7.44854052999995],[112.693255755,-7.44852332899995],[112.69333907,-7.44850214999998],[112.69342889,-7.44845081999995],[112.69351551,-7.44849894],[112.69369204,-7.44869477999993],[112.69372082,-7.44872670999996],[112.69377036,-7.44873092999996],[112.69400799,-7.44875114999998],[112.69402056,-7.44875221999997],[112.6941258,-7.44876118],[112.69424854,-7.44877161999996],[112.69442338,-7.4487908699999],[112.69458699,-7.44875076999994],[112.69470582,-7.44860379999993],[112.69472048,-7.44859803000001],[112.694939391,-7.44856098699993],[112.695111059,-7.44785285499997],[112.695111205,-7.44785225199996],[112.695321298,-7.44788501599993],[112.69532131,-7.44788495999992],[112.69532525,-7.44788579999995],[112.69567285,-7.44798011999995],[112.69567282,-7.44798026],[112.69567402,-7.44798055999998],[112.695674754,-7.44798073699997],[112.695681271,-7.44798230699997],[112.697074414,-7.44831801899995],[112.697093019,-7.44832250199995],[112.69709351,-7.44832261999995],[112.69764802,-7.44845623999991],[112.69764806,-7.44845622999996],[112.6979448,-7.44855407999994],[112.69865057,-7.44879146999998],[112.69866982,-7.44880429999993],[112.69866821,-7.44884279999995],[112.69866635,-7.44885210999997],[112.69865859,-7.44889091999994],[112.69865538,-7.44891017],[112.69865378,-7.44892620999995],[112.69869,-7.44893861000002],[112.69933705,-7.44916002999997],[112.6994,-7.44917998999993],[112.69949895,-7.44921108999994],[112.69953163,-7.44922135999996],[112.69967371,-7.44926601],[112.69967389,-7.44926606999996],[112.699676218,-7.44926680199997],[112.699682443,-7.44926875799996],[112.69975,-7.44928998999995],[112.70054,-7.44958998999993],[112.70076,-7.44963998999998],[112.70080674,-7.44965868999998],[112.701354284,-7.44982248299992],[112.70135705,-7.44982330999992],[112.70152176,-7.44987258],[112.70240509,-7.45017010999992],[112.70240483,-7.45017124999993],[112.70244636,-7.45018266999993],[112.70244633,-7.45018277999997],[112.70239374,-7.45035262999995],[112.70236819,-7.45042675],[112.702150489,-7.45105841899992],[112.702445814,-7.45118336399995],[112.702413824,-7.45135785299991],[112.702350401,-7.45164536899998],[112.70265018,-7.4517459799999],[112.702905814,-7.45186418199995],[112.70290955,-7.45186591],[112.7029095,-7.45186624999997],[112.70307427,-7.45191303999996],[112.70309049,-7.45192090999997],[112.70341931,-7.45195619999994],[112.7035884,-7.45196304999996],[112.70358995,-7.45196376999996],[112.70377887,-7.45197599799996],[112.70377936,-7.45197602999996],[112.704110774,-7.45199749899995],[112.70409197,-7.45219532999994],[112.70431,-7.45229998999997],[112.70440373,-7.45234461999993],[112.7044133,-7.45244351999995],[112.70441651,-7.45252693],[112.7044903,-7.45258146999994],[112.70490092,-7.45262958999996],[112.70512836,-7.45269940999997],[112.70535181,-7.45282077999996],[112.7053903,-7.45284167999993],[112.70552471,-7.45291468999996],[112.7055526,-7.45292984],[112.70555301,-7.45292825999994],[112.70555767,-7.45293258999994],[112.70555819,-7.45293306999998],[112.7055594,-7.45293352999998],[112.70573246,-7.45299919999997],[112.705746383,-7.45300543799994],[112.7057873,-7.45302376999994],[112.70578812,-7.45302413999994],[112.70580785,-7.45303297999994],[112.70582357,-7.45304351999995],[112.70586403,-7.45307063999994],[112.70664198,-7.4533930499999],[112.70660444,-7.45361619999994],[112.70669101,-7.45364813999992],[112.70681514,-7.45368791199996],[112.70683617,-7.45369464999996],[112.70683869,-7.45369529999992],[112.706838589,-7.45369580299997],[112.706731288,-7.454232318],[112.706608965925625,-7.454843936466296],[112.706578391,-7.45499681199993],[112.7065679,-7.45504924999994],[112.70643797,-7.45547270999997],[112.70626314,-7.45596914999993],[112.70626474,-7.45597877999994],[112.70628319,-7.45599],[112.70629602,-7.45599882999998],[112.70630965,-7.45600844999998],[112.7063281,-7.45602127999995],[112.70634334,-7.45604052999993],[112.70635216,-7.45604934999994],[112.70635216,-7.45605255999994],[112.70635136,-7.45606458999993],[112.70635056,-7.4560686],[112.70634612,-7.45608572],[112.70634494,-7.45609025999993],[112.706334944,-7.45612550899998],[112.70628399,-7.45630518999997],[112.706258455,-7.45639953899992],[112.70625748,-7.45640314],[112.7062102,-7.45657787999994],[112.70615567,-7.45676072999994],[112.70615888,-7.45682649999998],[112.70618294,-7.45684894999993],[112.70620619,-7.45686498999993],[112.70623106,-7.45687863],[112.70624469,-7.45689307],[112.70625136,-7.45690506999993],[112.706242675,-7.45693379899995],[112.70624226,-7.45693516999994],[112.706183362451497,-7.457129820024234],[112.7059916,-7.45776385999992],[112.705990223,-7.457763401],[112.7059164,-7.45773879999997],[112.70590295,-7.45773430999997],[112.70589,-7.45772998999994],[112.70588935,-7.45772984999997],[112.70588878,-7.45772965999993],[112.7057544,-7.45769957999993],[112.705743455,-7.457697132],[112.70573553,-7.45769549699998],[112.705418845,-7.45763015799998],[112.705141038,-7.45762264199992],[112.70501403,-7.45761106000001],[112.704861012,-7.45763679899997],[112.70486053,-7.45763687999993],[112.70470914,-7.45766234999993],[112.704597275,-7.45768116199995],[112.70449085,-7.4576990599999],[112.70437167,-7.45772597999997],[112.70404079,-7.45784631999991],[112.70401092,-7.4578514],[112.70394592,-7.45786246999993],[112.703819246,-7.45788404599997],[112.70364345,-7.45791398999996],[112.70351661,-7.45785615399992],[112.70351022,-7.45785324000001],[112.70334613,-7.45777840999995],[112.70329824,-7.45775656999993],[112.70301946,-7.45763858999992],[112.70271442,-7.45758684999995],[112.702685515,-7.45758181199995],[112.70253408,-7.45755541999994],[112.70234307,-7.45752213999997],[112.70231198,-7.45751995999996],[112.702025633,-7.45749989799996],[112.70202437,-7.45749980999997],[112.70198512,-7.45749706000001],[112.70188586,-7.45748784999994],[112.70186717,-7.45748611999993],[112.701833187,-7.45748296899994],[112.701728755,-7.45745886899997],[112.701569096,-7.45742202499997],[112.701147416,-7.45715401999997],[112.700721335,-7.45702536799995],[112.700622585,-7.45696348699994],[112.700542439,-7.45687716299992],[112.700500861,-7.456781242],[112.700485325,-7.45634288699998],[112.700484353,-7.45585762599998],[112.700452398,-7.45576501199997],[112.700434772323618,-7.455750450194075],[112.700378619,-7.45570405800001],[112.700335458,-7.45566116600001],[112.700154007,-7.45557073699997],[112.700128348,-7.45555794999998],[112.699895563,-7.45553185099993],[112.699863372,-7.45552824199994],[112.699830776,-7.45554380899994],[112.699645364,-7.45563235399992],[112.699461164,-7.45577913999992],[112.699252513,-7.45602382999994],[112.699222262,-7.456059307],[112.699076836,-7.45624625599996],[112.699025787,-7.456350281],[112.699021258,-7.45641704900001],[112.699012199,-7.45655058499995],[112.69904328,-7.45659764499992],[112.699143856,-7.45672781299993],[112.699280427,-7.45689009099995],[112.699349484,-7.45699190399995],[112.699388026,-7.45710053399994],[112.699385863,-7.45724176399995],[112.699367208,-7.45733673199991],[112.699325756,-7.45747932499997],[112.699216635,-7.45760709699992],[112.699102292,-7.45767517599998],[112.698923316,-7.457715724],[112.698818614,-7.45770797999994],[112.69875868,-7.45771451],[112.69874452,-7.45770872499998],[112.69864965,-7.45766996999992],[112.69837371,-7.45755725],[112.69806817,-7.45737321999996],[112.697873971,-7.45729248499991],[112.69781594,-7.45726835999996],[112.69757697,-7.45716343999992],[112.69741783,-7.45713759999997],[112.697189232,-7.45715048399998],[112.69716606,-7.45715178999994],[112.69703358,-7.45716552999993],[112.69682167,-7.45720602999998],[112.69663606,-7.45721831999995],[112.69661945,-7.45721941999996],[112.69660967,-7.45722006999996],[112.69653668,-7.45718678999998],[112.69643707,-7.45714136],[112.69632693,-7.45706205999998],[112.69597961,-7.45692591999996],[112.69592099,-7.45691241],[112.69586386,-7.45689924999996],[112.695684204,-7.45685786399997],[112.69568358,-7.45685772],[112.69560313,-7.45683918999994],[112.69545661,-7.45678482999994],[112.69526924,-7.45671531999993],[112.69500653,-7.45657410999996],[112.694989082,-7.45656602799993],[112.69498369,-7.45656352999993],[112.694970659,-7.456557495],[112.6948713,-7.45651147999994],[112.69482382,-7.45648947999997],[112.69479801,-7.45648076999993],[112.69461553,-7.45641917999994],[112.69445354,-7.45633178999997],[112.69427,-7.45623277999993],[112.69393561,-7.45597806999996],[112.69392804,-7.45597198999998],[112.693927623,-7.45597165499994],[112.69390899,-7.45595667999993],[112.6936095,-7.45574488999995],[112.69349867,-7.45566651999996],[112.69343275,-7.455633],[112.69326,-7.45557998999991]]]]}},
{"type":"Feature","properties":{"kdkab":"15","kdkec":"110","nmkab":"SIDOARJO","nmkec":"SIDOARJO","kddesa":"002","kdprov":"35","nmdesa":"SUKO","nmprov":"JAWA TIMUR","iddesa":"3515110002"},"geometry":{"type":"MultiPolygon","coordinates":[[[[112.678283768,-7.45506847499994],[112.678062184,-7.45552391599997],[112.677845714,-7.45542867699996],[112.677834315,-7.45542446599995],[112.677814085,-7.45541699299997],[112.6776783,-7.45535624999998],[112.67741525,-7.45526481999997],[112.6772757,-7.45520065999994],[112.67722116,-7.45514932999993],[112.67713133,-7.45504346999997],[112.67702868,-7.45497769999997],[112.67673675,-7.45482050999992],[112.67665857,-7.45476838999996],[112.67665494,-7.45476596999993],[112.676630004,-7.45473453099995],[112.676594172,-7.45477406999996],[112.676519762,-7.45472340799995],[112.676432069,-7.454688634],[112.676435660163122,-7.454665291524407],[112.676453268,-7.45455084099998],[112.676472266,-7.45439568899997],[112.676693912,-7.45384790599993],[112.676798403,-7.45360092899991],[112.676811778,-7.45358208199994],[112.676689875504067,-7.453535382987118],[112.676565039,-7.45348755999991],[112.676382478,-7.45343115899994],[112.676061882,-7.45332577799996],[112.676149295,-7.45301198999996],[112.676225289,-7.452768173],[112.676244683,-7.45269554499992],[112.676266269,-7.452632265],[112.6762659,-7.45263240999998],[112.67625628,-7.45260673999995],[112.67624666,-7.45255541999998],[112.67621939,-7.45246398999993],[112.67619693,-7.45238859999997],[112.67616806,-7.45235811999994],[112.676114128,-7.4523390169999],[112.67609107,-7.45233084999997],[112.676043789,-7.45231174099993],[112.67601568,-7.45230037999993],[112.67592425,-7.45225545999995],[112.67587292,-7.45222819999997],[112.675841399,-7.45220018],[112.67582961,-7.45218969999994],[112.67580716,-7.45216884999997],[112.67579112,-7.45214848999995],[112.67586102,-7.45210024999995],[112.67597811,-7.45205052999997],[112.67610803,-7.45200400999993],[112.676108721,-7.45200377000001],[112.67621871,-7.45196550999995],[112.67630052,-7.45192701999997],[112.67634382,-7.45189012],[112.67636649,-7.45183014999998],[112.676367,-7.45183029999995],[112.676367218,-7.45182914599997],[112.67637365,-7.45179515999996],[112.676360799,-7.451723917],[112.676356,-7.45169730999994],[112.67635761,-7.45155615999992],[112.67644583,-7.45131235],[112.67646508,-7.45124016999994],[112.676471111,-7.45120309999993],[112.6764763,-7.45117119999998],[112.676474625720601,-7.451158079009965],[112.67646668,-7.45109580999994],[112.67646066,-7.45099831999992],[112.67645866,-7.45096588],[112.67646508,-7.45087605999996],[112.67651641,-7.45075895999997],[112.6766752,-7.45036918999996],[112.67673936,-7.45024727999995],[112.67677786,-7.45012857999993],[112.6768324,-7.44990080999997],[112.67691901,-7.44972436999998],[112.67697676,-7.44959925999994],[112.67702167,-7.44952226999995],[112.67702167,-7.44947992999994],[112.67702167,-7.44946451999996],[112.677056192,-7.44936273799992],[112.677086906416832,-7.449272182836374],[112.6773938,-7.44836737],[112.67758628,-7.44776104999995],[112.67769215,-7.44745949999998],[112.677709807649038,-7.447397713063421],[112.677710599,-7.44739494399994],[112.67766584,-7.44739889999994],[112.67757376,-7.44741773999998],[112.67755997,-7.44742055999994],[112.677507414350217,-7.44742939828437],[112.67741363,-7.44744516999998],[112.67741232,-7.44744412999994],[112.67727925,-7.44743135999998],[112.6771728,-7.44742511999993],[112.67702644,-7.44741903999996],[112.67687346,-7.44741961999993],[112.67674041,-7.44741347999995],[112.67654097,-7.44744079],[112.67646106,-7.44741453999997],[112.67637456,-7.44740822999997],[112.67624149,-7.44739544999993],[112.676237095,-7.44739340599995],[112.676212800768681,-7.447382107659585],[112.67601494,-7.44729008999996],[112.67592177,-7.44727715999996],[112.67581535,-7.44727756999993],[112.67566217,-7.44722502999995],[112.67549568,-7.44717254999995],[112.67532917,-7.44711342999995],[112.675214245,-7.44708301099994],[112.67520306,-7.44708004999995],[112.67515606,-7.44706761000001],[112.67502951,-7.44702161999993],[112.67501791,-7.44701797999997],[112.67501395,-7.44701673999997],[112.67488497,-7.44697631999996],[112.67488301,-7.44697569999994],[112.67487895,-7.44697455999995],[112.67478979,-7.44694949999996],[112.67467666,-7.44693664999994],[112.67464313,-7.44691729999994],[112.67460479,-7.44689515999994],[112.67459158,-7.44689808999993],[112.67452742,-7.44692054999997],[112.67446647,-7.44693658999993],[112.67436381,-7.44693337999993],[112.67429324,-7.44695262999996],[112.67418416,-7.44691733999994],[112.67415864,-7.44690251999998],[112.67408471,-7.44685959999992],[112.67398206,-7.44679223],[112.67387619,-7.44672806999996],[112.67378957,-7.44665427999995],[112.67365163,-7.44658049999995],[112.67358105,-7.44651953999992],[112.67349443,-7.44645537999995],[112.67343669,-7.44641046999993],[112.67336246,-7.44639254999993],[112.67334366,-7.44638800999998],[112.67322496,-7.44641367999998],[112.6731223,-7.44647462999996],[112.67306777,-7.446542],[112.67299077,-7.44664465999995],[112.67288491,-7.44675372999994],[112.67278867,-7.44677938999994],[112.672707224,-7.44674724199997],[112.67266676,-7.44673126999994],[112.67258977,-7.44674089999994],[112.67254486,-7.44676014999991],[112.67250957,-7.44681147999997],[112.67250636,-7.44689167999997],[112.67253523,-7.44696224999996],[112.67258977,-7.44703924999995],[112.67263468,-7.44708736999995],[112.67272451,-7.44718360999996],[112.672763655,-7.44723393399991],[112.67279188,-7.44727021999995],[112.67280471,-7.44734721999991],[112.67278225,-7.44740174999994],[112.67268601,-7.44741778999994],[112.67261223,-7.44739212999996],[112.6725224,-7.447421],[112.67242295,-7.44740174999994],[112.67240596,-7.44738475999997],[112.67235237,-7.44733117999993],[112.67229784,-7.44726059999992],[112.67221764,-7.4472060599999],[112.67217272,-7.44716757000002],[112.67204761,-7.44712906999993],[112.67199628,-7.44711944999993],[112.6719795,-7.44712707999997],[112.67196099,-7.44713548999994],[112.6719225,-7.44717077999997],[112.67190967,-7.44718360999996],[112.67186155,-7.44723813999997],[112.67180059,-7.44729588999998],[112.67174606,-7.44733117999993],[112.67169473,-7.44734721999991],[112.67163698,-7.44735683999994],[112.67158245,-7.44735683999994],[112.67153753,-7.44732475999994],[112.67148126,-7.44727615999993],[112.67146696,-7.44726380999998],[112.67143167,-7.44718681999994],[112.67139638,-7.44706811999993],[112.67137392,-7.44696866999993],[112.67130976,-7.44689808999993],[112.671307381,-7.44689623899994],[112.67125202,-7.44685317999996],[112.6712039,-7.44683713999997],[112.67115578,-7.44684675999996],[112.67114437,-7.44685247],[112.67111086,-7.44686921999994],[112.67108199,-7.44690771999995],[112.67104029,-7.44693658999993],[112.67096971,-7.44697187999997],[112.6708863,-7.44700395999995],[112.67079327,-7.44700074999998],[112.67071307,-7.44700395999995],[112.67065532,-7.44704565999998],[112.67059116,-7.44714189999994],[112.67052059,-7.44723813999997],[112.6704853,-7.44724776999994],[112.67041793,-7.44722209999998],[112.6703666,-7.44717397999993],[112.6703281,-7.44710661999992],[112.67032218,-7.44707945999996],[112.67029982,-7.44697696],[112.67032738,-7.44685669999997],[112.67041079,-7.44675403999998],[112.67041079,-7.44672516999997],[112.67034983,-7.44666421999995],[112.670336354,-7.44665153499996],[112.6702953,-7.44661288999992],[112.67023916,-7.44656476999991],[112.67023691,-7.44656378999998],[112.67023682,-7.44656358999994],[112.67033577,-7.44650840999997],[112.67033958,-7.44647407999998],[112.67036773,-7.44614024999993],[112.67040006,-7.44575683999994],[112.67046165,-7.44502651999994],[112.67047745,-7.44483911999991],[112.67048836,-7.44470977999995],[112.67048836,-7.44468688999996],[112.67048835,-7.44468308099994],[112.670519411,-7.44470508299998],[112.670555332,-7.44471081499993],[112.670673984,-7.44421775099994],[112.670762206,-7.44368001499995],[112.670806971,-7.44340715999992],[112.670891767,-7.44286186099994],[112.67095645,-7.44248791999998],[112.67112327,-7.44144850999992],[112.671331,-7.44054650999993],[112.67148781,-7.44058608999996],[112.67149925,-7.44058226999997],[112.67158699,-7.44058608999996],[112.67158794,-7.44058616999995],[112.67158779,-7.44058675999995],[112.67160717,-7.44058777],[112.67160959,-7.44058789999994],[112.67164616,-7.44059639999993],[112.671767,-7.44062449999992],[112.67244083,-7.44078120999995],[112.672590034,-7.44081590699994],[112.67331265,-7.44098394999996],[112.67331477,-7.44098444999996],[112.67347647,-7.44102204999998],[112.673476871,-7.44102214299996],[112.67423317,-7.44119801999997],[112.67440769,-7.44123860999998],[112.67446,-7.44126998999996],[112.67451694,-7.44127925799994],[112.67453649,-7.44128243999995],[112.67500878,-7.44135929999994],[112.67511237,-7.44137614999991],[112.67523885,-7.44140452999996],[112.675380488,-7.44143630699997],[112.67567076,-7.44150142999995],[112.675910943,-7.44155531499995],[112.67591288,-7.44155575],[112.67728819,-7.44186432],[112.67749355,-7.44191039000002],[112.677495472,-7.44191082100001],[112.6780979,-7.44204597999992],[112.67809798,-7.44204545999996],[112.67810759,-7.44205016999996],[112.678275371,-7.44208129699995],[112.67835274,-7.44165346999996],[112.678353163,-7.44165112999997],[112.67837182,-7.44154795999996],[112.67850014,-7.44086785999997],[112.67856158,-7.44067994999993],[112.67878312,-7.44072521999992],[112.67925676,-7.44083149999992],[112.6793472,-7.44085179999995],[112.679472471,-7.44087225899996],[112.67947897,-7.44087331999998],[112.67998685,-7.44095626999998],[112.68016126,-7.44098475999993],[112.68035872,-7.44101700999997],[112.680388412,-7.44102185699995],[112.68040797,-7.44102504999998],[112.68227,-7.44144999],[112.68235,-7.44146998999998],[112.68248275,-7.4414990299999],[112.68248254,-7.44150004999995],[112.68248573,-7.44150064999996],[112.68289415,-7.44158427999998],[112.68299897,-7.44160574999997],[112.68303018,-7.44160900999997],[112.68302724,-7.44162494299997],[112.68294688,-7.44206044999991],[112.68284423,-7.44267959999994],[112.68270949,-7.44342064999994],[112.682604,-7.44385844999992],[112.682602074,-7.44386644099995],[112.68258117,-7.44395318999993],[112.682571961286001,-7.443974396919388],[112.6824753,-7.444197],[112.682448199088057,-7.444235048331451],[112.682370344,-7.44434435299997],[112.682370201,-7.44434451199993],[112.682229273,-7.44457246499998],[112.682454758,-7.44474699199998],[112.682612565,-7.44487192299992],[112.68268684,-7.444779963],[112.682779993,-7.44470957999995],[112.682814734,-7.44473601299995],[112.68291693,-7.44481376999997],[112.68303562,-7.44495170999992],[112.68309979,-7.44499341999995],[112.68324735,-7.44502228999994],[112.6834238,-7.44504795999997],[112.68359529,-7.44505342],[112.68392746,-7.445064],[112.683943783,-7.44506710499995],[112.68394912,-7.44506812],[112.68417317,-7.44511079999993],[112.684173248,-7.44511081499995],[112.68460114,-7.44519231999996],[112.68498611,-7.44531100999994],[112.68535183,-7.44560614999992],[112.6857015,-7.44584675999992],[112.68588316,-7.44589280999998],[112.68592927,-7.44590449999992],[112.6865003,-7.44597828999996],[112.686518704,-7.44598420899995],[112.68651961,-7.44598449999997],[112.6867794,-7.44606810999994],[112.68743384,-7.44628304999997],[112.68787976,-7.44654289999993],[112.68800774,-7.44661238999993],[112.688163943,-7.44669721599998],[112.688169601,-7.44670028799989],[112.68819045,-7.44671160999998],[112.68837072,-7.4468095],[112.68847645,-7.44686690999989],[112.6885342,-7.44690861999992],[112.68853457,-7.44691330999998],[112.68854061,-7.44698881999997],[112.68853099,-7.44708505999993],[112.688460107,-7.44724486899996],[112.68835455,-7.44748284999996],[112.68823264,-7.44767533999991],[112.688231708,-7.44767577699998],[112.68822859,-7.44767723999995],[112.688173607,-7.44770311399996],[112.68801449,-7.44777798999996],[112.68779635,-7.44787423999996],[112.68761991,-7.44802179999993],[112.687579998,-7.44808831999995],[112.68756216,-7.44811804999996],[112.68758462,-7.44824956999997],[112.68792467,-7.44866019999996],[112.6880167,-7.44880084999992],[112.688021322,-7.44880791399993],[112.68807727,-7.44889342999991],[112.6880947,-7.44892004999995],[112.68811881,-7.44901048999995],[112.68817169,-7.44920877999991],[112.68816536,-7.44930994999993],[112.68815915,-7.44940943999995],[112.68815886,-7.44941408999995],[112.688155342,-7.44942776699997],[112.68812998,-7.44952636999992],[112.68808186,-7.44959694999992],[112.68800487,-7.44967714999998],[112.687986986978231,-7.449702049624038],[112.68794151,-7.44976536999995],[112.68791906,-7.44982311999997],[112.68791901,-7.44982333999997],[112.68791898,-7.44982333999997],[112.687909771,-7.44984600999991],[112.687896071,-7.44987973799992],[112.68789369,-7.44988559999993],[112.68786161,-7.45000749999996],[112.68786803,-7.45013261999997],[112.68789048,-7.45020639999996],[112.68798352,-7.45027056],[112.68818883,-7.45036358999995],[112.68837169,-7.45041171999997],[112.68858663,-7.45048870999992],[112.68872136,-7.45057532999991],[112.68880157,-7.45064910999995],[112.68886893,-7.45078063999993],[112.688878166,-7.45084344399995],[112.68888497,-7.45088970999998],[112.68898442,-7.45132600999997],[112.68903575,-7.45150244999996],[112.68910954,-7.4517238],[112.68916728,-7.45185211999998],[112.68917049,-7.45190344999997],[112.68905952,-7.45202863],[112.68905994,-7.45202918999997],[112.68886289,-7.451981],[112.688843244,-7.45197619299995],[112.68880849,-7.45196768999994],[112.68874258,-7.45195156999994],[112.68781634,-7.45172502599998],[112.687770303,-7.45192637899994],[112.687708971,-7.45219462299997],[112.687569737,-7.45268398599994],[112.68746116,-7.45300369899993],[112.687224737,-7.45378123599997],[112.686948104,-7.45469101899993],[112.686867461,-7.454636593],[112.68654881,-7.45462664999998],[112.68629717,-7.45459970999997],[112.686219743,-7.45459468099994],[112.68614628,-7.45458990999995],[112.68612623,-7.45459543999994],[112.68594542,-7.45460741999995],[112.68583036,-7.45458489999991],[112.68568461,-7.45455485999996],[112.68558491,-7.45453993999997],[112.68551201,-7.45451725999992],[112.6854876,-7.45450317999996],[112.68547724,-7.45450269999997],[112.68545363,-7.45448356999997],[112.68541982,-7.45446406000001],[112.68537392,-7.45448718999993],[112.68532046,-7.45453711999996],[112.68528213,-7.45453725999996],[112.68521698,-7.45453750999997],[112.68517885,-7.45458738999996],[112.6851791,-7.45465240999992],[112.68518318,-7.45471742999996],[112.68513941,-7.45479600999996],[112.68510878,-7.45480377999997],[112.68503602,-7.45481935999993],[112.68497463,-7.45480046999995],[112.68493638,-7.45481973999996],[112.68489808,-7.45482752999995],[112.6848444,-7.45482008999996],[112.684809873,-7.45478019299997],[112.68480428,-7.45477372999992],[112.6847982,-7.45476670999995],[112.68473277,-7.45469427999994],[112.684692202,-7.45467288299997],[112.684254528,-7.45564835499994],[112.684122943,-7.455598788],[112.68412256,-7.45559888999998],[112.683207493,-7.45525866699996],[112.682727359,-7.45627362899993],[112.682632362,-7.45623497499995],[112.68263161,-7.45623655999996],[112.68259193,-7.45621883999995],[112.682502413,-7.45618534099998],[112.68231065,-7.45611357999998],[112.68230242,-7.45611049999994],[112.68213747,-7.45604875999991],[112.681967086,-7.45598499499994],[112.68183109,-7.4559341],[112.68178161,-7.45591678999997],[112.68159873,-7.45585279999995],[112.68155385,-7.45581513999998],[112.681064875,-7.45540482799995],[112.68105806,-7.45539910999996],[112.68099071,-7.45536262999996],[112.680888588,-7.45530731599993],[112.68074302,-7.45522846999995],[112.68071309,-7.45522211999996],[112.68029354,-7.45513304999996],[112.68018604,-7.45510947999997],[112.68018423,-7.45510890999997],[112.67975548,-7.45498655299996],[112.67972663,-7.45497831999991],[112.679726483,-7.45497827799993],[112.67943814,-7.45489598999996],[112.67939939,-7.45488492999996],[112.679305915,-7.45486629999992],[112.678472092,-7.45470011199995],[112.678432437,-7.45479412799996],[112.678283768,-7.45506847499994]]]]}},
{"type":"Feature","properties":{"kdkab":"15","kdkec":"110","nmkab":"SIDOARJO","nmkec":"SIDOARJO","kddesa":"018","kdprov":"35","nmdesa":"MAGERSARI","nmprov":"JAWA TIMUR","iddesa":"3515110018"},"geometry":{"type":"MultiPolygon","coordinates":[[[[112.70859,-7.44899998999998],[112.70851,-7.44898998999996],[112.70814,-7.44894998999996],[112.708131677,-7.44894904499998],[112.7081311,-7.44894897999992],[112.70795675,-7.44892911999997],[112.70794456,-7.44892772999997],[112.70602507,-7.44853246999996],[112.704481076,-7.44815346099993],[112.70443068,-7.44814109000001],[112.7040393,-7.44801919],[112.7034811,-7.44789087],[112.70319857,-7.44783589999994],[112.70272228,-7.44774324],[112.70277164,-7.44756712],[112.70277421,-7.44751579999998],[112.70279104,-7.44739998999991],[112.70280192,-7.44732506999994],[112.70285163,-7.44731678999996],[112.70289098,-7.44726707999994],[112.70298419,-7.44686318999991],[112.70303922,-7.44655619000002],[112.70305,-7.44646998999994],[112.70309,-7.44623998999998],[112.70312564,-7.44598807999995],[112.70325919,-7.44602228999994],[112.703651364,-7.44612276099996],[112.704141425,-7.44627278499998],[112.70443268,-7.44560504399994],[112.704453945,-7.44543846299996],[112.704549901482935,-7.445314614249734],[112.704619075655373,-7.445047799584578],[112.704694837844258,-7.444771102894784],[112.704747541975635,-7.444612990500618],[112.704787070074175,-7.44450758223784],[112.704856244246628,-7.444405467983273],[112.704889298072246,-7.444372414157657],[112.70494575,-7.44439154399989],[112.705002967682987,-7.444332648502234],[112.705026054603849,-7.44424543124569],[112.705070967089867,-7.444014825187443],[112.705106445041267,-7.443803435726908],[112.705160401092655,-7.443617730824989],[112.705189966052174,-7.443558600905958],[112.705223226631233,-7.443481547230176],[112.705220152,-7.44330763499995],[112.705530495,-7.44331949499996],[112.705599269,-7.44314463499998],[112.705672735,-7.44297382799993],[112.705742461232646,-7.442760531779978],[112.705770547944198,-7.442689575877142],[112.705811569325519,-7.442608641800473],[112.705852725,-7.44246691599997],[112.705974638,-7.44220480399996],[112.70598045,-7.44220556999992],[112.70612192,-7.44223450999991],[112.70614477,-7.44224345999992],[112.706181754,-7.44224998799992],[112.706611707,-7.44239877899998],[112.706923539,-7.44191290600001],[112.707242343,-7.44141616899997],[112.707262746,-7.44138437899996],[112.707409144,-7.44116217999992],[112.707678525,-7.440753319],[112.707836663,-7.44049447399991],[112.707887997,-7.44027597199994],[112.70801131,-7.44027894999992],[112.70814785,-7.44028317999993],[112.70839788,-7.44029093999996],[112.70869,-7.4403],[112.70907,-7.44029],[112.70933,-7.44029],[112.70950463,-7.44028080999992],[112.70971,-7.44027],[112.709772548,-7.44028157999995],[112.70979313,-7.44028538999992],[112.70983907,-7.44029389999994],[112.70998,-7.44032],[112.710213970479003,-7.440403191349962],[112.7104024,-7.44047018999993],[112.71043,-7.44048],[112.71060299,-7.44054486999992],[112.71060634,-7.44054612599996],[112.71083,-7.44063],[112.71104,-7.44075],[112.7114,-7.44088],[112.71180055,-7.44102903999995],[112.71183,-7.44104],[112.711996119,-7.44114085999995],[112.71202257,-7.44115691999998],[112.71211,-7.44121],[112.712494976,-7.44144243799995],[112.71264,-7.44153],[112.71297,-7.44173],[112.71298398,-7.44173728999994],[112.71319655,-7.4418482],[112.713196619,-7.44184823599993],[112.7132,-7.44185],[112.71343,-7.44196],[112.71343698,-7.44194604999993],[112.71366661,-7.44203314999992],[112.71392346,-7.44211533999992],[112.71419057,-7.44221807999996],[112.71441147,-7.44229170999993],[112.71458017,-7.44234068999998],[112.71464083,-7.44235829999997],[112.71464016,-7.44236002999996],[112.71473419,-7.44239034999991],[112.714766198,-7.44240068699996],[112.71489455,-7.44244213999995],[112.71490701,-7.44244616999995],[112.71509825,-7.44250793999989],[112.715099991,-7.44250850099994],[112.7151012,-7.44250888999994],[112.715107313,-7.44251086399992],[112.715540303,-7.44265070899998],[112.7156,-7.44266998999995],[112.71618017,-7.44281621699995],[112.71622466,-7.44282742999997],[112.71683,-7.44297998999998],[112.717559405,-7.44315741299992],[112.71757,-7.44315998999998],[112.71756865,-7.44316472],[112.71847598,-7.44341326999994],[112.71847597,-7.44341332399996],[112.71827281,-7.44452968999996],[112.71834427,-7.44451311999994],[112.71840226,-7.44449965999996],[112.71847268,-7.44449965999996],[112.718586439804753,-7.444519534226511],[112.718538648329726,-7.44486030822238],[112.718790073046193,-7.444962124843098],[112.718699315335584,-7.445378785241816],[112.71857698,-7.44535126999992],[112.71790475,-7.44519080999996],[112.7177894,-7.44568650999997],[112.717553644,-7.44698021099995],[112.71753276,-7.44709483999997],[112.71753097,-7.44710680999996],[112.71753092,-7.4471068],[112.71721637,-7.44855930999996],[112.71706609,-7.44850939000001],[112.71706599,-7.44850994000001],[112.716915685,-7.44847491499998],[112.716830204,-7.448907837],[112.716782708,-7.44910098599996],[112.716751044,-7.44924030599998],[112.716671885,-7.44940812399995],[112.716523065,-7.44957594199995],[112.716248787,-7.44945316899997],[112.71621533,-7.44961285999991],[112.71610639,-7.45013284999993],[112.71609647,-7.45019501999997],[112.7160938,-7.45019465999998],[112.716092591,-7.45020138699993],[112.716006491,-7.45068043399995],[112.71588861,-7.45063615],[112.71577336,-7.45060785999994],[112.71577276,-7.45061066999997],[112.71573099,-7.45060562],[112.71548863,-7.45054636000002],[112.715481687,-7.45054466099998],[112.71544355,-7.45053532999996],[112.71528722,-7.45044461],[112.71513398,-7.45035567999997],[112.71480996,-7.45011346999997],[112.71468117,-7.45002089999997],[112.71457168,-7.44994220099992],[112.7145045,-7.44989391399997],[112.71450039,-7.44989095999992],[112.71445066,-7.44985522999996],[112.7141058,-7.44959857999993],[112.71394129,-7.44948056999994],[112.71388445,-7.44943978999993],[112.71379943,-7.44941251999997],[112.71374838,-7.44939846999995],[112.713748395,-7.44939838899994],[112.713808864,-7.44906175499994],[112.71382199,-7.44898867999995],[112.713822,-7.44898860999994],[112.7137925,-7.44892451999992],[112.71373796,-7.44888281999995],[112.71366418,-7.44886998999993],[112.71356832,-7.44887414999995],[112.71356691,-7.44886998999993],[112.71356471,-7.44886998999993],[112.71356244,-7.44886500999996],[112.71340413,-7.44887619999997],[112.71337057,-7.44886966999998],[112.71336483,-7.44887138999996],[112.71333716,-7.44887058999995],[112.71326378,-7.44885575000001],[112.71309094,-7.44882166],[112.71290808,-7.44878436999993],[112.71286128,-7.44877294999997],[112.71284593,-7.44877013999998],[112.71283831,-7.44877153999994],[112.71283154,-7.44877877999995],[112.71279316,-7.44880345999998],[112.71277916,-7.44881744999998],[112.71268573,-7.44888682999993],[112.712652262,-7.44891674099994],[112.71263279,-7.44893414999995],[112.7126017,-7.44895236999997],[112.71252994,-7.44901734999996],[112.712480724,-7.44901518699993],[112.712325683382588,-7.449008371730979],[112.71224534,-7.44900483999994],[112.71224513,-7.44898907999993],[112.712239730477435,-7.448987766530736],[112.71216057680023,-7.448968511880809],[112.712078477056068,-7.44894854058082],[112.711992684463269,-7.448927670971234],[112.711913900659084,-7.448908465434696],[112.711829948633365,-7.448887481144504],[112.71175057,-7.44886763999996],[112.71167013,-7.44884752599995],[112.71159336,-7.44882832999997],[112.71136,-7.44876998999997],[112.7112469,-7.44874413999997],[112.711200953,-7.44873363799998],[112.71101,-7.44868998999995],[112.7109,-7.44866998999991],[112.710738523,-7.44864606999992],[112.71064023,-7.44863150999994],[112.710632233,-7.44863032199995],[112.71063,-7.44862998999998],[112.71055507,-7.44861815999998],[112.71044,-7.44859998999994],[112.71041993,-7.44859312999994],[112.71016548,-7.44850607999998],[112.71006073,-7.44847023999995],[112.70998353,-7.44850068999996],[112.70993862,-7.44852474999992],[112.70991456,-7.44860975999997],[112.70990814,-7.44874930999994],[112.70990012,-7.44889526999995],[112.7098889,-7.44895782999992],[112.70985842,-7.44903962999996],[112.7097528,-7.44906576999996],[112.70975601,-7.44904735999995],[112.70951862,-7.44909869000001],[112.709355654,-7.44906439899996],[112.70914693,-7.44902047999991],[112.7091469,-7.44902054999993],[112.70903276,-7.44901824999994],[112.709014282,-7.44901787799997],[112.70900889,-7.44901776999992],[112.70897,-7.44900998999995],[112.70881,-7.44900998999995],[112.70875226,-7.44900736999997],[112.70859,-7.44899998999998]]]]}},
{"type":"Feature","properties":{"kdkab":"15","kdkec":"110","nmkab":"SIDOARJO","nmkec":"SIDOARJO","kddesa":"005","kdprov":"35","nmdesa":"SIDOKARE","nmprov":"JAWA TIMUR","iddesa":"3515110005"},"geometry":{"type":"MultiPolygon","coordinates":[[[[112.708221333,-7.46706158099994],[112.708185637271995,-7.4672440656018],[112.707142505169998,-7.46711550845607],[112.707139050296007,-7.46711715837036],[112.707108953445996,-7.4670608070388],[112.706913532908999,-7.46700915901761],[112.706357335994994,-7.46689529862828],[112.706344616314993,-7.46696220627624],[112.706260203894004,-7.46695281572857],[112.706257891223999,-7.46690586299308],[112.706220888518999,-7.4669070368114],[112.705902896520001,-7.46695398954702],[112.70580345175,-7.46696103245776],[112.705532276336996,-7.46697546222841],[112.70552626,-7.46693879999997],[112.70540116,-7.46695126],[112.70534832,-7.46695651999995],[112.705282127,-7.466542395],[112.70528211,-7.46654228999996],[112.70517124,-7.46652909999993],[112.70482536,-7.4664879699999],[112.704818422,-7.46648714499996],[112.704764740088123,-7.466480760427038],[112.70462037,-7.46646358999992],[112.70422699,-7.46641680999995],[112.70413062,-7.46641356999994],[112.70411699,-7.46641311199993],[112.704072461,-7.46641161699995],[112.70405172,-7.46641091999994],[112.70400579,-7.46640937999998],[112.70390156,-7.46640587999993],[112.70388339,-7.46640526999994],[112.70370265,-7.46639165999993],[112.703701689013997,-7.46639158760585],[112.703763483399996,-7.46602289694438],[112.703909184276995,-7.46517984730172],[112.704050014326995,-7.46440559295339],[112.704058858815003,-7.46435696783707],[112.704075133663707,-7.464267568915498],[112.704162039802995,-7.46379018699436],[112.704223103440995,-7.46345476022206],[112.704252527414994,-7.46325361958248],[112.704301209414993,-7.46292083235615],[112.704297597391999,-7.46292009030178],[112.704332975027995,-7.46275908786407],[112.704524298254,-7.46188838325185],[112.704615366075004,-7.46150373247468],[112.704656269327998,-7.46133096608976],[112.704664368512994,-7.46129675691515],[112.704677522907005,-7.46125777193873],[112.704968905730993,-7.46039421710398],[112.705084579290002,-7.46005140236553],[112.705161518636999,-7.45982812407534],[112.705350661466724,-7.459279231307718],[112.7053138,-7.45927185899995],[112.705343468,-7.45910175699993],[112.70538015,-7.45878693299997],[112.705417481,-7.45853389999993],[112.705423478,-7.45852385399996],[112.705525365,-7.45835319199993],[112.705779731,-7.45799791499993],[112.705878792,-7.45782511499993],[112.705990223,-7.457763401],[112.7059916,-7.45776385999992],[112.70604,-7.45777998999997],[112.7061,-7.45779999000001],[112.7063781,-7.45786319999995],[112.70654,-7.45789998999993],[112.706736363,-7.45797526299994],[112.70714,-7.45812999],[112.70751387,-7.45823904],[112.70759625,-7.45826306999992],[112.707613186,-7.45826800899994],[112.70768725,-7.45828960999993],[112.70769246,-7.45829112899997],[112.70786,-7.45833998999996],[112.70833,-7.45840998999996],[112.70848386,-7.45842983999994],[112.70857541,-7.45844164999994],[112.708690597,-7.45845172999996],[112.70879846,-7.45846116999998],[112.70888219,-7.45846849],[112.70894609,-7.45847408],[112.70895317,-7.45847549999998],[112.70901142,-7.45846310999998],[112.70904636,-7.45845567999996],[112.709064404816345,-7.458448045404965],[112.70912977,-7.45842038999998],[112.70917789,-7.45835622999994],[112.70918752,-7.45826960999994],[112.70918431,-7.45814769999993],[112.70915543,-7.45798729999997],[112.70912977,-7.45780764999995],[112.70921239,-7.45766428999997],[112.70923478,-7.45766552000002],[112.70935906,-7.45766503999993],[112.70947204,-7.45766459999994],[112.70959632,-7.45766411999997],[112.7097319,-7.45766358999998],[112.70978812,-7.45766337999993],[112.70988443,-7.457663],[112.7100448,-7.45766238999991],[112.710046216,-7.4576623839999],[112.71012169,-7.4576620899999],[112.7101757,-7.45764544999995],[112.71025146,-7.45762211999996],[112.71026177,-7.45761815],[112.710350403545405,-7.457609174750827],[112.71041148,-7.45760298999994],[112.71051534,-7.45758112999994],[112.710582528,-7.45756698599993],[112.71059434,-7.45756449999995],[112.71092476,-7.45748108999994],[112.71097149,-7.45746458999997],[112.71108837,-7.45742333999996],[112.71122632,-7.45750674999994],[112.71129973,-7.45762816999997],[112.71130973,-7.45764469999997],[112.71142724,-7.45776416999997],[112.711439257,-7.45777638799996],[112.71145709,-7.45779451999993],[112.7114571,-7.45779448],[112.71148299,-7.45782297899995],[112.71158766,-7.45793819999994],[112.71158705,-7.45794010999998],[112.711595497,-7.45794825099995],[112.7115992,-7.45795181999995],[112.71164248,-7.45798141999996],[112.71173073,-7.45807532999992],[112.71185905,-7.45819401999993],[112.71207239,-7.45833356999996],[112.71225397,-7.45839964999992],[112.712258,-7.45840111999993],[112.71226017,-7.45840124999994],[112.71233096,-7.45840556999998],[112.71235343,-7.45840693000001],[112.712434179,-7.45842913899998],[112.712461961385699,-7.458436779908733],[112.71251,-7.45844998999997],[112.71266761,-7.45846312999995],[112.71275,-7.45846998999998],[112.712799222,-7.45848609899998],[112.7133,-7.45864998999994],[112.713354561,-7.45867726999995],[112.7134471,-7.45872353999994],[112.71364,-7.45881998999994],[112.71365543,-7.45882645999994],[112.71367992,-7.45883672999997],[112.713695471,-7.458843251],[112.71389425,-7.45892660999993],[112.71395,-7.45894999],[112.714074127,-7.45900070699998],[112.71411268,-7.45901645999994],[112.714114512,-7.45901720899992],[112.714791756,-7.45929393299998],[112.71488,-7.45932998999996],[112.71504055,-7.45937968999988],[112.71528359,-7.45937873999998],[112.71559326,-7.45938710999996],[112.71582263,-7.45935181999988],[112.71589772,-7.45929327999994],[112.71590434,-7.4592952299999],[112.71591509,-7.45929924999997],[112.7159288,-7.45930473999988],[112.71595104,-7.45931277999995],[112.71598106,-7.45932595999989],[112.715988009450555,-7.45933476263732],[112.71599036,-7.45933773999996],[112.71599306,-7.45934288699992],[112.7160008,-7.45935763999995],[112.71602832,-7.45948754999994],[112.71602403,-7.45951923999998],[112.715938856,-7.45999656999991],[112.71633,-7.46007998999992],[112.71664,-7.4601299899999],[112.71702,-7.46018998999994],[112.717200492,-7.46023748799998],[112.717223055914772,-7.460176346035068],[112.717262959,-7.46004182799994],[112.717314413,-7.45999608999996],[112.717405888,-7.45995892899996],[112.717558180452528,-7.459960817070446],[112.717556975605817,-7.459989594600371],[112.717557936766568,-7.460014623048618],[112.717555629721929,-7.460221065517989],[112.717545845893596,-7.460296880621954],[112.717518149537497,-7.460565431999734],[112.71749912583374,-7.460716847225195],[112.71747637927146,-7.460880802779805],[112.717465058909383,-7.461034204821253],[112.717441139629486,-7.461187554888966],[112.717405365602417,-7.461476405336912],[112.71734973664519,-7.461860145267647],[112.717349846645192,-7.461860175267646],[112.717320697947883,-7.462096020254841],[112.717291750440936,-7.462330852931419],[112.717215046291614,-7.462770908760747],[112.717214616291614,-7.462770805760777],[112.717214487291614,-7.462770775760776],[112.71713336,-7.46275597999996],[112.71703143,-7.46273257999996],[112.71703139,-7.46273287000001],[112.71701699,-7.46272830999991],[112.71693306,-7.46270168999995],[112.71665218,-7.46264555999993],[112.71642072,-7.46259928999993],[112.71625148,-7.46255307999997],[112.71616059,-7.46252842999994],[112.7155747,-7.46236893999995],[112.71557331,-7.46237338999993],[112.715556759,-7.46236932899996],[112.7155246,-7.46236143999994],[112.71536228,-7.46264295999991],[112.71522754,-7.46296376999992],[112.715212453,-7.46300688099996],[112.71519734,-7.46305006499995],[112.71519281,-7.46306300999991],[112.715029857142156,-7.463528589593833],[112.71502544,-7.46354120999997],[112.71487915,-7.46400688999997],[112.714863812,-7.46405571399991],[112.71483295,-7.46415394999997],[112.714803907053167,-7.464253523587035],[112.71479575,-7.46428148999996],[112.714795211,-7.46428333799995],[112.71475228,-7.46443053999996],[112.714746332,-7.46445093499997],[112.71467576,-7.46469289999993],[112.714669506963915,-7.464710864600439],[112.71447365,-7.46527354999994],[112.71440799,-7.46554631099996],[112.71434854,-7.46579324999995],[112.7141721,-7.46639636999994],[112.71416248,-7.46648297999997],[112.71394144,-7.46648758999994],[112.71392515,-7.46651806999994],[112.71386678,-7.46653500999997],[112.71359627,-7.46651356999995],[112.71316793,-7.46647023999998],[112.71309272,-7.46646496999995],[112.713078616,-7.46646398199993],[112.71299404,-7.46645805999994],[112.71291238,-7.46643495999995],[112.71275877,-7.46639149999996],[112.71253,-7.46628998999997],[112.71197009,-7.46608690999996],[112.711826066,-7.46603467899997],[112.71181934,-7.46603223999993],[112.711808592,-7.46602834099997],[112.71173994,-7.46600343999995],[112.7116657,-7.46600461999995],[112.71161253,-7.46600546999998],[112.71151657,-7.46600698999991],[112.71147276,-7.46600769],[112.711418023,-7.46599564799995],[112.71131498,-7.46597297999996],[112.71115699,-7.46593821999994],[112.71088638,-7.46589106999994],[112.710691731,-7.46585006499992],[112.71065109,-7.46584150999995],[112.7104193,-7.46581897999994],[112.7102424,-7.46586144],[112.71009775,-7.46591661999998],[112.710048206,-7.46594027799997],[112.70997564,-7.46597492999996],[112.70938738,-7.46620212999992],[112.70922219,-7.46626111999997],[112.709220204,-7.46626182899997],[112.70911268,-7.46630022999994],[112.70901446,-7.46633531999993],[112.70851619,-7.46644426999994],[112.70849,-7.46645],[112.708410524,-7.46643777299994],[112.7083741,-7.46643216999997],[112.70836,-7.46643],[112.70834452,-7.46643181999994],[112.708330668,-7.46650263499994],[112.708221333,-7.46706158099994]]],[[[112.722145974,-7.4572178769999],[112.72240081,-7.4572457299999],[112.7226244,-7.45726778999995],[112.722587358,-7.45759640199996],[112.72255542,-7.45787972999997],[112.72253297,-7.45818769999994],[112.72246881,-7.45847000999994],[112.722499863,-7.458789418],[112.722357775,-7.45886902799997],[112.721960925,-7.458939963],[112.721735105,-7.45893931399994],[112.721627341,-7.45893900399991],[112.721265958,-7.45899460199991],[112.721216874872354,-7.459003663274197],[112.720868149,-7.45907224599997],[112.720802966,-7.45910771299997],[112.720783072,-7.45911598199998],[112.720811243,-7.45899418599987],[112.720875467,-7.45876508599992],[112.720928189,-7.4585695369999],[112.72105787625101,-7.458129849513794],[112.721082019110995,-7.458052037708992],[112.72113025,-7.45789475999993],[112.721192137600454,-7.457678844731578],[112.72124978,-7.45747773999989],[112.721255411,-7.45745809199997],[112.72135,-7.45712803999993],[112.72164514,-7.45716011999991],[112.72196114,-7.45719714999994],[112.722145974,-7.4572178769999]]]]}},
{"type":"Feature","properties":{"kdkab":"15","kdkec":"110","nmkab":"SIDOARJO","nmkec":"SIDOARJO","kddesa":"022","kdprov":"35","nmdesa":"URANGAGUNG JEDONG","nmprov":"JAWA TIMUR","iddesa":"3515110022"},"geometry":{"type":"MultiPolygon","coordinates":[[[[112.66663933,-7.44141578999997],[112.66420555,-7.44056891999996],[112.660846101,-7.43946422699994],[112.660847342365344,-7.439440615223251],[112.660852077326481,-7.439396816832733],[112.66080117649426,-7.439357753403353],[112.660769215506591,-7.439319873714258],[112.660758425050631,-7.4392427771263],[112.660772312989224,-7.439208448179218],[112.66077624131691,-7.439183620210058],[112.660777980320177,-7.439167088815477],[112.660831088061869,-7.439071926608547],[112.660901598872485,-7.439001995157943],[112.660953257290899,-7.438853143214981],[112.660874684414551,-7.438787730250433],[112.66080666,-7.43869591],[112.660800409339629,-7.438619665132441],[112.660748617667437,-7.438542545924786],[112.660687734248327,-7.4384622897432],[112.66057209704482,-7.438365535480473],[112.660505549586446,-7.438296491505384],[112.660532503544871,-7.438148990525951],[112.660468294625517,-7.438047995723392],[112.660443847647471,-7.437894329004264],[112.660276211226616,-7.437697006967202],[112.660127783145626,-7.437452537186773],[112.660199377867045,-7.43728839319134],[112.660152230123671,-7.437157427237539],[112.660078889189549,-7.437119010557756],[112.65992165,-7.43716048999996],[112.6598072,-7.43716811999994],[112.65970421,-7.43715858999995],[112.659699833,-7.43714144899994],[112.65968132,-7.43706893999998],[112.65969276,-7.43693923999998],[112.65971184,-7.43682860999994],[112.65971947,-7.43671035999996],[112.65970421,-7.43660735999994],[112.65970802,-7.43649672999992],[112.6597538,-7.43634414999997],[112.65977669,-7.43625068999997],[112.65980339,-7.43613814999998],[112.65984443,-7.43594494999998],[112.659559593,-7.43582177699995],[112.659746908,-7.43521793999996],[112.659758568,-7.43519506199992],[112.659853391564425,-7.435245258712733],[112.659997822453875,-7.434739590693608],[112.660226004,-7.43476421500001],[112.66026878,-7.43463897999992],[112.66058922,-7.4346199],[112.66090202,-7.43465042000001],[112.6617794,-7.43487929999997],[112.66222954,-7.43498038999998],[112.66264447,-7.43495217999989],[112.662649472,-7.43495184499996],[112.6630497,-7.43492507999998],[112.66330528,-7.43497467],[112.663621902,-7.43503570299992],[112.663625653,-7.435037477],[112.663801609,-7.43506033099994],[112.664114992,-7.43395335899995],[112.664612047,-7.43209427899993],[112.664680226,-7.43181603499992],[112.664889392263021,-7.431826465072489],[112.665281027604223,-7.431597608206442],[112.665455687,-7.43149873599997],[112.665475683,-7.43137284599992],[112.665519647,-7.43095718999997],[112.665523644,-7.43085727299996],[112.665475683,-7.430761353],[112.665375766,-7.43067342599994],[112.66537177,-7.43053753799995],[112.665413801,-7.43042195299994],[112.66541973,-7.430405648],[112.665511654,-7.43026176699993],[112.665531637,-7.43014186699998],[112.665551066,-7.43001363499998],[112.66555162,-7.43000997599993],[112.665531637,-7.42983412199995],[112.665511654,-7.42937849999993],[112.66556361,-7.42882296099996],[112.665511658,-7.42857918299996],[112.665511669,-7.42857909299996],[112.665460645,-7.42846067199997],[112.665432668,-7.42835276099993],[112.66543067,-7.42833906299995],[112.66541868,-7.42825684099994],[112.665404691,-7.42813693999995],[112.665434667,-7.428065],[112.665480628,-7.42795109400001],[112.665508202,-7.42785655699994],[112.66562147,-7.42761464200001],[112.665642774,-7.42755593099996],[112.665666901,-7.42748943999995],[112.665678619,-7.42733335599996],[112.665653614,-7.42720867799993],[112.66559675,-7.42710652200001],[112.665483544,-7.42697264399992],[112.66528637,-7.42678127099993],[112.66517757,-7.42669775499996],[112.66513445,-7.42659157699995],[112.665112944,-7.42641020699995],[112.665177752,-7.42611979399994],[112.665126725,-7.42593569199992],[112.665074567,-7.42593012199995],[112.664950625,-7.42592014899998],[112.66495061,-7.42592002999993],[112.66495055,-7.42592002999993],[112.66495,-7.42592],[112.6648,-7.42592],[112.66476871,-7.42588869999994],[112.66476761,-7.42588760999995],[112.66469018,-7.42592403999994],[112.66464164,-7.42591159999992],[112.66463534,-7.42590997999995],[112.6646093,-7.42590329999996],[112.6645528,-7.42582636999996],[112.66452429,-7.42571776999994],[112.66449756,-7.42561849999994],[112.66449222,-7.42559865999993],[112.66448663,-7.42557052999995],[112.66446716,-7.42547250999993],[112.66440353,-7.42536754999996],[112.66427662,-7.42525230999998],[112.66416051,-7.42520364999997],[112.66401303,-7.42514060999996],[112.66388595,-7.42506090999997],[112.66388526,-7.42506035999996],[112.66388316,-7.42505870999998],[112.6638086,-7.425],[112.66374,-7.425],[112.6635,-7.42501],[112.6634965,-7.42500812000001],[112.66349485,-7.42500722999996],[112.66348375,-7.4250124],[112.66348178,-7.42501332999995],[112.663342932,-7.42498177999993],[112.664001855,-7.42339683799997],[112.664444508,-7.422332099],[112.66450549,-7.42234951999998],[112.66450691,-7.42234992999994],[112.66457305,-7.42237454000001],[112.66516304,-7.42259406999997],[112.6652317,-7.42261886999996],[112.66544151,-7.42267989999995],[112.66616249,-7.42284774999998],[112.66642571,-7.42293166999996],[112.66652107,-7.42294311999994],[112.66698646,-7.42305564999998],[112.66758156,-7.423172],[112.66772779,-7.42319674999991],[112.66806603,-7.42325400999995],[112.66826057,-7.42329215999997],[112.668607128311578,-7.423358719359143],[112.668689850087205,-7.423372881176665],[112.668716623940497,-7.423366135047853],[112.668759506671705,-7.423355821207141],[112.668797836819877,-7.423355495966866],[112.668905823942069,-7.423372733790761],[112.66922252,-7.42341529999992],[112.669400747,-7.42344492],[112.669637768246886,-7.423485125100312],[112.66979709,-7.42351078999995],[112.669810385,-7.42352105999995],[112.66987672,-7.42357229999993],[112.669878,-7.42357254999998],[112.670116714,-7.423618736],[112.67047796,-7.42368862999995],[112.67053634,-7.42370216999996],[112.67065679,-7.42372327999997],[112.67072077,-7.42373449999997],[112.67083745,-7.42377202],[112.67088535,-7.42378313],[112.670939622090998,-7.423781590218],[112.670998379981995,-7.424092577104],[112.671278,-7.42417525999996],[112.671785838668569,-7.424305102755389],[112.671746352280849,-7.424525218363489],[112.671748032552671,-7.424568065294837],[112.671742151601308,-7.424599990459371],[112.671823644784453,-7.424773898592488],[112.67182784546398,-7.42480666389293],[112.671791719619904,-7.424894878163352],[112.671778277445355,-7.424912521017436],[112.671725348883101,-7.424915041425162],[112.671690063174935,-7.424932684279247],[112.671639655020428,-7.425024259093304],[112.671614450943167,-7.425118354315087],[112.671597648224989,-7.425182204644154],[112.671602689040441,-7.425221691031867],[112.671540518983193,-7.425361993728633],[112.671538838711385,-7.425468690989049],[112.671553961157741,-7.42555690525947],[112.671468267295026,-7.425807265760286],[112.67145986593593,-7.425903041253887],[112.671469107430951,-7.425969411990681],[112.671448978459779,-7.426032315025601],[112.671476006,-7.426038503],[112.671620426,-7.426079607],[112.671742785,-7.426114438],[112.67177391,-7.42611313],[112.671820050228007,-7.426129908465],[112.672020568118995,-7.426202761932],[112.67220497,-7.42626953],[112.6727047,-7.42642975],[112.67274284,-7.42642975],[112.672828915,-7.426432436],[112.67299754,-7.42643925],[112.67308998,-7.42643929],[112.673193395,-7.42646597899996],[112.67332649,-7.42650031999996],[112.673404242,-7.42653438099995],[112.67350578,-7.42658042999994],[112.67365074,-7.42660903999997],[112.67374611,-7.42666625999993],[112.67377281,-7.42667960999996],[112.67387962,-7.42672919999995],[112.67394066,-7.42676734999995],[112.67394025,-7.42676872999993],[112.67402,-7.42682],[112.674146082,-7.42684719299995],[112.674247153,-7.42686899299998],[112.67453,-7.42693],[112.67472844,-7.42697313999998],[112.67472853,-7.42697315],[112.674730305,-7.42697335000001],[112.67476082,-7.42697905999998],[112.67498971,-7.42706870999994],[112.67499001,-7.42706886999998],[112.67499091,-7.42707018999993],[112.67502099,-7.42710047],[112.67505548,-7.42713474999993],[112.67503382,-7.42730477999994],[112.67495122,-7.42750928999994],[112.67485119,-7.42780645999995],[112.67484134,-7.42783570999997],[112.674840379,-7.42795637099995],[112.67483653,-7.42843961999993],[112.67483496,-7.42853221999998],[112.67484054,-7.42866512999997],[112.67483613,-7.42866787000001],[112.67480018,-7.42869015999997],[112.67473799,-7.42872870999996],[112.674658985,-7.42882710199996],[112.67465298,-7.42883457999994],[112.67462571,-7.42889552999998],[112.67452306,-7.42912810999996],[112.674515733,-7.42915516399995],[112.67449096,-7.42924662999998],[112.67448425,-7.42927138999991],[112.67448135,-7.42928209999997],[112.67447975,-7.42943447999995],[112.67452947,-7.42966545999996],[112.67450702,-7.42982104999996],[112.67444285,-7.42990926999994],[112.67425358,-7.42993813999991],[112.67416536,-7.42991086999996],[112.6737435,-7.42977452999997],[112.67351413,-7.42978896999997],[112.67334891,-7.42986114999997],[112.67321578,-7.42994455999994],[112.67312596,-7.42993973999998],[112.673112952,-7.42993171599994],[112.67310949,-7.42992957999996],[112.67303403,-7.42988296999996],[112.67301688,-7.42987237999996],[112.67297586,-7.42979820999991],[112.67280836,-7.42949542999995],[112.67271052,-7.42937352999996],[112.67260465,-7.42932059],[112.67255582,-7.42931966999993],[112.672547406,-7.42931951199993],[112.67251964,-7.42931898999996],[112.67250387,-7.42933633999995],[112.67245548,-7.42938956999995],[112.67241056,-7.42957562999992],[112.67244265,-7.42978896999997],[112.67249397,-7.42998144999994],[112.67248114,-7.43006165],[112.67244104,-7.43009853999995],[112.67229989,-7.43007126999992],[112.67221401,-7.43002434999993],[112.6721443,-7.42998625999998],[112.67201277,-7.42985953999994],[112.67195021,-7.42978735999997],[112.671812209,-7.42968898299995],[112.67180679,-7.42968511999994],[112.67178821,-7.42967186999997],[112.67169357,-7.42966866999995],[112.67166428,-7.42968640999993],[112.67164064,-7.42970074999993],[112.6716246,-7.42973442999997],[112.67163582,-7.42976008999994],[112.67168159,-7.42986860999998],[112.671703108,-7.42991962999998],[112.67173527,-7.42999588999995],[112.67180264,-7.43019798999995],[112.67180104,-7.43026856999997],[112.671644230559551,-7.430307709256121],[112.67159848,-7.43031920999994],[112.67155081,-7.43033112999994],[112.67144815,-7.43037442999998],[112.67141101,-7.43042484999994],[112.67140324,-7.43043538999993],[112.671404715,-7.43047030199993],[112.67140805,-7.43054927],[112.67144495,-7.43064871999995],[112.67151071,-7.43074335999992],[112.67152835,-7.43084600999993],[112.67147863,-7.43091498999996],[112.67133427,-7.43085723999995],[112.67128239,-7.43082311999997],[112.67115622,-7.43074014999997],[112.67105999,-7.43074153],[112.67093326,-7.43074335999992],[112.67073517,-7.43073093],[112.67072948,-7.43073515999993],[112.670728013,-7.43073625299996],[112.67071632,-7.43074496],[112.67068424,-7.43085242999998],[112.67051101,-7.43102565999995],[112.67029928,-7.43146195999998],[112.67019662,-7.43158385999996],[112.67012604,-7.43192390999995],[112.670055638,-7.43201327099998],[112.6700439,-7.43202816999995],[112.66995923,-7.43213564999994],[112.66997206,-7.43236020999993],[112.66975391,-7.432758],[112.66985657,-7.43284782999994],[112.6699383,-7.43294083999996],[112.669960392,-7.4329659799999],[112.67004263,-7.43305955999994],[112.66990677,-7.43346483999991],[112.66990157,-7.43348036999995],[112.669878469,-7.43354928199993],[112.66980726,-7.43376170499998],[112.66966409,-7.43418878999996],[112.66974108,-7.43436201999995],[112.66982817,-7.43445564999997],[112.669937921,-7.43457362399994],[112.66993881,-7.43457457999994],[112.67008374,-7.43446587999996],[112.67025697,-7.43437284999994],[112.67039492,-7.43433755999994],[112.67060023,-7.43436321999998],[112.67075903,-7.43440492999997],[112.67083741,-7.43445085999997],[112.67095051,-7.43450637999997],[112.67108148,-7.43459011999994],[112.6711462,-7.43463149999993],[112.671199172614436,-7.434666565377933],[112.671213309,-7.43467592299995],[112.67130612,-7.43473735999995],[112.67137397,-7.43478226999996],[112.67159212,-7.43484643],[112.67202199,-7.43496191999997],[112.67252622,-7.43504076999994],[112.672664314,-7.43507445399997],[112.67281,-7.43510998999994],[112.6728178,-7.43511126999994],[112.67296166,-7.43513485999992],[112.67296082,-7.43513808999992],[112.67295898,-7.4351451599999],[112.67296236,-7.43514534999998],[112.67312872,-7.43515488999996],[112.673152678,-7.43515765899996],[112.672653012,-7.43709386499996],[112.67265178,-7.43709863999991],[112.67254751,-7.43750268999997],[112.67197006,-7.43978038999996],[112.671767,-7.44062449999992],[112.67164616,-7.44059639999993],[112.67160959,-7.44058789999994],[112.67160717,-7.44058777],[112.67158779,-7.44058675999995],[112.67158794,-7.44058616999995],[112.67158699,-7.44058608999996],[112.67149925,-7.44058226999997],[112.67148781,-7.44058608999996],[112.671331,-7.44054650999993],[112.67112327,-7.44144850999992],[112.67095645,-7.44248791999998],[112.670891767,-7.44286186099994],[112.67066004,-7.44277368999997],[112.670463008552275,-7.44270736116404],[112.669909237710399,-7.442509358551446],[112.66979,-7.44247],[112.66949,-7.44238],[112.66898895,-7.44221631999997],[112.66894386,-7.44220158999997],[112.66894383,-7.44220174999997],[112.6689434,-7.4422016099999],[112.66858304,-7.44208340999995],[112.668191663,-7.44195504199997],[112.66798973,-7.44188880999996],[112.66787529,-7.44182204999996],[112.66685475,-7.44148773999996],[112.666852899,-7.44148713399993],[112.6666584,-7.44142341999997],[112.66663933,-7.44141578999997]]]]}},
{"type":"Feature","properties":{"kdkab":"15","kdkec":"110","nmkab":"SIDOARJO","nmkec":"SIDOARJO","kddesa":"023","kdprov":"35","nmdesa":"SARI ROGO","nmprov":"JAWA TIMUR","iddesa":"3515110023"},"geometry":{"type":"MultiPolygon","coordinates":[[[[112.67740127,-7.43350867999992],[112.67739645,-7.43343489999994],[112.67738683,-7.43327449999993],[112.67738464,-7.433267928],[112.67734994,-7.43316381999996],[112.67724407,-7.43308040999995],[112.67712858,-7.43304832999998],[112.67693931,-7.43301784999994],[112.67676916,-7.43302589999993],[112.67670191,-7.43302907999996],[112.67659284,-7.43305313999996],[112.6763779,-7.43311810999993],[112.676327449,-7.43311954499993],[112.67622882,-7.43312234999997],[112.6761791,-7.43314134],[112.6761776,-7.43295088999997],[112.6761359,-7.4327167],[112.676097007,-7.43247815499995],[112.676221006,-7.43230765599997],[112.676291416,-7.43218443799998],[112.676263755,-7.432091396],[112.67612545,-7.43198829599995],[112.676075157,-7.43198075199997],[112.675972056,-7.43191788599994],[112.675936851,-7.43183238799998],[112.675941881,-7.43173180199994],[112.676004747,-7.43165133299997],[112.676102818,-7.43154823299994],[112.676165684,-7.43139483899997],[112.67612101,-7.43135463299993],[112.67609678,-7.43124850199993],[112.676095599,-7.43124413299995],[112.676095904,-7.43124421599995],[112.676101332,-7.43099182799996],[112.676094999,-7.43079234699997],[112.676136162,-7.43066569199994],[112.676177325,-7.43022239999993],[112.676060169,-7.43006724699998],[112.675955679,-7.42997858899996],[112.675863854,-7.429791773],[112.6757277,-7.42968728299996],[112.675616877,-7.42966195199993],[112.675547702,-7.42962851699997],[112.67556807,-7.42933382999995],[112.67547504,-7.42929612999997],[112.67533268,-7.42923076999993],[112.67529691,-7.42921564999993],[112.67523384,-7.42918586999998],[112.67522417,-7.42918287],[112.67513098,-7.42910885999993],[112.67508286,-7.42904149999994],[112.67509729,-7.42896770999994],[112.6755148,-7.42859975999992],[112.67554321,-7.42857472999998],[112.675553397,-7.42855459199994],[112.67561218,-7.42843837999994],[112.67561218,-7.42840309999997],[112.67552557,-7.42837101999991],[112.67541633,-7.42839307999997],[112.67536677,-7.42840309999997],[112.6750588,-7.42852980999995],[112.67484054,-7.42866512999997],[112.67483496,-7.42853221999998],[112.67483653,-7.42843961999993],[112.674840379,-7.42795637099995],[112.67484134,-7.42783570999997],[112.67485119,-7.42780645999995],[112.67495122,-7.42750928999994],[112.67503382,-7.42730477999994],[112.67505548,-7.42713474999993],[112.67502099,-7.42710047],[112.67499091,-7.42707018999993],[112.67499001,-7.42706886999998],[112.67498971,-7.42706870999994],[112.67560005,-7.42713355999997],[112.675921307,-7.42720531999991],[112.675946453,-7.42666718599996],[112.676052068,-7.4255205069999],[112.67610739,-7.42446435499994],[112.676167742,-7.42322714899998],[112.676177133,-7.42314464599998],[112.676303773,-7.42193921999998],[112.676396859,-7.4219189209999],[112.67661095,-7.42195891999994],[112.67684364,-7.42200278999997],[112.67720223,-7.42208480999995],[112.67757606,-7.42214393999997],[112.677798257,-7.42218941499995],[112.677910842,-7.42221245699994],[112.6783123,-7.42229461999994],[112.67861748,-7.42231750999997],[112.67889595,-7.42235183999997],[112.678970278,-7.42234997699997],[112.67904796,-7.42234802999994],[112.67904854,-7.42234801999997],[112.679048833,-7.42234757899994],[112.679054266,-7.42234785799998],[112.679404117,-7.42237709099991],[112.679499404,-7.42238353499995],[112.679574931,-7.42217712699994],[112.67965037,-7.42193823599993],[112.679723206,-7.42183104499997],[112.679736075,-7.42180975399998],[112.679836032,-7.42164439099996],[112.680236169,-7.42123935799998],[112.680339593,-7.42116476199994],[112.681241638,-7.42129354499997],[112.681548183,-7.42133730999995],[112.68147961,-7.42158720999993],[112.68150902,-7.4215889],[112.68151016,-7.42158897999996],[112.68165473,-7.42159931],[112.68166881,-7.42160030999996],[112.68166924,-7.42160033999995],[112.682194608,-7.42166172399994],[112.68277931,-7.42173003999991],[112.68277931,-7.42174910999993],[112.68277932,-7.42174921999998],[112.682782925,-7.421796053],[112.68278313,-7.42179871],[112.682813372,-7.42246412199995],[112.68281361,-7.42246935999995],[112.68281364,-7.42247008999995],[112.68281375,-7.42247008999995],[112.68306541,-7.42246817999998],[112.68325827,-7.4224957399999],[112.68346596,-7.42252540999996],[112.68382072,-7.42256354999997],[112.68403816,-7.42260550999993],[112.68430901,-7.42265891999996],[112.68448067,-7.42273902999995],[112.684508748995967,-7.422747562361192],[112.68517113,-7.42294883999996],[112.68558311,-7.42304038999992],[112.68572395,-7.42305121999996],[112.685729606,-7.42305165499993],[112.685960005,-7.42308580399992],[112.686158782,-7.42311526699994],[112.686181648,-7.42402587599996],[112.68639183,-7.42414664999995],[112.68647194,-7.42424392999995],[112.686504116,-7.42428575799994],[112.686676554,-7.42441892899998],[112.686765142,-7.42448734499994],[112.686884874210875,-7.424793872094686],[112.687228344,-7.42567319099992],[112.687237361916658,-7.42603605750838],[112.687241767,-7.42621331099998],[112.6872407,-7.42622776699995],[112.687204988,-7.42671130599998],[112.687157824,-7.42677367999992],[112.687054323,-7.42691055799998],[112.686969126,-7.427205574],[112.686895234,-7.42729363599995],[112.686847949,-7.42734998699996],[112.68671869,-7.42752733999991],[112.686665919,-7.42765184699993],[112.686417369,-7.42823827199993],[112.68640855,-7.42825907999997],[112.68630806,-7.42849616999998],[112.6859231,-7.42913135999993],[112.68568613,-7.42950770999991],[112.68563638,-7.42975124999995],[112.68558452,-7.429866083],[112.68548758,-7.42982305999993],[112.6854868,-7.42982429999992],[112.685306050138919,-7.429738093285209],[112.6852973,-7.42973391999996],[112.684892747,-7.42954097599992],[112.68479467,-7.42949419999994],[112.68445346,-7.42930178999993],[112.68445319,-7.42930266099996],[112.684103809,-7.43046319799992],[112.68401244,-7.43077451999991],[112.684005446,-7.43079834999998],[112.684004293,-7.43080228],[112.68394374,-7.43100861999996],[112.68373501,-7.43173826099998],[112.683632119852007,-7.432097927736588],[112.683623243,-7.43212895799998],[112.68357481,-7.43229825999995],[112.68351293,-7.43248034999991],[112.68350144,-7.43251415999993],[112.68349757,-7.43252554699996],[112.683271333,-7.4331912769999],[112.683123836,-7.43309601899992],[112.682932284,-7.43301197099993],[112.682750506,-7.43296896899995],[112.682619547,-7.43289860299997],[112.682492498,-7.43283605599993],[112.682381085,-7.43277741799996],[112.682240354,-7.43274614399996],[112.682154351,-7.43274614399996],[112.681952665,-7.43282818599992],[112.68213559,-7.43294790499998],[112.6821312,-7.43294867999998],[112.68207666,-7.4329936],[112.68193551,-7.433154],[112.68182884,-7.43322216999995],[112.68167485,-7.43331760999998],[112.6816292,-7.43333315999995],[112.68162933,-7.43333364999994],[112.681691964,-7.43356700899996],[112.68174062,-7.43374828999991],[112.68184912,-7.43398895999996],[112.681891135,-7.43408216099995],[112.68191706,-7.43413966999998],[112.68196541,-7.43425912999994],[112.68213521,-7.43467861999995],[112.68243676,-7.43547741999991],[112.68248809,-7.43568272999995],[112.682523478,-7.43600528699993],[112.68252439,-7.43601359999998],[112.68253458,-7.43610651999995],[112.6825715,-7.43644303999996],[112.682610214,-7.43701140099997],[112.68264208,-7.43747922999996],[112.68264208,-7.43762358999995],[112.68262924,-7.43768774999995],[112.68262773,-7.43771269999997],[112.68248079,-7.43768554999997],[112.68241465,-7.43765893999996],[112.68241418,-7.43766090999994],[112.682078955,-7.43757045399998],[112.68196454,-7.43753957999996],[112.6811264,-7.43731340999996],[112.68064519,-7.43718187999996],[112.680632481,-7.43717438499991],[112.68059135,-7.43715013000001],[112.68052008,-7.43710809999992],[112.680507028642197,-7.437093521742327],[112.68021852,-7.43677125999992],[112.680023293998531,-7.436555563708843],[112.67982073,-7.43633176],[112.679774225,-7.43629443],[112.67934914,-7.43595321],[112.679159945,-7.43580138299996],[112.679085286533081,-7.435741471220802],[112.67882944,-7.43553615999997],[112.678770572,-7.43549765499997],[112.67831937,-7.43520252999996],[112.67760718,-7.43479510999992],[112.677554995,-7.43477800999998],[112.677536888,-7.43477207599995],[112.67715233,-7.43464605999998],[112.67715072,-7.43464552999994],[112.677150852,-7.434644932],[112.67738578,-7.43357893999996],[112.677399307,-7.43351755699997],[112.67739941,-7.43351708999996],[112.67740127,-7.43350867999992]]]]}},
{"type":"Feature","properties":{"kdkab":"15","kdkec":"110","nmkab":"SIDOARJO","nmkec":"SIDOARJO","kddesa":"012","kdprov":"35","nmdesa":"PEKAUMAN","nmprov":"JAWA TIMUR","iddesa":"3515110012"},"geometry":{"type":"MultiPolygon","coordinates":[[[[112.717558180452528,-7.459960817070446],[112.717405888,-7.45995892899996],[112.717314413,-7.45999608999996],[112.717262959,-7.46004182799994],[112.717223055914772,-7.460176346035068],[112.717200492,-7.46023748799998],[112.71702,-7.46018998999994],[112.71664,-7.4601299899999],[112.71633,-7.46007998999992],[112.715938856,-7.45999656999991],[112.71602403,-7.45951923999998],[112.71602832,-7.45948754999994],[112.7160008,-7.45935763999995],[112.71599306,-7.45934288699992],[112.71599036,-7.45933773999996],[112.715988009450555,-7.45933476263732],[112.71598106,-7.45932595999989],[112.71595104,-7.45931277999995],[112.7159288,-7.45930473999988],[112.71591509,-7.45929924999997],[112.71590434,-7.4592952299999],[112.71589772,-7.45929327999994],[112.71591727,-7.45927803999997],[112.71594935,-7.45922189999994],[112.71598917,-7.45906261999994],[112.71602468,-7.45892055999996],[112.71603115,-7.45890429999996],[112.716052935,-7.45883068999994],[112.716061013,-7.4588033929999],[112.71609514,-7.45868807999996],[112.71610093,-7.45866850999993],[112.716112734,-7.45857211799991],[112.71612018,-7.45851131999997],[112.716117226504423,-7.458380694945805],[112.71611666,-7.45835563999997],[112.716116402,-7.45834418899997],[112.71611536,-7.45829797999992],[112.71611462,-7.45829421000001],[112.71609401,-7.45819055999994],[112.71606404,-7.45803973999992],[112.716048008,-7.45786967],[112.71603516,-7.45773337],[112.716034351,-7.45771656299996],[112.71602073,-7.45743341999994],[112.71603867,-7.45733609999995],[112.716040932,-7.45732382499995],[112.71604198,-7.45731813999991],[112.716063101,-7.45720355899994],[112.71608489,-7.45708534999998],[112.71614584,-7.45682709999995],[112.71615152,-7.45680921999997],[112.716209135,-7.45662789799998],[112.71625491,-7.45648383999998],[112.71629306,-7.45640502999995],[112.71638882,-7.45620722999998],[112.716390132,-7.45620451899991],[112.71647466,-7.4560299],[112.716553065303046,-7.455899003479262],[112.71665913,-7.45572193],[112.71668968,-7.455649],[112.71675857,-7.45548453999992],[112.716786568,-7.45535630499997],[112.7168083,-7.45525676999994],[112.71686583,-7.45502823999993],[112.71686778,-7.45502421999991],[112.71690507,-7.45485138999994],[112.716906475,-7.45484951699996],[112.71696763,-7.45476797999993],[112.717035,-7.45472146999998],[112.71718096,-7.45469900999997],[112.71720396,-7.45469641999993],[112.71741232,-7.45467298999993],[112.717412459,-7.45467301599995],[112.71764729,-7.45471393],[112.717696285,-7.45473605999994],[112.71796031,-7.45478682999993],[112.718117807,-7.45485287699994],[112.71815921,-7.45487023999993],[112.71830999,-7.45500818499992],[112.71851851,-7.45527123999995],[112.71868533,-7.45543805999993],[112.71872185,-7.45545483999995],[112.71888404,-7.45552935999997],[112.71892272,-7.45554712999993],[112.71897726,-7.45554392999996],[112.718993407,-7.45554345499997],[112.718994962529138,-7.455543409216125],[112.71908633,-7.45554071999992],[112.71963351,-7.45506553999998],[112.71963377,-7.45506588999993],[112.71963415,-7.45506639999997],[112.71969867,-7.45515349999997],[112.71977887,-7.45537805999993],[112.71974037,-7.45556091999994],[112.719754474,-7.45563613599994],[112.71975854,-7.45565781999992],[112.71977887,-7.45576622999993],[112.71982378,-7.45584001999995],[112.71995531,-7.45593304999996],[112.72002589,-7.45601645999997],[112.72002589,-7.45602447999994],[112.72002589,-7.45605495999992],[112.72001305,-7.45610307999994],[112.72000734,-7.45610751999995],[112.720004015,-7.45611010599993],[112.71995531,-7.45614798999997],[112.71974358,-7.45635971999996],[112.71965375,-7.4565105],[112.71952722,-7.45689966],[112.71952019,-7.45692127999998],[112.719518986,-7.456924983],[112.71948373,-7.45703340999995],[112.719439232,-7.45720112099997],[112.71941501,-7.45729241],[112.71932971,-7.45761393999992],[112.71928777,-7.45761962999997],[112.71913062,-7.45763577999996],[112.71897877,-7.45765139199993],[112.71895895,-7.45765342999995],[112.71894451,-7.45765491000001],[112.71863333,-7.45765330999997],[112.71861445,-7.45765330999997],[112.718452866,-7.45769994499994],[112.718275428429948,-7.457751154924935],[112.717570105,-7.45795471699994],[112.71756961,-7.45795486],[112.717569604,-7.45795505400002],[112.717568902049379,-7.457977107264681],[112.71756701,-7.45803655],[112.71757252,-7.45818062999995],[112.717573324,-7.45820161599997],[112.71757749,-7.45831035999996],[112.71757748,-7.45831174099995],[112.71757593,-7.45853106999994],[112.71757549,-7.45859409999997],[112.71757428,-7.45876589999993],[112.71757353,-7.45879010999996],[112.717573449,-7.45879273399993],[112.71756766,-7.45897933999993],[112.71756541,-7.45905192999995],[112.717565357,-7.45905365499992],[112.71756145,-7.45917972999995],[112.717563275,-7.45939367799997],[112.71756405,-7.45948458],[112.71756465,-7.45955506999997],[112.717557704419747,-7.459918238728998],[112.717558180452528,-7.459960817070446]]]]}},
{"type":"Feature","properties":{"kdkab":"15","kdkec":"110","nmkab":"SIDOARJO","nmkec":"SIDOARJO","kddesa":"009","kdprov":"35","nmdesa":"RANGKAHKIDUL","nmprov":"JAWA TIMUR","iddesa":"3515110009"},"geometry":{"type":"MultiPolygon","coordinates":[[[[112.734901493084635,-7.464139091074289],[112.73492053,-7.46397931999995],[112.73490983,-7.46389378999992],[112.73489719,-7.463788],[112.73486959,-7.46370519999991],[112.73482474,-7.46361089999992],[112.73474769,-7.46351775999997],[112.73466145,-7.46344415999997],[112.734543,-7.46335216999996],[112.73446941,-7.46330961999998],[112.73441213,-7.46328047999995],[112.734411543,-7.46328018099996],[112.73433831,-7.46324292],[112.73424213,-7.46319808999996],[112.73419972,-7.46317291999998],[112.73419879,-7.46317253999992],[112.73408176,-7.46312518999996],[112.73390487,-7.46306475999998],[112.73382354,-7.46304503999993],[112.7338174,-7.46304355300001],[112.73380467,-7.46304046999998],[112.73370795,-7.46300322999994],[112.73361645,-7.46296427999994],[112.73361601,-7.46296422999994],[112.73361294,-7.46296386999998],[112.73336546,-7.46296980999997],[112.73315042,-7.46303650999991],[112.73299517,-7.46311009999994],[112.73290893,-7.46323544999996],[112.73285833,-7.46338724],[112.73282383,-7.46361032999995],[112.732821674,-7.46362681899996],[112.73261917,-7.46358396999992],[112.73261902,-7.46358494999995],[112.73260584,-7.46358271000001],[112.73215626,-7.46350639899994],[112.73212528,-7.46350113999992],[112.73207888,-7.46348415999997],[112.73203396,-7.46347132999994],[112.73198264,-7.46343283999997],[112.73197069,-7.46341969999996],[112.73195055,-7.46339754999995],[112.73187998,-7.46341037999997],[112.73174524,-7.46338791999993],[112.73165862,-7.46334942999991],[112.73164239,-7.46333825999994],[112.73160729,-7.46331413999996],[112.73158163,-7.46326922999995],[112.73157201,-7.46324355999998],[112.73153351,-7.46323393999993],[112.73141459,-7.46320916000002],[112.73137952,-7.46320185999997],[112.73121591,-7.46316656999992],[112.73102618,-7.46313365999995],[112.73091707,-7.46312782999995],[112.73090574,-7.46312571600002],[112.7305901,-7.46306682999995],[112.73058996,-7.46306758],[112.72996368,-7.46299051999997],[112.729985665,-7.462775698],[112.73002829,-7.46235920999994],[112.730028734,-7.46234404499995],[112.73002875,-7.46234350999993],[112.73003182,-7.46234418999998],[112.730032289,-7.46233912699994],[112.730134151,-7.46123951499993],[112.730165399,-7.46090218799994],[112.73016703,-7.46088457999998],[112.730262812,-7.45985060999994],[112.7302646,-7.45983130999995],[112.73026206,-7.459831],[112.73026533,-7.45981371999997],[112.73038081,-7.45892027999998],[112.730423,-7.45858487699996],[112.73042808,-7.45854448999995],[112.73044498,-7.45841020999996],[112.730490787,-7.45815521599996],[112.730495402,-7.45812952299997],[112.7304962,-7.45812507999993],[112.73049647,-7.45812356999992],[112.73051929,-7.45799652999996],[112.73054122,-7.45787445999997],[112.73065671,-7.45689600999997],[112.73078561,-7.45596367],[112.73078435,-7.45596191999994],[112.73078904,-7.45593921999993],[112.73081929,-7.45577043],[112.73081951,-7.45576918999996],[112.73104568,-7.45597289999998],[112.73128827,-7.4561768899999],[112.73132799,-7.45621029999993],[112.731482846,-7.45628772799996],[112.73150411,-7.45629835999993],[112.731542375,-7.45631749299997],[112.73170121,-7.45639690999996],[112.73177711,-7.45643485999994],[112.732153537,-7.45656032299998],[112.73289005,-7.45583617999996],[112.73301289,-7.45566701999995],[112.73311005,-7.45553322999992],[112.73328143,-7.45529722999993],[112.733437468,-7.45506895099996],[112.73358061,-7.45485954],[112.7336279,-7.45479035999995],[112.733632289,-7.45478843999996],[112.7336906,-7.45476292999994],[112.73373056,-7.45474544999994],[112.73389737,-7.45477111999998],[112.73400003,-7.45494434999994],[112.73416685,-7.4553806399999],[112.734230924,-7.45570102099994],[112.73423101,-7.45570144999992],[112.73429517,-7.45595808999998],[112.73430159,-7.45667027],[112.734297001,-7.45704167299993],[112.73429699,-7.45704255999994],[112.73431151,-7.45704495999997],[112.73443061,-7.45706459999997],[112.73447817,-7.45706440999992],[112.734559521,-7.45706408999997],[112.73463811,-7.45706377999993],[112.73469071,-7.45704936999993],[112.73470662,-7.45704500999993],[112.7348477,-7.45700634999998],[112.734850935,-7.45700546499996],[112.73485958,-7.45700309999995],[112.73486037,-7.45700261999996],[112.73493036,-7.45698786999996],[112.73506189,-7.45693974999994],[112.73529287,-7.45682746999994],[112.73541538,-7.45673557999991],[112.73573558,-7.45656440999996],[112.73603994,-7.45635267999996],[112.73612277,-7.45627444999997],[112.736122786,-7.45627448399994],[112.7362142,-7.45646423999994],[112.73671144,-7.45669040999994],[112.73686383,-7.45679145999996],[112.73704508,-7.45712028],[112.73705952,-7.45737050999997],[112.7370932,-7.45799127],[112.73710603,-7.45812921000001],[112.73710282,-7.45861682999994],[112.73705791,-7.45878364999994],[112.73686864,-7.45912369999996],[112.73686222,-7.45923597999996],[112.73690714,-7.45931938999994],[112.73707074,-7.45939317999997],[112.73714453,-7.45940600999997],[112.73729531,-7.45928409999992],[112.73737872,-7.45915257999996],[112.73736268,-7.45788860999995],[112.73735626,-7.45761912999995],[112.7374108,-7.45718604999995],[112.73778934,-7.45706413999994],[112.73788558,-7.45703847999996],[112.73808127,-7.45701281999996],[112.738332521,-7.45704296199995],[112.73831449,-7.45628572999991],[112.73826204,-7.45614935999993],[112.738236578955963,-7.456092246093992],[112.738179382,-7.45601646999995],[112.738030643,-7.45574873899995],[112.73795462,-7.45553719899992],[112.738000895,-7.45525294099998],[112.738146329,-7.45498520999998],[112.738258398,-7.45490991299994],[112.738357869,-7.454843081],[112.738599158,-7.45466459399996],[112.738636937277775,-7.454861863306829],[112.738921234234539,-7.455041831105153],[112.739169015985851,-7.455127902660873],[112.739440270044227,-7.455287004579226],[112.739690660152547,-7.455536094373071],[112.740201877893227,-7.45615164525547],[112.740293184020587,-7.456508994134002],[112.74055852,-7.45697866999994],[112.740744419477465,-7.457200191782273],[112.741144791689166,-7.457759674349809],[112.741520386911731,-7.458051803967363],[112.74185456,-7.45820413999998],[112.74213045,-7.45826187999995],[112.742727784546616,-7.458242184415669],[112.743142775194272,-7.457730995829825],[112.743387955107991,-7.457397133819651],[112.744071328910067,-7.457060663512523],[112.744255827202068,-7.457042526997151],[112.744378417124381,-7.456998185961421],[112.744550564674867,-7.456899070705084],[112.744754011779989,-7.456859946261792],[112.744879899964744,-7.456857216957098],[112.745057263800277,-7.45680505112312],[112.745537189472856,-7.456711152621962],[112.745631087974019,-7.456669419954779],[112.745691078683095,-7.45653118049474],[112.745696295266498,-7.456374682992807],[112.74559513,-7.45615740999996],[112.74540265,-7.45597775999994],[112.745247650625089,-7.455860867495553],[112.745114630311448,-7.455800877942343],[112.744939878134701,-7.455761754320684],[112.744804249579616,-7.455717414216137],[112.744504301813564,-7.455673074111591],[112.744094808854797,-7.455680898656584],[112.743609676679341,-7.455675682181579],[112.743367112694628,-7.455584393029269],[112.743249742675829,-7.455386168108623],[112.74320540289095,-7.455208808969098],[112.743174104219264,-7.454856698912687],[112.7433384222456,-7.454431558622354],[112.743455787829134,-7.4542281231251],[112.743614888142957,-7.4540977130318],[112.743828756803353,-7.453985561649099],[112.744173031079256,-7.45390470806159],[112.744705099423427,-7.453844720073859],[112.745307588553999,-7.453808205581097],[112.745972675280157,-7.453873410523138],[112.746225668933732,-7.453826463247217],[112.746489097088698,-7.453802989922213],[112.746898582654623,-7.453821247240439],[112.747162012419111,-7.453907323199619],[112.747266340286856,-7.454009042870659],[112.74737078,-7.45422135999996],[112.747568890668745,-7.454593278176196],[112.74766539460262,-7.454814976402675],[112.74770973424792,-7.454916696765413],[112.747741029867953,-7.454981906250174],[112.747772327006899,-7.455075802705847],[112.747819275111979,-7.455216647021081],[112.747905344684895,-7.455401832396834],[112.748009674273689,-7.455589625656675],[112.74813747801997,-7.455740903560435],[112.748252240567652,-7.455845233149235],[112.748411343190583,-7.455879140265595],[112.748533930457413,-7.455845233149235],[112.748625218847621,-7.455766985957634],[112.748849527463534,-7.455495729026755],[112.7490399289631,-7.455271420410834],[112.749157291121207,-7.454994953067269],[112.74930074260773,-7.454577639651919],[112.74926683589274,-7.454087296388884],[112.74923785,-7.45396792999996],[112.74846472,-7.45340330999996],[112.7480188,-7.45314987999997],[112.74743815,-7.45284831999997],[112.74676459,-7.45256740999994],[112.74631951,-7.45223444999993],[112.74616552,-7.45202271999994],[112.74613986,-7.4516634199999],[112.74622968,-7.45152225999995],[112.74646066,-7.45130412],[112.74673014,-7.45121428999995],[112.74753856,-7.4510218099999],[112.7476733,-7.45097047999995],[112.74773104,-7.45085498999995],[112.747770296,-7.450491959],[112.74777054,-7.45048969999993],[112.74782736,-7.45046679999994],[112.74801837,-7.45038982999996],[112.74836483,-7.45013318000001],[112.74879471,-7.44966480999997],[112.7492059,-7.44923077999991],[112.74958913,-7.44893932999998],[112.74978255,-7.44877521999997],[112.74998419,-7.44871800999993],[112.75016825,-7.44871728999995],[112.75033019,-7.44869872999993],[112.75057079,-7.44872439999997],[112.75088839,-7.44887837999994],[112.75124448,-7.44929542999996],[112.75150754,-7.45011026999996],[112.75165764,-7.45058468],[112.75169,-7.45062998999991],[112.75176,-7.45070998999998],[112.75181,-7.45075998999995],[112.75189,-7.45078998999994],[112.75195,-7.45080998999992],[112.75203,-7.45082998999994],[112.7521,-7.45082998999994],[112.75216,-7.45082998999994],[112.75224,-7.45082998999994],[112.75232,-7.45082998999994],[112.75239,-7.45082998999994],[112.75247,-7.45082998999994],[112.75255,-7.45082998999994],[112.75264,-7.45082998999994],[112.75273,-7.45082998999994],[112.75283,-7.45082998999994],[112.75293,-7.45081998999996],[112.75302,-7.45081998999996],[112.75311,-7.45081998999996],[112.7532,-7.45081998999996],[112.75327,-7.45081998999996],[112.75334,-7.45080998999992],[112.75344,-7.45080998999992],[112.75354,-7.45079998999993],[112.75363,-7.45079998999993],[112.75374,-7.45078998999994],[112.75381,-7.45077998999993],[112.75388,-7.45075998999995],[112.75393626,-7.45074592999992],[112.75396,-7.45073998999991],[112.75399826,-7.45072358999993],[112.754001492733494,-7.450730381901305],[112.75401293,-7.45075041999996],[112.7541052,-7.45091010999995],[112.75433382,-7.45112079999993],[112.7543659,-7.45130685999995],[112.75422475,-7.45149934999997],[112.75400018,-7.45149934999997],[112.7538462,-7.45171748999994],[112.75336499,-7.45285313999996],[112.75340349,-7.45294937999998],[112.75292228,-7.45466887999994],[112.75298003,-7.45477153999995],[112.75346123,-7.45509875999995],[112.75346123,-7.45549013999998],[112.7534869,-7.45568903999994],[112.75366655,-7.45618948999995],[112.75419908,-7.45681826999992],[112.75457763,-7.45728663999992],[112.7546867,-7.45742779999998],[112.7547257,-7.45782640999992],[112.75473162,-7.45792183],[112.754687091659392,-7.458152255445525],[112.754250195985705,-7.458054442981266],[112.754114840583455,-7.458634642919944],[112.753920843832859,-7.459581803109251],[112.754983753067265,-7.459810035681618],[112.755595086955424,-7.459942081419965],[112.75523207,-7.46172655999992],[112.754945976581709,-7.46302140257213],[112.754851766669674,-7.463411018184238],[112.754695964,-7.46409885999997],[112.75445425,-7.46523694999995],[112.75444497,-7.46524590999996],[112.75425683,-7.46625631],[112.75403868,-7.46715455999995],[112.75352539,-7.46700056999993],[112.75328158,-7.46768067999993],[112.75304878,-7.46807937999996],[112.75304295,-7.46807646999995],[112.75229991,-7.46835917999994],[112.75199057,-7.46843277999995],[112.7514179,-7.46861791999992],[112.75116146,-7.46866735999993],[112.75053819,-7.46879040999996],[112.75002014,-7.46853971999998],[112.74983902,-7.46841724999998],[112.74978843,-7.46836377999993],[112.74978113,-7.46835223999997],[112.74976543,-7.46834022999994],[112.74953084,-7.46799924999993],[112.74925025,-7.46747946999995],[112.74921345,-7.46734607999997],[112.749307043891932,-7.466852494523487],[112.749468777006484,-7.46666206682409],[112.749643553114154,-7.466356860785329],[112.749807894827327,-7.466088175127275],[112.750006148453082,-7.465782971335838],[112.750152228352036,-7.465472551550559],[112.75029309232356,-7.465209086399376],[112.750394825638679,-7.464846498430073],[112.750452213662598,-7.464614337787857],[112.750520034618248,-7.464234787386518],[112.750580030585084,-7.46391393938996],[112.750642633952452,-7.463598309082281],[112.75064859,-7.46332355999994],[112.75055199,-7.46291647999991],[112.750487967,-7.46278456299996],[112.75048648,-7.46278149999994],[112.75045654,-7.46271983999998],[112.7502875,-7.46246454999992],[112.7502254,-7.46240014999995],[112.75003451,-7.46224950999992],[112.74989307,-7.46218050999996],[112.74968953,-7.46211036999995],[112.74952739,-7.46211726999998],[112.7492698,-7.46222765999995],[112.74907118,-7.46234724999995],[112.74880272,-7.46250887999997],[112.74871782,-7.46256],[112.74829234,-7.46282792999993],[112.74797496,-7.46314301999996],[112.74759088,-7.46352709999996],[112.74731604,-7.46375938999992],[112.74714774,-7.46399028999996],[112.747131178,-7.46401301499997],[112.74712745,-7.46401812999995],[112.74682386,-7.46455054999995],[112.74663757,-7.46487943999997],[112.74663471,-7.46489103999994],[112.74660077,-7.46502892999994],[112.74647658,-7.46557976],[112.74637653,-7.46601214],[112.74631788,-7.46628466999991],[112.74626959,-7.46638701999995],[112.74622129,-7.46645716999993],[112.74607323,-7.46666213999993],[112.74606843,-7.46667021999994],[112.746036036,-7.46672081199994],[112.74603598,-7.46672089999996],[112.74597105,-7.46665037999996],[112.74597053,-7.46665092999996],[112.74552327,-7.46620877999992],[112.7447965,-7.46542680999995],[112.7447067,-7.46548078999995],[112.74453776,-7.46533044999994],[112.74441949,-7.46534567999996],[112.74424112,-7.46545182999998],[112.74422314,-7.46546252999998],[112.74367,-7.46542998999995],[112.74254,-7.46536998999995],[112.74218312,-7.4653425399999],[112.74218309,-7.46534338199994],[112.742147817,-7.46531090799995],[112.741674665,-7.4648753079999],[112.741117247,-7.46474710199995],[112.740704758,-7.46464676699995],[112.740715906,-7.46410049699992],[112.740314565,-7.463905401],[112.739712554,-7.46376047199992],[112.739629757,-7.46375720399992],[112.739288916,-7.46374374999993],[112.738803963,-7.46394999399994],[112.738341306,-7.46401130999991],[112.738608866,-7.46469693399995],[112.739500735,-7.46542157799994],[112.739570269,-7.46560700299995],[112.73935496,-7.46582584999991],[112.73917635,-7.46591286199996],[112.73899617,-7.46600063999995],[112.73799802,-7.46619842999995],[112.73737705,-7.46639161999996],[112.73731621,-7.46633229999996],[112.73719305,-7.46621222999997],[112.73703666,-7.46601443999997],[112.7369839,-7.46589266999994],[112.73691707,-7.46573844999994],[112.73671008,-7.46548085999997],[112.73666408,-7.46499787999994],[112.73656288,-7.46452870999998],[112.73650769,-7.46442750999998],[112.73637429,-7.46439070999998],[112.73631733,-7.46442190999993],[112.7361811,-7.46449650999996],[112.73602284,-7.46450353999996],[112.735975406,-7.46450565199993],[112.735719225,-7.46493659099996],[112.735546498733186,-7.46519485814818],[112.73500643,-7.46486053099998],[112.73478288,-7.46477223799995],[112.734723628639159,-7.46470076286777],[112.73477119033403,-7.464655733097646],[112.734868349290494,-7.464326116769773],[112.734901493084635,-7.464139091074289]]]]}},
{"type":"Feature","properties":{"kdkab":"15","kdkec":"110","nmkab":"SIDOARJO","nmkec":"SIDOARJO","kddesa":"006","kdprov":"35","nmdesa":"CELEP","nmprov":"JAWA TIMUR","iddesa":"3515110006"},"geometry":{"type":"MultiPolygon","coordinates":[[[[112.71805665,-7.46781215999993],[112.71783883,-7.46775219999994],[112.717745589,-7.46771633399994],[112.71774485,-7.46771604999998],[112.71771026,-7.46770274999996],[112.71760589,-7.46757735999992],[112.71759952,-7.46756969999996],[112.71742227,-7.46750623999998],[112.71714774,-7.46741391999994],[112.71691895,-7.46733227999996],[112.71691716,-7.46725114000002],[112.71667719,-7.46720956999998],[112.716592148,-7.46719582899995],[112.71659178,-7.46719576999994],[112.71659,-7.46721],[112.71656,-7.46741],[112.716524315,-7.46740405099994],[112.71651921,-7.46740320000001],[112.71651461,-7.46740242999994],[112.71637894,-7.46737982],[112.71626,-7.46736],[112.71572,-7.46726],[112.71555834,-7.46721997],[112.715440463,-7.46718987199993],[112.71533224,-7.46716223999995],[112.7152847,-7.46714549999998],[112.7152689,-7.46713993999995],[112.71514743,-7.46711406999997],[112.71464497,-7.46700709],[112.71388606,-7.46682945],[112.713882931,-7.46682871699997],[112.71384916,-7.46682080999995],[112.71384333,-7.46682025999994],[112.71392515,-7.46651806999994],[112.71394144,-7.46648758999994],[112.71416248,-7.46648297999997],[112.7141721,-7.46639636999994],[112.71434854,-7.46579324999995],[112.71440799,-7.46554631099996],[112.71447365,-7.46527354999994],[112.714669506963915,-7.464710864600439],[112.71467576,-7.46469289999993],[112.714746332,-7.46445093499997],[112.71475228,-7.46443053999996],[112.714795211,-7.46428333799995],[112.71479575,-7.46428148999996],[112.714803907053167,-7.464253523587035],[112.71483295,-7.46415394999997],[112.714863812,-7.46405571399991],[112.71487915,-7.46400688999997],[112.71502544,-7.46354120999997],[112.715029857142156,-7.463528589593833],[112.71519281,-7.46306300999991],[112.71519734,-7.46305006499995],[112.715212453,-7.46300688099996],[112.71522754,-7.46296376999992],[112.71536228,-7.46264295999991],[112.7155246,-7.46236143999994],[112.715556759,-7.46236932899996],[112.71557331,-7.46237338999993],[112.7155747,-7.46236893999995],[112.71616059,-7.46252842999994],[112.71625148,-7.46255307999997],[112.71642072,-7.46259928999993],[112.71665218,-7.46264555999993],[112.71693306,-7.46270168999995],[112.71701699,-7.46272830999991],[112.71703139,-7.46273287000001],[112.71703143,-7.46273257999996],[112.71713336,-7.46275597999996],[112.717214487291614,-7.462770775760776],[112.717214616291614,-7.462770805760777],[112.717215046291614,-7.462770908760747],[112.717291750440936,-7.462330852931419],[112.717369285404672,-7.462344988382955],[112.717529667608432,-7.462365145418571],[112.717537471713996,-7.462324642652946],[112.71754212,-7.46226439],[112.717643951277125,-7.462260108480295],[112.71765279,-7.46217134999993],[112.717694635477301,-7.462135305400414],[112.717780573279825,-7.462094537492962],[112.717801730296131,-7.461950108828309],[112.717895561010891,-7.46193275451576],[112.71798618447113,-7.461838429295658],[112.718201821846492,-7.461743679848631],[112.718300920252759,-7.461731046972103],[112.718389615846817,-7.461748038072012],[112.718559440279094,-7.461779227980084],[112.718784134634319,-7.461824449625304],[112.718830451346946,-7.461846964294422],[112.718843277808674,-7.461927617155378],[112.718923772862738,-7.46198152586011],[112.718971481728289,-7.462036826717756],[112.719091034366699,-7.462050126600133],[112.719138851548848,-7.461884706617124],[112.71915581,-7.46182891999998],[112.719175265,-7.46177888399992],[112.719200947959521,-7.461732558037459],[112.719238272729186,-7.46169957335729],[112.71938999,-7.46164926999997],[112.7195119,-7.46163322999997],[112.71975892,-7.46162360999996],[112.720077409,-7.461628294],[112.72008668,-7.46162842999997],[112.72013654,-7.46162915999997],[112.72014263,-7.46163004999993],[112.72014789,-7.46163082999996],[112.72030544,-7.46166105999994],[112.72030669,-7.46166129999997],[112.72025055,-7.46179283],[112.72015912,-7.46199413999993],[112.72010458,-7.46221067999995],[112.72010566,-7.46223406999995],[112.720105778,-7.46223664599994],[112.72011013,-7.46233139],[112.720111,-7.46235022999996],[112.7201122,-7.46235223],[112.72016393,-7.46243844999997],[112.72025964,-7.46254174999997],[112.72026499,-7.46254751999996],[112.72036925,-7.46262130999996],[112.72046709,-7.4627368],[112.72051682,-7.46285388999993],[112.720520949,-7.46292948399998],[112.72053767,-7.46323565],[112.720517009,-7.463534842],[112.72051696,-7.46353554999996],[112.720516602,-7.46354072999997],[112.72049757,-7.46381629999998],[112.72045586,-7.46436486999993],[112.72041095,-7.46461188999996],[112.72040382,-7.46469334999997],[112.720402334,-7.46471035199993],[112.72039754,-7.46476519999996],[112.720394912,-7.46479520499997],[112.72038849,-7.46486853999992],[112.720406413,-7.46508585499994],[112.720407,-7.46509296999995],[112.72041416,-7.46517971],[112.72045266,-7.46538823999998],[112.72047832,-7.46554221999995],[112.72044945,-7.46563205],[112.72030955,-7.46583314599997],[112.72029546,-7.46585339999997],[112.72018346,-7.46597808999995],[112.7201459,-7.46601988999993],[112.72012544,-7.46604267999994],[112.72009336,-7.46608759],[112.72004684,-7.46615655999994],[112.72004137,-7.46619717999993],[112.72003561,-7.46623996999994],[112.72013506,-7.46646132999995],[112.7203115,-7.46670192999994],[112.72032917,-7.46673578999995],[112.720334526,-7.46674605599998],[112.72046549,-7.46699706999992],[112.720600301,-7.46729197599997],[112.72061947,-7.46733390999996],[112.72074806,-7.46756220999994],[112.720762499,-7.46756239699994],[112.720832334,-7.46773811099993],[112.720710597,-7.46797003299997],[112.720301162,-7.46789309699997],[112.719405688,-7.46777966599995],[112.719310764,-7.46804706999991],[112.719119749,-7.46804200999998],[112.719078096,-7.46807903499995],[112.719044293,-7.46810054699991],[112.718818919,-7.46806918499992],[112.718541786,-7.46798350199998],[112.718324009,-7.46793147999996],[112.718228234847999,-7.46788873788831],[112.718154355,-7.46785576699992],[112.71805665,-7.46781215999993]]]]}},
{"type":"Feature","properties":{"kdkab":"15","kdkec":"110","nmkab":"SIDOARJO","nmkec":"SIDOARJO","kddesa":"017","kdprov":"35","nmdesa":"PUCANG","nmprov":"JAWA TIMUR","iddesa":"3515110017"},"geometry":{"type":"MultiPolygon","coordinates":[[[[112.719780504,-7.44529670999996],[112.719781599,-7.44526713999992],[112.719542002,-7.44520344999992],[112.719486963,-7.44517745999998],[112.719206407,-7.4451063139999],[112.71920116,-7.44501120999993],[112.71917236,-7.44482532999993],[112.71914789,-7.44466742999998],[112.71902569,-7.44463013999994],[112.71893186,-7.44460277999997],[112.71882686,-7.44457214999994],[112.71865702,-7.44452864999995],[112.718586439804753,-7.444519534226511],[112.71847268,-7.44449965999996],[112.71840226,-7.44449965999996],[112.71834427,-7.44451311999994],[112.71827281,-7.44452968999996],[112.71847597,-7.44341332399996],[112.71847598,-7.44341326999994],[112.71756865,-7.44316472],[112.71757,-7.44315998999998],[112.717559405,-7.44315741299992],[112.71683,-7.44297998999998],[112.71622466,-7.44282742999997],[112.71618017,-7.44281621699995],[112.7156,-7.44266998999995],[112.715540303,-7.44265070899998],[112.715107313,-7.44251086399992],[112.7151012,-7.44250888999994],[112.715099991,-7.44250850099994],[112.71509825,-7.44250793999989],[112.71490701,-7.44244616999995],[112.71489455,-7.44244213999995],[112.714766198,-7.44240068699996],[112.715026194,-7.44184880299996],[112.715065089,-7.44164082799997],[112.715266076,-7.44108327099995],[112.715363757,-7.44081129599995],[112.71546234444429,-7.440536795387155],[112.715765313,-7.43969322899993],[112.71610781,-7.43854862499997],[112.716170242,-7.43833998199997],[112.716305779,-7.43784999799992],[112.716281259,-7.43767849499993],[112.716267412,-7.43750031699997],[112.716262347,-7.43743513999996],[112.71638313,-7.43699402200002],[112.716444214,-7.43682216599994],[112.71625043,-7.436751407],[112.716353581626862,-7.436498000609513],[112.71652438,-7.43607840999995],[112.71656912,-7.43591589999996],[112.716571553,-7.43590706199995],[112.716577864,-7.43588413099995],[112.71657825,-7.43588272999993],[112.71665018,-7.43562147999994],[112.716681276,-7.43556229899998],[112.71669459,-7.43553695999998],[112.71672891,-7.43541609999997],[112.71679619,-7.43523828999997],[112.71680599,-7.43521237999993],[112.71680702,-7.43521270999995],[112.71692174,-7.43524968999997],[112.71752099,-7.43544279999998],[112.717536082,-7.4354487869999],[112.71769854,-7.43551322999996],[112.718,-7.43560998999995],[112.718003575,-7.43560756299998],[112.71800518,-7.43560812499992],[112.718217511,-7.43568146900001],[112.718343997,-7.43545321099998],[112.718374724,-7.43519175499996],[112.718376657,-7.43517159899996],[112.718379202,-7.43516542699994],[112.718384153,-7.43515342199993],[112.718493679,-7.43459379999995],[112.718484634,-7.43441393799998],[112.718473199,-7.43418656199998],[112.71846529,-7.43402928599993],[112.718749496,-7.43411033799995],[112.718990605,-7.43413830199998],[112.719239418,-7.43415459299995],[112.719380261,-7.43418746699993],[112.71969746,-7.43425129699994],[112.720012962,-7.43430932799994],[112.720031451,-7.43431395099995],[112.72018563,-7.43435250099996],[112.720417992,-7.43441185999996],[112.720433714,-7.43441916599996],[112.72043374,-7.43441911999998],[112.720436824,-7.43441933199993],[112.72065258,-7.43443414999993],[112.72070373,-7.43443766999996],[112.72078049,-7.43444542999994],[112.7208402,-7.43444814399992],[112.72094415,-7.43445286999998],[112.72095281,-7.43445337999997],[112.72105268,-7.43563644999992],[112.720761415,-7.437346491],[112.7207614,-7.43734657999997],[112.72083,-7.43736],[112.72139462,-7.43749106999995],[112.72157028,-7.43753184999997],[112.721575135,-7.43753297699992],[112.72195,-7.43762],[112.72305,-7.43795],[112.723647204,-7.438081736],[112.72373,-7.4381],[112.72424,-7.43819],[112.72484,-7.43839],[112.72525,-7.43864998999993],[112.72545,-7.43876998999996],[112.72576871,-7.43884672],[112.72580029,-7.43885432],[112.7258141,-7.43885655999998],[112.72591235,-7.43887820999994],[112.726008738,-7.43890419399996],[112.72603432,-7.43891108999997],[112.72611766,-7.43893354999995],[112.72626523,-7.43897444999997],[112.726287746,-7.43898489399993],[112.72628819,-7.43898509999995],[112.72634302,-7.43901053999997],[112.72640879,-7.43904022],[112.726537,-7.43916224199998],[112.72655846,-7.43919372999996],[112.726590809148362,-7.439273286557583],[112.72661781,-7.43933968999993],[112.72671245,-7.43958831999993],[112.72691937,-7.44013447999993],[112.72698608,-7.44027363000002],[112.72698692,-7.44027561999994],[112.72681905,-7.44034370999998],[112.72681918,-7.44034408999997],[112.72680578,-7.44035132999994],[112.72662829,-7.44044721999997],[112.72641481,-7.44053560999991],[112.72624494,-7.44055815999996],[112.72624486,-7.44055808],[112.72611638,-7.44057061999995],[112.72594636,-7.44060590999992],[112.72586295,-7.44071497999991],[112.72568467,-7.44084366999992],[112.72562182,-7.44088903999997],[112.72562074,-7.44088981999996],[112.725620499,-7.44089133999996],[112.725574727,-7.44087026999993],[112.725421069,-7.44079953899997],[112.72537291,-7.44080641899993],[112.725310991,-7.44082017799998],[112.725182567,-7.44083508499996],[112.725126191991649,-7.440833265888507],[112.725100442622619,-7.440943836708452],[112.725087842356189,-7.440992437736135],[112.725059041747187,-7.441021238345132],[112.724978040034401,-7.441165241390117],[112.724945639349272,-7.441230042760361],[112.724913238664158,-7.441402846414345],[112.724909638588031,-7.441485648165212],[112.724925130913675,-7.441565691847712],[112.72486998,-7.4416188299999],[112.72478818,-7.44171346999994],[112.72469033,-7.44176960999994],[112.72434547,-7.44188990999992],[112.724118944,-7.44198257899993],[112.72360441,-7.44219306999998],[112.72307188,-7.44243527999993],[112.722989707,-7.44246970299996],[112.72271579,-7.44258444999996],[112.72257624,-7.44261331999993],[112.72234847,-7.44270474999995],[112.72230479,-7.44274063999996],[112.72230356,-7.44274164899998],[112.72230319,-7.44274354499993],[112.72225383,-7.44299667999996],[112.72221534,-7.44327096999998],[112.72221487,-7.44327454999997],[112.72221493,-7.44327455999995],[112.7221925,-7.44351884],[112.72219258,-7.44351881999995],[112.72218246,-7.44363153999996],[112.72199896,-7.44368658999997],[112.72166874,-7.44378565999996],[112.72134992,-7.44388699099993],[112.72129965,-7.44416265999997],[112.72130836,-7.44430118999998],[112.72131707,-7.44443971999995],[112.72125355,-7.44469758999995],[112.72125276,-7.44470078999993],[112.72127328,-7.44472922999994],[112.72118065,-7.44505624499994],[112.72117632,-7.44507152999995],[112.721172559,-7.44508480799997],[112.720873636,-7.44505820899996],[112.720804837,-7.44543124899997],[112.720794135,-7.44548628799994],[112.720702404,-7.44553521199997],[112.720577038,-7.44557037599997],[112.720506105659339,-7.445700087812529],[112.720459271245176,-7.44580514879565],[112.72042721,-7.44589907999995],[112.720423919,-7.44591013400001],[112.720329363,-7.446227784],[112.720274324,-7.446487689],[112.720128064,-7.44643943899996],[112.720126025,-7.44643876599995],[112.720077102,-7.44632715899994],[112.720008303,-7.44622166799995],[112.719914054,-7.44619506000001],[112.719692110863917,-7.446132402677526],[112.71955882,-7.44609477299998],[112.719621503,-7.44584556999997],[112.719673484,-7.44561929899993],[112.71971935,-7.44551380799992],[112.719780504,-7.44529670999996]]]]}}
]
}
