{
"type": "FeatureCollection",
"name": "kdkec_130",
"crs": { "type": "name", "properties": { "name": "urn:ogc:def:crs:OGC:1.3:CRS84" } },
"xy_coordinate_resolution": 1e-15,
"features": [
{"type":"Feature","properties":{"kdkab":"15","kdkec":"130","nmkab":"SIDOARJO","nmkec":"SEDATI","kddesa":"011","kdprov":"35","nmdesa":"SEDATI GEDE","nmprov":"JAWA TIMUR","iddesa":"3515130011"},"geometry":{"type":"MultiPolygon","coordinates":[[[[112.7563,-7.37716],[112.75626561,-7.37712480999996],[112.75592063,-7.37677181],[112.75565735,-7.37665897999995],[112.75556523,-7.37665542999996],[112.75536681,-7.37660228999995],[112.75535351,-7.37659460999994],[112.75527044,-7.37656002999992],[112.75527,-7.37656],[112.75514913,-7.37649200999993],[112.75511,-7.37647],[112.754999737,-7.37639482100001],[112.75489,-7.37632],[112.754886325,-7.37631733599992],[112.754846037,-7.37628812799993],[112.75483953,-7.3762834099999],[112.754706177323527,-7.376186727333058],[112.75451904,-7.37605104999997],[112.75449,-7.37603],[112.75431,-7.37583],[112.75379,-7.37519],[112.75376878,-7.37517787999998],[112.75374969,-7.37515637999994],[112.75359983,-7.37504158999995],[112.75349986,-7.37498415999992],[112.753498494,-7.37498337599997],[112.7534904,-7.37497872999995],[112.75327062,-7.37486925999998],[112.75323608,-7.37485952000001],[112.75312624,-7.37483825999993],[112.75292429,-7.37481965999994],[112.75285254,-7.37482319999998],[112.75273296,-7.37482851999991],[112.75263476,-7.37483074999995],[112.75247033,-7.37487568999995],[112.75239592,-7.37490491999995],[112.75231011,-7.37496435000001],[112.75230841,-7.37496503999993],[112.752270031,-7.37498937399993],[112.75225966,-7.37499594999998],[112.75225302,-7.37500015999997],[112.75225,-7.375],[112.751916949,-7.37499167399995],[112.75185,-7.37499],[112.75137,-7.37485],[112.75127,-7.37483],[112.75109,-7.37479],[112.751023376,-7.37476981099995],[112.75076,-7.37469],[112.75,-7.37437],[112.7498,-7.37429],[112.74942,-7.37412],[112.749265071949182,-7.374046613028563],[112.74923,-7.37403],[112.749127104,-7.37398482699996],[112.748859792,-7.37383484399995],[112.748861328,-7.37378227899993],[112.7488659,-7.37362586999996],[112.74897894,-7.37349573999997],[112.749076628,-7.37343226299991],[112.74908105,-7.37342938999998],[112.74908232,-7.37342712999992],[112.74918622,-7.37335934],[112.74928128,-7.37329215999993],[112.74928904,-7.37328738999997],[112.74958717,-7.37310404999996],[112.749677193,-7.373038825],[112.74981824,-7.37293662999994],[112.74983917,-7.37292059999994],[112.75014151,-7.37268905999998],[112.750176344,-7.37266268299993],[112.75023011,-7.37262196999998],[112.75086169,-7.37216006999993],[112.75090966,-7.37207286999992],[112.750910103,-7.37207206399994],[112.750925188525756,-7.372044642070101],[112.7509506,-7.37199844999998],[112.75095623,-7.37199256999998],[112.75093248,-7.37189676999998],[112.75082173,-7.37170440999996],[112.75079402,-7.37158735999997],[112.75079325,-7.37158524999998],[112.75082277,-7.37143901999998],[112.75088623,-7.37132740999992],[112.75104906,-7.37116472999997],[112.7512095,-7.37097949999998],[112.75149206,-7.37055737999997],[112.75153288,-7.37048330999993],[112.751607763,-7.37036443599995],[112.75160907,-7.37036235999994],[112.75209453,-7.36959169999995],[112.75211126,-7.36957486699992],[112.75219216,-7.36949346999996],[112.75254108,-7.36938614999997],[112.75262183,-7.36936130999992],[112.75276333,-7.36933900999998],[112.75284426,-7.36933631999997],[112.752868149,-7.3693355259999],[112.75288097,-7.36933509999991],[112.75294845,-7.36933285],[112.75323359,-7.36941239999994],[112.7537171,-7.36954728999994],[112.75426472,-7.36963483999992],[112.75438947,-7.36964958999994],[112.754404391,-7.36965135599998],[112.75442749,-7.36965408999991],[112.754473413,-7.36965951999994],[112.754511883,-7.36966406899997],[112.75457439,-7.36967145999993],[112.754737993,-7.36969080899997],[112.755009777,-7.36972295199995],[112.75506557,-7.36972954999993],[112.755098649,-7.36973386900001],[112.75510034,-7.36973408999996],[112.755383971,-7.36977114],[112.75548215,-7.36978396499993],[112.75555047,-7.36979288999994],[112.755855353,-7.36982371599991],[112.75596449,-7.36983474999993],[112.75609106,-7.36984167999996],[112.756091412,-7.36984169899994],[112.756119134,-7.36984321899996],[112.75623112,-7.36984935999994],[112.75633987,-7.36985531999997],[112.75638116,-7.36985757999997],[112.756448846,-7.36986696099996],[112.7568601,-7.36992395999998],[112.756930077,-7.36993366299995],[112.75693388,-7.36993418999998],[112.7572998,-7.36998490999998],[112.757457063,-7.3700067],[112.75746038,-7.37000715999994],[112.75748719,-7.37001087999995],[112.75761523,-7.37002264999995],[112.757615905,-7.37002271199997],[112.75801197498356,-7.37005909608608],[112.75816812,-7.37007343999993],[112.758319689,-7.37008836499995],[112.758582202,-7.37011421399993],[112.758824958,-7.37013811699995],[112.758972024195344,-7.370152593726926],[112.759171832,-7.37017226699994],[112.759522111,-7.37020675699994],[112.7597343,-7.37022764999997],[112.75992168,-7.37023645999993],[112.759958162,-7.37023817199997],[112.76000968,-7.37024059],[112.76023097,-7.37025098999992],[112.76026805,-7.37025272999995],[112.76035435,-7.37025812999996],[112.76047231,-7.37026551999995],[112.760641068,-7.37032997499993],[112.76080503,-7.37040554999994],[112.761187,-7.37070537999995],[112.76124717,-7.37074765999996],[112.761318228831527,-7.370726448711258],[112.761350391828543,-7.370711582982611],[112.76145041,-7.37063485999993],[112.7617174,-7.37037362999993],[112.76195806,-7.37032256999993],[112.76196858,-7.37032779],[112.76206641,-7.37036471999994],[112.76216466,-7.37044112999997],[112.76222131,-7.37048181999997],[112.762523838,-7.37071693099994],[112.7626031,-7.37077852999992],[112.76275965,-7.37089846],[112.76281434,-7.37094468999996],[112.76281137,-7.37097315999995],[112.76281288,-7.37097386999991],[112.762812858,-7.37097417699991],[112.76281113,-7.3709982],[112.76284858,-7.37107357999998],[112.7628427,-7.37111497599995],[112.763206775,-7.37157522099994],[112.763062568857094,-7.372390538080493],[112.763018298,-7.37264083799993],[112.76311962,-7.37265439999994],[112.76347498,-7.3726671599999],[112.76352294,-7.37266887999996],[112.76352426,-7.37266892999997],[112.76342796,-7.37326037999998],[112.7634389,-7.37326108999997],[112.76346276,-7.37326514999996],[112.76346274,-7.37326521999992],[112.76408881,-7.37341362999996],[112.764092135,-7.37341441799994],[112.76415914,-7.37343029999992],[112.764735587,-7.37356695299995],[112.76474979,-7.37357031999995],[112.76490725,-7.37360764999998],[112.76544007,-7.37373768],[112.76643074,-7.37397944999996],[112.76667606,-7.37404914999995],[112.76705485,-7.37416505999994],[112.76677157,-7.37438758999996],[112.7665883,-7.37465964999995],[112.76656983,-7.37470346999995],[112.7665099,-7.37483952999998],[112.76620155,-7.37645969999993],[112.76592496,-7.37791298999997],[112.765612723,-7.37990877999994],[112.76557524,-7.38014836999997],[112.76551206,-7.38015468999991],[112.764994953,-7.38006129099995],[112.76470777,-7.38000941999997],[112.76461565,-7.37998461999994],[112.7645129,-7.37998461999994],[112.76414796,-7.37992438999993],[112.76382199,-7.37989249999989],[112.76348186,-7.37994210999997],[112.76319377,-7.37995074999996],[112.76312755,-7.37995273999996],[112.76293622,-7.37995981999996],[112.76259785,-7.37991375999997],[112.76229936,-7.37981572999998],[112.762299228,-7.37981568699998],[112.76223646,-7.37979506999994],[112.76195124,-7.37964979999997],[112.76172448,-7.37955590999994],[112.76169082,-7.37955413999992],[112.76152783,-7.37958956999994],[112.76144457,-7.37958601999998],[112.76134713,-7.37956653999991],[112.76115404,-7.37946200999995],[112.76110798,-7.37945846999997],[112.761020265,-7.37946604899998],[112.760990466,-7.37946862399995],[112.7609904,-7.37946862999998],[112.760990476,-7.37946818999996],[112.76099053,-7.37946787999992],[112.760990483,-7.37946788599995],[112.76096758,-7.37947086999994],[112.76087192,-7.37948769999997],[112.76079751,-7.37952091999996],[112.76070547,-7.37958775999991],[112.76061947,-7.37968566999997],[112.76054064,-7.37972287999996],[112.76043523,-7.37973172999995],[112.76035994,-7.37972109999991],[112.7602743,-7.37967396999995],[112.76026,-7.37967],[112.76024858,-7.37966604999995],[112.76008712,-7.37958734999994],[112.75985682,-7.37944739999994],[112.75977355,-7.37942259999997],[112.75970978,-7.37941285999994],[112.75970135,-7.37941502999996],[112.759640454,-7.37942010799994],[112.75960193,-7.37942331999992],[112.75958754,-7.37942259999997],[112.759526495660964,-7.37944876005643],[112.75934572,-7.37952622999995],[112.75924853,-7.37954879999998],[112.75924325,-7.37954859999997],[112.75920335,-7.37954713999996],[112.75918983,-7.37954748999992],[112.75916898,-7.37954178999998],[112.75901887,-7.37948918999994],[112.759001,-7.37948018999997],[112.75897104,-7.37946511999996],[112.75870619,-7.37926403999992],[112.75864419,-7.37925784000002],[112.75854498,-7.37929326999995],[112.75834125,-7.37934641999993],[112.75828456,-7.37934995999997],[112.75823053,-7.37933136],[112.758224336,-7.37932698799997],[112.75818209,-7.37929716999996],[112.75816917,-7.37928196999995],[112.75813336,-7.37923984000001],[112.75807109,-7.37914888999993],[112.758033,-7.3790488],[112.75795328,-7.37890795999994],[112.75788508,-7.37882026999994],[112.757853185188424,-7.378793476860264],[112.75777436,-7.37872725999994],[112.757581007995313,-7.378616894649238],[112.75756977,-7.37861047999998],[112.75755017,-7.37859289999996],[112.757544711,-7.37858800599998],[112.75752999,-7.37857480999996],[112.75746788,-7.37850404999995],[112.75740764,-7.37837206999996],[112.75736956,-7.37829765999994],[112.75725795,-7.37809393],[112.75713837,-7.37796283999996],[112.75701576,-7.37789301],[112.75700278,-7.37787972],[112.756999236,-7.37787608999998],[112.756841858518044,-7.377714919094797],[112.75641203,-7.37727472999998],[112.756403933,-7.37726643699995],[112.75636607,-7.37722765999996],[112.7563,-7.37716]]]]}},
{"type":"Feature","properties":{"kdkab":"15","kdkec":"130","nmkab":"SIDOARJO","nmkec":"SEDATI","kddesa":"014","kdprov":"35","nmdesa":"PRANTI","nmprov":"JAWA TIMUR","iddesa":"3515130014"},"geometry":{"type":"MultiPolygon","coordinates":[[[[112.78946268,-7.37096298999996],[112.78819636,-7.37078493999998],[112.78722358,-7.37062402999991],[112.78626899,-7.37042641999995],[112.78544464,-7.37068606999998],[112.78522556,-7.37094329999994],[112.78486173,-7.37169550999994],[112.784821,-7.37192130999995],[112.78473612,-7.37239183999998],[112.78442622,-7.37286916999996],[112.78416987,-7.37298005999996],[112.7837301,-7.37309168000001],[112.78308842,-7.37316748999997],[112.78215269,-7.37309796999993],[112.78154674,-7.37293558999992],[112.78116756,-7.37443862000001],[112.78097115,-7.37577611999993],[112.78095742,-7.37631510999993],[112.78014,-7.37618],[112.77952,-7.37608],[112.77885,-7.37597],[112.77836,-7.3759],[112.77749,-7.37577],[112.77715,-7.37572],[112.7764,-7.37561],[112.776,-7.37554],[112.77555,-7.37548],[112.77527468,-7.37544376999997],[112.77508199,-7.37534743000001],[112.77479643,-7.37520464999994],[112.77509726,-7.37520266999998],[112.77554131,-7.37506256999996],[112.77583113,-7.37491592000002],[112.77614,-7.37471],[112.77621,-7.37466],[112.776372154,-7.37453644799997],[112.77640533,-7.37451116999995],[112.77642,-7.3745],[112.77646767,-7.37446305999991],[112.77722,-7.37388],[112.77744,-7.37373],[112.77752,-7.37368],[112.77793,-7.37346],[112.77824,-7.37331],[112.77885,-7.37314],[112.77961062,-7.37293865999991],[112.779630214,-7.37269211699993],[112.77963313,-7.37265541999992],[112.77976855,-7.37207427999995],[112.77985806,-7.37149330999994],[112.779912179703146,-7.371132568448182],[112.77994751,-7.37089706999996],[112.780010961,-7.37051849999995],[112.7800372,-7.37036194999996],[112.78024799,-7.36949019999996],[112.780393129,-7.36856847099997],[112.78039725,-7.36854229999993],[112.780443059,-7.36834440199992],[112.78044527,-7.36833484999993],[112.780531258,-7.36796339999997],[112.7805778,-7.36776235],[112.780635384,-7.36751143499993],[112.78066564,-7.36737959999993],[112.780771155,-7.36691989099995],[112.7807884,-7.36684475999994],[112.780850881,-7.36650459699995],[112.7808569,-7.36647182999996],[112.78092321,-7.36611082999997],[112.78095992,-7.36587],[112.78112,-7.36583],[112.78142,-7.36575],[112.78175,-7.36571999225147],[112.78198,-7.36572999225144],[112.78212,-7.36577999225144],[112.78237,-7.36587],[112.78263798,-7.36595728999994],[112.78276,-7.36599999225119],[112.78291,-7.36602],[112.78329,-7.366],[112.78339214,-7.36598297225121],[112.783531126,-7.36595981699995],[112.78359,-7.36595],[112.78376,-7.36593],[112.78413466,-7.36606940999997],[112.78418993,-7.36608996999995],[112.78436,-7.36613],[112.78462,-7.36611],[112.78474,-7.3661399922511],[112.78492,-7.36616999225105],[112.78521,-7.36616],[112.78557,-7.36627],[112.78573,-7.36629999225094],[112.7859,-7.36624],[112.78601,-7.36620999225102],[112.78612,-7.36621999225098],[112.78629,-7.36631999225093],[112.786600751,-7.36649479699996],[112.78661,-7.36649999225076],[112.78682,-7.36629],[112.78695,-7.36623999225095],[112.7871,-7.36627],[112.7874,-7.36638999225087],[112.78756,-7.36649],[112.78771,-7.36665999225063],[112.78778,-7.3667],[112.7879,-7.36659999225064],[112.788,-7.36651],[112.78812,-7.36646],[112.78852,-7.36648],[112.78881,-7.36656],[112.78907,-7.36669],[112.78932,-7.36689999225036],[112.78944,-7.36708999225021],[112.78948,-7.36715999225013],[112.78957,-7.36719],[112.78992,-7.36702],[112.790226564,-7.36713371425018],[112.79054,-7.36725],[112.79092,-7.36743999224984],[112.79122,-7.36760999224974],[112.79203478,-7.36787679899993],[112.791180967,-7.36987592599994],[112.790866593,-7.37054205399995],[112.790586556,-7.37113542600001],[112.790480301,-7.37112318099996],[112.79008453,-7.37107756999994],[112.7900684,-7.37107042999996],[112.78946268,-7.37096298999996]]]]}},
{"type":"Feature","properties":{"kdkab":"15","kdkec":"130","nmkab":"SIDOARJO","nmkec":"SEDATI","kddesa":"006","kdprov":"35","nmdesa":"GISIK CEMANDI","nmprov":"JAWA TIMUR","iddesa":"3515130006"},"geometry":{"type":"MultiPolygon","coordinates":[[[[112.79932519,-7.39413911999997],[112.798947483,-7.39412147899998],[112.79884924,-7.39411688999998],[112.798383629,-7.39405644999993],[112.797833094,-7.39398498599997],[112.79752582,-7.39394509999995],[112.79690447,-7.39386708999998],[112.796597852775861,-7.393812604734527],[112.794978168,-7.39352479000002],[112.79482211,-7.39349706],[112.79477127,-7.39344375999997],[112.79440797,-7.39338664999995],[112.794411124,-7.39337267099994],[112.794436508,-7.39336324299995],[112.794939525,-7.39317640799992],[112.795494786,-7.38924058499993],[112.795643564,-7.38818601099996],[112.795344973,-7.38813498599994],[112.79519255,-7.38810201999993],[112.79302779,-7.38779845999992],[112.7930643,-7.38764318999996],[112.79348571,-7.38585114999994],[112.79443667,-7.38463226999994],[112.79449498,-7.38455752999996],[112.79507515,-7.38475374999995],[112.79547324,-7.38482983999995],[112.7959752,-7.38493140999997],[112.79603777,-7.38495666999991],[112.79606,-7.38495],[112.79614,-7.38496],[112.7962,-7.38497],[112.79627,-7.38498],[112.79635,-7.385],[112.79644,-7.38501],[112.79654,-7.38503],[112.79665,-7.38504],[112.79676,-7.38506],[112.79688,-7.38508],[112.797,-7.3851],[112.79713,-7.38512],[112.79726,-7.38514],[112.79739,-7.38516],[112.79752,-7.38518],[112.79766,-7.3852],[112.79779,-7.38522],[112.79792,-7.38524],[112.79805,-7.38526],[112.79818,-7.38528],[112.79831,-7.3853],[112.79843,-7.38532],[112.79856,-7.38533],[112.79868,-7.38535],[112.79881,-7.38537],[112.79893,-7.38539],[112.79905,-7.38541],[112.79917,-7.38543],[112.79928,-7.38544],[112.7994,-7.38546],[112.79952,-7.38548],[112.79964,-7.3855],[112.79975,-7.38552],[112.79987,-7.38553],[112.79998,-7.38555],[112.80009,-7.38557],[112.8002,-7.38558],[112.80031,-7.3856],[112.80041,-7.38562],[112.80052,-7.38563],[112.80061,-7.38565],[112.80071,-7.38566],[112.8008,-7.38568],[112.80089,-7.3857],[112.80098,-7.38571],[112.80107,-7.38573],[112.80116,-7.38575],[112.80125,-7.38577],[112.80135,-7.38579],[112.80146,-7.38581],[112.80156,-7.38583],[112.80167,-7.38585],[112.80178,-7.38587],[112.80189,-7.38589],[112.80199,-7.38591],[112.80209,-7.38592],[112.80217,-7.38594],[112.80225,-7.38595],[112.80232,-7.38596],[112.8024,-7.38597],[112.80249,-7.38598],[112.80256,-7.38599],[112.80263,-7.38599],[112.80269,-7.386],[112.80276,-7.386],[112.80284,-7.386],[112.80294,-7.386],[112.80305,-7.38601],[112.80313,-7.38601],[112.8032,-7.38601],[112.80326,-7.38601],[112.80333,-7.38601],[112.8034,-7.38601],[112.80347,-7.38601],[112.80354,-7.38601],[112.80361,-7.38601],[112.80368,-7.38601],[112.80375,-7.386],[112.80382,-7.386],[112.80389,-7.386],[112.80395,-7.386],[112.80402,-7.38601],[112.8041,-7.38601],[112.80418,-7.38601],[112.80427,-7.38601],[112.80438,-7.38601],[112.80449,-7.38601],[112.80457622,-7.38600041999994],[112.80462275,-7.38602986999996],[112.80464818,-7.38604016999996],[112.80481642,-7.38604357999997],[112.80498437,-7.38597572999992],[112.80519968,-7.38597485999996],[112.80538193,-7.38611518999994],[112.80567872,-7.38629534999995],[112.805804,-7.38635172999997],[112.80621126,-7.38653500999991],[112.80644682,-7.38654748999995],[112.80668229,-7.38653981999994],[112.80681014,-7.3865393],[112.806865649,-7.38653643599997],[112.80695141,-7.38653200999995],[112.80695166,-7.38653220999992],[112.80696109,-7.38653155],[112.8070301,-7.38656156999996],[112.80703059,-7.38656133999997],[112.807043777,-7.38656966],[112.80705633,-7.38657757999994],[112.80717628,-7.38658152999997],[112.80779077,-7.38663395999993],[112.8078175,-7.38663624000001],[112.8078193,-7.38663631999994],[112.807831485,-7.38663690299995],[112.807834265,-7.38663703599996],[112.80783518,-7.38663707999995],[112.80789172,-7.38663976999993],[112.80839196,-7.38668818999997],[112.80860277,-7.38670311999993],[112.80870049,-7.38669400999991],[112.808738935,-7.38669303799997],[112.808746584,-7.386692845],[112.80903525,-7.38668554999996],[112.809094965,-7.38668429699991],[112.80913479,-7.38668346099995],[112.809135030007994,-7.38668331742339],[112.809270652568998,-7.38671886907868],[112.809314212264994,-7.38671528444643],[112.809416636413999,-7.38670453054982],[112.809614420976999,-7.38666390472053],[112.809782773313998,-7.38662447377204],[112.809904034088007,-7.38658982233529],[112.810052509947994,-7.38653569984472],[112.810106329,-7.38664009599995],[112.810116016,-7.38667118499996],[112.810121036,-7.38675628699997],[112.810121357,-7.38675631899996],[112.81053197,-7.38679778999997],[112.81063056,-7.38685832999995],[112.81061602,-7.38694371],[112.810740751123006,-7.38692981900883],[112.81074604,-7.38692922999995],[112.81074731,-7.38693000999993],[112.81076346,-7.38693077999995],[112.81117702,-7.38695044999997],[112.81133257,-7.3869498199999],[112.811536565,-7.38701370599995],[112.81182207,-7.38710311999994],[112.81208161,-7.38717600999997],[112.81217842,-7.38730131999995],[112.81220127,-7.38745650999992],[112.8121571,-7.38752323999994],[112.81209742,-7.38759532999997],[112.81208339,-7.38761226999997],[112.81186184,-7.38777584999995],[112.81151975,-7.38806994999994],[112.81150754,-7.38808045999996],[112.81096058,-7.38837105999993],[112.81033923,-7.38858061999995],[112.80923596,-7.38868123000001],[112.80853673,-7.38858869999992],[112.808534511,-7.38859217899992],[112.807819228,-7.38824260899997],[112.807813483,-7.38899521799996],[112.80781316,-7.38899523999989],[112.807810891,-7.38931016499995],[112.807766559,-7.38930397900001],[112.807540078,-7.38927237699992],[112.807417709,-7.38925530199998],[112.807344193407587,-7.389244960355006],[112.80727072515603,-7.389229124876768],[112.807212515031736,-7.389214106472551],[112.807156739,-7.38940081299996],[112.80709563,-7.38954869999998],[112.807053421,-7.38963754699995],[112.807031008,-7.38969874599997],[112.807004781,-7.38987505199997],[112.806964637,-7.390093301],[112.806953245,-7.39030162899995],[112.806953884,-7.39060516699993],[112.806978038,-7.390965885],[112.806997097,-7.39105677699996],[112.807073199,-7.39116489199998],[112.807266525,-7.39134466299991],[112.807266413,-7.39134550999997],[112.807266401,-7.39134559899997],[112.806987489,-7.39134970599998],[112.80695597,-7.39135016999992],[112.80668567,-7.39135414],[112.806301328,-7.39133110299996],[112.80458836,-7.39122842999994],[112.80455821,-7.39122485999993],[112.804499635,-7.39121793299998],[112.801536292258149,-7.390867489149662],[112.80120724540663,-7.391854125604346],[112.800850351259967,-7.392917241902895],[112.800493414439018,-7.393990702841358],[112.80047391,-7.39399358999997],[112.80024818,-7.39401864999997],[112.79982108,-7.39410893999994],[112.79967617,-7.39417393999997],[112.79942207,-7.39416287999995],[112.79932519,-7.39413911999997]]]]}},
{"type":"Feature","properties":{"kdkab":"15","kdkec":"130","nmkab":"SIDOARJO","nmkec":"SEDATI","kddesa":"013","kdprov":"35","nmdesa":"SEMAMPIR","nmprov":"JAWA TIMUR","iddesa":"3515130013"},"geometry":{"type":"MultiPolygon","coordinates":[[[[112.77621,-7.37466],[112.77614,-7.37471],[112.77583113,-7.37491592000002],[112.77554131,-7.37506256999996],[112.77509726,-7.37520266999998],[112.77479643,-7.37520464999994],[112.77441411,-7.37520715999995],[112.77415531,-7.37518335999993],[112.77409416,-7.37517406999998],[112.77361669,-7.37514448999995],[112.773411761,-7.37511204999991],[112.77338232,-7.37510738999994],[112.77337688,-7.37510724999991],[112.77325583,-7.37510406999998],[112.77278866,-7.37495403999996],[112.77213197,-7.37469865999998],[112.77194675,-7.37467016999995],[112.77128907,-7.37455805999998],[112.77105395,-7.37450516999994],[112.76982204,-7.37431670999995],[112.76862089,-7.37408847800001],[112.76832692,-7.37403262000002],[112.768187952234001,-7.37400118056379],[112.768256513598999,-7.37360199001911],[112.768378038780995,-7.37288782856823],[112.768515035505999,-7.37222785638847],[112.76841108,-7.37219420699998],[112.76840713,-7.37212352999995],[112.76849071,-7.37188627999995],[112.76853406,-7.37175033999996],[112.76856803,-7.37157278999997],[112.76858665,-7.37148670999993],[112.768587998,-7.37146883099994],[112.76858968,-7.371446528],[112.76859489,-7.37137741999995],[112.7686345,-7.37125609999991],[112.76865967,-7.37118188999991],[112.76873947,-7.37108421999996],[112.76888328,-7.37100466999996],[112.76890258,-7.37096088999992],[112.76890078,-7.37095308999994],[112.76897303,-7.37063452999996],[112.768973453,-7.37063266399995],[112.76906923,-7.37021036999992],[112.76907255,-7.37020792999995],[112.76907539,-7.37020682999997],[112.769090583,-7.37019543699994],[112.76916695,-7.37013816999996],[112.76943779,-7.36951446999998],[112.7695713,-7.36911201],[112.76967812,-7.36886214999994],[112.76973534,-7.36873244999995],[112.76978111,-7.36862754999992],[112.76987648,-7.36840438999996],[112.76994133,-7.36824416999998],[112.76997948,-7.36813735999994],[112.77004727,-7.36797105999996],[112.77010155,-7.36783790999996],[112.77015877,-7.36768722999997],[112.770229193439832,-7.367509446192151],[112.770302552,-7.36732425299991],[112.770464373,-7.36735841599996],[112.770634433,-7.36686276099993],[112.770749011,-7.36645377825079],[112.770793132,-7.36629629125091],[112.770952175,-7.36570203225149],[112.771063826,-7.3652216122519],[112.77163,-7.36512],[112.77172,-7.36510999225201],[112.77199494,-7.36504453225206],[112.77219266,-7.36499745999994],[112.77235,-7.36495999225214],[112.772408065,-7.3649498292522],[112.772515538439009,-7.364931021028705],[112.77275,-7.36488999225226],[112.77356,-7.36471999225244],[112.77376791,-7.36468880225243],[112.77416,-7.36462999225251],[112.77444,-7.36458],[112.774708344,-7.36452144899992],[112.774865761,-7.3644870992526],[112.77499,-7.36445999225262],[112.77572,-7.36434999225274],[112.776097377732597,-7.364333366141367],[112.776430053340135,-7.364300431000846],[112.77672,-7.36432],[112.7767261,-7.36432196100001],[112.776999383636579,-7.364409883548771],[112.777277489,-7.36454518699997],[112.77739,-7.3646],[112.77764,-7.36473],[112.77805502076184,-7.364966676061079],[112.778264124,-7.36516080399996],[112.77841,-7.36525999225193],[112.778508973,-7.3652891099999],[112.778639344426139,-7.365323102248589],[112.778757277,-7.36534545499995],[112.778871747877815,-7.365335271694289],[112.77896,-7.36541999225176],[112.77917,-7.3656599922515],[112.77938,-7.36593],[112.77946,-7.36599999225119],[112.779486784,-7.36599656599998],[112.77985,-7.36594999225124],[112.779893549,-7.36594849799997],[112.78014,-7.36594],[112.78047,-7.36586999225136],[112.78095992,-7.36587],[112.78092321,-7.36611082999997],[112.7808569,-7.36647182999996],[112.780850881,-7.36650459699995],[112.7807884,-7.36684475999994],[112.780771155,-7.36691989099995],[112.78066564,-7.36737959999993],[112.780635384,-7.36751143499993],[112.7805778,-7.36776235],[112.780531258,-7.36796339999997],[112.78044527,-7.36833484999993],[112.780443059,-7.36834440199992],[112.78039725,-7.36854229999993],[112.780393129,-7.36856847099997],[112.78024799,-7.36949019999996],[112.7800372,-7.37036194999996],[112.780010961,-7.37051849999995],[112.77994751,-7.37089706999996],[112.779912179703146,-7.371132568448182],[112.77985806,-7.37149330999994],[112.77976855,-7.37207427999995],[112.77963313,-7.37265541999992],[112.779630214,-7.37269211699993],[112.77961062,-7.37293865999991],[112.77885,-7.37314],[112.77824,-7.37331],[112.77793,-7.37346],[112.77752,-7.37368],[112.77744,-7.37373],[112.77722,-7.37388],[112.77646767,-7.37446305999991],[112.77642,-7.3745],[112.77640533,-7.37451116999995],[112.776372154,-7.37453644799997],[112.77621,-7.37466]]]]}},
{"type":"Feature","properties":{"kdkab":"15","kdkec":"130","nmkab":"SIDOARJO","nmkec":"SEDATI","kddesa":"002","kdprov":"35","nmdesa":"PEPE","nmprov":"JAWA TIMUR","iddesa":"3515130002"},"geometry":{"type":"MultiPolygon","coordinates":[[[[112.76271468,-7.40440011899994],[112.762740976,-7.40351112099997],[112.76274147,-7.40349443],[112.76222878,-7.40342732999993],[112.76224,-7.40336],[112.76226175,-7.40327734999995],[112.76226151,-7.40321650999992],[112.76226067,-7.40300521999996],[112.76228618,-7.40276742000001],[112.76230221,-7.40268242999997],[112.762303097,-7.40267772199996],[112.76232937,-7.40253834999995],[112.76234734,-7.40246907999995],[112.762347635,-7.40246794199993],[112.7623728,-7.40237090999996],[112.76241114,-7.40220198999998],[112.76241591,-7.40218098999998],[112.76245839,-7.40199386499998],[112.76246381,-7.40196998999993],[112.762488676906628,-7.40186900400237],[112.76248985,-7.40186423999994],[112.762545369,-7.40160048299997],[112.762546764944645,-7.401593851750685],[112.762562402,-7.40151956999995],[112.762602093162542,-7.401331021041484],[112.762630271,-7.40119716499989],[112.76264565,-7.40112410999996],[112.76267138,-7.40093912999993],[112.762676281,-7.400857688],[112.76267717,-7.40084290999991],[112.762699929118796,-7.400465001134773],[112.76271274,-7.40025227999995],[112.762715096,-7.400239529],[112.762720701,-7.40020919999996],[112.762832903,-7.39960204699996],[112.7628552,-7.39948138999991],[112.76293265,-7.39899689],[112.762969508,-7.39879904999998],[112.76304844,-7.39837536999997],[112.76313126,-7.39793084999994],[112.76313323,-7.39791415999995],[112.763133863,-7.39790880999995],[112.76314091,-7.39784925],[112.76329866,-7.39651571999996],[112.76332883,-7.39626067999998],[112.76334908,-7.39616846999997],[112.76341914,-7.39578700999992],[112.76345735,-7.39548511999995],[112.7634571,-7.39548463999994],[112.76346927,-7.39542652999997],[112.76351467,-7.39545215999995],[112.76368364,-7.39554526999995],[112.76371804,-7.39556523999993],[112.76371723,-7.39556127999998],[112.763717813,-7.39555882499995],[112.76375034,-7.39542183999992],[112.76375123,-7.395422],[112.76416827,-7.39350388],[112.764168647,-7.39350397599997],[112.76418304,-7.39346235399995],[112.764654649,-7.39357669099997],[112.765066748,-7.39367659999996],[112.765534505,-7.39377034999996],[112.765949423,-7.39386316899994],[112.765952308224001,-7.39386400066103],[112.766053996,-7.39389331199994],[112.766093688,-7.39390475299995],[112.7661575,-7.39392314699996],[112.766341106,-7.39397606999992],[112.767153545,-7.39423264999996],[112.767131192,-7.39441752499995],[112.767136565,-7.394494805],[112.767100358,-7.39479508699998],[112.767076658,-7.39495265999997],[112.767084373,-7.39504084099996],[112.767096928,-7.39510499699996],[112.767400275,-7.39516037199995],[112.767382666,-7.39526312699993],[112.767346529,-7.39545625199995],[112.767342267,-7.39548303999993],[112.767318367,-7.39563326799996],[112.767399131763554,-7.39565653890214],[112.767482167,-7.39568046399992],[112.767487792,-7.39566118799996],[112.767686946,-7.39572700999997],[112.767815143045596,-7.395769380043778],[112.767941945,-7.39581128899994],[112.769024150592301,-7.395877935565119],[112.769196605,-7.39588855599991],[112.769197218,-7.39592033699994],[112.769671038,-7.39593885499995],[112.76967345,-7.39590147999997],[112.76968,-7.3958],[112.769697055,-7.39550438199996],[112.76969753,-7.39549613999998],[112.76969933,-7.39537304],[112.76968836,-7.39521665999996],[112.769713112,-7.39522003099997],[112.769730401,-7.39522238599995],[112.77012548,-7.39527619999997],[112.770444932,-7.39531972199996],[112.7704527,-7.39532077999997],[112.77051378,-7.39533869999998],[112.77065184,-7.39533943999991],[112.77133671,-7.39538627999998],[112.77225379,-7.39541406999996],[112.77292525,-7.39545055],[112.772941552,-7.39545204299996],[112.77333821,-7.39548836999994],[112.77411441,-7.39547316999995],[112.77411474,-7.39546956],[112.774114858,-7.39546759199991],[112.774128578,-7.39523974099996],[112.77413022,-7.39521247999992],[112.77419353,-7.39521510000001],[112.77419348,-7.39521536999994],[112.7742337,-7.39521719999994],[112.77443768,-7.39524401999995],[112.774641,-7.39525534999996],[112.77463703,-7.39526003999993],[112.77482026,-7.39526892999993],[112.77507251,-7.39527511999996],[112.77533932,-7.39531722000001],[112.77576472,-7.39537307999994],[112.77596939,-7.39540559999995],[112.775945732,-7.39581826499998],[112.77593297,-7.39604085999994],[112.77590939,-7.39708644999996],[112.77584825,-7.39805147999994],[112.77579781,-7.39845460999994],[112.77578111,-7.39868457999992],[112.77577991,-7.39873453999995],[112.775779327,-7.39875866899998],[112.77577359,-7.39899611999994],[112.7757408,-7.39988635],[112.77572682,-7.40010897],[112.775717314,-7.40026041799996],[112.77569652,-7.40059168999998],[112.775669776,-7.40101094199998],[112.775664725,-7.40109012199998],[112.77565649,-7.40121921999997],[112.775654434,-7.40125139600001],[112.7756509,-7.40130672],[112.775638377,-7.40145185899994],[112.77563789,-7.4014574999999],[112.775616143,-7.40170949500001],[112.775608483403332,-7.401798253737851],[112.77559134,-7.40199690999998],[112.77559185,-7.40200883999997],[112.775593501,-7.40204693799995],[112.77559662,-7.40211888999995],[112.77560049,-7.40220814999995],[112.77563223,-7.402385],[112.77566308,-7.40240889999996],[112.77566284,-7.40241469999996],[112.775707474,-7.40248370899995],[112.77598055,-7.40290590999995],[112.77597888,-7.40295929999992],[112.775986621116743,-7.402960298871459],[112.77640055,-7.40301370999991],[112.77642984,-7.40321658999989],[112.77643924,-7.40324897999989],[112.776593219999981,-7.403377729999883],[112.776570018,-7.40384239899987],[112.77656872,-7.40386839999995],[112.77679928,-7.40390285999995],[112.77679564,-7.40405557999997],[112.77734416,-7.40415094999998],[112.77735359,-7.40422609999995],[112.77740602,-7.40428954999995],[112.77746367,-7.40433060999991],[112.77752758,-7.40432835999995],[112.77774046,-7.40443354999996],[112.77785104,-7.40445856],[112.77793617,-7.40449639],[112.77798733,-7.40453861],[112.778050746,-7.40460925],[112.77808977,-7.40465271999997],[112.77812021,-7.40482650999997],[112.778116674,-7.40484769399996],[112.778221282,-7.404629612],[112.778366786,-7.40432627299998],[112.779209183,-7.404701421],[112.779202784,-7.404746807],[112.778976574,-7.40635118599996],[112.778950178,-7.40653839899993],[112.779088573,-7.40653717299992],[112.77910642,-7.40663311],[112.77930515,-7.40678336999996],[112.77934336,-7.40687683999992],[112.77933317,-7.40702335999992],[112.77920472,-7.40756185999994],[112.77919997,-7.40759182999993],[112.77914848,-7.40780142999996],[112.7791522,-7.40790457999998],[112.77913573,-7.40811553],[112.77913379,-7.40814035999995],[112.77914,-7.40814],[112.779151243,-7.40816473399998],[112.77919,-7.40825],[112.77928,-7.40831],[112.779357,-7.40832925],[112.7794,-7.40834],[112.779421733,-7.40833771199993],[112.77959,-7.40832],[112.77971,-7.40824],[112.779758768,-7.40824870899996],[112.77999,-7.40829],[112.78052,-7.40831],[112.78082581,-7.40836733999994],[112.78085405,-7.40836808999993],[112.78101959,-7.40840771999995],[112.78133038,-7.40851381999995],[112.78157133,-7.40854456999996],[112.78158598,-7.40853881999992],[112.78158581,-7.40853804999996],[112.78180612,-7.40844372],[112.78212773,-7.40830162],[112.78235191,-7.40823593999995],[112.78269327,-7.40824098999995],[112.78293018,-7.4083180399999],[112.78296805,-7.40832684999998],[112.78325,-7.40843],[112.78384,-7.40857],[112.7842,-7.40861],[112.78425,-7.40865],[112.78432,-7.40867],[112.78481,-7.40868],[112.78587,-7.40884],[112.78613,-7.40881],[112.78674,-7.40871],[112.78751,-7.40874],[112.78766,-7.40883],[112.78784,-7.40899],[112.78816,-7.40937],[112.78831,-7.40958],[112.78838,-7.4096],[112.78844,-7.40988],[112.78849,-7.41021],[112.78848,-7.41043],[112.78843,-7.41057],[112.78814,-7.41104],[112.78798,-7.41116],[112.78775,-7.41135],[112.78762,-7.4115],[112.78749,-7.41165],[112.78742,-7.41181],[112.78741,-7.41196],[112.78746,-7.41221],[112.78757,-7.41247],[112.78771,-7.41267],[112.78803,-7.41302],[112.78838,-7.41339],[112.78861,-7.41368],[112.78869,-7.41385],[112.78877,-7.41413],[112.78877,-7.41446],[112.78874,-7.41461],[112.78866,-7.4147],[112.78853,-7.41477],[112.78831,-7.41491],[112.78791,-7.41525],[112.78758,-7.41568],[112.78726,-7.41622],[112.78724,-7.41645],[112.78716,-7.41712],[112.78708,-7.41757],[112.78711,-7.41772],[112.7872,-7.41788],[112.78734,-7.41801],[112.78752,-7.4182],[112.78771,-7.4184],[112.78785,-7.41844],[112.78823,-7.41848],[112.78848,-7.41857],[112.78906,-7.41886],[112.78938,-7.41913],[112.78954,-7.41933],[112.78957,-7.41959],[112.78958,-7.4197],[112.78962,-7.41975],[112.78964,-7.41983],[112.78968,-7.41993],[112.78972,-7.42002],[112.78976,-7.42012],[112.78979,-7.42017],[112.78983,-7.42024],[112.78989,-7.42032],[112.78993,-7.42038],[112.78998,-7.42045],[112.79004,-7.42053],[112.79012,-7.42061],[112.79019,-7.42069],[112.79024,-7.42074],[112.7903,-7.42081],[112.79038,-7.42089],[112.79046,-7.42097],[112.79051,-7.42103],[112.79055,-7.42108],[112.7906,-7.42112],[112.79066,-7.42117],[112.79072,-7.42123],[112.79077,-7.42129],[112.79083,-7.42134],[112.79087,-7.42139],[112.79093,-7.42143],[112.791,-7.4215],[112.79105,-7.42156],[112.79111,-7.42162],[112.7912,-7.4217],[112.79128,-7.42179],[112.79136,-7.42186],[112.79143,-7.42193],[112.79149,-7.422],[112.79155,-7.42208],[112.7916,-7.42216],[112.79163,-7.42223],[112.79165,-7.42231],[112.79166,-7.42242],[112.79165,-7.4225],[112.79165,-7.42256],[112.79163,-7.42263],[112.79162,-7.42272],[112.79159,-7.42279],[112.79157,-7.42287],[112.79155,-7.42296],[112.79153,-7.42302],[112.79151,-7.42308],[112.79149,-7.42315],[112.79147,-7.42322],[112.79145,-7.42328],[112.79143,-7.42335],[112.79141,-7.42341],[112.79139,-7.42347],[112.79137,-7.42353],[112.79135,-7.42359],[112.79133,-7.42366],[112.7913,-7.42375],[112.79127,-7.42382],[112.79124,-7.4239],[112.7912,-7.42398],[112.79117,-7.42404],[112.79114,-7.42409],[112.7911,-7.42416],[112.79109683,-7.42416507099996],[112.79006674,-7.424086927],[112.789337631,-7.42419843800001],[112.789106031,-7.42413624899994],[112.78869001,-7.42391751599998],[112.788364055,-7.42365589399995],[112.787909434,-7.42351007199993],[112.787583882,-7.42340809199994],[112.787453619,-7.42333784999997],[112.787291177,-7.42318505899993],[112.787210761,-7.42307890899994],[112.787099786,-7.42288108399994],[112.787049928,-7.42277654299994],[112.786923674,-7.42266235099993],[112.786610522,-7.42316634599995],[112.786446,-7.42343113299995],[112.78635915,-7.42332015799998],[112.786298033,-7.42320274999997],[112.786232092,-7.42311107500001],[112.786116682,-7.42304472899995],[112.785722105,-7.42303186199993],[112.783972241,-7.42290319599993],[112.783101599,-7.42271448499998],[112.783290068,-7.42112819999998],[112.78326,-7.42112],[112.78303,-7.42102],[112.78275,-7.42085],[112.78247,-7.42075],[112.7824,-7.42072],[112.78062,-7.42044],[112.77994,-7.42028],[112.7794,-7.42012],[112.77876,-7.41997],[112.77846,-7.41992],[112.7782,-7.41994],[112.77783,-7.41995],[112.77707,-7.41978],[112.7765,-7.41959],[112.77603,-7.41949],[112.77557,-7.41943],[112.77523,-7.41939],[112.77441,-7.41926],[112.77379,-7.41931],[112.77345,-7.41936],[112.77329,-7.41939],[112.77316,-7.41939],[112.77303,-7.41928],[112.77259,-7.41897],[112.77235,-7.41879],[112.77226,-7.41867],[112.7721,-7.41815],[112.77203,-7.41773],[112.77202,-7.41736],[112.77205,-7.4171],[112.77213,-7.41678],[112.77216,-7.4161],[112.77218,-7.41587],[112.77219473,-7.41584115999996],[112.77219545,-7.41583973999996],[112.77239093,-7.41545691999994],[112.772449835,-7.41538292999996],[112.77277027,-7.41498044],[112.77290162,-7.41485519999998],[112.77300479,-7.41479252999995],[112.77301289,-7.41478952999993],[112.773068085,-7.41479919699995],[112.77344551,-7.41486529999998],[112.77348977,-7.41487106999992],[112.77380342,-7.41492971999998],[112.77406938,-7.41494664999994],[112.77418172,-7.41496129999995],[112.77422841,-7.41495216999994],[112.77422951,-7.41495233999995],[112.77429297,-7.41493984999994],[112.77429672,-7.41493859999996],[112.77443997,-7.41491487999997],[112.77510358,-7.41471909999998],[112.77527044,-7.41465089999994],[112.77548952,-7.41449174999993],[112.7756118,-7.41433512999993],[112.77622319,-7.41287500999993],[112.776324839,-7.41250205199998],[112.77632509,-7.41250112999998],[112.77637094,-7.41212726],[112.776350763,-7.41170617099993],[112.7763341,-7.41135839999995],[112.77633328,-7.41130035999994],[112.77631617,-7.41101195999995],[112.77631235,-7.41080101999995],[112.77628942,-7.41060776999995],[112.77624739,-7.41050924999992],[112.77615441,-7.41044987999992],[112.77615182,-7.41044783999997],[112.77540192,-7.41046036999994],[112.775394823,-7.41046048899998],[112.77537204,-7.41046086999998],[112.77537234,-7.41046250999993],[112.775018703,-7.41047314199994],[112.77500314,-7.41047360999993],[112.77481136,-7.41054584999996],[112.77473708,-7.41056755999994],[112.77454955,-7.4106338999999],[112.77443572,-7.41064625999998],[112.774399885,-7.41065094499992],[112.77420624,-7.41067625999995],[112.77419086,-7.41067544000001],[112.773477941386503,-7.410637179870218],[112.773225154,-7.41062731899997],[112.7728937,-7.41061620999994],[112.771953934,-7.41057127999996],[112.77175775,-7.41056189999996],[112.77171998,-7.41056008999993],[112.77172,-7.41056],[112.77119,-7.41053],[112.77073,-7.41049],[112.769691438795348,-7.410385919819966],[112.769516411184,-7.41036091582683],[112.769278791685366,-7.410326970118177],[112.769205662,-7.41031652299996],[112.76916,-7.41031],[112.76915946,-7.41030988999997],[112.76906,-7.41029],[112.7690598,-7.41028996999993],[112.76905623,-7.41028948999998],[112.76884,-7.41026],[112.76871,-7.41025],[112.7686,-7.41025],[112.76854,-7.41023],[112.76823,-7.41008],[112.76796,-7.40991],[112.76751,-7.40957],[112.76724,-7.40947],[112.76701,-7.40943],[112.76665,-7.40937],[112.76657,-7.40929],[112.76655,-7.40921],[112.76656,-7.40875],[112.76651,-7.40871],[112.76632,-7.40867],[112.76605,-7.40864],[112.766010612,-7.40863905499998],[112.764973499,-7.40861416399995],[112.7648,-7.40861],[112.76439,-7.4086],[112.76411305,-7.4085876],[112.76411216,-7.40858755999995],[112.76407237,-7.40858577999997],[112.76405573,-7.40858503499991],[112.76372,-7.40857],[112.76361,-7.40851],[112.76354,-7.40841],[112.76352,-7.40829],[112.76348423,-7.40805155999991],[112.76347206,-7.40797040999995],[112.76347205,-7.40797031999996],[112.76347276,-7.4079224999999],[112.763473773,-7.40785431299997],[112.7634744,-7.4078120899999],[112.76347442,-7.40781070999996],[112.76350078,-7.40603310799997],[112.76281749,-7.40597645799992],[112.762818732,-7.40583195699998],[112.762803922,-7.405694414],[112.762782911,-7.4056129489999],[112.76273517,-7.405511609],[112.762705168,-7.40542259999996],[112.762706935,-7.40481478799993],[112.76270814,-7.40440008699992],[112.76271468,-7.40440011899994]]]]}},
{"type":"Feature","properties":{"kdkab":"15","kdkec":"130","nmkab":"SIDOARJO","nmkec":"SEDATI","kddesa":"004","kdprov":"35","nmdesa":"KALANGANYAR","nmprov":"JAWA TIMUR","iddesa":"3515130004"},"geometry":{"type":"MultiPolygon","coordinates":[[[[112.792346075,-7.39828124299992],[112.792317395,-7.39791938399996],[112.79243391,-7.39791791199997],[112.792461619,-7.39739395899993],[112.792463415727084,-7.397378043739815],[112.792466968,-7.39734657799995],[112.792413745,-7.39733908699994],[112.792559388524538,-7.396655195406583],[112.793015749407559,-7.39675882320535],[112.792997672248134,-7.396828940900135],[112.793122635240294,-7.396858782808713],[112.79300176256254,-7.397342273519757],[112.793180342,-7.39735646299992],[112.793512627,-7.39741687899995],[112.794307293,-7.39760985999987],[112.794317081436972,-7.397612206108549],[112.796001433806509,-7.397941048743055],[112.796358827,-7.39801082399996],[112.797313515854995,-7.39819496092197],[112.797940799,-7.39831605799997],[112.798314873,-7.39838827299997],[112.79836852,-7.39839862999996],[112.79846396,-7.39843289000001],[112.798583836669081,-7.398475922789376],[112.798663046,-7.39850435699997],[112.798889604,-7.39861763599994],[112.800490614,-7.39910851199992],[112.800624356193268,-7.399180137102266],[112.802084072,-7.39996187999996],[112.803473628,-7.40084545699997],[112.805535306,-7.40217459699995],[112.805477306,-7.40239416899993],[112.806312228716621,-7.402866548026287],[112.806264242409455,-7.40295949509384],[112.806402952567424,-7.403053830550933],[112.80649294,-7.40318384999997],[112.80679119,-7.40338829999997],[112.80700778,-7.40353646999997],[112.80721143,-7.40368875999996],[112.8072154,-7.40369071999992],[112.8072682,-7.40377255999994],[112.80726867,-7.40377669999998],[112.80734223,-7.40388908999995],[112.80739347,-7.40391910999994],[112.8073937,-7.40391874999997],[112.80752581,-7.40399877999994],[112.80769028,-7.40409352999995],[112.807708556848013,-7.404121727902243],[112.8077514,-7.40418734999996],[112.80774932,-7.40421361999997],[112.80791559,-7.40433277999995],[112.8082418,-7.40442275999996],[112.80883711,-7.40461436999992],[112.808863328441348,-7.404629011707773],[112.80906354,-7.40474081999995],[112.809065576,-7.40474195699993],[112.81000631,-7.40526731999994],[112.81017183,-7.40512381999996],[112.81032472,-7.40528346999995],[112.81056332,-7.40556143000001],[112.81081813,-7.40573486999992],[112.81097374,-7.40583296999998],[112.8109826,-7.40583593999995],[112.81103636,-7.40586691999996],[112.81120816,-7.40597356999993],[112.81156744,-7.40619156999998],[112.81192967,-7.40644756999997],[112.81274414,-7.40693964],[112.81354384,-7.40742432999998],[112.81355556,-7.40740231999998],[112.813924104,-7.4076358209999],[112.8140975,-7.40774567999998],[112.81453705,-7.4078269],[112.81453887,-7.40783114999996],[112.8146681,-7.40785938999992],[112.81468128,-7.40787050999996],[112.81481143,-7.40791352999998],[112.81491763,-7.40799572999993],[112.81493143,-7.40799618999996],[112.81496,-7.40802],[112.8153,-7.40838],[112.8154,-7.4085],[112.81551,-7.40854],[112.81602,-7.40852],[112.81621,-7.40848],[112.81639,-7.40836],[112.81649,-7.40818],[112.81667,-7.40788],[112.81688,-7.40751],[112.81706,-7.40719],[112.8172,-7.40698],[112.81726,-7.40693],[112.81744,-7.40686],[112.81762,-7.40683],[112.81898,-7.40676],[112.81965,-7.40668],[112.82004,-7.40667],[112.82024,-7.40669],[112.82041,-7.40669],[112.82055,-7.40671],[112.82065,-7.40672],[112.82074,-7.40672],[112.8208,-7.40672],[112.82087,-7.40672],[112.82095,-7.40672],[112.82102,-7.40672],[112.82109,-7.40671],[112.82115,-7.4067],[112.82122,-7.40669],[112.82131,-7.40665],[112.82139,-7.40661],[112.82145,-7.40657],[112.82153,-7.4065],[112.8216,-7.40646],[112.82167,-7.40641],[112.82174,-7.40635],[112.82179,-7.40632],[112.82184,-7.40628],[112.8219,-7.40624],[112.82195,-7.40621],[112.82201,-7.40618],[112.82208,-7.40614],[112.82214,-7.40612],[112.82222,-7.4061],[112.8223,-7.40609],[112.82238,-7.40609],[112.82246,-7.4061],[112.82252,-7.40611],[112.82259,-7.40612],[112.82267,-7.40613],[112.82276,-7.40615],[112.82284,-7.40616],[112.82291,-7.40617],[112.82298,-7.40618],[112.82304,-7.40619],[112.82313,-7.4062],[112.82322,-7.40621],[112.82329,-7.40622],[112.82338,-7.40622],[112.82346,-7.40623],[112.82352,-7.40623],[112.82359,-7.40623],[112.82365,-7.40622],[112.82371,-7.40622],[112.82379,-7.40622],[112.82388,-7.40621],[112.82398,-7.40621],[112.82408,-7.40621],[112.82415,-7.4062],[112.82423,-7.4062],[112.82434,-7.40619],[112.82445,-7.40618],[112.82453,-7.40618],[112.82459,-7.40617],[112.82465,-7.40617],[112.82472,-7.40616],[112.82478,-7.40616],[112.82485,-7.40615],[112.82492,-7.40614],[112.82499,-7.40613],[112.82506,-7.40612],[112.82513,-7.40612],[112.82519,-7.40611],[112.82526,-7.4061],[112.82533,-7.40609],[112.8254,-7.40609],[112.82547,-7.40608],[112.82554,-7.40607],[112.82561,-7.40606],[112.82568,-7.40606],[112.82575,-7.40605],[112.82582,-7.40604],[112.82589,-7.40603],[112.82597,-7.40602],[112.82604,-7.40601],[112.82611,-7.406],[112.82618,-7.40599],[112.82625,-7.40598],[112.82632,-7.40597],[112.82638,-7.40597],[112.82645,-7.40596],[112.82651,-7.40595],[112.82657,-7.40594],[112.82663,-7.40593],[112.82672,-7.40592],[112.8268,-7.40591],[112.82688,-7.4059],[112.82695,-7.40589],[112.82701,-7.40589],[112.82708,-7.40588],[112.82719,-7.40587],[112.82729,-7.40586],[112.8274,-7.40585],[112.82748,-7.40585],[112.82754,-7.40584],[112.8276,-7.40584],[112.82766,-7.40583],[112.82772,-7.40583],[112.82778,-7.40582],[112.82785,-7.40582],[112.82791,-7.40581],[112.82798,-7.4058],[112.82805,-7.4058],[112.82811,-7.40579],[112.82818,-7.40579],[112.82824,-7.40578],[112.8283,-7.40578],[112.82837,-7.40577],[112.82843,-7.40577],[112.82849,-7.40576],[112.82856,-7.40576],[112.82862,-7.40576],[112.82868,-7.40575],[112.82875,-7.40575],[112.82881,-7.40575],[112.82888,-7.40574],[112.82895,-7.40574],[112.82901,-7.40574],[112.82908,-7.40573],[112.82915,-7.40573],[112.82922,-7.40572],[112.82929,-7.40572],[112.82935,-7.40571],[112.82942,-7.40571],[112.82949,-7.40571],[112.82955,-7.4057],[112.82962,-7.4057],[112.82968,-7.40569],[112.82974,-7.40569],[112.8298,-7.40568],[112.82986,-7.40568],[112.82992,-7.40567],[112.83001,-7.40567],[112.83011,-7.40566],[112.8302,-7.40565],[112.83026,-7.40564],[112.83032,-7.40563],[112.8304,-7.40561],[112.83047,-7.4056],[112.83055,-7.40557],[112.83063,-7.40555],[112.8307,-7.40553],[112.83076,-7.40551],[112.83083,-7.40549],[112.8309,-7.40547],[112.83097,-7.40545],[112.83105,-7.40543],[112.83112,-7.4054],[112.83119,-7.40538],[112.83126,-7.40536],[112.83133,-7.40533],[112.8314,-7.40531],[112.83146,-7.40529],[112.83152,-7.40527],[112.83158,-7.40525],[112.83166,-7.40522],[112.83173,-7.4052],[112.83181,-7.40518],[112.83188,-7.40517],[112.83194,-7.40516],[112.832,-7.40515],[112.83206,-7.40514],[112.83259,-7.40509],[112.83259,-7.40504575999996],[112.83322786,-7.40469817999996],[112.83476183,-7.40572868],[112.83561844,-7.40558590999998],[112.83595156,-7.40649009999993],[112.8362371,-7.40806054999994],[112.83628469,-7.40886956999998],[112.8366654,-7.41020205999998],[112.83642745,-7.41453268000002],[112.83585638,-7.41986267999997],[112.83614192,-7.42081445999998],[112.83618951,-7.42171864999993],[112.83599915,-7.42324150999997],[112.83561844,-7.42438365],[112.83504737,-7.42547819999991],[112.83461906,-7.42581132999992],[112.83480942,-7.42652516999991],[112.83528531,-7.427239],[112.83571362,-7.42814319999994],[112.83566603,-7.42923774999997],[112.83609433,-7.43133168],[112.83657022,-7.43490086999997],[112.83647504,-7.43723273999996],[112.83728406,-7.43842246999997],[112.83737924,-7.43937425999997],[112.83761719,-7.44056398999992],[112.83752201,-7.44270549999993],[112.83775995,-7.44451388999997],[112.83827749,-7.45877875999994],[112.83887235,-7.46782070999994],[112.84053797,-7.47781444999995],[112.84065695,-7.47983698999996],[112.84006208,-7.48238300999996],[112.83913409,-7.483311],[112.83692119,-7.48423898999997],[112.83535075,-7.48431038000001],[112.83399446,-7.48338238999998],[112.83206709,-7.48088394999995],[112.83121049,-7.47838551999995],[112.83035388,-7.47602984999997],[112.82895282,-7.47452304999997],[112.82805,-7.47408],[112.82781,-7.474],[112.8276,-7.47399],[112.82742,-7.47396],[112.8263,-7.47362],[112.82605,-7.47354],[112.82547,-7.47331],[112.82514,-7.47325],[112.82491,-7.47327],[112.82413,-7.47341],[112.82384,-7.47345],[112.8233,-7.47347],[112.82269,-7.47346],[112.82247,-7.47341],[112.82223,-7.47335],[112.82201,-7.47336],[112.82177,-7.47342],[112.82112,-7.47357],[112.82093,-7.47356],[112.82053,-7.47347],[112.82027,-7.47343],[112.82008,-7.47329],[112.81993,-7.47322],[112.81976,-7.47318],[112.81949,-7.47319],[112.81877,-7.47327],[112.81871,-7.47272],[112.81867,-7.4725],[112.81863,-7.47232],[112.81859,-7.47217],[112.81856,-7.47204],[112.81852,-7.47192],[112.81849,-7.47181],[112.81846,-7.4717],[112.81844,-7.4716],[112.81841,-7.47151],[112.81839,-7.47141],[112.81837,-7.47132],[112.81835,-7.47123],[112.81833,-7.47113],[112.81831,-7.47103],[112.81829,-7.47093],[112.81827,-7.47083],[112.81826,-7.47073],[112.81825,-7.47064],[112.81824,-7.47054],[112.81823,-7.47045],[112.81822,-7.47036],[112.81822,-7.47028],[112.81821,-7.4702],[112.81821,-7.47013],[112.81821,-7.47005],[112.81821,-7.46998],[112.8182,-7.46991],[112.8182,-7.46984],[112.81819,-7.46977],[112.81819,-7.4697],[112.81818,-7.46964],[112.81816,-7.46957],[112.81815,-7.46949],[112.81813,-7.46942],[112.81811,-7.46935],[112.81808,-7.46927],[112.81806,-7.46919],[112.81802,-7.4691],[112.81799,-7.46901],[112.81795,-7.46892],[112.81791,-7.46883],[112.81787,-7.46873],[112.81782,-7.46863],[112.81778,-7.46852],[112.81773,-7.46841],[112.81769,-7.4683],[112.81764,-7.46819],[112.81759,-7.46808],[112.81755,-7.46798],[112.81751,-7.46788],[112.81747,-7.46778],[112.81744,-7.46769],[112.81741,-7.46761],[112.81738,-7.46754],[112.81736,-7.46747],[112.81734,-7.46741],[112.81732,-7.46735],[112.81731,-7.46727],[112.81729,-7.46717],[112.81727,-7.46708],[112.81726,-7.46698],[112.81724,-7.46689],[112.81723,-7.46682],[112.81722,-7.46674],[112.81721,-7.46667],[112.8172,-7.46659],[112.81719,-7.4665],[112.81719,-7.46641],[112.81718,-7.46632],[112.81719,-7.46623],[112.8172,-7.46616],[112.81722,-7.46608],[112.81723,-7.466],[112.81724,-7.46594],[112.81726,-7.46588],[112.81728,-7.46582],[112.8173,-7.46575999999989],[112.81732,-7.46569],[112.81734,-7.46563],[112.81736,-7.46556],[112.81738,-7.4655],[112.81741,-7.46544],[112.81743,-7.46538],[112.81745,-7.46532],[112.81748,-7.46527],[112.8175,-7.46521],[112.81754,-7.46512],[112.81758,-7.46504],[112.81761,-7.46498],[112.81764,-7.46493],[112.81768,-7.46487],[112.81771,-7.46481],[112.81774,-7.46476],[112.81778,-7.4647],[112.81782,-7.46464],[112.81785,-7.46459],[112.81789,-7.46453],[112.81793,-7.46447],[112.81797,-7.46441],[112.81801,-7.46435],[112.81805,-7.4643],[112.81809,-7.46424],[112.81813,-7.46418],[112.81817,-7.46413],[112.8182,-7.46407],[112.81824,-7.46402],[112.81827,-7.46397],[112.8183,-7.46391],[112.81834,-7.46386],[112.81838,-7.46378],[112.81842,-7.46371],[112.81845,-7.46366],[112.81849,-7.46359],[112.81853,-7.46349],[112.81857,-7.4634],[112.8186,-7.46331],[112.81862,-7.46324],[112.81864,-7.46317],[112.81867,-7.46307],[112.81869,-7.46296],[112.8187,-7.46288],[112.81871,-7.46282],[112.81871,-7.46276],[112.81872,-7.4627],[112.81873,-7.46264],[112.81874,-7.46258],[112.81875,-7.46249],[112.81875,-7.46238],[112.81875,-7.46228],[112.81875,-7.46221],[112.81875,-7.46214],[112.81874,-7.46205],[112.81872,-7.46196],[112.8187,-7.46186],[112.81868,-7.46176],[112.81865,-7.46167],[112.81864,-7.46161],[112.81862,-7.46154],[112.8186,-7.46147],[112.81858,-7.46139],[112.81857,-7.46131],[112.81855,-7.46123],[112.81853,-7.46114],[112.81851,-7.46106],[112.81849,-7.46097],[112.81847,-7.46088],[112.81845,-7.46079],[112.81843,-7.4607],[112.81841,-7.46062],[112.81839,-7.46054],[112.81837,-7.46046],[112.81835,-7.46038],[112.81834,-7.46031],[112.81832,-7.46024],[112.81831,-7.46017],[112.81829,-7.46011],[112.81828,-7.46005],[112.81827,-7.45999],[112.81826,-7.45993],[112.81825,-7.45984],[112.81823,-7.45973],[112.81822,-7.45965],[112.81821,-7.45959],[112.8182,-7.45952],[112.81819,-7.45945],[112.81819,-7.45938],[112.81818,-7.4593],[112.81817,-7.45921],[112.81816,-7.45912],[112.81816,-7.45903],[112.81815,-7.45894],[112.81814,-7.45885],[112.81813,-7.45875],[112.81812,-7.45866],[112.81811,-7.45857],[112.8181,-7.45848],[112.8181,-7.4584],[112.81809,-7.45831],[112.81808,-7.45823],[112.81807,-7.45815],[112.81806,-7.45807],[112.81805,-7.458],[112.81804,-7.45792],[112.81803,-7.45785],[112.81802,-7.45778],[112.81801,-7.45771],[112.81799,-7.45764],[112.81798,-7.45757],[112.81797,-7.4575],[112.81796,-7.45743],[112.81794,-7.45736],[112.81793,-7.45729],[112.81791,-7.45721],[112.8179,-7.45715],[112.81788,-7.45708],[112.81787,-7.45701],[112.81785,-7.45695],[112.81784,-7.45689],[112.81782,-7.45683],[112.81781,-7.45675],[112.81778,-7.45665],[112.81775,-7.45657],[112.81772,-7.45651],[112.8177,-7.45645],[112.81766,-7.45636],[112.81761,-7.45628],[112.81758,-7.45623],[112.81754,-7.45618],[112.81749,-7.45613],[112.81744,-7.45607],[112.81738,-7.45603],[112.81732,-7.45598],[112.81726,-7.45593],[112.81721,-7.45589],[112.81716,-7.45586],[112.81711,-7.45582],[112.81705,-7.45577],[112.81699,-7.45573],[112.81693,-7.45569],[112.81687,-7.45564],[112.81681,-7.4556],[112.81674,-7.45555],[112.81668,-7.4555],[112.81661,-7.45546],[112.81655,-7.45542],[112.81648,-7.45537],[112.81642,-7.45533],[112.81636,-7.45529],[112.8163,-7.45525],[112.81624,-7.45521],[112.81618,-7.45517],[112.81613,-7.45513],[112.81607,-7.45509],[112.81602,-7.45506],[112.81597,-7.45502],[112.8159,-7.45497],[112.81583,-7.45492],[112.81578,-7.45489],[112.81571,-7.45484],[112.81564,-7.45479],[112.81559,-7.45476],[112.81554,-7.45472],[112.81549,-7.45469],[112.81543,-7.45466],[112.81538,-7.45463],[112.81533,-7.45459],[112.81527,-7.45456],[112.81522,-7.45453],[112.81516,-7.45449],[112.8151,-7.45446],[112.81505,-7.45443],[112.81499,-7.45439],[112.81494,-7.45436],[112.81488,-7.45433],[112.81483,-7.4543],[112.81478,-7.45427],[112.81473,-7.45424],[112.81466,-7.45419],[112.81459,-7.45414],[112.81454,-7.45411],[112.81449,-7.45408],[112.81444,-7.45404],[112.81439,-7.45401],[112.81434,-7.45397],[112.81429,-7.45393],[112.81424,-7.45389],[112.81419,-7.45385],[112.81414,-7.45381],[112.81409,-7.45377],[112.81403,-7.45371],[112.81396,-7.45365],[112.8139,-7.45359],[112.81384,-7.45354],[112.81378,-7.45347],[112.81372,-7.4534],[112.81367,-7.45335],[112.81362,-7.4533],[112.81357,-7.45325],[112.81352,-7.4532],[112.81347,-7.45314],[112.81342,-7.45309],[112.81337,-7.45303],[112.81332,-7.45298],[112.81326,-7.45291],[112.8132,-7.45284],[112.81316,-7.45278],[112.8131,-7.4527],[112.81304,-7.45264],[112.81299,-7.45258],[112.81293,-7.4525],[112.81289,-7.45243],[112.81286,-7.45235],[112.81283,-7.45227],[112.81281,-7.4522],[112.81278,-7.45211],[112.81276,-7.452],[112.81273,-7.45192],[112.81272,-7.45186],[112.8127,-7.4518],[112.81268,-7.45174],[112.81266,-7.45167],[112.81265,-7.45161],[112.81263,-7.45154],[112.81261,-7.45148],[112.81259,-7.45142],[112.81257,-7.45135],[112.81255,-7.45129],[112.81253,-7.45123],[112.81251,-7.45117],[112.81249,-7.45111],[112.81247,-7.45105],[112.81244,-7.451],[112.81242,-7.45094],[112.8124,-7.45088],[112.81237,-7.45082],[112.81233,-7.45073],[112.81229,-7.45065],[112.81226,-7.45059],[112.81223,-7.45053],[112.8122,-7.45047],[112.81217,-7.45041],[112.81214,-7.45035],[112.81211,-7.45029],[112.81208,-7.45023],[112.81205,-7.45016],[112.81202,-7.4501],[112.81198,-7.45004],[112.81195,-7.44997],[112.81192,-7.44991],[112.81188,-7.44985],[112.81184,-7.44978],[112.81181,-7.44972],[112.81177,-7.44965],[112.81174,-7.44959],[112.8117,-7.44953],[112.81167,-7.44947],[112.81164,-7.44942],[112.81161,-7.44936],[112.81158,-7.44931],[112.81155,-7.44925],[112.81152,-7.4492],[112.81149,-7.44914],[112.81146,-7.44907],[112.81142,-7.44901],[112.81139,-7.44894],[112.81135,-7.44886],[112.81131,-7.44878],[112.81127,-7.44871],[112.81123,-7.44863],[112.81119,-7.44856],[112.81116,-7.44849],[112.81113,-7.44843],[112.8111,-7.44838],[112.81106,-7.44831],[112.81102,-7.44822],[112.81097,-7.44816],[112.81093,-7.4481],[112.81087,-7.44804],[112.81079,-7.44798],[112.81071,-7.44794],[112.81063,-7.4479],[112.81057,-7.44786],[112.81049,-7.44783],[112.81042,-7.44779],[112.81036,-7.44777],[112.8103,-7.44774],[112.81022,-7.4477],[112.81015,-7.44767],[112.81008,-7.44763],[112.81,-7.44759],[112.80992,-7.44755],[112.80986,-7.44749],[112.80979,-7.44744],[112.80974,-7.44738],[112.80969,-7.44732],[112.80964,-7.44726],[112.80958,-7.44719],[112.80955,-7.44714],[112.80951,-7.44708],[112.80947,-7.447],[112.80942,-7.44691],[112.80939,-7.44684],[112.80937,-7.44676],[112.80934,-7.4467],[112.80932,-7.44663],[112.80929,-7.44655],[112.80926,-7.44647],[112.80924,-7.44641],[112.80922,-7.44635],[112.8092,-7.44628],[112.80918,-7.4462],[112.80915,-7.44613],[112.80913,-7.44605],[112.80911,-7.44597],[112.80908,-7.44589],[112.80906,-7.44582],[112.80904,-7.44575],[112.80902,-7.44568],[112.809,-7.44562],[112.80898,-7.44556],[112.80896,-7.44547],[112.80893,-7.44536],[112.8089,-7.44529],[112.80889,-7.44523],[112.80887,-7.44515],[112.80884,-7.44507],[112.80883,-7.44499],[112.8088,-7.44491],[112.80879,-7.44483],[112.80877,-7.44472],[112.80874,-7.44465],[112.80873,-7.44459],[112.80872,-7.44451],[112.8087,-7.44441],[112.80867,-7.44431],[112.80865,-7.44423],[112.80864,-7.44415],[112.80862,-7.44409],[112.80861,-7.44403],[112.80861,-7.44394],[112.80861,-7.44386],[112.80862,-7.44377],[112.80863,-7.44371],[112.80864,-7.44363],[112.80866,-7.44352],[112.80868,-7.44342],[112.80869,-7.44333],[112.8087,-7.44324],[112.8087,-7.44315],[112.80869,-7.44307],[112.80867,-7.44301],[112.80865,-7.44295],[112.80861,-7.44289],[112.80855,-7.44284],[112.8085,-7.4428],[112.80846768,-7.44278787999998],[112.80812636,-7.44244996],[112.80771723,-7.44190216999992],[112.80757285,-7.44171163999992],[112.80716412,-7.44125940999995],[112.80706702,-7.44092534999992],[112.80675539,-7.44080716999998],[112.80637128,-7.44052205999997],[112.80596392,-7.44040426999995],[112.80541238,-7.44014372999992],[112.80507643,-7.43993009999996],[112.80488418,-7.43973975999995],[112.80447565,-7.43933529999992],[112.80411577,-7.43912176],[112.80387497,-7.43876438999994],[112.80375443,-7.43854987999993],[112.80372962,-7.43833496999998],[112.80358309,-7.43761887999995],[112.80353327,-7.43714128999994],[112.80302882,-7.43668943999993],[112.80240489,-7.43628584999993],[112.80206924,-7.43614386999997],[112.80171024,-7.43614532999992],[112.80096958,-7.43645890999994],[112.80037153,-7.43653300999993],[112.79989267,-7.43648716999995],[112.79972465,-7.43636839999993],[112.79955644,-7.43620185999995],[112.79917282,-7.43603618999997],[112.79890926,-7.43596558999996],[112.79816733,-7.43596859999994],[112.79771279,-7.43601821999996],[112.7975222,-7.436234],[112.79704392,-7.43633149999996],[112.79678007,-7.43618923],[112.79651699,-7.43623807999994],[112.79632621,-7.43640607999993],[112.79615994,-7.43671731999998],[112.79618591,-7.43721889999992],[112.7961646,-7.43786400999994],[112.79597556,-7.43846201999997],[112.79552247,-7.43886997999993],[112.79523595,-7.43903836999994],[112.79454246,-7.43918451999997],[112.79420788,-7.43930531999997],[112.79372959,-7.43940280999994],[112.79317931,-7.43945281999993],[112.79274889,-7.43955011999995],[112.79207904,-7.43962449999997],[112.79158663,-7.43958963999993],[112.79158,-7.43953],[112.7915,-7.43951],[112.79143,-7.43949],[112.79137,-7.43946],[112.7913,-7.43944],[112.79124,-7.43942],[112.79118,-7.43939],[112.79111,-7.43936],[112.79103,-7.43932],[112.79096,-7.43929],[112.79089,-7.43926],[112.79083,-7.43923],[112.79076,-7.43919],[112.7907,-7.43916],[112.79065,-7.43913],[112.79059,-7.43909],[112.7905,-7.43905],[112.79042,-7.439],[112.79033,-7.43895],[112.79027,-7.43891],[112.79022,-7.43887],[112.79016,-7.4388],[112.7901,-7.43874],[112.79005,-7.43868],[112.78999,-7.43862],[112.78994,-7.43855],[112.78988,-7.4385],[112.78984,-7.43845],[112.78979,-7.4384],[112.78974,-7.43834],[112.78969,-7.43829],[112.78963,-7.43823],[112.78955,-7.43815],[112.78948,-7.43809],[112.78939,-7.43801],[112.78931,-7.43794],[112.78925,-7.43789],[112.7892,-7.43784],[112.78915,-7.43779],[112.7891,-7.43772],[112.78907,-7.43765],[112.78904,-7.43757],[112.78901573,-7.43750527899995],[112.78901,-7.43749],[112.789,-7.43743],[112.78899,-7.43736],[112.78899,-7.43725],[112.789,-7.43717],[112.78902,-7.43707],[112.78904,-7.43697],[112.78906,-7.4369],[112.78907,-7.43683],[112.78908,-7.43677],[112.78909,-7.43671],[112.78909,-7.43665],[112.78909,-7.43659],[112.78909,-7.43653],[112.78909,-7.43645],[112.78908,-7.43637],[112.78906,-7.4363],[112.78905,-7.43624],[112.78902,-7.43617],[112.78899,-7.4361],[112.78896,-7.43604],[112.78893,-7.43597],[112.78886,-7.43588],[112.7888,-7.43581],[112.78874,-7.43573],[112.78869,-7.43566],[112.78862,-7.43558],[112.78856,-7.43551],[112.78851,-7.43545],[112.78846,-7.43538],[112.78841,-7.43532],[112.78837,-7.43527],[112.78834,-7.43522],[112.78829,-7.43516],[112.78824,-7.43509],[112.7882,-7.43503],[112.78817,-7.43497],[112.78812,-7.4349],[112.78809,-7.43482],[112.78805,-7.43475],[112.78801,-7.43469],[112.78797,-7.43461],[112.78794,-7.43453],[112.7879,-7.43445],[112.78787,-7.43437],[112.78784,-7.4343],[112.7878,-7.43421],[112.78775,-7.4341],[112.78772,-7.43401],[112.78771,-7.43392],[112.78771,-7.43384],[112.78772,-7.43377],[112.78772,-7.43369],[112.78773,-7.43363],[112.78773,-7.43357],[112.78773,-7.43349],[112.78774,-7.43342],[112.78773,-7.43333],[112.78773,-7.43323],[112.78773,-7.43315],[112.78773,-7.43309],[112.78772,-7.43303],[112.78772,-7.43294],[112.78771,-7.43283],[112.7877,-7.43274],[112.78769,-7.43268],[112.78768,-7.43261],[112.78766,-7.43253],[112.78762,-7.43243],[112.78757,-7.43235],[112.78752,-7.43227],[112.78747,-7.4322],[112.78743,-7.43214],[112.7874,-7.43209],[112.78736,-7.43203],[112.78732,-7.43195],[112.78729,-7.43185],[112.78727,-7.43177],[112.78728,-7.43169],[112.7873,-7.43158],[112.78733,-7.4315],[112.78736,-7.43145],[112.78739,-7.4314],[112.78742,-7.43135],[112.78747,-7.43129],[112.78751,-7.43123],[112.78755,-7.43115],[112.78759,-7.43109],[112.78761,-7.43102],[112.78762,-7.43093],[112.78761,-7.43086],[112.7876,-7.4308],[112.78758,-7.43073],[112.78756,-7.43065],[112.78754,-7.43057],[112.78752,-7.43049],[112.7875,-7.43042],[112.78748,-7.43035],[112.78747,-7.43027],[112.78747,-7.43017],[112.78749,-7.43009],[112.78752,-7.43002],[112.78755,-7.42995],[112.7876,-7.42986],[112.78764,-7.42979],[112.78767,-7.42973],[112.78771,-7.42968],[112.78774,-7.42963],[112.78777,-7.42957],[112.78782,-7.4295],[112.78787,-7.42942],[112.78792,-7.42935],[112.78797,-7.42929],[112.78803,-7.42926],[112.78808173,-7.42924275999998],[112.78809,-7.42924],[112.78816,-7.42922],[112.78824,-7.4292],[112.78833,-7.42918],[112.78842,-7.42915],[112.78848,-7.42913],[112.78854,-7.42911],[112.78862,-7.42909],[112.78869,-7.42907],[112.78876,-7.42904],[112.78883,-7.42902],[112.78891,-7.429],[112.78898,-7.42898],[112.78905,-7.42896],[112.78911,-7.42894],[112.7892,-7.42891],[112.78926,-7.42889],[112.78933,-7.42887],[112.78941,-7.42884],[112.78948,-7.42881],[112.78957,-7.42877],[112.78965,-7.42873],[112.78971,-7.42869],[112.78976,-7.42866],[112.78983,-7.42861],[112.78991,-7.42854],[112.78997,-7.42847],[112.79001,-7.42842],[112.79007,-7.42835],[112.79011,-7.42828],[112.79015,-7.42822],[112.79019,-7.42815],[112.79022,-7.4281],[112.79025,-7.42804],[112.79027,-7.42798],[112.7903,-7.42792],[112.79032,-7.42786],[112.79034,-7.4278],[112.79037,-7.42773],[112.79039,-7.42766],[112.7904,-7.4276],[112.79042,-7.42754],[112.79042,-7.42748],[112.79043,-7.42742],[112.79043,-7.42735],[112.79043,-7.42728],[112.79043,-7.42718],[112.79043,-7.42711],[112.79042,-7.42704],[112.79041,-7.42695],[112.79038,-7.42686],[112.79036,-7.4268],[112.79034,-7.42674],[112.79031,-7.42668],[112.79029,-7.4266],[112.79027,-7.42654],[112.79025,-7.42647],[112.79023,-7.42638],[112.79021,-7.42627],[112.7902,-7.4262],[112.7902,-7.4261],[112.79019,-7.426],[112.7902,-7.42593],[112.7902,-7.42585],[112.79021,-7.42577],[112.79022,-7.42571],[112.79023,-7.42564],[112.79026,-7.42554],[112.79029,-7.42547],[112.79031,-7.4254],[112.79035,-7.42531],[112.7904,-7.42521],[112.79045,-7.42513],[112.7905,-7.42506],[112.79056,-7.42497],[112.790567741,-7.42495645299993],[112.7906,-7.4249],[112.79063,-7.42485],[112.79068,-7.42478],[112.79073,-7.42471],[112.79076,-7.42466],[112.79081,-7.4246],[112.79086,-7.42452],[112.7909,-7.42447],[112.79093,-7.42442],[112.79097,-7.42436],[112.79101,-7.4243],[112.79105,-7.42424],[112.79109683,-7.42416507099996],[112.7911,-7.42416],[112.79114,-7.42409],[112.79117,-7.42404],[112.7912,-7.42398],[112.79124,-7.4239],[112.79127,-7.42382],[112.7913,-7.42375],[112.79133,-7.42366],[112.79135,-7.42359],[112.79137,-7.42353],[112.79139,-7.42347],[112.79141,-7.42341],[112.79143,-7.42335],[112.79145,-7.42328],[112.79147,-7.42322],[112.79149,-7.42315],[112.79151,-7.42308],[112.79153,-7.42302],[112.79155,-7.42296],[112.79157,-7.42287],[112.79159,-7.42279],[112.79162,-7.42272],[112.79163,-7.42263],[112.79165,-7.42256],[112.79165,-7.4225],[112.79166,-7.42242],[112.79165,-7.42231],[112.79163,-7.42223],[112.7916,-7.42216],[112.79155,-7.42208],[112.79149,-7.422],[112.79143,-7.42193],[112.79136,-7.42186],[112.79128,-7.42179],[112.7912,-7.4217],[112.79111,-7.42162],[112.79105,-7.42156],[112.791,-7.4215],[112.79093,-7.42143],[112.79087,-7.42139],[112.79083,-7.42134],[112.79077,-7.42129],[112.79072,-7.42123],[112.79066,-7.42117],[112.7906,-7.42112],[112.79055,-7.42108],[112.79051,-7.42103],[112.79046,-7.42097],[112.79038,-7.42089],[112.7903,-7.42081],[112.79024,-7.42074],[112.79019,-7.42069],[112.79012,-7.42061],[112.79004,-7.42053],[112.78998,-7.42045],[112.78993,-7.42038],[112.78989,-7.42032],[112.78983,-7.42024],[112.78979,-7.42017],[112.78976,-7.42012],[112.78972,-7.42002],[112.78968,-7.41993],[112.78964,-7.41983],[112.78962,-7.41975],[112.78958,-7.4197],[112.78957,-7.41959],[112.78954,-7.41933],[112.78938,-7.41913],[112.78906,-7.41886],[112.78848,-7.41857],[112.78823,-7.41848],[112.78785,-7.41844],[112.78771,-7.4184],[112.78752,-7.4182],[112.78734,-7.41801],[112.7872,-7.41788],[112.78711,-7.41772],[112.78708,-7.41757],[112.78716,-7.41712],[112.78724,-7.41645],[112.78726,-7.41622],[112.78758,-7.41568],[112.78791,-7.41525],[112.78831,-7.41491],[112.78853,-7.41477],[112.78866,-7.4147],[112.78874,-7.41461],[112.78877,-7.41446],[112.78877,-7.41413],[112.78869,-7.41385],[112.78861,-7.41368],[112.78838,-7.41339],[112.78803,-7.41302],[112.78771,-7.41267],[112.78757,-7.41247],[112.78746,-7.41221],[112.78741,-7.41196],[112.78742,-7.41181],[112.78749,-7.41165],[112.78762,-7.4115],[112.78775,-7.41135],[112.78798,-7.41116],[112.78814,-7.41104],[112.78843,-7.41057],[112.78848,-7.41043],[112.78849,-7.41021],[112.78844,-7.40988],[112.78838,-7.4096],[112.78831,-7.40958],[112.78816,-7.40937],[112.78784,-7.40899],[112.78766,-7.40883],[112.78751,-7.40874],[112.78674,-7.40871],[112.78613,-7.40881],[112.78587,-7.40884],[112.78481,-7.40868],[112.78432,-7.40867],[112.78425,-7.40865],[112.7842,-7.40861],[112.78406,-7.4084],[112.78396,-7.4082],[112.7839,-7.40801],[112.78381,-7.40786],[112.78365,-7.40772],[112.78347,-7.40762],[112.78336,-7.4075],[112.7833,-7.40737],[112.78321,-7.40698],[112.78315,-7.40664],[112.78312,-7.40636],[112.78312,-7.40587],[112.78316,-7.40561],[112.78342,-7.40517],[112.78352,-7.40499],[112.78357,-7.40483],[112.78333,-7.40445],[112.783140274,-7.40416235],[112.78302,-7.40398],[112.7829,-7.40374],[112.78287,-7.40359],[112.78289,-7.40347],[112.78328,-7.4031],[112.78338,-7.40301],[112.78342,-7.40293],[112.7834,-7.40284],[112.78334,-7.40277],[112.78313,-7.40272],[112.78292,-7.40267],[112.78275972,-7.40261389999994],[112.78272335,-7.40259694999995],[112.78262302,-7.40251877999997],[112.78252405,-7.40234888999993],[112.78251859,-7.40230997],[112.7823964,-7.40181494999996],[112.7823971,-7.40181451999998],[112.78239232,-7.40178913999997],[112.78237129,-7.40173158999994],[112.78236261,-7.40169994999995],[112.78236187,-7.40169956999995],[112.78235547,-7.40168037999994],[112.78235598,-7.40167813999997],[112.7823053,-7.40164412999994],[112.782268758,-7.40161960299998],[112.78225959,-7.40161344999993],[112.78228446,-7.40160396999996],[112.78233158,-7.40158269999996],[112.78234284,-7.40157410999996],[112.78235301,-7.40155953999995],[112.78235275,-7.40155875999993],[112.78236451,-7.40153430999995],[112.7820717,-7.40123581999997],[112.78203894,-7.40114647999998],[112.78216726,-7.40085677999997],[112.78236519,-7.40020429999995],[112.78241979,-7.4000933],[112.78236091,-7.39998573999996],[112.78236204,-7.39998276999995],[112.78234274,-7.39994082999994],[112.78231576,-7.39989126999995],[112.78226967,-7.39984943999994],[112.78222356,-7.39980377999996],[112.78220423,-7.39975419999996],[112.7821926,-7.39971604999997],[112.78215171,-7.39953857999994],[112.78211302,-7.39943558999992],[112.78210137,-7.39939361999997],[112.78208201,-7.3993364],[112.78206635,-7.3992486],[112.78204298,-7.39914554999994],[112.78205374,-7.39913796999994],[112.78207575,-7.39912245999993],[112.782076634,-7.39912183699993],[112.782078835,-7.39912028500001],[112.78208114,-7.39911865999996],[112.783054367,-7.39956587099992],[112.78308035,-7.39957780999993],[112.78329262,-7.39967534999994],[112.78381015,-7.39990629999994],[112.78452084,-7.40023019999996],[112.784529557,-7.40023417299996],[112.78497753,-7.40043833999995],[112.78578,-7.40088],[112.78612,-7.40103],[112.786531282,-7.40120387299992],[112.787483191,-7.40159947099996],[112.7877,-7.40168],[112.78823,-7.40184],[112.78854,-7.40188],[112.78868,-7.40189],[112.78875,-7.40194],[112.78878,-7.40208],[112.78878,-7.40226],[112.78901,-7.40231],[112.78926,-7.4023],[112.78955,-7.40226],[112.78958198,-7.40226],[112.78958184,-7.40225818999992],[112.78961518,-7.40225734999996],[112.78964257,-7.40210640999993],[112.7896483,-7.40187462999994],[112.78966931,-7.40180641999995],[112.78998266,-7.40155135999994],[112.79000906,-7.40154089999994],[112.79026881,-7.40137382799997],[112.79053967,-7.40119960999995],[112.79088768,-7.40102862999994],[112.79096995,-7.40097937],[112.79131179,-7.40082307999993],[112.79135,-7.40077507999998],[112.79135,-7.40075181],[112.79136041,-7.40074558],[112.79132331,-7.40041548999993],[112.79132295,-7.40032623999997],[112.791292508734173,-7.39996408939417],[112.791284799,-7.39987236899998],[112.79127364,-7.39973960999993],[112.79132079,-7.39923513999998],[112.79141178,-7.39911045000001],[112.791426452,-7.39909034700001],[112.79148084,-7.39901582999998],[112.79159877,-7.39888369999993],[112.79178139,-7.39871785],[112.79204908,-7.39858289999995],[112.792085259,-7.39856465899994],[112.792142015,-7.39854908800001],[112.792149538,-7.39854779799998],[112.792364284,-7.39851098299993],[112.792346075,-7.39828124299992]]]]}},
{"type":"Feature","properties":{"kdkab":"15","kdkec":"130","nmkab":"SIDOARJO","nmkec":"SEDATI","kddesa":"001","kdprov":"35","nmdesa":"KWANGSAN","nmprov":"JAWA TIMUR","iddesa":"3515130001"},"geometry":{"type":"MultiPolygon","coordinates":[[[[112.7621,-7.41051],[112.76187,-7.41048],[112.761646960339675,-7.410412118364248],[112.76164,-7.41041],[112.76161153,-7.41040796999996],[112.7615,-7.4104],[112.76147463,-7.4104039599999],[112.761405363,-7.41041799499992],[112.760784224,-7.41054384999998],[112.7606637,-7.41056826999994],[112.760521982,-7.41054007199997],[112.760352633155463,-7.41050637703484],[112.760376090881934,-7.41041124292197],[112.760345050660931,-7.410404708138603],[112.760367922402722,-7.410319755954836],[112.760327080006675,-7.410311587475627],[112.7603434169651,-7.410251140729486],[112.760292772393996,-7.410241338554436],[112.760399800250113,-7.409848442309935],[112.760559576586985,-7.409300240495095],[112.760715742917483,-7.408690031924469],[112.760531439,-7.40861007199991],[112.76054399,-7.40856540999992],[112.76046098,-7.40854673999998],[112.76046144,-7.40854516999997],[112.760458627,-7.40854451099994],[112.76042718,-7.40853713999998],[112.759762742,-7.40838133799992],[112.75973,-7.40837365999996],[112.75973,-7.4083],[112.75974,-7.40824],[112.75975,-7.40744],[112.75974193,-7.40743864999994],[112.75971501,-7.40743416399994],[112.75957,-7.40741],[112.75928958,-7.40735391999992],[112.75877,-7.40725],[112.75867,-7.40723],[112.75845736,-7.40719504999991],[112.75794,-7.40711],[112.75790892,-7.40710463999998],[112.75765,-7.40706],[112.75743,-7.40705],[112.757156817,-7.40703656499993],[112.75682,-7.40702],[112.75592,-7.40691],[112.755719701,-7.406887325],[112.75539,-7.40685],[112.75502,-7.40681],[112.75489,-7.40679],[112.75439561,-7.40668480999997],[112.75431392,-7.40667542999993],[112.754279115,-7.40667143299992],[112.75376405,-7.40661227999993],[112.75373659,-7.40657602999993],[112.75370519,-7.40653457999997],[112.75367543,-7.40641130999992],[112.75367548,-7.40641030999995],[112.75367559,-7.40640836999996],[112.75368309,-7.40629768000001],[112.7536528,-7.40616893999993],[112.75365257,-7.40616798],[112.75367966,-7.40618093999998],[112.75374031,-7.40620994999995],[112.75387001,-7.40608024999995],[112.75387774,-7.40604978999994],[112.75390053,-7.40596007999994],[112.75406075,-7.40511893999995],[112.75412178,-7.40484046999996],[112.75419642,-7.40451775999997],[112.75425148,-7.40427970999997],[112.75429023,-7.40406882999998],[112.75435066,-7.40373992999998],[112.75456047,-7.40277861999992],[112.75464058,-7.40263938999991],[112.75499916,-7.40226935999993],[112.75506558,-7.40219802999995],[112.75510216,-7.40215873999995],[112.75522041,-7.40193938999993],[112.75534248,-7.40170859999996],[112.755410964,-7.4016130059999],[112.755412,-7.40161155999994],[112.75543331,-7.40158181999994],[112.75543361,-7.40158171999997],[112.75543529,-7.40158144],[112.75543421,-7.40158089999993],[112.75543431,-7.40158076999997],[112.75543404,-7.40158080999991],[112.755450421,-7.40155750499995],[112.75546319,-7.40153933999996],[112.75547733,-7.40151918000001],[112.75547848,-7.40151760999996],[112.75560944,-7.40133813999995],[112.75577944,-7.40109813999992],[112.75589944,-7.40091813999995],[112.75598534,-7.40079541999994],[112.75604,-7.40072],[112.756065649,-7.40060458799994],[112.75606582,-7.40060381999995],[112.75614701,-7.40023846999998],[112.75619451,-7.40002470899997],[112.7562,-7.4],[112.75620169,-7.39999284999994],[112.75620807,-7.39996591999991],[112.75629,-7.39962],[112.75641,-7.39909],[112.75649,-7.39878],[112.75661,-7.39828],[112.75668,-7.39797],[112.75673,-7.39775],[112.756741124,-7.39769781599996],[112.75674114,-7.39769773999998],[112.75674727,-7.39766893999995],[112.75686,-7.39714],[112.75689,-7.39699],[112.75692,-7.39684],[112.75695,-7.39668],[112.75699,-7.39652],[112.75702,-7.39636],[112.75704194,-7.39627225999992],[112.75706,-7.3962],[112.75709,-7.39604],[112.75712,-7.39589],[112.75712111,-7.39588481999994],[112.75715,-7.39575],[112.75718,-7.39561],[112.75721,-7.39549],[112.75723,-7.39538],[112.75723399,-7.39536204999995],[112.75723434,-7.39536210999995],[112.759046398263692,-7.395698288240232],[112.760037550759208,-7.395901800519096],[112.760039286759209,-7.395902122519076],[112.76048503,-7.39598195999996],[112.760860128,-7.39605759399997],[112.76086462,-7.39605849999997],[112.761420929698673,-7.396178957668445],[112.761488772143025,-7.396123410043424],[112.762148006551001,-7.396250066585878],[112.762375152419281,-7.396327673376457],[112.762436457527983,-7.39639826891596],[112.76329866,-7.39651571999996],[112.76314091,-7.39784925],[112.763133863,-7.39790880999995],[112.76313323,-7.39791415999995],[112.76313126,-7.39793084999994],[112.76304844,-7.39837536999997],[112.762969508,-7.39879904999998],[112.76293265,-7.39899689],[112.7628552,-7.39948138999991],[112.762832903,-7.39960204699996],[112.762720701,-7.40020919999996],[112.762715096,-7.400239529],[112.76271274,-7.40025227999995],[112.762699929118796,-7.400465001134773],[112.76267717,-7.40084290999991],[112.762676281,-7.400857688],[112.76267138,-7.40093912999993],[112.76264565,-7.40112410999996],[112.762630271,-7.40119716499989],[112.762602093162542,-7.401331021041484],[112.762562402,-7.40151956999995],[112.762546764944645,-7.401593851750685],[112.762545369,-7.40160048299997],[112.76248985,-7.40186423999994],[112.762488676906628,-7.40186900400237],[112.76246381,-7.40196998999993],[112.76245839,-7.40199386499998],[112.76241591,-7.40218098999998],[112.76241114,-7.40220198999998],[112.7623728,-7.40237090999996],[112.762347635,-7.40246794199993],[112.76234734,-7.40246907999995],[112.76232937,-7.40253834999995],[112.762303097,-7.40267772199996],[112.76230221,-7.40268242999997],[112.76228618,-7.40276742000001],[112.76226067,-7.40300521999996],[112.76226151,-7.40321650999992],[112.76226175,-7.40327734999995],[112.76224,-7.40336],[112.76222878,-7.40342732999993],[112.76274147,-7.40349443],[112.762740976,-7.40351112099997],[112.76271468,-7.40440011899994],[112.76270814,-7.40440008699992],[112.762706935,-7.40481478799993],[112.762705168,-7.40542259999996],[112.76273517,-7.405511609],[112.762782911,-7.4056129489999],[112.762803922,-7.405694414],[112.762818732,-7.40583195699998],[112.76281749,-7.40597645799992],[112.76350078,-7.40603310799997],[112.76347442,-7.40781070999996],[112.7634744,-7.4078120899999],[112.763473773,-7.40785431299997],[112.76347276,-7.4079224999999],[112.76347205,-7.40797031999996],[112.76347206,-7.40797040999995],[112.76348423,-7.40805155999991],[112.76352,-7.40829],[112.76354,-7.40841],[112.76361,-7.40851],[112.76372,-7.40857],[112.76405573,-7.40858503499991],[112.76407237,-7.40858577999997],[112.76411216,-7.40858755999995],[112.76411305,-7.4085876],[112.76439,-7.4086],[112.7648,-7.40861],[112.764973499,-7.40861416399995],[112.766010612,-7.40863905499998],[112.76605,-7.40864],[112.76632,-7.40867],[112.76651,-7.40871],[112.76656,-7.40875],[112.76655,-7.40921],[112.76657,-7.40929],[112.76665,-7.40937],[112.76701,-7.40943],[112.76724,-7.40947],[112.76751,-7.40957],[112.76796,-7.40991],[112.76823,-7.41008],[112.76854,-7.41023],[112.7686,-7.41025],[112.76871,-7.41025],[112.76884,-7.41026],[112.76905623,-7.41028948999998],[112.7690598,-7.41028996999993],[112.76906,-7.41029],[112.76915946,-7.41030988999997],[112.76916,-7.41031],[112.769205662,-7.41031652299996],[112.769278791685366,-7.410326970118177],[112.769516411184,-7.41036091582683],[112.769691438795348,-7.410385919819966],[112.77073,-7.41049],[112.77119,-7.41053],[112.77172,-7.41056],[112.77171998,-7.41056008999993],[112.77175775,-7.41056189999996],[112.771953934,-7.41057127999996],[112.7728937,-7.41061620999994],[112.773225154,-7.41062731899997],[112.773477941386503,-7.410637179870218],[112.77419086,-7.41067544000001],[112.77420624,-7.41067625999995],[112.774399885,-7.41065094499992],[112.77443572,-7.41064625999998],[112.77454955,-7.4106338999999],[112.77473708,-7.41056755999994],[112.77481136,-7.41054584999996],[112.77500314,-7.41047360999993],[112.775018703,-7.41047314199994],[112.77537234,-7.41046250999993],[112.77537204,-7.41046086999998],[112.775394823,-7.41046048899998],[112.77540192,-7.41046036999994],[112.77615182,-7.41044783999997],[112.77615441,-7.41044987999992],[112.77624739,-7.41050924999992],[112.77628942,-7.41060776999995],[112.77631235,-7.41080101999995],[112.77631617,-7.41101195999995],[112.77633328,-7.41130035999994],[112.7763341,-7.41135839999995],[112.776350763,-7.41170617099993],[112.77637094,-7.41212726],[112.77632509,-7.41250112999998],[112.776324839,-7.41250205199998],[112.77622319,-7.41287500999993],[112.7756118,-7.41433512999993],[112.77548952,-7.41449174999993],[112.77527044,-7.41465089999994],[112.77510358,-7.41471909999998],[112.77443997,-7.41491487999997],[112.77429672,-7.41493859999996],[112.77429297,-7.41493984999994],[112.77422951,-7.41495233999995],[112.77422841,-7.41495216999994],[112.77418172,-7.41496129999995],[112.77406938,-7.41494664999994],[112.77380342,-7.41492971999998],[112.77348977,-7.41487106999992],[112.77344551,-7.41486529999998],[112.773068085,-7.41479919699995],[112.77301289,-7.41478952999993],[112.77300479,-7.41479252999995],[112.77290162,-7.41485519999998],[112.77277027,-7.41498044],[112.772449835,-7.41538292999996],[112.77239093,-7.41545691999994],[112.77219545,-7.41583973999996],[112.77219473,-7.41584115999996],[112.77197835,-7.41559539999998],[112.77170645,-7.41536462999996],[112.77138403,-7.41502014999997],[112.77115801,-7.41509255999996],[112.7700869,-7.41488288999994],[112.76951598,-7.41493087999991],[112.769065965041534,-7.414873381167519],[112.76906126,-7.41487277999996],[112.76895769,-7.41494098999994],[112.76859392,-7.41492077999992],[112.76831856,-7.41490309999997],[112.76802047,-7.41486015],[112.76790931,-7.41486267999997],[112.76759606,-7.41477677999997],[112.76704788,-7.41474141999995],[112.76686208,-7.41471370999996],[112.766841018,-7.41471056999995],[112.766659664081985,-7.414683806872816],[112.76625568,-7.41462538999995],[112.7662498,-7.41461248999995],[112.76578984,-7.41453425000001],[112.76578975,-7.41453691],[112.76576494,-7.41451938999994],[112.76563793,-7.41449894999995],[112.76538685,-7.41445077999998],[112.76514966,-7.41439806999995],[112.7650031,-7.41437516999998],[112.76500524,-7.41435172999997],[112.76500558,-7.41434798999997],[112.7650054,-7.41434795999996],[112.76500572,-7.41434636999997],[112.76505825,-7.41408772999996],[112.76506235,-7.41406757999995],[112.76506437,-7.41403527999995],[112.76508055,-7.41377768999997],[112.76509875,-7.41348780999995],[112.76502908,-7.41339298],[112.7650209,-7.41338184999997],[112.76504075,-7.41326463999996],[112.765106,-7.41287916999994],[112.76492167,-7.41276397999995],[112.76492165,-7.41276387999993],[112.76491683,-7.41273419999993],[112.76490509,-7.41266179999996],[112.76479773,-7.41256382999995],[112.76477344,-7.41208713999992],[112.76475808,-7.41178568999995],[112.76472961,-7.41172939999992],[112.76467213,-7.41161577999995],[112.76462024,-7.41150593],[112.76458612,-7.41143370999992],[112.76447403,-7.41129245999998],[112.76445144,-7.41126398999994],[112.76445052,-7.41103293999995],[112.76432821,-7.41091180999997],[112.764353594,-7.41075597299996],[112.7643702,-7.41065402999995],[112.76437116,-7.41064813999997],[112.76419,-7.41061],[112.7639,-7.41062],[112.763558025031955,-7.410627597262123],[112.76345,-7.41063],[112.76316,-7.41059],[112.76304609,-7.410581403],[112.76237809,-7.41053098999993],[112.762144662,-7.41051337099997],[112.7621,-7.41051]]]]}},
{"type":"Feature","properties":{"kdkab":"15","kdkec":"130","nmkab":"SIDOARJO","nmkec":"SEDATI","kddesa":"007","kdprov":"35","nmdesa":"CEMANDI","nmprov":"JAWA TIMUR","iddesa":"3515130007"},"geometry":{"type":"MultiPolygon","coordinates":[[[[112.78341201,-7.39539416999997],[112.7833509,-7.39538723999993],[112.78325745,-7.39537684999993],[112.783228406180015,-7.395362500682385],[112.783176255,-7.39533673499995],[112.78314224,-7.39531992999994],[112.78310806,-7.39530750999998],[112.7830216,-7.39525046999991],[112.78294579,-7.39516110999995],[112.78283753,-7.39504317999995],[112.7827727,-7.39500397999995],[112.78271881,-7.39500419999997],[112.78255022,-7.39507301999992],[112.78228107,-7.395153],[112.782160359,-7.39516667299994],[112.78216003,-7.39516670999995],[112.78205122,-7.39517902999997],[112.78190735,-7.39514014999998],[112.78186021,-7.39512926999992],[112.78184258,-7.39511529999994],[112.781823091690953,-7.395114217029395],[112.781374326,-7.39508927899996],[112.78136642,-7.39508883999998],[112.78136102,-7.39508852999994],[112.780971873,-7.39522751699996],[112.78095921,-7.39523203999997],[112.78070086,-7.39532429999996],[112.7803453,-7.395358],[112.779831841,-7.39530312899997],[112.77943949,-7.39526119999995],[112.77822305,-7.39520327999998],[112.778209009,-7.39520314699996],[112.7781978,-7.39520303999995],[112.77796076,-7.39520073999997],[112.77762099,-7.39514291999996],[112.77733356,-7.39514405999993],[112.77707127,-7.39514151999996],[112.776903701,-7.39512389999995],[112.77684122,-7.39511732999994],[112.77646748,-7.3950973],[112.77605243,-7.39508281999998],[112.77586926,-7.39509788999994],[112.77568606,-7.39510937999994],[112.77551356,-7.39509931],[112.77531952,-7.39509290999996],[112.77510752,-7.39509016999995],[112.77477165,-7.39511138999995],[112.77499,-7.39495],[112.77525,-7.39475],[112.77538857,-7.39465497999994],[112.7756,-7.39451],[112.77580734,-7.39436944999995],[112.775821534,-7.39435982899993],[112.776258002,-7.39406397399996],[112.77626022,-7.39406246999995],[112.77627789,-7.39405048999995],[112.776319012,-7.39402261599996],[112.77651456,-7.39389006999994],[112.77656157,-7.39385819999996],[112.777068078568064,-7.393514859597149],[112.77709,-7.3935],[112.77758913,-7.39313064],[112.77759,-7.39313],[112.777593624,-7.39312738299995],[112.77761526,-7.39311175999998],[112.777720658,-7.393035632],[112.77773445,-7.39302566999993],[112.77777,-7.393],[112.77818,-7.39273],[112.77896,-7.3922],[112.77906,-7.39213],[112.779120484527994,-7.392087075496263],[112.77937,-7.39191],[112.77998,-7.3915],[112.78026,-7.39132],[112.780370648,-7.39125852499998],[112.78037305,-7.39125719],[112.78044,-7.39122],[112.78048678,-7.39116386999994],[112.78054,-7.3911],[112.780541592791565,-7.391096018021096],[112.7806,-7.39095],[112.78065,-7.39081],[112.78069,-7.39062],[112.78072,-7.39041],[112.78078,-7.39041],[112.78078,-7.39037378099995],[112.78078,-7.39036950999995],[112.78078,-7.39032319999998],[112.78078,-7.39032],[112.78083,-7.39019],[112.78088,-7.38991],[112.78096,-7.38957],[112.781,-7.3893],[112.78111,-7.38908],[112.78114,-7.389],[112.7813,-7.38866],[112.78141,-7.38838],[112.78148,-7.38805],[112.7816,-7.38764],[112.78178,-7.38707],[112.78188,-7.3866],[112.78197,-7.38614],[112.78198659,-7.38601558999993],[112.781987776,-7.38600666699996],[112.78198824,-7.38600317999994],[112.78199,-7.38599],[112.78206,-7.38601],[112.78239,-7.38605],[112.78312,-7.38615],[112.7837,-7.38625],[112.78418,-7.38633],[112.78441,-7.38637],[112.78453,-7.38603],[112.78457,-7.38597],[112.7846,-7.3859],[112.78463,-7.38583],[112.78467,-7.38575],[112.7847,-7.38567],[112.78473,-7.38558],[112.78475,-7.38549],[112.78478,-7.3854],[112.7848,-7.3853],[112.78482,-7.3852],[112.78484,-7.38509],[112.78485,-7.38498],[112.78487,-7.38487],[112.78488,-7.38474],[112.78489,-7.3846],[112.784899930511457,-7.384525521164054],[112.78491,-7.38445],[112.78492,-7.3843],[112.78493,-7.38414],[112.78494,-7.38398],[112.78495,-7.38382],[112.78496,-7.38367],[112.78497,-7.38361],[112.78497,-7.38352],[112.78498,-7.3834],[112.78499,-7.38329],[112.78499,-7.38321],[112.78499,-7.38311],[112.78498429,-7.38307003999996],[112.78498135,-7.38304946999994],[112.78519623,-7.38300567999996],[112.78561394,-7.38293036999994],[112.78709074,-7.38329265999993],[112.78992021,-7.38372316999994],[112.79316788,-7.38420106999995],[112.79417691,-7.38441793999993],[112.79443667,-7.38463226999994],[112.79348571,-7.38585114999994],[112.7930643,-7.38764318999996],[112.79302779,-7.38779845999992],[112.79519255,-7.38810201999993],[112.795344973,-7.38813498599994],[112.795643564,-7.38818601099996],[112.795494786,-7.38924058499993],[112.794939525,-7.39317640799992],[112.794436508,-7.39336324299995],[112.794411124,-7.39337267099994],[112.79440797,-7.39338664999995],[112.79477127,-7.39344375999997],[112.79482211,-7.39349706],[112.794978168,-7.39352479000002],[112.796597852775861,-7.393812604734527],[112.79690447,-7.39386708999998],[112.79752582,-7.39394509999995],[112.797833094,-7.39398498599997],[112.798383629,-7.39405644999993],[112.79884924,-7.39411688999998],[112.798947483,-7.39412147899998],[112.79932519,-7.39413911999997],[112.79942207,-7.39416287999995],[112.79967617,-7.39417393999997],[112.79982108,-7.39410893999994],[112.80024818,-7.39401864999997],[112.80047391,-7.39399358999997],[112.800493414439018,-7.393990702841358],[112.800850351259967,-7.392917241902895],[112.80120724540663,-7.391854125604346],[112.801536292258149,-7.390867489149662],[112.804499635,-7.39121793299998],[112.80455821,-7.39122485999993],[112.80458836,-7.39122842999994],[112.806301328,-7.39133110299996],[112.80668567,-7.39135414],[112.80695597,-7.39135016999992],[112.8069822,-7.39142247999995],[112.8069862,-7.39143348999993],[112.80708528,-7.39175460999998],[112.807059099,-7.39231120599991],[112.8070579,-7.39233668999998],[112.807060007,-7.39237924499998],[112.807107376,-7.39333586799996],[112.80710755,-7.39333937999995],[112.80713243,-7.39384175999994],[112.807147163,-7.39402617499994],[112.807180709882005,-7.394446095683391],[112.80722362,-7.39498321999998],[112.807224912,-7.39499938599995],[112.80724839,-7.39529321999995],[112.807250225,-7.3953176819999],[112.807324822,-7.39631234699992],[112.807324907,-7.39631347999995],[112.80737105,-7.39692874999997],[112.80740406,-7.39730774000002],[112.807404952,-7.39731797799991],[112.807420399,-7.3974952959999],[112.80751145,-7.39854044999992],[112.807507863,-7.39917068999995],[112.80750278,-7.40006367999996],[112.80747786,-7.40051805999997],[112.807437826856813,-7.400766359950886],[112.80737342,-7.40116576999997],[112.80732158,-7.40152713999996],[112.80730516,-7.4016079799999],[112.80718152,-7.40241262999997],[112.80713158,-7.40260123999996],[112.807129793,-7.40260798899993],[112.80712066,-7.40264247999995],[112.807021178,-7.40276709399993],[112.80702043,-7.40276802999996],[112.80687233,-7.40295353999997],[112.806858864,-7.40297041500001],[112.80685432,-7.40297610999998],[112.80685401,-7.40297592999993],[112.806411814806495,-7.402749677513764],[112.806383132614144,-7.402796363536254],[112.80635079137673,-7.402843352160223],[112.806312228716621,-7.402866548026287],[112.805477306,-7.40239416899993],[112.805535306,-7.40217459699995],[112.803473628,-7.40084545699997],[112.802084072,-7.39996187999996],[112.800624356193268,-7.399180137102266],[112.800490614,-7.39910851199992],[112.798889604,-7.39861763599994],[112.798663046,-7.39850435699997],[112.798583836669081,-7.398475922789376],[112.79846396,-7.39843289000001],[112.79836852,-7.39839862999996],[112.798314873,-7.39838827299997],[112.797940799,-7.39831605799997],[112.797313515854995,-7.39819496092197],[112.796358827,-7.39801082399996],[112.796001433806509,-7.397941048743055],[112.794317081436972,-7.397612206108549],[112.794307293,-7.39760985999987],[112.793512627,-7.39741687899995],[112.793180342,-7.39735646299992],[112.79300176256254,-7.397342273519757],[112.793122635240294,-7.396858782808713],[112.792997672248134,-7.396828940900135],[112.793015749407559,-7.39675882320535],[112.792559388524538,-7.396655195406583],[112.792413745,-7.39733908699994],[112.792331559,-7.39732752000001],[112.79180492608495,-7.397224501335347],[112.78979035492425,-7.396830415768513],[112.78875366,-7.39662761999995],[112.787813009,-7.39645184899994],[112.7874157,-7.39637472999993],[112.787416998,-7.39635874299993],[112.78742795,-7.39622381999995],[112.78691807,-7.39612972999997],[112.78594355,-7.39592202999994],[112.785847592,-7.39590440199993],[112.785842408,-7.39590344999991],[112.78563044,-7.39586450999997],[112.785460303,-7.39583326299991],[112.78545375,-7.39583205999995],[112.7850932,-7.39576582999994],[112.78498301,-7.39576032999998],[112.78496023,-7.39575919],[112.78478753,-7.39569890999997],[112.78462921,-7.39564214999997],[112.784603323800809,-7.395637546035441],[112.78442809,-7.39560637999993],[112.78441702,-7.39560441099997],[112.78430382,-7.39558427999996],[112.78427379,-7.39557635399997],[112.78406284,-7.39552067999994],[112.78395863,-7.39551750999994],[112.783774537747703,-7.395474380556609],[112.78370166,-7.39546060499996],[112.78353431,-7.39542953999996],[112.78341201,-7.39539416999997]]]]}},
{"type":"Feature","properties":{"kdkab":"15","kdkec":"130","nmkab":"SIDOARJO","nmkec":"SEDATI","kddesa":"005","kdprov":"35","nmdesa":"TAMBAK CEMANDI","nmprov":"JAWA TIMUR","iddesa":"3515130005"},"geometry":{"type":"MultiPolygon","coordinates":[[[[112.80883711,-7.40461436999992],[112.8082418,-7.40442275999996],[112.80791559,-7.40433277999995],[112.80774932,-7.40421361999997],[112.8077514,-7.40418734999996],[112.807708556848013,-7.404121727902243],[112.80769028,-7.40409352999995],[112.80752581,-7.40399877999994],[112.8073937,-7.40391874999997],[112.80739347,-7.40391910999994],[112.80734223,-7.40388908999995],[112.80726867,-7.40377669999998],[112.8072682,-7.40377255999994],[112.8072154,-7.40369071999992],[112.80721143,-7.40368875999996],[112.80700778,-7.40353646999997],[112.80679119,-7.40338829999997],[112.80649294,-7.40318384999997],[112.806402952567424,-7.403053830550933],[112.806264242409455,-7.40295949509384],[112.806312228716621,-7.402866548026287],[112.80635079137673,-7.402843352160223],[112.806383132614144,-7.402796363536254],[112.806411814806495,-7.402749677513764],[112.80685401,-7.40297592999993],[112.80685432,-7.40297610999998],[112.806858864,-7.40297041500001],[112.80687233,-7.40295353999997],[112.80702043,-7.40276802999996],[112.807021178,-7.40276709399993],[112.80712066,-7.40264247999995],[112.807129793,-7.40260798899993],[112.80713158,-7.40260123999996],[112.80718152,-7.40241262999997],[112.80730516,-7.4016079799999],[112.80732158,-7.40152713999996],[112.80737342,-7.40116576999997],[112.807437826856813,-7.400766359950886],[112.80747786,-7.40051805999997],[112.80750278,-7.40006367999996],[112.807507863,-7.39917068999995],[112.80751145,-7.39854044999992],[112.807420399,-7.3974952959999],[112.807404952,-7.39731797799991],[112.80740406,-7.39730774000002],[112.80737105,-7.39692874999997],[112.807324907,-7.39631347999995],[112.807324822,-7.39631234699992],[112.807250225,-7.3953176819999],[112.80724839,-7.39529321999995],[112.807224912,-7.39499938599995],[112.80722362,-7.39498321999998],[112.807180709882005,-7.394446095683391],[112.807147163,-7.39402617499994],[112.80713243,-7.39384175999994],[112.80710755,-7.39333937999995],[112.807107376,-7.39333586799996],[112.807060007,-7.39237924499998],[112.8070579,-7.39233668999998],[112.807059099,-7.39231120599991],[112.80708528,-7.39175460999998],[112.8069862,-7.39143348999993],[112.8069822,-7.39142247999995],[112.80695597,-7.39135016999992],[112.806987489,-7.39134970599998],[112.807266401,-7.39134559899997],[112.807266413,-7.39134550999997],[112.807266525,-7.39134466299991],[112.807073199,-7.39116489199998],[112.806997097,-7.39105677699996],[112.806978038,-7.390965885],[112.806953884,-7.39060516699993],[112.806953245,-7.39030162899995],[112.806964637,-7.390093301],[112.807004781,-7.38987505199997],[112.807031008,-7.38969874599997],[112.807053421,-7.38963754699995],[112.80709563,-7.38954869999998],[112.807156739,-7.38940081299996],[112.807212515031736,-7.389214106472551],[112.80727072515603,-7.389229124876768],[112.807344193407587,-7.389244960355006],[112.807417709,-7.38925530199998],[112.807540078,-7.38927237699992],[112.807766559,-7.38930397900001],[112.807810891,-7.38931016499995],[112.80781316,-7.38899523999989],[112.807813483,-7.38899521799996],[112.807819228,-7.38824260899997],[112.808534511,-7.38859217899992],[112.80853673,-7.38858869999992],[112.80923596,-7.38868123000001],[112.81033923,-7.38858061999995],[112.81096058,-7.38837105999993],[112.81150754,-7.38808045999996],[112.81151975,-7.38806994999994],[112.81186184,-7.38777584999995],[112.81208339,-7.38761226999997],[112.81209742,-7.38759532999997],[112.81271884,-7.38752281999994],[112.81281615,-7.38747620000002],[112.812864,-7.38748250999993],[112.8128616,-7.38747279999997],[112.8129,-7.38746],[112.81299,-7.38743],[112.81306,-7.3874],[112.81314,-7.38737],[112.81324,-7.38733],[112.81334,-7.38728],[112.81341,-7.38724],[112.81347,-7.38721],[112.81352,-7.38718],[112.81358,-7.38715],[112.81363,-7.38712],[112.81369,-7.38708],[112.81375,-7.38705],[112.8138,-7.38701],[112.81386,-7.38698],[112.81393,-7.38694],[112.81399,-7.3869],[112.81406,-7.38686],[112.81412,-7.38682],[112.81419,-7.38677],[112.81426,-7.38673],[112.81432,-7.38669],[112.81439,-7.38665],[112.81446,-7.3866],[112.81452,-7.38656],[112.81459,-7.38653],[112.81465,-7.38649],[112.81471,-7.38645],[112.81477,-7.38642],[112.81483,-7.38638],[112.81488,-7.38635],[112.81494,-7.38632],[112.815,-7.38628],[112.81505,-7.38625],[112.81511,-7.38621],[112.81516,-7.38618],[112.81522,-7.38615],[112.81527,-7.38611],[112.81533,-7.38607],[112.81539,-7.38603],[112.81544,-7.386],[112.8155,-7.38596],[112.81556,-7.38592],[112.81562,-7.38587],[112.81568,-7.38583],[112.81574,-7.38579],[112.8158,-7.38575],[112.81586,-7.38571],[112.81591,-7.38568],[112.81596,-7.38564],[112.81601,-7.38561],[112.81608,-7.38556],[112.81615,-7.38552],[112.81621,-7.38547],[112.8163,-7.38542],[112.81638,-7.38537],[112.81644,-7.38533],[112.8165,-7.3853],[112.81658,-7.38526],[112.81664,-7.38522],[112.8167,-7.3852],[112.81679,-7.38517],[112.81686,-7.38515],[112.81693,-7.38514],[112.81699,-7.38513],[112.81705,-7.38512],[112.81713,-7.3851],[112.8172,-7.38509],[112.81729,-7.38508],[112.81739,-7.38506],[112.8175,-7.38505],[112.81761,-7.38504],[112.81773,-7.38503],[112.81785,-7.38502],[112.81798,-7.38501],[112.8181,-7.385],[112.81822,-7.38499],[112.81834,-7.38498],[112.81845,-7.38497],[112.81855,-7.38496],[112.81864,-7.38496],[112.81873,-7.38495],[112.81882,-7.38495],[112.8189,-7.38494],[112.81898,-7.38494],[112.81905,-7.38493],[112.81912,-7.38493],[112.8192,-7.38492],[112.81927,-7.38491],[112.81935,-7.3849],[112.81943,-7.3849],[112.81952,-7.38489],[112.81962,-7.38488],[112.81973,-7.38487],[112.81985,-7.38486],[112.81998,-7.38485],[112.82012,-7.38484],[112.82026,-7.38483],[112.8204,-7.38482],[112.82054,-7.38481],[112.82067,-7.3848],[112.8208,-7.38479],[112.82091,-7.38479],[112.82101,-7.38478],[112.8211,-7.38477],[112.82119,-7.38477],[112.82127,-7.38476],[112.82134,-7.38476],[112.82141,-7.38476],[112.82149,-7.38475],[112.82156,-7.38475],[112.82163,-7.38475],[112.82171,-7.38475],[112.82178,-7.38475],[112.82185,-7.38475],[112.82192,-7.38476],[112.82199,-7.38476],[112.82206,-7.38476],[112.82212,-7.38476],[112.82221,-7.38477],[112.82232,-7.38478],[112.82243,-7.38478],[112.82254,-7.38479],[112.82262,-7.38479],[112.82268,-7.38479],[112.82274,-7.38478],[112.8228,-7.38478],[112.82287,-7.38478],[112.82293,-7.38477],[112.823,-7.38477],[112.82306,-7.38476],[112.82313,-7.38475],[112.8232,-7.38474],[112.82328,-7.38473],[112.82335,-7.38472],[112.82343,-7.3847],[112.82351,-7.38469],[112.82359,-7.38467],[112.82367,-7.38466],[112.82375,-7.38464],[112.82384,-7.38462],[112.82392,-7.38461],[112.824,-7.38459],[112.82408,-7.38457],[112.82415,-7.38456],[112.82422,-7.38454],[112.82428,-7.38453],[112.82437,-7.38451],[112.82447,-7.3845],[112.82454,-7.38449],[112.82462,-7.38448],[112.8247,-7.38448],[112.82476,-7.38447],[112.82482,-7.38447],[112.82489,-7.38447],[112.82496,-7.38446],[112.82504,-7.38446],[112.82512,-7.38446],[112.82521,-7.38446],[112.8253,-7.38446],[112.82541,-7.38446],[112.82551,-7.38446],[112.82562,-7.38446],[112.82574,-7.38445],[112.82585,-7.38445],[112.82596,-7.38445],[112.82607,-7.38445],[112.82618,-7.38445],[112.82629,-7.38444],[112.82639,-7.38444],[112.82648,-7.38444],[112.82657,-7.38444],[112.82666,-7.38443],[112.82673,-7.38443],[112.8268,-7.38442],[112.82689,-7.38442],[112.82698,-7.38441],[112.82706,-7.3844],[112.82712,-7.38439],[112.8272,-7.38437],[112.82728,-7.38435],[112.82734,-7.38434],[112.82741,-7.38432],[112.82749,-7.3843],[112.82757,-7.38429],[112.82766,-7.38427],[112.82776,-7.38425],[112.82787,-7.38423],[112.82798,-7.38421],[112.8281,-7.38419],[112.82822,-7.38416],[112.82835,-7.38414],[112.82849,-7.38412],[112.82863,-7.3841],[112.82877,-7.38408],[112.82892,-7.38406],[112.82907,-7.38403],[112.82922,-7.38401],[112.82937,-7.38399],[112.82952,-7.38397],[112.82967,-7.38395],[112.82982,-7.38393],[112.82996,-7.38391],[112.83011,-7.38389],[112.83025,-7.38388],[112.83039,-7.38386],[112.83052,-7.38384],[112.83066,-7.38383],[112.83079,-7.38381],[112.83092,-7.38379],[112.83106,-7.38378],[112.83119,-7.38376],[112.83132,-7.38374],[112.83145,-7.38373],[112.83158,-7.38371],[112.83171,-7.38369],[112.83184,-7.38367],[112.83198,-7.38365],[112.83212,-7.38363],[112.83226,-7.38361],[112.83242,-7.38359],[112.83262,-7.38355],[112.83311,-7.38344],[112.83311511,-7.38345214],[112.83327307,-7.38351882999995],[112.83471065,-7.3841257199999],[112.835803,-7.38466053999995],[112.83621053,-7.38522707999991],[112.83637628,-7.38565014999995],[112.83651381,-7.38624668999994],[112.83666714,-7.38833590999998],[112.83627631,-7.39064406999998],[112.83578785,-7.39267333999992],[112.83567495,-7.39336721999997],[112.83536241,-7.39594471999993],[112.83506003,-7.39864736999995],[112.83468976,-7.40126362999993],[112.83435386,-7.40285888999994],[112.83393216,-7.40353477999996],[112.83374092,-7.40394968999993],[112.83322786,-7.40469817999996],[112.83259,-7.40504575999996],[112.83259,-7.40509],[112.83206,-7.40514],[112.832,-7.40515],[112.83194,-7.40516],[112.83188,-7.40517],[112.83181,-7.40518],[112.83173,-7.4052],[112.83166,-7.40522],[112.83158,-7.40525],[112.83152,-7.40527],[112.83146,-7.40529],[112.8314,-7.40531],[112.83133,-7.40533],[112.83126,-7.40536],[112.83119,-7.40538],[112.83112,-7.4054],[112.83105,-7.40543],[112.83097,-7.40545],[112.8309,-7.40547],[112.83083,-7.40549],[112.83076,-7.40551],[112.8307,-7.40553],[112.83063,-7.40555],[112.83055,-7.40557],[112.83047,-7.4056],[112.8304,-7.40561],[112.83032,-7.40563],[112.83026,-7.40564],[112.8302,-7.40565],[112.83011,-7.40566],[112.83001,-7.40567],[112.82992,-7.40567],[112.82986,-7.40568],[112.8298,-7.40568],[112.82974,-7.40569],[112.82968,-7.40569],[112.82962,-7.4057],[112.82955,-7.4057],[112.82949,-7.40571],[112.82942,-7.40571],[112.82935,-7.40571],[112.82929,-7.40572],[112.82922,-7.40572],[112.82915,-7.40573],[112.82908,-7.40573],[112.82901,-7.40574],[112.82895,-7.40574],[112.82888,-7.40574],[112.82881,-7.40575],[112.82875,-7.40575],[112.82868,-7.40575],[112.82862,-7.40576],[112.82856,-7.40576],[112.82849,-7.40576],[112.82843,-7.40577],[112.82837,-7.40577],[112.8283,-7.40578],[112.82824,-7.40578],[112.82818,-7.40579],[112.82811,-7.40579],[112.82805,-7.4058],[112.82798,-7.4058],[112.82791,-7.40581],[112.82785,-7.40582],[112.82778,-7.40582],[112.82772,-7.40583],[112.82766,-7.40583],[112.8276,-7.40584],[112.82754,-7.40584],[112.82748,-7.40585],[112.8274,-7.40585],[112.82729,-7.40586],[112.82719,-7.40587],[112.82708,-7.40588],[112.82701,-7.40589],[112.82695,-7.40589],[112.82688,-7.4059],[112.8268,-7.40591],[112.82672,-7.40592],[112.82663,-7.40593],[112.82657,-7.40594],[112.82651,-7.40595],[112.82645,-7.40596],[112.82638,-7.40597],[112.82632,-7.40597],[112.82625,-7.40598],[112.82618,-7.40599],[112.82611,-7.406],[112.82604,-7.40601],[112.82597,-7.40602],[112.82589,-7.40603],[112.82582,-7.40604],[112.82575,-7.40605],[112.82568,-7.40606],[112.82561,-7.40606],[112.82554,-7.40607],[112.82547,-7.40608],[112.8254,-7.40609],[112.82533,-7.40609],[112.82526,-7.4061],[112.82519,-7.40611],[112.82513,-7.40612],[112.82506,-7.40612],[112.82499,-7.40613],[112.82492,-7.40614],[112.82485,-7.40615],[112.82478,-7.40616],[112.82472,-7.40616],[112.82465,-7.40617],[112.82459,-7.40617],[112.82453,-7.40618],[112.82445,-7.40618],[112.82434,-7.40619],[112.82423,-7.4062],[112.82415,-7.4062],[112.82408,-7.40621],[112.82398,-7.40621],[112.82388,-7.40621],[112.82379,-7.40622],[112.82371,-7.40622],[112.82365,-7.40622],[112.82359,-7.40623],[112.82352,-7.40623],[112.82346,-7.40623],[112.82338,-7.40622],[112.82329,-7.40622],[112.82322,-7.40621],[112.82313,-7.4062],[112.82304,-7.40619],[112.82298,-7.40618],[112.82291,-7.40617],[112.82284,-7.40616],[112.82276,-7.40615],[112.82267,-7.40613],[112.82259,-7.40612],[112.82252,-7.40611],[112.82246,-7.4061],[112.82238,-7.40609],[112.8223,-7.40609],[112.82222,-7.4061],[112.82214,-7.40612],[112.82208,-7.40614],[112.82201,-7.40618],[112.82195,-7.40621],[112.8219,-7.40624],[112.82184,-7.40628],[112.82179,-7.40632],[112.82174,-7.40635],[112.82167,-7.40641],[112.8216,-7.40646],[112.82153,-7.4065],[112.82145,-7.40657],[112.82139,-7.40661],[112.82131,-7.40665],[112.82122,-7.40669],[112.82115,-7.4067],[112.82109,-7.40671],[112.82102,-7.40672],[112.82095,-7.40672],[112.82087,-7.40672],[112.8208,-7.40672],[112.82074,-7.40672],[112.82065,-7.40672],[112.82055,-7.40671],[112.82041,-7.40669],[112.82024,-7.40669],[112.82004,-7.40667],[112.81965,-7.40668],[112.81898,-7.40676],[112.81762,-7.40683],[112.81744,-7.40686],[112.81726,-7.40693],[112.8172,-7.40698],[112.81706,-7.40719],[112.81688,-7.40751],[112.81667,-7.40788],[112.81649,-7.40818],[112.81639,-7.40836],[112.81621,-7.40848],[112.81602,-7.40852],[112.81551,-7.40854],[112.8154,-7.4085],[112.8153,-7.40838],[112.81496,-7.40802],[112.81493143,-7.40799618999996],[112.81491763,-7.40799572999993],[112.81481143,-7.40791352999998],[112.81468128,-7.40787050999996],[112.8146681,-7.40785938999992],[112.81453887,-7.40783114999996],[112.81453705,-7.4078269],[112.8140975,-7.40774567999998],[112.813924104,-7.4076358209999],[112.81355556,-7.40740231999998],[112.81354384,-7.40742432999998],[112.81274414,-7.40693964],[112.81192967,-7.40644756999997],[112.81156744,-7.40619156999998],[112.81120816,-7.40597356999993],[112.81103636,-7.40586691999996],[112.8109826,-7.40583593999995],[112.81097374,-7.40583296999998],[112.81081813,-7.40573486999992],[112.81056332,-7.40556143000001],[112.81032472,-7.40528346999995],[112.81017183,-7.40512381999996],[112.81000631,-7.40526731999994],[112.809065576,-7.40474195699993],[112.80906354,-7.40474081999995],[112.808863328441348,-7.404629011707773],[112.80883711,-7.40461436999992]]]]}},
{"type":"Feature","properties":{"kdkab":"15","kdkec":"130","nmkab":"SIDOARJO","nmkec":"SEDATI","kddesa":"008","kdprov":"35","nmdesa":"PULUNGAN","nmprov":"JAWA TIMUR","iddesa":"3515130008"},"geometry":{"type":"MultiPolygon","coordinates":[[[[112.769508021,-7.39467956199997],[112.769768818,-7.39472524199994],[112.770387991,-7.39483369299997],[112.77038746,-7.39484123999992],[112.7707658,-7.39490979999997],[112.77115168,-7.39497972],[112.77147573,-7.39500968999994],[112.771504502,-7.39501235399993],[112.77152369,-7.39501412999995],[112.77155018,-7.39432603999997],[112.77156174,-7.39403488899997],[112.771573004,-7.39375118799996],[112.77157373,-7.39373289999995],[112.771574284080913,-7.393718949350045],[112.771587449,-7.393387483],[112.77158863,-7.39335774999996],[112.771589064,-7.39334921599994],[112.77159042,-7.39332255999994],[112.77161263,-7.39288421999994],[112.771612979,-7.39287733799996],[112.77162532,-7.39263377999993],[112.7729173,-7.39263511999995],[112.77424419,-7.39265665999996],[112.77550301,-7.39267130999994],[112.77551809,-7.39286071999995],[112.775509138,-7.39300023599996],[112.77550864,-7.393008],[112.77549543,-7.39321383999996],[112.775493705,-7.39324072699998],[112.77547427,-7.39354368999995],[112.77542078,-7.39409298999993],[112.775413527,-7.39416748399998],[112.77540375,-7.39426789],[112.77538857,-7.39465497999994],[112.77525,-7.39475],[112.77499,-7.39495],[112.77477165,-7.39511138999995],[112.77476,-7.39512],[112.77475515,-7.39512053999992],[112.77465702,-7.39523641999995],[112.774641,-7.39525534999996],[112.77443768,-7.39524401999995],[112.7742337,-7.39521719999994],[112.77419348,-7.39521536999994],[112.77419353,-7.39521510000001],[112.77413022,-7.39521247999992],[112.774128578,-7.39523974099996],[112.774114858,-7.39546759199991],[112.77411474,-7.39546956],[112.77411441,-7.39547316999995],[112.77333821,-7.39548836999994],[112.772941552,-7.39545204299996],[112.77292525,-7.39545055],[112.77225379,-7.39541406999996],[112.77133671,-7.39538627999998],[112.77065184,-7.39533943999991],[112.77051378,-7.39533869999998],[112.7704527,-7.39532077999997],[112.770444932,-7.39531972199996],[112.77012548,-7.39527619999997],[112.769730401,-7.39522238599995],[112.769713112,-7.39522003099997],[112.76968836,-7.39521665999996],[112.76969933,-7.39537304],[112.76969753,-7.39549613999998],[112.769697055,-7.39550438199996],[112.76968,-7.3958],[112.76967345,-7.39590147999997],[112.769671038,-7.39593885499995],[112.769197218,-7.39592033699994],[112.769196605,-7.39588855599991],[112.769024150592301,-7.395877935565119],[112.767941945,-7.39581128899994],[112.767815143045596,-7.395769380043778],[112.767686946,-7.39572700999997],[112.767487792,-7.39566118799996],[112.767482167,-7.39568046399992],[112.767399131763554,-7.39565653890214],[112.767318367,-7.39563326799996],[112.767342267,-7.39548303999993],[112.767346529,-7.39545625199995],[112.767382666,-7.39526312699993],[112.767400275,-7.39516037199995],[112.767096928,-7.39510499699996],[112.767084373,-7.39504084099996],[112.767076658,-7.39495265999997],[112.767100358,-7.39479508699998],[112.767136565,-7.394494805],[112.767131192,-7.39441752499995],[112.767153545,-7.39423264999996],[112.766341106,-7.39397606999992],[112.7661575,-7.39392314699996],[112.766093688,-7.39390475299995],[112.76617195,-7.39356971999998],[112.766175527,-7.39355441499991],[112.76618281,-7.39352324999989],[112.76689624,-7.39374005999996],[112.76696,-7.39375820999994],[112.76696,-7.39375464999996],[112.76700763,-7.39377930999995],[112.76716181,-7.39382874999994],[112.76750965,-7.39394533999996],[112.767674322,-7.39400493299997],[112.76814294,-7.39417451999998],[112.76814653,-7.39417581899994],[112.76818387,-7.39418932999998],[112.76854609,-7.39432016999993],[112.76900154,-7.39448280999995],[112.769258332466705,-7.394575708434458],[112.769499137,-7.39466282299998],[112.769508021,-7.39467956199997]]]]}},
{"type":"Feature","properties":{"kdkab":"15","kdkec":"130","nmkab":"SIDOARJO","nmkec":"SEDATI","kddesa":"016","kdprov":"35","nmdesa":"BANJAR KEMUNING","nmprov":"JAWA TIMUR","iddesa":"3515130016"},"geometry":{"type":"MultiPolygon","coordinates":[[[[112.809904034088007,-7.38658982233529],[112.809782773313998,-7.38662447377204],[112.809614420976999,-7.38666390472053],[112.809416636413999,-7.38670453054982],[112.809314212264994,-7.38671528444643],[112.809270652568998,-7.38671886907868],[112.809135030007994,-7.38668331742339],[112.80913479,-7.38668346099995],[112.809094965,-7.38668429699991],[112.80903525,-7.38668554999996],[112.808746584,-7.386692845],[112.808738935,-7.38669303799997],[112.80870049,-7.38669400999991],[112.80860277,-7.38670311999993],[112.80839196,-7.38668818999997],[112.80789172,-7.38663976999993],[112.80783518,-7.38663707999995],[112.807834265,-7.38663703599996],[112.807831485,-7.38663690299995],[112.8078193,-7.38663631999994],[112.8078175,-7.38663624000001],[112.80779077,-7.38663395999993],[112.80717628,-7.38658152999997],[112.80705633,-7.38657757999994],[112.807043777,-7.38656966],[112.80703059,-7.38656133999997],[112.8070301,-7.38656156999996],[112.80696109,-7.38653155],[112.80695166,-7.38653220999992],[112.80695141,-7.38653200999995],[112.806865649,-7.38653643599997],[112.80681014,-7.3865393],[112.80668229,-7.38653981999994],[112.80644682,-7.38654748999995],[112.80621126,-7.38653500999991],[112.805804,-7.38635172999997],[112.80567872,-7.38629534999995],[112.80538193,-7.38611518999994],[112.80519968,-7.38597485999996],[112.80498437,-7.38597572999992],[112.80481642,-7.38604357999997],[112.80464818,-7.38604016999996],[112.80462275,-7.38602986999996],[112.80457622,-7.38600041999994],[112.80458,-7.38599819999996],[112.80458,-7.38588],[112.80459,-7.38582],[112.80462,-7.38569],[112.80468,-7.38549],[112.804720607,-7.38539718399997],[112.80489,-7.38501],[112.80527,-7.38444],[112.80534,-7.38429],[112.8054,-7.38407],[112.80544,-7.38378],[112.80549242,-7.38243202999997],[112.80551,-7.38198],[112.80553,-7.38148],[112.8055,-7.38033],[112.80537,-7.38027],[112.80504,-7.38022],[112.80454,-7.38012],[112.80379,-7.37999],[112.80335,-7.37991],[112.80279,-7.37984],[112.80236,-7.37977],[112.80117,-7.37952],[112.80000286,-7.37938230999991],[112.80004619,-7.37910476999997],[112.80097926,-7.37362667999997],[112.801007126,-7.37359863599994],[112.80104973,-7.37355575999991],[112.8011013,-7.37356290999995],[112.80112995,-7.37356687999996],[112.8048524,-7.37290993999995],[112.80566919,-7.37291500999992],[112.80580544,-7.37290085],[112.80798123,-7.37290971999993],[112.80808729,-7.37289162999998],[112.808065965612172,-7.373142443784452],[112.8108918416617,-7.373217799974019],[112.81097864,-7.37269451],[112.812554650121243,-7.372702483595137],[112.812642419489251,-7.371991302958813],[112.81277692,-7.37122151999995],[112.81490128,-7.37163671999993],[112.81534342,-7.37161726999997],[112.81713664407765,-7.371694828206586],[112.8192622,-7.37178675999997],[112.81945699,-7.37183893999998],[112.81958139,-7.37197970999994],[112.81961713,-7.37206785999996],[112.82135097,-7.37214908999994],[112.82225388,-7.37233965999997],[112.82267862,-7.37239090999997],[112.82392664,-7.37262420999996],[112.824369,-7.37265772999997],[112.82470479,-7.37258571999997],[112.82595608,-7.37234067999997],[112.82645458,-7.37224305999996],[112.82724984,-7.37206321999997],[112.82790395,-7.37197224999994],[112.82933549,-7.37166619999997],[112.82963619,-7.37166496999991],[112.83199785,-7.37171710999994],[112.83254619,-7.37171485999993],[112.83323655,-7.37183564],[112.83353747,-7.37188737999993],[112.83383832,-7.37192146999997],[112.83475906,-7.37214724999993],[112.8354494,-7.37223693999992],[112.83577252,-7.37227892999993],[112.83704151,-7.37250938999995],[112.83731874,-7.37332840999991],[112.83715645,-7.37555442999998],[112.8366889,-7.37860336999996],[112.83601106,-7.38055761999992],[112.83492141,-7.38244507999996],[112.83396455,-7.38327067999991],[112.83327307,-7.38351882999995],[112.83311511,-7.38345214],[112.83311,-7.38344],[112.83262,-7.38355],[112.83242,-7.38359],[112.83226,-7.38361],[112.83212,-7.38363],[112.83198,-7.38365],[112.83184,-7.38367],[112.83171,-7.38369],[112.83158,-7.38371],[112.83145,-7.38373],[112.83132,-7.38374],[112.83119,-7.38376],[112.83106,-7.38378],[112.83092,-7.38379],[112.83079,-7.38381],[112.83066,-7.38383],[112.83052,-7.38384],[112.83039,-7.38386],[112.83025,-7.38388],[112.83011,-7.38389],[112.82996,-7.38391],[112.82982,-7.38393],[112.82967,-7.38395],[112.82952,-7.38397],[112.82937,-7.38399],[112.82922,-7.38401],[112.82907,-7.38403],[112.82892,-7.38406],[112.82877,-7.38408],[112.82863,-7.3841],[112.82849,-7.38412],[112.82835,-7.38414],[112.82822,-7.38416],[112.8281,-7.38419],[112.82798,-7.38421],[112.82787,-7.38423],[112.82776,-7.38425],[112.82766,-7.38427],[112.82757,-7.38429],[112.82749,-7.3843],[112.82741,-7.38432],[112.82734,-7.38434],[112.82728,-7.38435],[112.8272,-7.38437],[112.82712,-7.38439],[112.82706,-7.3844],[112.82698,-7.38441],[112.82689,-7.38442],[112.8268,-7.38442],[112.82673,-7.38443],[112.82666,-7.38443],[112.82657,-7.38444],[112.82648,-7.38444],[112.82639,-7.38444],[112.82629,-7.38444],[112.82618,-7.38445],[112.82607,-7.38445],[112.82596,-7.38445],[112.82585,-7.38445],[112.82574,-7.38445],[112.82562,-7.38446],[112.82551,-7.38446],[112.82541,-7.38446],[112.8253,-7.38446],[112.82521,-7.38446],[112.82512,-7.38446],[112.82504,-7.38446],[112.82496,-7.38446],[112.82489,-7.38447],[112.82482,-7.38447],[112.82476,-7.38447],[112.8247,-7.38448],[112.82462,-7.38448],[112.82454,-7.38449],[112.82447,-7.3845],[112.82437,-7.38451],[112.82428,-7.38453],[112.82422,-7.38454],[112.82415,-7.38456],[112.82408,-7.38457],[112.824,-7.38459],[112.82392,-7.38461],[112.82384,-7.38462],[112.82375,-7.38464],[112.82367,-7.38466],[112.82359,-7.38467],[112.82351,-7.38469],[112.82343,-7.3847],[112.82335,-7.38472],[112.82328,-7.38473],[112.8232,-7.38474],[112.82313,-7.38475],[112.82306,-7.38476],[112.823,-7.38477],[112.82293,-7.38477],[112.82287,-7.38478],[112.8228,-7.38478],[112.82274,-7.38478],[112.82268,-7.38479],[112.82262,-7.38479],[112.82254,-7.38479],[112.82243,-7.38478],[112.82232,-7.38478],[112.82221,-7.38477],[112.82212,-7.38476],[112.82206,-7.38476],[112.82199,-7.38476],[112.82192,-7.38476],[112.82185,-7.38475],[112.82178,-7.38475],[112.82171,-7.38475],[112.82163,-7.38475],[112.82156,-7.38475],[112.82149,-7.38475],[112.82141,-7.38476],[112.82134,-7.38476],[112.82127,-7.38476],[112.82119,-7.38477],[112.8211,-7.38477],[112.82101,-7.38478],[112.82091,-7.38479],[112.8208,-7.38479],[112.82067,-7.3848],[112.82054,-7.38481],[112.8204,-7.38482],[112.82026,-7.38483],[112.82012,-7.38484],[112.81998,-7.38485],[112.81985,-7.38486],[112.81973,-7.38487],[112.81962,-7.38488],[112.81952,-7.38489],[112.81943,-7.3849],[112.81935,-7.3849],[112.81927,-7.38491],[112.8192,-7.38492],[112.81912,-7.38493],[112.81905,-7.38493],[112.81898,-7.38494],[112.8189,-7.38494],[112.81882,-7.38495],[112.81873,-7.38495],[112.81864,-7.38496],[112.81855,-7.38496],[112.81845,-7.38497],[112.81834,-7.38498],[112.81822,-7.38499],[112.8181,-7.385],[112.81798,-7.38501],[112.81785,-7.38502],[112.81773,-7.38503],[112.81761,-7.38504],[112.8175,-7.38505],[112.81739,-7.38506],[112.81729,-7.38508],[112.8172,-7.38509],[112.81713,-7.3851],[112.81705,-7.38512],[112.81699,-7.38513],[112.81693,-7.38514],[112.81686,-7.38515],[112.81679,-7.38517],[112.8167,-7.3852],[112.81664,-7.38522],[112.81658,-7.38526],[112.8165,-7.3853],[112.81644,-7.38533],[112.81638,-7.38537],[112.8163,-7.38542],[112.81621,-7.38547],[112.81615,-7.38552],[112.81608,-7.38556],[112.81601,-7.38561],[112.81596,-7.38564],[112.81591,-7.38568],[112.81586,-7.38571],[112.8158,-7.38575],[112.81574,-7.38579],[112.81568,-7.38583],[112.81562,-7.38587],[112.81556,-7.38592],[112.8155,-7.38596],[112.81544,-7.386],[112.81539,-7.38603],[112.81533,-7.38607],[112.81527,-7.38611],[112.81522,-7.38615],[112.81516,-7.38618],[112.81511,-7.38621],[112.81505,-7.38625],[112.815,-7.38628],[112.81494,-7.38632],[112.81488,-7.38635],[112.81483,-7.38638],[112.81477,-7.38642],[112.81471,-7.38645],[112.81465,-7.38649],[112.81459,-7.38653],[112.81452,-7.38656],[112.81446,-7.3866],[112.81439,-7.38665],[112.81432,-7.38669],[112.81426,-7.38673],[112.81419,-7.38677],[112.81412,-7.38682],[112.81406,-7.38686],[112.81399,-7.3869],[112.81393,-7.38694],[112.81386,-7.38698],[112.8138,-7.38701],[112.81375,-7.38705],[112.81369,-7.38708],[112.81363,-7.38712],[112.81358,-7.38715],[112.81352,-7.38718],[112.81347,-7.38721],[112.81341,-7.38724],[112.81334,-7.38728],[112.81324,-7.38733],[112.81314,-7.38737],[112.81306,-7.3874],[112.81299,-7.38743],[112.8129,-7.38746],[112.8128616,-7.38747279999997],[112.812864,-7.38748250999993],[112.81281615,-7.38747620000002],[112.81271884,-7.38752281999994],[112.81209742,-7.38759532999997],[112.8121571,-7.38752323999994],[112.81220127,-7.38745650999992],[112.81217842,-7.38730131999995],[112.81208161,-7.38717600999997],[112.81182207,-7.38710311999994],[112.811536565,-7.38701370599995],[112.81133257,-7.3869498199999],[112.81117702,-7.38695044999997],[112.81076346,-7.38693077999995],[112.81074731,-7.38693000999993],[112.81074604,-7.38692922999995],[112.810740751123006,-7.38692981900883],[112.81061602,-7.38694371],[112.81063056,-7.38685832999995],[112.81053197,-7.38679778999997],[112.810121357,-7.38675631899996],[112.810121036,-7.38675628699997],[112.810116016,-7.38667118499996],[112.810106329,-7.38664009599995],[112.810052509947994,-7.38653569984472],[112.809904034088007,-7.38658982233529]]]]}},
{"type":"Feature","properties":{"kdkab":"15","kdkec":"130","nmkab":"SIDOARJO","nmkec":"SEDATI","kddesa":"015","kdprov":"35","nmdesa":"SEGORO TAMBAK","nmprov":"JAWA TIMUR","iddesa":"3515130015"},"geometry":{"type":"MultiPolygon","coordinates":[[[[112.80097926,-7.37362667999997],[112.80004619,-7.37910476999997],[112.80000286,-7.37938230999991],[112.79939,-7.37931],[112.79869,-7.37918],[112.79792,-7.37906],[112.79613,-7.37877],[112.79567,-7.37868],[112.79467,-7.37855],[112.79373,-7.37838],[112.79279,-7.37824],[112.79267,-7.37822],[112.79246,-7.37817],[112.79223,-7.37813],[112.79184,-7.37808],[112.7915,-7.37803],[112.79109,-7.37796],[112.79051,-7.37787],[112.78874,-7.37759],[112.78706,-7.37733],[112.78631,-7.37719],[112.78544,-7.37705],[112.78495,-7.37699],[112.78318,-7.37668],[112.78141,-7.37639],[112.78135,-7.37638],[112.78095742,-7.37631510999993],[112.78097115,-7.37577611999993],[112.78116756,-7.37443862000001],[112.78154674,-7.37293558999992],[112.78215269,-7.37309796999993],[112.78308842,-7.37316748999997],[112.7837301,-7.37309168000001],[112.78416987,-7.37298005999996],[112.78442622,-7.37286916999996],[112.78473612,-7.37239183999998],[112.784821,-7.37192130999995],[112.78486173,-7.37169550999994],[112.78522556,-7.37094329999994],[112.78544464,-7.37068606999998],[112.78626899,-7.37042641999995],[112.78722358,-7.37062402999991],[112.78819636,-7.37078493999998],[112.78946268,-7.37096298999996],[112.7900684,-7.37107042999996],[112.79008453,-7.37107756999994],[112.790480301,-7.37112318099996],[112.790586556,-7.37113542600001],[112.790866593,-7.37054205399995],[112.791180967,-7.36987592599994],[112.79203478,-7.36787679899993],[112.79216732,-7.36791716999994],[112.793158596,-7.36821910424916],[112.79326,-7.36825],[112.79349,-7.36834999224906],[112.79409,-7.36820999224919],[112.79415,-7.36818999224921],[112.79422,-7.36816999224925],[112.7943,-7.3681399922492],[112.79434645,-7.36812672224926],[112.79442132,-7.36809433224931],[112.79443,-7.36808999224927],[112.7945,-7.36805999224931],[112.79450525,-7.36805802224926],[112.79459225,-7.36802039224937],[112.79462114,-7.36800713224938],[112.79467,-7.36797999224936],[112.79476,-7.36793999224944],[112.79485,-7.36787999224949],[112.79494,-7.36782999224953],[112.79501,-7.36777999224954],[112.7951,-7.36770999224962],[112.79518,-7.36763999224968],[112.79524,-7.36758999224973],[112.7953,-7.3675399922498],[112.79535,-7.36749999224982],[112.79541,-7.3674499922499],[112.79548,-7.36738999224992],[112.79556,-7.36731999224998],[112.79556009,-7.36731992224996],[112.79563983,-7.36723585225002],[112.79571825,-7.36719174225011],[112.79572,-7.36718999225009],[112.79579,-7.36714999225019],[112.79585,-7.36709999225021],[112.79591,-7.36705999225027],[112.79598,-7.36700999225024],[112.79605,-7.36694999225034],[112.79612,-7.36689999225036],[112.79618,-7.36686999225038],[112.79625,-7.36681999225042],[112.79633,-7.36675999225052],[112.79641,-7.36670999225054],[112.79647,-7.36666999225061],[112.79654,-7.36661999225066],[112.79661,-7.36657999225066],[112.79666,-7.36654999225072],[112.79673,-7.36650999225072],[112.79679,-7.36646999225076],[112.79686,-7.36641999225081],[112.79693,-7.36637999225084],[112.79698,-7.36634999225089],[112.79704,-7.36630999225091],[112.79709,-7.36627999225093],[112.79715,-7.36623999225095],[112.79723,-7.36618999225104],[112.7973,-7.3661399922511],[112.79738,-7.36607999225115],[112.79745,-7.36603999225115],[112.79751,-7.36599999225119],[112.79757,-7.36595999225124],[112.79763,-7.3659199922513],[112.79769,-7.36587999225128],[112.79774,-7.36584999225136],[112.7978,-7.36580999225138],[112.79787,-7.36576999225144],[112.79794,-7.36571999225147],[112.79802,-7.36566999225154],[112.79803229,-7.36566385225146],[112.79818304,-7.36556264225161],[112.79846432,-7.36540800225177],[112.79861782,-7.36534342225181],[112.79863905,-7.36533926225179],[112.79864,-7.36533999225181],[112.7987,-7.36533999225181],[112.79876,-7.36532999225185],[112.79883,-7.36532],[112.79889,-7.36531999225182],[112.79896,-7.36531],[112.79902,-7.36530999225187],[112.7991,-7.36530999225187],[112.79917,-7.36530999225187],[112.79923,-7.3653],[112.79929,-7.36529999225186],[112.79937,-7.3653],[112.79945,-7.36529999225186],[112.79949374,-7.36529601225187],[112.79964275,-7.36530092225186],[112.79980125,-7.36528],[112.79988,-7.36527999225186],[112.79997,-7.36526999225193],[112.80005,-7.36524999225192],[112.80006858,-7.3652446822519],[112.80014222,-7.36523495225193],[112.80020158,-7.36520503225197],[112.80026,-7.36518],[112.80032572,-7.36514244999997],[112.80039856,-7.36510571225208],[112.80047,-7.36506999225208],[112.80057701,-7.36501574999993],[112.80072474,-7.36489328999996],[112.80075327,-7.36486963225224],[112.8008328,-7.3648037022523],[112.80088,-7.36476999225234],[112.80095,-7.36471999225244],[112.80101,-7.36466999225242],[112.80106,-7.36462999225251],[112.8011139,-7.36458687225248],[112.8013946,-7.36439842225264],[112.80156097,-7.36434658225276],[112.80195,-7.36431999225274],[112.80201,-7.36432999225274],[112.80215,-7.36432999225274],[112.80233,-7.36434999225274],[112.80241,-7.36435999225272],[112.8025,-7.36435999225272],[112.80264,-7.36437999225266],[112.8028,-7.36439999225262],[112.80286,-7.36440999225274],[112.80307,-7.36443999225263],[112.8032,-7.36445999225262],[112.80326,-7.3644699922526],[112.80332,-7.36447999225261],[112.8034,-7.36448999225257],[112.80346,-7.36449999225261],[112.80352,-7.36450999225257],[112.8036,-7.36452],[112.803633026,-7.36452471799994],[112.80367,-7.36452999225255],[112.80376,-7.36453999225256],[112.80387,-7.36454999225253],[112.80398,-7.3645699922525],[112.80412,-7.3645999922525],[112.80423,-7.36461],[112.80432,-7.36462999225251],[112.80442,-7.36463999225248],[112.8045,-7.36465999225247],[112.8046,-7.36466999225242],[112.8047,-7.36467999225246],[112.80477,-7.3647],[112.80484184,-7.36471168999997],[112.8049,-7.36471999225244],[112.805,-7.3647299922524],[112.80508,-7.36474],[112.80522,-7.36476],[112.80528,-7.36475999225231],[112.80542,-7.36477999225232],[112.80555,-7.36479999225232],[112.80562,-7.3648],[112.80572,-7.36481],[112.80582,-7.36481999225227],[112.80595703,-7.36483712225228],[112.80608,-7.36484999225225],[112.80634,-7.36494999225223],[112.80642,-7.36498999225214],[112.80648,-7.36501],[112.80655,-7.36505],[112.80662,-7.36508],[112.8067,-7.36512],[112.80677,-7.36515],[112.80685,-7.36518999225195],[112.80692,-7.3652299922519],[112.80699,-7.36526],[112.80704,-7.36529],[112.80712,-7.36534],[112.80718,-7.36536999225178],[112.807239172647598,-7.365409448324897],[112.807309516858041,-7.365439792939161],[112.80731,-7.36544],[112.807357910484185,-7.365478328387351],[112.80736,-7.36547999225168],[112.80741,-7.36550999225171],[112.80747,-7.36553999225161],[112.80752,-7.36557999225159],[112.80757,-7.36561],[112.80763,-7.36563999225149],[112.807640664,-7.36564888699998],[112.80769,-7.3656899922515],[112.80776,-7.36572999225144],[112.80782,-7.36576999225144],[112.80788,-7.36579999225143],[112.80794,-7.36584999225136],[112.80801,-7.36588999225131],[112.80809,-7.36593999225131],[112.80815,-7.36597999225126],[112.80821,-7.3660099922512],[112.80826,-7.36603999225115],[112.80832,-7.36607999225115],[112.8084,-7.36611999225109],[112.80849,-7.36616999225105],[112.80858,-7.36620999225102],[112.80865,-7.36624999225099],[112.80872,-7.36627999225093],[112.80882,-7.36630999225091],[112.80891,-7.36633999225091],[112.80899,-7.36634],[112.809024081,-7.36634425999996],[112.80907,-7.36635],[112.80915,-7.36635],[112.80922,-7.36634999225089],[112.8093,-7.36634999225089],[112.80936,-7.36633999225091],[112.80942,-7.36632999225089],[112.80949,-7.36631999225093],[112.80958,-7.36630999225091],[112.80968,-7.36628999225094],[112.80968614,-7.36628931225094],[112.80977,-7.36627999225093],[112.80985,-7.36625999225097],[112.80992,-7.36623999225095],[112.81,-7.36620999225102],[112.81009,-7.36618999225104],[112.81015,-7.36615999225107],[112.81021,-7.36614999225107],[112.81027,-7.36611999225109],[112.81033,-7.36609999225111],[112.81042,-7.36606999225115],[112.81049,-7.36603999225115],[112.81058,-7.36599999225119],[112.81066,-7.36595999225124],[112.81073,-7.36592999225124],[112.81079,-7.3659],[112.81087,-7.36585999225132],[112.81094,-7.36581999225135],[112.81099,-7.36578999225143],[112.81104,-7.36575999225144],[112.81111,-7.36572],[112.81118,-7.36566999225154],[112.81122803,-7.36563797225152],[112.81125377,-7.36561966225153],[112.811283369,-7.36559746725157],[112.81128851,-7.36559361225159],[112.81132,-7.36556999225156],[112.81139,-7.36552999225167],[112.81144,-7.36549999225167],[112.81149,-7.36545999225169],[112.81155,-7.36541999225176],[112.81160048,-7.36538634999993],[112.811735506,-7.36531000799996],[112.81196108,-7.36518246225198],[112.81259451,-7.36475717225235],[112.81267,-7.3647099922524],[112.812748,-7.36468074225242],[112.81343184,-7.36448892225258],[112.81464775,-7.36414820225289],[112.81495777,-7.36396833225308],[112.81498,-7.3639599922531],[112.81506,-7.36390999225318],[112.81506445,-7.36390643225311],[112.81517507,-7.36384225225322],[112.81529975,-7.36370024225334],[112.81536,-7.3636399922534],[112.81543,-7.36355999225342],[112.8155,-7.3634899922535],[112.81555,-7.36342999225356],[112.8156,-7.36335999225364],[112.81560479,-7.36335281225362],[112.81578091,-7.36315221225384],[112.81580435,-7.362966952254],[112.81581,-7.36294999225403],[112.81584,-7.36285999225409],[112.81585,-7.36279999225413],[112.81586,-7.36272999225423],[112.81587,-7.36265999225426],[112.81588,-7.36256999225438],[112.81588,-7.36248999225446],[112.81587392,-7.36241703225456],[112.81587401,-7.36241628225451],[112.81587379,-7.36241549225448],[112.81587,-7.36236999225457],[112.81585,-7.36228999225466],[112.81583,-7.36221999225473],[112.8158,-7.36214999225473],[112.81578,-7.36207999225481],[112.81577912,-7.36207823225484],[112.81574399,-7.36195309225493],[112.8156878,-7.36187364225498],[112.81568,-7.36185999225505],[112.81564,-7.3617999922551],[112.81559,-7.36171999225513],[112.81554,-7.36164999225524],[112.81551,-7.36159999225525],[112.81548036,-7.36156294225532],[112.81483343,-7.36057363225617],[112.81472218,-7.36030700225646],[112.81472018,-7.36029597225643],[112.81471845,-7.35987052225688],[112.81486402,-7.35935394225734],[112.81487,-7.35933999225734],[112.8149,-7.35927999225741],[112.81494,-7.35920999225744],[112.81494071,-7.35920833225747],[112.81519639,-7.3588036022578],[112.81524,-7.35875999225793],[112.81529,-7.35871999225791],[112.81535,-7.35866999225797],[112.81535568,-7.35866431225796],[112.81557838,-7.35848496225815],[112.81562,-7.3584599922582],[112.81567,-7.35842999225818],[112.81572,-7.35838999225822],[112.81577,-7.35835999225827],[112.81577902,-7.35835397225831],[112.81628099,-7.3581212622585],[112.81680597,-7.35784401225872],[112.81686,-7.35781999225874],[112.81692,-7.35779999225878],[112.81703,-7.35776999225882],[112.81711,-7.35773999225886],[112.81719,-7.35771999225885],[112.81727,-7.3576999922589],[112.81735,-7.3576999922589],[112.81743,-7.35768999225884],[112.81751,-7.35768999225884],[112.81759,-7.35768999225884],[112.81766,-7.35768999225884],[112.81773,-7.35770999225885],[112.8178,-7.35770999225885],[112.81786,-7.35772999225884],[112.81793,-7.35774999225881],[112.818,-7.35776999225882],[112.81807276,-7.35779727225879],[112.81818083,-7.3578454022587],[112.81821,-7.35785999225871],[112.81821999,-7.35786284225873],[112.81836383,-7.35792691225865],[112.81839,-7.35793999225861],[112.81845,-7.3579699922586],[112.81851,-7.35799999225859],[112.81858,-7.35802999225855],[112.81865,-7.35806999225852],[112.8187,-7.35810999225847],[112.81872703,-7.3581280122585],[112.82055571,-7.35972570225705],[112.82056,-7.35972999225699],[112.82059278,-7.35975808225698],[112.82063487,-7.35979486225698],[112.8207,-7.35985999225686],[112.82077,-7.35991999225682],[112.82085,-7.35998999225669],[112.82091,-7.36004999225668],[112.82097,-7.36009999225661],[112.82103,-7.36015999225664],[112.82108,-7.36020999225655],[112.82115,-7.36025999225648],[112.82122,-7.36032999225649],[112.82124267,-7.36035014225638],[112.82177006,-7.36089725225589],[112.8220921,-7.36104404225583],[112.82212,-7.36105999225578],[112.82219,-7.36108999225572],[112.82224,-7.36111999225575],[112.82231,-7.36114999225568],[112.82238,-7.36117999225562],[112.82244,-7.36120999225566],[112.82251,-7.36121999225561],[112.8226,-7.36123999225557],[112.82269,-7.36126999225558],[112.82279,-7.36126999225558],[112.82289,-7.36127999225558],[112.82297,-7.36127999225558],[112.82303254,-7.36127999225558],[112.82330132,-7.36129877225557],[112.82374874,-7.3610411022558],[112.82382971,-7.36094822225589],[112.82384,-7.36093999225589],[112.82391,-7.36087999225595],[112.82398,-7.36081999225595],[112.82405,-7.36074999225606],[112.82413,-7.36067999225616],[112.82418,-7.36061999225615],[112.82424,-7.36054999225623],[112.8243,-7.36047999225631],[112.82433,-7.36042999225635],[112.82438,-7.36036999225636],[112.82442,-7.36030999225648],[112.82445,-7.36025999225648],[112.82448,-7.36020999225655],[112.82451,-7.36015999225664],[112.82454,-7.36009999225661],[112.82458,-7.36001999225673],[112.82462,-7.35991999225682],[112.82466,-7.3598199922569],[112.82469,-7.35973999225696],[112.82472,-7.3596599922571],[112.82474,-7.35955999225712],[112.82477,-7.3594699922572],[112.82479,-7.35940999225731],[112.8248,-7.35934999225734],[112.82483,-7.35926999225743],[112.82485,-7.3591899922575],[112.82487,-7.35911999225757],[112.82488,-7.35905999225763],[112.8249,-7.35897999225772],[112.82491,-7.35890999225777],[112.82495,-7.35876999225787],[112.82496,-7.35869999225794],[112.82498,-7.35861999225804],[112.82502,-7.35846999225816],[112.82504,-7.35836999225826],[112.82507,-7.35826999225836],[112.82511,-7.35811999225845],[112.82512,-7.35803999225857],[112.82518,-7.35785999225871],[112.8252,-7.35775999225884],[112.82525,-7.35758999225898],[112.82528,-7.35751999225902],[112.8253,-7.35741999225911],[112.82533,-7.35730999225922],[112.82536,-7.35721999225927],[112.8254,-7.35708999225947],[112.82544,-7.35694999225955],[112.82548,-7.35682999225965],[112.82552,-7.35674999225978],[112.82556,-7.35661999225985],[112.8256,-7.3565399922599],[112.82566,-7.35640999226006],[112.82569,-7.35632999226013],[112.82573,-7.35624999226018],[112.82579234,-7.35612779226035],[112.82583,-7.35605999226037],[112.82589,-7.35593999226052],[112.82592,-7.35587999226055],[112.82598,-7.35577999226068],[112.82602,-7.3557099922607],[112.82607,-7.35561999226077],[112.82613,-7.35550999226092],[112.82616,-7.35544999226095],[112.82623,-7.35533999226107],[112.82628,-7.35525999226114],[112.82633,-7.35516999226119],[112.82637,-7.35510999226126],[112.82641,-7.35502999226131],[112.82652,-7.35485999226152],[112.82656,-7.35477999226158],[112.82661,-7.35469999226167],[112.82669,-7.35455999226177],[112.82673,-7.35447999226187],[112.82679,-7.35436999226196],[112.82682,-7.35430999226199],[112.82689,-7.35416999226215],[112.82696,-7.35403999226224],[112.827,-7.35393999226236],[112.82704,-7.35384999226245],[112.82712,-7.35367999226257],[112.82715,-7.35359999226267],[112.82721,-7.35344999226278],[112.82724,-7.35335999226289],[112.82728,-7.35326999226298],[112.8273,-7.35319999226303],[112.82734,-7.35311999226307],[112.82737,-7.35302999226316],[112.82738611,-7.35295747226324],[112.827442296168712,-7.352829690558296],[112.82749119,-7.35256523999993],[112.82753,-7.35241],[112.82754,-7.35231999226381],[112.82756,-7.35221999226389],[112.82758,-7.35212999226403],[112.8276,-7.35205999226405],[112.82760221,-7.35196672226419],[112.82761,-7.35191999226422],[112.82761,-7.35188683226427],[112.8276163,-7.35182217226432],[112.82762,-7.35178425226431],[112.82764975,-7.35147909226464],[112.82756777,-7.35101571226504],[112.82745278,-7.35031261226567],[112.82737472,-7.35012888226584],[112.82736,-7.35006999226591],[112.82733,-7.35001999226601],[112.82732,-7.34995999226606],[112.82731,-7.34987999226605],[112.82729,-7.34980999226614],[112.82726,-7.34972999226627],[112.82723,-7.34963999226631],[112.8272,-7.34954999226642],[112.82717,-7.34945999226648],[112.82714,-7.3493499922666],[112.82712,-7.34925999226668],[112.8271,-7.34919999226668],[112.82708,-7.34912999226681],[112.82706,-7.34904999226687],[112.82704,-7.34896999226694],[112.82701,-7.34889999226702],[112.827,-7.34882999226706],[112.82698,-7.34874999226713],[112.82696,-7.34865999226724],[112.82694,-7.34857999226728],[112.82692,-7.34850999226739],[112.82691,-7.3484399922674],[112.82689,-7.34833999226749],[112.82687,-7.34823999226764],[112.82685,-7.34815999226771],[112.82684,-7.34808999226775],[112.82683,-7.34802999226778],[112.82682,-7.34795999226788],[112.82681,-7.34787999226798],[112.8268,-7.34779999226799],[112.82679,-7.34772744226809],[112.82679,-7.34764999226813],[112.82678,-7.34756999226823],[112.82678,-7.34750999226829],[112.82678,-7.3474299922684],[112.82678,-7.34731999226847],[112.82678,-7.34723999226851],[112.82678,-7.34716999226863],[112.82678,-7.34709999226868],[112.82678,-7.34700999226876],[112.82679,-7.34693999226881],[112.82679,-7.3468699922689],[112.82679,-7.34683880226888],[112.82679,-7.34679999226899],[112.82684,-7.34604999226962],[112.82688577,-7.34589745999993],[112.82688396,-7.34545496999995],[112.82710143,-7.34444002227109],[112.82759575,-7.34338707227209],[112.82801853,-7.34339998999993],[112.8282953,-7.34288176999994],[112.82976046,-7.33888626000002],[112.82998213,-7.33826173999997],[112.83073716,-7.33685953],[112.83171038,-7.33594412999998],[112.83274479,-7.33432490999995],[112.83362283,-7.33363374999993],[112.83626472,-7.33150427999995],[112.8377829,-7.33069856999998],[112.83911061,-7.33030937999996],[112.84040982,-7.33078376999992],[112.84128427,-7.33117193999991],[112.84213709,-7.33214383999997],[112.8426561,-7.33372472999996],[112.84266254,-7.33529171999993],[112.84269996,-7.33854553999992],[112.8425133,-7.33988945999993],[112.84161046,-7.34428242999994],[112.84103598,-7.34673924999991],[112.84074017,-7.34880317999992],[112.8388535,-7.36357048999998],[112.83819066,-7.36781823999995],[112.83802898,-7.36985651999996],[112.83752537,-7.37147170999997],[112.83607999,-7.37156254],[112.8354494,-7.37223693999992],[112.83475906,-7.37214724999993],[112.83383832,-7.37192146999997],[112.83353747,-7.37188737999993],[112.83323655,-7.37183564],[112.83254619,-7.37171485999993],[112.83199785,-7.37171710999994],[112.82963619,-7.37166496999991],[112.82933549,-7.37166619999997],[112.82790395,-7.37197224999994],[112.82724984,-7.37206321999997],[112.82645458,-7.37224305999996],[112.82595608,-7.37234067999997],[112.82470479,-7.37258571999997],[112.824369,-7.37265772999997],[112.82392664,-7.37262420999996],[112.82267862,-7.37239090999997],[112.82225388,-7.37233965999997],[112.82135097,-7.37214908999994],[112.81961713,-7.37206785999996],[112.81958139,-7.37197970999994],[112.81945699,-7.37183893999998],[112.8192622,-7.37178675999997],[112.81713664407765,-7.371694828206586],[112.81534342,-7.37161726999997],[112.81490128,-7.37163671999993],[112.81277692,-7.37122151999995],[112.812642419489251,-7.371991302958813],[112.812554650121243,-7.372702483595137],[112.81097864,-7.37269451],[112.8108918416617,-7.373217799974019],[112.808065965612172,-7.373142443784452],[112.80808729,-7.37289162999998],[112.80798123,-7.37290971999993],[112.80580544,-7.37290085],[112.80566919,-7.37291500999992],[112.8048524,-7.37290993999995],[112.80112995,-7.37356687999996],[112.8011013,-7.37356290999995],[112.80104973,-7.37355575999991],[112.801007126,-7.37359863599994],[112.80097926,-7.37362667999997]]]]}},
{"type":"Feature","properties":{"kdkab":"15","kdkec":"130","nmkab":"SIDOARJO","nmkec":"SEDATI","kddesa":"009","kdprov":"35","nmdesa":"BETRO","nmprov":"JAWA TIMUR","iddesa":"3515130009"},"geometry":{"type":"MultiPolygon","coordinates":[[[[112.760037550759208,-7.395901800519096],[112.759046398263692,-7.395698288240232],[112.75723434,-7.39536210999995],[112.75723399,-7.39536204999995],[112.75724679,-7.39530446999991],[112.75725,-7.39529],[112.75725034,-7.39528879999994],[112.75727,-7.39522],[112.75729,-7.39513],[112.7572976,-7.39506922999995],[112.7573,-7.39505],[112.75730399,-7.39501807999998],[112.75731,-7.39497],[112.75732,-7.39487],[112.75734,-7.39475],[112.75735,-7.39466],[112.75735,-7.39459],[112.75736,-7.39453],[112.75737,-7.39444],[112.75737787,-7.39437704999993],[112.75738,-7.39436],[112.75738339,-7.39433962999994],[112.75739,-7.3943],[112.7574,-7.39421],[112.75742,-7.39411],[112.75742616,-7.39406068999995],[112.75743,-7.39403],[112.75743599,-7.39397011999995],[112.75744,-7.39393],[112.75745112,-7.39387437999994],[112.75744948,-7.39387412999996],[112.75745185,-7.39385807999995],[112.75745734,-7.39381572999997],[112.75747922,-7.3936467799999],[112.75759313,-7.39291856999998],[112.75759301,-7.39291853999992],[112.75758011,-7.39291622999996],[112.757571596,-7.39291470399995],[112.75730368,-7.39286666999992],[112.75722539,-7.39284401999992],[112.75721851,-7.39284202999994],[112.75719357,-7.39283481],[112.7571938,-7.39283305999992],[112.75714,-7.39281],[112.75675,-7.39267],[112.75674349,-7.39266863999996],[112.75662499,-7.39264394999998],[112.756556154,-7.39262961299991],[112.75651,-7.39262],[112.75628,-7.39262],[112.756277854594487,-7.392620203967245],[112.75625139,-7.39262271999994],[112.75586,-7.39266],[112.7557,-7.39259],[112.75565191,-7.39256149999994],[112.755649406,-7.39256001599997],[112.755489328,-7.39246515699993],[112.75547644,-7.39245751999996],[112.75545408,-7.39244426999997],[112.75543,-7.39243],[112.7553,-7.39236],[112.75514,-7.39235],[112.75497,-7.39235],[112.75478579,-7.39235],[112.754784698,-7.39235],[112.75461579,-7.39235],[112.754223553,-7.39235],[112.754223,-7.39235],[112.75411,-7.39235],[112.75387,-7.39228],[112.75333,-7.39209],[112.7531467,-7.39200069999993],[112.753111655,-7.39198362499996],[112.75310912,-7.39198238999995],[112.75294,-7.3919],[112.75274424,-7.39187064000001],[112.75274467,-7.39186892999995],[112.75297503,-7.3909361],[112.75304118,-7.39072408999994],[112.75335701,-7.38942169999995],[112.75351111,-7.38892254999995],[112.75351244,-7.38891822999993],[112.75374795,-7.38899556999996],[112.75375264,-7.38898159999998],[112.75379978,-7.38884139999995],[112.75383151,-7.38874700999997],[112.75389204,-7.3884578899999],[112.75389497,-7.38844391999993],[112.75389488,-7.38844077999996],[112.75396327,-7.38802786999996],[112.753966475,-7.38800853799997],[112.75396787,-7.38800011999997],[112.75401892,-7.38798801999996],[112.75413788,-7.38800387999992],[112.75425506,-7.38801949],[112.75435828,-7.38801762999998],[112.75442122,-7.38801737999995],[112.75444762,-7.38783765999994],[112.75450164,-7.38738050999995],[112.75455368,-7.38720737999998],[112.75456643,-7.38716494999994],[112.75461734,-7.38699556999995],[112.75465846,-7.38686089999996],[112.7547101,-7.38669174999993],[112.75472848,-7.38668318999995],[112.75475414,-7.38666298999995],[112.75486138,-7.38659897],[112.75495534,-7.38653983999994],[112.75501128,-7.38651328999991],[112.75511045,-7.38643842999996],[112.75519965,-7.38635864000002],[112.75527389,-7.38626898999995],[112.75531838,-7.38619930999995],[112.75532151,-7.38615946999993],[112.755350378,-7.38579228899996],[112.75535057,-7.38578985],[112.755363425989174,-7.385625596303228],[112.75537283,-7.38550653999996],[112.7553774,-7.38540226999995],[112.75540165,-7.38526747999992],[112.75541423,-7.38519752999998],[112.75542119,-7.38515882999995],[112.75544535,-7.38498001999995],[112.75546491,-7.38489553999994],[112.75545961,-7.38481117],[112.75545161,-7.38467467],[112.75548088,-7.38453057999995],[112.75547536,-7.38439159999993],[112.75551473,-7.38428718999996],[112.75551929,-7.38418290999993],[112.75553126,-7.38406619999992],[112.75553373,-7.38403162999996],[112.75597608,-7.38408286],[112.75598652,-7.38430259999994],[112.75598901,-7.38430272999994],[112.755999052,-7.38430323999994],[112.75635504,-7.38432130999995],[112.756357611,-7.38432143999996],[112.75670832,-7.38433924000001],[112.75878216,-7.38444448999997],[112.758826298,-7.38444869399994],[112.758886254459384,-7.384459747293913],[112.758780793940474,-7.384695044850655],[112.758750501289086,-7.384760390427222],[112.758677644434371,-7.385487285511652],[112.758721505747928,-7.385488460368265],[112.759663354662933,-7.385545117259243],[112.759867071066466,-7.385567814593966],[112.7599848126994,-7.385582868249441],[112.760010292380528,-7.385586925354754],[112.760048748483541,-7.385593092641644],[112.760146032395795,-7.385613546305264],[112.760191921554963,-7.385623897882961],[112.760359587030578,-7.385646365845483],[112.76046031,-7.38568711999997],[112.760580873,-7.38570770499997],[112.760588556,-7.38570901699995],[112.761137545215078,-7.38580275443057],[112.76118,-7.38581],[112.76124,-7.38581],[112.761389346798993,-7.385834312269604],[112.76167,-7.38588],[112.762499198,-7.38600898600001],[112.76252815,-7.38601348999993],[112.76269661,-7.38548963999996],[112.76275598,-7.38527117999997],[112.76284679,-7.38512447999992],[112.76290307,-7.38500325999995],[112.76296756,-7.38490761999996],[112.76311441,-7.38468980999997],[112.76322222,-7.38451910999992],[112.763372161,-7.38435117999993],[112.7634,-7.38432],[112.76351,-7.38419],[112.76364,-7.38405],[112.763741721,-7.383951789],[112.76374435,-7.38394924999991],[112.76388539,-7.38381307999992],[112.76390223,-7.38379681],[112.763903496,-7.38379558799996],[112.76393,-7.38377],[112.7641,-7.38361],[112.7641314,-7.38357336999998],[112.76417939,-7.38351737999995],[112.76434,-7.38333],[112.76439,-7.38328],[112.76451,-7.38313],[112.7647,-7.38296],[112.764702949,-7.38295741999995],[112.76494,-7.38275],[112.76515,-7.38248],[112.76526,-7.38231],[112.76534,-7.38203],[112.765351389,-7.38195028499995],[112.76535592,-7.3819185699999],[112.76536573,-7.38184992000002],[112.76537,-7.38182],[112.76538037,-7.38182177999993],[112.765359551,-7.38171394599991],[112.76535842,-7.38170808999996],[112.76533004,-7.38156114999992],[112.76555596,-7.38025944999991],[112.76555616,-7.38025900999998],[112.76555717,-7.38025174999998],[112.76555977,-7.38023811999992],[112.76556848,-7.38019230999992],[112.76557159,-7.38017168999992],[112.76557524,-7.38014836999997],[112.765612723,-7.37990877999994],[112.76592496,-7.37791298999997],[112.76620155,-7.37645969999993],[112.7665099,-7.37483952999998],[112.76656983,-7.37470346999995],[112.7665883,-7.37465964999995],[112.76677157,-7.37438758999996],[112.76705485,-7.37416505999994],[112.76707147,-7.37415463999997],[112.76731819,-7.37403892999995],[112.76753252,-7.37397528999998],[112.76755729,-7.37396792999991],[112.76758201,-7.37396870999995],[112.76772084,-7.37395906199995],[112.76777339,-7.37395540999995],[112.76789805,-7.37396015999995],[112.76812796,-7.37399049999992],[112.76812841,-7.37398770999992],[112.768187952234001,-7.37400118056379],[112.76832692,-7.37403262000002],[112.76862089,-7.37408847800001],[112.76982204,-7.37431670999995],[112.77105395,-7.37450516999994],[112.77128907,-7.37455805999998],[112.77194675,-7.37467016999995],[112.77213197,-7.37469865999998],[112.77278866,-7.37495403999996],[112.77325583,-7.37510406999998],[112.77337688,-7.37510724999991],[112.77338232,-7.37510738999994],[112.773411761,-7.37511204999991],[112.77361669,-7.37514448999995],[112.77409416,-7.37517406999998],[112.77415531,-7.37518335999993],[112.77441411,-7.37520715999995],[112.77479643,-7.37520464999994],[112.77508199,-7.37534743000001],[112.77527468,-7.37544376999997],[112.77555,-7.37548],[112.776,-7.37554],[112.7764,-7.37561],[112.77715,-7.37572],[112.77749,-7.37577],[112.77836,-7.3759],[112.77885,-7.37597],[112.77952,-7.37608],[112.78014,-7.37618],[112.78095742,-7.37631510999993],[112.78135,-7.37638],[112.78141,-7.37639],[112.78318,-7.37668],[112.78495,-7.37699],[112.78544,-7.37705],[112.78631,-7.37719],[112.78706,-7.37733],[112.78874,-7.37759],[112.79051,-7.37787],[112.79109,-7.37796],[112.7915,-7.37803],[112.79184,-7.37808],[112.79223,-7.37813],[112.79246,-7.37817],[112.79267,-7.37822],[112.79279,-7.37824],[112.79373,-7.37838],[112.79467,-7.37855],[112.79567,-7.37868],[112.79613,-7.37877],[112.79792,-7.37906],[112.79869,-7.37918],[112.79939,-7.37931],[112.80000286,-7.37938230999991],[112.80117,-7.37952],[112.80236,-7.37977],[112.80279,-7.37984],[112.80335,-7.37991],[112.80379,-7.37999],[112.80454,-7.38012],[112.80504,-7.38022],[112.80537,-7.38027],[112.8055,-7.38033],[112.80553,-7.38148],[112.80551,-7.38198],[112.80549242,-7.38243202999997],[112.80544,-7.38378],[112.8054,-7.38407],[112.80534,-7.38429],[112.80527,-7.38444],[112.80489,-7.38501],[112.804720607,-7.38539718399997],[112.80468,-7.38549],[112.80462,-7.38569],[112.80459,-7.38582],[112.80458,-7.38588],[112.80458,-7.38599819999996],[112.80457622,-7.38600041999994],[112.80449,-7.38601],[112.80438,-7.38601],[112.80427,-7.38601],[112.80418,-7.38601],[112.8041,-7.38601],[112.80402,-7.38601],[112.80395,-7.386],[112.80389,-7.386],[112.80382,-7.386],[112.80375,-7.386],[112.80368,-7.38601],[112.80361,-7.38601],[112.80354,-7.38601],[112.80347,-7.38601],[112.8034,-7.38601],[112.80333,-7.38601],[112.80326,-7.38601],[112.8032,-7.38601],[112.80313,-7.38601],[112.80305,-7.38601],[112.80294,-7.386],[112.80284,-7.386],[112.80276,-7.386],[112.80269,-7.386],[112.80263,-7.38599],[112.80256,-7.38599],[112.80249,-7.38598],[112.8024,-7.38597],[112.80232,-7.38596],[112.80225,-7.38595],[112.80217,-7.38594],[112.80209,-7.38592],[112.80199,-7.38591],[112.80189,-7.38589],[112.80178,-7.38587],[112.80167,-7.38585],[112.80156,-7.38583],[112.80146,-7.38581],[112.80135,-7.38579],[112.80125,-7.38577],[112.80116,-7.38575],[112.80107,-7.38573],[112.80098,-7.38571],[112.80089,-7.3857],[112.8008,-7.38568],[112.80071,-7.38566],[112.80061,-7.38565],[112.80052,-7.38563],[112.80041,-7.38562],[112.80031,-7.3856],[112.8002,-7.38558],[112.80009,-7.38557],[112.79998,-7.38555],[112.79987,-7.38553],[112.79975,-7.38552],[112.79964,-7.3855],[112.79952,-7.38548],[112.7994,-7.38546],[112.79928,-7.38544],[112.79917,-7.38543],[112.79905,-7.38541],[112.79893,-7.38539],[112.79881,-7.38537],[112.79868,-7.38535],[112.79856,-7.38533],[112.79843,-7.38532],[112.79831,-7.3853],[112.79818,-7.38528],[112.79805,-7.38526],[112.79792,-7.38524],[112.79779,-7.38522],[112.79766,-7.3852],[112.79752,-7.38518],[112.79739,-7.38516],[112.79726,-7.38514],[112.79713,-7.38512],[112.797,-7.3851],[112.79688,-7.38508],[112.79676,-7.38506],[112.79665,-7.38504],[112.79654,-7.38503],[112.79644,-7.38501],[112.79635,-7.385],[112.79627,-7.38498],[112.7962,-7.38497],[112.79614,-7.38496],[112.79606,-7.38495],[112.79603777,-7.38495666999991],[112.7959752,-7.38493140999997],[112.79547324,-7.38482983999995],[112.79507515,-7.38475374999995],[112.79449498,-7.38455752999996],[112.79443667,-7.38463226999994],[112.79417691,-7.38441793999993],[112.79316788,-7.38420106999995],[112.78992021,-7.38372316999994],[112.78709074,-7.38329265999993],[112.78561394,-7.38293036999994],[112.78519623,-7.38300567999996],[112.78498135,-7.38304946999994],[112.78498429,-7.38307003999996],[112.78499,-7.38311],[112.78499,-7.38321],[112.78499,-7.38329],[112.78498,-7.3834],[112.78497,-7.38352],[112.78497,-7.38361],[112.78496,-7.38367],[112.78495,-7.38382],[112.78494,-7.38398],[112.78493,-7.38414],[112.78492,-7.3843],[112.78491,-7.38445],[112.784899930511457,-7.384525521164054],[112.78489,-7.3846],[112.78488,-7.38474],[112.78487,-7.38487],[112.78485,-7.38498],[112.78484,-7.38509],[112.78482,-7.3852],[112.7848,-7.3853],[112.78478,-7.3854],[112.78475,-7.38549],[112.78473,-7.38558],[112.7847,-7.38567],[112.78467,-7.38575],[112.78463,-7.38583],[112.7846,-7.3859],[112.78457,-7.38597],[112.78453,-7.38603],[112.78441,-7.38637],[112.78418,-7.38633],[112.7837,-7.38625],[112.78312,-7.38615],[112.78239,-7.38605],[112.78206,-7.38601],[112.78199,-7.38599],[112.78198824,-7.38600317999994],[112.781987776,-7.38600666699996],[112.78198659,-7.38601558999993],[112.78197,-7.38614],[112.78188,-7.3866],[112.78178,-7.38707],[112.7816,-7.38764],[112.78148,-7.38805],[112.78141,-7.38838],[112.7813,-7.38866],[112.78114,-7.389],[112.78111,-7.38908],[112.781,-7.3893],[112.78096,-7.38957],[112.78088,-7.38991],[112.78083,-7.39019],[112.78078,-7.39032],[112.78078,-7.39032319999998],[112.78078,-7.39036950999995],[112.78078,-7.39037378099995],[112.78078,-7.39041],[112.78072,-7.39041],[112.78069,-7.39062],[112.78065,-7.39081],[112.7806,-7.39095],[112.780541592791565,-7.391096018021096],[112.78054,-7.3911],[112.78048678,-7.39116386999994],[112.78044,-7.39122],[112.78037305,-7.39125719],[112.780370648,-7.39125852499998],[112.78026,-7.39132],[112.77998,-7.3915],[112.77937,-7.39191],[112.779120484527994,-7.392087075496263],[112.77906,-7.39213],[112.77896,-7.3922],[112.77818,-7.39273],[112.77777,-7.393],[112.77773445,-7.39302566999993],[112.777720658,-7.393035632],[112.77761526,-7.39311175999998],[112.777593624,-7.39312738299995],[112.77759,-7.39313],[112.77758913,-7.39313064],[112.77709,-7.3935],[112.777068078568064,-7.393514859597149],[112.77656157,-7.39385819999996],[112.77651456,-7.39389006999994],[112.776319012,-7.39402261599996],[112.77627789,-7.39405048999995],[112.77626022,-7.39406246999995],[112.776258002,-7.39406397399996],[112.775821534,-7.39435982899993],[112.77580734,-7.39436944999995],[112.7756,-7.39451],[112.77538857,-7.39465497999994],[112.77540375,-7.39426789],[112.775413527,-7.39416748399998],[112.77542078,-7.39409298999993],[112.77547427,-7.39354368999995],[112.775493705,-7.39324072699998],[112.77549543,-7.39321383999996],[112.77550864,-7.393008],[112.775509138,-7.39300023599996],[112.77551809,-7.39286071999995],[112.77550301,-7.39267130999994],[112.77424419,-7.39265665999996],[112.7729173,-7.39263511999995],[112.77162532,-7.39263377999993],[112.771612979,-7.39287733799996],[112.77161263,-7.39288421999994],[112.77159042,-7.39332255999994],[112.771589064,-7.39334921599994],[112.77158863,-7.39335774999996],[112.771587449,-7.393387483],[112.771574284080913,-7.393718949350045],[112.77157373,-7.39373289999995],[112.771573004,-7.39375118799996],[112.77156174,-7.39403488899997],[112.77155018,-7.39432603999997],[112.77152369,-7.39501412999995],[112.771504502,-7.39501235399993],[112.77147573,-7.39500968999994],[112.77115168,-7.39497972],[112.7707658,-7.39490979999997],[112.77038746,-7.39484123999992],[112.770387991,-7.39483369299997],[112.769768818,-7.39472524199994],[112.769508021,-7.39467956199997],[112.769499137,-7.39466282299998],[112.769258332466705,-7.394575708434458],[112.76900154,-7.39448280999995],[112.76854609,-7.39432016999993],[112.76818387,-7.39418932999998],[112.76814653,-7.39417581899994],[112.76814294,-7.39417451999998],[112.767674322,-7.39400493299997],[112.76750965,-7.39394533999996],[112.76716181,-7.39382874999994],[112.76700763,-7.39377930999995],[112.76696,-7.39375464999996],[112.76696,-7.39375820999994],[112.76689624,-7.39374005999996],[112.76618281,-7.39352324999989],[112.766175527,-7.39355441499991],[112.76617195,-7.39356971999998],[112.766093688,-7.39390475299995],[112.766053996,-7.39389331199994],[112.765952308224001,-7.39386400066103],[112.765949423,-7.39386316899994],[112.765534505,-7.39377034999996],[112.765066748,-7.39367659999996],[112.764654649,-7.39357669099997],[112.76418304,-7.39346235399995],[112.764168647,-7.39350397599997],[112.76416827,-7.39350388],[112.76375123,-7.395422],[112.76375034,-7.39542183999992],[112.763717813,-7.39555882499995],[112.76371723,-7.39556127999998],[112.76371804,-7.39556523999993],[112.76368364,-7.39554526999995],[112.76351467,-7.39545215999995],[112.76346927,-7.39542652999997],[112.7634571,-7.39548463999994],[112.76345735,-7.39548511999995],[112.76341914,-7.39578700999992],[112.76334908,-7.39616846999997],[112.76332883,-7.39626067999998],[112.76329866,-7.39651571999996],[112.762436457527983,-7.39639826891596],[112.762375152419281,-7.396327673376457],[112.762148006551001,-7.396250066585878],[112.761488772143025,-7.396123410043424],[112.761420929698673,-7.396178957668445],[112.76086462,-7.39605849999997],[112.760860128,-7.39605759399997],[112.76048503,-7.39598195999996],[112.760039286759209,-7.395902122519076],[112.760037550759208,-7.395901800519096]]]]}},
{"type":"Feature","properties":{"kdkab":"15","kdkec":"130","nmkab":"SIDOARJO","nmkec":"SEDATI","kddesa":"012","kdprov":"35","nmdesa":"PABEAN","nmprov":"JAWA TIMUR","iddesa":"3515130012"},"geometry":{"type":"MultiPolygon","coordinates":[[[[112.74983917,-7.37292059999994],[112.74981824,-7.37293662999994],[112.749677193,-7.373038825],[112.74958717,-7.37310404999996],[112.74928904,-7.37328738999997],[112.74928792,-7.37328603999995],[112.74929862,-7.37324075],[112.74921326,-7.37319302],[112.74921356,-7.37319246999994],[112.74909662,-7.37312485999998],[112.74907081,-7.37311278999993],[112.74876103,-7.37293528999993],[112.74856225,-7.37286425999997],[112.74848622,-7.37282537999994],[112.74806986,-7.37266652999996],[112.747592357,-7.37248671699996],[112.74759141,-7.37248635999995],[112.74734264,-7.37239268999997],[112.74671537,-7.37216271999994],[112.74614911,-7.37194357999992],[112.7460048,-7.37189433999993],[112.74563859,-7.37180169999996],[112.74546813,-7.37177401999995],[112.74526458,-7.37172224999997],[112.74504383,-7.37158615999994],[112.74504211,-7.37158509999995],[112.74504514,-7.37157843999993],[112.74504713,-7.37157793999994],[112.74505068,-7.37157703999996],[112.74518797,-7.37097730999996],[112.74524,-7.37075],[112.74537,-7.37019],[112.74542,-7.36998],[112.74558,-7.36928],[112.74571,-7.36879],[112.74591,-7.36797],[112.74597345,-7.36766020999994],[112.74598559,-7.36760096999993],[112.74596988,-7.36759740999995],[112.74596926,-7.36759726999996],[112.7460052,-7.36753694999996],[112.74610183,-7.36682528999996],[112.746107565,-7.36678304099996],[112.74611122,-7.36675611999996],[112.74611148,-7.36675417999995],[112.74611318,-7.36674167999995],[112.74581366,-7.36649693999991],[112.74574167,-7.36643811999995],[112.74565748,-7.36621662999993],[112.74563378,-7.36617515],[112.7455363,-7.36600452999994],[112.74551692,-7.36578278999995],[112.745527,-7.36568263],[112.745527199,-7.36568065099995],[112.7455683,-7.36527250999993],[112.74556922,-7.36527265999998],[112.74556923,-7.36527251999996],[112.74558067,-7.36516189999996],[112.74552345,-7.36510085999995],[112.74548531,-7.36506461225206],[112.74550819,-7.36504745225214],[112.746025135,-7.3643879132527],[112.74606085,-7.36433965],[112.74608145,-7.3643132899999],[112.74616502,-7.36420637999992],[112.746199104,-7.36420943925286],[112.74730873,-7.36430930999993],[112.74767876,-7.36353301225351],[112.748105669,-7.363594075],[112.748686201,-7.36367710099994],[112.74937248,-7.36377524225327],[112.74973106,-7.36381530999993],[112.750964015,-7.36389988599997],[112.75098229,-7.36390113225312],[112.751055665,-7.3635140612535],[112.75105863,-7.36350075999998],[112.75108189,-7.36350565999993],[112.751148566321746,-7.363520898282695],[112.751461347,-7.36358918799995],[112.75151,-7.3636],[112.75239,-7.3637],[112.752401952,-7.36370179625332],[112.752517173,-7.36371922799997],[112.75325,-7.36382999225318],[112.753429797,-7.36385517199995],[112.75375,-7.3639],[112.75381919,-7.36390972225309],[112.754022213,-7.36393826925312],[112.75403198,-7.36393964999998],[112.754335544,-7.36398234399998],[112.75439,-7.36398999225304],[112.7545469,-7.36401988225301],[112.75479003,-7.36406619225303],[112.75481,-7.36406999225301],[112.755055809,-7.364108184],[112.755489378,-7.36417552625292],[112.75584,-7.36423],[112.75597721,-7.36424789999996],[112.75602,-7.36425347999994],[112.75612918,-7.36426771999993],[112.75619465,-7.36427625999993],[112.75623517,-7.36428154499992],[112.7563,-7.36429],[112.756531507,-7.364325616],[112.756682051787251,-7.363749985224087],[112.75683563958431,-7.36377122037387],[112.757094800311492,-7.363819813010219],[112.757564529129539,-7.363868405646567],[112.758358208856549,-7.363941294601089],[112.758557071,-7.3639695272531],[112.758880755115257,-7.363992700004398],[112.75894581,-7.36400129225303],[112.75943295,-7.36406597225302],[112.759733857,-7.36410815725293],[112.75996286,-7.36414026225293],[112.760093630287002,-7.364158596127521],[112.76095034,-7.36424832225284],[112.761061153,-7.36426064725278],[112.761270999,-7.36428398725276],[112.76134918,-7.36429268225275],[112.761413136,-7.36429979625276],[112.76143459,-7.36430218225276],[112.76153915,-7.36431381225274],[112.76162818033778,-7.364336476797222],[112.761782512039247,-7.364433172809708],[112.761742989429763,-7.364576891389607],[112.761606456778864,-7.365169730531688],[112.76161,-7.36524],[112.761693834,-7.36526682125185],[112.76176283,-7.36528890899992],[112.76186,-7.36532],[112.762011459694136,-7.365369114314757],[112.76222834353743,-7.365439205921545],[112.76256,-7.36556999225156],[112.76263983,-7.36558450999998],[112.76267,-7.36559],[112.762694531,-7.365600328],[112.762846501,-7.36566430825148],[112.76316,-7.36579999225143],[112.76356,-7.36594],[112.76382923,-7.36603231],[112.763863515,-7.36604406399996],[112.76387193,-7.36604694999993],[112.76414,-7.36614],[112.76436,-7.36625999225097],[112.76468123,-7.36640601225083],[112.764679156,-7.36641989825087],[112.76461334,-7.36686056999998],[112.764594717,-7.36698526625031],[112.76452297,-7.36746558224984],[112.76474841,-7.36746516599992],[112.76489068,-7.36746488999995],[112.76622866,-7.36746234999992],[112.766369389879003,-7.36746208038138],[112.76699594,-7.36746087224986],[112.767004122,-7.36743002999998],[112.767119413,-7.36687800825041],[112.76713753,-7.36680793225045],[112.767217469,-7.36667106125056],[112.767907435,-7.36684448325038],[112.769021164,-7.36706904125021],[112.76920891,-7.36711120225018],[112.769495754422564,-7.367158957902313],[112.769616978,-7.36717951125011],[112.770302552,-7.36732425299991],[112.770229193439832,-7.367509446192151],[112.77015877,-7.36768722999997],[112.77010155,-7.36783790999996],[112.77004727,-7.36797105999996],[112.76997948,-7.36813735999994],[112.76994133,-7.36824416999998],[112.76987648,-7.36840438999996],[112.76978111,-7.36862754999992],[112.76973534,-7.36873244999995],[112.76967812,-7.36886214999994],[112.7695713,-7.36911201],[112.76943779,-7.36951446999998],[112.76916695,-7.37013816999996],[112.769090583,-7.37019543699994],[112.76907539,-7.37020682999997],[112.76907255,-7.37020792999995],[112.76906923,-7.37021036999992],[112.768973453,-7.37063266399995],[112.76897303,-7.37063452999996],[112.76890078,-7.37095308999994],[112.76890258,-7.37096088999992],[112.76888328,-7.37100466999996],[112.76873947,-7.37108421999996],[112.76865967,-7.37118188999991],[112.7686345,-7.37125609999991],[112.76859489,-7.37137741999995],[112.76858968,-7.371446528],[112.768587998,-7.37146883099994],[112.76858665,-7.37148670999993],[112.76856803,-7.37157278999997],[112.76853406,-7.37175033999996],[112.76849071,-7.37188627999995],[112.76840713,-7.37212352999995],[112.76841108,-7.37219420699998],[112.768515035505999,-7.37222785638847],[112.768378038780995,-7.37288782856823],[112.768256513598999,-7.37360199001911],[112.768187952234001,-7.37400118056379],[112.76812841,-7.37398770999992],[112.76812796,-7.37399049999992],[112.76789805,-7.37396015999995],[112.76777339,-7.37395540999995],[112.76772084,-7.37395906199995],[112.76758201,-7.37396870999995],[112.76755729,-7.37396792999991],[112.76753252,-7.37397528999998],[112.76731819,-7.37403892999995],[112.76707147,-7.37415463999997],[112.76705485,-7.37416505999994],[112.76667606,-7.37404914999995],[112.76643074,-7.37397944999996],[112.76544007,-7.37373768],[112.76490725,-7.37360764999998],[112.76474979,-7.37357031999995],[112.764735587,-7.37356695299995],[112.76415914,-7.37343029999992],[112.764092135,-7.37341441799994],[112.76408881,-7.37341362999996],[112.76346274,-7.37326521999992],[112.76346276,-7.37326514999996],[112.7634389,-7.37326108999997],[112.76342796,-7.37326037999998],[112.76352426,-7.37266892999997],[112.76352294,-7.37266887999996],[112.76347498,-7.3726671599999],[112.76311962,-7.37265439999994],[112.763018298,-7.37264083799993],[112.763062568857094,-7.372390538080493],[112.763206775,-7.37157522099994],[112.7628427,-7.37111497599995],[112.76284858,-7.37107357999998],[112.76281113,-7.3709982],[112.762812858,-7.37097417699991],[112.76281288,-7.37097386999991],[112.76281137,-7.37097315999995],[112.76281434,-7.37094468999996],[112.76275965,-7.37089846],[112.7626031,-7.37077852999992],[112.762523838,-7.37071693099994],[112.76222131,-7.37048181999997],[112.76216466,-7.37044112999997],[112.76206641,-7.37036471999994],[112.76196858,-7.37032779],[112.76195806,-7.37032256999993],[112.7617174,-7.37037362999993],[112.76145041,-7.37063485999993],[112.761350391828543,-7.370711582982611],[112.761318228831527,-7.370726448711258],[112.76124717,-7.37074765999996],[112.761187,-7.37070537999995],[112.76080503,-7.37040554999994],[112.760641068,-7.37032997499993],[112.76047231,-7.37026551999995],[112.76035435,-7.37025812999996],[112.76026805,-7.37025272999995],[112.76023097,-7.37025098999992],[112.76000968,-7.37024059],[112.759958162,-7.37023817199997],[112.75992168,-7.37023645999993],[112.7597343,-7.37022764999997],[112.759522111,-7.37020675699994],[112.759171832,-7.37017226699994],[112.758972024195344,-7.370152593726926],[112.758824958,-7.37013811699995],[112.758582202,-7.37011421399993],[112.758319689,-7.37008836499995],[112.75816812,-7.37007343999993],[112.75801197498356,-7.37005909608608],[112.757615905,-7.37002271199997],[112.75761523,-7.37002264999995],[112.75748719,-7.37001087999995],[112.75746038,-7.37000715999994],[112.757457063,-7.3700067],[112.7572998,-7.36998490999998],[112.75693388,-7.36993418999998],[112.756930077,-7.36993366299995],[112.7568601,-7.36992395999998],[112.756448846,-7.36986696099996],[112.75638116,-7.36985757999997],[112.75633987,-7.36985531999997],[112.75623112,-7.36984935999994],[112.756119134,-7.36984321899996],[112.756091412,-7.36984169899994],[112.75609106,-7.36984167999996],[112.75596449,-7.36983474999993],[112.755855353,-7.36982371599991],[112.75555047,-7.36979288999994],[112.75548215,-7.36978396499993],[112.755383971,-7.36977114],[112.75510034,-7.36973408999996],[112.755098649,-7.36973386900001],[112.75506557,-7.36972954999993],[112.755009777,-7.36972295199995],[112.754737993,-7.36969080899997],[112.75457439,-7.36967145999993],[112.754511883,-7.36966406899997],[112.754473413,-7.36965951999994],[112.75442749,-7.36965408999991],[112.754404391,-7.36965135599998],[112.75438947,-7.36964958999994],[112.75426472,-7.36963483999992],[112.7537171,-7.36954728999994],[112.75323359,-7.36941239999994],[112.75294845,-7.36933285],[112.75288097,-7.36933509999991],[112.752868149,-7.3693355259999],[112.75284426,-7.36933631999997],[112.75276333,-7.36933900999998],[112.75262183,-7.36936130999992],[112.75254108,-7.36938614999997],[112.75219216,-7.36949346999996],[112.75211126,-7.36957486699992],[112.75209453,-7.36959169999995],[112.75160907,-7.37036235999994],[112.751607763,-7.37036443599995],[112.75153288,-7.37048330999993],[112.75149206,-7.37055737999997],[112.7512095,-7.37097949999998],[112.75104906,-7.37116472999997],[112.75088623,-7.37132740999992],[112.75082277,-7.37143901999998],[112.75079325,-7.37158524999998],[112.75079402,-7.37158735999997],[112.75082173,-7.37170440999996],[112.75093248,-7.37189676999998],[112.75095623,-7.37199256999998],[112.7509506,-7.37199844999998],[112.750925188525756,-7.372044642070101],[112.750910103,-7.37207206399994],[112.75090966,-7.37207286999992],[112.75086169,-7.37216006999993],[112.75023011,-7.37262196999998],[112.750176344,-7.37266268299993],[112.75014151,-7.37268905999998],[112.74983917,-7.37292059999994]]]]}},
{"type":"Feature","properties":{"kdkab":"15","kdkec":"130","nmkab":"SIDOARJO","nmkec":"SEDATI","kddesa":"003","kdprov":"35","nmdesa":"BUNCITAN","nmprov":"JAWA TIMUR","iddesa":"3515130003"},"geometry":{"type":"MultiPolygon","coordinates":[[[[112.78342,-7.40517],[112.78316,-7.40561],[112.78312,-7.40587],[112.78312,-7.40636],[112.78315,-7.40664],[112.78321,-7.40698],[112.7833,-7.40737],[112.78336,-7.4075],[112.78347,-7.40762],[112.78365,-7.40772],[112.78381,-7.40786],[112.7839,-7.40801],[112.78396,-7.4082],[112.78406,-7.4084],[112.7842,-7.40861],[112.78384,-7.40857],[112.78325,-7.40843],[112.78296805,-7.40832684999998],[112.78293018,-7.4083180399999],[112.78269327,-7.40824098999995],[112.78235191,-7.40823593999995],[112.78212773,-7.40830162],[112.78180612,-7.40844372],[112.78158581,-7.40853804999996],[112.78158598,-7.40853881999992],[112.78157133,-7.40854456999996],[112.78133038,-7.40851381999995],[112.78101959,-7.40840771999995],[112.78085405,-7.40836808999993],[112.78082581,-7.40836733999994],[112.78052,-7.40831],[112.77999,-7.40829],[112.779758768,-7.40824870899996],[112.77971,-7.40824],[112.77959,-7.40832],[112.779421733,-7.40833771199993],[112.7794,-7.40834],[112.779357,-7.40832925],[112.77928,-7.40831],[112.77919,-7.40825],[112.779151243,-7.40816473399998],[112.77914,-7.40814],[112.77913379,-7.40814035999995],[112.77913573,-7.40811553],[112.7791522,-7.40790457999998],[112.77914848,-7.40780142999996],[112.77919997,-7.40759182999993],[112.77920472,-7.40756185999994],[112.77933317,-7.40702335999992],[112.77934336,-7.40687683999992],[112.77930515,-7.40678336999996],[112.77910642,-7.40663311],[112.779088573,-7.40653717299992],[112.778950178,-7.40653839899993],[112.778976574,-7.40635118599996],[112.779202784,-7.404746807],[112.779209183,-7.404701421],[112.778366786,-7.40432627299998],[112.778221282,-7.404629612],[112.778116674,-7.40484769399996],[112.77812021,-7.40482650999997],[112.77808977,-7.40465271999997],[112.778050746,-7.40460925],[112.77798733,-7.40453861],[112.77793617,-7.40449639],[112.77785104,-7.40445856],[112.77774046,-7.40443354999996],[112.77752758,-7.40432835999995],[112.77746367,-7.40433060999991],[112.77740602,-7.40428954999995],[112.77735359,-7.40422609999995],[112.77734416,-7.40415094999998],[112.77679564,-7.40405557999997],[112.77679928,-7.40390285999995],[112.77656872,-7.40386839999995],[112.776570018,-7.40384239899987],[112.776593219999981,-7.403377729999883],[112.77643924,-7.40324897999989],[112.77642984,-7.40321658999989],[112.77640055,-7.40301370999991],[112.775986621116743,-7.402960298871459],[112.77597888,-7.40295929999992],[112.77598055,-7.40290590999995],[112.775707474,-7.40248370899995],[112.77566284,-7.40241469999996],[112.77566308,-7.40240889999996],[112.77563223,-7.402385],[112.77560049,-7.40220814999995],[112.77559662,-7.40211888999995],[112.775593501,-7.40204693799995],[112.77559185,-7.40200883999997],[112.77559134,-7.40199690999998],[112.775608483403332,-7.401798253737851],[112.775616143,-7.40170949500001],[112.77563789,-7.4014574999999],[112.775638377,-7.40145185899994],[112.7756509,-7.40130672],[112.775654434,-7.40125139600001],[112.77565649,-7.40121921999997],[112.775664725,-7.40109012199998],[112.775669776,-7.40101094199998],[112.77569652,-7.40059168999998],[112.775717314,-7.40026041799996],[112.77572682,-7.40010897],[112.7757408,-7.39988635],[112.77577359,-7.39899611999994],[112.775779327,-7.39875866899998],[112.77577991,-7.39873453999995],[112.77578111,-7.39868457999992],[112.77579781,-7.39845460999994],[112.77584825,-7.39805147999994],[112.77590939,-7.39708644999996],[112.77593297,-7.39604085999994],[112.775945732,-7.39581826499998],[112.77596939,-7.39540559999995],[112.77576472,-7.39537307999994],[112.77533932,-7.39531722000001],[112.77507251,-7.39527511999996],[112.77482026,-7.39526892999993],[112.77463703,-7.39526003999993],[112.774641,-7.39525534999996],[112.77465702,-7.39523641999995],[112.77475515,-7.39512053999992],[112.77476,-7.39512],[112.77477165,-7.39511138999995],[112.77510752,-7.39509016999995],[112.77531952,-7.39509290999996],[112.77551356,-7.39509931],[112.77568606,-7.39510937999994],[112.77586926,-7.39509788999994],[112.77605243,-7.39508281999998],[112.77646748,-7.3950973],[112.77684122,-7.39511732999994],[112.776903701,-7.39512389999995],[112.77707127,-7.39514151999996],[112.77733356,-7.39514405999993],[112.77762099,-7.39514291999996],[112.77796076,-7.39520073999997],[112.7781978,-7.39520303999995],[112.778209009,-7.39520314699996],[112.77822305,-7.39520327999998],[112.77943949,-7.39526119999995],[112.779831841,-7.39530312899997],[112.7803453,-7.395358],[112.78070086,-7.39532429999996],[112.78095921,-7.39523203999997],[112.780971873,-7.39522751699996],[112.78136102,-7.39508852999994],[112.78136642,-7.39508883999998],[112.781374326,-7.39508927899996],[112.781823091690953,-7.395114217029395],[112.78184258,-7.39511529999994],[112.78186021,-7.39512926999992],[112.78190735,-7.39514014999998],[112.78205122,-7.39517902999997],[112.78216003,-7.39516670999995],[112.782160359,-7.39516667299994],[112.78228107,-7.395153],[112.78255022,-7.39507301999992],[112.78271881,-7.39500419999997],[112.7827727,-7.39500397999995],[112.78283753,-7.39504317999995],[112.78294579,-7.39516110999995],[112.7830216,-7.39525046999991],[112.78310806,-7.39530750999998],[112.78314224,-7.39531992999994],[112.783176255,-7.39533673499995],[112.783228406180015,-7.395362500682385],[112.78325745,-7.39537684999993],[112.7833509,-7.39538723999993],[112.78341201,-7.39539416999997],[112.78353431,-7.39542953999996],[112.78370166,-7.39546060499996],[112.783774537747703,-7.395474380556609],[112.78395863,-7.39551750999994],[112.78406284,-7.39552067999994],[112.78427379,-7.39557635399997],[112.78430382,-7.39558427999996],[112.78441702,-7.39560441099997],[112.78442809,-7.39560637999993],[112.784603323800809,-7.395637546035441],[112.78462921,-7.39564214999997],[112.78478753,-7.39569890999997],[112.78496023,-7.39575919],[112.78498301,-7.39576032999998],[112.7850932,-7.39576582999994],[112.78545375,-7.39583205999995],[112.785460303,-7.39583326299991],[112.78563044,-7.39586450999997],[112.785842408,-7.39590344999991],[112.785847592,-7.39590440199993],[112.78594355,-7.39592202999994],[112.78691807,-7.39612972999997],[112.78742795,-7.39622381999995],[112.787416998,-7.39635874299993],[112.7874157,-7.39637472999993],[112.787813009,-7.39645184899994],[112.78875366,-7.39662761999995],[112.78979035492425,-7.396830415768513],[112.79180492608495,-7.397224501335347],[112.792331559,-7.39732752000001],[112.792413745,-7.39733908699994],[112.792466968,-7.39734657799995],[112.792463415727084,-7.397378043739815],[112.792461619,-7.39739395899993],[112.79243391,-7.39791791199997],[112.792317395,-7.39791938399996],[112.792346075,-7.39828124299992],[112.792364284,-7.39851098299993],[112.792149538,-7.39854779799998],[112.792142015,-7.39854908800001],[112.792085259,-7.39856465899994],[112.79204908,-7.39858289999995],[112.79178139,-7.39871785],[112.79159877,-7.39888369999993],[112.79148084,-7.39901582999998],[112.791426452,-7.39909034700001],[112.79141178,-7.39911045000001],[112.79132079,-7.39923513999998],[112.79127364,-7.39973960999993],[112.791284799,-7.39987236899998],[112.791292508734173,-7.39996408939417],[112.79132295,-7.40032623999997],[112.79132331,-7.40041548999993],[112.79136041,-7.40074558],[112.79135,-7.40075181],[112.79135,-7.40077507999998],[112.79131179,-7.40082307999993],[112.79096995,-7.40097937],[112.79088768,-7.40102862999994],[112.79053967,-7.40119960999995],[112.79026881,-7.40137382799997],[112.79000906,-7.40154089999994],[112.78998266,-7.40155135999994],[112.78966931,-7.40180641999995],[112.7896483,-7.40187462999994],[112.78964257,-7.40210640999993],[112.78961518,-7.40225734999996],[112.78958184,-7.40225818999992],[112.78958198,-7.40226],[112.78955,-7.40226],[112.78926,-7.4023],[112.78901,-7.40231],[112.78878,-7.40226],[112.78878,-7.40208],[112.78875,-7.40194],[112.78868,-7.40189],[112.78854,-7.40188],[112.78823,-7.40184],[112.7877,-7.40168],[112.787483191,-7.40159947099996],[112.786531282,-7.40120387299992],[112.78612,-7.40103],[112.78578,-7.40088],[112.78497753,-7.40043833999995],[112.784529557,-7.40023417299996],[112.78452084,-7.40023019999996],[112.78381015,-7.39990629999994],[112.78329262,-7.39967534999994],[112.78308035,-7.39957780999993],[112.783054367,-7.39956587099992],[112.78208114,-7.39911865999996],[112.782078835,-7.39912028500001],[112.782076634,-7.39912183699993],[112.78207575,-7.39912245999993],[112.78205374,-7.39913796999994],[112.78204298,-7.39914554999994],[112.78206635,-7.3992486],[112.78208201,-7.3993364],[112.78210137,-7.39939361999997],[112.78211302,-7.39943558999992],[112.78215171,-7.39953857999994],[112.7821926,-7.39971604999997],[112.78220423,-7.39975419999996],[112.78222356,-7.39980377999996],[112.78226967,-7.39984943999994],[112.78231576,-7.39989126999995],[112.78234274,-7.39994082999994],[112.78236204,-7.39998276999995],[112.78236091,-7.39998573999996],[112.78241979,-7.4000933],[112.78236519,-7.40020429999995],[112.78216726,-7.40085677999997],[112.78203894,-7.40114647999998],[112.7820717,-7.40123581999997],[112.78236451,-7.40153430999995],[112.78235275,-7.40155875999993],[112.78235301,-7.40155953999995],[112.78234284,-7.40157410999996],[112.78233158,-7.40158269999996],[112.78228446,-7.40160396999996],[112.78225959,-7.40161344999993],[112.782268758,-7.40161960299998],[112.7823053,-7.40164412999994],[112.78235598,-7.40167813999997],[112.78235547,-7.40168037999994],[112.78236187,-7.40169956999995],[112.78236261,-7.40169994999995],[112.78237129,-7.40173158999994],[112.78239232,-7.40178913999997],[112.7823971,-7.40181451999998],[112.7823964,-7.40181494999996],[112.78251859,-7.40230997],[112.78252405,-7.40234888999993],[112.78262302,-7.40251877999997],[112.78272335,-7.40259694999995],[112.78275972,-7.40261389999994],[112.78292,-7.40267],[112.78313,-7.40272],[112.78334,-7.40277],[112.7834,-7.40284],[112.78342,-7.40293],[112.78338,-7.40301],[112.78328,-7.4031],[112.78289,-7.40347],[112.78287,-7.40359],[112.7829,-7.40374],[112.78302,-7.40398],[112.783140274,-7.40416235],[112.78333,-7.40445],[112.78357,-7.40483],[112.78352,-7.40499],[112.78342,-7.40517]]]]}},
{"type":"Feature","properties":{"kdkab":"15","kdkec":"130","nmkab":"SIDOARJO","nmkec":"SEDATI","kddesa":"010","kdprov":"35","nmdesa":"SEDATI AGUNG","nmprov":"JAWA TIMUR","iddesa":"3515130010"},"geometry":{"type":"MultiPolygon","coordinates":[[[[112.754885177,-7.38287740099998],[112.75389324,-7.38273184999997],[112.75277523,-7.38256779999993],[112.7526161,-7.3825684299999],[112.75249183,-7.38258380999995],[112.75237248,-7.38258427999994],[112.75221342,-7.38260475999992],[112.752207775,-7.38260578499995],[112.75198979,-7.38264534999994],[112.75192273,-7.38264801000001],[112.751889749,-7.38263498699997],[112.75183804,-7.38261456999991],[112.75165914,-7.38259741999996],[112.7514268,-7.38263404],[112.7511675,-7.38263505999992],[112.75080983,-7.38263645999996],[112.75070254,-7.38263687999996],[112.75062559,-7.38261947299995],[112.75058619,-7.38261055999995],[112.7506979,-7.38145861999991],[112.75080229,-7.38124813799991],[112.75081327,-7.381226],[112.75084407,-7.38116388999993],[112.750850154,-7.38115162399993],[112.750885809,-7.38027449799996],[112.750883973,-7.38027314099997],[112.750957402,-7.37933946899993],[112.750544887,-7.3793534939999],[112.750543166,-7.37935363399993],[112.75054005,-7.37933517999996],[112.750541183982733,-7.379030918888025],[112.75055954920704,-7.378479033405029],[112.750493570677364,-7.377838483749548],[112.750490478831821,-7.377837730058666],[112.750570571,-7.37739447499994],[112.750673913,-7.37679545599997],[112.750767358,-7.376253811],[112.750790589,-7.37611914899995],[112.750790664,-7.376118715],[112.750908552,-7.37543538699992],[112.750947092,-7.37521198999996],[112.750947971350556,-7.375206892858353],[112.751023376,-7.37476981099995],[112.75109,-7.37479],[112.75127,-7.37483],[112.75137,-7.37485],[112.75185,-7.37499],[112.751916949,-7.37499167399995],[112.75225,-7.375],[112.75225302,-7.37500015999997],[112.75225966,-7.37499594999998],[112.752270031,-7.37498937399993],[112.75230841,-7.37496503999993],[112.75231011,-7.37496435000001],[112.75239592,-7.37490491999995],[112.75247033,-7.37487568999995],[112.75263476,-7.37483074999995],[112.75273296,-7.37482851999991],[112.75285254,-7.37482319999998],[112.75292429,-7.37481965999994],[112.75312624,-7.37483825999993],[112.75323608,-7.37485952000001],[112.75327062,-7.37486925999998],[112.7534904,-7.37497872999995],[112.753498494,-7.37498337599997],[112.75349986,-7.37498415999992],[112.75359983,-7.37504158999995],[112.75374969,-7.37515637999994],[112.75376878,-7.37517787999998],[112.75379,-7.37519],[112.75431,-7.37583],[112.75449,-7.37603],[112.75451904,-7.37605104999997],[112.754706177323527,-7.376186727333058],[112.75483953,-7.3762834099999],[112.754846037,-7.37628812799993],[112.754886325,-7.37631733599992],[112.75489,-7.37632],[112.754999737,-7.37639482100001],[112.75511,-7.37647],[112.75514913,-7.37649200999993],[112.75527,-7.37656],[112.75527044,-7.37656002999992],[112.75535351,-7.37659460999994],[112.75536681,-7.37660228999995],[112.75556523,-7.37665542999996],[112.75565735,-7.37665897999995],[112.75592063,-7.37677181],[112.75626561,-7.37712480999996],[112.7563,-7.37716],[112.75636607,-7.37722765999996],[112.756403933,-7.37726643699995],[112.75641203,-7.37727472999998],[112.756841858518044,-7.377714919094797],[112.756999236,-7.37787608999998],[112.75700278,-7.37787972],[112.75701576,-7.37789301],[112.75713837,-7.37796283999996],[112.75725795,-7.37809393],[112.75736956,-7.37829765999994],[112.75740764,-7.37837206999996],[112.75746788,-7.37850404999995],[112.75752999,-7.37857480999996],[112.757544711,-7.37858800599998],[112.75755017,-7.37859289999996],[112.75756977,-7.37861047999998],[112.757581007995313,-7.378616894649238],[112.75777436,-7.37872725999994],[112.757853185188424,-7.378793476860264],[112.75788508,-7.37882026999994],[112.75795328,-7.37890795999994],[112.758033,-7.3790488],[112.75807109,-7.37914888999993],[112.75813336,-7.37923984000001],[112.75816917,-7.37928196999995],[112.75818209,-7.37929716999996],[112.758224336,-7.37932698799997],[112.75823053,-7.37933136],[112.75828456,-7.37934995999997],[112.75834125,-7.37934641999993],[112.75854498,-7.37929326999995],[112.75864419,-7.37925784000002],[112.75870619,-7.37926403999992],[112.75897104,-7.37946511999996],[112.759001,-7.37948018999997],[112.75901887,-7.37948918999994],[112.75916898,-7.37954178999998],[112.75918983,-7.37954748999992],[112.75920335,-7.37954713999996],[112.75924325,-7.37954859999997],[112.75924853,-7.37954879999998],[112.75934572,-7.37952622999995],[112.759526495660964,-7.37944876005643],[112.75958754,-7.37942259999997],[112.75960193,-7.37942331999992],[112.759640454,-7.37942010799994],[112.75970135,-7.37941502999996],[112.75970978,-7.37941285999994],[112.75977355,-7.37942259999997],[112.75985682,-7.37944739999994],[112.76008712,-7.37958734999994],[112.76024858,-7.37966604999995],[112.76026,-7.37967],[112.7602743,-7.37967396999995],[112.76035994,-7.37972109999991],[112.76043523,-7.37973172999995],[112.76054064,-7.37972287999996],[112.76061947,-7.37968566999997],[112.76070547,-7.37958775999991],[112.76079751,-7.37952091999996],[112.76087192,-7.37948769999997],[112.76096758,-7.37947086999994],[112.760990483,-7.37946788599995],[112.76099053,-7.37946787999992],[112.760990476,-7.37946818999996],[112.7609904,-7.37946862999998],[112.760990466,-7.37946862399995],[112.761020265,-7.37946604899998],[112.76110798,-7.37945846999997],[112.76115404,-7.37946200999995],[112.76134713,-7.37956653999991],[112.76144457,-7.37958601999998],[112.76152783,-7.37958956999994],[112.76169082,-7.37955413999992],[112.76172448,-7.37955590999994],[112.76195124,-7.37964979999997],[112.76223646,-7.37979506999994],[112.762299228,-7.37981568699998],[112.76229936,-7.37981572999998],[112.76259785,-7.37991375999997],[112.76293622,-7.37995981999996],[112.76312755,-7.37995273999996],[112.76319377,-7.37995074999996],[112.76348186,-7.37994210999997],[112.76382199,-7.37989249999989],[112.76414796,-7.37992438999993],[112.7645129,-7.37998461999994],[112.76461565,-7.37998461999994],[112.76470777,-7.38000941999997],[112.764994953,-7.38006129099995],[112.76551206,-7.38015468999991],[112.76557524,-7.38014836999997],[112.76557159,-7.38017168999992],[112.76556848,-7.38019230999992],[112.76555977,-7.38023811999992],[112.76555717,-7.38025174999998],[112.76555616,-7.38025900999998],[112.76555596,-7.38025944999991],[112.76533004,-7.38156114999992],[112.76535842,-7.38170808999996],[112.765359551,-7.38171394599991],[112.76538037,-7.38182177999993],[112.76537,-7.38182],[112.76536573,-7.38184992000002],[112.76535592,-7.3819185699999],[112.765351389,-7.38195028499995],[112.76534,-7.38203],[112.76526,-7.38231],[112.76515,-7.38248],[112.76494,-7.38275],[112.764702949,-7.38295741999995],[112.7647,-7.38296],[112.76451,-7.38313],[112.76439,-7.38328],[112.76434,-7.38333],[112.76417939,-7.38351737999995],[112.7641314,-7.38357336999998],[112.7641,-7.38361],[112.76393,-7.38377],[112.763903496,-7.38379558799996],[112.76390223,-7.38379681],[112.76388539,-7.38381307999992],[112.76374435,-7.38394924999991],[112.763741721,-7.383951789],[112.76364,-7.38405],[112.76351,-7.38419],[112.7634,-7.38432],[112.763372161,-7.38435117999993],[112.76322222,-7.38451910999992],[112.76311441,-7.38468980999997],[112.76296756,-7.38490761999996],[112.76290307,-7.38500325999995],[112.76284679,-7.38512447999992],[112.76275598,-7.38527117999997],[112.76269661,-7.38548963999996],[112.76252815,-7.38601348999993],[112.762499198,-7.38600898600001],[112.76167,-7.38588],[112.761389346798993,-7.385834312269604],[112.76124,-7.38581],[112.76118,-7.38581],[112.761137545215078,-7.38580275443057],[112.760588556,-7.38570901699995],[112.760580873,-7.38570770499997],[112.76046031,-7.38568711999997],[112.760359587030578,-7.385646365845483],[112.760191921554963,-7.385623897882961],[112.760146032395795,-7.385613546305264],[112.760048748483541,-7.385593092641644],[112.760010292380528,-7.385586925354754],[112.7599848126994,-7.385582868249441],[112.759867071066466,-7.385567814593966],[112.759663354662933,-7.385545117259243],[112.758721505747928,-7.385488460368265],[112.758677644434371,-7.385487285511652],[112.758750501289086,-7.384760390427222],[112.758780793940474,-7.384695044850655],[112.758886254459384,-7.384459747293913],[112.758826298,-7.38444869399994],[112.75878216,-7.38444448999997],[112.75670832,-7.38433924000001],[112.756357611,-7.38432143999996],[112.75635504,-7.38432130999995],[112.755999052,-7.38430323999994],[112.75598901,-7.38430272999994],[112.75598652,-7.38430259999994],[112.75597608,-7.38408286],[112.75553373,-7.38403162999996],[112.75556425,-7.38360436999993],[112.75566822,-7.38348481],[112.755697272,-7.38329223199998],[112.75574091,-7.38300295999996],[112.755301954,-7.38293855599995],[112.75529087,-7.38293692999997],[112.754885177,-7.38287740099998]]],[[[112.74876103,-7.37293528999993],[112.74907081,-7.37311278999993],[112.74909662,-7.37312485999998],[112.74921356,-7.37319246999994],[112.74921326,-7.37319302],[112.74929862,-7.37324075],[112.74928792,-7.37328603999995],[112.74928904,-7.37328738999997],[112.74928128,-7.37329215999993],[112.74918622,-7.37335934],[112.74908232,-7.37342712999992],[112.74908105,-7.37342938999998],[112.749076628,-7.37343226299991],[112.74897894,-7.37349573999997],[112.7488659,-7.37362586999996],[112.748861328,-7.37378227899993],[112.748859792,-7.37383484399995],[112.748798422,-7.37380041099993],[112.748661968,-7.37374317099993],[112.748439485,-7.37364984299993],[112.748223266,-7.37357206199994],[112.747812245,-7.37343482399993],[112.7478,-7.37343],[112.74748,-7.37334],[112.74725,-7.37332],[112.74677,-7.37337],[112.74643,-7.37344],[112.74626199,-7.37351905999995],[112.746251874,-7.37352382099993],[112.746114162720573,-7.373588628860146],[112.74604099,-7.37362488999997],[112.74584458,-7.37372465999995],[112.74566856,-7.37381406999996],[112.74546,-7.37392],[112.74531,-7.37392],[112.74506607,-7.37389352999997],[112.74477307,-7.37378964999996],[112.744692407,-7.37376105099998],[112.744613174816308,-7.37373296104801],[112.744568765,-7.37371721699996],[112.74456096,-7.37371444999997],[112.74453746,-7.37370611999996],[112.74453929,-7.37369786999996],[112.74498045,-7.37172079999993],[112.74501067,-7.37165430999994],[112.74501072,-7.37165418999994],[112.74504211,-7.37158509999995],[112.74504383,-7.37158615999994],[112.74526458,-7.37172224999997],[112.74546813,-7.37177401999995],[112.74563859,-7.37180169999996],[112.7460048,-7.37189433999993],[112.74614911,-7.37194357999992],[112.74671537,-7.37216271999994],[112.74734264,-7.37239268999997],[112.74759141,-7.37248635999995],[112.747592357,-7.37248671699996],[112.74806986,-7.37266652999996],[112.74848622,-7.37282537999994],[112.74856225,-7.37286425999997],[112.74876103,-7.37293528999993]]]]}}
]
}
