{
"type": "FeatureCollection",
"name": "kdkec_020",
"crs": { "type": "name", "properties": { "name": "urn:ogc:def:crs:OGC:1.3:CRS84" } },
"xy_coordinate_resolution": 1e-15,
"features": [
{"type":"Feature","properties":{"kdkab":"15","kdkec":"020","nmkab":"SIDOARJO","nmkec":"PRAMBON","kddesa":"009","kdprov":"35","nmdesa":"PEJANGKUNGAN","nmprov":"JAWA TIMUR","iddesa":"3515020009"},"geometry":{"type":"MultiPolygon","coordinates":[[[[112.589374295367861,-7.484423131046016],[112.589346259287183,-7.484420969749856],[112.589312489269858,-7.484420969749856],[112.589245574605883,-7.484424096603313],[112.589063419900995,-7.484438621739473],[112.588998988818545,-7.484442241463205],[112.588964489893556,-7.484445246305417],[112.588912538082639,-7.484450339620212],[112.58886364226062,-7.484453395609089],[112.588824040162635,-7.48445297407488],[112.588774912473383,-7.484458180003822],[112.588731772619226,-7.484467365816751],[112.588683177300027,-7.484476362339691],[112.588602763897768,-7.484493519192677],[112.588500150055225,-7.484520829815852],[112.588373035270493,-7.484584589066325],[112.588206471203804,-7.484658145014314],[112.588079141864426,-7.484704605412201],[112.587989010797628,-7.484720912079701],[112.587917664399697,-7.484700270010794],[112.587822295142971,-7.484657942121727],[112.587466388,-7.48447029399996],[112.587436798456366,-7.484452278721045],[112.58741137,-7.48443841599991],[112.58740388,-7.48443294999994],[112.58715855,-7.48425392],[112.58715209,-7.48424727],[112.58692626,-7.48401479999995],[112.586791318,-7.48382854599992],[112.586671918,-7.48365118499996],[112.586593322,-7.48351303600002],[112.5865332,-7.48336741],[112.586152686,-7.48294601699998],[112.586098315,-7.48290530499998],[112.58603701,-7.48285939899995],[112.585975755,-7.48282691599996],[112.58595449,-7.48281563899993],[112.58593659,-7.48280915599997],[112.585600654,-7.48268748299994],[112.58552034,-7.48265188200001],[112.585424361,-7.48260933899993],[112.585200925,-7.48245643799993],[112.58518921,-7.48245126999994],[112.58483171,-7.48221566999994],[112.58460158,-7.48206401999994],[112.584601602,-7.48206398799996],[112.5849687,-7.48151988999993],[112.5850925,-7.48118492999993],[112.58537287,-7.48044445999994],[112.58538377,-7.48044946999994],[112.58539424,-7.48042601799996],[112.585506616,-7.48017429199995],[112.585692113,-7.47975877399996],[112.585698878,-7.47974361999995],[112.58570049,-7.47974000999993],[112.58574464,-7.47964110999993],[112.58573252,-7.47963698999996],[112.58586438,-7.4792462],[112.58598793,-7.47910434999993],[112.58604272,-7.47903037999993],[112.58617147,-7.47896738000001],[112.58628653,-7.47870438999997],[112.58648103,-7.47852906999994],[112.58657417,-7.47826881999994],[112.58684812,-7.47778119999995],[112.58696043,-7.47762230999995],[112.58694126,-7.47753738999995],[112.58716863,-7.47717851999993],[112.58714398,-7.47697305999998],[112.58720972,-7.47689087999993],[112.58727273,-7.47680046999994],[112.58727547,-7.47665253999998],[112.58731382,-7.47654022999998],[112.587312959,-7.47654005199995],[112.587341922,-7.47634954499994],[112.587434187,-7.47522931999993],[112.587488395,-7.474707376],[112.58740972,-7.47469124599997],[112.587380499,-7.47406396399996],[112.587380031,-7.47405393699993],[112.587315847,-7.47397972299995],[112.587189483,-7.47389949199991],[112.587117275,-7.47383731299997],[112.58709101,-7.47380861599996],[112.58706687,-7.47352990999995],[112.58706037,-7.47345172999993],[112.587357968,-7.47346223399995],[112.587719007,-7.47347025699998],[112.587967723,-7.47347627399994],[112.588072023,-7.47349833799992],[112.588733929,-7.47379118099996],[112.589102465,-7.47393209199991],[112.589415892,-7.47405193099994],[112.589546267,-7.47405594299992],[112.589654167,-7.47404794999996],[112.589654579,-7.47404792000001],[112.589700712,-7.47405193099994],[112.589784954,-7.47408201799992],[112.589925358,-7.47416826599995],[112.590019574,-7.47424481599994],[112.590053728,-7.47427256599997],[112.590075664,-7.47428431799996],[112.590087772,-7.47425639799996],[112.590088107,-7.47425569099991],[112.59010385,-7.47422159999996],[112.59010774,-7.47421328999996],[112.59022138,-7.47397066999997],[112.59024806,-7.47372808999996],[112.59025532,-7.47366964999996],[112.59037159,-7.47334358999997],[112.59045498,-7.47294600999992],[112.59050643,-7.47273741999992],[112.59050651,-7.47273705999995],[112.59055206,-7.47255469999995],[112.59067893,-7.47187361999992],[112.59088239,-7.47073957999994],[112.59095559,-7.47034706999996],[112.59107983,-7.46968012999996],[112.591132386,-7.469631851],[112.591200709,-7.46967489499997],[112.591289048,-7.46970250099997],[112.591348862,-7.469703421],[112.591391191,-7.46968869799998],[112.591446403,-7.469646369],[112.591485052,-7.46957643299991],[112.591503456,-7.46948993399996],[112.591508977,-7.46938134999996],[112.591496094,-7.46927644699997],[112.591440882,-7.46906663999991],[112.591345181,-7.46872064299991],[112.591289969,-7.46838568899993],[112.591264121,-7.46825924699991],[112.591255921,-7.46821913199995],[112.591256841,-7.46815839899994],[112.591257606,-7.46815289499992],[112.591261442,-7.468125271],[112.591282607,-7.468036011],[112.591291501,-7.46800568899994],[112.591761573,-7.46815885899997],[112.592479332,-7.46843676],[112.592892382,-7.46858342299992],[112.593749214,-7.46888765999996],[112.593886324,-7.46892722899998],[112.593945217,-7.46893274999998],[112.594051041,-7.46892446899993],[112.594069933,-7.46892247999993],[112.59413846,-7.46891526599995],[112.594189992,-7.46891158599994],[112.594223108,-7.46891233799994],[112.594230481,-7.46891250599997],[112.594299496,-7.46893274999998],[112.594597642,-7.46905053599995],[112.594706226,-7.46909654699996],[112.594803768,-7.46913335499992],[112.594873703,-7.46916464199994],[112.594912352,-7.46917384399994],[112.594960203,-7.46917752499996],[112.595000691,-7.46914071599997],[112.595076148,-7.46906894099994],[112.595151605,-7.46902661099995],[112.595376135,-7.46888305899997],[112.595411103,-7.46884809199995],[112.595420305,-7.46882600699998],[112.595420305,-7.46870085899996],[112.595431347,-7.468520499],[112.59544423,-7.46845240399995],[112.595460794,-7.46842479799993],[112.595481038,-7.46841743599995],[112.595497602,-7.46841927599998],[112.595527048,-7.468434],[112.595558335,-7.46844872299994],[112.595591463,-7.46845792499996],[112.595619069,-7.46845792499996],[112.595642994,-7.46845792499996],[112.595655877,-7.46845792499996],[112.595677962,-7.46845792499996],[112.595692685,-7.46845976499997],[112.59571477,-7.46846712699993],[112.595733174,-7.46847816999998],[112.595749738,-7.46849473299994],[112.595769982,-7.46851497799998],[112.595793907,-7.46854258399998],[112.595815992,-7.46856466899991],[112.595847279,-7.46858307299994],[112.595880407,-7.46859595599992],[112.595917215,-7.46860147699996],[112.595930098,-7.46860699799995],[112.595959544,-7.46861619999991],[112.596218617,-7.46869708199996],[112.59622,-7.46871],[112.5962351,-7.46875244999996],[112.59628448,-7.46887613999998],[112.59628515,-7.46887768999995],[112.596370563,-7.46899683499995],[112.596373636,-7.46900820699993],[112.596386519,-7.46905053599995],[112.596414125,-7.46908366399998],[112.596449093,-7.46910942999996],[112.596473018,-7.46911863199995],[112.596495103,-7.46911863199995],[112.596535592,-7.46910574899993],[112.596642336,-7.46903581299994],[112.596717792,-7.46900820699993],[112.596793249,-7.46898060099992],[112.596999375,-7.46893274999998],[112.597089555,-7.46892170799992],[112.597144767,-7.46890882499996],[112.597192618,-7.46888305899997],[112.597242309,-7.46886097399995],[112.597280957,-7.46884441099997],[112.597332489,-7.46884072999996],[112.597396903,-7.46884072999996],[112.597442913,-7.46883704899993],[112.597490764,-7.46882600699998],[112.597553338,-7.46881128299998],[112.597626954,-7.46878183699994],[112.597649039,-7.46876527299996],[112.597671124,-7.46874686899998],[112.597706092,-7.46870453999998],[112.597724496,-7.46868981599994],[112.597753942,-7.4686714119999],[112.597761267,-7.46866774999995],[112.597776027,-7.46866036999996],[112.597805474,-7.46865484899998],[112.597842282,-7.46865116799995],[112.5979251,-7.46865484899998],[112.598020801,-7.46866405099998],[112.59806129,-7.46867325299996],[112.598081535,-7.46868061399994],[112.598116503,-7.468695338],[112.598147789,-7.46871190099995],[112.598172635,-7.46873122599994],[112.59819472,-7.46873950699997],[112.598213124,-7.46874502899995],[112.598237969,-7.46874870999995],[112.598253613,-7.46875146999998],[112.598280299,-7.46875331099997],[112.598301464,-7.46875423099993],[112.598320788,-7.46875423099993],[112.598411888,-7.46876251299995],[112.598441335,-7.46876895399996],[112.598468941,-7.46877999599996],[112.598489185,-7.46879011899998],[112.598498387,-7.46879747999996],[112.598510324,-7.46880871499997],[112.598514031,-7.46881220399998],[112.598527834,-7.46882692699993],[112.598585807,-7.46887661799998],[112.59860053,-7.46889042100001],[112.598618014,-7.46889686199997],[112.598636418,-7.46890146299994],[112.598659423,-7.46890330400001],[112.598668694,-7.46890372499997],[112.598679667,-7.46890422400001],[112.598701752,-7.46890422400001],[112.598721997,-7.46890514399996],[112.598745922,-7.46890606399996],[112.598755124,-7.46890698499994],[112.598768007,-7.46890974499997],[112.598774448,-7.46893090999994],[112.598769847,-7.46895023399995],[112.598745922,-7.46900268599997],[112.59869616,-7.46910284899997],[112.59860237,-7.46929162999998],[112.59855636,-7.469413097],[112.598545318,-7.46948671299998],[112.598543477,-7.46952168099991],[112.598543477,-7.46955848899998],[112.598545318,-7.46962290299996],[112.598548998,-7.46968731799993],[112.598539796,-7.46973148699992],[112.59851035,-7.46980326299997],[112.598405447,-7.47006644199995],[112.598379681,-7.47017134499993],[112.598366798,-7.47022287600001],[112.598361277,-7.47025784399992],[112.598361277,-7.47028360999997],[112.598361277,-7.47031857799992],[112.598359436,-7.47035170499993],[112.598354646,-7.47038683399995],[112.598351562,-7.47040945399994],[112.598348394,-7.47043268299997],[112.598342873,-7.47047133199992],[112.598328149,-7.47052102299995],[112.598309745,-7.47056151199993],[112.598296863,-7.47058727699995],[112.598282139,-7.47061488299992],[112.598274778,-7.47063328699995],[112.598254533,-7.47065905299995],[112.598249012,-7.47068665899995],[112.598250852,-7.47071794599997],[112.598260054,-7.47074371199994],[112.598265576,-7.47077131799994],[112.598267416,-7.47080444499992],[112.598263735,-7.47083573199997],[112.598252693,-7.47085965799993],[112.598237969,-7.47089094499993],[112.598169874,-7.47099584799998],[112.59814963,-7.47101977299998],[112.598125705,-7.47104921999993],[112.5981073,-7.47108234699995],[112.598081535,-7.47115780399998],[112.59806129,-7.47122313799998],[112.598043806,-7.47134552499996],[112.598018041,-7.47148815699994],[112.597991355,-7.47164367199996],[112.597981233,-7.47169152199993],[112.597974791,-7.47170716599993],[112.597965589,-7.47171912799994],[112.597965058,-7.47171987199994],[112.597956387,-7.471732011],[112.597948105,-7.47174121299997],[112.597929701,-7.47175409599991],[112.597911297,-7.47178170199996],[112.597895654,-7.4718093079999],[112.59788185,-7.47183415399997],[112.597870808,-7.47185899899997],[112.597867127,-7.47187188199995],[112.597856085,-7.47200071099995],[112.597856085,-7.47203015699997],[112.597852404,-7.47207248699994],[112.597850573,-7.47210911299991],[112.597850564,-7.47210929499995],[112.597850564,-7.47212953900001],[112.597848723,-7.47216450699995],[112.597845042,-7.47219027299994],[112.597837681,-7.47221971899996],[112.597808234,-7.47231173999996],[112.597753706,-7.47243845299993],[112.597711613,-7.47253627000001],[112.597666523,-7.472612646],[112.597646278,-7.47267337999994],[112.597640757,-7.47270098599996],[112.597629715,-7.47275251699994],[112.597572662,-7.47306170599995],[112.597567141,-7.47314084399995],[112.597570822,-7.47317397099996],[112.597576343,-7.47320341700002],[112.597576343,-7.47327335299998],[112.5975653,-7.473297278],[112.597537694,-7.47331936299998],[112.597484322,-7.47337089500001],[112.597465918,-7.47339481999995],[112.597454876,-7.47341322399998],[112.597445674,-7.47344819199996],[112.597440153,-7.47348683999995],[112.597443833,-7.47352180799994],[112.597456716,-7.47355861599993],[112.59747328,-7.47359358399992],[112.597484322,-7.473628552],[112.597508248,-7.47369848699998],[112.597513769,-7.47375369999995],[112.59751745,-7.47378498599994],[112.597508248,-7.47383099699992],[112.597484322,-7.473869645],[112.597458557,-7.47388804900001],[112.597349973,-7.47394510199994],[112.597322366,-7.47395982499996],[112.597300282,-7.47397638899997],[112.597296601,-7.47399111199996],[112.59729476,-7.47401503699995],[112.597298441,-7.47404632399995],[112.597303962,-7.47407577099995],[112.597329728,-7.47416411099996],[112.597331424,-7.47417089299994],[112.59733893,-7.47420091899998],[112.597344451,-7.474235886],[112.597348132,-7.47428005599993],[112.597348132,-7.47434447099993],[112.597353653,-7.47436379499993],[112.597353653,-7.47437759799995],[112.597353653,-7.47439692199992],[112.597353653,-7.47440888499995],[112.597354574,-7.47444201199993],[112.597351813,-7.47445305499998],[112.597342611,-7.47447514000001],[112.597319606,-7.47452022999995],[112.597317752,-7.47452275699991],[112.597309484,-7.47453403299994],[112.597290159,-7.47455243699995],[112.597274516,-7.47455979800001],[112.597270955,-7.47456178599998],[112.597221948,-7.47461524499991],[112.59718016,-7.47466082999997],[112.597176721,-7.47466201199992],[112.597076378,-7.47476884799995],[112.596783438,-7.47555382499992],[112.596761201,-7.47565601799996],[112.596706528488681,-7.476160654324979],[112.596675879938459,-7.476165624360149],[112.596395063388528,-7.476873148280401],[112.59639659030276,-7.476924299225811],[112.596510515911518,-7.477028498485798],[112.596466364199784,-7.477066650006146],[112.59641475936543,-7.477093945991208],[112.596375536440391,-7.477116923415092],[112.596306561507603,-7.47717811176176],[112.596221057561593,-7.477249858091321],[112.596182296355963,-7.477281278769338],[112.596158709246794,-7.477317628234025],[112.596138782480978,-7.477419298957232],[112.596137103480984,-7.477427375957232],[112.596121707435657,-7.477548470636345],[112.596097703429024,-7.477589585260898],[112.596059820840253,-7.47762468403318],[112.596007315518278,-7.477689714100919],[112.595943880137867,-7.477756188729289],[112.595827566279539,-7.477809634231377],[112.595744667942697,-7.477851598311777],[112.595652106,-7.47793438099995],[112.595528406,-7.47802442699994],[112.595430174,-7.47809173399997],[112.595307384,-7.47813266500002],[112.595168222,-7.47816813699995],[112.595041793,-7.47818178099994],[112.594903744,-7.47819464499997],[112.594964853,-7.47835759799994],[112.593940034,-7.47842651299995],[112.593665924,-7.478465671],[112.593530021,-7.47853477399994],[112.593514305,-7.47854704199995],[112.593514232,-7.47854727399993],[112.593498003,-7.47855652499992],[112.593424675,-7.47860642899995],[112.593227096,-7.47880196999994],[112.59322258,-7.47880815400002],[112.593094698,-7.47898325399993],[112.593044828,-7.47906249999994],[112.592964892657378,-7.479189519890663],[112.592946005,-7.47921953299997],[112.592517068,-7.47969547599995],[112.592291317,-7.479861432],[112.592233443,-7.47990807699991],[112.592204938,-7.479946947],[112.592168659,-7.48001000399998],[112.592117695,-7.48010847599995],[112.592065868,-7.480162895],[112.592040818,-7.48018621699992],[112.592039005447745,-7.480187019716479],[112.59195012,-7.48022638399997],[112.591829189,-7.48027648399997],[112.591723806,-7.48030239699995],[112.591589055,-7.48030757999993],[112.591323007,-7.48036804499996],[112.59112779,-7.48044233099996],[112.590694167,-7.48059090399995],[112.590305461,-7.48071183399997],[112.589850733,-7.48079979299998],[112.589862363,-7.48093021199995],[112.589867546,-7.48108396599998],[112.589869273,-7.48115306999991],[112.589877911,-7.48121526299997],[112.589881218,-7.48140542499997],[112.589881366,-7.48141393499996],[112.589874456,-7.48150895199993],[112.589831267,-7.48175081299994],[112.589758708,-7.482077326],[112.589725884,-7.48221898799997],[112.589710336,-7.48236928800001],[112.589677512,-7.48257141499997],[112.589653326,-7.48271998699993],[112.589639035,-7.48277370199996],[112.589603226,-7.48290829399998],[112.589587686,-7.48298806599995],[112.589577312,-7.48304131699993],[112.58947884,-7.48358550599995],[112.589449223,-7.48374230099994],[112.589420102,-7.48389647099995],[112.589402826,-7.48404331499996],[112.589391781,-7.48430595299993],[112.589374295367861,-7.484423131046016]]]]}},
{"type":"Feature","properties":{"kdkab":"15","kdkec":"020","nmkab":"SIDOARJO","nmkec":"PRAMBON","kddesa":"003","kdprov":"35","nmdesa":"GEDANGROWO","nmprov":"JAWA TIMUR","iddesa":"3515020003"},"geometry":{"type":"MultiPolygon","coordinates":[[[[112.57253022,-7.48134233999996],[112.57252993,-7.48134180999992],[112.57242871,-7.48149693999992],[112.5722974,-7.48155854],[112.572235,-7.48143598999998],[112.5722341,-7.48143598999998],[112.572233,-7.48143598999998],[112.572205,-7.48144698999994],[112.57151419,-7.48022864999996],[112.570885,-7.47911898999996],[112.57091177,-7.47906869999997],[112.570951,-7.47899498999992],[112.570597,-7.47836998999997],[112.570325,-7.47812498999994],[112.57005086,-7.47815275999993],[112.569782,-7.47817998999997],[112.56963561,-7.47819084999997],[112.569616075,-7.47819219399996],[112.569401,-7.47820698999995],[112.568749,-7.47812498999994],[112.56843096,-7.47800051999994],[112.568123,-7.47787998999994],[112.56803916,-7.47783815999993],[112.567634,-7.47763598999993],[112.5675734,-7.47759],[112.566846,-7.47703798999992],[112.566302,-7.47657598999998],[112.56589705,-7.47632277999996],[112.56589702,-7.47632275999996],[112.565867,-7.47630398999993],[112.565733369,-7.47625786299992],[112.565773253,-7.47616118400001],[112.565851273,-7.47597206399996],[112.565975191,-7.47567168599995],[112.566141517,-7.47524630399992],[112.566206867,-7.47507916899994],[112.566242002,-7.47494943999992],[112.566340132,-7.47458711399998],[112.566412512,-7.47433474399996],[112.566438951,-7.47423360399994],[112.566586929,-7.47394334099993],[112.566602847,-7.47390245299996],[112.566603874,-7.47389981499997],[112.56669149,-7.47367476099994],[112.56722045,-7.47222114700001],[112.567981486,-7.47015120799997],[112.568420338,-7.470258658],[112.568992175,-7.47042821499996],[112.569306227,-7.46963601199997],[112.569784378,-7.46834868299995],[112.570975511,-7.46821853599995],[112.571145268,-7.467655506],[112.571313611,-7.46707550099995],[112.571390002,-7.46677276599994],[112.571464978,-7.46643183600001],[112.571515966,-7.46624828200001],[112.571526267,-7.46621119699996],[112.571532174,-7.46622317599995],[112.571563682,-7.46625298099998],[112.571584516,-7.46627268799997],[112.571709005,-7.46628966399996],[112.571779737,-7.46628259099997],[112.571853299,-7.46626844399995],[112.572064082,-7.46616376099996],[112.572458768,-7.46592044099998],[112.572532248,-7.46590099099994],[112.572603062,-7.465882246],[112.572655404,-7.465882246],[112.57271199,-7.46589922199997],[112.572765747,-7.46593458799994],[112.57287043,-7.46607746699996],[112.572904382,-7.46615102899993],[112.57291287,-7.46618639499996],[112.572902967,-7.46625005399994],[112.572861943,-7.46631371299998],[112.572844967,-7.46636746999997],[112.572847796,-7.46640707999996],[112.572883162,-7.466480642],[112.5729737,-7.46662069199994],[112.573019912,-7.46667203799994],[112.573024627,-7.46667727799995],[112.573064237,-7.46670274099994],[112.573127896,-7.46670274099994],[112.573207117,-7.46667161899992],[112.573307556,-7.46657117899996],[112.573379703,-7.46644668999993],[112.573464582,-7.46626420099993],[112.573502778,-7.46619629699998],[112.573580583,-7.46609868699995],[112.573631511,-7.466049174],[112.573686682,-7.46603078399996],[112.573715784,-7.46602792099993],[112.573772975,-7.46602229599998],[112.57389605,-7.46603785699995],[112.574020539,-7.46608453999994],[112.574150686,-7.46614254099997],[112.574251126,-7.46620478499993],[112.574375615,-7.46631937199995],[112.574484543,-7.466468617],[112.574549617,-7.46653015399993],[112.574614691,-7.46656622799996],[112.574695637,-7.466593399],[112.574715838,-7.46660017899995],[112.574801424,-7.46660442299996],[112.574870034,-7.46660230099997],[112.574949962,-7.46657612999996],[112.575000182,-7.46655278899994],[112.575046865,-7.46651742199998],[112.575061719,-7.46650327599996],[112.575090719,-7.46647286099993],[112.57511689,-7.46644810499993],[112.575143525,-7.46643509199993],[112.57512748,-7.46649293999994],[112.5751038,-7.46662255],[112.57510334,-7.46662360999996],[112.57510285,-7.46662638999991],[112.57501013,-7.46684173999995],[112.57500129,-7.46686811999998],[112.57499808,-7.46687847999994],[112.57494084,-7.46705088999993],[112.57492591,-7.46709461999997],[112.57488025,-7.46727769999995],[112.57483754,-7.46745087999994],[112.57483678,-7.46745337999998],[112.57483665,-7.46745391999998],[112.57468975,-7.46794546999994],[112.57458858,-7.46830369999997],[112.57453653,-7.46852294999998],[112.57449879,-7.46867184999997],[112.57449201,-7.46869976999994],[112.57448708,-7.46871804999995],[112.57446038,-7.46882342999991],[112.57441004,-7.46914216999995],[112.5743568,-7.46934628999996],[112.57435203,-7.469365],[112.5743513,-7.46936734999998],[112.57435004,-7.46937216999995],[112.5733645,-7.47254604999994],[112.573375168,-7.47254805599994],[112.573619514,-7.472635322],[112.574173108,-7.47277973799991],[112.574469962,-7.47283589899996],[112.574811947,-7.47286799199995],[112.574885157,-7.47285194599992],[112.574967394,-7.472857963],[112.575094761,-7.47288303499994],[112.575244191,-7.47289607299997],[112.5753515,-7.47289105799996],[112.57544176,-7.47286197499998],[112.575446798,-7.47284533999992],[112.57546816,-7.472774816],[112.57638639,-7.46941427999996],[112.57641832,-7.46942433999997],[112.57989798,-7.47046089899992],[112.580134518,-7.47052524799993],[112.580117461,-7.47058873899993],[112.58010208,-7.47064598799994],[112.57967418,-7.47202474999993],[112.57937731,-7.47266797999992],[112.578860136,-7.47353178099995],[112.578664258,-7.47391066299997],[112.579662409,-7.47422439599998],[112.580392511,-7.47444603399989],[112.58101576,-7.47463780299997],[112.580885405,-7.47506239199994],[112.580531411,-7.47631290799996],[112.580480765,-7.47641319699998],[112.580467782,-7.47642265899998],[112.58045118,-7.476434759],[112.580424583,-7.47643808399997],[112.579906111,-7.47629184799996],[112.579779747,-7.47626577299996],[112.579707539,-7.47628582999992],[112.579667424,-7.476350015],[112.579231576,-7.47745439499995],[112.57915951,-7.47762289999998],[112.57910642,-7.47780238999994],[112.57907671,-7.47789157999993],[112.57907637,-7.47789148999992],[112.579075374,-7.47789445899996],[112.57905264,-7.47788833999992],[112.57905223,-7.47788990999996],[112.57823271,-7.47760830999993],[112.578232692,-7.47760838999995],[112.5781357,-7.4780314399999],[112.57812328,-7.47808778999998],[112.57810851,-7.47815198999996],[112.5780762,-7.47814878999995],[112.57785684,-7.47812608999992],[112.57764141,-7.47810578999997],[112.57759573,-7.47810126999996],[112.57751101,-7.47850580399996],[112.577923094,-7.47857929699995],[112.577846631,-7.47916459299998],[112.577842503,-7.47920724699996],[112.57784246,-7.47920768999997],[112.57811773,-7.47926608099993],[112.578267877,-7.47929805699995],[112.578380487,-7.4793328129999],[112.578520903,-7.47940232599996],[112.578577164,-7.47944979599994],[112.578521337,-7.47943817899991],[112.578394824,-7.47942705699991],[112.578257189,-7.47944791099995],[112.578089842,-7.47950039299995],[112.578022237,-7.47952159399997],[112.577847065,-7.47959249699992],[112.57751273,-7.47976954599995],[112.577282623,-7.47989140099995],[112.57682384,-7.48009854899991],[112.576572204,-7.48014998799994],[112.576417886,-7.48015276900001],[112.576265091,-7.48013336599994],[112.576242714,-7.48013052399995],[112.575872907,-7.48006240199995],[112.575616677,-7.47998936499993],[112.575517132,-7.47996098999995],[112.575277879,-7.47989279099997],[112.574855808,-7.47980541999992],[112.57472775,-7.47979379000001],[112.57466057,-7.47978332999998],[112.57431581,-7.47972972000001],[112.57429795,-7.47972691999993],[112.57382488,-7.47958476999998],[112.573787785,-7.479573622],[112.5737764,-7.47957019999996],[112.57335574,-7.47943319999996],[112.573355717,-7.47943325199996],[112.57335343,-7.47943855999995],[112.57332828,-7.47949679999996],[112.5733241,-7.47950645999995],[112.57331113,-7.47953737999996],[112.57327568,-7.47962741999991],[112.57326383,-7.47965915000001],[112.57325795,-7.47967860999995],[112.57323698,-7.47975037999994],[112.57321456,-7.47982212999995],[112.57321405,-7.47982381999998],[112.57315661,-7.48001530999991],[112.57315654,-7.48001552999992],[112.57311448,-7.48017997999998],[112.57306119,-7.48029720999994],[112.57299552,-7.48046470999998],[112.57289316,-7.48065640999997],[112.57287657,-7.48068691999993],[112.57285658,-7.48074232999993],[112.57284257,-7.48078122999996],[112.57275527,-7.48092925999992],[112.57274418,-7.48095005999994],[112.57268556,-7.48106078999995],[112.572647955,-7.48112214899992],[112.5726128,-7.48117950999992],[112.57255152,-7.48130970999992],[112.57253022,-7.48134233999996]]]]}},
{"type":"Feature","properties":{"kdkab":"15","kdkec":"020","nmkab":"SIDOARJO","nmkec":"PRAMBON","kddesa":"001","kdprov":"35","nmdesa":"PRAMBON","nmprov":"JAWA TIMUR","iddesa":"3515020001"},"geometry":{"type":"MultiPolygon","coordinates":[[[[112.554779,-7.47504298999998],[112.554184,-7.47490198999997],[112.553657,-7.47476098999995],[112.5532,-7.47461998999995],[112.55276827,-7.47444898999993],[112.552605,-7.47438399000001],[112.551887,-7.47409998999998],[112.55172156,-7.47403172999998],[112.55160293,-7.47398278999998],[112.55153024,-7.47395279999994],[112.55131525,-7.47386392999997],[112.55128931,-7.47385423999998],[112.55110891,-7.47378683999994],[112.55062096,-7.47360452999989],[112.5502386,-7.47349742999997],[112.549782,-7.47336898999994],[112.54977166,-7.47336707999993],[112.54859633,-7.47314992],[112.54850537,-7.47313310999995],[112.548393,-7.47311198999996],[112.547417,-7.47287798999996],[112.54689,-7.47283198999998],[112.546196,-7.47281098999996],[112.54613914,-7.4728143799999],[112.5460051,-7.47282133999993],[112.545723,-7.47283598999998],[112.54572132,-7.47283587999996],[112.545051,-7.47279098999998],[112.54417407,-7.47269982999993],[112.544166,-7.47269899],[112.5441205,-7.47269247000001],[112.543549,-7.47260598999996],[112.54321328,-7.47249639999997],[112.54311364,-7.47246394999997],[112.5430663,-7.47245122999996],[112.542272658,-7.47223906899998],[112.542273426,-7.47223726499993],[112.54221,-7.47221898999996],[112.54220844,-7.47221820999995],[112.542206,-7.47221698999995],[112.541519,-7.47201698999992],[112.54142256,-7.47196594999998],[112.54093928,-7.47170958999992],[112.54063895,-7.47155996999991],[112.540413,-7.47144698999992],[112.540176,-7.47133098999993],[112.539482,-7.47097698999993],[112.539024,-7.47081098999995],[112.538666,-7.47071698999995],[112.53866469,-7.47071700999992],[112.53830258,-7.47061194999996],[112.53812334,-7.47054781999997],[112.5377217,-7.47040410999996],[112.53767497,-7.47040815999997],[112.537675003,-7.47040767699995],[112.537626124,-7.47041102499997],[112.537710462,-7.46957152199993],[112.537801719,-7.46866314799994],[112.537808476,-7.468605306],[112.537818393,-7.46852040499992],[112.537948983,-7.46740247399994],[112.537985704,-7.46710462899995],[112.538004443,-7.46695263199996],[112.53819315,-7.46699897999997],[112.53846946,-7.46665454000001],[112.53873819,-7.46640472999994],[112.53896908,-7.46618140999996],[112.53912805,-7.46615113999997],[112.53925295,-7.46617762999994],[112.539393,-7.46623440999996],[112.53950277,-7.46634416999995],[112.53960118,-7.46647664999991],[112.5397223,-7.4665258499999],[112.53980557,-7.46657505999994],[112.53986991,-7.46665075999993],[112.54003267,-7.46673780999991],[112.54022192,-7.46679836999991],[112.54037592,-7.46680898999993],[112.540376025,-7.46680899699995],[112.540393597,-7.46681020899995],[112.5405038,-7.46673643599997],[112.540649906,-7.46667924099996],[112.540817295,-7.46661371599993],[112.541341646,-7.46648876399995],[112.541535768,-7.46649099599996],[112.541611631,-7.46650215199996],[112.541669644,-7.46652781199995],[112.541731005,-7.46657243699997],[112.541798876,-7.46658963099997],[112.541929589,-7.46658777699998],[112.542339029,-7.46656211799997],[112.542672862,-7.46647756099996],[112.54265987,-7.46650988999997],[112.54251538,-7.46684973999997],[112.542449298252407,-7.466920063999265],[112.542353737,-7.46702175999995],[112.542270975,-7.46709762499997],[112.542172798,-7.467210305],[112.542135982,-7.46737318799996],[112.542124826,-7.46788415199995],[112.542129288,-7.46795778399994],[112.542157179,-7.46808831399992],[112.542154948,-7.46816640899994],[112.542140917,-7.46823818399996],[112.542125941,-7.46831478899996],[112.542108091,-7.46847097899997],[112.542127057,-7.46853010699994],[112.542172798,-7.46860262399996],[112.542307791,-7.46871530399994],[112.542486416,-7.46884692199994],[112.542830615,-7.46857197099998],[112.54283398,-7.46857093999996],[112.54293383,-7.46857512],[112.54298171,-7.46857712999998],[112.543033334,-7.468579291],[112.54326382,-7.46858893999996],[112.54355038,-7.46860093999994],[112.54423445,-7.46869602999994],[112.54473597,-7.46872676999989],[112.54591493,-7.46882013999995],[112.54646863,-7.46887668999997],[112.54665111,-7.46892154999994],[112.54668276,-7.46866147],[112.546737679948436,-7.468652839768749],[112.54709951,-7.46866000999997],[112.54730157,-7.46871779],[112.5476076,-7.46871021999997],[112.54792023,-7.46872861999995],[112.54831751,-7.46874672999997],[112.54889061,-7.46876421999997],[112.54927254,-7.46876933999994],[112.54935,-7.46827],[112.54944583,-7.46748905999995],[112.54954176,-7.46682291999998],[112.54988282,-7.46689752999994],[112.55050633,-7.46697746999995],[112.55133768,-7.46710003999997],[112.55209975,-7.46724391999993],[112.55257404,-7.46730786999993],[112.553817331,-7.46752396699997],[112.554533241,-7.46583343899997],[112.554805457,-7.46518190499998],[112.554839357,-7.46515444100001],[112.554981729,-7.465039103],[112.556494537,-7.46381636099993],[112.556579326,-7.46377396599998],[112.556702046,-7.46374719099991],[112.556803569,-7.4637193],[112.556832576,-7.46370256499996],[112.556851673,-7.46367272699997],[112.556868277,-7.46364678299993],[112.556879433,-7.46357203499997],[112.556881304,-7.46354303399993],[112.556886127,-7.46346828099998],[112.55690844,-7.463430349],[112.556940793,-7.46339911099995],[112.55698765,-7.46338572299995],[112.557036738,-7.46337679799996],[112.557130452,-7.46337233599996],[112.557346886,-7.46338906999994],[112.557423866,-7.46338126099996],[112.557479648,-7.46335560099992],[112.557611293,-7.46326300299995],[112.557708354,-7.46320164299993],[112.557799836,-7.46318156099993],[112.557903591,-7.46316817399996],[112.557963836,-7.46315366999996],[112.558062012,-7.46311462299998],[112.558147916,-7.46306330299996],[112.558367697,-7.46296401099994],[112.558690118,-7.46286471900001],[112.558926939,-7.4627617969999],[112.558929631,-7.462760627],[112.558954524,-7.46274980799992],[112.559034851,-7.46269291099997],[112.559116292,-7.46262374099997],[112.559210006,-7.46251887099993],[112.559255747,-7.46249878899994],[112.559290332,-7.46249990499996],[112.559340536,-7.46252667999997],[112.559404128,-7.46259250299995],[112.559446522,-7.46263154999997],[112.559491147,-7.46265497899996],[112.559542467,-7.46269402599998],[112.559579765,-7.46272931299992],[112.559576797,-7.46273984199997],[112.5595767,-7.46274018899995],[112.559576549,-7.46274078999991],[112.55956028,-7.46280585999996],[112.55955039,-7.46284702999996],[112.55940888,-7.46299980999995],[112.55935928,-7.46313788999994],[112.55934197,-7.46318642999996],[112.5593149,-7.46324593000002],[112.55936283,-7.46331103999995],[112.55938015,-7.46333412999994],[112.55934816,-7.46349090999996],[112.5593377,-7.46354310999993],[112.55930634,-7.46375784999996],[112.55930186,-7.46378540999993],[112.55929407,-7.46383806999997],[112.55922782,-7.46424128999996],[112.5592529,-7.46424051999997],[112.55941134,-7.46423294999994],[112.55961927,-7.46422859999997],[112.55973081,-7.46422342999993],[112.55983234,-7.46421696999993],[112.560005,-7.46422860999998],[112.56035816,-7.4642385999999],[112.56055387,-7.46422741999995],[112.5607,-7.46424],[112.560699853,-7.46424074299993],[112.56064238,-7.46453138999994],[112.56054112,-7.46497370999996],[112.56028,-7.46586],[112.5602,-7.46617],[112.56017,-7.46627],[112.559891159,-7.46724594399996],[112.55987,-7.46732],[112.55986513,-7.46733580999992],[112.55983,-7.46745],[112.55972,-7.46773],[112.55948,-7.46834],[112.55937404,-7.46861883999995],[112.559376925,-7.46861948599996],[112.55943646,-7.46863280999997],[112.55977905,-7.46870943999992],[112.56023,-7.46884],[112.56073,-7.46899],[112.5610314,-7.46908247999994],[112.561032,-7.46908263999994],[112.56184144,-7.46929564999992],[112.56188031,-7.46930618999995],[112.56189429,-7.46930986999993],[112.562250648,-7.46940604799995],[112.56247141,-7.46946562999996],[112.56247703171087,-7.469467026321234],[112.56250382,-7.46947367999995],[112.562596408,-7.46950922599995],[112.56277159,-7.46957647999997],[112.563041133,-7.46965476899992],[112.563134833,-7.46967854399997],[112.562897172,-7.4703929409999],[112.562792488,-7.47070699299996],[112.562706195,-7.47100548299995],[112.562588779,-7.47143553599993],[112.562460046,-7.47186558899998],[112.562370923,-7.47215417699994],[112.562301605,-7.47221783599995],[112.56218419,-7.47228715399997],[112.56196209,-7.47233100799995],[112.561772272,-7.47232874799993],[112.56177144,-7.47232957999993],[112.56167244,-7.4725834399999],[112.561645675,-7.47272753999991],[112.561634260723309,-7.472788991255265],[112.56161908,-7.47287071999992],[112.56161967,-7.47287407999996],[112.561617519,-7.47288018599997],[112.5616119,-7.47289613999995],[112.56153581,-7.47311214999996],[112.56146941,-7.47324125999994],[112.561457292,-7.47326482200001],[112.56143719,-7.47330390999994],[112.56132213,-7.47364634999998],[112.561111361,-7.47406035099994],[112.56110119,-7.47408032999996],[112.56108693,-7.47415763],[112.56108284,-7.47417977999995],[112.561074317,-7.47422241199995],[112.561260925622591,-7.474244129451605],[112.561308009,-7.47424960899997],[112.561318279,-7.47417463699998],[112.561767086,-7.47424139299994],[112.561548194,-7.47490631599993],[112.561481803,-7.47510798999997],[112.561409,-7.47510798999997],[112.560893,-7.47527098999998],[112.56086437,-7.47527204999995],[112.56081492,-7.47551928999995],[112.56081483,-7.47551972],[112.56021794,-7.47564901999996],[112.56021023,-7.47564941999998],[112.560211,-7.47565198999997],[112.56021,-7.47565258999996],[112.56022,-7.47585998999995],[112.560036926,-7.475872554],[112.560003751,-7.47587483099997],[112.559128,-7.47547898999994],[112.55875507,-7.47540846999995],[112.558266,-7.475316],[112.55826561,-7.47531589999991],[112.5576845,-7.47525548999993],[112.55759415,-7.47524608999993],[112.55738061,-7.47522388999993],[112.55678553,-7.47517855999994],[112.55594627,-7.47515759],[112.555711466,-7.47515829799994],[112.55547896,-7.475159],[112.55547301,-7.47515898999997],[112.555069,-7.47511299000001],[112.554900928333737,-7.4750724209771],[112.554779,-7.47504298999998]]]]}},
{"type":"Feature","properties":{"kdkab":"15","kdkec":"020","nmkab":"SIDOARJO","nmkec":"PRAMBON","kddesa":"010","kdprov":"35","nmdesa":"KEDUNGSUGO","nmprov":"JAWA TIMUR","iddesa":"3515020010"},"geometry":{"type":"MultiPolygon","coordinates":[[[[112.58706687,-7.47352990999995],[112.58709101,-7.47380861599996],[112.587117275,-7.47383731299997],[112.587189483,-7.47389949199991],[112.587315847,-7.47397972299995],[112.587380031,-7.47405393699993],[112.587380499,-7.47406396399996],[112.58740972,-7.47469124599997],[112.587488395,-7.474707376],[112.587434187,-7.47522931999993],[112.587341922,-7.47634954499994],[112.587312959,-7.47654005199995],[112.58724809,-7.47652660999995],[112.587222965,-7.47652140299992],[112.587052495,-7.47645882999998],[112.586219942,-7.47615323],[112.584723635,-7.47560766],[112.584397325,-7.47545644299992],[112.58436,-7.47545],[112.5842,-7.47538],[112.58387132,-7.47523875999996],[112.583718781,-7.47517042999993],[112.58371791,-7.47517003999998],[112.583698851,-7.47516063699992],[112.583068702,-7.47494593099996],[112.581156209,-7.47428266499997],[112.58112803,-7.47427211999998],[112.581064499,-7.47447905199997],[112.58101576,-7.47463780299997],[112.580392511,-7.47444603399989],[112.579662409,-7.47422439599998],[112.578664258,-7.47391066299997],[112.578860136,-7.47353178099995],[112.57937731,-7.47266797999992],[112.57967418,-7.47202474999993],[112.58010208,-7.47064598799994],[112.580117461,-7.47058873899993],[112.580134518,-7.47052524799993],[112.57989798,-7.47046089899992],[112.57641832,-7.46942433999997],[112.57638639,-7.46941427999996],[112.57546816,-7.472774816],[112.575446798,-7.47284533999992],[112.57544176,-7.47286197499998],[112.5753515,-7.47289105799996],[112.575244191,-7.47289607299997],[112.575094761,-7.47288303499994],[112.574967394,-7.472857963],[112.574885157,-7.47285194599992],[112.574811947,-7.47286799199995],[112.574469962,-7.47283589899996],[112.574173108,-7.47277973799991],[112.573619514,-7.472635322],[112.573375168,-7.47254805599994],[112.5733645,-7.47254604999994],[112.57435004,-7.46937216999995],[112.5743513,-7.46936734999998],[112.57435203,-7.469365],[112.5743568,-7.46934628999996],[112.57441004,-7.46914216999995],[112.57446038,-7.46882342999991],[112.57448708,-7.46871804999995],[112.57449201,-7.46869976999994],[112.57449879,-7.46867184999997],[112.57453653,-7.46852294999998],[112.57458858,-7.46830369999997],[112.57468975,-7.46794546999994],[112.57483665,-7.46745391999998],[112.57483678,-7.46745337999998],[112.57483754,-7.46745087999994],[112.57488025,-7.46727769999995],[112.57492591,-7.46709461999997],[112.57494084,-7.46705088999993],[112.57499808,-7.46687847999994],[112.57500129,-7.46686811999998],[112.57501013,-7.46684173999995],[112.57510285,-7.46662638999991],[112.57510334,-7.46662360999996],[112.5751038,-7.46662255],[112.57512748,-7.46649293999994],[112.575143525,-7.46643509199993],[112.57520955,-7.46640283599991],[112.575277581,-7.466384411],[112.575379307,-7.46635686],[112.575430942,-7.46634624999997],[112.575435186,-7.46634483499997],[112.575477625,-7.46633846999991],[112.575536333,-7.46633634799996],[112.575622627,-7.46634766499996],[112.575675676,-7.46636393299994],[112.575761262,-7.46639929899996],[112.575890702,-7.46645588499996],[112.575920612,-7.46647062399995],[112.575988313,-7.46650398299996],[112.576066826,-7.46654217899991],[112.576097948,-7.46654571499991],[112.576127656,-7.46654783699997],[112.57615029,-7.46654571499991],[112.576169786,-7.46654071599993],[112.576177876,-7.46653864199991],[112.576208291,-7.46653227599997],[112.576237998,-7.46653510499992],[112.576268294,-7.466550253],[112.576268697,-7.46654756699993],[112.576846535,-7.46269682699993],[112.576842285305986,-7.462607759416237],[112.576912223970737,-7.462561829546857],[112.576960241561451,-7.462535733030164],[112.577024960922842,-7.462522162841483],[112.577071934652892,-7.462521118980816],[112.577205026888024,-7.462540952333502],[112.577627790458436,-7.462632812072262],[112.577704532518595,-7.462650807740486],[112.577782281837258,-7.462669347195632],[112.577850654711,-7.462688136687651],[112.577911198629721,-7.462705882319003],[112.577972786409106,-7.462723106020021],[112.578092308455581,-7.462750246397384],[112.57820597,-7.46277317999994],[112.578236883157999,-7.462788869242088],[112.57839,-7.46278],[112.578417992983844,-7.462778952565745],[112.578432607033193,-7.462750768327716],[112.578442001779209,-7.462626548908257],[112.578456093898225,-7.462519031259481],[112.578467576365568,-7.4624391759184],[112.578472795668901,-7.462388026745681],[112.578482451380083,-7.462300342449589],[112.57851,-7.46216],[112.57851,-7.46215616399997],[112.57851,-7.46212818000001],[112.57851,-7.462118],[112.57851,-7.46209],[112.57851062,-7.46208214999997],[112.57851101,-7.46205961999995],[112.578515072025994,-7.462007800497456],[112.578759335422248,-7.462010932079459],[112.578901300473063,-7.462013019800795],[112.579009861982499,-7.462006756636788],[112.579057879573213,-7.461996318030111],[112.579066664,-7.46164191399994],[112.579060157,-7.46092477699998],[112.579057149,-7.46077302099994],[112.579049885,-7.46040661699993],[112.579103758,-7.45858228799995],[112.579108722,-7.45842453499996],[112.579776602,-7.45844717499996],[112.580355778,-7.458482316],[112.581114563,-7.45852916999997],[112.582134953,-7.458590342],[112.582503283,-7.45862418099995],[112.582562872,-7.45863036799997],[112.582675003,-7.45864200999994],[112.582740395,-7.45846828799993],[112.582844381,-7.45829721399994],[112.582956953,-7.45819198299996],[112.58307877,-7.45815745999992],[112.58353181,-7.45803420999996],[112.58359935,-7.45801396999997],[112.58363733,-7.45800370999993],[112.58365315,-7.45799784999995],[112.58366747,-7.45799355999996],[112.583944495,-7.45789123699993],[112.584153587,-7.45782135599995],[112.584489277,-7.45765010499998],[112.585064329,-7.45722003299992],[112.585064551,-7.45722004999996],[112.585067345,-7.45722025799994],[112.585094777,-7.457222309],[112.585168441,-7.45722781699995],[112.58589431,-7.45730468499993],[112.586447956,-7.45735820099998],[112.586587097,-7.45737863399995],[112.586650343,-7.45738933699995],[112.586690236,-7.45740003999991],[112.586726238,-7.45741366299998],[112.586756401,-7.45743506899992],[112.586809917,-7.45748566599997],[112.586875109,-7.45755085799991],[112.586942247,-7.45764134799998],[112.586967546,-7.45767345799996],[112.586992844,-7.45770362099997],[112.587011331,-7.45774351499995],[112.587045387,-7.45779216499993],[112.587171879,-7.45792546799992],[112.587258477,-7.45800330999997],[112.587367455,-7.45808017799996],[112.587511461,-7.45814634299997],[112.587814905,-7.45825113099995],[112.587926279,-7.45828959199996],[112.588011591,-7.458319053],[112.588215924,-7.45837354199998],[112.58822075,-7.45837359499995],[112.58820461,-7.45842016699993],[112.587673215,-7.45995353199991],[112.587592221,-7.46018724199996],[112.587114035,-7.46155842699998],[112.587177474,-7.46159324799993],[112.58732148,-7.46162633099993],[112.587518029,-7.46164189899996],[112.587654251,-7.46164189899996],[112.587689438,-7.46163938499995],[112.587763229,-7.46163411499997],[112.587868314,-7.46158740999993],[112.587967562,-7.46153875899996],[112.588010374,-7.46152319099997],[112.588074593,-7.46151346099996],[112.588131028,-7.46151735299996],[112.588152435,-7.46152319099997],[112.588183571,-7.46152319099997],[112.588206923,-7.46152124500001],[112.588261412,-7.46151151499991],[112.588265304,-7.46150956899989],[112.588341199,-7.46149789299995],[112.588382066,-7.46149400099995],[112.588469637,-7.46149789299995],[112.58850272,-7.46149789299995],[112.588545533,-7.46149010799997],[112.588566939,-7.46148426999998],[112.588687593,-7.46146091799995],[112.588731952,-7.46145519399994],[112.58884281,-7.46147002999992],[112.58887155,-7.46147348999992],[112.5889735,-7.4614875199999],[112.589185445,-7.46151588099996],[112.589255833,-7.46154751599993],[112.589291835,-7.46157476099997],[112.589304484,-7.46159032899993],[112.589332702,-7.46161757299997],[112.589352162,-7.46162341199992],[112.589385244,-7.46162827699992],[112.589411516,-7.46163216899996],[112.589441679,-7.46163606099996],[112.589477681,-7.46163703399997],[112.589505898,-7.46163800699998],[112.589542873,-7.46164189899996],[112.589562333,-7.46164481799996],[112.589585686,-7.46164870999995],[112.589607092,-7.46165260199996],[112.589622387,-7.46165677299994],[112.58962574,-7.46165847000001],[112.589640177129553,-7.461665779715695],[112.589692079643115,-7.461668154332852],[112.589729658627149,-7.461674939427191],[112.589776632357186,-7.461707821038219],[112.589812123619879,-7.461736527206577],[112.589867448235267,-7.461792895682625],[112.589904505288956,-7.46183778169133],[112.589943556203323,-7.461881594123959],[112.589951015287269,-7.461892036841475],[112.589933660521268,-7.461942547041433],[112.58993382911278,-7.4619486163359],[112.589930830488285,-7.461965245071733],[112.589927559261568,-7.461995231316678],[112.589926196250431,-7.462037212059601],[112.589927559261568,-7.462081646222566],[112.589932918717096,-7.46216315858519],[112.589942709805754,-7.462227290215971],[112.589948584458966,-7.462267923233946],[112.589961802428661,-7.46231687867729],[112.589985790595904,-7.462375625209304],[112.590014237718535,-7.462454399979563],[112.590062972843725,-7.462594357262145],[112.590075698438469,-7.46263189869418],[112.590088224766475,-7.462652775907532],[112.590097358547339,-7.462673131190547],[112.59011,-7.4627],[112.59012987,-7.46271834],[112.59024,-7.46282],[112.59033,-7.46289],[112.59043,-7.46297],[112.59052526,-7.46303061999992],[112.59054,-7.46304],[112.5906124,-7.46306412999996],[112.59063,-7.46307],[112.59074,-7.4631],[112.59087,-7.46314],[112.59103,-7.46319],[112.591228663,-7.46329642099995],[112.59123092,-7.46329762999991],[112.59129191,-7.46333024799997],[112.591472093,-7.46340205999998],[112.591501615,-7.46341382599996],[112.591667252,-7.46343222999998],[112.591683986,-7.46343086399997],[112.591752477,-7.46342527299995],[112.591847612,-7.46341750699998],[112.591848451,-7.46341800999995],[112.591866016,-7.46342854999994],[112.591871538,-7.46347824099996],[112.591880309,-7.46362611099993],[112.59188442,-7.46369540899997],[112.591930431,-7.46391441699993],[112.591948835,-7.46410397899996],[112.591965398,-7.46431194599998],[112.591930431,-7.46448126299996],[112.591899144,-7.46465426099997],[112.591893622,-7.46480885599994],[112.591888101,-7.464981854],[112.591889942,-7.46512356599994],[112.591921229,-7.46532232999992],[112.591952515,-7.46546220099998],[112.591963558,-7.46555606099998],[112.591954356,-7.46571065599997],[112.591904665,-7.46582660099991],[112.591858655,-7.46595726999993],[112.591821846,-7.46607137599994],[112.591803442,-7.46615971499994],[112.591805283,-7.46622228899996],[112.591825527,-7.46629958599996],[112.591853133,-7.46641369199996],[112.591862335,-7.46648178699994],[112.591862335,-7.46651675499993],[112.591860495,-7.46655356299992],[112.591849453,-7.46659957299996],[112.591816325,-7.46665662599997],[112.591811959,-7.46666326599995],[112.591803442,-7.46672287999998],[112.591810804,-7.46678177299998],[112.591847612,-7.46684802799992],[112.591899144,-7.46691796399994],[112.591934774,-7.46698084],[112.591961718,-7.46702838799997],[112.591967239,-7.46706703699994],[112.591965398,-7.46710568500002],[112.591959225,-7.46712523499997],[112.591954356,-7.46714065299994],[112.591930431,-7.46719770600001],[112.591902824,-7.46724555599998],[112.591834729,-7.46732101299994],[112.591755592,-7.46737530499995],[112.591674569,-7.46742999499996],[112.591645167,-7.46744984099994],[112.591557748,-7.46749861199994],[112.591509897,-7.46753634099995],[112.591442722,-7.46761639799997],[112.591405914,-7.46768081299995],[112.591368186,-7.46776455099995],[112.591359043,-7.46779160599993],[112.591323096,-7.46789798099997],[112.591291501,-7.46800568899994],[112.591282607,-7.468036011],[112.591261442,-7.468125271],[112.591257606,-7.46815289499992],[112.591256841,-7.46815839899994],[112.591255921,-7.46821913199995],[112.591264121,-7.46825924699991],[112.591289969,-7.46838568899993],[112.591345181,-7.46872064299991],[112.591440882,-7.46906663999991],[112.591496094,-7.46927644699997],[112.591508977,-7.46938134999996],[112.591503456,-7.46948993399996],[112.591485052,-7.46957643299991],[112.591446403,-7.469646369],[112.591391191,-7.46968869799998],[112.591348862,-7.469703421],[112.591289048,-7.46970250099997],[112.591200709,-7.46967489499997],[112.591132386,-7.469631851],[112.59107983,-7.46968012999996],[112.59095559,-7.47034706999996],[112.59088239,-7.47073957999994],[112.59067893,-7.47187361999992],[112.59055206,-7.47255469999995],[112.59050651,-7.47273705999995],[112.59050643,-7.47273741999992],[112.59045498,-7.47294600999992],[112.59037159,-7.47334358999997],[112.59025532,-7.47366964999996],[112.59024806,-7.47372808999996],[112.59022138,-7.47397066999997],[112.59010774,-7.47421328999996],[112.59010385,-7.47422159999996],[112.590088107,-7.47425569099991],[112.590087772,-7.47425639799996],[112.590075664,-7.47428431799996],[112.590053728,-7.47427256599997],[112.590019574,-7.47424481599994],[112.589925358,-7.47416826599995],[112.589784954,-7.47408201799992],[112.589700712,-7.47405193099994],[112.589654579,-7.47404792000001],[112.589654167,-7.47404794999996],[112.589546267,-7.47405594299992],[112.589415892,-7.47405193099994],[112.589102465,-7.47393209199991],[112.588733929,-7.47379118099996],[112.588072023,-7.47349833799992],[112.587967723,-7.47347627399994],[112.587719007,-7.47347025699998],[112.587357968,-7.47346223399995],[112.58706037,-7.47345172999993],[112.58706687,-7.47352990999995]]]]}},
{"type":"Feature","properties":{"kdkab":"15","kdkec":"020","nmkab":"SIDOARJO","nmkec":"PRAMBON","kddesa":"019","kdprov":"35","nmdesa":"TEMU","nmprov":"JAWA TIMUR","iddesa":"3515020019"},"geometry":{"type":"MultiPolygon","coordinates":[[[[112.570146423,-7.44850396299996],[112.569786561956377,-7.449928855081111],[112.569668634,-7.44990529399997],[112.5679872,-7.44952257499992],[112.5679379,-7.44951135299991],[112.568120368,-7.44886710199997],[112.568140664,-7.44888278599995],[112.568263771,-7.44891899299995],[112.568399912,-7.44892188999993],[112.568540398,-7.448901614],[112.568686678,-7.44886685399995],[112.568814854,-7.44882847399998],[112.568950271,-7.44881543899991],[112.569023481,-7.44882132199998],[112.569112482,-7.44882847399998],[112.569240558,-7.44884943199996],[112.569403728,-7.44887613199996],[112.569431111,-7.44888061299998],[112.569471524,-7.44889045400002],[112.569800608,-7.44897058799998],[112.56986488,-7.44898623899993],[112.569904735,-7.44882466599993],[112.569837523044555,-7.448785955405035],[112.569812277669811,-7.448658243509317],[112.569773689328699,-7.448493735318247],[112.569743224848864,-7.448473425665028],[112.56970869843839,-7.448461239873097],[112.569702605542432,-7.448382032225546],[112.569686357819862,-7.448241895618342],[112.569625428860206,-7.44816268797079],[112.569704637314601,-7.447797151897881],[112.569905702074607,-7.446921768159145],[112.570041776751111,-7.446689476500458],[112.570112396603577,-7.446468060957797],[112.569907605,-7.44632578999997],[112.569905395,-7.44632673699991],[112.569587434,-7.44646300599994],[112.569546645,-7.44648048699996],[112.569541437,-7.44648635299996],[112.56946587,-7.44674869699998],[112.569334009,-7.44671996399993],[112.56872902,-7.44658813299996],[112.568733088,-7.446570207],[112.568734502,-7.44648116299993],[112.568734724,-7.44646714799994],[112.568724908,-7.4464164369999],[112.568687284,-7.44634773099994],[112.568636572,-7.44628393199998],[112.568594128,-7.44623087699996],[112.568584224,-7.44621849799993],[112.568569502,-7.44616614999995],[112.568579317,-7.44609090099993],[112.568608762,-7.44603200999994],[112.568659474,-7.44594530899998],[112.568749446,-7.44587496699993],[112.568865592,-7.44578990299995],[112.568953468,-7.44571420799998],[112.56897209,-7.44564593999995],[112.569016707390944,-7.445380607506252],[112.569035264187221,-7.445339434614555],[112.569188940563222,-7.444990785567637],[112.569348709835211,-7.444623603962158],[112.569392121718948,-7.444523071178729],[112.569405295196347,-7.4444947282425],[112.569071518525291,-7.444473210732855],[112.568707042760209,-7.444394661717357],[112.56846337523784,-7.444313072444164],[112.568224917085999,-7.444216385092528],[112.568039567225298,-7.444112678734824],[112.567882676481332,-7.443972577628942],[112.567811877,-7.44386249299995],[112.567805344,-7.44382655999994],[112.567819055,-7.44362728499993],[112.567865186,-7.44336793000001],[112.567875437,-7.44322236399993],[112.567869286,-7.44307474699996],[112.567836482,-7.44288202599996],[112.567676564,-7.44208038499994],[112.567658112,-7.44163548499996],[112.567657743,-7.44162884699995],[112.567640642,-7.44132128799997],[112.567640691,-7.44132128199993],[112.567624656,-7.44122753799997],[112.567625709,-7.44122736100001],[112.567767175,-7.44119968299998],[112.567873787,-7.44117507999992],[112.567876205,-7.441172996],[112.568011777,-7.44112907800001],[112.568178883,-7.44107786799997],[112.568180292,-7.44107846699995],[112.568272537,-7.44108014399996],[112.56845032,-7.44107175799996],[112.568621394,-7.44107008099998],[112.568688482,-7.44107511299997],[112.568782405,-7.44111033399994],[112.568919365,-7.44119777799996],[112.56900044,-7.44124954099992],[112.56930569,-7.441512861],[112.569446574,-7.44165039099991],[112.569515339,-7.44174599099996],[112.569557269,-7.44184997699994],[112.569593458,-7.44197032699996],[112.569629389,-7.44208981599996],[112.569652869,-7.44215354899996],[112.569671319,-7.44219380200001],[112.569698154,-7.44222734599997],[112.569758533,-7.44226088999995],[112.569845747,-7.44228940199994],[112.569926252,-7.44230785099993],[112.570006457,-7.44231685399992],[112.570254983,-7.44234474999995],[112.570776591,-7.44241183799991],[112.571217693,-7.44251246899997],[112.571417152517995,-7.44257226604353],[112.571742184,-7.44266970899998],[112.572002631,-7.44274778999992],[112.572034487,-7.44275733999993],[112.572797611,-7.4430894249999],[112.573128019,-7.44326552999997],[112.573283998,-7.44335274399995],[112.5733427,-7.44337957999995],[112.573356394,-7.44338245099997],[112.573446686,-7.44340138299996],[112.573580862,-7.44341312299997],[112.573867662,-7.44341312299997],[112.573985209,-7.44342606399997],[112.574050477,-7.44343324999994],[112.574233291,-7.44347517999994],[112.574397656,-7.44354394499992],[112.574672716,-7.44371837299995],[112.57487398,-7.44386428899998],[112.575036668,-7.44395485799993],[112.575315429,-7.44409297099998],[112.575405651,-7.44413767199998],[112.575799728,-7.444295302],[112.575799792,-7.44429532799998],[112.576334817,-7.44449659199994],[112.576498184483995,-7.44454907294552],[112.5766284,-7.44459090399995],[112.576658516,-7.44460057799997],[112.576963766,-7.44467772899998],[112.577505576,-7.44475900099998],[112.577567556,-7.44476829799992],[112.57778056,-7.44479010099995],[112.577802471,-7.44479051799994],[112.578221663,-7.44479848699998],[112.578394414,-7.44480351899995],[112.578464856,-7.44481190499994],[112.578555424,-7.44484712599994],[112.578704695,-7.44494943499996],[112.578872414,-7.44501819999994],[112.578936148,-7.44503832600002],[112.57904852,-7.44505845299998],[112.579246429,-7.44506851599993],[112.579290612,-7.44505424799998],[112.57940744,-7.44501652299994],[112.579607026,-7.44494272599996],[112.579769714,-7.44489576499993],[112.579865314,-7.44488067000001],[112.579932402,-7.44488905599998],[112.579955416,-7.44489533199992],[112.57998775,-7.44490415099991],[112.58001123,-7.44491589099994],[112.580031357,-7.444930986],[112.580061546,-7.44496620699995],[112.580091736,-7.44500478199994],[112.580140374,-7.445095351],[112.580321512,-7.44558341499996],[112.580432207,-7.44581989899992],[112.58051092,-7.44595125199992],[112.580536076235006,-7.44599323153136],[112.580700558,-7.44626771099998],[112.581169009115996,-7.44699994132992],[112.581454844,-7.44744672699994],[112.58140471,-7.44751259999992],[112.581404017,-7.44751154299996],[112.581147216,-7.44789358299996],[112.581127593,-7.44792504399994],[112.581041056,-7.44788557699997],[112.580993262,-7.44787109399992],[112.580986593,-7.44786841099994],[112.580918962,-7.44786498799993],[112.580888984,-7.44788195599997],[112.580881892,-7.44789425299993],[112.58074198,-7.44813685899992],[112.580623218,-7.44838017599994],[112.580587079,-7.44844793600001],[112.58057029,-7.44848280699995],[112.58056601,-7.448491696],[112.580525457,-7.44869735599996],[112.580525457,-7.44872342599997],[112.580516767,-7.448779186],[112.580508077,-7.44879946199994],[112.580497939,-7.44881901499996],[112.580491422,-7.44883639399998],[112.580481284,-7.448866809],[112.580476939,-7.44889215399994],[112.580472594,-7.448918948],[112.580434938,-7.44902250199992],[112.580426248,-7.44904277899995],[112.580412489,-7.44906015899993],[112.580398006,-7.449074642],[112.580382798,-7.449085504],[112.580363246,-7.44909491799996],[112.580343694,-7.44910360799996],[112.580327762,-7.44910867699996],[112.580316176,-7.44911157399998],[112.580288658,-7.44912967799996],[112.580282141,-7.44915357499996],[112.58029083,-7.44919992099995],[112.58029083,-7.44923757699998],[112.580264761,-7.44929261299996],[112.580256071,-7.44931288899995],[112.580230001,-7.44939399500001],[112.580224208,-7.44945192699994],[112.580224208,-7.44949247999993],[112.580241588,-7.44956779199994],[112.580250278,-7.449619931],[112.580250278,-7.44967786399997],[112.580250278,-7.44972710699996],[112.580247381,-7.449761866],[112.580238691,-7.44990380099997],[112.580253174,-7.45013263399995],[112.580253174,-7.45020504999997],[112.580246316,-7.45025305599993],[112.580244484,-7.450265879],[112.580177862,-7.45032091499993],[112.580025789,-7.45034408799994],[112.579757851,-7.45031222499994],[112.57926108,-7.45029918999996],[112.578830931,-7.45032091499993],[112.578503613,-7.45034698399994],[112.578253055,-7.45040781399995],[112.578179191,-7.45043388299997],[112.578099533,-7.45046719399994],[112.578054636,-7.45047588399994],[112.577963392,-7.45047298799993],[112.577908356,-7.45045415999996],[112.577875045,-7.45043388299997],[112.577846079,-7.45041070999997],[112.577821457,-7.45037160599996],[112.577802629,-7.45026732699997],[112.577789595,-7.45007180499994],[112.577780905,-7.44995593999994],[112.577756283,-7.44989511099992],[112.577728765,-7.44985166099994],[112.577708489,-7.449828488],[112.577678074,-7.44979372899997],[112.57764766,-7.44977345299998],[112.577611452,-7.44975172799995],[112.577560761,-7.44973434799994],[112.577514415,-7.44972420999994],[112.577463724,-7.44971407199993],[112.577461905,-7.44971411699993],[112.577405792,-7.44971551999992],[112.577359446,-7.44973434799994],[112.577248988,-7.44987171199997],[112.57724885,-7.44987173999992],[112.57724859,-7.44987213000001],[112.57724726,-7.44987240999993],[112.57724343,-7.44987847999995],[112.577136716,-7.45004736299994],[112.576595415,-7.44986093999995],[112.575457042,-7.4495307239999],[112.573430353,-7.44890960499994],[112.572905115,-7.44874863599995],[112.571612423,-7.44838072699994],[112.571580836784065,-7.448371737349293],[112.570994184,-7.44820477199994],[112.570289462,-7.4480042029999],[112.570215369,-7.44825619099994],[112.57021459,-7.44825597999992],[112.570146423,-7.44850396299996]]]]}},
{"type":"Feature","properties":{"kdkab":"15","kdkec":"020","nmkab":"SIDOARJO","nmkec":"PRAMBON","kddesa":"012","kdprov":"35","nmdesa":"BENDOTRETEK","nmprov":"JAWA TIMUR","iddesa":"3515020012"},"geometry":{"type":"MultiPolygon","coordinates":[[[[112.560882909,-7.45035974899996],[112.560781386,-7.45036644299991],[112.560723372,-7.45037648399996],[112.560655318,-7.45040995299994],[112.560598421,-7.45044676899995],[112.560520326,-7.45052932599997],[112.560492435,-7.45060965199998],[112.560481278,-7.45067993799995],[112.560487476,-7.45078838899996],[112.560487972,-7.45079707999995],[112.560513632,-7.45091087499997],[112.560556026,-7.45100458899997],[112.56058838,-7.45108045300001],[112.560591727,-7.45117305099993],[112.560556026,-7.45131027499997],[112.560509169,-7.45145530799997],[112.560494666,-7.45156240899996],[112.560495782,-7.45171971499996],[112.560510285,-7.45189375499994],[112.560502476,-7.45202539999994],[112.560455619,-7.45211465099995],[112.560381986,-7.45218382099992],[112.560360061,-7.45218991399997],[112.56036,-7.45219],[112.56027,-7.45219],[112.56013,-7.45213],[112.55999,-7.45205],[112.55979,-7.45194],[112.5596014,-7.45185338999993],[112.55927,-7.45191],[112.55923299,-7.45191235999995],[112.55906642,-7.451923],[112.55884816,-7.45202157999997],[112.55876,-7.4522],[112.55863986,-7.45228810299993],[112.558587508,-7.45229924099991],[112.55841917,-7.45221871999996],[112.55825304,-7.45213653999995],[112.55813237,-7.45212191999996],[112.55795177,-7.45221283999997],[112.55744754,-7.45244787],[112.55734996,-7.45256859999995],[112.55723433,-7.45268883999995],[112.55715948,-7.45276666999998],[112.55719425,-7.45239623999994],[112.55734128,-7.45191563999998],[112.55735839,-7.45185971999997],[112.55752224,-7.45146095999997],[112.55753503,-7.45142193999994],[112.55814208,-7.44957104000001],[112.55816346,-7.44950584999998],[112.558212836,-7.44938904699996],[112.55843795,-7.44885651999994],[112.55896518,-7.44780036],[112.558967652,-7.44776836099991],[112.55899219,-7.44745070999992],[112.558992521,-7.44744984599992],[112.558993415,-7.44742615499998],[112.559001224,-7.44733690399996],[112.559021306,-7.447272196],[112.559046966,-7.44720748899995],[112.559091591,-7.44714724499995],[112.559165224,-7.44707807499998],[112.55923774,-7.44704237399995],[112.559331454,-7.44699774899991],[112.559431862,-7.44695870100001],[112.559488759,-7.44690961299992],[112.559514571,-7.44688505299996],[112.559534779,-7.44686582399991],[112.559563228,-7.44682315099997],[112.559578568,-7.44679665499994],[112.559585541,-7.44676876399994],[112.559584147,-7.44674589299998],[112.55957517,-7.44671654599993],[112.559575338,-7.44671611300001],[112.559524948,-7.44664220799997],[112.559306282,-7.44652394999998],[112.558495387,-7.44621433599998],[112.558201798,-7.44610223800001],[112.557559189,-7.44584564099994],[112.557458782,-7.44582109699996],[112.557349449,-7.44580770899993],[112.557242347,-7.445780934],[112.557148634,-7.445745233],[112.557021451,-7.44564705699997],[112.556820635,-7.44551318],[112.556648827,-7.44545070399995],[112.556412311,-7.44536814699995],[112.556153482,-7.44532128999998],[112.555948204,-7.445265508],[112.555861184,-7.44520749399994],[112.55569607,-7.44507361799997],[112.555535417,-7.44500444799997],[112.555336833,-7.44497097899998],[112.555049698,-7.44494867699995],[112.55487719,-7.44493527799995],[112.554765415,-7.44490845199992],[112.554758932,-7.44489511499993],[112.554718769,-7.44483710199996],[112.554705381,-7.44480586399992],[112.554705381,-7.44476793199992],[112.554725462,-7.44469429999996],[112.555040073,-7.44363890399997],[112.555457323,-7.44222203999996],[112.556033601,-7.44033445799997],[112.556033733,-7.44033453599996],[112.556048925,-7.4402810469999],[112.556049770420174,-7.440281480930265],[112.556072333061465,-7.440221160399473],[112.556101482921449,-7.440119829933778],[112.556151454110008,-7.439961587836665],[112.556188932501428,-7.439797793385268],[112.556318024738559,-7.4393341718025],[112.556429522,-7.438931113],[112.556534043,-7.43859769099987],[112.556645053,-7.43824357099997],[112.556655592576618,-7.438246408599982],[112.55676016655471,-7.437996683722798],[112.556835207975055,-7.437771559461834],[112.556914001466382,-7.437583017893276],[112.556977955364985,-7.437407952170841],[112.557291489,-7.43747725899993],[112.557443072,-7.43751836399995],[112.557907827,-7.43646421999996],[112.558534817,-7.43521358700001],[112.558554898,-7.43517900199992],[112.558568286,-7.4351689609999],[112.558596177,-7.43516672999991],[112.558615143,-7.43516784500001],[112.55865419,-7.43516672999991],[112.558935765,-7.43509147699997],[112.558936673,-7.43509175699998],[112.559170567,-7.435049362],[112.559295743,-7.43502667299993],[112.55956939,-7.4350529939999],[112.559660606,-7.43509510699994],[112.559773539,-7.43519799899995],[112.560195351,-7.43584310199994],[112.560450175,-7.43610918399997],[112.560573726,-7.43620393899996],[112.560614645,-7.43621131599995],[112.560626815,-7.43621350999996],[112.561105864,-7.436048286],[112.561337234,-7.435968486],[112.561484434,-7.43596465699991],[112.561547175,-7.43600677099993],[112.561652869,-7.43604649199998],[112.561849779,-7.43624461699996],[112.562135491,-7.43643795599996],[112.56232854,-7.43651644099995],[112.562621974,-7.43654898299995],[112.562845911,-7.43652983999992],[112.563044978,-7.43655469699992],[112.563106527,-7.43656238299998],[112.563691464,-7.43702371699994],[112.563778336,-7.43706774399992],[112.563913761,-7.43708196199998],[112.563942428,-7.43708497199997],[112.564770222,-7.43708681699996],[112.564773519,-7.43707726999997],[112.565062594,-7.43713726700001],[112.565203479,-7.437201],[112.565548981,-7.4373922],[112.565784415,-7.43751624599998],[112.56586094,-7.43755656599995],[112.565961571,-7.43760688099997],[112.566062203,-7.43763036199994],[112.566213151,-7.43762700799994],[112.566444604,-7.43759010999998],[112.566689474,-7.43753308499994],[112.566773334,-7.43753643899993],[112.566857194,-7.43754985699998],[112.566977952,-7.43761023599997],[112.567232886,-7.43781149899998],[112.567336844,-7.437898526],[112.567441468,-7.43798610999994],[112.567747785,-7.43824253899992],[112.567876231,-7.43834227299993],[112.567890346,-7.43835323399995],[112.568031231,-7.43844547899992],[112.568376733,-7.43863667999993],[112.568505877,-7.43872053899996],[112.568577997,-7.43879265899992],[112.568606509,-7.43885136099994],[112.568628313,-7.43893689799995],[112.568628041,-7.43895049599994],[112.568626635,-7.43902075700002],[112.568598123,-7.43917170499998],[112.568385119,-7.43965976899994],[112.568177147,-7.44010087199996],[112.568100284429875,-7.440314564251616],[112.568056550935168,-7.44042584464037],[112.568020891141785,-7.440566972291215],[112.56800976992011,-7.440633023391315],[112.567996323511096,-7.440736754240055],[112.568005863,-7.44086210899996],[112.568029344,-7.44094093699992],[112.568069597,-7.44100970199996],[112.568113204,-7.44104995499996],[112.568178883,-7.44107786799997],[112.568011777,-7.44112907800001],[112.567876205,-7.441172996],[112.567873787,-7.44117507999992],[112.567767175,-7.44119968299998],[112.567625709,-7.44122736100001],[112.567624656,-7.44122753799997],[112.567640691,-7.44132128199993],[112.567640642,-7.44132128799997],[112.567657743,-7.44162884699995],[112.567658112,-7.44163548499996],[112.567676564,-7.44208038499994],[112.567836482,-7.44288202599996],[112.567869286,-7.44307474699996],[112.567875437,-7.44322236399993],[112.567865186,-7.44336793000001],[112.567819055,-7.44362728499993],[112.567805344,-7.44382655999994],[112.567811877,-7.44386249299995],[112.567882676481332,-7.443972577628942],[112.568039567225298,-7.444112678734824],[112.568224917085999,-7.444216385092528],[112.56846337523784,-7.444313072444164],[112.568707042760209,-7.444394661717357],[112.569071518525291,-7.444473210732855],[112.569405295196347,-7.4444947282425],[112.569392121718948,-7.444523071178729],[112.569348709835211,-7.444623603962158],[112.569188940563222,-7.444990785567637],[112.569035264187221,-7.445339434614555],[112.569016707390944,-7.445380607506252],[112.56897209,-7.44564593999995],[112.568953468,-7.44571420799998],[112.568865592,-7.44578990299995],[112.568749446,-7.44587496699993],[112.568659474,-7.44594530899998],[112.568608762,-7.44603200999994],[112.568579317,-7.44609090099993],[112.568569502,-7.44616614999995],[112.568584224,-7.44621849799993],[112.568594128,-7.44623087699996],[112.568636572,-7.44628393199998],[112.568687284,-7.44634773099994],[112.568724908,-7.4464164369999],[112.568734724,-7.44646714799994],[112.568734502,-7.44648116299993],[112.568733088,-7.446570207],[112.56872902,-7.44658813299996],[112.568688919,-7.44676487499992],[112.568673474,-7.44680936199995],[112.568456627,-7.44743394099993],[112.568430682,-7.44751877100001],[112.568229182,-7.44817757499993],[112.568225971,-7.44818807199993],[112.568176896,-7.44826332199994],[112.568147983,-7.44828005999995],[112.568114733,-7.4482993099999],[112.56803294,-7.4482993099999],[112.567976423,-7.44826415899997],[112.5678988,-7.44821588199995],[112.567702496,-7.44804411599992],[112.567406406,-7.44785435699991],[112.567154484,-7.44771530899994],[112.566920556,-7.44760079899994],[112.566788051,-7.44756317399996],[112.566716073,-7.44756481],[112.566644096,-7.44758934799995],[112.566591748,-7.447644967],[112.566560667,-7.44769404299997],[112.566491961,-7.44787562299997],[112.566413439,-7.44812918099995],[112.566397457,-7.44820595299994],[112.566367635,-7.44834920399992],[112.56635833,-7.44838602899995],[112.566329193,-7.44850133899997],[112.566231041,-7.44866328899996],[112.566215625,-7.44868329299993],[112.566162335,-7.44875244299993],[112.566099354,-7.44886122799993],[112.566066545,-7.44892995100001],[112.566038828,-7.44898800699996],[112.56599057,-7.44907716099997],[112.565957035,-7.44911887599994],[112.565936587,-7.44913196299997],[112.565921046,-7.44913768799994],[112.565906417,-7.44913908099993],[112.565903869,-7.44913932399995],[112.565874424,-7.44913278099995],[112.565837617,-7.4491156039999],[112.565802446,-7.44908125099994],[112.565569336,-7.44883014699997],[112.565434378,-7.448720544],[112.565336226,-7.44868455499994],[112.565253615,-7.44867882999996],[112.565188999,-7.44870173199995],[112.565111296,-7.44875571499996],[112.565067945,-7.44881951399998],[112.565056494,-7.44890784999996],[112.565042459,-7.44905961099996],[112.565017234,-7.44933235499995],[112.564999239,-7.44963335399993],[112.564999239,-7.4497413199999],[112.5650385,-7.44995725399994],[112.565061402,-7.45006849199996],[112.565056494,-7.45017155099994],[112.565049896340554,-7.450209861670709],[112.565005199,-7.450469406],[112.564996081,-7.45052235399992],[112.56499616,-7.45052298999996],[112.564992808,-7.45054121499991],[112.564976671,-7.450628953],[112.564790998,-7.45072233199997],[112.564528822,-7.45084616799994],[112.564261068,-7.45097223599993],[112.564083682,-7.45100905199995],[112.563896254,-7.45099677999996],[112.563461154,-7.45091756899994],[112.563260339,-7.45084839899995],[112.563200094,-7.45083835899991],[112.563115306,-7.45084951499995],[112.563047252,-7.45087071199991],[112.563017129,-7.45089190899995],[112.562979198,-7.450946576],[112.562942988,-7.45101665899996],[112.562875443,-7.45114739099993],[112.562815198,-7.45124445199998],[112.562761648,-7.45129019299997],[112.562709213,-7.45130692799994],[112.562634465,-7.45131362199993],[112.562536288,-7.45130246499995],[112.562384561,-7.45126230199998],[112.562276344,-7.45121321399994],[112.562219446,-7.45116524099995],[112.562180399,-7.45110834399997],[112.562125733,-7.45095438499994],[112.56205991,-7.450766958],[112.562010822,-7.450637543],[112.561971774,-7.45058622399993],[112.561861326,-7.45048804799998],[112.561641545,-7.45029727299996],[112.561554525,-7.45024818499996],[112.561517471,-7.45024267699998],[112.561471967,-7.450235913],[112.561290118,-7.45024149099994],[112.56112054,-7.45032516399993],[112.561020133,-7.45034859299994],[112.560882909,-7.45035974899996]]]]}},
{"type":"Feature","properties":{"kdkab":"15","kdkec":"020","nmkab":"SIDOARJO","nmkec":"PRAMBON","kddesa":"016","kdprov":"35","nmdesa":"JEDONGCANGKRING","nmprov":"JAWA TIMUR","iddesa":"3515020016"},"geometry":{"type":"MultiPolygon","coordinates":[[[[112.6046365,-7.45961538499996],[112.604622805,-7.45956271200001],[112.604614696,-7.4595315249999],[112.604587861,-7.459497981],[112.604515742,-7.45947114599993],[112.60445704,-7.45945437399995],[112.604421819,-7.459440956],[112.604406724,-7.45941747599996],[112.604386598,-7.45927323699996],[112.604332927,-7.45894786099995],[112.604305254,-7.45884051999997],[112.6042627,-7.458796524],[112.604255776,-7.45878936599995],[112.604171096,-7.45874922099994],[112.604155981,-7.458739919],[112.604148436,-7.45873527599997],[112.603976523,-7.45871137599993],[112.603693077,-7.45869963599994],[112.60342808,-7.45871137599993],[112.603238557,-7.45873653399998],[112.603148367,-7.45878441299996],[112.603107901,-7.45881628399995],[112.603045586,-7.45886684199996],[112.602995617,-7.45889153199992],[112.602875256,-7.45891851899997],[112.60286746,-7.45892151399993],[112.602714024,-7.45894561699995],[112.602623336071915,-7.458970916109938],[112.602594154,-7.45897905699994],[112.602578592,-7.45898556399993],[112.602499141,-7.45897271099995],[112.602414639,-7.45894354699993],[112.602405676,-7.45893991899993],[112.60233767,-7.45891238999998],[112.60224201,-7.45885690999998],[112.60216447,-7.45878797699994],[112.602154669,-7.45878307599997],[112.602133704,-7.458778045],[112.602087162,-7.45877678699998],[112.601936634,-7.45878265699997],[112.601804974,-7.45878475399997],[112.601728242,-7.45877510999996],[112.601576456,-7.45875162899994],[112.601441442,-7.45872479400001],[112.601361775,-7.45870550599994],[112.601261686,-7.45866966599993],[112.601260586,-7.45866927199993],[112.601235661,-7.45866034700001],[112.601169736,-7.45863674099998],[112.601085876,-7.45862835499995],[112.600983637,-7.45862196499996],[112.60089803,-7.45861661499991],[112.600815848,-7.45860319699994],[112.600794044,-7.45858474799996],[112.600786937,-7.45857053399993],[112.600782304,-7.45856126699991],[112.600777272,-7.4585294],[112.600785658,-7.45846231299992],[112.600787335,-7.45843883199996],[112.60079069,-7.45840361099993],[112.60079069,-7.45837342099997],[112.600783981,-7.45834323199996],[112.600778949,-7.45832645999994],[112.600768886,-7.45829794699993],[112.600767209,-7.45826272599993],[112.600767209,-7.45822415099998],[112.600762178,-7.45819396099993],[112.6007605,-7.45817383499994],[112.600728634,-7.45814196799996],[112.600679995,-7.45812519599994],[112.600643097,-7.45812016499994],[112.600607876,-7.45811681],[112.600567623,-7.45810674699992],[112.600567623,-7.45808326599994],[112.600567623,-7.45805475399994],[112.600550851,-7.45801617899996],[112.600491549,-7.45796305399994],[112.600470345,-7.45794405899995],[112.600461959,-7.45791722399998],[112.6004737,-7.457860199],[112.6004743,-7.45785910999993],[112.600518984,-7.45777801699995],[112.60052737,-7.45774950399996],[112.600529047,-7.45769918899993],[112.60052737,-7.45767067599998],[112.600517307,-7.45764719599992],[112.600493826,-7.45762706899997],[112.600399903,-7.45758178499995],[112.600272436,-7.45751805099993],[112.599890036,-7.45736878099994],[112.599596526,-7.45724466899995],[112.599261071,-7.45710553899994],[112.59901893,-7.45697057799992],[112.598948969,-7.45693158399994],[112.598921141,-7.45688574899998],[112.598884242,-7.45684549599996],[112.598775225,-7.45678679399997],[112.598391147,-7.45657378999995],[112.598354249,-7.45655869499995],[112.598307287,-7.45654527799997],[112.598238522,-7.45654863199996],[112.598023841,-7.45657043599991],[112.597839349,-7.45658720799994],[112.597440177,-7.456644232],[112.597304324,-7.45666938999994],[112.597233882,-7.45668113099991],[112.597191952,-7.45667274499992],[112.597129896,-7.456637524],[112.597056099,-7.45659559399996],[112.596950436,-7.45653856899996],[112.596824646,-7.45644800099998],[112.596725691,-7.45634736899996],[112.596660281,-7.45629705299996],[112.596165508,-7.45595155099993],[112.596123578,-7.45589955799996],[112.596073262,-7.45585091899994],[112.595982694,-7.45579724899992],[112.595828392,-7.45566474999996],[112.595807497,-7.45563530699996],[112.5961197,-7.45480057499996],[112.596220331,-7.45445674999998],[112.596767996,-7.45249373399997],[112.60028057,-7.45358242999994],[112.60208964,-7.45403727999996],[112.602778849,-7.45422386199994],[112.604762289,-7.45480896099997],[112.605853189,-7.45513105099998],[112.605892719,-7.45514272299995],[112.606023882,-7.45519302299991],[112.60613028,-7.45523382599994],[112.606130958,-7.45523285299994],[112.606386798,-7.45533398999995],[112.606531026,-7.45509878099994],[112.606630864,-7.45494902499996],[112.607054533,-7.45437432099992],[112.607590838,-7.45370105799998],[112.607622394,-7.45365696499992],[112.607784113,-7.45343098599995],[112.607742076,-7.45339504],[112.607376698,-7.45316712699997],[112.607357885,-7.453154513],[112.607117251,-7.45304571599996],[112.606172636,-7.45259260800002],[112.60606967,-7.45254732999997],[112.605779686,-7.45241981199996],[112.605650355,-7.45239837299995],[112.605540333,-7.45238013299998],[112.605332978,-7.45233917499998],[112.605288179,-7.45230973499997],[112.605135863,-7.45220605799994],[112.604773633,-7.45202046299996],[112.604562421,-7.45192043799993],[112.60415989,-7.45171916999991],[112.6041649,-7.45171133999998],[112.60433225,-7.45039017999997],[112.604331435,-7.45038996999998],[112.604370464,-7.45013939199994],[112.604372318,-7.45012749099992],[112.604388694,-7.45002234899993],[112.604446307,-7.44973871699993],[112.604446996,-7.44973868099993],[112.604471868,-7.44960574599994],[112.604473316,-7.44960574199995],[112.604649022,-7.44960524699995],[112.604849466,-7.44961817899997],[112.605045598,-7.449616024],[112.60514822,-7.449614514],[112.605192159,-7.44961386799994],[112.60534303,-7.44963326599995],[112.605789177,-7.44967637199997],[112.60598531,-7.44969361399991],[112.606042232,-7.44969108499994],[112.60611325,-7.44963751999994],[112.60614089,-7.44961666999993],[112.60630534,-7.44941062999993],[112.60658253,-7.44919602999996],[112.60680759,-7.44906420999998],[112.60702396,-7.44897072000001],[112.60706497,-7.44897056999995],[112.60712,-7.44894],[112.60742,-7.44884],[112.60764,-7.44881],[112.60795,-7.44881],[112.608248796,-7.44887111699993],[112.60839,-7.4489],[112.60874,-7.44901],[112.60906,-7.44912],[112.6093,-7.44921],[112.60971,-7.44936],[112.60998,-7.44946],[112.610095155,-7.44948303099994],[112.61013,-7.44949],[112.61031,-7.44948],[112.61055,-7.44942],[112.61087,-7.4493],[112.61111,-7.44925],[112.61133,-7.44927],[112.6115,-7.44933],[112.61162,-7.44936],[112.6116,-7.44946],[112.61154261,-7.44962695199995],[112.61149,-7.44978],[112.611437,-7.44987387999996],[112.611661204,-7.45007164399993],[112.611545689022506,-7.450281797786329],[112.612254682882082,-7.450764359052004],[112.612554769590076,-7.450964416857337],[112.612621455525186,-7.450964416857337],[112.61275482739542,-7.450951913244504],[112.612896535007522,-7.450906066664115],[112.613307380140867,-7.450834889312088],[112.613459219,-7.45079060299998],[112.613586129,-7.45075458799992],[112.613602791,-7.45075482899994],[112.61369549,-7.45081869999996],[112.61373845,-7.45095773999996],[112.613724184,-7.45102897399996],[112.61367295,-7.4512847899999],[112.61361313,-7.45150892999992],[112.61364973,-7.45156931999995],[112.61383821,-7.45170782999996],[112.61377479,-7.45203298999995],[112.613733903,-7.45224262499998],[112.61373389,-7.45224268999996],[112.61411,-7.45246],[112.61432,-7.45261],[112.61448873,-7.45274658999993],[112.614499441,-7.45275525899995],[112.61451338,-7.45276653999995],[112.61453,-7.45278],[112.61528,-7.45345],[112.61563,-7.45373],[112.61581,-7.45385],[112.61598,-7.45389],[112.61616,-7.4539],[112.61625244,-7.45387155999993],[112.616091218,-7.45418081399992],[112.61609011,-7.45418293999996],[112.615965678,-7.45442162499995],[112.615974901,-7.45445851599994],[112.615965621,-7.45449795599995],[112.615956341,-7.45451419599991],[112.615942421,-7.454530436],[112.615900662,-7.45454899499991],[112.615854262,-7.45456059499998],[112.615824103,-7.45455827499995],[112.615786983,-7.45455595499996],[112.615728984,-7.45454899499991],[112.615666344,-7.45456523499995],[112.615603705,-7.45459539499993],[112.615594425,-7.45460003499992],[112.615582825,-7.45460467499994],[112.615545706,-7.45462555399998],[112.615508586,-7.45465571399995],[112.615476107,-7.45468123399997],[112.615434347,-7.45470211399995],[112.615392588,-7.454729953],[112.615346188,-7.45475547299996],[112.615135071,-7.45481811199994],[112.615006334,-7.45484027199994],[112.61494052,-7.45485566199991],[112.614889067,-7.454867694],[112.614877554,-7.45486915199991],[112.614808435,-7.45487589499992],[112.614782695,-7.45487054599994],[112.614356318,-7.45468234099996],[112.614165846,-7.45460474099994],[112.61410941,-7.45459533499995],[112.614076489,-7.454600038],[112.61401535,-7.45461649899993],[112.613958914,-7.45465882599995],[112.61392639,-7.45470886399996],[112.61389772,-7.45474237400001],[112.613842846,-7.45480651199996],[112.613643328,-7.45502226999997],[112.61353545,-7.45509302899995],[112.61345889,-7.45514406799998],[112.613441491,-7.455148708],[112.613421771,-7.45514638799993],[112.613391611,-7.455131308],[112.613376531,-7.45511854899997],[112.613344052,-7.45506982899995],[112.613317342,-7.45504667999996],[112.613309252,-7.45503967],[112.613280253,-7.45502458999995],[112.613223413,-7.45501762999991],[112.613183974,-7.45502110999997],[112.614656229166599,-7.457508397148955],[112.614397516612357,-7.458186402463514],[112.61672592960052,-7.459167725945114],[112.616663481742592,-7.459408596254233],[112.616542139,-7.45964888299995],[112.616493141,-7.45962496099996],[112.616375138,-7.45958535700002],[112.616311287,-7.45958050799994],[112.616242587,-7.459589399],[112.616185597,-7.45960484099995],[112.61611731,-7.45962334499995],[112.615913746,-7.45967457699995],[112.615480449,-7.45975229699997],[112.61547946,-7.45975240999993],[112.61440677,-7.46246015999997],[112.614097143,-7.46294361499995],[112.613818254,-7.46343928599992],[112.613799241,-7.46347307799994],[112.613622695,-7.46388403099994],[112.613553718,-7.46406875500002],[112.613471936,-7.46428777099992],[112.613318559,-7.46469851999994],[112.613048547,-7.46550559099995],[112.61297692,-7.46564463199993],[112.612947663,-7.46570142499995],[112.612828083,-7.46577922399995],[112.612824525,-7.46578153899998],[112.612770328,-7.46582068100002],[112.612717707,-7.46585868499997],[112.612646495,-7.46588687299993],[112.612511488,-7.46594176599997],[112.61244621,-7.46596105299993],[112.612366097,-7.46596253599992],[112.612238508,-7.46592693000001],[112.61218039,-7.46590741599991],[112.612035257,-7.46585868499997],[112.61196964,-7.46584170699998],[112.611610951,-7.46574889999994],[112.611201481,-7.46568955599996],[112.611063475,-7.465680079],[112.611510578,-7.46440119199996],[112.611745727,-7.46372022499996],[112.611310278,-7.46369603399996],[112.61131064,-7.46369478],[112.61008,-7.46361],[112.60868,-7.46356],[112.60858874,-7.46357065999997],[112.608612304,-7.46336559499996],[112.608640188,-7.46320924899993],[112.608661654,-7.46308888299998],[112.608666172,-7.46306355299991],[112.608246317,-7.46294486599992],[112.605709384,-7.46236775099994],[112.604722662,-7.46214503399994],[112.604722875,-7.46214207999997],[112.604741324,-7.46206828399991],[112.604763128,-7.46202467599996],[112.604831893,-7.46193913899996],[112.604845311,-7.46192236699995],[112.604888918,-7.46189553199995],[112.604935879,-7.46187540599995],[112.605026448,-7.46184018499996],[112.605075086,-7.46180664099993],[112.605090181,-7.461779806],[112.60509689,-7.46175297099996],[112.605086827,-7.46168420599996],[112.6050667,-7.46164227599997],[112.605051606,-7.46161879499993],[112.605038188,-7.46160537699997],[112.605002967,-7.46158692799998],[112.604964391,-7.46155841599992],[112.604950974,-7.46154667599997],[112.604942588,-7.46152822599993],[112.604942588,-7.46150642299996],[112.604949297,-7.46142088599994],[112.604957683,-7.46120955899993],[112.604939234,-7.46111060499997],[112.6048755,-7.46095797999994],[112.604796672,-7.46078355199995],[112.604728745,-7.46065776199993],[112.604670044,-7.46050765299998],[112.604657045,-7.46040240899995],[112.604654949,-7.46036970399996],[112.604656207,-7.46035460899996],[112.604661238,-7.46033741699996],[112.604675116,-7.46032692499994],[112.604683461,-7.46032483899995],[112.604723714,-7.46029632599993],[112.604753903,-7.46025775099997],[112.604753903,-7.46025942799997],[112.604760612,-7.46023426999995],[112.604760612,-7.46020911199996],[112.604750549,-7.46011686599995],[112.604723714,-7.45997933599994],[112.604643941,-7.45964643499997],[112.6046365,-7.45961538499996]]]]}},
{"type":"Feature","properties":{"kdkab":"15","kdkec":"020","nmkab":"SIDOARJO","nmkec":"PRAMBON","kddesa":"008","kdprov":"35","nmdesa":"JATIKALANG","nmprov":"JAWA TIMUR","iddesa":"3515020008"},"geometry":{"type":"MultiPolygon","coordinates":[[[[112.604150779,-7.48002044999991],[112.60410712,-7.48024238199996],[112.604087538029546,-7.480268491493224],[112.604074376,-7.48028604099994],[112.60398524,-7.48031150799991],[112.603888949,-7.48031439299995],[112.60388505,-7.48031643999997],[112.60368,-7.48033],[112.60345235,-7.48033],[112.60336,-7.48033],[112.60302,-7.48024],[112.60253673,-7.48014159999995],[112.602272967,-7.480031502],[112.60221848,-7.48000875999995],[112.60218,-7.47999],[112.60213889,-7.47997370999993],[112.601919493185505,-7.479886779379558],[112.601782099,-7.47983234099997],[112.601600095,-7.47976224799995],[112.600617164,-7.47942013399992],[112.600241854,-7.47930538099997],[112.600133244,-7.47927217299995],[112.59988432,-7.47922169199998],[112.599745063,-7.47921124699998],[112.599258674,-7.47920964199996],[112.599234757,-7.47912524399992],[112.599232963,-7.47912437],[112.599140939,-7.47909997799995],[112.599048165,-7.47905813899996],[112.598973581,-7.47902903299998],[112.598908093,-7.47898719299997],[112.598881194,-7.47895272899998],[112.598849881,-7.47891260999995],[112.598818956,-7.47885439799995],[112.598778936,-7.47873615599996],[112.598773036,-7.47872405999993],[112.598742553,-7.47866157199993],[112.598704352,-7.47863428499991],[112.598631587,-7.47860335999998],[112.598527898,-7.478557882],[112.598406808,-7.47850179899996],[112.59816283,-7.47829303999992],[112.59805285,-7.47818020999994],[112.598019924,-7.47814642399994],[112.59800691,-7.47813306999998],[112.59795953,-7.47808538999998],[112.59790199,-7.47802542999996],[112.59774582,-7.47786520999994],[112.59774453,-7.47786317],[112.59774408,-7.47786271999996],[112.59772647,-7.47783471999994],[112.59764666,-7.47770894999997],[112.59756688,-7.47758403999994],[112.5974932,-7.47747410999994],[112.59742088,-7.4773669599999],[112.59739339,-7.47726385999994],[112.59737715,-7.47720486],[112.59735597,-7.47716948999997],[112.59734518,-7.47715198999993],[112.59733484,-7.47714174999993],[112.59729354,-7.4771011999999],[112.59723859,-7.47698142],[112.597237805,-7.47695957099996],[112.597214453,-7.47694294799995],[112.596715185,-7.47689809599996],[112.596510515911518,-7.477028498485798],[112.59639659030276,-7.476924299225811],[112.596395063388528,-7.476873148280401],[112.596675879938459,-7.476165624360149],[112.596706528488681,-7.476160654324979],[112.596761201,-7.47565601799996],[112.596783438,-7.47555382499992],[112.597076378,-7.47476884799995],[112.597176721,-7.47466201199992],[112.59718016,-7.47466082999997],[112.597221948,-7.47461524499991],[112.597270955,-7.47456178599998],[112.597274516,-7.47455979800001],[112.597290159,-7.47455243699995],[112.597309484,-7.47453403299994],[112.597317752,-7.47452275699991],[112.597319606,-7.47452022999995],[112.597342611,-7.47447514000001],[112.597351813,-7.47445305499998],[112.597354574,-7.47444201199993],[112.597353653,-7.47440888499995],[112.597353653,-7.47439692199992],[112.597353653,-7.47437759799995],[112.597353653,-7.47436379499993],[112.597348132,-7.47434447099993],[112.597348132,-7.47428005599993],[112.597344451,-7.474235886],[112.59733893,-7.47420091899998],[112.597331424,-7.47417089299994],[112.597329728,-7.47416411099996],[112.597303962,-7.47407577099995],[112.597298441,-7.47404632399995],[112.59729476,-7.47401503699995],[112.597296601,-7.47399111199996],[112.597300282,-7.47397638899997],[112.597322366,-7.47395982499996],[112.597349973,-7.47394510199994],[112.597458557,-7.47388804900001],[112.597484322,-7.473869645],[112.597508248,-7.47383099699992],[112.59751745,-7.47378498599994],[112.597513769,-7.47375369999995],[112.597508248,-7.47369848699998],[112.597484322,-7.473628552],[112.59747328,-7.47359358399992],[112.597456716,-7.47355861599993],[112.597443833,-7.47352180799994],[112.597440153,-7.47348683999995],[112.597445674,-7.47344819199996],[112.597454876,-7.47341322399998],[112.597465918,-7.47339481999995],[112.597484322,-7.47337089500001],[112.597537694,-7.47331936299998],[112.5975653,-7.473297278],[112.597576343,-7.47327335299998],[112.597576343,-7.47320341700002],[112.597570822,-7.47317397099996],[112.597567141,-7.47314084399995],[112.597572662,-7.47306170599995],[112.597629715,-7.47275251699994],[112.597640757,-7.47270098599996],[112.597646278,-7.47267337999994],[112.597666523,-7.472612646],[112.597711613,-7.47253627000001],[112.597753706,-7.47243845299993],[112.597808234,-7.47231173999996],[112.597837681,-7.47221971899996],[112.597845042,-7.47219027299994],[112.597848723,-7.47216450699995],[112.597850564,-7.47212953900001],[112.597850564,-7.47210929499995],[112.597850573,-7.47210911299991],[112.597852404,-7.47207248699994],[112.597856085,-7.47203015699997],[112.597856085,-7.47200071099995],[112.597867127,-7.47187188199995],[112.597870808,-7.47185899899997],[112.59788185,-7.47183415399997],[112.597895654,-7.4718093079999],[112.597911297,-7.47178170199996],[112.597929701,-7.47175409599991],[112.597948105,-7.47174121299997],[112.597956387,-7.471732011],[112.597965058,-7.47171987199994],[112.597965589,-7.47171912799994],[112.597974791,-7.47170716599993],[112.597981233,-7.47169152199993],[112.597991355,-7.47164367199996],[112.598018041,-7.47148815699994],[112.598043806,-7.47134552499996],[112.59806129,-7.47122313799998],[112.598081535,-7.47115780399998],[112.5981073,-7.47108234699995],[112.598125705,-7.47104921999993],[112.59814963,-7.47101977299998],[112.598169874,-7.47099584799998],[112.598237969,-7.47089094499993],[112.598252693,-7.47085965799993],[112.598263735,-7.47083573199997],[112.598267416,-7.47080444499992],[112.598265576,-7.47077131799994],[112.598260054,-7.47074371199994],[112.598250852,-7.47071794599997],[112.598249012,-7.47068665899995],[112.598254533,-7.47065905299995],[112.598274778,-7.47063328699995],[112.598282139,-7.47061488299992],[112.598296863,-7.47058727699995],[112.598309745,-7.47056151199993],[112.598328149,-7.47052102299995],[112.598342873,-7.47047133199992],[112.598348394,-7.47043268299997],[112.598351562,-7.47040945399994],[112.600382711,-7.47059021599998],[112.600928282,-7.47063634899998],[112.601110807,-7.47067445899994],[112.601287315,-7.47009880199994],[112.601497662,-7.46942296699994],[112.601527005,-7.46947187199993],[112.601614256,-7.469557117],[112.601838903,-7.46974365399994],[112.602177003,-7.46997776099996],[112.602195145,-7.46998847099997],[112.602253095,-7.47001844499995],[112.602390491,-7.47006758699996],[112.602582042,-7.47009967899991],[112.602812706,-7.47010770199997],[112.602973168,-7.47010770199997],[112.603119543,-7.47009576999994],[112.603157699,-7.47009265899993],[112.603247959,-7.47007861899996],[112.603316155,-7.47006959300001],[112.603377331,-7.47007761599997],[112.603450542,-7.47010669899994],[112.603532779,-7.47014280299992],[112.603679746,-7.47019262299997],[112.603743252,-7.47020378099994],[112.60375184,-7.47020528999998],[112.603767961,-7.47021411599997],[112.603874262,-7.47022403699997],[112.604082862,-7.47025211799996],[112.604285445,-7.47029825099995],[112.604406455,-7.47033858699995],[112.604538173,-7.47038249299995],[112.604678577,-7.470420603],[112.604690542,-7.470418782],[112.604975933,-7.47041207899996],[112.605094274,-7.47041308099993],[112.605112004,-7.47041630499998],[112.605148242,-7.470422893],[112.605149433,-7.47042310999997],[112.6051457,-7.47044246599995],[112.605122355,-7.47056351399996],[112.605688986,-7.47071996499997],[112.606409371,-7.470923026],[112.60643446,-7.47093215999995],[112.60663197,-7.47098384999992],[112.60718861,-7.47112865999996],[112.60739833,-7.47118145999998],[112.60745188,-7.47119714999997],[112.60763495,-7.47125015999995],[112.60801093,-7.47131217000002],[112.60836055,-7.47137990999993],[112.6084222,-7.47139313999997],[112.60868545,-7.47144960999997],[112.60868689,-7.47144991999996],[112.6090519,-7.47154592999996],[112.609060939,-7.47154758499992],[112.60919411,-7.47157196999998],[112.60919742,-7.47157258999994],[112.609286956,-7.47160121199993],[112.609564769,-7.47167047899993],[112.609874514,-7.47174770799998],[112.60992736,-7.47176306999993],[112.609951013,-7.47176994499994],[112.60995127,-7.47177001999991],[112.61020963,-7.47065163999996],[112.61021875,-7.47065423999991],[112.61028291,-7.47054476999992],[112.61419818,-7.47139691999998],[112.61430776,-7.47148823999994],[112.61437089,-7.47149514999996],[112.61433981,-7.47162296999994],[112.61433752,-7.47166187999994],[112.614337484,-7.47166249299991],[112.61433696,-7.47167142999995],[112.61432523,-7.47187043],[112.61432134,-7.47193639999996],[112.61442353,-7.47242278999997],[112.614435509,-7.47247979699992],[112.61446114,-7.47260177999994],[112.61458046,-7.47303220999994],[112.614535676190926,-7.473410269940796],[112.6144853,-7.47383553999992],[112.61429066,-7.47426712999993],[112.614254535,-7.474329461],[112.614221015,-7.474492034],[112.614261965,-7.47463212899992],[112.614315848,-7.47468170099997],[112.614410681,-7.47472480699997],[112.614465268,-7.47479876299998],[112.614477496,-7.47481532899994],[112.614535689,-7.47498775399991],[112.614565863,-7.47506749999997],[112.61459927,-7.47513646899995],[112.614605694,-7.47516047499994],[112.614616328,-7.4752002129999],[112.614617771,-7.47524853899997],[112.614610495,-7.475343133],[112.61457957,-7.47552686299995],[112.614543888,-7.47568435499993],[112.614185008,-7.47622910499995],[112.614041112,-7.47632363499998],[112.613928327,-7.476414591],[112.613804627,-7.47653829099993],[112.613755511,-7.47660014099997],[112.613711852,-7.47668018199996],[112.61367547,-7.47678387099995],[112.613648183,-7.47692030499997],[112.613617849,-7.47707749299995],[112.61358183,-7.47720102599992],[112.61358129,-7.477200839],[112.613557476,-7.47726710399994],[112.613462643,-7.477458925],[112.613433242,-7.477536103],[112.613376431,-7.47768523199991],[112.613312507,-7.47779024999994],[112.612934548,-7.477871668],[112.612090215,-7.47813779899997],[112.61185735,-7.47824076599996],[112.611736958,-7.47827720099996],[112.611455778,-7.47828116099995],[112.611327464,-7.4782700719999],[112.611287518,-7.47827105899997],[112.611199151,-7.47827324099994],[112.611137371,-7.47828670599994],[112.61111582,-7.47830450799993],[112.611100936,-7.478316804],[112.611091431,-7.47833264499997],[112.611059749,-7.47837541599993],[112.611026483,-7.47842135499994],[112.610967871,-7.47847996699994],[112.610774609,-7.47870174299994],[112.610639959,-7.47888391600001],[112.610625702,-7.47889183699995],[112.610560753,-7.47891559899995],[112.610527487,-7.47892193499998],[112.610470459,-7.47892827199996],[112.61039759,-7.47891084599996],[112.610331057,-7.47890609399996],[112.610194823,-7.47891401499993],[112.610151715,-7.47893188899995],[112.610129874,-7.478940945],[112.610023739,-7.478990052],[112.609919187,-7.47899955699994],[112.609773449,-7.47895836999993],[112.609632573,-7.47886786299992],[112.609632052,-7.47886801399992],[112.609534257,-7.47879035399995],[112.609451719,-7.47870400599994],[112.609416015,-7.47866665399997],[112.609352346,-7.47852112499993],[112.609314144,-7.47838105299998],[112.609279581,-7.47827008699994],[112.609263209,-7.47812091999996],[112.609248656,-7.47786442499996],[112.609210455,-7.47772253399996],[112.609183168,-7.47767341799994],[112.60913769,-7.47763521599997],[112.609024905,-7.47757154699997],[112.608732993,-7.47740794799997],[112.6087114,-7.47738028999994],[112.60844244,-7.47721140999992],[112.60821424,-7.47719754999994],[112.60809,-7.47719],[112.60796,-7.4772],[112.60783,-7.47726],[112.607755303,-7.47730564499992],[112.60759008,-7.47740660999996],[112.607472491,-7.47747847799994],[112.607371305,-7.47759346199994],[112.607365293,-7.47760548599997],[112.607190713,-7.47782963699998],[112.60706355,-7.47793955799995],[112.606992425,-7.47799128499996],[112.606817846,-7.47803008099993],[112.606562443,-7.47807103099995],[112.606408113,-7.47807749999994],[112.606382475,-7.47807857499995],[112.60621975,-7.47811305999996],[112.606124916,-7.478158321],[112.606034394,-7.47822944599994],[112.606004395,-7.47826998499992],[112.605954647,-7.47833721099993],[112.605683079,-7.47876503899996],[112.60563674,-7.478829698],[112.605559149,-7.47889435699993],[112.605468627,-7.47892129799992],[112.605383492,-7.47891806499996],[112.605286852,-7.47887884899995],[112.60526801,-7.47887570999993],[112.60517599,-7.47882906999997],[112.60510165,-7.47879137999995],[112.60507516,-7.47878618999993],[112.604986745,-7.47878009499995],[112.604986621,-7.47878008599996],[112.6049858,-7.47878002999991],[112.604983364,-7.47877986199996],[112.60498179,-7.47877975299996],[112.604979361,-7.478779586],[112.604938002,-7.47880693099994],[112.604852181,-7.47886367199994],[112.604787469,-7.47892716299997],[112.60477345,-7.47893994999993],[112.60462193,-7.47907814899994],[112.604452752,-7.47933282499996],[112.604434765,-7.47936534899998],[112.604319957,-7.47957294799995],[112.604215601,-7.47984898499993],[112.604150779,-7.48002044999991]]]]}},
{"type":"Feature","properties":{"kdkab":"15","kdkec":"020","nmkab":"SIDOARJO","nmkec":"PRAMBON","kddesa":"011","kdprov":"35","nmdesa":"KEDUNGWONOKERTO","nmprov":"JAWA TIMUR","iddesa":"3515020011"},"geometry":{"type":"MultiPolygon","coordinates":[[[[112.56948411,-7.46425537999994],[112.56948407,-7.46425482999997],[112.5694838,-7.46425466999993],[112.56947884,-7.46418422999996],[112.56947292,-7.46410439999993],[112.56941,-7.46398],[112.56927721,-7.46390868],[112.56922122,-7.463891],[112.56917098,-7.46387565],[112.56916864,-7.46386233999991],[112.5691486,-7.46375210999995],[112.569144997,-7.46374872300001],[112.56912878,-7.46373347999998],[112.56912488,-7.46372980999998],[112.56904,-7.46365],[112.56900321,-7.46353960999993],[112.56895317,-7.46344510999996],[112.56893978,-7.46343676999995],[112.56877394,-7.46333830999993],[112.56871469,-7.463251],[112.5686674,-7.46318166999991],[112.56863427,-7.46307672999998],[112.56858304,-7.46298860999994],[112.56858123,-7.46298552999997],[112.56846,-7.4628],[112.56833,-7.46282],[112.56819,-7.46284],[112.568172056,-7.46284239299994],[112.56804,-7.46286],[112.5678,-7.4629],[112.56747,-7.46296],[112.56724504,-7.46302454999993],[112.56708938,-7.46304731],[112.56695911,-7.46306363999997],[112.566876055,-7.463071471],[112.56683322,-7.46307550999996],[112.5668193,-7.46307682999994],[112.5667367,-7.46308980999993],[112.56663189,-7.4631123899999],[112.56661992,-7.46311262999996],[112.56660988,-7.46311462999996],[112.56651911,-7.46311462999996],[112.56643801,-7.46311624999991],[112.56634266,-7.46311975999992],[112.56619555,-7.46311462999996],[112.56589736,-7.46311462999996],[112.56587222,-7.46311507999997],[112.56563931,-7.46311848999993],[112.565602283,-7.46311902599994],[112.565602,-7.46311902999995],[112.56552506,-7.46337185999994],[112.56550959,-7.46339823999997],[112.56550771,-7.46340507],[112.56546828,-7.46347294999991],[112.56514575,-7.46438735000001],[112.56480883,-7.46427045999998],[112.56479718,-7.46427157999995],[112.56459014,-7.46421332999997],[112.564462835,-7.46417751399997],[112.564353223274992,-7.464147365848937],[112.56395457,-7.46403451999994],[112.56376347,-7.46395424999997],[112.56363342,-7.46389963],[112.56359931,-7.46388787999998],[112.56312774,-7.46372538000001],[112.56302911,-7.46369690999994],[112.562722381,-7.46361850199998],[112.56265,-7.4636],[112.56243,-7.46358],[112.56210863,-7.46354785999994],[112.56187641,-7.46352977000001],[112.561528072,-7.46343692699998],[112.56149124,-7.46342710999995],[112.56138066,-7.46338802999998],[112.56132,-7.46337],[112.56129787,-7.46336276999994],[112.5612697,-7.46335356000001],[112.5608,-7.4632],[112.56034138,-7.46315936999998],[112.56023588,-7.4631228399999],[112.55996664,-7.46303241999991],[112.5599549,-7.46302554999994],[112.5597899,-7.46292901999994],[112.55979005,-7.46292825699993],[112.55980118,-7.46287167],[112.55984503,-7.46264876999996],[112.5599001,-7.46235251000001],[112.560153,-7.46132741999998],[112.56060479,-7.45986952999991],[112.56083447,-7.45907655999998],[112.560842286,-7.45905642],[112.560582168616534,-7.459011529768119],[112.560586988891046,-7.458951276336744],[112.560623545138824,-7.458737161171213],[112.56065624616474,-7.458595637368762],[112.560678379510477,-7.458476045115688],[112.56075158,-7.45817811999994],[112.56075175,-7.45807630999996],[112.56062914,-7.45800856999996],[112.56068436,-7.45796138999997],[112.56096873,-7.45746335999995],[112.56106415,-7.45712363999997],[112.561133796740478,-7.456444479209229],[112.561332037650274,-7.456093105321219],[112.561126127092152,-7.456038767812825],[112.561110410492844,-7.45589446085547],[112.561062344,-7.45591077699993],[112.561067292967635,-7.455897657039976],[112.561077956520975,-7.455869387428357],[112.561031182099981,-7.455766797005751],[112.560979481836227,-7.45570680621728],[112.560925760000103,-7.455625734192669],[112.560857757047785,-7.455546241323879],[112.56078582338435,-7.455398518364238],[112.56123566466772,-7.455449270109367],[112.56124692,-7.45540663999996],[112.56144846,-7.45464331999994],[112.56150788,-7.45441824999994],[112.561523793258957,-7.454376366358462],[112.56159864,-7.45417936999996],[112.5617442,-7.45389252999998],[112.561867923363863,-7.453500740590548],[112.561959895,-7.45320949799997],[112.56197538,-7.45316044999994],[112.56211885,-7.45309307999998],[112.56242461,-7.45294949],[112.56284622,-7.45279751999994],[112.56310209,-7.45267621999994],[112.563208240304647,-7.452624573750044],[112.56333424,-7.4525632699999],[112.56342669,-7.45251827999994],[112.563446545,-7.4525134149999],[112.56344979,-7.45251261999994],[112.56414873,-7.45234145999994],[112.56446273,-7.45217150999996],[112.56487146,-7.45207555999998],[112.564947071,-7.452069],[112.564972,-7.45209437999997],[112.56506677,-7.45206910799994],[112.56506755,-7.45206889999996],[112.565067563593203,-7.45206906724701],[112.565101657,-7.45206913899997],[112.56516994,-7.45208156499996],[112.565715311,-7.4521808129999],[112.566016056,-7.45223388499995],[112.566227242,-7.45229359199992],[112.56644285,-7.45238536399996],[112.566872961,-7.45265957299993],[112.56704987,-7.45280773499997],[112.567191397,-7.45292272599996],[112.567277641,-7.45303108299996],[112.567397054,-7.45319914699994],[112.567516468,-7.45331856],[112.567677898,-7.45343576299996],[112.567910091,-7.45360603799996],[112.567913599,-7.45360754099994],[112.568126805,-7.45369891499995],[112.568573501,-7.45380727199997],[112.568701767,-7.45382864999993],[112.56878,-7.45361],[112.56879774,-7.45361129],[112.568933876753476,-7.453615149002299],[112.56905366,-7.45361736999998],[112.56948117,-7.45362888999994],[112.569574188,-7.453661675],[112.56968318,-7.45370008999992],[112.56968352,-7.453699],[112.56983565,-7.45375382999992],[112.5700454,-7.45382942999993],[112.570172293520429,-7.453871724927621],[112.57015554,-7.45394638999996],[112.57015544,-7.45394669999997],[112.57010471,-7.45410373999992],[112.56974679,-7.45521596000001],[112.56952552,-7.45589973999996],[112.56947195,-7.45606647999994],[112.56945809,-7.456109],[112.56877672,-7.45595165000002],[112.56877662,-7.45595198999995],[112.56877596,-7.45595183999995],[112.56858054,-7.45657646599994],[112.568472695,-7.45692117199997],[112.569701805,-7.45724735899996],[112.571806207,-7.45780583499992],[112.572158101,-7.45672826699995],[112.57217274,-7.45668507499992],[112.572177949,-7.45666970599998],[112.572203181,-7.45659400899995],[112.573326348,-7.45689091399996],[112.574056496,-7.45707785299993],[112.574252272,-7.45712961399995],[112.574255169,-7.45711947499997],[112.574610039,-7.455368156],[112.574612636,-7.45535499199997],[112.574624183,-7.45535799599997],[112.575028704,-7.4554469309999],[112.575588356,-7.45558489199994],[112.575830439,-7.45563695199998],[112.575834438382728,-7.455637655111219],[112.576318390721212,-7.455718259875293],[112.577358421,-7.45590636699996],[112.577774907,-7.456006584],[112.577761892,-7.45652588899996],[112.577765797,-7.45660788499992],[112.577786621,-7.45665864399998],[112.577838682,-7.45671200699997],[112.577868617,-7.45673413199996],[112.577921979,-7.45675235399994],[112.577972738,-7.45675625799992],[112.578046925,-7.45675365499997],[112.578114604000021,-7.45674454499996],[112.578175775,-7.45673543399993],[112.578273389,-7.45671330799997],[112.578338465,-7.45670419699996],[112.578410048,-7.45670549899997],[112.578531089,-7.45673152899995],[112.578756252,-7.45677968599993],[112.578872087,-7.45681222299993],[112.578938465,-7.45685387199994],[112.578951006,-7.45686776899996],[112.578986621,-7.45690723399996],[112.579012651,-7.45698662699992],[112.579067315,-7.45749682199995],[112.579067569,-7.45750058999994],[112.579115471,-7.45821005399993],[112.579113891,-7.458260277],[112.579108722,-7.45842453499996],[112.579103758,-7.45858228799995],[112.579049885,-7.46040661699993],[112.579057149,-7.46077302099994],[112.579060157,-7.46092477699998],[112.579066664,-7.46164191399994],[112.579057879573213,-7.461996318030111],[112.579009861982499,-7.462006756636788],[112.578901300473063,-7.462013019800795],[112.578759335422248,-7.462010932079459],[112.578515072025994,-7.462007800497456],[112.57851101,-7.46205961999995],[112.57851062,-7.46208214999997],[112.57851,-7.46209],[112.57851,-7.462118],[112.57851,-7.46212818000001],[112.57851,-7.46215616399997],[112.57851,-7.46216],[112.578482451380083,-7.462300342449589],[112.578472795668901,-7.462388026745681],[112.578467576365568,-7.4624391759184],[112.578456093898225,-7.462519031259481],[112.578442001779209,-7.462626548908257],[112.578432607033193,-7.462750768327716],[112.578417992983844,-7.462778952565745],[112.57839,-7.46278],[112.578236883157999,-7.462788869242088],[112.57820597,-7.46277317999994],[112.578092308455581,-7.462750246397384],[112.577972786409106,-7.462723106020021],[112.577911198629721,-7.462705882319003],[112.577850654711,-7.462688136687651],[112.577782281837258,-7.462669347195632],[112.577704532518595,-7.462650807740486],[112.577627790458436,-7.462632812072262],[112.577205026888024,-7.462540952333502],[112.577071934652892,-7.462521118980816],[112.577024960922842,-7.462522162841483],[112.576960241561451,-7.462535733030164],[112.576912223970737,-7.462561829546857],[112.576842285305986,-7.462607759416237],[112.576846535,-7.46269682699993],[112.576268697,-7.46654756699993],[112.576268294,-7.466550253],[112.576237998,-7.46653510499992],[112.576208291,-7.46653227599997],[112.576177876,-7.46653864199991],[112.576169786,-7.46654071599993],[112.57615029,-7.46654571499991],[112.576127656,-7.46654783699997],[112.576097948,-7.46654571499991],[112.576066826,-7.46654217899991],[112.575988313,-7.46650398299996],[112.575920612,-7.46647062399995],[112.575890702,-7.46645588499996],[112.575761262,-7.46639929899996],[112.575675676,-7.46636393299994],[112.575622627,-7.46634766499996],[112.575536333,-7.46633634799996],[112.575477625,-7.46633846999991],[112.575435186,-7.46634483499997],[112.575430942,-7.46634624999997],[112.575379307,-7.46635686],[112.575277581,-7.466384411],[112.57520955,-7.46640283599991],[112.575143525,-7.46643509199993],[112.57511689,-7.46644810499993],[112.575090719,-7.46647286099993],[112.575061719,-7.46650327599996],[112.575046865,-7.46651742199998],[112.575000182,-7.46655278899994],[112.574949962,-7.46657612999996],[112.574870034,-7.46660230099997],[112.574801424,-7.46660442299996],[112.574715838,-7.46660017899995],[112.574695637,-7.466593399],[112.574614691,-7.46656622799996],[112.574549617,-7.46653015399993],[112.574484543,-7.466468617],[112.574375615,-7.46631937199995],[112.574251126,-7.46620478499993],[112.574150686,-7.46614254099997],[112.574020539,-7.46608453999994],[112.57389605,-7.46603785699995],[112.573772975,-7.46602229599998],[112.573715784,-7.46602792099993],[112.573686682,-7.46603078399996],[112.573631511,-7.466049174],[112.573580583,-7.46609868699995],[112.573502778,-7.46619629699998],[112.573464582,-7.46626420099993],[112.573379703,-7.46644668999993],[112.573307556,-7.46657117899996],[112.573207117,-7.46667161899992],[112.573127896,-7.46670274099994],[112.573064237,-7.46670274099994],[112.573024627,-7.46667727799995],[112.573019912,-7.46667203799994],[112.5729737,-7.46662069199994],[112.572883162,-7.466480642],[112.572847796,-7.46640707999996],[112.572844967,-7.46636746999997],[112.572861943,-7.46631371299998],[112.572902967,-7.46625005399994],[112.57291287,-7.46618639499996],[112.572904382,-7.46615102899993],[112.57287043,-7.46607746699996],[112.572765747,-7.46593458799994],[112.57271199,-7.46589922199997],[112.572655404,-7.465882246],[112.572603062,-7.465882246],[112.572532248,-7.46590099099994],[112.572458768,-7.46592044099998],[112.572064082,-7.46616376099996],[112.571853299,-7.46626844399995],[112.571779737,-7.46628259099997],[112.571709005,-7.46628966399996],[112.571584516,-7.46627268799997],[112.571563682,-7.46625298099998],[112.571532174,-7.46622317599995],[112.571526267,-7.46621119699996],[112.571481247,-7.46611990699994],[112.571379392,-7.46587234299994],[112.571303001,-7.46580161099998],[112.571154463,-7.46571390299995],[112.570983291,-7.46565307299997],[112.570691908,-7.46557899200001],[112.57068077,-7.46557505999995],[112.57055729,-7.46542308999996],[112.5705351,-7.46539609999997],[112.57046024,-7.46526880999994],[112.57042586,-7.46521355999993],[112.57039262,-7.46516477999996],[112.57034486,-7.4650955299999],[112.57032667,-7.46507030999994],[112.57014395,-7.46492081],[112.56999,-7.46466],[112.56989791,-7.46459647999992],[112.56983397,-7.46453727999994],[112.56974214,-7.46445284999993],[112.56962924,-7.46433927999996],[112.56959337,-7.46431840999997],[112.569490466,-7.46425904599995],[112.56948411,-7.46425537999994]]]]}},
{"type":"Feature","properties":{"kdkab":"15","kdkec":"020","nmkab":"SIDOARJO","nmkec":"PRAMBON","kddesa":"004","kdprov":"35","nmdesa":"WIROBITING","nmprov":"JAWA TIMUR","iddesa":"3515020004"},"geometry":{"type":"MultiPolygon","coordinates":[[[[112.580101,-7.48681898999994],[112.58007994,-7.48673382999993],[112.58007987,-7.48673353999991],[112.580055,-7.48663298999997],[112.58001317,-7.4864937899999],[112.57999539,-7.48643462999996],[112.579994,-7.48642998999998],[112.57999181,-7.48642768999995],[112.579956,-7.48638998999996],[112.579819,-7.48627199],[112.57973249,-7.486225834],[112.579491,-7.48609698999996],[112.579422,-7.48606498999994],[112.578979,-7.48583298999992],[112.578796,-7.48561698999995],[112.57873364,-7.48550521999994],[112.578613,-7.48528898999996],[112.578186,-7.48441598999996],[112.577995,-7.48414698999992],[112.57792623,-7.48410376999996],[112.57782,-7.4840369899999],[112.577599,-7.48396399],[112.577408,-7.48394998999994],[112.577011,-7.48399498999992],[112.576843,-7.48397798999998],[112.576752,-7.48395898999995],[112.576553,-7.48390598999995],[112.576309,-7.48383698999992],[112.576187,-7.48379198999992],[112.576073,-7.48374498999995],[112.57596305,-7.48367580999993],[112.575806,-7.48357698999998],[112.575644115,-7.48342400999997],[112.57561494,-7.48339643999997],[112.575569,-7.48335298999995],[112.575432,-7.48327298999994],[112.57535927,-7.48325288999995],[112.575157,-7.48319698999996],[112.574921,-7.48317498999995],[112.574906196,-7.48317725299994],[112.57478302,-7.48319607999997],[112.574692,-7.48320998999998],[112.57454075,-7.4832499799999],[112.573769,-7.48345398999993],[112.573532,-7.48345799],[112.57336887,-7.48341941999996],[112.573318,-7.48340698999991],[112.57322949,-7.48336941499998],[112.573212,-7.48336198999993],[112.5731951,-7.48334414999996],[112.573158,-7.48330498999995],[112.573029,-7.48316298999994],[112.572899,-7.48300898999998],[112.572754,-7.48273398999992],[112.572647,-7.48249598999996],[112.572586,-7.48222598999998],[112.572555,-7.48208498999996],[112.57254,-7.48203498999994],[112.57229749,-7.48155871999995],[112.5722974,-7.48155854],[112.57242871,-7.48149693999992],[112.57252993,-7.48134180999992],[112.57253022,-7.48134233999996],[112.57255152,-7.48130970999992],[112.5726128,-7.48117950999992],[112.572647955,-7.48112214899992],[112.57268556,-7.48106078999995],[112.57274418,-7.48095005999994],[112.57275527,-7.48092925999992],[112.57284257,-7.48078122999996],[112.57285658,-7.48074232999993],[112.57287657,-7.48068691999993],[112.57289316,-7.48065640999997],[112.57299552,-7.48046470999998],[112.57306119,-7.48029720999994],[112.57311448,-7.48017997999998],[112.57315654,-7.48001552999992],[112.57315661,-7.48001530999991],[112.57321405,-7.47982381999998],[112.57321456,-7.47982212999995],[112.57323698,-7.47975037999994],[112.57325795,-7.47967860999995],[112.57326383,-7.47965915000001],[112.57327568,-7.47962741999991],[112.57331113,-7.47953737999996],[112.5733241,-7.47950645999995],[112.57332828,-7.47949679999996],[112.57335343,-7.47943855999995],[112.573355717,-7.47943325199996],[112.57335574,-7.47943319999996],[112.5737764,-7.47957019999996],[112.573787785,-7.479573622],[112.57382488,-7.47958476999998],[112.57429795,-7.47972691999993],[112.57431581,-7.47972972000001],[112.57466057,-7.47978332999998],[112.57472775,-7.47979379000001],[112.574855808,-7.47980541999992],[112.575277879,-7.47989279099997],[112.575517132,-7.47996098999995],[112.575616677,-7.47998936499993],[112.575872907,-7.48006240199995],[112.576242714,-7.48013052399995],[112.576265091,-7.48013336599994],[112.576417886,-7.48015276900001],[112.576572204,-7.48014998799994],[112.57682384,-7.48009854899991],[112.577282623,-7.47989140099995],[112.57751273,-7.47976954599995],[112.577847065,-7.47959249699992],[112.578022237,-7.47952159399997],[112.578089842,-7.47950039299995],[112.578257189,-7.47944791099995],[112.578394824,-7.47942705699991],[112.578521337,-7.47943817899991],[112.578577164,-7.47944979599994],[112.578520903,-7.47940232599996],[112.578380487,-7.4793328129999],[112.578267877,-7.47929805699995],[112.57811773,-7.47926608099993],[112.57784246,-7.47920768999997],[112.577842503,-7.47920724699996],[112.577846631,-7.47916459299998],[112.577923094,-7.47857929699995],[112.57751101,-7.47850580399996],[112.57759573,-7.47810126999996],[112.57764141,-7.47810578999997],[112.57785684,-7.47812608999992],[112.5780762,-7.47814878999995],[112.57810851,-7.47815198999996],[112.57812328,-7.47808778999998],[112.5781357,-7.4780314399999],[112.578232692,-7.47760838999995],[112.57823271,-7.47760830999993],[112.57905223,-7.47788990999996],[112.57905264,-7.47788833999992],[112.579075374,-7.47789445899996],[112.57907637,-7.47789148999992],[112.57907671,-7.47789157999993],[112.57910642,-7.47780238999994],[112.57915951,-7.47762289999998],[112.579231576,-7.47745439499995],[112.579667424,-7.476350015],[112.579707539,-7.47628582999992],[112.579779747,-7.47626577299996],[112.579906111,-7.47629184799996],[112.580424583,-7.47643808399997],[112.58045118,-7.476434759],[112.580467782,-7.47642265899998],[112.580480765,-7.47641319699998],[112.580531411,-7.47631290799996],[112.580885405,-7.47506239199994],[112.58101576,-7.47463780299997],[112.581064499,-7.47447905199997],[112.58112803,-7.47427211999998],[112.581156209,-7.47428266499997],[112.583068702,-7.47494593099996],[112.583698851,-7.47516063699992],[112.58371791,-7.47517003999998],[112.583718781,-7.47517042999993],[112.58387132,-7.47523875999996],[112.5842,-7.47538],[112.58436,-7.47545],[112.584397325,-7.47545644299992],[112.584723635,-7.47560766],[112.586219942,-7.47615323],[112.587052495,-7.47645882999998],[112.587222965,-7.47652140299992],[112.58724809,-7.47652660999995],[112.587312959,-7.47654005199995],[112.58731382,-7.47654022999998],[112.58727547,-7.47665253999998],[112.58727273,-7.47680046999994],[112.58720972,-7.47689087999993],[112.58714398,-7.47697305999998],[112.58716863,-7.47717851999993],[112.58694126,-7.47753738999995],[112.58696043,-7.47762230999995],[112.58684812,-7.47778119999995],[112.58657417,-7.47826881999994],[112.58648103,-7.47852906999994],[112.58628653,-7.47870438999997],[112.58617147,-7.47896738000001],[112.58604272,-7.47903037999993],[112.58598793,-7.47910434999993],[112.58586438,-7.4792462],[112.58573252,-7.47963698999996],[112.58574464,-7.47964110999993],[112.58570049,-7.47974000999993],[112.585698878,-7.47974361999995],[112.585692113,-7.47975877399996],[112.585506616,-7.48017429199995],[112.58539424,-7.48042601799996],[112.58538377,-7.48044946999994],[112.58537287,-7.48044445999994],[112.5850925,-7.48118492999993],[112.5849687,-7.48151988999993],[112.584601602,-7.48206398799996],[112.58460158,-7.48206401999994],[112.58483171,-7.48221566999994],[112.58518921,-7.48245126999994],[112.585200925,-7.48245643799993],[112.585424361,-7.48260933899993],[112.58552034,-7.48265188200001],[112.585376867,-7.48302132299994],[112.585149291,-7.48347852499997],[112.584993473,-7.48383321499996],[112.584959329,-7.48396453699995],[112.584956609,-7.483975],[112.58492183,-7.48410876499998],[112.584851532,-7.48436781899993],[112.584843807,-7.484392928],[112.584722843,-7.48484192899995],[112.584644466,-7.485283688],[112.584587528,-7.48560461499996],[112.584491167,-7.48599825899996],[112.584476815,-7.48613152399996],[112.584468811,-7.48692794499992],[112.58433299,-7.4875757099999],[112.58401364,-7.48920573],[112.58402163,-7.48920694999992],[112.58401319,-7.48931235999992],[112.584604708,-7.48948906399992],[112.584055493,-7.49101466199992],[112.583647533,-7.4921829109999],[112.583434326,-7.49279345799995],[112.583404856,-7.49277884399994],[112.58282931,-7.49249343999996],[112.58282925,-7.49249340999992],[112.58229982,-7.49219836999992],[112.58185928,-7.49193156999995],[112.5818271,-7.49189117999992],[112.58162783,-7.49164098999995],[112.581627,-7.49163998999994],[112.581184,-7.49082798999997],[112.581108,-7.49074598999992],[112.580978,-7.49060798999996],[112.580971932,-7.49059400699997],[112.580955,-7.49055498999997],[112.580933,-7.49051098999993],[112.58089773,-7.49045899000001],[112.580681,-7.49013598999993],[112.580437,-7.48983498999998],[112.580383,-7.48973398999993],[112.580185,-7.48937898999997],[112.579941,-7.48894198999996],[112.57988,-7.48868598999996],[112.57987842,-7.48867029999997],[112.579834,-7.48822998999997],[112.579887,-7.48785798999998],[112.579971,-7.48750998999997],[112.580093,-7.48702698999995],[112.580094939,-7.48697658099998],[112.580101,-7.48681898999994]]]]}},
{"type":"Feature","properties":{"kdkab":"15","kdkec":"020","nmkab":"SIDOARJO","nmkec":"PRAMBON","kddesa":"014","kdprov":"35","nmdesa":"KEDUNGKEMBAR","nmprov":"JAWA TIMUR","iddesa":"3515020014"},"geometry":{"type":"MultiPolygon","coordinates":[[[[112.591899144,-7.46691796399994],[112.591847612,-7.46684802799992],[112.591810804,-7.46678177299998],[112.591803442,-7.46672287999998],[112.591811959,-7.46666326599995],[112.591816325,-7.46665662599997],[112.591849453,-7.46659957299996],[112.591860495,-7.46655356299992],[112.591862335,-7.46651675499993],[112.591862335,-7.46648178699994],[112.591853133,-7.46641369199996],[112.591825527,-7.46629958599996],[112.591805283,-7.46622228899996],[112.591803442,-7.46615971499994],[112.591821846,-7.46607137599994],[112.591858655,-7.46595726999993],[112.591904665,-7.46582660099991],[112.591954356,-7.46571065599997],[112.591963558,-7.46555606099998],[112.591952515,-7.46546220099998],[112.591921229,-7.46532232999992],[112.591889942,-7.46512356599994],[112.591888101,-7.464981854],[112.591893622,-7.46480885599994],[112.591899144,-7.46465426099997],[112.591930431,-7.46448126299996],[112.591965398,-7.46431194599998],[112.591948835,-7.46410397899996],[112.591930431,-7.46391441699993],[112.59188442,-7.46369540899997],[112.591880309,-7.46362611099993],[112.591871538,-7.46347824099996],[112.591866016,-7.46342854999994],[112.591848451,-7.46341800999995],[112.591847612,-7.46341750699998],[112.591752477,-7.46342527299995],[112.591683986,-7.46343086399997],[112.591667252,-7.46343222999998],[112.591501615,-7.46341382599996],[112.591472093,-7.46340205999998],[112.59129191,-7.46333024799997],[112.59123092,-7.46329762999991],[112.591228663,-7.46329642099995],[112.59103,-7.46319],[112.59087,-7.46314],[112.59074,-7.4631],[112.59063,-7.46307],[112.5906124,-7.46306412999996],[112.59054,-7.46304],[112.59052526,-7.46303061999992],[112.59043,-7.46297],[112.59033,-7.46289],[112.59024,-7.46282],[112.59012987,-7.46271834],[112.59011,-7.4627],[112.590097358547339,-7.462673131190547],[112.590088224766475,-7.462652775907532],[112.590075698438469,-7.46263189869418],[112.590062972843725,-7.462594357262145],[112.590014237718535,-7.462454399979563],[112.589985790595904,-7.462375625209304],[112.589961802428661,-7.46231687867729],[112.589948584458966,-7.462267923233946],[112.589942709805754,-7.462227290215971],[112.589932918717096,-7.46216315858519],[112.589927559261568,-7.462081646222566],[112.589926196250431,-7.462037212059601],[112.589927559261568,-7.461995231316678],[112.589930830488285,-7.461965245071733],[112.58993382911278,-7.4619486163359],[112.589933660521268,-7.461942547041433],[112.589951015287269,-7.461892036841475],[112.589943556203323,-7.461881594123959],[112.589904505288956,-7.46183778169133],[112.589867448235267,-7.461792895682625],[112.589812123619879,-7.461736527206577],[112.589776632357186,-7.461707821038219],[112.589729658627149,-7.461674939427191],[112.589692079643115,-7.461668154332852],[112.589640177129553,-7.461665779715695],[112.58962574,-7.46165847000001],[112.589622387,-7.46165677299994],[112.589607092,-7.46165260199996],[112.589585686,-7.46164870999995],[112.589562333,-7.46164481799996],[112.589542873,-7.46164189899996],[112.589505898,-7.46163800699998],[112.589477681,-7.46163703399997],[112.589441679,-7.46163606099996],[112.589411516,-7.46163216899996],[112.589385244,-7.46162827699992],[112.589352162,-7.46162341199992],[112.589332702,-7.46161757299997],[112.589304484,-7.46159032899993],[112.589291835,-7.46157476099997],[112.589255833,-7.46154751599993],[112.589185445,-7.46151588099996],[112.5889735,-7.4614875199999],[112.58887155,-7.46147348999992],[112.58884281,-7.46147002999992],[112.588731952,-7.46145519399994],[112.588687593,-7.46146091799995],[112.588566939,-7.46148426999998],[112.588545533,-7.46149010799997],[112.58850272,-7.46149789299995],[112.588469637,-7.46149789299995],[112.588382066,-7.46149400099995],[112.588341199,-7.46149789299995],[112.588265304,-7.46150956899989],[112.588261412,-7.46151151499991],[112.588206923,-7.46152124500001],[112.588183571,-7.46152319099997],[112.588152435,-7.46152319099997],[112.588131028,-7.46151735299996],[112.588074593,-7.46151346099996],[112.588010374,-7.46152319099997],[112.587967562,-7.46153875899996],[112.587868314,-7.46158740999993],[112.587763229,-7.46163411499997],[112.587689438,-7.46163938499995],[112.587654251,-7.46164189899996],[112.587518029,-7.46164189899996],[112.58732148,-7.46162633099993],[112.587177474,-7.46159324799993],[112.587114035,-7.46155842699998],[112.587592221,-7.46018724199996],[112.587673215,-7.45995353199991],[112.58820461,-7.45842016699993],[112.58822075,-7.45837359499995],[112.588393013,-7.45837548799992],[112.588688809,-7.45832294499996],[112.588865898,-7.45788508799997],[112.588967091,-7.45764961899997],[112.589305701,-7.45767686299996],[112.590374071,-7.45781113899998],[112.590652353,-7.45784422199995],[112.590751601,-7.45785395199993],[112.590809982,-7.45785005999992],[112.59086447,-7.45784227599995],[112.590930635,-7.45783643799995],[112.591012369,-7.45783838399997],[112.591125238,-7.45784422199995],[112.591230324,-7.45783838399997],[112.591331518,-7.45782086899992],[112.591351225,-7.45782491899997],[112.591473578,-7.45785005999992],[112.5916098,-7.45785395199993],[112.591627314,-7.45782086899992],[112.592399736,-7.45483701699995],[112.592399983,-7.4548370279999],[112.592445833,-7.45464836499998],[112.592465614,-7.45465004699996],[112.59292852,-7.45468359099994],[112.593168359,-7.45470874899995],[112.594015343,-7.45489323999992],[112.595139064,-7.45516662299995],[112.595409093,-7.4552639],[112.595658998,-7.45539961099998],[112.595662349,-7.45540142999998],[112.595754595,-7.45556076399992],[112.595807497,-7.45563530699996],[112.595828392,-7.45566474999996],[112.595982694,-7.45579724899992],[112.596073262,-7.45585091899994],[112.596123578,-7.45589955799996],[112.596165508,-7.45595155099993],[112.596660281,-7.45629705299996],[112.596725691,-7.45634736899996],[112.596824646,-7.45644800099998],[112.596950436,-7.45653856899996],[112.597056099,-7.45659559399996],[112.597129896,-7.456637524],[112.597191952,-7.45667274499992],[112.597233882,-7.45668113099991],[112.597304324,-7.45666938999994],[112.597440177,-7.456644232],[112.597839349,-7.45658720799994],[112.598023841,-7.45657043599991],[112.598238522,-7.45654863199996],[112.598307287,-7.45654527799997],[112.598354249,-7.45655869499995],[112.598391147,-7.45657378999995],[112.598775225,-7.45678679399997],[112.598884242,-7.45684549599996],[112.598921141,-7.45688574899998],[112.598948969,-7.45693158399994],[112.59901893,-7.45697057799992],[112.599261071,-7.45710553899994],[112.599596526,-7.45724466899995],[112.599890036,-7.45736878099994],[112.600272436,-7.45751805099993],[112.600399903,-7.45758178499995],[112.600493826,-7.45762706899997],[112.600517307,-7.45764719599992],[112.60052737,-7.45767067599998],[112.600529047,-7.45769918899993],[112.60052737,-7.45774950399996],[112.600518984,-7.45777801699995],[112.6004743,-7.45785910999993],[112.6004737,-7.457860199],[112.600461959,-7.45791722399998],[112.600470345,-7.45794405899995],[112.600491549,-7.45796305399994],[112.600550851,-7.45801617899996],[112.600567623,-7.45805475399994],[112.600567623,-7.45808326599994],[112.600567623,-7.45810674699992],[112.600607876,-7.45811681],[112.600643097,-7.45812016499994],[112.600679995,-7.45812519599994],[112.600728634,-7.45814196799996],[112.6007605,-7.45817383499994],[112.600762178,-7.45819396099993],[112.600767209,-7.45822415099998],[112.600767209,-7.45826272599993],[112.600768886,-7.45829794699993],[112.600778949,-7.45832645999994],[112.600783981,-7.45834323199996],[112.60079069,-7.45837342099997],[112.60079069,-7.45840361099993],[112.600787335,-7.45843883199996],[112.600785658,-7.45846231299992],[112.600777272,-7.4585294],[112.600782304,-7.45856126699991],[112.600786937,-7.45857053399993],[112.600794044,-7.45858474799996],[112.600815848,-7.45860319699994],[112.60089803,-7.45861661499991],[112.600983637,-7.45862196499996],[112.601085876,-7.45862835499995],[112.601169736,-7.45863674099998],[112.601235661,-7.45866034700001],[112.601260586,-7.45866927199993],[112.601261686,-7.45866966599993],[112.601361775,-7.45870550599994],[112.601441442,-7.45872479400001],[112.601576456,-7.45875162899994],[112.601728242,-7.45877510999996],[112.601804974,-7.45878475399997],[112.601936634,-7.45878265699997],[112.602087162,-7.45877678699998],[112.602133704,-7.458778045],[112.602154669,-7.45878307599997],[112.60216447,-7.45878797699994],[112.60224201,-7.45885690999998],[112.60233767,-7.45891238999998],[112.602405676,-7.45893991899993],[112.602414639,-7.45894354699993],[112.602499141,-7.45897271099995],[112.602578592,-7.45898556399993],[112.602594154,-7.45897905699994],[112.602623336071915,-7.458970916109938],[112.602714024,-7.45894561699995],[112.60286746,-7.45892151399993],[112.602875256,-7.45891851899997],[112.602995617,-7.45889153199992],[112.603045586,-7.45886684199996],[112.603107901,-7.45881628399995],[112.603148367,-7.45878441299996],[112.603238557,-7.45873653399998],[112.60342808,-7.45871137599993],[112.603693077,-7.45869963599994],[112.603976523,-7.45871137599993],[112.604148436,-7.45873527599997],[112.604155981,-7.458739919],[112.604171096,-7.45874922099994],[112.604255776,-7.45878936599995],[112.6042627,-7.458796524],[112.604305254,-7.45884051999997],[112.604332927,-7.45894786099995],[112.604386598,-7.45927323699996],[112.604406724,-7.45941747599996],[112.604421819,-7.459440956],[112.60445704,-7.45945437399995],[112.604515742,-7.45947114599993],[112.604587861,-7.459497981],[112.604614696,-7.4595315249999],[112.604622805,-7.45956271200001],[112.6046365,-7.45961538499996],[112.604643941,-7.45964643499997],[112.604723714,-7.45997933599994],[112.604750549,-7.46011686599995],[112.604760612,-7.46020911199996],[112.604760612,-7.46023426999995],[112.604753903,-7.46025942799997],[112.604753903,-7.46025775099997],[112.604723714,-7.46029632599993],[112.604683461,-7.46032483899995],[112.604675116,-7.46032692499994],[112.604661238,-7.46033741699996],[112.604656207,-7.46035460899996],[112.604654949,-7.46036970399996],[112.604657045,-7.46040240899995],[112.604670044,-7.46050765299998],[112.604728745,-7.46065776199993],[112.604796672,-7.46078355199995],[112.6048755,-7.46095797999994],[112.604939234,-7.46111060499997],[112.604957683,-7.46120955899993],[112.604949297,-7.46142088599994],[112.604942588,-7.46150642299996],[112.604942588,-7.46152822599993],[112.604950974,-7.46154667599997],[112.604964391,-7.46155841599992],[112.605002967,-7.46158692799998],[112.605038188,-7.46160537699997],[112.605051606,-7.46161879499993],[112.6050667,-7.46164227599997],[112.605086827,-7.46168420599996],[112.60509689,-7.46175297099996],[112.605090181,-7.461779806],[112.605075086,-7.46180664099993],[112.605026448,-7.46184018499996],[112.604935879,-7.46187540599995],[112.604888918,-7.46189553199995],[112.604845311,-7.46192236699995],[112.604831893,-7.46193913899996],[112.604763128,-7.46202467599996],[112.604741324,-7.46206828399991],[112.604722875,-7.46214207999997],[112.604722662,-7.46214503399994],[112.604712812,-7.46228128699993],[112.604710772,-7.46232616399993],[112.604707781,-7.46239198199996],[112.604674237,-7.46247584199996],[112.604660819,-7.46249596799995],[112.60463063,-7.46253622099995],[112.604617212,-7.46255970199997],[112.604580314,-7.462620081],[112.604566896,-7.46268381399992],[112.60446291,-7.46287165999995],[112.604305254,-7.463163492],[112.604254938,-7.46326076999994],[112.604238166,-7.46334462899995],[112.604234811,-7.46338488199998],[112.604234811,-7.46345196999995],[112.604221394,-7.46349557699996],[112.604201267,-7.46352576699997],[112.604164369,-7.46354589299994],[112.604102313,-7.46355595599992],[112.604082187,-7.46356434199989],[112.604057029,-7.46358279099998],[112.604031871,-7.46360459499995],[112.604023485,-7.46365323299997],[112.604041934,-7.46377231399989],[112.604060383,-7.463876301],[112.604057029,-7.46392661599996],[112.604053674,-7.46395177399993],[112.604043611,-7.463985318],[112.604026839,-7.46402221699997],[112.603986586,-7.46408594999997],[112.60395472,-7.46412452499992],[112.603929562,-7.464148006],[112.603911113,-7.46417316399994],[112.603894341,-7.46426037799995],[112.603892663,-7.46432578899993],[112.603897695,-7.46436268699993],[112.603907758,-7.464384491],[112.603911113,-7.4644197119999],[112.60391279,-7.464485123],[112.603906081,-7.46452369799994],[112.603885955,-7.46455724199993],[112.603867505,-7.464589109],[112.603813835,-7.464678],[112.603766874,-7.46474341099996],[112.603740039,-7.46477695499995],[112.603718235,-7.46480882099995],[112.6036914,-7.46483901099997],[112.603669596,-7.46487926399996],[112.603659533,-7.46494467399994],[112.603617603,-7.46537739099996],[112.603602509,-7.46546292799995],[112.603580705,-7.46550317999989],[112.603547161,-7.46554846499992],[112.603485105,-7.46564238799995],[112.603456592,-7.46568934899992],[112.603444852,-7.46572121599996],[112.603438143,-7.46575308299998],[112.603423049,-7.46580507599996],[112.603397891,-7.46591073899998],[112.603384473,-7.46600801599996],[112.603384473,-7.46606504099998],[112.603377764,-7.46612374299996],[112.603357638,-7.46621934299997],[112.603348477,-7.46623651999995],[112.60334422,-7.46624450099996],[112.603324094,-7.466279722],[112.603300292,-7.46632516099991],[112.603287196,-7.46635016399995],[112.603240234,-7.46643821699995],[112.60323101,-7.46646672899992],[112.603227655,-7.46648517799994],[112.603222624,-7.46651117499991],[112.603221785,-7.46655310499996],[112.603220205,-7.46664551699998],[112.603220108,-7.46665122099991],[112.603225139,-7.46674011199997],[112.603235203,-7.46680552299996],[112.603238557,-7.46684409799996],[112.603218431,-7.46692292699993],[112.603210045,-7.46694640699996],[112.60319708,-7.46702678799993],[112.603193273,-7.46705039299996],[112.603196627,-7.46708058299993],[112.603201659,-7.46711077299994],[112.603226817,-7.46716108799996],[112.603355961,-7.46732209899995],[112.603480073,-7.46747975599994],[112.60361928,-7.46761225399996],[112.603756811,-7.46774475299998],[112.603792032,-7.46780513199996],[112.603803772,-7.46783364399995],[112.603803099,-7.4678450819999],[112.603802095,-7.46786215599996],[112.603785323,-7.46788563699996],[112.603711526,-7.46792421199997],[112.60363773,-7.46793595299995],[112.603381119,-7.46801142699997],[112.603233525,-7.46802987599994],[112.603127862,-7.46801310399995],[112.603090964,-7.46799800899994],[112.603067483,-7.46797788299993],[112.603050711,-7.46796111099996],[112.603041076,-7.46794304400001],[112.603037294,-7.46793595299995],[112.603025553,-7.46791079499996],[112.603017167,-7.46789234599989],[112.602995364,-7.46786551099994],[112.602971883,-7.46784873899997],[112.602948402,-7.46784202999994],[112.602908149,-7.46782861199995],[112.602884669,-7.46783028899996],[112.602867897,-7.46784035299994],[112.602852802,-7.46785041599997],[112.60283603,-7.46786551099994],[112.602829321,-7.46787892799996],[112.602820935,-7.46789402299993],[112.602807518,-7.46792421199997],[112.602802486,-7.46795272499997],[112.602801409,-7.46796134399994],[112.602799132,-7.46797955999998],[112.602784037,-7.46800304099997],[112.602753847,-7.46803155299996],[112.602725335,-7.46805000199993],[112.602690114,-7.46807012799996],[112.60265657,-7.46807851399998],[112.60261464,-7.46808354599994],[112.602582774,-7.46808857799993],[112.602517363,-7.46808019199993],[112.602498914,-7.46806845099995],[112.602467047,-7.46804497099996],[112.602446921,-7.46801645799994],[112.60243518,-7.46800304099997],[112.602432655,-7.46799862099995],[112.602421763,-7.46797955999998],[112.602415054,-7.46796949699997],[112.602398282,-7.46795607899997],[112.602364738,-7.46794433899991],[112.602342935,-7.46794266199994],[112.602317777,-7.46794601599995],[112.602301005,-7.46795775599996],[112.602290941,-7.46796781999996],[112.602277524,-7.4679862689999],[112.602273331,-7.46799633199993],[112.602269929,-7.46800102399994],[112.602249012,-7.46802987599994],[112.602194503,-7.46805503399994],[112.602123222,-7.46808186899996],[112.602046909,-7.46809360899996],[112.601976467,-7.46811457399994],[112.601942923,-7.46812044400001],[112.601917765,-7.46812295999998],[112.601852355,-7.46812379899997],[112.601834013,-7.46812469299991],[112.601817972,-7.46812547599997],[112.601763463,-7.46813302299996],[112.601756354,-7.46814560099995],[112.601730758,-7.46819088699996],[112.601683797,-7.46830158099991],[112.601683797,-7.468322546],[112.601687151,-7.46834267299992],[112.601703923,-7.46837118499996],[112.601729919,-7.46840472899993],[112.601742498,-7.46844749799992],[112.601744176,-7.46851458499998],[112.601730758,-7.46868398199994],[112.601729081,-7.46871584899997],[112.601710632,-7.46874268399992],[112.601677088,-7.46875610199992],[112.60165193,-7.46876616499995],[112.601604968,-7.46875945599993],[112.60157981,-7.46875442399994],[112.601559981,-7.46875442399994],[112.601544207,-7.468759443],[112.601534741,-7.46876458799994],[112.601484282,-7.46882277899993],[112.601472536,-7.46884627099996],[112.601468367,-7.46885970399994],[112.601464084,-7.46887350499995],[112.601462407,-7.4689137579999],[112.60146073,-7.46893891599995],[112.601469116,-7.46901271199992],[112.601502659,-7.46910495799995],[112.601495951,-7.46914688799997],[112.601477502,-7.469183786],[112.601455698,-7.46921062199992],[112.601438382,-7.46922308899996],[112.601496918,-7.46942172799996],[112.601497662,-7.46942296699994],[112.601287315,-7.47009880199994],[112.601110807,-7.47067445899994],[112.600928282,-7.47063634899998],[112.600382711,-7.47059021599998],[112.598351562,-7.47040945399994],[112.598354646,-7.47038683399995],[112.598359436,-7.47035170499993],[112.598361277,-7.47031857799992],[112.598361277,-7.47028360999997],[112.598361277,-7.47025784399992],[112.598366798,-7.47022287600001],[112.598379681,-7.47017134499993],[112.598405447,-7.47006644199995],[112.59851035,-7.46980326299997],[112.598539796,-7.46973148699992],[112.598548998,-7.46968731799993],[112.598545318,-7.46962290299996],[112.598543477,-7.46955848899998],[112.598543477,-7.46952168099991],[112.598545318,-7.46948671299998],[112.59855636,-7.469413097],[112.59860237,-7.46929162999998],[112.59869616,-7.46910284899997],[112.598745922,-7.46900268599997],[112.598769847,-7.46895023399995],[112.598774448,-7.46893090999994],[112.598768007,-7.46890974499997],[112.598755124,-7.46890698499994],[112.598745922,-7.46890606399996],[112.598721997,-7.46890514399996],[112.598701752,-7.46890422400001],[112.598679667,-7.46890422400001],[112.598668694,-7.46890372499997],[112.598659423,-7.46890330400001],[112.598636418,-7.46890146299994],[112.598618014,-7.46889686199997],[112.59860053,-7.46889042100001],[112.598585807,-7.46887661799998],[112.598527834,-7.46882692699993],[112.598514031,-7.46881220399998],[112.598510324,-7.46880871499997],[112.598498387,-7.46879747999996],[112.598489185,-7.46879011899998],[112.598468941,-7.46877999599996],[112.598441335,-7.46876895399996],[112.598411888,-7.46876251299995],[112.598320788,-7.46875423099993],[112.598301464,-7.46875423099993],[112.598280299,-7.46875331099997],[112.598253613,-7.46875146999998],[112.598237969,-7.46874870999995],[112.598213124,-7.46874502899995],[112.59819472,-7.46873950699997],[112.598172635,-7.46873122599994],[112.598147789,-7.46871190099995],[112.598116503,-7.468695338],[112.598081535,-7.46868061399994],[112.59806129,-7.46867325299996],[112.598020801,-7.46866405099998],[112.5979251,-7.46865484899998],[112.597842282,-7.46865116799995],[112.597805474,-7.46865484899998],[112.597776027,-7.46866036999996],[112.597761267,-7.46866774999995],[112.597753942,-7.4686714119999],[112.597724496,-7.46868981599994],[112.597706092,-7.46870453999998],[112.597671124,-7.46874686899998],[112.597649039,-7.46876527299996],[112.597626954,-7.46878183699994],[112.597553338,-7.46881128299998],[112.597490764,-7.46882600699998],[112.597442913,-7.46883704899993],[112.597396903,-7.46884072999996],[112.597332489,-7.46884072999996],[112.597280957,-7.46884441099997],[112.597242309,-7.46886097399995],[112.597192618,-7.46888305899997],[112.597144767,-7.46890882499996],[112.597089555,-7.46892170799992],[112.596999375,-7.46893274999998],[112.596793249,-7.46898060099992],[112.596717792,-7.46900820699993],[112.596642336,-7.46903581299994],[112.596535592,-7.46910574899993],[112.596495103,-7.46911863199995],[112.596473018,-7.46911863199995],[112.596449093,-7.46910942999996],[112.596414125,-7.46908366399998],[112.596386519,-7.46905053599995],[112.596373636,-7.46900820699993],[112.596370563,-7.46899683499995],[112.59628515,-7.46887768999995],[112.59628448,-7.46887613999998],[112.5962351,-7.46875244999996],[112.59622,-7.46871],[112.596218617,-7.46869708199996],[112.595959544,-7.46861619999991],[112.595930098,-7.46860699799995],[112.595917215,-7.46860147699996],[112.595880407,-7.46859595599992],[112.595847279,-7.46858307299994],[112.595815992,-7.46856466899991],[112.595793907,-7.46854258399998],[112.595769982,-7.46851497799998],[112.595749738,-7.46849473299994],[112.595733174,-7.46847816999998],[112.59571477,-7.46846712699993],[112.595692685,-7.46845976499997],[112.595677962,-7.46845792499996],[112.595655877,-7.46845792499996],[112.595642994,-7.46845792499996],[112.595619069,-7.46845792499996],[112.595591463,-7.46845792499996],[112.595558335,-7.46844872299994],[112.595527048,-7.468434],[112.595497602,-7.46841927599998],[112.595481038,-7.46841743599995],[112.595460794,-7.46842479799993],[112.59544423,-7.46845240399995],[112.595431347,-7.468520499],[112.595420305,-7.46870085899996],[112.595420305,-7.46882600699998],[112.595411103,-7.46884809199995],[112.595376135,-7.46888305899997],[112.595151605,-7.46902661099995],[112.595076148,-7.46906894099994],[112.595000691,-7.46914071599997],[112.594960203,-7.46917752499996],[112.594912352,-7.46917384399994],[112.594873703,-7.46916464199994],[112.594803768,-7.46913335499992],[112.594706226,-7.46909654699996],[112.594597642,-7.46905053599995],[112.594299496,-7.46893274999998],[112.594230481,-7.46891250599997],[112.594223108,-7.46891233799994],[112.594189992,-7.46891158599994],[112.59413846,-7.46891526599995],[112.594069933,-7.46892247999993],[112.594051041,-7.46892446899993],[112.593945217,-7.46893274999998],[112.593886324,-7.46892722899998],[112.593749214,-7.46888765999996],[112.592892382,-7.46858342299992],[112.592479332,-7.46843676],[112.591761573,-7.46815885899997],[112.591291501,-7.46800568899994],[112.591323096,-7.46789798099997],[112.591359043,-7.46779160599993],[112.591368186,-7.46776455099995],[112.591405914,-7.46768081299995],[112.591442722,-7.46761639799997],[112.591509897,-7.46753634099995],[112.591557748,-7.46749861199994],[112.591645167,-7.46744984099994],[112.591674569,-7.46742999499996],[112.591755592,-7.46737530499995],[112.591834729,-7.46732101299994],[112.591902824,-7.46724555599998],[112.591930431,-7.46719770600001],[112.591954356,-7.46714065299994],[112.591959225,-7.46712523499997],[112.591965398,-7.46710568500002],[112.591967239,-7.46706703699994],[112.591961718,-7.46702838799997],[112.591934774,-7.46698084],[112.591899144,-7.46691796399994]]]]}},
{"type":"Feature","properties":{"kdkab":"15","kdkec":"020","nmkab":"SIDOARJO","nmkec":"PRAMBON","kddesa":"013","kdprov":"35","nmdesa":"WONO PLINTAHAN","nmprov":"JAWA TIMUR","iddesa":"3515020013"},"geometry":{"type":"MultiPolygon","coordinates":[[[[112.574056496,-7.45707785299993],[112.573326348,-7.45689091399996],[112.572203181,-7.45659400899995],[112.572177949,-7.45666970599998],[112.57217274,-7.45668507499992],[112.572158101,-7.45672826699995],[112.571806207,-7.45780583499992],[112.569701805,-7.45724735899996],[112.568472695,-7.45692117199997],[112.56858054,-7.45657646599994],[112.56877596,-7.45595183999995],[112.56877662,-7.45595198999995],[112.56877672,-7.45595165000002],[112.56945809,-7.456109],[112.56947195,-7.45606647999994],[112.56952552,-7.45589973999996],[112.56974679,-7.45521596000001],[112.57010471,-7.45410373999992],[112.57015544,-7.45394669999997],[112.57015554,-7.45394638999996],[112.570172293520429,-7.453871724927621],[112.5700454,-7.45382942999993],[112.56983565,-7.45375382999992],[112.56968352,-7.453699],[112.56968318,-7.45370008999992],[112.569574188,-7.453661675],[112.56948117,-7.45362888999994],[112.56905366,-7.45361736999998],[112.568933876753476,-7.453615149002299],[112.56879774,-7.45361129],[112.56878,-7.45361],[112.568701767,-7.45382864999993],[112.568573501,-7.45380727199997],[112.568126805,-7.45369891499995],[112.567913599,-7.45360754099994],[112.567910091,-7.45360603799996],[112.567677898,-7.45343576299996],[112.567516468,-7.45331856],[112.567397054,-7.45319914699994],[112.567277641,-7.45303108299996],[112.567191397,-7.45292272599996],[112.56704987,-7.45280773499997],[112.566872961,-7.45265957299993],[112.56644285,-7.45238536399996],[112.566227242,-7.45229359199992],[112.566016056,-7.45223388499995],[112.565715311,-7.4521808129999],[112.56516994,-7.45208156499996],[112.565101657,-7.45206913899997],[112.565067563593203,-7.45206906724701],[112.56506755,-7.45206889999996],[112.56506755,-7.45199979999994],[112.564949027,-7.45172981899997],[112.56492936,-7.45168501999993],[112.56493581,-7.45149140999995],[112.56493716,-7.45145106999995],[112.5649391,-7.45139281999998],[112.56494232,-7.45129604999993],[112.5649427,-7.45128474999997],[112.56494471,-7.45122437000001],[112.56496007,-7.45078674999993],[112.56495817,-7.45077794999996],[112.56494839,-7.45073267999996],[112.56496156,-7.45073264000001],[112.56496429,-7.45069628999995],[112.56497,-7.45066521999998],[112.564976671,-7.450628953],[112.564992808,-7.45054121499991],[112.56499616,-7.45052298999996],[112.564996081,-7.45052235399992],[112.565005199,-7.450469406],[112.565049896340554,-7.450209861670709],[112.565056494,-7.45017155099994],[112.565061402,-7.45006849199996],[112.5650385,-7.44995725399994],[112.564999239,-7.4497413199999],[112.564999239,-7.44963335399993],[112.565017234,-7.44933235499995],[112.565042459,-7.44905961099996],[112.565056494,-7.44890784999996],[112.565067945,-7.44881951399998],[112.565111296,-7.44875571499996],[112.565188999,-7.44870173199995],[112.565253615,-7.44867882999996],[112.565336226,-7.44868455499994],[112.565434378,-7.448720544],[112.565569336,-7.44883014699997],[112.565802446,-7.44908125099994],[112.565837617,-7.4491156039999],[112.565874424,-7.44913278099995],[112.565903869,-7.44913932399995],[112.565906417,-7.44913908099993],[112.565921046,-7.44913768799994],[112.565936587,-7.44913196299997],[112.565957035,-7.44911887599994],[112.56599057,-7.44907716099997],[112.566038828,-7.44898800699996],[112.566066545,-7.44892995100001],[112.566099354,-7.44886122799993],[112.566162335,-7.44875244299993],[112.566215625,-7.44868329299993],[112.566231041,-7.44866328899996],[112.566329193,-7.44850133899997],[112.56635833,-7.44838602899995],[112.566367635,-7.44834920399992],[112.566397457,-7.44820595299994],[112.566413439,-7.44812918099995],[112.566491961,-7.44787562299997],[112.566560667,-7.44769404299997],[112.566591748,-7.447644967],[112.566644096,-7.44758934799995],[112.566716073,-7.44756481],[112.566788051,-7.44756317399996],[112.566920556,-7.44760079899994],[112.567154484,-7.44771530899994],[112.567406406,-7.44785435699991],[112.567702496,-7.44804411599992],[112.5678988,-7.44821588199995],[112.567976423,-7.44826415899997],[112.56803294,-7.4482993099999],[112.568114733,-7.4482993099999],[112.568147983,-7.44828005999995],[112.568176896,-7.44826332199994],[112.568225971,-7.44818807199993],[112.568229182,-7.44817757499993],[112.568430682,-7.44751877100001],[112.568456627,-7.44743394099993],[112.568673474,-7.44680936199995],[112.568688919,-7.44676487499992],[112.56872902,-7.44658813299996],[112.569334009,-7.44671996399993],[112.56946587,-7.44674869699998],[112.569541437,-7.44648635299996],[112.569546645,-7.44648048699996],[112.569587434,-7.44646300599994],[112.569905395,-7.44632673699991],[112.569907605,-7.44632578999997],[112.570112396603577,-7.446468060957797],[112.570041776751111,-7.446689476500458],[112.569905702074607,-7.446921768159145],[112.569704637314601,-7.447797151897881],[112.569625428860206,-7.44816268797079],[112.569686357819862,-7.448241895618342],[112.569702605542432,-7.448382032225546],[112.56970869843839,-7.448461239873097],[112.569743224848864,-7.448473425665028],[112.569773689328699,-7.448493735318247],[112.569812277669811,-7.448658243509317],[112.569837523044555,-7.448785955405035],[112.569904735,-7.44882466599993],[112.56986488,-7.44898623899993],[112.569800608,-7.44897058799998],[112.569471524,-7.44889045400002],[112.569431111,-7.44888061299998],[112.569403728,-7.44887613199996],[112.569240558,-7.44884943199996],[112.569112482,-7.44882847399998],[112.569023481,-7.44882132199998],[112.568950271,-7.44881543899991],[112.568814854,-7.44882847399998],[112.568686678,-7.44886685399995],[112.568540398,-7.448901614],[112.568399912,-7.44892188999993],[112.568263771,-7.44891899299995],[112.568140664,-7.44888278599995],[112.568120368,-7.44886710199997],[112.5679379,-7.44951135299991],[112.5679872,-7.44952257499992],[112.569668634,-7.44990529399997],[112.569786561956377,-7.449928855081111],[112.570146423,-7.44850396299996],[112.57021459,-7.44825597999992],[112.570215369,-7.44825619099994],[112.570289462,-7.4480042029999],[112.570994184,-7.44820477199994],[112.571580836784065,-7.448371737349293],[112.571612423,-7.44838072699994],[112.572905115,-7.44874863599995],[112.573430353,-7.44890960499994],[112.575457042,-7.4495307239999],[112.576595415,-7.44986093999995],[112.577136716,-7.45004736299994],[112.57724343,-7.44987847999995],[112.57724726,-7.44987240999993],[112.57724859,-7.44987213000001],[112.57724885,-7.44987173999992],[112.577248988,-7.44987171199997],[112.577359446,-7.44973434799994],[112.577405792,-7.44971551999992],[112.577461905,-7.44971411699993],[112.577463724,-7.44971407199993],[112.577514415,-7.44972420999994],[112.577560761,-7.44973434799994],[112.577611452,-7.44975172799995],[112.57764766,-7.44977345299998],[112.577678074,-7.44979372899997],[112.577708489,-7.449828488],[112.577728765,-7.44985166099994],[112.577756283,-7.44989511099992],[112.577780905,-7.44995593999994],[112.577789595,-7.45007180499994],[112.577802629,-7.45026732699997],[112.577821457,-7.45037160599996],[112.577846079,-7.45041070999997],[112.577875045,-7.45043388299997],[112.577908356,-7.45045415999996],[112.577963392,-7.45047298799993],[112.578054636,-7.45047588399994],[112.578099533,-7.45046719399994],[112.578179191,-7.45043388299997],[112.578253055,-7.45040781399995],[112.578503613,-7.45034698399994],[112.578830931,-7.45032091499993],[112.57926108,-7.45029918999996],[112.579757851,-7.45031222499994],[112.580025789,-7.45034408799994],[112.580177862,-7.45032091499993],[112.580244484,-7.450265879],[112.580246316,-7.45025305599993],[112.580253174,-7.45020504999997],[112.580253174,-7.45013263399995],[112.580238691,-7.44990380099997],[112.580247381,-7.449761866],[112.580250278,-7.44972710699996],[112.580250278,-7.44967786399997],[112.580250278,-7.449619931],[112.580241588,-7.44956779199994],[112.580224208,-7.44949247999993],[112.580224208,-7.44945192699994],[112.580230001,-7.44939399500001],[112.580256071,-7.44931288899995],[112.580264761,-7.44929261299996],[112.58029083,-7.44923757699998],[112.58029083,-7.44919992099995],[112.580282141,-7.44915357499996],[112.580288658,-7.44912967799996],[112.580316176,-7.44911157399998],[112.580327762,-7.44910867699996],[112.580343694,-7.44910360799996],[112.580363246,-7.44909491799996],[112.580382798,-7.449085504],[112.580398006,-7.449074642],[112.580412489,-7.44906015899993],[112.580426248,-7.44904277899995],[112.580434938,-7.44902250199992],[112.580472594,-7.448918948],[112.580476939,-7.44889215399994],[112.580481284,-7.448866809],[112.580491422,-7.44883639399998],[112.580497939,-7.44881901499996],[112.580508077,-7.44879946199994],[112.580516767,-7.448779186],[112.580525457,-7.44872342599997],[112.580525457,-7.44869735599996],[112.58056601,-7.448491696],[112.58057029,-7.44848280699995],[112.580587079,-7.44844793600001],[112.580623218,-7.44838017599994],[112.58074198,-7.44813685899992],[112.580881892,-7.44789425299993],[112.580888984,-7.44788195599997],[112.580918962,-7.44786498799993],[112.580986593,-7.44786841099994],[112.580993262,-7.44787109399992],[112.581041056,-7.44788557699997],[112.581127593,-7.44792504399994],[112.581147216,-7.44789358299996],[112.581404017,-7.44751154299996],[112.58140471,-7.44751259999992],[112.581454844,-7.44744672699994],[112.581591149,-7.44765978299993],[112.581909816,-7.44809920799997],[112.582001345,-7.44820503899993],[112.582017156,-7.44822332099995],[112.58216475,-7.44830718099993],[112.582360982,-7.44835581899997],[112.582667908,-7.44839942599996],[112.583244864,-7.44839942599996],[112.583571917,-7.44841955299994],[112.583672549,-7.44843129299991],[112.58376144,-7.44846315999995],[112.583841945,-7.44852353899996],[112.583905679,-7.44858894999993],[112.583920774,-7.44864094299993],[112.583934191,-7.44872480199995],[112.583892261,-7.44908539899996],[112.583858717,-7.44932859299996],[112.583836914,-7.44955501399996],[112.5838453,-7.44970763899996],[112.583880521,-7.44985355499993],[112.5839409,-7.44999611699993],[112.584029791,-7.45012861499991],[112.584138809,-7.45023427899997],[112.584284725,-7.45033323299997],[112.584363553,-7.45036509999994],[112.584475925,-7.45038019499997],[112.58460507,-7.45037516299991],[112.584802979,-7.45036509999994],[112.585036109,-7.45032316999994],[112.585282657,-7.45025105099992],[112.585559394,-7.45013029199992],[112.585582656,-7.45011819599994],[112.585769043,-7.45002127499995],[112.585879738,-7.44997095899994],[112.585955212,-7.44995418699997],[112.586057521,-7.44994412399996],[112.586538876,-7.44995418699997],[112.586642283,-7.44994729299996],[112.586630837,-7.44999850999992],[112.586612816,-7.45007915399998],[112.586592606,-7.45016958599998],[112.58659023,-7.45018127999998],[112.5865881,-7.45019350999994],[112.586577177,-7.45024656699995],[112.586563885,-7.450311132],[112.58656,-7.45033],[112.58653,-7.45042],[112.5865,-7.4505],[112.58644,-7.4506],[112.5864,-7.45069],[112.58632,-7.45085],[112.58619,-7.45122],[112.58612,-7.45139],[112.58609081,-7.45152030999998],[112.586085965,-7.45154194199992],[112.58603072,-7.45178858999997],[112.58602557,-7.45180706999997],[112.58601451,-7.45185592999995],[112.58593,-7.45215],[112.585794726,-7.452776526],[112.585781261,-7.45283888899994],[112.58577382,-7.45287334999995],[112.58576692,-7.45290527999993],[112.58583904,-7.45314566999998],[112.585814924,-7.45354532100001],[112.585814808,-7.45354724199995],[112.585958268,-7.45358864299995],[112.586105194,-7.4536732949999],[112.586201522,-7.45377546199994],[112.586360124,-7.453970065],[112.586383476,-7.45403233799995],[112.586398071,-7.45410725999995],[112.58642337,-7.45414812699994],[112.586643624779654,-7.45430486249663],[112.586683164,-7.45433299899995],[112.587188159,-7.45462295799997],[112.587403806,-7.45476018699996],[112.587403653,-7.45476040499992],[112.587502874,-7.45481809599992],[112.587503553,-7.45481711999997],[112.587549754,-7.45475067799994],[112.58759091,-7.45471239299996],[112.587621873,-7.45468359099994],[112.587712442,-7.45460979399997],[112.587821459,-7.45455276899996],[112.588076393,-7.45447729599991],[112.588473888,-7.45440517599995],[112.588814359,-7.45436827799992],[112.589159861,-7.45435485999996],[112.589711659,-7.45436492299998],[112.590424467,-7.45443201099995],[112.591715908,-7.45458631299994],[112.592445833,-7.45464836499998],[112.592399983,-7.4548370279999],[112.592399736,-7.45483701699995],[112.591627314,-7.45782086899992],[112.5916098,-7.45785395199993],[112.591473578,-7.45785005999992],[112.591351225,-7.45782491899997],[112.591331518,-7.45782086899992],[112.591230324,-7.45783838399997],[112.591125238,-7.45784422199995],[112.591012369,-7.45783838399997],[112.590930635,-7.45783643799995],[112.59086447,-7.45784227599995],[112.590809982,-7.45785005999992],[112.590751601,-7.45785395199993],[112.590652353,-7.45784422199995],[112.590374071,-7.45781113899998],[112.589305701,-7.45767686299996],[112.588967091,-7.45764961899997],[112.588865898,-7.45788508799997],[112.588688809,-7.45832294499996],[112.588393013,-7.45837548799992],[112.58822075,-7.45837359499995],[112.588215924,-7.45837354199998],[112.588011591,-7.458319053],[112.587926279,-7.45828959199996],[112.587814905,-7.45825113099995],[112.587511461,-7.45814634299997],[112.587367455,-7.45808017799996],[112.587258477,-7.45800330999997],[112.587171879,-7.45792546799992],[112.587045387,-7.45779216499993],[112.587011331,-7.45774351499995],[112.586992844,-7.45770362099997],[112.586967546,-7.45767345799996],[112.586942247,-7.45764134799998],[112.586875109,-7.45755085799991],[112.586809917,-7.45748566599997],[112.586756401,-7.45743506899992],[112.586726238,-7.45741366299998],[112.586690236,-7.45740003999991],[112.586650343,-7.45738933699995],[112.586587097,-7.45737863399995],[112.586447956,-7.45735820099998],[112.58589431,-7.45730468499993],[112.585168441,-7.45722781699995],[112.585094777,-7.457222309],[112.585067345,-7.45722025799994],[112.585064551,-7.45722004999996],[112.585064329,-7.45722003299992],[112.584489277,-7.45765010499998],[112.584153587,-7.45782135599995],[112.583944495,-7.45789123699993],[112.58366747,-7.45799355999996],[112.58365315,-7.45799784999995],[112.58363733,-7.45800370999993],[112.58359935,-7.45801396999997],[112.58353181,-7.45803420999996],[112.58307877,-7.45815745999992],[112.582956953,-7.45819198299996],[112.582844381,-7.45829721399994],[112.582740395,-7.45846828799993],[112.582675003,-7.45864200999994],[112.582562872,-7.45863036799997],[112.582503283,-7.45862418099995],[112.582134953,-7.458590342],[112.581114563,-7.45852916999997],[112.580355778,-7.458482316],[112.579776602,-7.45844717499996],[112.579108722,-7.45842453499996],[112.579113891,-7.458260277],[112.579115471,-7.45821005399993],[112.579067569,-7.45750058999994],[112.579067315,-7.45749682199995],[112.579012651,-7.45698662699992],[112.578986621,-7.45690723399996],[112.578951006,-7.45686776899996],[112.578938465,-7.45685387199994],[112.578872087,-7.45681222299993],[112.578756252,-7.45677968599993],[112.578531089,-7.45673152899995],[112.578410048,-7.45670549899997],[112.578338465,-7.45670419699996],[112.578273389,-7.45671330799997],[112.578175775,-7.45673543399993],[112.578114604000021,-7.45674454499996],[112.578046925,-7.45675365499997],[112.577972738,-7.45675625799992],[112.577921979,-7.45675235399994],[112.577868617,-7.45673413199996],[112.577838682,-7.45671200699997],[112.577786621,-7.45665864399998],[112.577765797,-7.45660788499992],[112.577761892,-7.45652588899996],[112.577774907,-7.456006584],[112.577358421,-7.45590636699996],[112.576318390721212,-7.455718259875293],[112.575834438382728,-7.455637655111219],[112.575830439,-7.45563695199998],[112.575588356,-7.45558489199994],[112.575028704,-7.4554469309999],[112.574624183,-7.45535799599997],[112.574612636,-7.45535499199997],[112.574610039,-7.455368156],[112.574255169,-7.45711947499997],[112.574252272,-7.45712961399995],[112.574056496,-7.45707785299993]]]]}},
{"type":"Feature","properties":{"kdkab":"15","kdkec":"020","nmkab":"SIDOARJO","nmkec":"PRAMBON","kddesa":"006","kdprov":"35","nmdesa":"BULANG","nmprov":"JAWA TIMUR","iddesa":"3515020006"},"geometry":{"type":"MultiPolygon","coordinates":[[[[112.59881029,-7.5002732],[112.59862602,-7.50023766999993],[112.59772824,-7.50006461],[112.597036553,-7.49943945999996],[112.59672538,-7.49915821999996],[112.596634216,-7.49902797399994],[112.59663394,-7.49902757999995],[112.59654131,-7.49889523999995],[112.596439562,-7.498749871],[112.59635713,-7.49863209999995],[112.5960769,-7.49823172999995],[112.59560202,-7.49770272999996],[112.59539836,-7.49747584999995],[112.594948,-7.49697398999995],[112.59438671,-7.49644852999992],[112.59427195,-7.49634109999991],[112.594086,-7.49616698999996],[112.593323,-7.49547898999997],[112.59291829,-7.49519416999992],[112.592583,-7.49495798999993],[112.59214982,-7.49470059999993],[112.59201372,-7.49461972999994],[112.591309,-7.49420098999995],[112.590332,-7.49382298999997],[112.59017821,-7.49378115999995],[112.59017107,-7.49377921999996],[112.589729,-7.49365898999996],[112.58961112,-7.4936526399999],[112.58927909,-7.49353591999995],[112.58870528,-7.49339764000001],[112.58844002,-7.49341108999993],[112.588437205,-7.49341123299996],[112.58813207,-7.49342669999994],[112.58758093,-7.49357442999997],[112.58703504,-7.49367895999996],[112.5864509,-7.49367566999997],[112.58599108,-7.49365033999992],[112.58553215,-7.49361430999995],[112.58467413,-7.49340718999996],[112.58467383,-7.49340810999995],[112.58450176,-7.49332277999997],[112.58426279,-7.49320427999993],[112.583434326,-7.49279345799995],[112.583647533,-7.4921829109999],[112.584055493,-7.49101466199992],[112.584604708,-7.48948906399992],[112.58575741,-7.48983340999997],[112.5857563,-7.48983642999996],[112.58848449,-7.49064443999992],[112.589259652,-7.49093271799991],[112.589563695,-7.49102132499996],[112.589578671,-7.49102430499994],[112.589955289,-7.49109923399992],[112.58996238,-7.49110137999997],[112.590355084,-7.49122019799996],[112.590560107,-7.49131245799993],[112.590838939,-7.491492878],[112.591519616,-7.49203618999998],[112.591663132,-7.49214485199996],[112.59173694,-7.49219405699995],[112.591750667,-7.49219853899996],[112.591937863,-7.49225966499993],[112.593081892,-7.492772223],[112.594424793,-7.49341599499994],[112.594424827,-7.49341586299992],[112.594428253,-7.49341740499993],[112.594441847,-7.493359959],[112.594971615,-7.49133487699993],[112.594977617,-7.49131193499994],[112.595428664,-7.48958776999994],[112.595695005,-7.48845632099994],[112.595535334,-7.48834201899995],[112.59557579,-7.48824605199998],[112.59561484,-7.488175962],[112.595639620137135,-7.48814725361758],[112.595675651,-7.48810551099993],[112.5956774,-7.48810418999993],[112.59568471,-7.48809862999995],[112.59586269,-7.48801305999992],[112.595885448,-7.4880021189999],[112.595990321,-7.48797870999994],[112.596027074,-7.48795933099992],[112.596045391,-7.48794967299994],[112.59604733,-7.48794744499996],[112.59620922,-7.48774377999997],[112.596210364,-7.48774327199994],[112.59622768,-7.48773557999993],[112.59688586,-7.48787526999997],[112.59763647,-7.48813277999995],[112.59780925,-7.48776979999994],[112.597823208,-7.48774047999994],[112.59783627,-7.48771303999995],[112.59794714,-7.48748011999993],[112.59794505,-7.48748044],[112.598900366,-7.48473314799997],[112.598999044,-7.4847698],[112.599173678,-7.48482801199998],[112.600514366,-7.48511725099997],[112.601540346,-7.485359193],[112.60270276,-7.48564479399994],[112.602745929,-7.48565443699993],[112.603142531,-7.48574302599996],[112.603055625,-7.48678671999991],[112.603047027,-7.48688997799997],[112.603068529,-7.48689400299998],[112.603068523,-7.48689411599997],[112.603458583,-7.486996726],[112.603431322,-7.48764554999996],[112.603431315,-7.48764570599996],[112.603494984,-7.48767299299994],[112.603470191,-7.48802010299991],[112.603919158930793,-7.488145989298314],[112.603917938300953,-7.488152092447516],[112.603915104485225,-7.488168150736668],[112.603925495142917,-7.488192710473019],[112.603942498037313,-7.488205934946438],[112.604042626193191,-7.488253165208651],[112.60418431697984,-7.488302284681351],[112.604338287634647,-7.488349514943565],[112.60452059644679,-7.488392022179555],[112.604535761447409,-7.488395698543338],[112.604560899,-7.48835355599996],[112.60472815,-7.48822870999994],[112.60490631,-7.48798965999994],[112.60490823,-7.48799051999994],[112.60501826,-7.48783464999996],[112.60506903,-7.48782255999993],[112.60520682,-7.48783706999993],[112.605215472,-7.48783794499996],[112.605410998,-7.48787910799997],[112.605534729,-7.48789117999993],[112.605668797,-7.48790425899995],[112.605682808,-7.48790562599991],[112.605617031,-7.48797811499997],[112.605796411,-7.48807185099995],[112.605945461455278,-7.488225557845627],[112.605962711843901,-7.488244478171268],[112.606297045960673,-7.488553089360177],[112.606271467,-7.488577108],[112.60614417,-7.48872199799998],[112.606082295793414,-7.488783872206549],[112.609331268127406,-7.490327893815653],[112.609346599480816,-7.490333876782836],[112.609330194,-7.49034002899997],[112.609311185,-7.49035903799996],[112.608172761706911,-7.492639813707008],[112.607532173240131,-7.492296003328724],[112.606911062742256,-7.492003060205155],[112.60603745730991,-7.493711682287422],[112.606094048,-7.4937607119999],[112.605680532,-7.49465303499992],[112.605043718,-7.49615160699992],[112.605214803,-7.49621813999994],[112.605027877,-7.49680742999994],[112.604641354,-7.49801135699995],[112.604531023,-7.49822512099996],[112.604454194151216,-7.498373977019198],[112.604026674,-7.49920644199995],[112.603770091,-7.49972219899997],[112.603253996440699,-7.50099762356307],[112.603245749,-7.50101800399994],[112.603149297,-7.50123778899997],[112.603149118,-7.50123819599995],[112.603163375,-7.50129680799995],[112.603180801,-7.501391855],[112.603133277,-7.50144571499992],[112.603017698,-7.50161453899994],[112.6029337,-7.50149082999997],[112.60276225,-7.5013112799999],[112.60263223,-7.50117512],[112.60256518,-7.50112895999995],[112.60218435,-7.50086678999996],[112.60159283,-7.50061958999991],[112.60148838,-7.50059503399991],[112.6008349,-7.50048937999997],[112.600668531,-7.50046353099996],[112.59994323,-7.50035083999994],[112.59946865,-7.50033185999996],[112.598837636367108,-7.500275636566458],[112.59881029,-7.5002732]]]]}},
{"type":"Feature","properties":{"kdkab":"15","kdkec":"020","nmkab":"SIDOARJO","nmkec":"PRAMBON","kddesa":"005","kdprov":"35","nmdesa":"SIMPANG","nmprov":"JAWA TIMUR","iddesa":"3515020005"},"geometry":{"type":"MultiPolygon","coordinates":[[[[112.594971615,-7.49133487699993],[112.594441847,-7.493359959],[112.594428253,-7.49341740499993],[112.594424827,-7.49341586299992],[112.594424793,-7.49341599499994],[112.593081892,-7.492772223],[112.591937863,-7.49225966499993],[112.591750667,-7.49219853899996],[112.59173694,-7.49219405699995],[112.591663132,-7.49214485199996],[112.591519616,-7.49203618999998],[112.590838939,-7.491492878],[112.590560107,-7.49131245799993],[112.590355084,-7.49122019799996],[112.58996238,-7.49110137999997],[112.589955289,-7.49109923399992],[112.589578671,-7.49102430499994],[112.589563695,-7.49102132499996],[112.589259652,-7.49093271799991],[112.58848449,-7.49064443999992],[112.5857563,-7.48983642999996],[112.58575741,-7.48983340999997],[112.584604708,-7.48948906399992],[112.58401319,-7.48931235999992],[112.58402163,-7.48920694999992],[112.58401364,-7.48920573],[112.58433299,-7.4875757099999],[112.584468811,-7.48692794499992],[112.584476815,-7.48613152399996],[112.584491167,-7.48599825899996],[112.584587528,-7.48560461499996],[112.584644466,-7.485283688],[112.584722843,-7.48484192899995],[112.584843807,-7.484392928],[112.584851532,-7.48436781899993],[112.58492183,-7.48410876499998],[112.584956609,-7.483975],[112.584959329,-7.48396453699995],[112.584993473,-7.48383321499996],[112.585149291,-7.48347852499997],[112.585376867,-7.48302132299994],[112.58552034,-7.48265188200001],[112.585600654,-7.48268748299994],[112.58593659,-7.48280915599997],[112.58595449,-7.48281563899993],[112.585975755,-7.48282691599996],[112.58603701,-7.48285939899995],[112.586098315,-7.48290530499998],[112.586152686,-7.48294601699998],[112.5865332,-7.48336741],[112.586593322,-7.48351303600002],[112.586671918,-7.48365118499996],[112.586791318,-7.48382854599992],[112.58692626,-7.48401479999995],[112.58715209,-7.48424727],[112.58715855,-7.48425392],[112.58740388,-7.48443294999994],[112.58741137,-7.48443841599991],[112.587436798456366,-7.484452278721045],[112.587466388,-7.48447029399996],[112.587822295142971,-7.484657942121727],[112.587917664399697,-7.484700270010794],[112.587989010797628,-7.484720912079701],[112.588079141864426,-7.484704605412201],[112.588206471203804,-7.484658145014314],[112.588373035270493,-7.484584589066325],[112.588500150055225,-7.484520829815852],[112.588602763897768,-7.484493519192677],[112.588683177300027,-7.484476362339691],[112.588731772619226,-7.484467365816751],[112.588774912473383,-7.484458180003822],[112.588824040162635,-7.48445297407488],[112.58886364226062,-7.484453395609089],[112.588912538082639,-7.484450339620212],[112.588964489893556,-7.484445246305417],[112.588998988818545,-7.484442241463205],[112.589063419900995,-7.484438621739473],[112.589245574605883,-7.484424096603313],[112.589312489269858,-7.484420969749856],[112.589346259287183,-7.484420969749856],[112.589374295367861,-7.484423131046016],[112.589391781,-7.48430595299993],[112.589402826,-7.48404331499996],[112.589420102,-7.48389647099995],[112.589449223,-7.48374230099994],[112.58947884,-7.48358550599995],[112.589577312,-7.48304131699993],[112.589587686,-7.48298806599995],[112.589603226,-7.48290829399998],[112.589639035,-7.48277370199996],[112.589653326,-7.48271998699993],[112.589677512,-7.48257141499997],[112.589710336,-7.48236928800001],[112.589725884,-7.48221898799997],[112.589758708,-7.482077326],[112.589831267,-7.48175081299994],[112.589874456,-7.48150895199993],[112.589881366,-7.48141393499996],[112.589881218,-7.48140542499997],[112.589877911,-7.48121526299997],[112.589869273,-7.48115306999991],[112.589867546,-7.48108396599998],[112.589862363,-7.48093021199995],[112.589850733,-7.48079979299998],[112.590305461,-7.48071183399997],[112.590694167,-7.48059090399995],[112.59112779,-7.48044233099996],[112.591323007,-7.48036804499996],[112.591589055,-7.48030757999993],[112.591723806,-7.48030239699995],[112.591829189,-7.48027648399997],[112.59195012,-7.48022638399997],[112.592039005447745,-7.480187019716479],[112.592040818,-7.48018621699992],[112.592065868,-7.480162895],[112.592117695,-7.48010847599995],[112.592168659,-7.48001000399998],[112.592204938,-7.479946947],[112.592233443,-7.47990807699991],[112.592291317,-7.479861432],[112.592517068,-7.47969547599995],[112.592946005,-7.47921953299997],[112.592964892657378,-7.479189519890663],[112.593044828,-7.47906249999994],[112.593094698,-7.47898325399993],[112.59322258,-7.47880815400002],[112.593227096,-7.47880196999994],[112.593424675,-7.47860642899995],[112.593498003,-7.47855652499992],[112.593514232,-7.47854727399993],[112.593514305,-7.47854704199995],[112.593530021,-7.47853477399994],[112.593665924,-7.478465671],[112.593940034,-7.47842651299995],[112.594964853,-7.47835759799994],[112.594974662,-7.47838375399991],[112.59502935,-7.47877750499994],[112.595032991,-7.47880371899991],[112.59506927,-7.47900239099993],[112.59506927,-7.47901690299993],[112.595061496,-7.47907494999993],[112.595034718,-7.47918119599993],[112.594986346,-7.47933754199992],[112.594922153,-7.47952702799997],[112.594914651,-7.47954917099998],[112.594648476,-7.48064119099998],[112.59464373,-7.48064343999991],[112.59464356,-7.48065760999996],[112.59447977,-7.48131874999995],[112.59447982,-7.48131893999995],[112.594480457,-7.48132180499996],[112.59479172,-7.48272249999997],[112.5948727,-7.48276246999994],[112.59516613,-7.48290941999995],[112.59543579,-7.48304039999993],[112.59590704,-7.483273],[112.59628123,-7.48345914999995],[112.59678603,-7.48370783999997],[112.59701913,-7.48382190999997],[112.59715257,-7.48388778],[112.5973217,-7.48397209999995],[112.59753345,-7.48407617999992],[112.59775402,-7.48418525999994],[112.59809686,-7.48435478999995],[112.59832186,-7.48446208999998],[112.59857705,-7.48458471999993],[112.59860962,-7.48460812999998],[112.59860937,-7.48460880999995],[112.598630355,-7.48461372599997],[112.598871706,-7.48472250299996],[112.598900366,-7.48473314799997],[112.59794505,-7.48748044],[112.59794714,-7.48748011999993],[112.59783627,-7.48771303999995],[112.597823208,-7.48774047999994],[112.59780925,-7.48776979999994],[112.59763647,-7.48813277999995],[112.59688586,-7.48787526999997],[112.59622768,-7.48773557999993],[112.596210364,-7.48774327199994],[112.59620922,-7.48774377999997],[112.59604733,-7.48794744499996],[112.596045391,-7.48794967299994],[112.596027074,-7.48795933099992],[112.595990321,-7.48797870999994],[112.595885448,-7.4880021189999],[112.59586269,-7.48801305999992],[112.59568471,-7.48809862999995],[112.5956774,-7.48810418999993],[112.595675651,-7.48810551099993],[112.595639620137135,-7.48814725361758],[112.59561484,-7.488175962],[112.59557579,-7.48824605199998],[112.595535334,-7.48834201899995],[112.595695005,-7.48845632099994],[112.595428664,-7.48958776999994],[112.594977617,-7.49131193499994],[112.594971615,-7.49133487699993]]]]}},
{"type":"Feature","properties":{"kdkab":"15","kdkec":"020","nmkab":"SIDOARJO","nmkec":"PRAMBON","kddesa":"020","kdprov":"35","nmdesa":"WATUTULIS","nmprov":"JAWA TIMUR","iddesa":"3515020020"},"geometry":{"type":"MultiPolygon","coordinates":[[[[112.571217693,-7.44251246899997],[112.570776591,-7.44241183799991],[112.570254983,-7.44234474999995],[112.570006457,-7.44231685399992],[112.569926252,-7.44230785099993],[112.569845747,-7.44228940199994],[112.569758533,-7.44226088999995],[112.569698154,-7.44222734599997],[112.569671319,-7.44219380200001],[112.569652869,-7.44215354899996],[112.569629389,-7.44208981599996],[112.569593458,-7.44197032699996],[112.569557269,-7.44184997699994],[112.569515339,-7.44174599099996],[112.569446574,-7.44165039099991],[112.56930569,-7.441512861],[112.56900044,-7.44124954099992],[112.568919365,-7.44119777799996],[112.568782405,-7.44111033399994],[112.568688482,-7.44107511299997],[112.568621394,-7.44107008099998],[112.56845032,-7.44107175799996],[112.568272537,-7.44108014399996],[112.568180292,-7.44107846699995],[112.568178883,-7.44107786799997],[112.568113204,-7.44104995499996],[112.568069597,-7.44100970199996],[112.568029344,-7.44094093699992],[112.568005863,-7.44086210899996],[112.567996323511096,-7.440736754240055],[112.56800976992011,-7.440633023391315],[112.568020891141785,-7.440566972291215],[112.568056550935168,-7.44042584464037],[112.568100284429875,-7.440314564251616],[112.568177147,-7.44010087199996],[112.568385119,-7.43965976899994],[112.568598123,-7.43917170499998],[112.568626635,-7.43902075700002],[112.568628041,-7.43895049599994],[112.568628313,-7.43893689799995],[112.568606509,-7.43885136099994],[112.568577997,-7.43879265899992],[112.568505877,-7.43872053899996],[112.568376733,-7.43863667999993],[112.568031231,-7.43844547899992],[112.567890346,-7.43835323399995],[112.567876231,-7.43834227299993],[112.567747785,-7.43824253899992],[112.567441468,-7.43798610999994],[112.567336844,-7.437898526],[112.567232886,-7.43781149899998],[112.566977952,-7.43761023599997],[112.566857194,-7.43754985699998],[112.566773334,-7.43753643899993],[112.566689474,-7.43753308499994],[112.566444604,-7.43759010999998],[112.566213151,-7.43762700799994],[112.566062203,-7.43763036199994],[112.565961571,-7.43760688099997],[112.56586094,-7.43755656599995],[112.565784415,-7.43751624599998],[112.565548981,-7.4373922],[112.565203479,-7.437201],[112.565062594,-7.43713726700001],[112.564773519,-7.43707726999997],[112.56489591,-7.43672290999995],[112.56507974,-7.43617514199996],[112.56508112,-7.43617102999998],[112.56511922,-7.43605749999994],[112.56513324,-7.43601572999996],[112.565271512,-7.43576469499996],[112.565205913,-7.43571849999995],[112.565152031,-7.43566246199995],[112.565169273,-7.43552883299998],[112.566874117,-7.43249847799998],[112.567209688,-7.43189403400001],[112.567553617,-7.43198986899998],[112.567554654,-7.43198820999991],[112.56799218,-7.43130174699996],[112.56809779,-7.43104849899993],[112.56810024,-7.43104288199991],[112.568115844,-7.43100710699997],[112.568230341,-7.43074460099996],[112.568378755,-7.43038798099998],[112.568378689,-7.43038792499992],[112.568583806552994,-7.42987418482777],[112.568599880595997,-7.42986369613814],[112.568730078746995,-7.42981224614541],[112.568853319743994,-7.42977693733026],[112.568972585226007,-7.42975575204251],[112.569109740529996,-7.42974566381057],[112.569218073342995,-7.42974566381057],[112.569386038895999,-7.4297496991033],[112.569533132990003,-7.42975575204251],[112.569638769264998,-7.42977030395888],[112.569672276052003,-7.42977491968377],[112.569810425235005,-7.42982838731897],[112.569973421393001,-7.42990707554835],[112.570131448156999,-7.42999887849997],[112.570373771519996,-7.43009445751606],[112.570606105622005,-7.43019686515205],[112.570452087819007,-7.43031981593984],[112.570324659034,-7.43040694417368],[112.570279528005997,-7.43044107688842],[112.570251210498,-7.4304985635717],[112.570229972367002,-7.43058928475869],[112.570220238223996,-7.43066114313756],[112.570214928691001,-7.43075276258723],[112.570222008068001,-7.43079138647844],[112.5701553,-7.43137226999994],[112.57016394,-7.43144973999995],[112.570231664,-7.43175985999993],[112.57023943,-7.43179541999998],[112.57021936,-7.43188540999996],[112.5701907,-7.43201386999991],[112.57016596,-7.43232945999995],[112.57015517,-7.43246701999995],[112.57021201,-7.43266133],[112.570216361,-7.43267619999993],[112.570216458,-7.43267653099997],[112.570531126,-7.43273785099998],[112.570620571,-7.43274862799992],[112.570632695,-7.43275118699995],[112.570577138,-7.432938996],[112.572048698139625,-7.433232134507335],[112.57216187738338,-7.433249299131982],[112.572251991662782,-7.43324339879226],[112.572385017503791,-7.433221406616931],[112.572497123958513,-7.433211215121047],[112.572591041467135,-7.433213998753732],[112.573130684640375,-7.4332093062044],[112.573492010938978,-7.433199921105735],[112.573886185082912,-7.43319053600707],[112.573930580582882,-7.43319053600707],[112.574254852,-7.43319096099996],[112.575731216,-7.43323229899994],[112.575712609,-7.43330610199995],[112.575772358,-7.43367427699996],[112.575863077,-7.43380239699998],[112.575884601,-7.43410973299997],[112.575890568,-7.43419493299997],[112.575931803,-7.43464198899996],[112.575931803,-7.43496421599995],[112.575956548,-7.43544151199995],[112.575965576,-7.43561565799996],[112.575973153625355,-7.435897531692218],[112.575986685,-7.43611000899996],[112.576047929,-7.43639798599998],[112.576072550607307,-7.436513761897105],[112.57608115,-7.43658112999996],[112.57609208,-7.43671663999994],[112.576074606,-7.43683014699993],[112.576034988,-7.43708750599995],[112.57601318,-7.43722916999994],[112.57601096,-7.43724361999994],[112.575964135,-7.43743746799994],[112.57596154,-7.43744820999992],[112.575806804,-7.43808875499995],[112.575796759,-7.43813033699993],[112.575730688,-7.43840384799997],[112.5756872,-7.43858386999997],[112.575655295,-7.43868827499997],[112.575607396,-7.43884501599997],[112.57556354,-7.43898852999996],[112.57554127,-7.43907626999992],[112.57550981,-7.43916436999995],[112.57549038,-7.43922795],[112.57528027,-7.43981324],[112.57518618,-7.4401],[112.575181377,-7.44011463999995],[112.575179504,-7.44012034899994],[112.57516799,-7.44015543999996],[112.57514,-7.44024074999998],[112.5750608,-7.44049545999997],[112.57505837,-7.44050329],[112.57484888,-7.44117706000001],[112.5746443,-7.44180650999991],[112.57432703,-7.44252365999995],[112.57426079,-7.44268044999995],[112.574255477,-7.442694429],[112.57424097,-7.4427326],[112.57416197,-7.44294051999995],[112.57413021,-7.44302410999995],[112.573985209,-7.44342606399997],[112.573867662,-7.44341312299997],[112.573580862,-7.44341312299997],[112.573446686,-7.44340138299996],[112.573356394,-7.44338245099997],[112.5733427,-7.44337957999995],[112.573283998,-7.44335274399995],[112.573128019,-7.44326552999997],[112.572797611,-7.4430894249999],[112.572034487,-7.44275733999993],[112.572002631,-7.44274778999992],[112.571742184,-7.44266970899998],[112.571417152517995,-7.44257226604353],[112.571217693,-7.44251246899997]]]]}},
{"type":"Feature","properties":{"kdkab":"15","kdkec":"020","nmkab":"SIDOARJO","nmkec":"PRAMBON","kddesa":"002","kdprov":"35","nmdesa":"KAJARTENGGULI","nmprov":"JAWA TIMUR","iddesa":"3515020002"},"geometry":{"type":"MultiPolygon","coordinates":[[[[112.564432119,-7.47579197699998],[112.564128,-7.47567898999996],[112.563611,-7.47554298999996],[112.563013,-7.47532498999993],[112.56294331,-7.47530523999998],[112.56293743,-7.47530356999995],[112.56293064,-7.47530163999992],[112.56291926,-7.47529841999992],[112.562908689,-7.47529542299997],[112.56286162,-7.47528207999996],[112.562632,-7.47521699000001],[112.562224936746674,-7.47521731278988],[112.562034,-7.47521699000001],[112.562012236,-7.47520823599995],[112.561763,-7.47510798999997],[112.561481803,-7.47510798999997],[112.561548194,-7.47490631599993],[112.561767086,-7.47424139299994],[112.561318279,-7.47417463699998],[112.561308009,-7.47424960899997],[112.561260925622591,-7.474244129451605],[112.561074317,-7.47422241199995],[112.56108284,-7.47417977999995],[112.56108693,-7.47415763],[112.56110119,-7.47408032999996],[112.561111361,-7.47406035099994],[112.56132213,-7.47364634999998],[112.56143719,-7.47330390999994],[112.561457292,-7.47326482200001],[112.56146941,-7.47324125999994],[112.56153581,-7.47311214999996],[112.5616119,-7.47289613999995],[112.561617519,-7.47288018599997],[112.56161967,-7.47287407999996],[112.56161908,-7.47287071999992],[112.561634260723309,-7.472788991255265],[112.561645675,-7.47272753999991],[112.56167244,-7.4725834399999],[112.56177144,-7.47232957999993],[112.561772272,-7.47232874799993],[112.56196209,-7.47233100799995],[112.56218419,-7.47228715399997],[112.562301605,-7.47221783599995],[112.562370923,-7.47215417699994],[112.562460046,-7.47186558899998],[112.562588779,-7.47143553599993],[112.562706195,-7.47100548299995],[112.562792488,-7.47070699299996],[112.562897172,-7.4703929409999],[112.563134833,-7.46967854399997],[112.563041133,-7.46965476899992],[112.56277159,-7.46957647999997],[112.562596408,-7.46950922599995],[112.56250382,-7.46947367999995],[112.56247703171087,-7.469467026321234],[112.56247141,-7.46946562999996],[112.562250648,-7.46940604799995],[112.56189429,-7.46930986999993],[112.56188031,-7.46930618999995],[112.56184144,-7.46929564999992],[112.561032,-7.46908263999994],[112.5610314,-7.46908247999994],[112.56073,-7.46899],[112.56023,-7.46884],[112.55977905,-7.46870943999992],[112.55943646,-7.46863280999997],[112.559376925,-7.46861948599996],[112.55937404,-7.46861883999995],[112.55948,-7.46834],[112.55972,-7.46773],[112.55983,-7.46745],[112.55986513,-7.46733580999992],[112.55987,-7.46732],[112.559891159,-7.46724594399996],[112.56017,-7.46627],[112.5602,-7.46617],[112.56028,-7.46586],[112.56054112,-7.46497370999996],[112.56064238,-7.46453138999994],[112.560699853,-7.46424074299993],[112.5607,-7.46424],[112.56055387,-7.46422741999995],[112.56035816,-7.4642385999999],[112.560005,-7.46422860999998],[112.55983234,-7.46421696999993],[112.55973081,-7.46422342999993],[112.55961927,-7.46422859999997],[112.55941134,-7.46423294999994],[112.5592529,-7.46424051999997],[112.55922782,-7.46424128999996],[112.55929407,-7.46383806999997],[112.55930186,-7.46378540999993],[112.55930634,-7.46375784999996],[112.5593377,-7.46354310999993],[112.55934816,-7.46349090999996],[112.55938015,-7.46333412999994],[112.55936283,-7.46331103999995],[112.5593149,-7.46324593000002],[112.55934197,-7.46318642999996],[112.55935928,-7.46313788999994],[112.55940888,-7.46299980999995],[112.55955039,-7.46284702999996],[112.55956028,-7.46280585999996],[112.559576549,-7.46274078999991],[112.5595767,-7.46274018899995],[112.559576797,-7.46273984199997],[112.559579765,-7.46272931299992],[112.559616541,-7.46276410599993],[112.55979005,-7.46292825699993],[112.5597899,-7.46292901999994],[112.5599549,-7.46302554999994],[112.55996664,-7.46303241999991],[112.56023588,-7.4631228399999],[112.56034138,-7.46315936999998],[112.5608,-7.4632],[112.5612697,-7.46335356000001],[112.56129787,-7.46336276999994],[112.56132,-7.46337],[112.56138066,-7.46338802999998],[112.56149124,-7.46342710999995],[112.561528072,-7.46343692699998],[112.56187641,-7.46352977000001],[112.56210863,-7.46354785999994],[112.56243,-7.46358],[112.56265,-7.4636],[112.562722381,-7.46361850199998],[112.56302911,-7.46369690999994],[112.56312774,-7.46372538000001],[112.56359931,-7.46388787999998],[112.56363342,-7.46389963],[112.56376347,-7.46395424999997],[112.56395457,-7.46403451999994],[112.564353223274992,-7.464147365848937],[112.564462835,-7.46417751399997],[112.56459014,-7.46421332999997],[112.56479718,-7.46427157999995],[112.56480883,-7.46427045999998],[112.56514575,-7.46438735000001],[112.56546828,-7.46347294999991],[112.56550771,-7.46340507],[112.56550959,-7.46339823999997],[112.56552506,-7.46337185999994],[112.565602,-7.46311902999995],[112.565602283,-7.46311902599994],[112.56563931,-7.46311848999993],[112.56587222,-7.46311507999997],[112.56589736,-7.46311462999996],[112.56619555,-7.46311462999996],[112.56634266,-7.46311975999992],[112.56643801,-7.46311624999991],[112.56651911,-7.46311462999996],[112.56660988,-7.46311462999996],[112.56661992,-7.46311262999996],[112.56663189,-7.4631123899999],[112.5667367,-7.46308980999993],[112.5668193,-7.46307682999994],[112.56683322,-7.46307550999996],[112.566876055,-7.463071471],[112.56695911,-7.46306363999997],[112.56708938,-7.46304731],[112.56724504,-7.46302454999993],[112.56747,-7.46296],[112.5678,-7.4629],[112.56804,-7.46286],[112.568172056,-7.46284239299994],[112.56819,-7.46284],[112.56833,-7.46282],[112.56846,-7.4628],[112.56858123,-7.46298552999997],[112.56858304,-7.46298860999994],[112.56863427,-7.46307672999998],[112.5686674,-7.46318166999991],[112.56871469,-7.463251],[112.56877394,-7.46333830999993],[112.56893978,-7.46343676999995],[112.56895317,-7.46344510999996],[112.56900321,-7.46353960999993],[112.56904,-7.46365],[112.56912488,-7.46372980999998],[112.56912878,-7.46373347999998],[112.569144997,-7.46374872300001],[112.5691486,-7.46375210999995],[112.56916864,-7.46386233999991],[112.56917098,-7.46387565],[112.56922122,-7.463891],[112.56927721,-7.46390868],[112.56941,-7.46398],[112.56947292,-7.46410439999993],[112.56947884,-7.46418422999996],[112.5694838,-7.46425466999993],[112.56948407,-7.46425482999997],[112.56948411,-7.46425537999994],[112.569490466,-7.46425904599995],[112.56959337,-7.46431840999997],[112.56962924,-7.46433927999996],[112.56974214,-7.46445284999993],[112.56983397,-7.46453727999994],[112.56989791,-7.46459647999992],[112.56999,-7.46466],[112.57014395,-7.46492081],[112.57032667,-7.46507030999994],[112.57034486,-7.4650955299999],[112.57039262,-7.46516477999996],[112.57042586,-7.46521355999993],[112.57046024,-7.46526880999994],[112.5705351,-7.46539609999997],[112.57055729,-7.46542308999996],[112.57068077,-7.46557505999995],[112.570691908,-7.46557899200001],[112.570983291,-7.46565307299997],[112.571154463,-7.46571390299995],[112.571303001,-7.46580161099998],[112.571379392,-7.46587234299994],[112.571481247,-7.46611990699994],[112.571526267,-7.46621119699996],[112.571515966,-7.46624828200001],[112.571464978,-7.46643183600001],[112.571390002,-7.46677276599994],[112.571313611,-7.46707550099995],[112.571145268,-7.467655506],[112.570975511,-7.46821853599995],[112.569784378,-7.46834868299995],[112.569306227,-7.46963601199997],[112.568992175,-7.47042821499996],[112.568420338,-7.470258658],[112.567981486,-7.47015120799997],[112.56722045,-7.47222114700001],[112.56669149,-7.47367476099994],[112.566603874,-7.47389981499997],[112.566602847,-7.47390245299996],[112.566586929,-7.47394334099993],[112.566438951,-7.47423360399994],[112.566412512,-7.47433474399996],[112.566340132,-7.47458711399998],[112.566242002,-7.47494943999992],[112.566206867,-7.47507916899994],[112.566141517,-7.47524630399992],[112.565975191,-7.47567168599995],[112.565851273,-7.47597206399996],[112.565773253,-7.47616118400001],[112.565733369,-7.47625786299992],[112.56540872,-7.47614579999992],[112.56525946,-7.47609427999995],[112.565086033,-7.47603441799992],[112.565079,-7.47603198999996],[112.5648791,-7.47595803999996],[112.564663983008217,-7.475878119437336],[112.564432119,-7.47579197699998]]]]}},
{"type":"Feature","properties":{"kdkab":"15","kdkec":"020","nmkab":"SIDOARJO","nmkec":"PRAMBON","kddesa":"018","kdprov":"35","nmdesa":"SIMOGIRANG","nmprov":"JAWA TIMUR","iddesa":"3515020018"},"geometry":{"type":"MultiPolygon","coordinates":[[[[112.580700558,-7.44626771099998],[112.580536076235006,-7.44599323153136],[112.58051092,-7.44595125199992],[112.580432207,-7.44581989899992],[112.580321512,-7.44558341499996],[112.580140374,-7.445095351],[112.580091736,-7.44500478199994],[112.580061546,-7.44496620699995],[112.580031357,-7.444930986],[112.58001123,-7.44491589099994],[112.57998775,-7.44490415099991],[112.579955416,-7.44489533199992],[112.579932402,-7.44488905599998],[112.579865314,-7.44488067000001],[112.579769714,-7.44489576499993],[112.579607026,-7.44494272599996],[112.57940744,-7.44501652299994],[112.579290612,-7.44505424799998],[112.579246429,-7.44506851599993],[112.57904852,-7.44505845299998],[112.578936148,-7.44503832600002],[112.578872414,-7.44501819999994],[112.578704695,-7.44494943499996],[112.578555424,-7.44484712599994],[112.578464856,-7.44481190499994],[112.578394414,-7.44480351899995],[112.578221663,-7.44479848699998],[112.577802471,-7.44479051799994],[112.57778056,-7.44479010099995],[112.577567556,-7.44476829799992],[112.577505576,-7.44475900099998],[112.576963766,-7.44467772899998],[112.576658516,-7.44460057799997],[112.5766284,-7.44459090399995],[112.576498184483995,-7.44454907294552],[112.576334817,-7.44449659199994],[112.575799792,-7.44429532799998],[112.575799728,-7.444295302],[112.575405651,-7.44413767199998],[112.575315429,-7.44409297099998],[112.575036668,-7.44395485799993],[112.57487398,-7.44386428899998],[112.574672716,-7.44371837299995],[112.574397656,-7.44354394499992],[112.574233291,-7.44347517999994],[112.574050477,-7.44343324999994],[112.573985209,-7.44342606399997],[112.57413021,-7.44302410999995],[112.57416197,-7.44294051999995],[112.57424097,-7.4427326],[112.574255477,-7.442694429],[112.57426079,-7.44268044999995],[112.57432703,-7.44252365999995],[112.5746443,-7.44180650999991],[112.57484888,-7.44117706000001],[112.57505837,-7.44050329],[112.5750608,-7.44049545999997],[112.57514,-7.44024074999998],[112.57516799,-7.44015543999996],[112.575179504,-7.44012034899994],[112.575181377,-7.44011463999995],[112.57518618,-7.4401],[112.57528027,-7.43981324],[112.57549038,-7.43922795],[112.57550981,-7.43916436999995],[112.57554127,-7.43907626999992],[112.57556354,-7.43898852999996],[112.575607396,-7.43884501599997],[112.575655295,-7.43868827499997],[112.5756872,-7.43858386999997],[112.575730688,-7.43840384799997],[112.575796759,-7.43813033699993],[112.575806804,-7.43808875499995],[112.57596154,-7.43744820999992],[112.575964135,-7.43743746799994],[112.57601096,-7.43724361999994],[112.57601318,-7.43722916999994],[112.576034988,-7.43708750599995],[112.576074606,-7.43683014699993],[112.576272223,-7.43685381699994],[112.576340238,-7.43662391600001],[112.57658617,-7.43666452999997],[112.57714645,-7.43675705999994],[112.577490172,-7.43681382299995],[112.57752243,-7.43681914999996],[112.57757421,-7.43682769999998],[112.57865355,-7.43700595999998],[112.578689277,-7.43701186199998],[112.57871796,-7.43701659999995],[112.579043801,-7.43707040599998],[112.57904461,-7.43707053999997],[112.57912646,-7.43678391999994],[112.57914317,-7.43675273999995],[112.57928077,-7.43649606999995],[112.57934242,-7.43633081999996],[112.57935146,-7.43630657699994],[112.57935317,-7.43630198999996],[112.579553174,-7.435685892],[112.57997204,-7.43439560799993],[112.58018815,-7.43372989999993],[112.580188296,-7.43372986299996],[112.580292837,-7.43343494199997],[112.580365525,-7.433234424],[112.580392043,-7.43324043399995],[112.580402194,-7.43324065799996],[112.580571495,-7.43323219299995],[112.58065106,-7.43322362999994],[112.580727717,-7.43322074799992],[112.580728148,-7.43322061499995],[112.580766841,-7.43322706399994],[112.580803947,-7.43323848099993],[112.580923831,-7.433278442],[112.581138622,-7.43334623399996],[112.581235331,-7.43338188199991],[112.581235671,-7.43338226999996],[112.581281341,-7.43339796899992],[112.581368399,-7.43339796899992],[112.581449749,-7.43337513399997],[112.581561069,-7.433322328],[112.581673023,-7.43325854099993],[112.581683807,-7.43325239599994],[112.581782283,-7.43320815299997],[112.581863632,-7.43317818299994],[112.581907683,-7.433173288],[112.581927856,-7.43317104699998],[112.582024904,-7.43317818299994],[112.582127662,-7.43320815299997],[112.582244691,-7.43326666799995],[112.582347448,-7.43332803699997],[112.582521565,-7.433465047],[112.5826914,-7.43360776499998],[112.582951147,-7.43386323099998],[112.583063895,-7.43394886299996],[112.583135254,-7.43399025099993],[112.583195196,-7.43401165899997],[112.583367886,-7.43402307599993],[112.583576255,-7.43402307599993],[112.58377606,-7.434035921],[112.583878818,-7.43405875599995],[112.583928769,-7.43407873599996],[112.583957313,-7.43410299899994],[112.583971585,-7.43412155199994],[112.58398443,-7.43417293099996],[112.584027245,-7.434374164],[112.584091468,-7.43462677599994],[112.584137138,-7.43475950399993],[112.584211352,-7.43490507699991],[112.584438274,-7.43529612499997],[112.584495362,-7.43537033899994],[112.584522478,-7.43539745599996],[112.584569575,-7.43542742599992],[112.584843595,-7.435578708],[112.585328212,-7.43577207099996],[112.585372546,-7.43580192899997],[112.585376205,-7.43580696],[112.58539538,-7.43583332699995],[112.585406798,-7.43588185099998],[112.585405371,-7.43595749199993],[112.585362555,-7.43613874399992],[112.585322594,-7.43625720099996],[112.58524838,-7.43641561799994],[112.585142769,-7.43658973499994],[112.585038584,-7.43677098699993],[112.58500005,-7.43684091999995],[112.584977215,-7.43690371599997],[112.584962943,-7.43698221099993],[112.584964476,-7.43707266499996],[112.584968783,-7.43710711699993],[112.585010323,-7.43731778599993],[112.585096744,-7.43766904399995],[112.585136428,-7.43771242],[112.585180936,-7.43774357499997],[112.585209124,-7.437752477],[112.585238796,-7.43776137799993],[112.585280336,-7.43776582899994],[112.585317426,-7.43776434499996],[112.585363417,-7.43775395999997],[112.585425727,-7.437731707],[112.585628979,-7.43761598699998],[112.585915311,-7.43747059499997],[112.585974654,-7.43743647299994],[112.586019162,-7.43742608799994],[112.586054768,-7.43743350599993],[112.586090374,-7.43744982499993],[112.586247634,-7.43758334799997],[112.586441984,-7.437731707],[112.586624465,-7.43783110699994],[112.586891511,-7.43794979399998],[112.587103664,-7.43801507199993],[112.587204548,-7.4380373249999],[112.587298014,-7.43804177599996],[112.587530937,-7.43801803899991],[112.587729967,-7.43799735999993],[112.587759409,-7.43799430099994],[112.587789293,-7.43799287799994],[112.587832928,-7.4379908],[112.588010697,-7.43797588900001],[112.588158411,-7.437973034],[112.588268304,-7.43797695900002],[112.5884492,-7.43799765299996],[112.588511996,-7.438011925],[112.588574792,-7.43803690099995],[112.58863188,-7.43806187599997],[112.588667559,-7.43808185699993],[112.588696103,-7.438107546],[112.588718938,-7.43813894399994],[112.58876104,-7.43822172099994],[112.588789584,-7.43832305099991],[112.588802428,-7.438414391],[112.588802428,-7.43846434299997],[112.588793865,-7.43850858499998],[112.588778166,-7.43854569199994],[112.588711088,-7.43866129399993],[112.588614753,-7.43878403199994],[112.588607993,-7.43879417299995],[112.588536972,-7.43893388699996],[112.588524127,-7.43896813899992],[112.588519846,-7.43900381899997],[112.58854744,-7.43922097799998],[112.588552671,-7.43926213899995],[112.588574079,-7.43935062499996],[112.588642584,-7.43952474099998],[112.588735351,-7.43976022699997],[112.588752555,-7.43982361099996],[112.588762467,-7.43986012999995],[112.588772457,-7.43993719799994],[112.588782448,-7.44004423699994],[112.588792438,-7.44025403299997],[112.588801001,-7.44047667399994],[112.588806164,-7.44057218699994],[112.58880671,-7.44058228499997],[112.588820982,-7.44068218799992],[112.588835254,-7.440726431],[112.588858088,-7.44077638299995],[112.588900904,-7.44085630499995],[112.588976545,-7.44096905299995],[112.589013652,-7.44102185799997],[112.589140671,-7.44117599399994],[112.589240574,-7.44126876199997],[112.589389001,-7.44137294599992],[112.589709486,-7.44159264199991],[112.58972389,-7.44160453399997],[112.589827147,-7.44168978099998],[112.589885662,-7.441755432],[112.589969866,-7.44184819899994],[112.59002838,-7.44191527599995],[112.590076905,-7.441983781],[112.590112584,-7.44204229599997],[112.590212487,-7.44221498499995],[112.590325235,-7.44243762599994],[112.590395167,-7.44257463599997],[112.590426565,-7.44265170399995],[112.590447973,-7.44271307299993],[112.590460817,-7.44277301499997],[112.59045939,-7.44284294699995],[112.590456536,-7.44290431599997],[112.590426565,-7.44299850999992],[112.590344502,-7.44315193199998],[112.590310963,-7.44322614599998],[112.590245312,-7.44339241299998],[112.590219623,-7.44347804399997],[112.590214329,-7.44351317499996],[112.590215504,-7.44351549899994],[112.590216769,-7.44357366599996],[112.590221764,-7.44365216099997],[112.590236036,-7.44370996199995],[112.590269575,-7.44375705899993],[112.590311677,-7.443787743],[112.590405157,-7.44384054899995],[112.590471521,-7.443862671],[112.590498804,-7.44386676299995],[112.590528609,-7.44387123399996],[112.590555594,-7.44387138499997],[112.590655628,-7.44387194699994],[112.590769803,-7.44387337399998],[112.590794715,-7.44387506699996],[112.590843303,-7.44387836999992],[112.590901818,-7.44388621899996],[112.590969609,-7.44390833999995],[112.591030264,-7.44394473399996],[112.591062376,-7.44397898599992],[112.591084497,-7.44401466599994],[112.591096628,-7.44406033599996],[112.591100196,-7.44413098099997],[112.591098056,-7.44439429699996],[112.591088065,-7.44454272399998],[112.591089492,-7.44463549099991],[112.591089492,-7.444672451],[112.591089492,-7.44469828699992],[112.591089492,-7.44475394799996],[112.591099483,-7.44478819999997],[112.591115182,-7.44483244299995],[112.591138017,-7.44486384099997],[112.591179405,-7.44490094799993],[112.591219366,-7.44492949099992],[112.591282162,-7.44496088999993],[112.591337823,-7.44497658899994],[112.591399192,-7.44498229700001],[112.591467697,-7.44497230699995],[112.591583299,-7.44494090899994],[112.591863027,-7.44483172899994],[112.591968639,-7.44480746699998],[112.59203643,-7.44479961799996],[112.592076391,-7.44480175799996],[112.592106362,-7.44481174899994],[112.592118608,-7.44481710599995],[112.592152032,-7.44483172899994],[112.592203411,-7.44486740899995],[112.592228386,-7.44488382199997],[112.59224908,-7.44490665699995],[112.592253922,-7.44492203399995],[112.592261212,-7.44494519099994],[112.592282619,-7.44508719499996],[112.592305214,-7.44522351699993],[112.592325435,-7.44534551599995],[112.59234827,-7.44542115699991],[112.592363969,-7.44547967099991],[112.592381095,-7.44550678799991],[112.592399648,-7.44552177299993],[112.592423911,-7.44553533199996],[112.592425025,-7.44553552299991],[112.592448886,-7.44553961299991],[112.592498838,-7.44554246799989],[112.592539248,-7.44553923499996],[112.59272608,-7.44550871],[112.592726299,-7.44550855599991],[112.592782758,-7.44549911699994],[112.592848409,-7.44547057299998],[112.593177375,-7.44522366999996],[112.593240344,-7.44517271999995],[112.593349351,-7.445084519],[112.59359,-7.44494668299996],[112.59359,-7.44503],[112.59354,-7.44537],[112.59353,-7.44553],[112.59349,-7.44598],[112.59339217,-7.44683381999994],[112.59338581,-7.44688933999993],[112.59338569,-7.44689038599997],[112.59338,-7.44694],[112.59328,-7.44778],[112.59327,-7.44795],[112.59327,-7.44851],[112.59329,-7.4486],[112.59329003,-7.44860022699995],[112.593260238,-7.44860320599998],[112.592983501,-7.44859649699995],[112.592456861,-7.44858811099992],[112.592220377,-7.44858307899992],[112.591987247,-7.44859649699995],[112.591969673,-7.448598578],[112.591604846,-7.44864178099991],[112.591240895,-7.44868706599994],[112.591053049,-7.44873234999995],[112.590947385,-7.44877092499996],[112.590885329,-7.44881285499995],[112.590853462,-7.44885813900001],[112.59083669,-7.4488967149999],[112.590835013,-7.44896380299998],[112.590829982,-7.44918854699993],[112.590831061,-7.44938710099998],[112.590831659,-7.44949715099995],[112.590814887,-7.44961623199992],[112.590772957,-7.44973531299994],[112.590755119563497,-7.449768539466501],[112.59068742,-7.44989464599995],[112.590518862,-7.45010513499995],[112.590383847,-7.45025692099995],[112.590255542,-7.45038103299992],[112.59014904,-7.45044057399993],[112.590102079,-7.45044644400001],[112.590014864,-7.45045315299993],[112.590000917,-7.45045228099995],[112.589894106,-7.450445605],[112.589812812,-7.45043365999991],[112.58968865,-7.45041541599992],[112.589502481,-7.45035335899997],[112.588682531,-7.45008616599995],[112.587603896,-7.44978646699997],[112.587494878,-7.44976969499995],[112.587422758,-7.449778081],[112.587172856,-7.44982504299995],[112.586936372,-7.44990219399992],[112.586765298,-7.44993909199997],[112.586642283,-7.44994729299996],[112.586538876,-7.44995418699997],[112.586057521,-7.44994412399996],[112.585955212,-7.44995418699997],[112.585879738,-7.44997095899994],[112.585769043,-7.45002127499995],[112.585582656,-7.45011819599994],[112.585559394,-7.45013029199992],[112.585282657,-7.45025105099992],[112.585036109,-7.45032316999994],[112.584802979,-7.45036509999994],[112.58460507,-7.45037516299991],[112.584475925,-7.45038019499997],[112.584363553,-7.45036509999994],[112.584284725,-7.45033323299997],[112.584138809,-7.45023427899997],[112.584029791,-7.45012861499991],[112.5839409,-7.44999611699993],[112.583880521,-7.44985355499993],[112.5838453,-7.44970763899996],[112.583836914,-7.44955501399996],[112.583858717,-7.44932859299996],[112.583892261,-7.44908539899996],[112.583934191,-7.44872480199995],[112.583920774,-7.44864094299993],[112.583905679,-7.44858894999993],[112.583841945,-7.44852353899996],[112.58376144,-7.44846315999995],[112.583672549,-7.44843129299991],[112.583571917,-7.44841955299994],[112.583244864,-7.44839942599996],[112.582667908,-7.44839942599996],[112.582360982,-7.44835581899997],[112.58216475,-7.44830718099993],[112.582017156,-7.44822332099995],[112.582001345,-7.44820503899993],[112.581909816,-7.44809920799997],[112.581591149,-7.44765978299993],[112.581454844,-7.44744672699994],[112.581169009115996,-7.44699994132992],[112.580700558,-7.44626771099998]]]]}},
{"type":"Feature","properties":{"kdkab":"15","kdkec":"020","nmkab":"SIDOARJO","nmkec":"PRAMBON","kddesa":"007","kdprov":"35","nmdesa":"GAMPANG","nmprov":"JAWA TIMUR","iddesa":"3515020007"},"geometry":{"type":"MultiPolygon","coordinates":[[[[112.606294933,-7.48745139799997],[112.606068405,-7.48775079499997],[112.605986031,-7.48783316899994],[112.605870391,-7.48790286999998],[112.605735741,-7.48791079099994],[112.60569225,-7.48790654699996],[112.605682808,-7.48790562599991],[112.605668797,-7.48790425899995],[112.605534729,-7.48789117999993],[112.605410998,-7.48787910799997],[112.605215472,-7.48783794499996],[112.60520682,-7.48783706999993],[112.60506903,-7.48782255999993],[112.60501826,-7.48783464999996],[112.60490823,-7.48799051999994],[112.60490631,-7.48798965999994],[112.60472815,-7.48822870999994],[112.604560899,-7.48835355599996],[112.604535761447409,-7.488395698543338],[112.60452059644679,-7.488392022179555],[112.604338287634647,-7.488349514943565],[112.60418431697984,-7.488302284681351],[112.604042626193191,-7.488253165208651],[112.603942498037313,-7.488205934946438],[112.603925495142917,-7.488192710473019],[112.603915104485225,-7.488168150736668],[112.603917938300953,-7.488152092447516],[112.603919158930793,-7.488145989298314],[112.603470191,-7.48802010299991],[112.603494984,-7.48767299299994],[112.603431315,-7.48764570599996],[112.603431322,-7.48764554999996],[112.603458583,-7.486996726],[112.603068523,-7.48689411599997],[112.603068529,-7.48689400299998],[112.603047027,-7.48688997799997],[112.603055625,-7.48678671999991],[112.603142531,-7.48574302599996],[112.602745929,-7.48565443699993],[112.60270276,-7.48564479399994],[112.601540346,-7.485359193],[112.600514366,-7.48511725099997],[112.599173678,-7.48482801199998],[112.598999044,-7.4847698],[112.598900366,-7.48473314799997],[112.598871706,-7.48472250299996],[112.598630355,-7.48461372599997],[112.59860937,-7.48460880999995],[112.59860962,-7.48460812999998],[112.59857705,-7.48458471999993],[112.59832186,-7.48446208999998],[112.59809686,-7.48435478999995],[112.59775402,-7.48418525999994],[112.59753345,-7.48407617999992],[112.5973217,-7.48397209999995],[112.59715257,-7.48388778],[112.59701913,-7.48382190999997],[112.59678603,-7.48370783999997],[112.59628123,-7.48345914999995],[112.59590704,-7.483273],[112.59543579,-7.48304039999993],[112.59516613,-7.48290941999995],[112.5948727,-7.48276246999994],[112.59479172,-7.48272249999997],[112.594480457,-7.48132180499996],[112.59447982,-7.48131893999995],[112.59447977,-7.48131874999995],[112.59464356,-7.48065760999996],[112.59464373,-7.48064343999991],[112.594648476,-7.48064119099998],[112.594914651,-7.47954917099998],[112.594922153,-7.47952702799997],[112.594986346,-7.47933754199992],[112.595034718,-7.47918119599993],[112.595061496,-7.47907494999993],[112.59506927,-7.47901690299993],[112.59506927,-7.47900239099993],[112.595032991,-7.47880371899991],[112.59502935,-7.47877750499994],[112.594974662,-7.47838375399991],[112.594964853,-7.47835759799994],[112.594903744,-7.47819464499997],[112.595041793,-7.47818178099994],[112.595168222,-7.47816813699995],[112.595307384,-7.47813266500002],[112.595430174,-7.47809173399997],[112.595528406,-7.47802442699994],[112.595652106,-7.47793438099995],[112.595744667942697,-7.477851598311777],[112.595827566279539,-7.477809634231377],[112.595943880137867,-7.477756188729289],[112.596007315518278,-7.477689714100919],[112.596059820840253,-7.47762468403318],[112.596097703429024,-7.477589585260898],[112.596121707435657,-7.477548470636345],[112.596137103480984,-7.477427375957232],[112.596138782480978,-7.477419298957232],[112.596158709246794,-7.477317628234025],[112.596182296355963,-7.477281278769338],[112.596221057561593,-7.477249858091321],[112.596306561507603,-7.47717811176176],[112.596375536440391,-7.477116923415092],[112.59641475936543,-7.477093945991208],[112.596466364199784,-7.477066650006146],[112.596510515911518,-7.477028498485798],[112.596715185,-7.47689809599996],[112.597214453,-7.47694294799995],[112.597237805,-7.47695957099996],[112.59723859,-7.47698142],[112.59729354,-7.4771011999999],[112.59733484,-7.47714174999993],[112.59734518,-7.47715198999993],[112.59735597,-7.47716948999997],[112.59737715,-7.47720486],[112.59739339,-7.47726385999994],[112.59742088,-7.4773669599999],[112.5974932,-7.47747410999994],[112.59756688,-7.47758403999994],[112.59764666,-7.47770894999997],[112.59772647,-7.47783471999994],[112.59774408,-7.47786271999996],[112.59774453,-7.47786317],[112.59774582,-7.47786520999994],[112.59790199,-7.47802542999996],[112.59795953,-7.47808538999998],[112.59800691,-7.47813306999998],[112.598019924,-7.47814642399994],[112.59805285,-7.47818020999994],[112.59816283,-7.47829303999992],[112.598406808,-7.47850179899996],[112.598527898,-7.478557882],[112.598631587,-7.47860335999998],[112.598704352,-7.47863428499991],[112.598742553,-7.47866157199993],[112.598773036,-7.47872405999993],[112.598778936,-7.47873615599996],[112.598818956,-7.47885439799995],[112.598849881,-7.47891260999995],[112.598881194,-7.47895272899998],[112.598908093,-7.47898719299997],[112.598973581,-7.47902903299998],[112.599048165,-7.47905813899996],[112.599140939,-7.47909997799995],[112.599232963,-7.47912437],[112.599234757,-7.47912524399992],[112.599258674,-7.47920964199996],[112.599745063,-7.47921124699998],[112.59988432,-7.47922169199998],[112.600133244,-7.47927217299995],[112.600241854,-7.47930538099997],[112.600617164,-7.47942013399992],[112.601600095,-7.47976224799995],[112.601782099,-7.47983234099997],[112.601919493185505,-7.479886779379558],[112.60213889,-7.47997370999993],[112.60218,-7.47999],[112.60221848,-7.48000875999995],[112.602272967,-7.480031502],[112.60253673,-7.48014159999995],[112.60302,-7.48024],[112.60336,-7.48033],[112.60345235,-7.48033],[112.60368,-7.48033],[112.60388505,-7.48031643999997],[112.603888949,-7.48031439299995],[112.60398524,-7.48031150799991],[112.604074376,-7.48028604099994],[112.604087538029546,-7.480268491493224],[112.60410712,-7.48024238199996],[112.604150779,-7.48002044999991],[112.604215601,-7.47984898499993],[112.604319957,-7.47957294799995],[112.604434765,-7.47936534899998],[112.604452752,-7.47933282499996],[112.60462193,-7.47907814899994],[112.60477345,-7.47893994999993],[112.604787469,-7.47892716299997],[112.604852181,-7.47886367199994],[112.604938002,-7.47880693099994],[112.604979361,-7.478779586],[112.60498179,-7.47877975299996],[112.605038891,-7.47892979799996],[112.605121539,-7.47915255999992],[112.605137103,-7.47920500499993],[112.605137593,-7.47920852099995],[112.60518747,-7.47944907999991],[112.60524579,-7.47968642999996],[112.60528409,-7.48005901999996],[112.60533868,-7.48039878999998],[112.60537999,-7.48047235999996],[112.60538088,-7.48047411999996],[112.605393671,-7.48049949299995],[112.60539492,-7.48050196999997],[112.60541438,-7.48054053999991],[112.60546947,-7.48064702999993],[112.60549776,-7.48069925999995],[112.60558388,-7.48090691999991],[112.60558441,-7.48105475999993],[112.60557779,-7.48119652999995],[112.605568056,-7.48120808999994],[112.605481248,-7.48174949499997],[112.60547712,-7.4817752449999],[112.605452185,-7.48193076099994],[112.605447146,-7.48197140699995],[112.605404661,-7.48231411699991],[112.605426839,-7.482846379],[112.605427489,-7.48291989499994],[112.605430007,-7.48320438899997],[112.605452185,-7.483331118],[112.605493372,-7.48343250100001],[112.605594755,-7.48353071599994],[112.605713903,-7.48363764399994],[112.605719849,-7.48364226799997],[112.605751582,-7.48366694999994],[112.605763474,-7.48368999099993],[112.605717623,-7.48412254600002],[112.605692919,-7.48435560399998],[112.60568065,-7.48447135199994],[112.605667916,-7.48466235899998],[112.605662459,-7.48477878199998],[112.605671554,-7.48483153599998],[112.605691564,-7.48489156699997],[112.605777063,-7.48504801099998],[112.605810422,-7.48507687899995],[112.605864164035111,-7.485139272749448],[112.605899752646081,-7.485182487491342],[112.605982369064435,-7.485289253324258],[112.606010331544482,-7.485332468066153],[112.606047191177282,-7.485375682808048],[112.606080237744607,-7.485418897549942],[112.606120910442868,-7.485473551488221],[112.606142517813794,-7.485506598055553],[112.606222592188473,-7.485596840604804],[112.606272162039474,-7.485661662717646],[112.606328086999554,-7.485756989354175],[112.606651081249794,-7.48617654382956],[112.606615337930947,-7.486270482169632],[112.606432310788804,-7.486572985362895],[112.606347535,-7.48695446599993],[112.606350377,-7.48707596299996],[112.606347209,-7.487300907],[112.606294933,-7.48745139799997]]]]}},
{"type":"Feature","properties":{"kdkab":"15","kdkec":"020","nmkab":"SIDOARJO","nmkec":"PRAMBON","kddesa":"017","kdprov":"35","nmdesa":"CANGKRINGTURI","nmprov":"JAWA TIMUR","iddesa":"3515020017"},"geometry":{"type":"MultiPolygon","coordinates":[[[[112.587502874,-7.45481809599992],[112.587403653,-7.45476040499992],[112.587403806,-7.45476018699996],[112.587188159,-7.45462295799997],[112.586683164,-7.45433299899995],[112.586643624779654,-7.45430486249663],[112.58642337,-7.45414812699994],[112.586398071,-7.45410725999995],[112.586383476,-7.45403233799995],[112.586360124,-7.453970065],[112.586201522,-7.45377546199994],[112.586105194,-7.4536732949999],[112.585958268,-7.45358864299995],[112.585814808,-7.45354724199995],[112.585814924,-7.45354532100001],[112.58583904,-7.45314566999998],[112.58576692,-7.45290527999993],[112.58577382,-7.45287334999995],[112.585781261,-7.45283888899994],[112.585794726,-7.452776526],[112.58593,-7.45215],[112.58601451,-7.45185592999995],[112.58602557,-7.45180706999997],[112.58603072,-7.45178858999997],[112.586085965,-7.45154194199992],[112.58609081,-7.45152030999998],[112.58612,-7.45139],[112.58619,-7.45122],[112.58632,-7.45085],[112.5864,-7.45069],[112.58644,-7.4506],[112.5865,-7.4505],[112.58653,-7.45042],[112.58656,-7.45033],[112.586563885,-7.450311132],[112.586577177,-7.45024656699995],[112.5865881,-7.45019350999994],[112.58659023,-7.45018127999998],[112.586592606,-7.45016958599998],[112.586612816,-7.45007915399998],[112.586630837,-7.44999850999992],[112.586642283,-7.44994729299996],[112.586765298,-7.44993909199997],[112.586936372,-7.44990219399992],[112.587172856,-7.44982504299995],[112.587422758,-7.449778081],[112.587494878,-7.44976969499995],[112.587603896,-7.44978646699997],[112.588682531,-7.45008616599995],[112.589502481,-7.45035335899997],[112.58968865,-7.45041541599992],[112.589812812,-7.45043365999991],[112.589894106,-7.450445605],[112.590000917,-7.45045228099995],[112.590014864,-7.45045315299993],[112.590102079,-7.45044644400001],[112.59014904,-7.45044057399993],[112.590255542,-7.45038103299992],[112.590383847,-7.45025692099995],[112.590518862,-7.45010513499995],[112.59068742,-7.44989464599995],[112.590755119563497,-7.449768539466501],[112.590772957,-7.44973531299994],[112.590814887,-7.44961623199992],[112.590831659,-7.44949715099995],[112.590831061,-7.44938710099998],[112.590829982,-7.44918854699993],[112.590835013,-7.44896380299998],[112.59083669,-7.4488967149999],[112.590853462,-7.44885813900001],[112.590885329,-7.44881285499995],[112.590947385,-7.44877092499996],[112.591053049,-7.44873234999995],[112.591240895,-7.44868706599994],[112.591604846,-7.44864178099991],[112.591969673,-7.448598578],[112.591987247,-7.44859649699995],[112.592220377,-7.44858307899992],[112.592456861,-7.44858811099992],[112.592983501,-7.44859649699995],[112.593260238,-7.44860320599998],[112.59329003,-7.44860022699995],[112.59329009,-7.44860067699995],[112.593624239,-7.44851713899994],[112.594083318,-7.44838620499997],[112.59420617,-7.44836195799997],[112.594330639,-7.44836195799997],[112.594448642,-7.44837327299996],[112.594767088,-7.44845571299994],[112.595287593,-7.44860927799994],[112.595588258,-7.44868363599994],[112.595879761,-7.44875730399996],[112.596183121,-7.44883396899995],[112.596574309,-7.44894712199993],[112.596950948,-7.4490877559999],[112.597227365,-7.44922677299998],[112.597408411,-7.44930436299996],[112.59747307,-7.44931406199996],[112.597506346,-7.44929927299993],[112.597531263,-7.44928819899996],[112.597563593,-7.44927849999993],[112.597699377,-7.44920090899997],[112.597886888,-7.44901663099994],[112.598072658,-7.44884526099996],[112.598227287,-7.44870261899996],[112.598303939,-7.44863190899996],[112.598559839,-7.4484563959999],[112.598612686,-7.44842015099992],[112.598881021,-7.44821324199994],[112.599117027,-7.44794975599998],[112.599134037,-7.44792622299996],[112.599332018,-7.44765232399992],[112.599429147,-7.44754750099995],[112.599495282,-7.44747612799994],[112.599563174,-7.44742278499996],[112.599632683,-7.44738237299991],[112.599707041,-7.44735004299996],[112.599791097,-7.44733711099995],[112.599957595,-7.44734842699997],[112.600094995,-7.44737267399993],[112.600518112,-7.44750997700001],[112.600583171,-7.44753108899994],[112.601507796,-7.44782528699994],[112.601730869,-7.44788024699993],[112.602060631,-7.44794813899992],[112.602660344,-7.44803542899993],[112.602762366,-7.44803311099998],[112.602873719,-7.44803058],[112.60328592,-7.44801118199996],[112.603360278,-7.44801764799993],[112.603439485,-7.44804997799997],[112.603502528,-7.44811948599998],[112.603866235,-7.44888246299996],[112.604063445,-7.44918151099997],[112.604144269,-7.44925748599994],[112.604453016,-7.44956138299996],[112.604473316,-7.44960574199995],[112.604471868,-7.44960574599994],[112.604446996,-7.44973868099993],[112.604446307,-7.44973871699993],[112.604388694,-7.45002234899993],[112.604372318,-7.45012749099992],[112.604370464,-7.45013939199994],[112.604331435,-7.45038996999998],[112.60433225,-7.45039017999997],[112.6041649,-7.45171133999998],[112.60415989,-7.45171916999991],[112.604562421,-7.45192043799993],[112.604773633,-7.45202046299996],[112.605135863,-7.45220605799994],[112.605288179,-7.45230973499997],[112.605332978,-7.45233917499998],[112.605540333,-7.45238013299998],[112.605650355,-7.45239837299995],[112.605779686,-7.45241981199996],[112.60606967,-7.45254732999997],[112.606172636,-7.45259260800002],[112.607117251,-7.45304571599996],[112.607357885,-7.453154513],[112.607376698,-7.45316712699997],[112.607742076,-7.45339504],[112.607784113,-7.45343098599995],[112.607622394,-7.45365696499992],[112.607590838,-7.45370105799998],[112.607054533,-7.45437432099992],[112.606630864,-7.45494902499996],[112.606531026,-7.45509878099994],[112.606386798,-7.45533398999995],[112.606130958,-7.45523285299994],[112.60613028,-7.45523382599994],[112.606023882,-7.45519302299991],[112.605892719,-7.45514272299995],[112.605853189,-7.45513105099998],[112.604762289,-7.45480896099997],[112.602778849,-7.45422386199994],[112.60208964,-7.45403727999996],[112.60028057,-7.45358242999994],[112.596767996,-7.45249373399997],[112.596220331,-7.45445674999998],[112.5961197,-7.45480057499996],[112.595807497,-7.45563530699996],[112.595754595,-7.45556076399992],[112.595662349,-7.45540142999998],[112.595658998,-7.45539961099998],[112.595409093,-7.4552639],[112.595139064,-7.45516662299995],[112.594015343,-7.45489323999992],[112.593168359,-7.45470874899995],[112.59292852,-7.45468359099994],[112.592465614,-7.45465004699996],[112.592445833,-7.45464836499998],[112.591715908,-7.45458631299994],[112.590424467,-7.45443201099995],[112.589711659,-7.45436492299998],[112.589159861,-7.45435485999996],[112.588814359,-7.45436827799992],[112.588473888,-7.45440517599995],[112.588076393,-7.45447729599991],[112.587821459,-7.45455276899996],[112.587712442,-7.45460979399997],[112.587621873,-7.45468359099994],[112.58759091,-7.45471239299996],[112.587549754,-7.45475067799994],[112.587503553,-7.45481711999997],[112.587502874,-7.45481809599992]]]]}},
{"type":"Feature","properties":{"kdkab":"15","kdkec":"020","nmkab":"SIDOARJO","nmkec":"PRAMBON","kddesa":"015","kdprov":"35","nmdesa":"JATI ALUN ALUN","nmprov":"JAWA TIMUR","iddesa":"3515020015"},"geometry":{"type":"MultiPolygon","coordinates":[[[[112.605112004,-7.47041630499998],[112.605094274,-7.47041308099993],[112.604975933,-7.47041207899996],[112.604690542,-7.470418782],[112.604678577,-7.470420603],[112.604538173,-7.47038249299995],[112.604406455,-7.47033858699995],[112.604285445,-7.47029825099995],[112.604082862,-7.47025211799996],[112.603874262,-7.47022403699997],[112.603767961,-7.47021411599997],[112.60375184,-7.47020528999998],[112.603743252,-7.47020378099994],[112.603679746,-7.47019262299997],[112.603532779,-7.47014280299992],[112.603450542,-7.47010669899994],[112.603377331,-7.47007761599997],[112.603316155,-7.47006959300001],[112.603247959,-7.47007861899996],[112.603157699,-7.47009265899993],[112.603119543,-7.47009576999994],[112.602973168,-7.47010770199997],[112.602812706,-7.47010770199997],[112.602582042,-7.47009967899991],[112.602390491,-7.47006758699996],[112.602253095,-7.47001844499995],[112.602195145,-7.46998847099997],[112.602177003,-7.46997776099996],[112.601838903,-7.46974365399994],[112.601614256,-7.469557117],[112.601527005,-7.46947187199993],[112.601497662,-7.46942296699994],[112.601496918,-7.46942172799996],[112.601438382,-7.46922308899996],[112.601455698,-7.46921062199992],[112.601477502,-7.469183786],[112.601495951,-7.46914688799997],[112.601502659,-7.46910495799995],[112.601469116,-7.46901271199992],[112.60146073,-7.46893891599995],[112.601462407,-7.4689137579999],[112.601464084,-7.46887350499995],[112.601468367,-7.46885970399994],[112.601472536,-7.46884627099996],[112.601484282,-7.46882277899993],[112.601534741,-7.46876458799994],[112.601544207,-7.468759443],[112.601559981,-7.46875442399994],[112.60157981,-7.46875442399994],[112.601604968,-7.46875945599993],[112.60165193,-7.46876616499995],[112.601677088,-7.46875610199992],[112.601710632,-7.46874268399992],[112.601729081,-7.46871584899997],[112.601730758,-7.46868398199994],[112.601744176,-7.46851458499998],[112.601742498,-7.46844749799992],[112.601729919,-7.46840472899993],[112.601703923,-7.46837118499996],[112.601687151,-7.46834267299992],[112.601683797,-7.468322546],[112.601683797,-7.46830158099991],[112.601730758,-7.46819088699996],[112.601756354,-7.46814560099995],[112.601763463,-7.46813302299996],[112.601817972,-7.46812547599997],[112.601834013,-7.46812469299991],[112.601852355,-7.46812379899997],[112.601917765,-7.46812295999998],[112.601942923,-7.46812044400001],[112.601976467,-7.46811457399994],[112.602046909,-7.46809360899996],[112.602123222,-7.46808186899996],[112.602194503,-7.46805503399994],[112.602249012,-7.46802987599994],[112.602269929,-7.46800102399994],[112.602273331,-7.46799633199993],[112.602277524,-7.4679862689999],[112.602290941,-7.46796781999996],[112.602301005,-7.46795775599996],[112.602317777,-7.46794601599995],[112.602342935,-7.46794266199994],[112.602364738,-7.46794433899991],[112.602398282,-7.46795607899997],[112.602415054,-7.46796949699997],[112.602421763,-7.46797955999998],[112.602432655,-7.46799862099995],[112.60243518,-7.46800304099997],[112.602446921,-7.46801645799994],[112.602467047,-7.46804497099996],[112.602498914,-7.46806845099995],[112.602517363,-7.46808019199993],[112.602582774,-7.46808857799993],[112.60261464,-7.46808354599994],[112.60265657,-7.46807851399998],[112.602690114,-7.46807012799996],[112.602725335,-7.46805000199993],[112.602753847,-7.46803155299996],[112.602784037,-7.46800304099997],[112.602799132,-7.46797955999998],[112.602801409,-7.46796134399994],[112.602802486,-7.46795272499997],[112.602807518,-7.46792421199997],[112.602820935,-7.46789402299993],[112.602829321,-7.46787892799996],[112.60283603,-7.46786551099994],[112.602852802,-7.46785041599997],[112.602867897,-7.46784035299994],[112.602884669,-7.46783028899996],[112.602908149,-7.46782861199995],[112.602948402,-7.46784202999994],[112.602971883,-7.46784873899997],[112.602995364,-7.46786551099994],[112.603017167,-7.46789234599989],[112.603025553,-7.46791079499996],[112.603037294,-7.46793595299995],[112.603041076,-7.46794304400001],[112.603050711,-7.46796111099996],[112.603067483,-7.46797788299993],[112.603090964,-7.46799800899994],[112.603127862,-7.46801310399995],[112.603233525,-7.46802987599994],[112.603381119,-7.46801142699997],[112.60363773,-7.46793595299995],[112.603711526,-7.46792421199997],[112.603785323,-7.46788563699996],[112.603802095,-7.46786215599996],[112.603803099,-7.4678450819999],[112.603803772,-7.46783364399995],[112.603792032,-7.46780513199996],[112.603756811,-7.46774475299998],[112.60361928,-7.46761225399996],[112.603480073,-7.46747975599994],[112.603355961,-7.46732209899995],[112.603226817,-7.46716108799996],[112.603201659,-7.46711077299994],[112.603196627,-7.46708058299993],[112.603193273,-7.46705039299996],[112.60319708,-7.46702678799993],[112.603210045,-7.46694640699996],[112.603218431,-7.46692292699993],[112.603238557,-7.46684409799996],[112.603235203,-7.46680552299996],[112.603225139,-7.46674011199997],[112.603220108,-7.46665122099991],[112.603220205,-7.46664551699998],[112.603221785,-7.46655310499996],[112.603222624,-7.46651117499991],[112.603227655,-7.46648517799994],[112.60323101,-7.46646672899992],[112.603240234,-7.46643821699995],[112.603287196,-7.46635016399995],[112.603300292,-7.46632516099991],[112.603324094,-7.466279722],[112.60334422,-7.46624450099996],[112.603348477,-7.46623651999995],[112.603357638,-7.46621934299997],[112.603377764,-7.46612374299996],[112.603384473,-7.46606504099998],[112.603384473,-7.46600801599996],[112.603397891,-7.46591073899998],[112.603423049,-7.46580507599996],[112.603438143,-7.46575308299998],[112.603444852,-7.46572121599996],[112.603456592,-7.46568934899992],[112.603485105,-7.46564238799995],[112.603547161,-7.46554846499992],[112.603580705,-7.46550317999989],[112.603602509,-7.46546292799995],[112.603617603,-7.46537739099996],[112.603659533,-7.46494467399994],[112.603669596,-7.46487926399996],[112.6036914,-7.46483901099997],[112.603718235,-7.46480882099995],[112.603740039,-7.46477695499995],[112.603766874,-7.46474341099996],[112.603813835,-7.464678],[112.603867505,-7.464589109],[112.603885955,-7.46455724199993],[112.603906081,-7.46452369799994],[112.60391279,-7.464485123],[112.603911113,-7.4644197119999],[112.603907758,-7.464384491],[112.603897695,-7.46436268699993],[112.603892663,-7.46432578899993],[112.603894341,-7.46426037799995],[112.603911113,-7.46417316399994],[112.603929562,-7.464148006],[112.60395472,-7.46412452499992],[112.603986586,-7.46408594999997],[112.604026839,-7.46402221699997],[112.604043611,-7.463985318],[112.604053674,-7.46395177399993],[112.604057029,-7.46392661599996],[112.604060383,-7.463876301],[112.604041934,-7.46377231399989],[112.604023485,-7.46365323299997],[112.604031871,-7.46360459499995],[112.604057029,-7.46358279099998],[112.604082187,-7.46356434199989],[112.604102313,-7.46355595599992],[112.604164369,-7.46354589299994],[112.604201267,-7.46352576699997],[112.604221394,-7.46349557699996],[112.604234811,-7.46345196999995],[112.604234811,-7.46338488199998],[112.604238166,-7.46334462899995],[112.604254938,-7.46326076999994],[112.604305254,-7.463163492],[112.60446291,-7.46287165999995],[112.604566896,-7.46268381399992],[112.604580314,-7.462620081],[112.604617212,-7.46255970199997],[112.60463063,-7.46253622099995],[112.604660819,-7.46249596799995],[112.604674237,-7.46247584199996],[112.604707781,-7.46239198199996],[112.604710772,-7.46232616399993],[112.604712812,-7.46228128699993],[112.604722662,-7.46214503399994],[112.605709384,-7.46236775099994],[112.608246317,-7.46294486599992],[112.608666172,-7.46306355299991],[112.608661654,-7.46308888299998],[112.608640188,-7.46320924899993],[112.608612304,-7.46336559499996],[112.60858874,-7.46357065999997],[112.60868,-7.46356],[112.61008,-7.46361],[112.61131064,-7.46369478],[112.611310278,-7.46369603399996],[112.611745727,-7.46372022499996],[112.611510578,-7.46440119199996],[112.611063475,-7.465680079],[112.611201481,-7.46568955599996],[112.611610951,-7.46574889999994],[112.61196964,-7.46584170699998],[112.612035257,-7.46585868499997],[112.61218039,-7.46590741599991],[112.612238508,-7.46592693000001],[112.612366097,-7.46596253599992],[112.61244621,-7.46596105299993],[112.612511488,-7.46594176599997],[112.612646495,-7.46588687299993],[112.612717707,-7.46585868499997],[112.612770328,-7.46582068100002],[112.612824525,-7.46578153899998],[112.612828083,-7.46577922399995],[112.612947663,-7.46570142499995],[112.61297692,-7.46564463199993],[112.613048547,-7.46550559099995],[112.613318559,-7.46469851999994],[112.613471936,-7.46428777099992],[112.613553718,-7.46406875500002],[112.613622695,-7.46388403099994],[112.613799241,-7.46347307799994],[112.613818254,-7.46343928599992],[112.614097143,-7.46294361499995],[112.61440677,-7.46246015999997],[112.61547946,-7.45975240999993],[112.615480449,-7.45975229699997],[112.615913746,-7.45967457699995],[112.61611731,-7.45962334499995],[112.616185597,-7.45960484099995],[112.616242587,-7.459589399],[112.616311287,-7.45958050799994],[112.616375138,-7.45958535700002],[112.616493141,-7.45962496099996],[112.616542139,-7.45964888299995],[112.617179269430451,-7.459979390058617],[112.619068188,-7.46099088399996],[112.619688915,-7.46131741199998],[112.620404521,-7.46169994099995],[112.620484222,-7.46174254599992],[112.621083935,-7.46209251299996],[112.62148823505234,-7.462309094771517],[112.620805856317986,-7.463958368759827],[112.620556064886301,-7.464208160191506],[112.620386563557659,-7.464475793868306],[112.620413326925345,-7.464618531829266],[112.620457932538145,-7.465002140099346],[112.620608699509404,-7.465394669491985],[112.620694342285987,-7.465730103700241],[112.620687205387938,-7.46594421064168],[112.6209798182079,-7.465929936845585],[112.621136829964968,-7.465801472680721],[112.621293841722022,-7.465815746476817],[112.62196,-7.46598],[112.62234,-7.46609],[112.622045367,-7.467224115],[112.6219531,-7.46772319899998],[112.621952931,-7.46772310799998],[112.621876311,-7.46810449299995],[112.621795488,-7.46839545799997],[112.621679101,-7.46885615399998],[112.621590195,-7.46919238099995],[112.6215228,-7.46963205199998],[112.62133,-7.46963],[112.62108,-7.46961],[112.62071,-7.46948],[112.62036,-7.4693],[112.620224291061078,-7.469206115045134],[112.620045057,-7.46911761499998],[112.61974152988023,-7.469067806886897],[112.619457212331639,-7.469064684481774],[112.619452742331632,-7.469064704481804],[112.61919854,-7.46906186999997],[112.618879042846061,-7.469043104082483],[112.61848921911924,-7.46902350036376],[112.618080172,-7.46901025299995],[112.61781902,-7.46899588000001],[112.617660370731187,-7.468914731930656],[112.617573323731193,-7.468837355930677],[112.617473922731193,-7.468706800930697],[112.617379387047109,-7.46856012803334],[112.617226326,-7.46837336399998],[112.616916257,-7.46805587699991],[112.616577999,-7.46768794699996],[112.616305019,-7.46741645099996],[112.615720211831814,-7.466847001011576],[112.615574882539079,-7.466850600463898],[112.61483587264668,-7.467729898465447],[112.614508589246199,-7.467554788401661],[112.614507727246206,-7.467554362401681],[112.614448859819362,-7.467719604067407],[112.614425544930185,-7.468027532519302],[112.61438603,-7.46817583999994],[112.614294070347512,-7.468307871426481],[112.614105034,-7.46840278699995],[112.613943164981421,-7.468796503938619],[112.615180042544054,-7.469287399167984],[112.61534756,-7.46938445999996],[112.615347719,-7.46938453599995],[112.61524363818755,-7.469543812180405],[112.615046456892372,-7.469684264192265],[112.61486315,-7.46985839999996],[112.61468777,-7.47019198999995],[112.61437089,-7.47149514999996],[112.61430776,-7.47148823999994],[112.61419818,-7.47139691999998],[112.61028291,-7.47054476999992],[112.61021875,-7.47065423999991],[112.61020963,-7.47065163999996],[112.60995127,-7.47177001999991],[112.609951013,-7.47176994499994],[112.60992736,-7.47176306999993],[112.609874514,-7.47174770799998],[112.609564769,-7.47167047899993],[112.609286956,-7.47160121199993],[112.60919742,-7.47157258999994],[112.60919411,-7.47157196999998],[112.609060939,-7.47154758499992],[112.6090519,-7.47154592999996],[112.60868689,-7.47144991999996],[112.60868545,-7.47144960999997],[112.6084222,-7.47139313999997],[112.60836055,-7.47137990999993],[112.60801093,-7.47131217000002],[112.60763495,-7.47125015999995],[112.60745188,-7.47119714999997],[112.60739833,-7.47118145999998],[112.60718861,-7.47112865999996],[112.60663197,-7.47098384999992],[112.60643446,-7.47093215999995],[112.606409371,-7.470923026],[112.605688986,-7.47071996499997],[112.605122355,-7.47056351399996],[112.6051457,-7.47044246599995],[112.605149433,-7.47042310999997],[112.605148242,-7.470422893],[112.605112004,-7.47041630499998]]]]}}
]
}
