{
"type": "FeatureCollection",
"name": "kdkec_030",
"crs": { "type": "name", "properties": { "name": "urn:ogc:def:crs:OGC:1.3:CRS84" } },
"xy_coordinate_resolution": 1e-15,
"features": [
{"type":"Feature","properties":{"kdkab":"15","kdkec":"030","nmkab":"SIDOARJO","nmkec":"KREMBUNG","kddesa":"018","kdprov":"35","nmdesa":"WONOMLATI","nmprov":"JAWA TIMUR","iddesa":"3515030018"},"geometry":{"type":"MultiPolygon","coordinates":[[[[112.62494012,-7.50287448999996],[112.62462177,-7.50280038999993],[112.624587942,-7.50279466199991],[112.624573736,-7.50279225599996],[112.624227726,-7.50137848],[112.624219916,-7.50138188699997],[112.62421668,-7.50136273999995],[112.6242164,-7.50128735999993],[112.62421844,-7.50115329999995],[112.62415039,-7.50050461999995],[112.62412156,-7.50031120999994],[112.624116942,-7.500310804],[112.624117422,-7.50030750199996],[112.624231499,-7.49952243999995],[112.624160184,-7.49949708099994],[112.624126572,-7.49948512899993],[112.624100348,-7.49947580399993],[112.624026776,-7.49944964299996],[112.6238901,-7.49941478999997],[112.62309949,-7.49921554999997],[112.62182916,-7.49888716999992],[112.62153162233966,-7.49880954923754],[112.621540944575074,-7.498760544881362],[112.621546700796912,-7.498730324716713],[112.621556054657404,-7.49868355541428],[112.621595718623496,-7.49843495858365],[112.621628097371342,-7.498229983121638],[112.621635022825757,-7.498189959391671],[112.621573712,-7.49816785699992],[112.621737222,-7.49732869099996],[112.621739705,-7.49731594699996],[112.621617861,-7.49715027599993],[112.62162,-7.49714],[112.62108589,-7.49644535999996],[112.62096728,-7.49628448999993],[112.620930874,-7.49622113899995],[112.62092191,-7.49620553999993],[112.6208747,-7.49612339],[112.620862212,-7.49610166],[112.62084812,-7.49607713999997],[112.62082664,-7.49604862999995],[112.62076167,-7.49596239999992],[112.62064301,-7.49580492999997],[112.62051991,-7.49563426999994],[112.62049232,-7.49559751999995],[112.62041458,-7.49548329999991],[112.62029006,-7.49535641999997],[112.62011814,-7.4951713],[112.61991679,-7.49498209999997],[112.61958174,-7.49465594999994],[112.61945444,-7.49452594999998],[112.61936897,-7.49450397999991],[112.61930944,-7.49448660999994],[112.61903587,-7.49438111999995],[112.61897652,-7.49435791999994],[112.61900715,-7.49422845999993],[112.61900465,-7.49422813999996],[112.61900489,-7.49422700999995],[112.61893486,-7.49421822999992],[112.61910239,-7.49354075999994],[112.6191417,-7.49338563999992],[112.61919325,-7.49317328999997],[112.619193315,-7.49317302899994],[112.61921227,-7.49309638999997],[112.61922122,-7.49306019999993],[112.61928572,-7.49277271999993],[112.61948139,-7.49187765999997],[112.61949133,-7.49182926000001],[112.61952948,-7.49165530999997],[112.6195627,-7.49148198999993],[112.61955691,-7.49141552999998],[112.61955684,-7.491407],[112.61956206,-7.49139463999998],[112.6195786,-7.49135945999994],[112.61958341,-7.49134403999992],[112.61959003,-7.49132836999996],[112.61959967,-7.49129199],[112.61962326,-7.49121647999997],[112.61968775,-7.49095976999997],[112.61971548,-7.49085517999995],[112.61972239,-7.49082187999996],[112.6197247,-7.49081268999995],[112.61979875,-7.49046913999998],[112.61988782,-7.49011300999998],[112.62001057,-7.48967816999993],[112.62004047,-7.48957444999994],[112.62011346,-7.48959139999993],[112.62024459,-7.48962184999993],[112.62181368,-7.49003978999996],[112.62215688,-7.49012000999995],[112.62265134,-7.49026077999995],[112.62339498,-7.49044544999995],[112.623619612,-7.49050780799998],[112.6260458,-7.49118131999994],[112.626125408,-7.49120341799994],[112.626158851,-7.49121270399998],[112.626411477,-7.49128283399996],[112.626502377154168,-7.4913080680564],[112.62760461,-7.49161404999995],[112.62803244,-7.49170259999993],[112.62849658,-7.49183909999995],[112.62864362,-7.49187739999998],[112.63002329,-7.49222673999998],[112.63007002,-7.49223857999994],[112.63008233,-7.49228098399996],[112.630156441932442,-7.492537057119947],[112.63011503277356,-7.492640580017137],[112.630018208416814,-7.492927399338182],[112.629947569263436,-7.493231878447567],[112.629883019692258,-7.493518088810389],[112.630039521954444,-7.493501646938476],[112.630110770066082,-7.493451103406326],[112.6304277,-7.49329640999996],[112.631063931,-7.49324519299995],[112.63108447,-7.49324354],[112.631347123,-7.49326368999993],[112.631336554376645,-7.493179867779209],[112.631418857044309,-7.493023264396878],[112.631501925582398,-7.493017931649739],[112.631768932247155,-7.492999728118301],[112.631773726247161,-7.492999710118251],[112.631822736879741,-7.492967597119056],[112.631948459834518,-7.492954795880922],[112.632033121,-7.492952615],[112.63203431,-7.49295057999995],[112.632049384,-7.49292478499997],[112.63207406,-7.49288255999995],[112.63222099,-7.49263113999995],[112.6323639,-7.49229351],[112.6326208,-7.49175170999995],[112.63303265,-7.49078267999994],[112.633257543,-7.49028758899995],[112.6332596,-7.49028305999996],[112.63350334,-7.49027434999995],[112.63366821,-7.49031410999992],[112.63385341,-7.49037976999994],[112.63403458,-7.49024128999997],[112.63406954,-7.49021455999996],[112.634095152,-7.49022262099993],[112.63448618,-7.49034568999996],[112.63465098,-7.49036526999992],[112.63477582,-7.49051766999998],[112.63482509,-7.49055497999996],[112.63494907,-7.49047952999998],[112.63506445,-7.49042141999996],[112.63511645,-7.49041544999998],[112.63528189,-7.49055594999997],[112.63544368,-7.49059306000002],[112.63562013,-7.49063855999998],[112.63585455,-7.49072709999998],[112.63605397,-7.49073212],[112.63615817,-7.490775],[112.63627991,-7.49087261999996],[112.63661536,-7.49092905],[112.63670238,-7.49101525999993],[112.63682105,-7.49106384999993],[112.63692795,-7.49105767999992],[112.63705815,-7.49109758],[112.63738219,-7.49119731999998],[112.6374747,-7.49120562999997],[112.6375933,-7.49123402999992],[112.63766617,-7.49127977999996],[112.63771206,-7.49130857999995],[112.63799264,-7.49137675999997],[112.6380792,-7.49138473999996],[112.63825281,-7.49139597999998],[112.63830513,-7.49147654999997],[112.63836612,-7.49155707999998],[112.63849611,-7.49154216999997],[112.63858744,-7.49165141999994],[112.63890656,-7.49165022999993],[112.63906351,-7.49175781999998],[112.63923248,-7.49185934999996],[112.639258238,-7.49185925299996],[112.63937097,-7.49185882999998],[112.63955776,-7.49189418999993],[112.639509138,-7.49202920999996],[112.63941473,-7.49229133999997],[112.63921285,-7.49304926999997],[112.63899847,-7.49368705999997],[112.63902118,-7.49369279999996],[112.63912451,-7.49371890000001],[112.639139548,-7.49372270199996],[112.63915299,-7.49372609999993],[112.63942035,-7.49379365999992],[112.63979411,-7.49391244999993],[112.64019191,-7.49401913999997],[112.64071023,-7.49414941],[112.64108392,-7.49425017999993],[112.64145161,-7.49435696999995],[112.64184339,-7.49446367999998],[112.64241852,-7.49460900999997],[112.64244518,-7.49461575],[112.64244496,-7.49461656999994],[112.64253786,-7.49464311],[112.64257292,-7.4945827],[112.64251028,-7.4946990199999],[112.64238921,-7.49528970999996],[112.64184884,-7.49721911999995],[112.64176906,-7.49720351999997],[112.6410307,-7.49705913],[112.63922929,-7.49669591],[112.637922737,-7.49645275199993],[112.63792262,-7.49645272999993],[112.637917193,-7.49646210399996],[112.63786098,-7.49655918999998],[112.63768471,-7.49696373999998],[112.63725912,-7.49821848999995],[112.63670535,-7.49962467999997],[112.636694533,-7.49965214899994],[112.63660606,-7.49987680999994],[112.63660179,-7.49987552999993],[112.636600994,-7.49987528999998],[112.63654102,-7.4998572],[112.63560813,-7.49957597],[112.63529261,-7.49939985999991],[112.634996348,-7.49927493000001],[112.63407455,-7.49888621999998],[112.63379437,-7.49876321999995],[112.633703087834334,-7.498727519572899],[112.633563881867587,-7.498977352885937],[112.633463281239599,-7.499207132762368],[112.633321557178235,-7.49938122736818],[112.633255468626601,-7.499406928471595],[112.633174693730155,-7.49946567385083],[112.633071889316497,-7.499524419230065],[112.63288096683398,-7.499506061299054],[112.63271290298394,-7.499472949413819],[112.632615990663098,-7.499522790035965],[112.632566150040958,-7.499520021112513],[112.632411090327608,-7.499550479270492],[112.632399989041488,-7.499568478264491],[112.632374287938077,-7.499663939505749],[112.632370616351878,-7.499832832471049],[112.632352258420866,-7.499939308470913],[112.632341243662253,-7.499983367505339],[112.632363273179465,-7.500023754953563],[112.632436704903512,-7.50003476971217],[112.632561538834381,-7.500020083367361],[112.632528494558571,-7.50026975122911],[112.632488107110348,-7.500412943090996],[112.632477092351735,-7.500493717987444],[112.632455062834524,-7.500530433849467],[112.632444048075911,-7.50055246336668],[112.632121261,-7.500496905],[112.632120251,-7.50050015599993],[112.63211886,-7.50050462999997],[112.63208642,-7.50060918999995],[112.63208143,-7.50062628999997],[112.6320392,-7.50079484999997],[112.63194544,-7.50118891999993],[112.63171574,-7.50209640999994],[112.63171402,-7.50210320999998],[112.63186674,-7.50217870999996],[112.63187086,-7.50218075],[112.63179298,-7.50248873999992],[112.63172763,-7.50276736999992],[112.63163202,-7.50314050999997],[112.63153851,-7.50350547999996],[112.63152014,-7.50358119999993],[112.63143681,-7.50392453999994],[112.63143616,-7.50392723999995],[112.63143237,-7.50392674999995],[112.631431869,-7.50392864299996],[112.63143141,-7.50393037999992],[112.63126226,-7.50390455999997],[112.63117795,-7.50389356999992],[112.63071917,-7.50382630999997],[112.63029718,-7.50375723000001],[112.62892489,-7.50354773999995],[112.62849714,-7.50348416999998],[112.62847647,-7.50348106999998],[112.62847651,-7.50348095999994],[112.62847473,-7.50348065999997],[112.62755899,-7.50332374999996],[112.62605275,-7.50306564999995],[112.62604893,-7.503065],[112.626028529,-7.50306150599998],[112.62596182,-7.50305007999996],[112.62504467,-7.50289292999997],[112.62494012,-7.50287448999996]]]]}},
{"type":"Feature","properties":{"kdkab":"15","kdkec":"030","nmkab":"SIDOARJO","nmkec":"KREMBUNG","kddesa":"012","kdprov":"35","nmdesa":"REJENI","nmprov":"JAWA TIMUR","iddesa":"3515030012"},"geometry":{"type":"MultiPolygon","coordinates":[[[[112.638641871072338,-7.518082355006403],[112.63862137585194,-7.518180732064309],[112.638590633021337,-7.518295505298533],[112.63859049302134,-7.518295475298503],[112.638328294200264,-7.518217623461023],[112.638072103945291,-7.518152038755753],[112.637553574869244,-7.518027017911331],[112.636733766053382,-7.517807719053081],[112.636112760875335,-7.517649905856025],[112.635764342128581,-7.517545380232],[112.634808240097058,-7.517293289021116],[112.634662724032239,-7.517250249058282],[112.634673996403478,-7.517160070088535],[112.634690222579792,-7.517076597304359],[112.634791331540256,-7.51664102863198],[112.634829760078503,-7.516440687852597],[112.634862552431116,-7.516250082302903],[112.63486255243113,-7.516190646163753],[112.634821561990336,-7.516188596641713],[112.634789794398728,-7.516190646163753],[112.634763150612201,-7.516192695685793],[112.634709863039177,-7.516199869012931],[112.634646327855947,-7.516206017579051],[112.634484927995302,-7.516223950896898],[112.633995604608302,-7.516271602284322],[112.633803588008902,-7.516280789457854],[112.633799413062746,-7.515957819800258],[112.633817767615497,-7.515650476430989],[112.633907863342429,-7.515615686246423],[112.633942954715181,-7.51536053081304],[112.633957993502136,-7.515224251283955],[112.633957993502136,-7.515217421953576],[112.633961137097899,-7.515199757939365],[112.633966956998279,-7.515167055642028],[112.633993717,-7.51499142999997],[112.633673666,-7.51486882699991],[112.633673612,-7.51486880599998],[112.63367209,-7.51486836999992],[112.63367172,-7.51486792999998],[112.63351663,-7.51482354999997],[112.63349725,-7.51481816499994],[112.633427627,-7.51479851899993],[112.63339868,-7.51479024999998],[112.6333944,-7.51478957999992],[112.63303953,-7.51473412999995],[112.63302964,-7.51473206999998],[112.63277016,-7.51467800999997],[112.63267281,-7.51466156000001],[112.632479932,-7.51462895499995],[112.63247576,-7.51462824999992],[112.63244818,-7.51462372999992],[112.63235109,-7.51460783999996],[112.63234894,-7.51460748999995],[112.632243583,-7.51458574399994],[112.63204105,-7.51454393999994],[112.63170437,-7.51442237999994],[112.63136883,-7.51430958999991],[112.631226026,-7.51420739399994],[112.63112646,-7.51413613999994],[112.630986637,-7.51397077399997],[112.63098638,-7.51397046999992],[112.63097857,-7.51396123999998],[112.63097057,-7.51387792999997],[112.63104769,-7.51363968999993],[112.63108406,-7.51356901999996],[112.631105723,-7.51352590599992],[112.631280853,-7.51349696899994],[112.631860254,-7.51170530399996],[112.63255217,-7.51197109999995],[112.63261149,-7.51210310999992],[112.63269441,-7.51228762999994],[112.63282059,-7.51230164999992],[112.63299028,-7.51232048999996],[112.63328451,-7.51237807999995],[112.63339799,-7.51240028999995],[112.63340316,-7.51239487],[112.63354871,-7.51224216999998],[112.63358493,-7.51220417000001],[112.63360705,-7.51215117],[112.633617424,-7.51212632399998],[112.633624506727244,-7.51211071253104],[112.633944819384425,-7.512023898820216],[112.6340596124423,-7.51198753229323],[112.634102730530842,-7.511973756418273],[112.634229283668517,-7.511934016708651],[112.634244023593524,-7.511904437899622],[112.634130599,-7.51189765699994],[112.634102117,-7.51189402599994],[112.63410333,-7.51188840999994],[112.63412395,-7.51179285999996],[112.6342802,-7.51106968999992],[112.63431789,-7.51089891000001],[112.634331787,-7.51083594199998],[112.63433794,-7.51080805999992],[112.63436161,-7.51070077999997],[112.63445038,-7.51029848999997],[112.63445404,-7.51028062999995],[112.6344647,-7.51022640999996],[112.63452747,-7.50990697999992],[112.63453587,-7.50986566999994],[112.634536448,-7.5098628279999],[112.63455843,-7.5097547899999],[112.63461016,-7.50950047000001],[112.63463103,-7.50950413999994],[112.63470734,-7.50951754999994],[112.634720713,-7.509519901],[112.63501246,-7.50957117999994],[112.63529946,-7.50962161999996],[112.63642181,-7.50978786999997],[112.63664297,-7.50887657999993],[112.63698855,-7.50746055999996],[112.636999306,-7.50741539999994],[112.637204941,-7.50655199399993],[112.63723709,-7.50641700999995],[112.63743765,-7.50557490999995],[112.63750805,-7.50531788999995],[112.63764362,-7.504823],[112.63796839,-7.50363580999993],[112.63831255,-7.50371215999998],[112.63842814,-7.50373561999989],[112.63856037,-7.50376246999997],[112.63881774,-7.50381471999997],[112.638820523,-7.50380343099995],[112.6388595,-7.50364530999998],[112.63909062,-7.5027077999999],[112.63910716,-7.50271031999997],[112.63911361,-7.50271129999992],[112.63937296,-7.50275074999998],[112.63956486,-7.50277994499994],[112.639567961,-7.50278041699994],[112.639643308,-7.502911452],[112.639984658,-7.50294949199998],[112.640880371,-7.50307935399995],[112.641428119,-7.50315281099996],[112.641642455,-7.50315018699993],[112.641764176,-7.50313706999997],[112.641869813247979,-7.503073542276],[112.641907067,-7.50305049499996],[112.642004974,-7.50294817999998],[112.642100234,-7.50284848799993],[112.64218491,-7.50279864199995],[112.642309278,-7.50277240799994],[112.642507737,-7.50279077199995],[112.642669151,-7.50283799399992],[112.642806749,-7.50292981599994],[112.64294964,-7.50302688399997],[112.643066069,-7.50306098899994],[112.64329099,-7.50313706999997],[112.643325286,-7.50313852699998],[112.643476218,-7.50314493999996],[112.643579417,-7.50311345899996],[112.643873137,-7.50293768599994],[112.644193318,-7.50272780899995],[112.644465869,-7.50255203599996],[112.644472638,-7.50244297099992],[112.6444852,-7.50244810999993],[112.64448842,-7.50244942999996],[112.64498033,-7.50265065999997],[112.64512741,-7.50270710999998],[112.64690103,-7.50334996999992],[112.64713657,-7.50342734999995],[112.6470929,-7.50355144999996],[112.64706833,-7.50362127999993],[112.646469169,-7.50532390299998],[112.64637361,-7.5055954499999],[112.646339979,-7.50568934499994],[112.646058147,-7.50647619699993],[112.64603086,-7.50655237999997],[112.64552722,-7.50796608999998],[112.645453714,-7.50816925799997],[112.645332141,-7.50850527999995],[112.64526206,-7.50869897999996],[112.644702,-7.51027167999992],[112.64470131,-7.51027321999991],[112.644700228,-7.51027565799997],[112.64469826,-7.51028009000001],[112.644696136,-7.5102848669999],[112.644772271,-7.51037380499997],[112.644406326,-7.51120743999998],[112.644404835,-7.51121146499998],[112.644401555,-7.51121549099995],[112.644395889,-7.51122279699996],[112.644286742,-7.51143516499997],[112.644288848,-7.51143623999996],[112.643967322,-7.51215470699998],[112.643975476,-7.51215780899998],[112.643868379,-7.51238822799998],[112.643867828,-7.51238807099997],[112.643625742,-7.51293003899993],[112.643591113,-7.51292329899997],[112.643307285,-7.51368264699993],[112.643291762,-7.51367829099997],[112.642721444692654,-7.515186380364137],[112.642631265722898,-7.515202776540456],[112.642477551569897,-7.515165885143738],[112.642280797454049,-7.51511874613682],[112.641989765324411,-7.515055210953585],[112.641790961686539,-7.515008071946667],[112.64157576187236,-7.51495683389567],[112.641235541213732,-7.514864605403876],[112.640678071218872,-7.514739584559444],[112.640173888797079,-7.514612514192972],[112.639909500453939,-7.514553078053816],[112.639731192036479,-7.514512087613016],[112.63971274633812,-7.514579721840334],[112.639530338876554,-7.515180231798014],[112.639425813252529,-7.515495858192155],[112.639364327591338,-7.515686463741863],[112.639308990496261,-7.515844276938934],[112.639265950533428,-7.516010288224163],[112.639188068695901,-7.516254181346908],[112.639066122134523,-7.516621045792045],[112.639014371703027,-7.516785519935745],[112.638964158413046,-7.516965877875253],[112.638930341299385,-7.517067329216228],[112.638877374584865,-7.517143662000346],[112.638867318496693,-7.517163144371595],[112.638847335656806,-7.517214382422591],[112.638785337615118,-7.51746954791653],[112.638730000520056,-7.517725738171494],[112.638693109123338,-7.517912244677107],[112.638641871072338,-7.518082355006403]]]]}},
{"type":"Feature","properties":{"kdkab":"15","kdkec":"030","nmkab":"SIDOARJO","nmkec":"KREMBUNG","kddesa":"008","kdprov":"35","nmdesa":"WANGKAL","nmprov":"JAWA TIMUR","iddesa":"3515030008"},"geometry":{"type":"MultiPolygon","coordinates":[[[[112.659077815,-7.529127689],[112.659076803,-7.52913027099994],[112.658330306,-7.53103438299996],[112.65832666,-7.53103351099997],[112.658235598,-7.53101173699996],[112.656343658,-7.53055934899994],[112.654613805,-7.53016648899995],[112.653464917,-7.52990806699996],[112.653500429,-7.52974080599997],[112.653565518,-7.52943423299995],[112.653589495,-7.52935943399996],[112.653446547,-7.529329622],[112.650376301,-7.52868930299996],[112.649702052,-7.52856526699996],[112.64903650499248,-7.528454401635705],[112.649032926401802,-7.5283784065098],[112.64908582862266,-7.528147806892894],[112.64776123,-7.52782840999994],[112.6474592,-7.52775403999992],[112.64663941,-7.52755114],[112.64639938,-7.52749166999998],[112.64637533,-7.52748578999996],[112.64624001,-7.52745228999995],[112.645942081589425,-7.527398217822414],[112.647888943,-7.52475096599995],[112.64931008,-7.52264880999996],[112.64931176,-7.52264911],[112.649334331,-7.52265320599997],[112.649394883,-7.52266419599993],[112.64952665,-7.52268810999994],[112.64953977,-7.52268493999998],[112.64966237,-7.52265531999998],[112.64970973,-7.52262823999994],[112.64971978,-7.52262248999995],[112.64972275,-7.52262080000002],[112.6497917,-7.52263355],[112.64985317,-7.52264491999995],[112.6499181,-7.52265588999996],[112.649955712,-7.522589812],[112.649994138688911,-7.522522301245223],[112.65003178,-7.52245616999995],[112.65003388,-7.52245157999994],[112.650053158,-7.52240945099993],[112.650175158,-7.522383717],[112.650240516,-7.52234743199996],[112.650501596,-7.52196558799994],[112.65050456,-7.52196125299997],[112.650551618,-7.52195347699996],[112.650682333,-7.52197680299995],[112.651236566,-7.52220229099994],[112.651267937,-7.52220488299997],[112.651338524,-7.52221006599996],[112.651424796,-7.52220488299997],[112.652111668,-7.52201828399994],[112.652159415,-7.52200531299997],[112.652462675,-7.52184721299994],[112.652658748,-7.52179796899997],[112.652904492,-7.52172798999992],[112.653009065,-7.52165801099996],[112.653113637,-7.52155952199995],[112.653262652,-7.52151287],[112.653473901,-7.52153134899995],[112.653529311,-7.52153619599992],[112.653853485,-7.52154137899994],[112.654016654,-7.52154208499995],[112.654450999,-7.52154396599996],[112.654451062,-7.52154398599993],[112.654504161761707,-7.521561207546896],[112.65554316,-7.52189817999995],[112.65707414,-7.52221931999998],[112.65836696,-7.52249048999995],[112.65844461,-7.52250677999996],[112.65902145,-7.52262776999996],[112.659064287952461,-7.522624376786245],[112.659145143625366,-7.522640547920828],[112.65897472,-7.5231137399999],[112.65891446,-7.52349715999998],[112.65894303,-7.52379812999993],[112.65914384,-7.52409356999994],[112.65940399,-7.52420694999991],[112.65976778,-7.52430820999996],[112.66021414,-7.52448443000001],[112.66070161,-7.52465364999997],[112.66130593,-7.52489769999995],[112.66130702,-7.52489775999993],[112.66142252,-7.52490409999997],[112.66148368,-7.52493709999992],[112.661497238,-7.52494441299996],[112.66157367,-7.52498563999996],[112.66166985,-7.52503124999991],[112.66185972,-7.52489926999992],[112.66202338,-7.52479790999994],[112.66203929,-7.52478804999989],[112.66204395,-7.52478336],[112.66226655,-7.52504666999995],[112.6626224,-7.52514710999998],[112.66312976,-7.52526239999994],[112.66349074,-7.52536224399995],[112.66355689,-7.52538053999994],[112.66372385,-7.52542671999995],[112.66384284,-7.52533464999995],[112.66404436,-7.52517872999998],[112.66448337,-7.52520173999994],[112.66483996,-7.52527998999992],[112.66489791,-7.52529270999996],[112.664981544982908,-7.525298738589484],[112.6654668,-7.52533372999993],[112.66573274,-7.52536355999994],[112.665998578059828,-7.525483355113035],[112.66608571,-7.52552261999994],[112.66689032,-7.52577250999995],[112.66726101,-7.52585935999997],[112.667421829,-7.52589879199995],[112.667456513,-7.52590729599998],[112.667455175,-7.52590868299994],[112.666797789,-7.52759954499992],[112.666797337,-7.527600708],[112.666457282,-7.52847536199995],[112.666372014,-7.52839087999997],[112.66636647,-7.52834493999992],[112.666346669,-7.528299793],[112.666314986,-7.52825939799991],[112.666311554,-7.52825606099998],[112.666286472,-7.528231676],[112.666278481,-7.52822967799996],[112.666248454,-7.52822217199997],[112.666219147,-7.52822296399993],[112.66620093,-7.528231676],[112.666189049,-7.52824118099997],[112.666179545,-7.52825226999992],[112.666169248,-7.52826415099997],[112.666159743,-7.52827365499992],[112.666158159,-7.52827840799993],[112.666156575,-7.52828315999991],[112.666158159,-7.52829187299996],[112.666158159,-7.52829583299998],[112.666158159,-7.52831167399996],[112.666160535,-7.52832117899992],[112.666168456,-7.52833147599995],[112.666176376,-7.528339396],[112.666185089,-7.528348109],[112.66619697,-7.52835761299996],[112.666225177,-7.52838104699992],[112.666248454,-7.52840038399994],[112.66628172,-7.528439195],[112.666294393,-7.52845820499993],[112.666294863,-7.528462438],[112.666296769,-7.52847959],[112.666292809,-7.52850097599997],[112.666284888,-7.52850889599996],[112.66622786,-7.52853344999996],[112.666210435,-7.52853503399994],[112.666196178,-7.52852869799998],[112.666175584,-7.52851760899992],[112.666151823,-7.52851602499995],[112.66613915,-7.52852077699991],[112.666124893,-7.52853820199992],[112.666131229,-7.52856196399997],[112.666121724,-7.52859522999998],[112.66611222,-7.52860631899997],[112.666067865,-7.52868552499997],[112.666009252,-7.52876789899995],[112.665985491,-7.52880433299995],[112.665968065,-7.52883443199992],[112.66595064,-7.52886294599997],[112.665953808,-7.52891838999996],[112.665956977,-7.52896116099994],[112.66595064,-7.52899759499994],[112.665934799,-7.52902610899993],[112.665928463,-7.52903878199993],[112.665882523,-7.529098979],[112.665773219,-7.52925580599997],[112.665684509,-7.52938728699997],[112.665617976,-7.52948550199994],[112.665589462,-7.52952193699998],[112.665568869,-7.52954094599994],[112.665540355,-7.52955520299996],[112.665519761,-7.529566292],[112.665499168,-7.52958688599996],[112.665470654,-7.52962965699997],[112.665467486,-7.52966133899998],[112.665453228,-7.529700942],[112.665418378,-7.52980232499993],[112.665405705,-7.52985618499997],[112.6653962,-7.52992430199995],[112.665397785,-7.52996548899994],[112.665391448,-7.52999241899995],[112.665378775,-7.53000825999995],[112.665358182,-7.53003043699993],[112.665316995,-7.53006053599995],[112.665297985,-7.530095386],[112.665293233,-7.53011439599991],[112.665290065,-7.53013815699994],[112.665285312,-7.53015875099996],[112.665282144,-7.53018251199995],[112.665283728,-7.53020627399998],[112.665278976,-7.53022211499996],[112.665261551,-7.53024429299995],[112.665239373,-7.53026963899991],[112.665220364,-7.53028547999995],[112.66519185,-7.53031399399992],[112.665168088,-7.53032825099995],[112.66514591,-7.53033458699997],[112.665123733,-7.53033775599994],[112.665109476,-7.53034250799993],[112.665074625,-7.53035834899996],[112.665058784,-7.53036626999995],[112.665038191,-7.53039003099996],[112.665035022,-7.53040904099994],[112.665033438,-7.53045814800001],[112.665033438,-7.53052784899995],[112.665014429,-7.53057695699994],[112.664984331,-7.53062764799993],[112.664908293,-7.53066091499994],[112.664832256,-7.530686261],[112.664791069,-7.53069734899996],[112.664757803,-7.53070210199994],[112.664722952,-7.53070685399996],[112.664677013,-7.53071477499995],[112.664650083,-7.53071794299996],[112.664619985,-7.53071952699996],[112.664555036,-7.53071635899989],[112.664539195,-7.53071635899989],[112.66449484,-7.53072427900002],[112.664471078,-7.53073219999993],[112.6644489,-7.53074011999995],[112.664429891,-7.53075437699996],[112.664338012,-7.53080506899992],[112.664231877,-7.53089377899992],[112.66412723,-7.53097488099997],[112.664020789,-7.53088153399994],[112.66401821,-7.53088427999994],[112.66401496,-7.53088359000001],[112.66385841,-7.53085019999998],[112.66348197,-7.53077771999993],[112.66324383,-7.53071320999997],[112.66291562,-7.53063268999996],[112.66285862,-7.53061870999993],[112.66244872,-7.53043660999998],[112.66238954,-7.53041030999996],[112.662011626,-7.53018832399991],[112.662009873,-7.530187294],[112.660650504,-7.52970482199991],[112.660673873,-7.52962812799996],[112.660672429,-7.52962753699995],[112.660805696,-7.52912875799997],[112.660720022,-7.52909976499997],[112.660720083,-7.52909961299997],[112.6606216,-7.52908083799997],[112.660606814,-7.52908128699997],[112.6604191397862,-7.52907812137565],[112.660091115317215,-7.529074865549655],[112.659712625545296,-7.529069981810663],[112.659088821,-7.52906250699994],[112.659077815,-7.529127689]]]]}},
{"type":"Feature","properties":{"kdkab":"15","kdkec":"030","nmkab":"SIDOARJO","nmkec":"KREMBUNG","kddesa":"009","kdprov":"35","nmdesa":"JENGGOT","nmprov":"JAWA TIMUR","iddesa":"3515030009"},"geometry":{"type":"MultiPolygon","coordinates":[[[[112.653009065,-7.52165801099996],[112.652904492,-7.52172798999992],[112.652658748,-7.52179796899997],[112.652462675,-7.52184721299994],[112.652159415,-7.52200531299997],[112.652111668,-7.52201828399994],[112.651424796,-7.52220488299997],[112.651338524,-7.52221006599996],[112.651267937,-7.52220488299997],[112.651236566,-7.52220229099994],[112.650682333,-7.52197680299995],[112.650551618,-7.52195347699996],[112.65050456,-7.52196125299997],[112.650501596,-7.52196558799994],[112.650384407,-7.52193281899998],[112.65042446,-7.52186575999995],[112.65042898,-7.52181034999994],[112.65044133,-7.52165873999996],[112.65044136,-7.52165838999998],[112.65044162,-7.52165520999994],[112.65049456,-7.52153675999995],[112.65051831,-7.52148361],[112.65052057,-7.52148285999995],[112.65063467,-7.52143808999992],[112.65068849,-7.52134448999995],[112.65070508,-7.52131163999994],[112.65070502,-7.52131092999996],[112.65069347,-7.52120640999994],[112.65068405,-7.52108775999993],[112.65068076,-7.52108304999995],[112.65057452,-7.52093454999996],[112.65057435,-7.52093039999993],[112.6505735,-7.52092918999998],[112.65057277,-7.52090184999995],[112.650572568,-7.520894379],[112.65057207,-7.52087595999997],[112.65057082,-7.52084612999993],[112.65055318,-7.52042441999992],[112.65055799,-7.52024965999993],[112.65056456,-7.52001103000001],[112.65056295,-7.5198928099999],[112.6505556,-7.51935229999998],[112.65060632,-7.51907439999996],[112.65059281,-7.51876633999996],[112.65059216,-7.51875153000001],[112.650664507583741,-7.518166717608043],[112.650674626831474,-7.51815039624074],[112.650691601053467,-7.518138644856283],[112.650713798112974,-7.518130484172634],[112.650754601531247,-7.518128852035905],[112.650843009769375,-7.518165411898659],[112.65084303976937,-7.51816543189866],[112.650843389769378,-7.518165411898659],[112.65095829219517,-7.518201971761413],[112.651015416980727,-7.518165738326005],[112.651057852535715,-7.518078582224618],[112.651110407338408,-7.51791014571407],[112.651203439132019,-7.517841922398754],[112.651272641729378,-7.517809279664152],[112.651327481523509,-7.517760968416941],[112.651409741214692,-7.517675444452285],[112.651456093897835,-7.517619951803463],[112.651494612324669,-7.517557277753025],[112.651535089315587,-7.517505049377664],[112.651566426340793,-7.517412344011392],[112.651630406100608,-7.517297441585594],[112.65171853422838,-7.517340094758819],[112.651741391398261,-7.517307887260668],[112.651763027862245,-7.517271047882169],[112.651796349639639,-7.517235345977823],[112.651839191924864,-7.517173462676955],[112.651879654083118,-7.517116339629999],[112.651956833446647,-7.517015408358633],[112.652005800811835,-7.516967581695224],[112.652050130676386,-7.516900938140441],[112.652093716751267,-7.516851848021965],[112.652137005310294,-7.516802162871747],[112.65208702264421,-7.516771221221314],[112.652106063659858,-7.516729568999575],[112.652203053833333,-7.516626628508708],[112.652282193054631,-7.516553439604796],[112.65235788,-7.51646236999993],[112.65245708,-7.51629116999989],[112.65250738,-7.5162039599999],[112.65260893,-7.51602788999997],[112.65264379,-7.51596639999997],[112.65276074,-7.51573727999992],[112.652901244,-7.515577149],[112.653054271,-7.51564719299996],[112.65345107,-7.514595555],[112.653446383,-7.51459408799996],[112.653620937,-7.51408626999992],[112.653636154,-7.51404200099992],[112.653655498,-7.51398572399998],[112.653689309,-7.51388736099995],[112.653694091,-7.51388777099993],[112.654914861,-7.51060622799997],[112.654916496,-7.51060841100001],[112.654957683,-7.51069712099998],[112.655162034,-7.51128165899994],[112.655201479,-7.51136203899996],[112.655245992,-7.51145274399996],[112.655298267,-7.511505019],[112.655371137,-7.51155729499995],[112.655456679,-7.51157630499992],[112.655637268,-7.51156996799993],[112.655735483,-7.51156996799993],[112.655758075,-7.51157420399995],[112.655786174,-7.51157947299993],[112.655824193,-7.51160798699993],[112.655836866,-7.51162382799993],[112.655855875,-7.51165550999996],[112.65586538,-7.51171570699996],[112.655836866,-7.51179807999994],[112.655789343,-7.51188362299996],[112.655608754,-7.512228959],[112.655564399,-7.51240321199996],[112.655554894,-7.51259647399996],[112.655577071,-7.51270736199997],[112.655678221,-7.51282585099992],[112.65567841,-7.51282590999995],[112.65580538,-7.51286761999994],[112.65581233,-7.5128678],[112.65581987,-7.51287016999993],[112.65584837,-7.51287169999996],[112.655926894,-7.51287591799996],[112.65593847,-7.51287654],[112.65602283,-7.51288107999994],[112.65647684,-7.51271787999998],[112.65662483,-7.51275359999994],[112.65681468,-7.51280409999993],[112.65683256,-7.51280374999994],[112.6568665,-7.51281193999995],[112.657070673882117,-7.512849107256112],[112.657304372268172,-7.512826425956944],[112.657322857445408,-7.512806658157977],[112.657337349,-7.51281040499995],[112.65768873,-7.51290571999994],[112.657940187,-7.51296810499998],[112.6583041,-7.51305839000001],[112.65875075,-7.513089],[112.65880874,-7.51311525999996],[112.65895576,-7.51319835999993],[112.659039005885063,-7.513246522363754],[112.65912329,-7.51329307],[112.65913837,-7.51330158999996],[112.65914862,-7.51332110999991],[112.65919166,-7.51340307599998],[112.65919402,-7.51340756999993],[112.65924449,-7.51350368999992],[112.65951445,-7.5136896],[112.6596288,-7.51381657999995],[112.65964377,-7.51383319999997],[112.66006153,-7.51389392999994],[112.66023339,-7.51393610999996],[112.66039422,-7.51415747999994],[112.66046892,-7.51430517999996],[112.66047411,-7.51431501999997],[112.66054456,-7.51444845999989],[112.66062241,-7.51464729999998],[112.66068888,-7.51465462999994],[112.66074993,-7.51465729999993],[112.66100177,-7.51451425999994],[112.66107953,-7.51453979999994],[112.66111156,-7.51463448999997],[112.66111799,-7.51464931999992],[112.66114241,-7.51469847999997],[112.66116877,-7.51474601999994],[112.66121824,-7.51483523999995],[112.66122957,-7.51485568999997],[112.66131271,-7.51490164999995],[112.6614483,-7.51496065999992],[112.66145478,-7.51496347999998],[112.661454765,-7.51496352100001],[112.66144974,-7.51497738999994],[112.66144823,-7.51498157999993],[112.661158831,-7.51561187699997],[112.66109064,-7.51576039999997],[112.660927608735605,-7.51621610057598],[112.660863500646059,-7.516336492654753],[112.660851477059865,-7.516405882124897],[112.660647576782935,-7.516950645460726],[112.660402413740215,-7.517497820947376],[112.660089742033563,-7.518183566849474],[112.659919193829936,-7.518595725008249],[112.659777958598838,-7.518896849180286],[112.6597295477806,-7.519013212798386],[112.659712745751605,-7.519149703572483],[112.659373449697313,-7.519982863883602],[112.65951493,-7.5200482999999],[112.65974812,-7.52010553999997],[112.65984527,-7.52012454999992],[112.660020580821751,-7.520182538181689],[112.659951557140019,-7.520481244114727],[112.65986542643995,-7.52073783034297],[112.659703604620887,-7.521259173177895],[112.659612116861922,-7.521221901131486],[112.659314042142128,-7.522119478028712],[112.659217015334633,-7.522432119963981],[112.659145143625366,-7.522640547920828],[112.659064287952461,-7.522624376786245],[112.65902145,-7.52262776999996],[112.65844461,-7.52250677999996],[112.65836696,-7.52249048999995],[112.65707414,-7.52221931999998],[112.65554316,-7.52189817999995],[112.654504161761707,-7.521561207546896],[112.654451062,-7.52154398599993],[112.654450999,-7.52154396599996],[112.654016654,-7.52154208499995],[112.653853485,-7.52154137899994],[112.653529311,-7.52153619599992],[112.653473901,-7.52153134899995],[112.653262652,-7.52151287],[112.653113637,-7.52155952199995],[112.653009065,-7.52165801099996]]]]}},
{"type":"Feature","properties":{"kdkab":"15","kdkec":"030","nmkab":"SIDOARJO","nmkec":"KREMBUNG","kddesa":"006","kdprov":"35","nmdesa":"MOJORUNTUT","nmprov":"JAWA TIMUR","iddesa":"3515030006"},"geometry":{"type":"MultiPolygon","coordinates":[[[[112.630656735,-7.52484944399994],[112.630584052,-7.52480926599997],[112.63057893,-7.52481863999996],[112.63057881,-7.52481884999996],[112.63056389,-7.52479325999996],[112.630480496,-7.52474346899994],[112.63024953,-7.52460556999996],[112.62992712,-7.52443514999997],[112.62964501,-7.52427509999995],[112.62945271,-7.52415879999996],[112.62919133,-7.52400449999991],[112.62904624,-7.52392159999994],[112.629031389,-7.52391362399991],[112.62889588,-7.52418960899996],[112.628840397132322,-7.524171736906],[112.628798222,-7.524156664],[112.628612612,-7.52406300799994],[112.628544499,-7.52399829999994],[112.62851555,-7.52397956799994],[112.628452545,-7.52394721499995],[112.628193714,-7.52386036999993],[112.627798654,-7.52366965099996],[112.627623262,-7.52356237299995],[112.627592611,-7.52352320699994],[112.627575582,-7.52347722999998],[112.627568771,-7.52337506],[112.627573879,-7.52333759799995],[112.627573879,-7.52333589499995],[112.627555148,-7.52329843199994],[112.627491885,-7.52324976799998],[112.627576791,-7.52307508999996],[112.62718661,-7.52282194],[112.62689003,-7.52263127999993],[112.62670299,-7.52251103999994],[112.62637597,-7.52225540999998],[112.6262845,-7.52216832499993],[112.626199308,-7.52233766799997],[112.626155313,-7.52234221899996],[112.626110829,-7.52233777099993],[112.626027421,-7.522325537],[112.625959582,-7.52230440699995],[112.62583169,-7.52227771699995],[112.625756067,-7.52225547499997],[112.625693789,-7.52224657799996],[112.625645968,-7.52221321499994],[112.625603708,-7.52217873899998],[112.62556256,-7.52213203099998],[112.625516964,-7.52208977099996],[112.625484713,-7.52205640699998],[112.625449125,-7.52200636299995],[112.625413538,-7.52197077499993],[112.625386847,-7.521922955],[112.625364605,-7.52186290099997],[112.625329017,-7.521749466],[112.625320121,-7.52172722399995],[112.625286757,-7.5216871879999],[112.625260067,-7.52165382499994],[112.625226142,-7.52163519899995],[112.625468988,-7.52141431499996],[112.6254617,-7.52140792999995],[112.62509553,-7.52101873],[112.62489177,-7.52083193999993],[112.62489217,-7.5208312199999],[112.62481658,-7.52075544999997],[112.62465592,-7.52059496999992],[112.62453222,-7.52047620999995],[112.62438203,-7.52033284999994],[112.62420508,-7.52016540999994],[112.62413143,-7.52009554999996],[112.62337316,-7.51937431999993],[112.62331877,-7.51932258999994],[112.623018481,-7.51903696699998],[112.62297194,-7.51899269999997],[112.622970926,-7.51899726299996],[112.62296979,-7.51900236999995],[112.62289023,-7.51935991999995],[112.62282682,-7.51964515999993],[112.62279205,-7.51963301999996],[112.62205729,-7.51937650999998],[112.62195637,-7.51953709999998],[112.62152023,-7.52023271999995],[112.621514317,-7.52024214999998],[112.62150715,-7.52025357999998],[112.62150544,-7.52025601999996],[112.62149675,-7.52026844999994],[112.62147583,-7.52030173999997],[112.62132024,-7.52052628999995],[112.62120825,-7.52065577999997],[112.62120655,-7.52065397],[112.621074,-7.52051298999993],[112.6207,-7.52017698999989],[112.62027,-7.51968998999993],[112.619989,-7.51920398999993],[112.619858,-7.51899798999995],[112.619615,-7.51882998999998],[112.619072,-7.51860498999996],[112.618642,-7.51839998999998],[112.618081,-7.51826899],[112.617576,-7.51811898999995],[112.61724,-7.51800698999997],[112.61722947,-7.51800096099993],[112.616978,-7.51785698999993],[112.616772,-7.51765198999991],[112.61655825,-7.51746848999995],[112.616398,-7.51733398999994],[112.616099,-7.51710898999997],[112.615837,-7.51677198999992],[112.6155,-7.51645498999992],[112.615033,-7.51602398999998],[112.614731448,-7.51582139399992],[112.614518,-7.51567798999998],[112.614234,-7.51540898999994],[112.613845,-7.51492998999993],[112.613546,-7.51386798999996],[112.613496763,-7.51332749999993],[112.61349509,-7.51330912999992],[112.6134831,-7.51317747999996],[112.613456,-7.51287998999991],[112.613321,-7.51258098999994],[112.613097,-7.51228198999995],[112.612892338,-7.51206727399995],[112.612812,-7.51198298999997],[112.612633,-7.51186298999993],[112.611848327,-7.51130023999996],[112.61154967,-7.51108604999998],[112.611204,-7.51083798999998],[112.610953,-7.51037098999994],[112.610605,-7.50995198999995],[112.61021,-7.50978398999994],[112.609779,-7.50937698999995],[112.609516,-7.50901798999994],[112.609265,-7.50840798999996],[112.608954,-7.50772598999991],[112.608781626,-7.50736675799995],[112.609137484,-7.50687798999996],[112.60951256,-7.50698503999994],[112.60986353,-7.5070852],[112.61035318,-7.50718656999994],[112.61060188,-7.50723804999994],[112.61061229,-7.50724319999994],[112.61141845,-7.50764177999998],[112.61144512,-7.50765497],[112.6114506,-7.507657],[112.61205385,-7.50788088999997],[112.61243578,-7.50816601],[112.61278,-7.50857],[112.61325,-7.50925],[112.61353025,-7.50961396],[112.61382963,-7.51001508999998],[112.61412,-7.5104],[112.614157456,-7.510429444],[112.61421982,-7.51047846999997],[112.6143837,-7.51060476999992],[112.61438824,-7.51060219999995],[112.614388495,-7.51060205899994],[112.61444683,-7.51056973999997],[112.61456997,-7.5105015199999],[112.61464613,-7.51045932999997],[112.614647507,-7.51045856699995],[112.61466684,-7.51044784999991],[112.6147923,-7.51050563999995],[112.61519295,-7.51069021999996],[112.61569131,-7.51091582999994],[112.61576883,-7.51095091999996],[112.61651541,-7.51127293999996],[112.61717462,-7.51155727],[112.617987,-7.51237974999998],[112.618025217,-7.51241856899997],[112.61802572,-7.51241908],[112.61815158,-7.51254693999996],[112.61821076,-7.51260676999994],[112.61788276,-7.51391875999997],[112.617878326,-7.51393650699994],[112.61787811,-7.51393736999996],[112.619001157,-7.51504846999993],[112.6191303,-7.51517623999998],[112.61949834,-7.51554035999993],[112.61949868,-7.51554027],[112.61975689,-7.51547141999993],[112.61996373,-7.5152732],[112.62010162,-7.51510944999997],[112.62025675,-7.51485089999994],[112.620316347,-7.51471679399997],[112.62032569,-7.51469576999993],[112.62098068,-7.51526457999993],[112.62104963,-7.51523010999995],[112.62116378,-7.51510636999997],[112.621652133,-7.51457703599993],[112.62166583,-7.51456218999995],[112.62166624,-7.51455866999989],[112.6217434,-7.51389858999995],[112.62177787,-7.51380808999996],[112.62180372,-7.51370037000001],[112.62184681,-7.51358401999993],[112.62188129,-7.51350214999996],[112.62190714,-7.51345474999993],[112.62191898,-7.51344560999994],[112.62215276,-7.51326513999993],[112.62216569,-7.51321773999993],[112.622159417,-7.51309349599993],[112.62214415,-7.51279113999994],[112.62215707,-7.51272649999992],[112.6222174,-7.51265755999996],[112.62224325,-7.51262307999997],[112.62226911,-7.51253689999991],[112.62227773,-7.51248518999995],[112.62230358,-7.51238176999995],[112.62234667,-7.51226973999995],[112.62241131,-7.51218354999996],[112.6225018,-7.51208875],[112.62256213,-7.51205858999998],[112.62264831,-7.51201119000001],[112.62270002,-7.51198963999996],[112.62276897,-7.51196809999992],[112.622813151,-7.51185448999995],[112.62284005,-7.51178531999991],[112.62284117,-7.51178241999998],[112.62293337,-7.51176193999993],[112.62310793,-7.51172287999995],[112.62316331,-7.51171084999994],[112.62324001,-7.51169380999996],[112.623268292,-7.51168192599992],[112.62327221,-7.51168027999995],[112.623275298,-7.51167898299997],[112.62338891,-7.51163124999995],[112.62341244,-7.51162135999993],[112.6236779,-7.51146250999993],[112.62371365,-7.51142473999991],[112.62395043,-7.51117414999991],[112.62396393,-7.51117180999996],[112.62405475,-7.51115602999996],[112.62407976,-7.51115152999996],[112.62416822,-7.51113632999996],[112.6242884,-7.51111544999996],[112.624504989,-7.51104922599998],[112.62459714,-7.51102104999996],[112.62459738,-7.51102097999996],[112.62459745,-7.51102094999992],[112.62460369,-7.51101780999994],[112.625143822,-7.51074579399993],[112.62515765,-7.51073882999998],[112.62515834,-7.51073890999995],[112.6251592,-7.51073846999998],[112.6253294,-7.51075922999997],[112.62564874,-7.51090465999996],[112.62589178,-7.51101476999996],[112.62590772,-7.51098077999992],[112.62589296,-7.51101535999995],[112.62606543,-7.51110420999993],[112.62609688,-7.51112032999992],[112.62619816,-7.51118157999996],[112.62633233,-7.51126262],[112.626411154,-7.5113098599999],[112.6265252,-7.51137821],[112.62666005,-7.51144959999996],[112.62667217,-7.51145602],[112.62693812,-7.51159616999998],[112.62698645,-7.51162157999995],[112.6271014,-7.51164397999998],[112.627239431,-7.51167065799995],[112.62729982,-7.51168232999996],[112.62754286,-7.51162362999997],[112.62792049,-7.511418],[112.62811735,-7.51140184999994],[112.6281188,-7.51140218999994],[112.6281193,-7.51140214999996],[112.62836242,-7.51145962999993],[112.62837772,-7.51146329999996],[112.62851928,-7.51149669999996],[112.62860651,-7.51152348999998],[112.62884258,-7.511596],[112.628843561,-7.51159630099993],[112.62890409,-7.51161489],[112.62923807,-7.51171704999997],[112.62937041,-7.51171600999994],[112.62945979,-7.51164814999993],[112.62950254,-7.51161550999994],[112.62957968,-7.51155623999995],[112.629653098,-7.51155365099993],[112.62968404,-7.51155255999993],[112.62986697,-7.51172797999994],[112.63004409,-7.51178058999992],[112.63010737,-7.51179907999995],[112.63032212,-7.51170770999993],[112.63040373,-7.51167239999997],[112.63057442,-7.51160035999995],[112.63059957,-7.51158966],[112.630599663,-7.51158961999994],[112.63065902,-7.51156436],[112.63073328,-7.51153217999998],[112.63101559,-7.51141264999995],[112.63102103,-7.51141033999994],[112.63102109,-7.51141032999992],[112.63111746,-7.51142170999994],[112.63117446,-7.5114273099999],[112.63120862,-7.51143066000002],[112.63121308,-7.51143307],[112.63136888,-7.51151691999998],[112.63136894,-7.51151693999998],[112.63137007,-7.51151735000002],[112.63137234,-7.51151817999995],[112.63137304,-7.51151842999997],[112.63137709,-7.51151988999993],[112.63137808,-7.51152024999991],[112.63137994,-7.51152091999996],[112.63138052,-7.51152112999992],[112.63138175,-7.51152156999997],[112.63138202,-7.51152166999998],[112.63138269,-7.51152190999995],[112.63138448,-7.51152254999994],[112.63138462,-7.51152259999997],[112.63175736,-7.51166577999995],[112.631860254,-7.51170530399996],[112.631280853,-7.51349696899994],[112.631105723,-7.51352590599992],[112.63108406,-7.51356901999996],[112.63104769,-7.51363968999993],[112.63097057,-7.51387792999997],[112.63097857,-7.51396123999998],[112.63098638,-7.51397046999992],[112.630986637,-7.51397077399997],[112.63112646,-7.51413613999994],[112.631226026,-7.51420739399994],[112.63136883,-7.51430958999991],[112.63170437,-7.51442237999994],[112.63204105,-7.51454393999994],[112.632243583,-7.51458574399994],[112.63234894,-7.51460748999995],[112.63235109,-7.51460783999996],[112.63244818,-7.51462372999992],[112.63247576,-7.51462824999992],[112.632479932,-7.51462895499995],[112.63267281,-7.51466156000001],[112.63277016,-7.51467800999997],[112.63302964,-7.51473206999998],[112.63303953,-7.51473412999995],[112.6333944,-7.51478957999992],[112.63339868,-7.51479024999998],[112.633427627,-7.51479851899993],[112.63349725,-7.51481816499994],[112.63351663,-7.51482354999997],[112.63367172,-7.51486792999998],[112.63367209,-7.51486836999992],[112.633673612,-7.51486880599998],[112.633673666,-7.51486882699991],[112.633993717,-7.51499142999997],[112.633966956998279,-7.515167055642028],[112.633961137097899,-7.515199757939365],[112.633957993502136,-7.515217421953576],[112.633957993502136,-7.515224251283955],[112.633942954715181,-7.51536053081304],[112.633907863342429,-7.515615686246423],[112.633817767615497,-7.515650476430989],[112.633799413062746,-7.515957819800258],[112.633803588008902,-7.516280789457854],[112.633995604608302,-7.516271602284322],[112.634484927995302,-7.516223950896898],[112.634646327855947,-7.516206017579051],[112.634709863039177,-7.516199869012931],[112.634763150612201,-7.516192695685793],[112.634789794398728,-7.516190646163753],[112.634821561990336,-7.516188596641713],[112.63486255243113,-7.516190646163753],[112.634862552431116,-7.516250082302903],[112.634829760078503,-7.516440687852597],[112.634791331540256,-7.51664102863198],[112.634690222579792,-7.517076597304359],[112.634673996403478,-7.517160070088535],[112.634662724032239,-7.517250249058282],[112.634808240097058,-7.517293289021116],[112.635764342128581,-7.517545380232],[112.636112760875335,-7.517649905856025],[112.636733766053382,-7.517807719053081],[112.637553574869244,-7.518027017911331],[112.638072103945291,-7.518152038755753],[112.638328294200264,-7.518217623461023],[112.63859049302134,-7.518295475298503],[112.638590633021337,-7.518295505298533],[112.638563989234825,-7.518443070885391],[112.638403614135228,-7.519572869909784],[112.638354425606295,-7.519880298215741],[112.638252737504331,-7.520527109224408],[112.638251949504323,-7.520532046224368],[112.638210959063528,-7.520724701296101],[112.637924025977966,-7.522472943595972],[112.638223256195758,-7.522536478779204],[112.63887500420438,-7.522577469219998],[112.63959643596236,-7.52263485583711],[112.63978294246796,-7.522653301535467],[112.639697098650927,-7.522867533779437],[112.639599899019643,-7.523043292016855],[112.639552630705751,-7.523073916558226],[112.639462088583443,-7.52310853560499],[112.63939817649711,-7.523153806666143],[112.639324943898188,-7.523171116189525],[112.63926369481544,-7.523179105200317],[112.63919024,-7.52317832999995],[112.639035674672044,-7.523146465910719],[112.63894306623574,-7.523185506722101],[112.638866800464669,-7.523221823755945],[112.638790534693598,-7.523274483455017],[112.638679767740385,-7.523332590709169],[112.638599870265935,-7.523319879747323],[112.638510893533024,-7.523310800488862],[112.638372888804412,-7.523312616340554],[112.638282096219797,-7.523325327302399],[112.638174960969963,-7.523367091891319],[112.638069641571818,-7.523419751590392],[112.637980664838906,-7.523439725959006],[112.637840844258591,-7.52343427840393],[112.637720998046916,-7.523445173514083],[112.637608415241999,-7.523474227141158],[112.637530333619239,-7.523483306399618],[112.63746304,-7.52345955999994],[112.63746235,-7.52345928999993],[112.63746222,-7.52345937],[112.63741979,-7.52344253999997],[112.63736386,-7.52342052999994],[112.63733171,-7.52338762999994],[112.637326958229721,-7.523332590709168],[112.637323326526342,-7.52325087738302],[112.63731787897126,-7.523187322573794],[112.637247060755271,-7.523180059167026],[112.637167163280822,-7.523207296942409],[112.63710724017497,-7.523239982272868],[112.637034606107292,-7.523292641971941],[112.636940181819298,-7.523281746861787],[112.636880258713447,-7.523238166421175],[112.636836678272843,-7.523205481090716],[112.63677578,-7.52315610999993],[112.63677557,-7.52315585999997],[112.63677544,-7.52315582999994],[112.636685962582391,-7.523118320209493],[112.636595169997776,-7.52309834584088],[112.636458981120867,-7.523131031171339],[112.636324608095649,-7.523152821391644],[112.636170260701817,-7.52314192628149],[112.63606233,-7.52304594999992],[112.635990491384305,-7.522993026442733],[112.635841591545557,-7.522973052074119],[112.635650927117865,-7.522976683777502],[112.63546186,-7.52290414],[112.635260519004063,-7.52286773267597],[112.635158831309298,-7.522844126603973],[112.635057143614546,-7.522809625421822],[112.63479778,-7.52271786999997],[112.634617707505015,-7.522704306023676],[112.634470623517942,-7.52270793772706],[112.63430168,-7.52266087999991],[112.634161928730265,-7.522588091515376],[112.634087478810883,-7.522562669591685],[112.634018476446585,-7.52254087937138],[112.63391315704844,-7.522526352557843],[112.633829465110153,-7.522529740139664],[112.633464045110145,-7.522559290139644],[112.633364769837414,-7.522544511074765],[112.633241291922346,-7.522504562337537],[112.63314709,-7.522436],[112.63314695,-7.52243583999995],[112.63314607,-7.52243559999991],[112.63296936,-7.52222469],[112.63288512,-7.52216265999993],[112.632774951334071,-7.522170963626179],[112.63277098633408,-7.52217044562618],[112.63267837789779,-7.52217952488464],[112.632582137758106,-7.522201315104946],[112.632471370804865,-7.522292107689554],[112.632322470966102,-7.522293923541246],[112.632173571127353,-7.522286660134478],[112.632071883432587,-7.522273949172633],[112.631973827441215,-7.522253974804019],[112.63189505,-7.52219704999994],[112.631892505,-7.52219670299994],[112.631779519,-7.52239486299996],[112.631584378,-7.52269841599996],[112.631491626,-7.52285862399998],[112.63149012,-7.52286043099994],[112.631483248,-7.52285858599992],[112.631337497,-7.52325984199996],[112.631293228,-7.52342878399998],[112.631261608,-7.52363476599991],[112.631304973,-7.52367813099993],[112.631326655,-7.52372149499995],[112.631143711,-7.52402414499995],[112.631142047,-7.52402333099997],[112.630656735,-7.52484944399994]]]]}},
{"type":"Feature","properties":{"kdkab":"15","kdkec":"030","nmkab":"SIDOARJO","nmkec":"KREMBUNG","kddesa":"002","kdprov":"35","nmdesa":"KEPER","nmprov":"JAWA TIMUR","iddesa":"3515030002"},"geometry":{"type":"MultiPolygon","coordinates":[[[[112.667853452,-7.54304439],[112.667386466,-7.54388711099995],[112.667307533,-7.54386440399994],[112.667235185,-7.54382848999996],[112.667087341,-7.54375509999998],[112.667050957,-7.54373436499998],[112.666940018,-7.54367114199992],[112.666773686,-7.54360619299998],[112.666621611,-7.54358559999998],[112.666444191,-7.54358876799997],[112.666344391,-7.54361094599995],[112.666198653,-7.54365688499997],[112.665845396,-7.54386757199996],[112.665693321,-7.54399588499997],[112.665590353,-7.54411944599998],[112.66555617,-7.54415961199991],[112.665526989,-7.5441938989999],[112.665503227,-7.54421607699995],[112.665439863,-7.54425567999991],[112.665335311,-7.54427785699996],[112.6651769,-7.54428102599998],[112.665010568,-7.54426043199992],[112.664815722,-7.54423033399996],[112.664597114,-7.544163801],[112.66451474,-7.54411786199994],[112.664416525,-7.54404023999998],[112.664383006,-7.54399599499994],[112.664306291,-7.54389868499994],[112.66429999,-7.54389481999994],[112.66413787,-7.54363701999995],[112.66408289,-7.54355389999994],[112.66407738,-7.54354737999993],[112.66407546,-7.54354509999994],[112.664059281,-7.543526109],[112.66405647,-7.54352280999994],[112.66382538,-7.54325161],[112.66375184,-7.54317175999995],[112.66355825,-7.54297405999995],[112.66344971,-7.54284370999993],[112.66323031,-7.54260548999995],[112.66315254,-7.54252479999995],[112.66300865,-7.54235308999996],[112.66284145,-7.54218284999997],[112.662743599,-7.54195667399997],[112.66262872,-7.54169113999996],[112.66258134,-7.54159747999993],[112.66258073,-7.54158020999997],[112.66257965,-7.54157773],[112.66256387,-7.54118578999991],[112.66247065,-7.54102594999993],[112.66245313,-7.54101554999993],[112.66232,-7.54095],[112.66191,-7.54054],[112.66131701,-7.539995],[112.66101533,-7.53971815999995],[112.66084473,-7.53960319999992],[112.66049615,-7.53936828999996],[112.66042236,-7.53932448999997],[112.66020507,-7.53919821999993],[112.65995,-7.53905],[112.659863857,-7.53898731799995],[112.660508511,-7.537047306],[112.660509979,-7.537040561],[112.660722932,-7.53606176099996],[112.660724341,-7.53606239499995],[112.66072435,-7.53606235099995],[112.660925907,-7.53504790099992],[112.660940806,-7.53493801299991],[112.660950521,-7.534866355],[112.660950722,-7.53486548299995],[112.661178938,-7.53387858599995],[112.66128527,-7.53341398199993],[112.661407355,-7.53287129300001],[112.661545193,-7.53229736999998],[112.661783456,-7.5312978819999],[112.661852375,-7.53096406799993],[112.662011626,-7.53018832399991],[112.66238954,-7.53041030999996],[112.66244872,-7.53043660999998],[112.66285862,-7.53061870999993],[112.66291562,-7.53063268999996],[112.66324383,-7.53071320999997],[112.66348197,-7.53077771999993],[112.66385841,-7.53085019999998],[112.66401496,-7.53088359000001],[112.66401821,-7.53088427999994],[112.664020789,-7.53088153399994],[112.66412723,-7.53097488099997],[112.664231877,-7.53089377899992],[112.664338012,-7.53080506899992],[112.664429891,-7.53075437699996],[112.6644489,-7.53074011999995],[112.664471078,-7.53073219999993],[112.66449484,-7.53072427900002],[112.664539195,-7.53071635899989],[112.664555036,-7.53071635899989],[112.664619985,-7.53071952699996],[112.664650083,-7.53071794299996],[112.664677013,-7.53071477499995],[112.664722952,-7.53070685399996],[112.664757803,-7.53070210199994],[112.664791069,-7.53069734899996],[112.664832256,-7.530686261],[112.664908293,-7.53066091499994],[112.664984331,-7.53062764799993],[112.665014429,-7.53057695699994],[112.665033438,-7.53052784899995],[112.665033438,-7.53045814800001],[112.665035022,-7.53040904099994],[112.665038191,-7.53039003099996],[112.665058784,-7.53036626999995],[112.665074625,-7.53035834899996],[112.665109476,-7.53034250799993],[112.665123733,-7.53033775599994],[112.66514591,-7.53033458699997],[112.665168088,-7.53032825099995],[112.66519185,-7.53031399399992],[112.665220364,-7.53028547999995],[112.665239373,-7.53026963899991],[112.665261551,-7.53024429299995],[112.665278976,-7.53022211499996],[112.665283728,-7.53020627399998],[112.665282144,-7.53018251199995],[112.665285312,-7.53015875099996],[112.665290065,-7.53013815699994],[112.665293233,-7.53011439599991],[112.665297985,-7.530095386],[112.665316995,-7.53006053599995],[112.665358182,-7.53003043699993],[112.665378775,-7.53000825999995],[112.665391448,-7.52999241899995],[112.665397785,-7.52996548899994],[112.6653962,-7.52992430199995],[112.665405705,-7.52985618499997],[112.665418378,-7.52980232499993],[112.665453228,-7.529700942],[112.665467486,-7.52966133899998],[112.665470654,-7.52962965699997],[112.665499168,-7.52958688599996],[112.665519761,-7.529566292],[112.665540355,-7.52955520299996],[112.665568869,-7.52954094599994],[112.665589462,-7.52952193699998],[112.665617976,-7.52948550199994],[112.665684509,-7.52938728699997],[112.665773219,-7.52925580599997],[112.665882523,-7.529098979],[112.665928463,-7.52903878199993],[112.665934799,-7.52902610899993],[112.66595064,-7.52899759499994],[112.665956977,-7.52896116099994],[112.665953808,-7.52891838999996],[112.66595064,-7.52886294599997],[112.665968065,-7.52883443199992],[112.665985491,-7.52880433299995],[112.666009252,-7.52876789899995],[112.666067865,-7.52868552499997],[112.66611222,-7.52860631899997],[112.666121724,-7.52859522999998],[112.666131229,-7.52856196399997],[112.666124893,-7.52853820199992],[112.66613915,-7.52852077699991],[112.666151823,-7.52851602499995],[112.666175584,-7.52851760899992],[112.666196178,-7.52852869799998],[112.666210435,-7.52853503399994],[112.66622786,-7.52853344999996],[112.666284888,-7.52850889599996],[112.666292809,-7.52850097599997],[112.666296769,-7.52847959],[112.666294863,-7.528462438],[112.666294393,-7.52845820499993],[112.66628172,-7.528439195],[112.666248454,-7.52840038399994],[112.666225177,-7.52838104699992],[112.66619697,-7.52835761299996],[112.666185089,-7.528348109],[112.666176376,-7.528339396],[112.666168456,-7.52833147599995],[112.666160535,-7.52832117899992],[112.666158159,-7.52831167399996],[112.666158159,-7.52829583299998],[112.666158159,-7.52829187299996],[112.666156575,-7.52828315999991],[112.666158159,-7.52827840799993],[112.666159743,-7.52827365499992],[112.666169248,-7.52826415099997],[112.666179545,-7.52825226999992],[112.666189049,-7.52824118099997],[112.66620093,-7.528231676],[112.666219147,-7.52822296399993],[112.666248454,-7.52822217199997],[112.666278481,-7.52822967799996],[112.666286472,-7.528231676],[112.666311554,-7.52825606099998],[112.666314986,-7.52825939799991],[112.666346669,-7.528299793],[112.66636647,-7.52834493999992],[112.666372014,-7.52839087999997],[112.666457282,-7.52847536199995],[112.666456936,-7.52847625299991],[112.66938422,-7.53164140999993],[112.669384675,-7.53164190199993],[112.67023384,-7.53256006999992],[112.670717201,-7.53302424999991],[112.671023044,-7.53331795599996],[112.67283985,-7.53515843399994],[112.67285743,-7.53516086999997],[112.673034213,-7.535185386],[112.672490159,-7.53599680399997],[112.671723448,-7.53718488899996],[112.671708913,-7.53721100799992],[112.671302073,-7.53794209599991],[112.67111198,-7.53822723599996],[112.670805123,-7.53858267199994],[112.670557042,-7.53887002599992],[112.670511601,-7.53892266199995],[112.670435664,-7.53903362599998],[112.670237588420946,-7.539323070023916],[112.670041119,-7.539610167],[112.669933835,-7.53976162699996],[112.669933399,-7.53976224199994],[112.669819054,-7.53992485399992],[112.669618161,-7.54021054599996],[112.669402293237965,-7.540489685377278],[112.669342525,-7.54056697199998],[112.669077978,-7.54094874299994],[112.668883272,-7.54119666799998],[112.668883234,-7.54119664099997],[112.667853452,-7.54304439]]]]}},
{"type":"Feature","properties":{"kdkab":"15","kdkec":"030","nmkab":"SIDOARJO","nmkec":"KREMBUNG","kddesa":"013","kdprov":"35","nmdesa":"KANDANGAN","nmprov":"JAWA TIMUR","iddesa":"3515030013"},"geometry":{"type":"MultiPolygon","coordinates":[[[[112.63059957,-7.51158966],[112.63057442,-7.51160035999995],[112.63040373,-7.51167239999997],[112.63032212,-7.51170770999993],[112.63010737,-7.51179907999995],[112.63004409,-7.51178058999992],[112.62986697,-7.51172797999994],[112.62968404,-7.51155255999993],[112.629653098,-7.51155365099993],[112.62957968,-7.51155623999995],[112.62950254,-7.51161550999994],[112.62945979,-7.51164814999993],[112.62937041,-7.51171600999994],[112.62923807,-7.51171704999997],[112.62890409,-7.51161489],[112.628843561,-7.51159630099993],[112.62884258,-7.511596],[112.62860651,-7.51152348999998],[112.62851928,-7.51149669999996],[112.62837772,-7.51146329999996],[112.62836242,-7.51145962999993],[112.6281193,-7.51140214999996],[112.6281188,-7.51140218999994],[112.62811735,-7.51140184999994],[112.62792049,-7.511418],[112.62754286,-7.51162362999997],[112.62729982,-7.51168232999996],[112.627239431,-7.51167065799995],[112.6271014,-7.51164397999998],[112.62698645,-7.51162157999995],[112.62693812,-7.51159616999998],[112.62667217,-7.51145602],[112.62666005,-7.51144959999996],[112.6265252,-7.51137821],[112.626411154,-7.5113098599999],[112.62633233,-7.51126262],[112.62619816,-7.51118157999996],[112.62609688,-7.51112032999992],[112.62606543,-7.51110420999993],[112.62589296,-7.51101535999995],[112.62590772,-7.51098077999992],[112.62616767,-7.51042644999994],[112.62628623,-7.51012157999997],[112.626319716,-7.51003114999997],[112.62632156,-7.51002616999996],[112.626446282,-7.50968941799994],[112.62644824,-7.50968412999995],[112.6264532,-7.50967073999995],[112.62659206,-7.50929580999998],[112.62669212,-7.50895527999993],[112.626725484,-7.50884173999998],[112.62684371,-7.50843940999993],[112.62693908,-7.50812692999993],[112.626920449,-7.50807881599994],[112.62690447,-7.50803754999994],[112.62686375,-7.50793239999997],[112.62686612,-7.50792586999995],[112.62685964,-7.50791040999996],[112.627083851,-7.50729365399997],[112.62708491,-7.50729073999995],[112.62713364,-7.50715667999998],[112.62763599,-7.50577479999992],[112.62832464,-7.50389542999995],[112.62847647,-7.50348106999998],[112.62849714,-7.50348416999998],[112.62892489,-7.50354773999995],[112.63029718,-7.50375723000001],[112.63071917,-7.50382630999997],[112.63117795,-7.50389356999992],[112.63126226,-7.50390455999997],[112.63143141,-7.50393037999992],[112.631431869,-7.50392864299996],[112.63143237,-7.50392674999995],[112.63143616,-7.50392723999995],[112.63143681,-7.50392453999994],[112.63152014,-7.50358119999993],[112.63153851,-7.50350547999996],[112.63163202,-7.50314050999997],[112.63172763,-7.50276736999992],[112.63179298,-7.50248873999992],[112.63187086,-7.50218075],[112.63186674,-7.50217870999996],[112.63186767,-7.5021748],[112.63186904,-7.50217550999997],[112.63215956,-7.50220475999991],[112.63258559,-7.50234809999994],[112.63300282,-7.50241116999998],[112.63307536,-7.50242212999995],[112.633078569,-7.50242261499992],[112.63312958,-7.50243032999998],[112.63530392,-7.50300596999994],[112.63584015,-7.50314778999996],[112.6358405,-7.50314778999996],[112.63584055,-7.50314822999995],[112.6359461,-7.50317537999997],[112.635951907,-7.50317687499997],[112.63596136,-7.50317930999995],[112.635970768,-7.503181426],[112.63616569,-7.50322527000001],[112.636714799,-7.50334895699997],[112.6376401,-7.50355737999998],[112.63796839,-7.50363580999993],[112.63764362,-7.504823],[112.63750805,-7.50531788999995],[112.63743765,-7.50557490999995],[112.63723709,-7.50641700999995],[112.637204941,-7.50655199399993],[112.636999306,-7.50741539999994],[112.63698855,-7.50746055999996],[112.63664297,-7.50887657999993],[112.63642181,-7.50978786999997],[112.63529946,-7.50962161999996],[112.63501246,-7.50957117999994],[112.634720713,-7.509519901],[112.63470734,-7.50951754999994],[112.63463103,-7.50950413999994],[112.63461016,-7.50950047000001],[112.63455843,-7.5097547899999],[112.634536448,-7.5098628279999],[112.63453587,-7.50986566999994],[112.63452747,-7.50990697999992],[112.6344647,-7.51022640999996],[112.63445404,-7.51028062999995],[112.63445038,-7.51029848999997],[112.63436161,-7.51070077999997],[112.63433794,-7.51080805999992],[112.634331787,-7.51083594199998],[112.63431789,-7.51089891000001],[112.6342802,-7.51106968999992],[112.63412395,-7.51179285999996],[112.63410333,-7.51188840999994],[112.634102117,-7.51189402599994],[112.634130599,-7.51189765699994],[112.634244023593524,-7.511904437899622],[112.634229283668517,-7.511934016708651],[112.634102730530842,-7.511973756418273],[112.6340596124423,-7.51198753229323],[112.633944819384425,-7.512023898820216],[112.633624506727244,-7.51211071253104],[112.633617424,-7.51212632399998],[112.63360705,-7.51215117],[112.63358493,-7.51220417000001],[112.63354871,-7.51224216999998],[112.63340316,-7.51239487],[112.63339799,-7.51240028999995],[112.63328451,-7.51237807999995],[112.63299028,-7.51232048999996],[112.63282059,-7.51230164999992],[112.63269441,-7.51228762999994],[112.63261149,-7.51210310999992],[112.63255217,-7.51197109999995],[112.631860254,-7.51170530399996],[112.63175736,-7.51166577999995],[112.63138462,-7.51152259999997],[112.63138448,-7.51152254999994],[112.63138269,-7.51152190999995],[112.63138202,-7.51152166999998],[112.63138175,-7.51152156999997],[112.63138052,-7.51152112999992],[112.63137994,-7.51152091999996],[112.63137808,-7.51152024999991],[112.63137709,-7.51151988999993],[112.63137304,-7.51151842999997],[112.63137234,-7.51151817999995],[112.63137007,-7.51151735000002],[112.63136894,-7.51151693999998],[112.63136888,-7.51151691999998],[112.63121308,-7.51143307],[112.63120862,-7.51143066000002],[112.63117446,-7.5114273099999],[112.63111746,-7.51142170999994],[112.63102109,-7.51141032999992],[112.63102103,-7.51141033999994],[112.63101559,-7.51141264999995],[112.63073328,-7.51153217999998],[112.63065902,-7.51156436],[112.630599663,-7.51158961999994],[112.63059957,-7.51158966]]]]}},
{"type":"Feature","properties":{"kdkab":"15","kdkec":"030","nmkab":"SIDOARJO","nmkec":"KREMBUNG","kddesa":"003","kdprov":"35","nmdesa":"KEDUNGSUMUR","nmprov":"JAWA TIMUR","iddesa":"3515030003"},"geometry":{"type":"MultiPolygon","coordinates":[[[[112.660508511,-7.537047306],[112.659863857,-7.53898731799995],[112.65977445,-7.53892225999994],[112.65963677,-7.53882207999992],[112.659462703,-7.53869541399995],[112.65941383,-7.53865984999994],[112.65932741,-7.53862480999992],[112.659154876,-7.53855514099996],[112.658800249,-7.53847091200001],[112.658382797,-7.53829912799993],[112.658095306,-7.53822104399997],[112.657882642,-7.53823275699994],[112.65782708,-7.53824652699997],[112.657662101,-7.53828741499996],[112.657512448,-7.53840454099998],[112.657303722,-7.53854509199994],[112.657106811,-7.53875591799994],[112.656764185,-7.53910338999995],[112.656539706,-7.53940010799996],[112.656236463,-7.53982566399998],[112.656156864,-7.53988484699994],[112.655968663,-7.54002477699992],[112.655586655,-7.540161423],[112.655334609,-7.54013799799994],[112.655070748,-7.53997792699993],[112.654854145,-7.53985689699993],[112.654775381,-7.53975148399998],[112.654716307,-7.53968120899998],[112.654677407,-7.53964120399996],[112.654505612,-7.53946452699993],[112.654344145,-7.53927517399995],[112.654005457,-7.53897845699995],[112.653788855,-7.53880667199994],[112.653635264,-7.53861536699997],[112.653485611,-7.53850214599995],[112.65317843,-7.53833036099998],[112.65277673,-7.53822104399997],[112.652389136,-7.538117954],[112.652130861,-7.53804926],[112.65168978,-7.53788528399998],[112.650886381,-7.53764712799995],[112.6505792,-7.537498768],[112.650256263,-7.537485701],[112.650031852,-7.53747662099995],[112.65000028,-7.5374753429999],[112.649594643,-7.53741287599995],[112.649295338,-7.53722937799997],[112.648873947,-7.53695217999997],[112.64857858,-7.53685457499993],[112.648165067,-7.53678820399993],[112.647834256,-7.536764778],[112.64753495,-7.53680381999993],[112.647129313,-7.536924851],[112.646956031,-7.53705368899994],[112.646783877,-7.53719022399995],[112.6467802,-7.53719313899997],[112.646778811,-7.53719424099997],[112.64677607,-7.53719767199994],[112.646776306,-7.53719884499998],[112.646776383,-7.53719922799996],[112.646804604,-7.53733961599994],[112.646438675,-7.53766471799996],[112.646260863,-7.53777302199996],[112.645961814,-7.53783444799996],[112.645887759,-7.53781636699997],[112.645658736,-7.53773011199995],[112.645536788,-7.53763790799998],[112.645447559,-7.53756652399994],[112.645347438,-7.53748129599997],[112.645282721,-7.53742327399992],[112.645324463,-7.537359207],[112.645337051,-7.53733415899996],[112.646721488,-7.53478286499996],[112.64672192,-7.53478206999996],[112.64953612,-7.53600072999996],[112.649536208,-7.53599484099993],[112.64953961,-7.5357673],[112.64948973,-7.53571979999998],[112.64939192,-7.53562687999994],[112.64939162,-7.53562638999996],[112.64924751,-7.53539359999997],[112.64924394,-7.53534008999996],[112.64924384,-7.5353385],[112.6492438,-7.53533805999995],[112.64920924,-7.5352907],[112.64914621,-7.53520432999991],[112.64913644,-7.53509239999993],[112.64894857,-7.53485985999993],[112.64894873,-7.53485964999994],[112.6489863,-7.53480925999997],[112.64900438,-7.53478500999994],[112.64908656,-7.5346886099999],[112.64911608,-7.53465397],[112.64924497,-7.53461479999995],[112.649251601,-7.53461357100001],[112.649285425,-7.53460730399995],[112.649464603,-7.53464048799995],[112.649745360680001,-7.53474763785601],[112.650568662,-7.53507264499994],[112.650714995,-7.53509311799998],[112.651145486997137,-7.535153348497849],[112.651540049,-7.53520855199996],[112.65156788,-7.53520655199996],[112.651568133,-7.53520650699996],[112.652344971,-7.53506716799994],[112.652411102,-7.535034416],[112.652447738,-7.53503643399997],[112.652662444,-7.53393382299993],[112.652723565,-7.53362241299992],[112.65272021291014,-7.533623125349922],[112.652752816222872,-7.533428157539893],[112.652771442110833,-7.533310883430391],[112.652858362921407,-7.532781080394512],[112.652871676,-7.53270225899996],[112.653464917,-7.52990806699996],[112.654613805,-7.53016648899995],[112.656343658,-7.53055934899994],[112.658235598,-7.53101173699996],[112.65832666,-7.53103351099997],[112.658330306,-7.53103438299996],[112.659076803,-7.52913027099994],[112.659077815,-7.529127689],[112.659088821,-7.52906250699994],[112.659712625545296,-7.529069981810663],[112.660091115317215,-7.529074865549655],[112.6604191397862,-7.52907812137565],[112.660606814,-7.52908128699997],[112.6606216,-7.52908083799997],[112.660720083,-7.52909961299997],[112.660720022,-7.52909976499997],[112.660805696,-7.52912875799997],[112.660672429,-7.52962753699995],[112.660673873,-7.52962812799996],[112.660650504,-7.52970482199991],[112.662009873,-7.530187294],[112.662011626,-7.53018832399991],[112.661852375,-7.53096406799993],[112.661783456,-7.5312978819999],[112.661545193,-7.53229736999998],[112.661407355,-7.53287129300001],[112.66128527,-7.53341398199993],[112.661178938,-7.53387858599995],[112.660950722,-7.53486548299995],[112.660950521,-7.534866355],[112.660940806,-7.53493801299991],[112.660925907,-7.53504790099992],[112.66072435,-7.53606235099995],[112.660724341,-7.53606239499995],[112.660722932,-7.53606176099996],[112.660509979,-7.537040561],[112.660508511,-7.537047306]]]]}},
{"type":"Feature","properties":{"kdkab":"15","kdkec":"030","nmkab":"SIDOARJO","nmkec":"KREMBUNG","kddesa":"015","kdprov":"35","nmdesa":"LEMUJUT","nmprov":"JAWA TIMUR","iddesa":"3515030015"},"geometry":{"type":"MultiPolygon","coordinates":[[[[112.61646796,-7.50840911999995],[112.61640493,-7.50844308999997],[112.61638932,-7.50845181999995],[112.61612099,-7.50860170999991],[112.61582591,-7.50878117999998],[112.6152538,-7.50912914999997],[112.61508327,-7.50923764999994],[112.61505123,-7.50925802999994],[112.615043547,-7.50926291799993],[112.61500694,-7.50928620999996],[112.61485749,-7.50937777999994],[112.61463136,-7.50941143999995],[112.61445741,-7.50943262999997],[112.61412238,-7.50947976999991],[112.61390339,-7.50953404999995],[112.61383353,-7.50955223999994],[112.61381558,-7.50955580999994],[112.61379889,-7.50955994999996],[112.61353025,-7.50961396],[112.61325,-7.50925],[112.61278,-7.50857],[112.61243578,-7.50816601],[112.61205385,-7.50788088999997],[112.6114506,-7.507657],[112.61144512,-7.50765497],[112.61141845,-7.50764177999998],[112.61061229,-7.50724319999994],[112.61060188,-7.50723804999994],[112.61035318,-7.50718656999994],[112.60986353,-7.5070852],[112.60951256,-7.50698503999994],[112.609137484,-7.50687798999996],[112.60898598,-7.50683474999994],[112.60898454,-7.50683433999996],[112.60895491,-7.50681307],[112.60836939,-7.50639261999994],[112.60872185,-7.50576459999996],[112.60883976,-7.50555706999993],[112.60938175,-7.50464469999997],[112.60979922,-7.50372537999994],[112.610535872,-7.50235067299997],[112.61079874,-7.50186011999995],[112.610799491,-7.50185871799993],[112.61116143,-7.50118328999998],[112.611168215,-7.50117062599997],[112.61118255,-7.50114386999998],[112.61120161,-7.50110832999994],[112.61120503,-7.50110196],[112.61120525,-7.50110149999994],[112.61140712,-7.50068568699996],[112.611418425,-7.50066240099995],[112.61142228,-7.50065445999997],[112.61142376,-7.50065138999997],[112.61142902,-7.50064056999998],[112.61158928,-7.50031047999995],[112.611649762,-7.50018588999996],[112.61170622,-7.50006958999994],[112.61201291,-7.49943660999997],[112.61203605,-7.49943931999996],[112.61224297,-7.49946357999997],[112.61226174,-7.49946577999998],[112.61226695,-7.49944627],[112.612267705,-7.49944344199998],[112.61229019,-7.49935925999997],[112.61238658,-7.49899827999997],[112.61243208,-7.49882790199997],[112.61243286,-7.49882497999994],[112.61245661,-7.49873603999994],[112.61258143,-7.49826858999996],[112.61279195,-7.49754442999995],[112.61291426,-7.49712370999993],[112.61291636,-7.49711647999994],[112.61431169,-7.49738214999997],[112.61431925,-7.49733783999995],[112.61434121,-7.49720903999997],[112.614590785,-7.49571614799995],[112.61459079,-7.49571611999994],[112.6145919,-7.49570945999996],[112.61459473,-7.49569254999995],[112.614596,-7.49568493999995],[112.61471108,-7.49499653999991],[112.61475035,-7.49477074],[112.61485568,-7.49416075999996],[112.6149182,-7.49375756999998],[112.61492116,-7.49373988999997],[112.6149219,-7.49373534999996],[112.61538428,-7.49379585000001],[112.61604953,-7.49385562999993],[112.6164733,-7.49391270999996],[112.6169488,-7.49397676999994],[112.61697568,-7.49397933999997],[112.61720649,-7.49400143999998],[112.61784799,-7.49407716999997],[112.61900465,-7.49422813999996],[112.61900715,-7.49422845999993],[112.61897652,-7.49435791999994],[112.61903587,-7.49438111999995],[112.61930944,-7.49448660999994],[112.61936897,-7.49450397999991],[112.61945444,-7.49452594999998],[112.61958174,-7.49465594999994],[112.61991679,-7.49498209999997],[112.62011814,-7.4951713],[112.62029006,-7.49535641999997],[112.62041458,-7.49548329999991],[112.62049232,-7.49559751999995],[112.62051991,-7.49563426999994],[112.62064301,-7.49580492999997],[112.62076167,-7.49596239999992],[112.62082664,-7.49604862999995],[112.62084812,-7.49607713999997],[112.620862212,-7.49610166],[112.6208747,-7.49612339],[112.62092191,-7.49620553999993],[112.620930874,-7.49622113899995],[112.62096728,-7.49628448999993],[112.62108589,-7.49644535999996],[112.62162,-7.49714],[112.621617861,-7.49715027599993],[112.621739705,-7.49731594699996],[112.621737222,-7.49732869099996],[112.621573712,-7.49816785699992],[112.621635022825757,-7.498189959391671],[112.621628097371342,-7.498229983121638],[112.621595718623496,-7.49843495858365],[112.621556054657404,-7.49868355541428],[112.621546700796912,-7.498730324716713],[112.621540944575074,-7.498760544881362],[112.62153162233966,-7.49880954923754],[112.62147099,-7.49879394999993],[112.62147096,-7.49879422999994],[112.62133129,-7.4987584699999],[112.62129075,-7.49874808999997],[112.62125071,-7.49873941999994],[112.62122591,-7.49873404999995],[112.62119627,-7.49872814999997],[112.62046415,-7.49858244999995],[112.62037930750175,-7.498565104744409],[112.620130529535132,-7.499117352564249],[112.620107601013487,-7.499172044450924],[112.619967247489171,-7.499468290344533],[112.619783408154277,-7.499909360842867],[112.619551360461372,-7.500451165223369],[112.619431918858226,-7.500741494662321],[112.619139790599988,-7.501423606950125],[112.619063520660575,-7.501603488882562],[112.618977177333008,-7.501807834757811],[112.61874405034861,-7.50234748055512],[112.618477105560814,-7.503049919501291],[112.617874680969123,-7.50444706247053],[112.617833667888533,-7.504533405798099],[112.617475522960973,-7.505419144433419],[112.617376228134262,-7.505668101027912],[112.617463527,-7.50589580699993],[112.617022232,-7.50638763199994],[112.61699185,-7.50646263999994],[112.6174403,-7.5068733599999],[112.61756393,-7.50698460999996],[112.61775284,-7.50715906999992],[112.61775866,-7.50716443999997],[112.61776244,-7.50729736999995],[112.61776319,-7.50729785999995],[112.61784338,-7.50735000999993],[112.6179176,-7.50739792999997],[112.61792829,-7.50740482999994],[112.61792809,-7.50740508999998],[112.6179306,-7.50740671999994],[112.617926355,-7.50741202299998],[112.617792238,-7.50757955799997],[112.61770156,-7.50769282999995],[112.61765615,-7.50775051999994],[112.61753082,-7.50788464999995],[112.61747291,-7.50794785999994],[112.61743771,-7.50798628999997],[112.61743489,-7.5079873199999],[112.61736819,-7.50801176999995],[112.617367268,-7.50801210799995],[112.61710411,-7.50810855999991],[112.61691339,-7.50817845999998],[112.61690393,-7.50818192999997],[112.61689842,-7.50818567999996],[112.61686066,-7.50821134999996],[112.6167587,-7.508253],[112.61675454,-7.50825469999995],[112.616510713,-7.50838608299996],[112.61646796,-7.50840911999995]]]]}},
{"type":"Feature","properties":{"kdkab":"15","kdkec":"030","nmkab":"SIDOARJO","nmkec":"KREMBUNG","kddesa":"014","kdprov":"35","nmdesa":"KREMBUNG","nmprov":"JAWA TIMUR","iddesa":"3515030014"},"geometry":{"type":"MultiPolygon","coordinates":[[[[112.62256213,-7.51205858999998],[112.6225018,-7.51208875],[112.62241131,-7.51218354999996],[112.62234667,-7.51226973999995],[112.62230358,-7.51238176999995],[112.62227773,-7.51248518999995],[112.62226911,-7.51253689999991],[112.62224325,-7.51262307999997],[112.6222174,-7.51265755999996],[112.62215707,-7.51272649999992],[112.62214415,-7.51279113999994],[112.622159417,-7.51309349599993],[112.62216569,-7.51321773999993],[112.62215276,-7.51326513999993],[112.62191898,-7.51344560999994],[112.62190714,-7.51345474999993],[112.62188129,-7.51350214999996],[112.62184681,-7.51358401999993],[112.62180372,-7.51370037000001],[112.62177787,-7.51380808999996],[112.6217434,-7.51389858999995],[112.62166624,-7.51455866999989],[112.62166583,-7.51456218999995],[112.621652133,-7.51457703599993],[112.62116378,-7.51510636999997],[112.62104963,-7.51523010999995],[112.62098068,-7.51526457999993],[112.62032569,-7.51469576999993],[112.620316347,-7.51471679399997],[112.62025675,-7.51485089999994],[112.62010162,-7.51510944999997],[112.61996373,-7.5152732],[112.61975689,-7.51547141999993],[112.61949868,-7.51554027],[112.61949834,-7.51554035999993],[112.6191303,-7.51517623999998],[112.619001157,-7.51504846999993],[112.61787811,-7.51393736999996],[112.617878326,-7.51393650699994],[112.61788276,-7.51391875999997],[112.61821076,-7.51260676999994],[112.61815158,-7.51254693999996],[112.61802572,-7.51241908],[112.618025217,-7.51241856899997],[112.617987,-7.51237974999998],[112.61717462,-7.51155727],[112.61651541,-7.51127293999996],[112.61576883,-7.51095091999996],[112.61569131,-7.51091582999994],[112.61519295,-7.51069021999996],[112.6147923,-7.51050563999995],[112.61466684,-7.51044784999991],[112.614647507,-7.51045856699995],[112.61464613,-7.51045932999997],[112.61456997,-7.5105015199999],[112.61444683,-7.51056973999997],[112.614388495,-7.51060205899994],[112.61438824,-7.51060219999995],[112.6143837,-7.51060476999992],[112.61421982,-7.51047846999997],[112.614157456,-7.510429444],[112.61412,-7.5104],[112.61382963,-7.51001508999998],[112.61353025,-7.50961396],[112.61379889,-7.50955994999996],[112.61381558,-7.50955580999994],[112.61383353,-7.50955223999994],[112.61390339,-7.50953404999995],[112.61412238,-7.50947976999991],[112.61445741,-7.50943262999997],[112.61463136,-7.50941143999995],[112.61485749,-7.50937777999994],[112.61500694,-7.50928620999996],[112.615043547,-7.50926291799993],[112.61505123,-7.50925802999994],[112.61508327,-7.50923764999994],[112.6152538,-7.50912914999997],[112.61582591,-7.50878117999998],[112.61612099,-7.50860170999991],[112.61638932,-7.50845181999995],[112.61640493,-7.50844308999997],[112.61646796,-7.50840911999995],[112.616510713,-7.50838608299996],[112.61675454,-7.50825469999995],[112.6167587,-7.508253],[112.61686066,-7.50821134999996],[112.61689842,-7.50818567999996],[112.61690393,-7.50818192999997],[112.61691339,-7.50817845999998],[112.61710411,-7.50810855999991],[112.617367268,-7.50801210799995],[112.61736819,-7.50801176999995],[112.61743489,-7.5079873199999],[112.61743771,-7.50798628999997],[112.61747291,-7.50794785999994],[112.61753082,-7.50788464999995],[112.61765615,-7.50775051999994],[112.61770156,-7.50769282999995],[112.617792238,-7.50757955799997],[112.617926355,-7.50741202299998],[112.6179306,-7.50740671999994],[112.61792809,-7.50740508999998],[112.61792829,-7.50740482999994],[112.6179176,-7.50739792999997],[112.61784338,-7.50735000999993],[112.61776319,-7.50729785999995],[112.61776244,-7.50729736999995],[112.61775866,-7.50716443999997],[112.61775284,-7.50715906999992],[112.61756393,-7.50698460999996],[112.6174403,-7.5068733599999],[112.61699185,-7.50646263999994],[112.617022232,-7.50638763199994],[112.617463527,-7.50589580699993],[112.617376228134262,-7.505668101027912],[112.617475522960973,-7.505419144433419],[112.617833667888533,-7.504533405798099],[112.617874680969123,-7.50444706247053],[112.618477105560814,-7.503049919501291],[112.61874405034861,-7.50234748055512],[112.618977177333008,-7.501807834757811],[112.619063520660575,-7.501603488882562],[112.619139790599988,-7.501423606950125],[112.619431918858226,-7.500741494662321],[112.619551360461372,-7.500451165223369],[112.619783408154277,-7.499909360842867],[112.619967247489171,-7.499468290344533],[112.620107601013487,-7.499172044450924],[112.620130529535132,-7.499117352564249],[112.62037930750175,-7.498565104744409],[112.62046415,-7.49858244999995],[112.62119627,-7.49872814999997],[112.62122591,-7.49873404999995],[112.62125071,-7.49873941999994],[112.62129075,-7.49874808999997],[112.62133129,-7.4987584699999],[112.62147096,-7.49879422999994],[112.62147099,-7.49879394999993],[112.62153162233966,-7.49880954923754],[112.62182916,-7.49888716999992],[112.62309949,-7.49921554999997],[112.6238901,-7.49941478999997],[112.624026776,-7.49944964299996],[112.624100348,-7.49947580399993],[112.624126572,-7.49948512899993],[112.624160184,-7.49949708099994],[112.624231499,-7.49952243999995],[112.624117422,-7.50030750199996],[112.624116942,-7.500310804],[112.62412156,-7.50031120999994],[112.62415039,-7.50050461999995],[112.62421844,-7.50115329999995],[112.6242164,-7.50128735999993],[112.62421668,-7.50136273999995],[112.624219916,-7.50138188699997],[112.624227726,-7.50137848],[112.624573736,-7.50279225599996],[112.624587942,-7.50279466199991],[112.62462177,-7.50280038999993],[112.62494012,-7.50287448999996],[112.62504467,-7.50289292999997],[112.62596182,-7.50305007999996],[112.626028529,-7.50306150599998],[112.62604893,-7.503065],[112.62605275,-7.50306564999995],[112.62755899,-7.50332374999996],[112.62847473,-7.50348065999997],[112.62847651,-7.50348095999994],[112.62847647,-7.50348106999998],[112.62832464,-7.50389542999995],[112.62763599,-7.50577479999992],[112.62713364,-7.50715667999998],[112.62708491,-7.50729073999995],[112.627083851,-7.50729365399997],[112.62685964,-7.50791040999996],[112.62686612,-7.50792586999995],[112.62686375,-7.50793239999997],[112.62690447,-7.50803754999994],[112.626920449,-7.50807881599994],[112.62693908,-7.50812692999993],[112.62684371,-7.50843940999993],[112.626725484,-7.50884173999998],[112.62669212,-7.50895527999993],[112.62659206,-7.50929580999998],[112.6264532,-7.50967073999995],[112.62644824,-7.50968412999995],[112.626446282,-7.50968941799994],[112.62632156,-7.51002616999996],[112.626319716,-7.51003114999997],[112.62628623,-7.51012157999997],[112.62616767,-7.51042644999994],[112.62590772,-7.51098077999992],[112.62589178,-7.51101476999996],[112.62564874,-7.51090465999996],[112.6253294,-7.51075922999997],[112.6251592,-7.51073846999998],[112.62515834,-7.51073890999995],[112.62515765,-7.51073882999998],[112.625143822,-7.51074579399993],[112.62460369,-7.51101780999994],[112.62459745,-7.51102094999992],[112.62459738,-7.51102097999996],[112.62459714,-7.51102104999996],[112.624504989,-7.51104922599998],[112.6242884,-7.51111544999996],[112.62416822,-7.51113632999996],[112.62407976,-7.51115152999996],[112.62405475,-7.51115602999996],[112.62396393,-7.51117180999996],[112.62395043,-7.51117414999991],[112.62371365,-7.51142473999991],[112.6236779,-7.51146250999993],[112.62341244,-7.51162135999993],[112.62338891,-7.51163124999995],[112.623275298,-7.51167898299997],[112.62327221,-7.51168027999995],[112.623268292,-7.51168192599992],[112.62324001,-7.51169380999996],[112.62316331,-7.51171084999994],[112.62310793,-7.51172287999995],[112.62293337,-7.51176193999993],[112.62284117,-7.51178241999998],[112.62284005,-7.51178531999991],[112.622813151,-7.51185448999995],[112.62276897,-7.51196809999992],[112.62270002,-7.51198963999996],[112.62264831,-7.51201119000001],[112.62256213,-7.51205858999998]]]]}},
{"type":"Feature","properties":{"kdkab":"15","kdkec":"030","nmkab":"SIDOARJO","nmkec":"KREMBUNG","kddesa":"011","kdprov":"35","nmdesa":"PLOSO","nmprov":"JAWA TIMUR","iddesa":"3515030011"},"geometry":{"type":"MultiPolygon","coordinates":[[[[112.64800931,-7.51683541999993],[112.6479476,-7.51678426999993],[112.64784369,-7.51669812999992],[112.64783859,-7.51669389999998],[112.64783819,-7.51669356999998],[112.64759893,-7.51665704999994],[112.647445827,-7.51663351699998],[112.64734637,-7.51661822999995],[112.64666609,-7.5163399599999],[112.64581805,-7.51617528999997],[112.645360297,-7.51594059299992],[112.64535918,-7.51594001999998],[112.64534381,-7.51593213999998],[112.64530563,-7.51591255999997],[112.64524972,-7.51588386],[112.64520258,-7.51585941999997],[112.64516809,-7.51584058999995],[112.64516759,-7.51584030999992],[112.64516743,-7.51584022],[112.64483931,-7.51565926999997],[112.6445897,-7.51548273999994],[112.6445896,-7.51548267999996],[112.64436264,-7.5153415],[112.64434962,-7.5153387999999],[112.644055725,-7.51527807399998],[112.6435955,-7.51518297999998],[112.64335921,-7.51511773999991],[112.64327876,-7.51509557999998],[112.64322694,-7.51508138],[112.643006328256192,-7.515081854740104],[112.642854663625243,-7.515131043269061],[112.642721444692654,-7.515186380364137],[112.643291762,-7.51367829099997],[112.643307285,-7.51368264699993],[112.643591113,-7.51292329899997],[112.643625742,-7.51293003899993],[112.643867828,-7.51238807099997],[112.643868379,-7.51238822799998],[112.643975476,-7.51215780899998],[112.643967322,-7.51215470699998],[112.644288848,-7.51143623999996],[112.644286742,-7.51143516499997],[112.644395889,-7.51122279699996],[112.644401555,-7.51121549099995],[112.644404835,-7.51121146499998],[112.644406326,-7.51120743999998],[112.644772271,-7.51037380499997],[112.644696136,-7.5102848669999],[112.64469826,-7.51028009000001],[112.644700228,-7.51027565799997],[112.64470131,-7.51027321999991],[112.644702,-7.51027167999992],[112.64526206,-7.50869897999996],[112.645332141,-7.50850527999995],[112.645453714,-7.50816925799997],[112.64552722,-7.50796608999998],[112.64603086,-7.50655237999997],[112.646058147,-7.50647619699993],[112.646339979,-7.50568934499994],[112.64637361,-7.5055954499999],[112.646469169,-7.50532390299998],[112.64706833,-7.50362127999993],[112.6470929,-7.50355144999996],[112.64853934,-7.50402931999995],[112.64950282,-7.50432723999998],[112.64996224,-7.50449302999997],[112.65030397,-7.50460900999997],[112.65037992,-7.50476850999996],[112.65038492,-7.50477901999995],[112.65039421,-7.50479851999996],[112.650437932,-7.50481815799997],[112.65046539,-7.50483048999995],[112.650473792,-7.50483426599993],[112.65047398,-7.50483434999993],[112.65064081,-7.50490926999994],[112.65081573,-7.50497900999994],[112.65141923,-7.50509898999996],[112.652075591,-7.50522948199997],[112.652616503696876,-7.505339052863022],[112.652395156857494,-7.505664898210258],[112.652332457752777,-7.505851095551535],[112.652329297752786,-7.505885955551585],[112.65230015821399,-7.506187390749554],[112.652231759190656,-7.506489486435912],[112.65237081,-7.50668168999996],[112.65257708,-7.50701056999997],[112.65280033,-7.50731381000001],[112.65324995,-7.50798847999995],[112.65346184,-7.50829744],[112.65375397,-7.50873966999996],[112.65432306,-7.50965345999998],[112.65433842,-7.50967812999995],[112.6544526,-7.50986685000002],[112.65456204,-7.51004713000001],[112.65460084,-7.51011104999994],[112.65476672,-7.51037256999997],[112.65482572,-7.51047442000001],[112.65486027,-7.51053333999996],[112.654914861,-7.51060622799997],[112.653694091,-7.51388777099993],[112.653689309,-7.51388736099995],[112.653655498,-7.51398572399998],[112.653636154,-7.51404200099992],[112.653620937,-7.51408626999992],[112.653446383,-7.51459408799996],[112.65345107,-7.514595555],[112.653054271,-7.51564719299996],[112.652901244,-7.515577149],[112.65276074,-7.51573727999992],[112.65264379,-7.51596639999997],[112.65260893,-7.51602788999997],[112.65250738,-7.5162039599999],[112.65245708,-7.51629116999989],[112.65235788,-7.51646236999993],[112.652282193054631,-7.516553439604796],[112.652203053833333,-7.516626628508708],[112.652106063659858,-7.516729568999575],[112.65208702264421,-7.516771221221314],[112.652137005310294,-7.516802162871747],[112.652093716751267,-7.516851848021965],[112.652050130676386,-7.516900938140441],[112.652005800811835,-7.516967581695224],[112.651956833446647,-7.517015408358633],[112.651879654083118,-7.517116339629999],[112.651839191924864,-7.517173462676955],[112.651796349639639,-7.517235345977823],[112.651763027862245,-7.517271047882169],[112.651741391398261,-7.517307887260668],[112.65171853422838,-7.517340094758819],[112.651630406100608,-7.517297441585594],[112.651566426340793,-7.517412344011392],[112.651535089315587,-7.517505049377664],[112.651494612324669,-7.517557277753025],[112.651456093897835,-7.517619951803463],[112.651409741214692,-7.517675444452285],[112.651327481523509,-7.517760968416941],[112.651272641729378,-7.517809279664152],[112.651203439132019,-7.517841922398754],[112.651110407338408,-7.51791014571407],[112.651057852535715,-7.518078582224618],[112.651015416980727,-7.518165738326005],[112.65095829219517,-7.518201971761413],[112.650843389769378,-7.518165411898659],[112.65084303976937,-7.51816543189866],[112.650843009769375,-7.518165411898659],[112.650754601531247,-7.518128852035905],[112.650713798112974,-7.518130484172634],[112.650691601053467,-7.518138644856283],[112.650644595515658,-7.518093597882533],[112.650529693089851,-7.518079235079308],[112.650443516270485,-7.518092945027844],[112.650356033741744,-7.518042022361865],[112.650262022666098,-7.518006768208495],[112.650134063146467,-7.518000239661574],[112.650028300686344,-7.517967596926971],[112.649926455354375,-7.517932342773602],[112.649845501372567,-7.517893171492079],[112.649724070399856,-7.517857917338709],[112.649577830948843,-7.517786103322585],[112.649464234232425,-7.517776963356897],[112.649355860353538,-7.517736486365989],[112.64924226363712,-7.517672506606169],[112.64908166138288,-7.517633335324646],[112.648911266308303,-7.517554992761601],[112.648695824259931,-7.517514515770696],[112.64858718,-7.51737966999995],[112.64851582,-7.51735302],[112.64847926,-7.51730453999995],[112.64846691,-7.517288],[112.64844519,-7.51726791999996],[112.64842416,-7.5172484199999],[112.64834244,-7.51720104999993],[112.64834161,-7.51720055999991],[112.64825537,-7.51710361999994],[112.64822389,-7.51701305999996],[112.64805929,-7.51687685999998],[112.64801616,-7.516841099],[112.64800931,-7.51683541999993]]]]}},
{"type":"Feature","properties":{"kdkab":"15","kdkec":"030","nmkab":"SIDOARJO","nmkec":"KREMBUNG","kddesa":"001","kdprov":"35","nmdesa":"TAMBAKREJO","nmprov":"JAWA TIMUR","iddesa":"3515030001"},"geometry":{"type":"MultiPolygon","coordinates":[[[[112.66620173,-7.55298406499998],[112.664926647,-7.55447161199994],[112.663694,-7.55721198999994],[112.663246,-7.55697698999998],[112.662544,-7.55660398999992],[112.66221655,-7.55636307999992],[112.6622128,-7.55636031999996],[112.662211,-7.55635898999996],[112.66221069,-7.55635878999998],[112.662208,-7.55635698999992],[112.661987,-7.55619598999995],[112.66143576,-7.55579088],[112.661308,-7.55569698999992],[112.66066,-7.55518098999995],[112.66015995,-7.55478267999998],[112.6600799,-7.55471881999994],[112.65967545,-7.55433707999995],[112.659401,-7.55407798999994],[112.659079775,-7.55374952399995],[112.658913,-7.55357898999995],[112.658516,-7.55325898999998],[112.65820629,-7.5529208099999],[112.6581573,-7.55286724999995],[112.65815709,-7.55286708999996],[112.658157,-7.55286698999989],[112.657692,-7.55249298999993],[112.6574761,-7.55229993999994],[112.65729514,-7.55213767999994],[112.65705792,-7.55190496999993],[112.656769,-7.55162098999997],[112.656235,-7.55110498999995],[112.65607673,-7.55097617999996],[112.65607619,-7.55097573999994],[112.65560145,-7.55058891999996],[112.65523564,-7.55024749999998],[112.65502924,-7.55005486999992],[112.65430445,-7.54952128999997],[112.65410338,-7.54931167999996],[112.65410277,-7.54931103999997],[112.654025963,-7.54923090099993],[112.65401611,-7.54922061999997],[112.653519,-7.54870198999993],[112.65296546,-7.54818052999997],[112.65272515,-7.54795393999995],[112.6526225,-7.54785053999994],[112.652403,-7.54762898999996],[112.65219384,-7.54741877000001],[112.65201257,-7.54723617],[112.65200037,-7.54722387999994],[112.65157314,-7.54672513],[112.65123885,-7.54623900999998],[112.649682,-7.54413698999997],[112.649329352,-7.54328165099998],[112.649313,-7.54324198999994],[112.649239,-7.54314398999996],[112.64918924,-7.54303965999998],[112.64918456,-7.54302977999991],[112.649116,-7.54288498999994],[112.64907021,-7.54281535999994],[112.648922,-7.54258998999993],[112.64891908,-7.54258512999997],[112.648692,-7.54220698999995],[112.64866074,-7.54213064999992],[112.64865572,-7.54212344999997],[112.64862212,-7.54207521999994],[112.6486138,-7.54206326999996],[112.648608893,-7.54205622799997],[112.64852346,-7.54193360999993],[112.64848548,-7.54187909999995],[112.64814154,-7.54147342999994],[112.6478946,-7.54113829999996],[112.64783247,-7.54104510999997],[112.647743,-7.54092798999995],[112.647552,-7.54068398999993],[112.64746,-7.54043098999994],[112.647376,-7.53998698999992],[112.64733045,-7.539735075],[112.64723292,-7.53919567999998],[112.647229,-7.53917398999996],[112.64720146,-7.53911232999997],[112.647011512,-7.53824293999998],[112.646998412,-7.53818297899994],[112.64699834,-7.53818264999994],[112.645961814,-7.53783444799996],[112.646260863,-7.53777302199996],[112.646438675,-7.53766471799996],[112.646804604,-7.53733961599994],[112.646776383,-7.53719922799996],[112.646776306,-7.53719884499998],[112.64677607,-7.53719767199994],[112.646778811,-7.53719424099997],[112.6467802,-7.53719313899997],[112.646783877,-7.53719022399995],[112.646956031,-7.53705368899994],[112.647129313,-7.536924851],[112.64753495,-7.53680381999993],[112.647834256,-7.536764778],[112.648165067,-7.53678820399993],[112.64857858,-7.53685457499993],[112.648873947,-7.53695217999997],[112.649295338,-7.53722937799997],[112.649594643,-7.53741287599995],[112.65000028,-7.5374753429999],[112.650031852,-7.53747662099995],[112.650256263,-7.537485701],[112.6505792,-7.537498768],[112.650886381,-7.53764712799995],[112.65168978,-7.53788528399998],[112.652130861,-7.53804926],[112.652389136,-7.538117954],[112.65277673,-7.53822104399997],[112.65317843,-7.53833036099998],[112.653485611,-7.53850214599995],[112.653635264,-7.53861536699997],[112.653788855,-7.53880667199994],[112.654005457,-7.53897845699995],[112.654344145,-7.53927517399995],[112.654505612,-7.53946452699993],[112.654677407,-7.53964120399996],[112.654716307,-7.53968120899998],[112.654775381,-7.53975148399998],[112.654854145,-7.53985689699993],[112.655070748,-7.53997792699993],[112.655334609,-7.54013799799994],[112.655586655,-7.540161423],[112.655968663,-7.54002477699992],[112.656156864,-7.53988484699994],[112.656236463,-7.53982566399998],[112.656539706,-7.53940010799996],[112.656764185,-7.53910338999995],[112.657106811,-7.53875591799994],[112.657303722,-7.53854509199994],[112.657512448,-7.53840454099998],[112.657662101,-7.53828741499996],[112.65782708,-7.53824652699997],[112.657882642,-7.53823275699994],[112.658095306,-7.53822104399997],[112.658382797,-7.53829912799993],[112.658800249,-7.53847091200001],[112.659154876,-7.53855514099996],[112.65932741,-7.53862480999992],[112.65941383,-7.53865984999994],[112.659462703,-7.53869541399995],[112.65963677,-7.53882207999992],[112.65977445,-7.53892225999994],[112.659863857,-7.53898731799995],[112.65995,-7.53905],[112.66020507,-7.53919821999993],[112.66042236,-7.53932448999997],[112.66049615,-7.53936828999996],[112.66084473,-7.53960319999992],[112.66101533,-7.53971815999995],[112.66131701,-7.539995],[112.66191,-7.54054],[112.66232,-7.54095],[112.66245313,-7.54101554999993],[112.66247065,-7.54102594999993],[112.66256387,-7.54118578999991],[112.66257965,-7.54157773],[112.66258073,-7.54158020999997],[112.66258134,-7.54159747999993],[112.66262872,-7.54169113999996],[112.662743599,-7.54195667399997],[112.66284145,-7.54218284999997],[112.66300865,-7.54235308999996],[112.66315254,-7.54252479999995],[112.66323031,-7.54260548999995],[112.66344971,-7.54284370999993],[112.66355825,-7.54297405999995],[112.66375184,-7.54317175999995],[112.66382538,-7.54325161],[112.66405647,-7.54352280999994],[112.664059281,-7.543526109],[112.66407546,-7.54354509999994],[112.66407738,-7.54354737999993],[112.66408289,-7.54355389999994],[112.66413787,-7.54363701999995],[112.66429999,-7.54389481999994],[112.664306291,-7.54389868499994],[112.664383006,-7.54399599499994],[112.664416525,-7.54404023999998],[112.66451474,-7.54411786199994],[112.664597114,-7.544163801],[112.664815722,-7.54423033399996],[112.665010568,-7.54426043199992],[112.6651769,-7.54428102599998],[112.665335311,-7.54427785699996],[112.665439863,-7.54425567999991],[112.665503227,-7.54421607699995],[112.665526989,-7.5441938989999],[112.66555617,-7.54415961199991],[112.665590353,-7.54411944599998],[112.665693321,-7.54399588499997],[112.665845396,-7.54386757199996],[112.666198653,-7.54365688499997],[112.666344391,-7.54361094599995],[112.666444191,-7.54358876799997],[112.666621611,-7.54358559999998],[112.666773686,-7.54360619299998],[112.666940018,-7.54367114199992],[112.667050957,-7.54373436499998],[112.667087341,-7.54375509999998],[112.667235185,-7.54382848999996],[112.667307533,-7.54386440399994],[112.667386466,-7.54388711099995],[112.667423173,-7.54389767000001],[112.66751822,-7.54391351099997],[112.667613267,-7.54390559099992],[112.667674906,-7.54389235299993],[112.6678493,-7.54385489899994],[112.668321365,-7.54363629099992],[112.668663534,-7.54344778199992],[112.668989861,-7.54325768799993],[112.669007121,-7.54325490400001],[112.669038969,-7.54324976799998],[112.669043288,-7.54324984499995],[112.669097575,-7.54324448299994],[112.669205295,-7.54325240399992],[112.669444496,-7.54331893599995],[112.669835772,-7.54344566599997],[112.670011609,-7.54350586199997],[112.67008923,-7.54357239499995],[112.670181109,-7.54369120300002],[112.670287244,-7.54382268499993],[112.670607235,-7.54403970799998],[112.670764063,-7.54417118999992],[112.671109399,-7.54462107799997],[112.67119811,-7.54476523199997],[112.671227455,-7.54480074199996],[112.671184583,-7.5449477299999],[112.671182448,-7.54495246499995],[112.671182176,-7.54495306799994],[112.671123656,-7.54517878499995],[112.671047619,-7.54544016399993],[112.671027025,-7.545490855],[112.671004848,-7.54553362599998],[112.671003264,-7.54554629899992],[112.67100168,-7.54558431799998],[112.670966829,-7.54569045399997],[112.670956347,-7.54570695399997],[112.670919403,-7.54582400499991],[112.670919748,-7.54582419599996],[112.670803787,-7.54603604799997],[112.670804074,-7.54603623499997],[112.670570207,-7.54643666999995],[112.67023279,-7.54696259599993],[112.669499346,-7.54812533599992],[112.669122327,-7.54870987299995],[112.669051042,-7.54875898099995],[112.668954411,-7.54879858399991],[112.668764317,-7.54886194799995],[112.668428485,-7.54896174799994],[112.668308092,-7.54899184599996],[112.668208293,-7.54900134999996],[112.667997606,-7.54897917299995],[112.667679199,-7.54891897599996],[112.667454255,-7.54886828499995],[112.667303764,-7.54882868199996],[112.667112086,-7.54876848599998],[112.667074068,-7.54876056499995],[112.667042385,-7.54875739699996],[112.667007535,-7.54876373299993],[112.666987863,-7.54877356899993],[112.66697725,-7.54880050999998],[112.66697303,-7.54881122999995],[112.666965868,-7.54882940799997],[112.66657512,-7.54982112999995],[112.66597765,-7.55132833999996],[112.66570211,-7.55201070999991],[112.66569035,-7.55203981999993],[112.665654797,-7.55212648099997],[112.665643298,-7.55212270099998],[112.66620173,-7.55298406499998]]]]}},
{"type":"Feature","properties":{"kdkab":"15","kdkec":"030","nmkab":"SIDOARJO","nmkec":"KREMBUNG","kddesa":"005","kdprov":"35","nmdesa":"TANJEG WAGIR","nmprov":"JAWA TIMUR","iddesa":"3515030005"},"geometry":{"type":"MultiPolygon","coordinates":[[[[112.632092026,-7.53354700099992],[112.631598564,-7.53342214999997],[112.6312359,-7.53324378999996],[112.630760274,-7.53295841499993],[112.630582419,-7.53278549999994],[112.63053944,-7.53275495],[112.630479,-7.53271198999991],[112.630447763,-7.53265458399997],[112.630332211,-7.53254224299995],[112.63011818,-7.53214985199998],[112.629921984,-7.53181096899994],[112.629725789,-7.53150181199992],[112.62927989,-7.53122238199995],[112.628833991,-7.53090727999995],[112.628019483,-7.530360311],[112.628017433,-7.53035708899998],[112.6278,-7.53021198999992],[112.627441,-7.52988898999994],[112.627202,-7.52962598999997],[112.626944,-7.52892498999997],[112.626936358437916,-7.528917348437895],[112.626914907017834,-7.528831542757565],[112.626829603426714,-7.528554306086405],[112.626722973937802,-7.528383698904152],[112.626602127183716,-7.528227308987088],[112.626395976838495,-7.528099353600398],[112.626012110678417,-7.527651509746985],[112.625642461783542,-7.527239209056541],[112.625066662543432,-7.52642882494084],[112.624844005709818,-7.525956522566515],[112.624871221225803,-7.525942589707165],[112.624590384159632,-7.525430062061401],[112.624540623731477,-7.525302106674712],[112.624497971935909,-7.525145716757646],[112.624476646038133,-7.525039087268738],[112.624433994242565,-7.524882697351673],[112.624320256121067,-7.52465522110867],[112.623803194156991,-7.523493602449614],[112.623590674,-7.523623909],[112.623575616,-7.52363314199993],[112.62357437,-7.52363108999997],[112.62348499,-7.52348391999994],[112.623482,-7.52347898999994],[112.62344078,-7.52341857499997],[112.62339997,-7.52336267199994],[112.623055142,-7.52296433499992],[112.622836994,-7.52275725299995],[112.622234688,-7.52218549899994],[112.621723391,-7.52151962299995],[112.621654302,-7.52138361799996],[112.62165365,-7.52138198999997],[112.621373,-7.52083098999998],[112.62120825,-7.52065577999997],[112.62132024,-7.52052628999995],[112.62147583,-7.52030173999997],[112.62149675,-7.52026844999994],[112.62150544,-7.52025601999996],[112.62150715,-7.52025357999998],[112.621514317,-7.52024214999998],[112.62152023,-7.52023271999995],[112.62195637,-7.51953709999998],[112.62205729,-7.51937650999998],[112.62279205,-7.51963301999996],[112.62282682,-7.51964515999993],[112.62289023,-7.51935991999995],[112.62296979,-7.51900236999995],[112.622970926,-7.51899726299996],[112.62297194,-7.51899269999997],[112.623018481,-7.51903696699998],[112.62331877,-7.51932258999994],[112.62337316,-7.51937431999993],[112.62413143,-7.52009554999996],[112.62420508,-7.52016540999994],[112.62438203,-7.52033284999994],[112.62453222,-7.52047620999995],[112.62465592,-7.52059496999992],[112.62481658,-7.52075544999997],[112.62489217,-7.5208312199999],[112.62489177,-7.52083193999993],[112.62509553,-7.52101873],[112.6254617,-7.52140792999995],[112.625468988,-7.52141431499996],[112.625226142,-7.52163519899995],[112.625260067,-7.52165382499994],[112.625286757,-7.5216871879999],[112.625320121,-7.52172722399995],[112.625329017,-7.521749466],[112.625364605,-7.52186290099997],[112.625386847,-7.521922955],[112.625413538,-7.52197077499993],[112.625449125,-7.52200636299995],[112.625484713,-7.52205640699998],[112.625516964,-7.52208977099996],[112.62556256,-7.52213203099998],[112.625603708,-7.52217873899998],[112.625645968,-7.52221321499994],[112.625693789,-7.52224657799996],[112.625756067,-7.52225547499997],[112.62583169,-7.52227771699995],[112.625959582,-7.52230440699995],[112.626027421,-7.522325537],[112.626110829,-7.52233777099993],[112.626155313,-7.52234221899996],[112.626199308,-7.52233766799997],[112.6262845,-7.52216832499993],[112.62637597,-7.52225540999998],[112.62670299,-7.52251103999994],[112.62689003,-7.52263127999993],[112.62718661,-7.52282194],[112.627576791,-7.52307508999996],[112.627491885,-7.52324976799998],[112.627555148,-7.52329843199994],[112.627573879,-7.52333589499995],[112.627573879,-7.52333759799995],[112.627568771,-7.52337506],[112.627575582,-7.52347722999998],[112.627592611,-7.52352320699994],[112.627623262,-7.52356237299995],[112.627798654,-7.52366965099996],[112.628193714,-7.52386036999993],[112.628452545,-7.52394721499995],[112.62851555,-7.52397956799994],[112.628544499,-7.52399829999994],[112.628612612,-7.52406300799994],[112.628798222,-7.524156664],[112.628840397132322,-7.524171736906],[112.62889588,-7.52418960899996],[112.629031389,-7.52391362399991],[112.62904624,-7.52392159999994],[112.62919133,-7.52400449999991],[112.62945271,-7.52415879999996],[112.62964501,-7.52427509999995],[112.62992712,-7.52443514999997],[112.63024953,-7.52460556999996],[112.630480496,-7.52474346899994],[112.63056389,-7.52479325999996],[112.63057881,-7.52481884999996],[112.63057893,-7.52481863999996],[112.630584052,-7.52480926599997],[112.630656735,-7.52484944399994],[112.631142047,-7.52402333099997],[112.631143711,-7.52402414499995],[112.631326655,-7.52372149499995],[112.631304973,-7.52367813099993],[112.631261608,-7.52363476599991],[112.631293228,-7.52342878399998],[112.631337497,-7.52325984199996],[112.631483248,-7.52285858599992],[112.63149012,-7.52286043099994],[112.631491626,-7.52285862399998],[112.631584378,-7.52269841599996],[112.631779519,-7.52239486299996],[112.631892505,-7.52219670299994],[112.63189505,-7.52219704999994],[112.631973827441215,-7.522253974804019],[112.632071883432587,-7.522273949172633],[112.632173571127353,-7.522286660134478],[112.632322470966102,-7.522293923541246],[112.632471370804865,-7.522292107689554],[112.632582137758106,-7.522201315104946],[112.63267837789779,-7.52217952488464],[112.63277098633408,-7.52217044562618],[112.632774951334071,-7.522170963626179],[112.63288512,-7.52216265999993],[112.63296936,-7.52222469],[112.63314607,-7.52243559999991],[112.63314695,-7.52243583999995],[112.63314709,-7.522436],[112.633241291922346,-7.522504562337537],[112.633364769837414,-7.522544511074765],[112.633464045110145,-7.522559290139644],[112.633829465110153,-7.522529740139664],[112.63391315704844,-7.522526352557843],[112.634018476446585,-7.52254087937138],[112.634087478810883,-7.522562669591685],[112.634161928730265,-7.522588091515376],[112.63430168,-7.52266087999991],[112.634470623517942,-7.52270793772706],[112.634617707505015,-7.522704306023676],[112.63479778,-7.52271786999997],[112.635057143614546,-7.522809625421822],[112.635158831309298,-7.522844126603973],[112.635260519004063,-7.52286773267597],[112.63546186,-7.52290414],[112.635650927117865,-7.522976683777502],[112.635841591545557,-7.522973052074119],[112.635990491384305,-7.522993026442733],[112.63606233,-7.52304594999992],[112.636170260701817,-7.52314192628149],[112.636324608095649,-7.523152821391644],[112.636458981120867,-7.523131031171339],[112.636595169997776,-7.52309834584088],[112.636685962582391,-7.523118320209493],[112.63677544,-7.52315582999994],[112.63677557,-7.52315585999997],[112.63677578,-7.52315610999993],[112.636836678272843,-7.523205481090716],[112.636880258713447,-7.523238166421175],[112.636940181819298,-7.523281746861787],[112.637034606107292,-7.523292641971941],[112.63710724017497,-7.523239982272868],[112.637167163280822,-7.523207296942409],[112.637247060755271,-7.523180059167026],[112.63731787897126,-7.523187322573794],[112.637323326526342,-7.52325087738302],[112.637326958229721,-7.523332590709168],[112.63733171,-7.52338762999994],[112.63736386,-7.52342052999994],[112.63741979,-7.52344253999997],[112.63746222,-7.52345937],[112.63746235,-7.52345928999993],[112.63746304,-7.52345955999994],[112.637530333619239,-7.523483306399618],[112.637608415241999,-7.523474227141158],[112.637720998046916,-7.523445173514083],[112.637840844258591,-7.52343427840393],[112.637980664838906,-7.523439725959006],[112.638069641571818,-7.523419751590392],[112.638174960969963,-7.523367091891319],[112.638282096219797,-7.523325327302399],[112.638372888804412,-7.523312616340554],[112.638510893533024,-7.523310800488862],[112.638599870265935,-7.523319879747323],[112.638679767740385,-7.523332590709169],[112.638790534693598,-7.523274483455017],[112.638866800464669,-7.523221823755945],[112.63894306623574,-7.523185506722101],[112.639035674672044,-7.523146465910719],[112.63919024,-7.52317832999995],[112.63926369481544,-7.523179105200317],[112.639324943898188,-7.523171116189525],[112.63939817649711,-7.523153806666143],[112.639462088583443,-7.52310853560499],[112.639599899019629,-7.523220381756072],[112.639666474109589,-7.523265652817225],[112.6398235913218,-7.523372172961114],[112.640032678994473,-7.523551473074359],[112.640542193480655,-7.523961349172146],[112.640718825169216,-7.524083632648835],[112.64089319234894,-7.524235354740281],[112.641791070099089,-7.524947542766548],[112.640923852846655,-7.527421922576548],[112.639369620075541,-7.527033780681804],[112.639306530961278,-7.527261256924808],[112.638758058136276,-7.527190750008705],[112.638681566231469,-7.527479150128494],[112.638718053065901,-7.527552998214333],[112.638839009386487,-7.527627309373458],[112.638961317990905,-7.527680666247845],[112.638492544084471,-7.528404006829154],[112.638478193468345,-7.528434163920942],[112.638448059227542,-7.528501128900499],[112.638368956845468,-7.528676074909589],[112.638331289044473,-7.528760618196278],[112.638245071633321,-7.528951049856892],[112.638181454902679,-7.529092931907327],[112.638122023483334,-7.529219328306238],[112.637991520008114,-7.52948906242897],[112.63790187611302,-7.529700822204162],[112.637522777906199,-7.530682778135667],[112.637248653787566,-7.531392825820958],[112.638569125119076,-7.532081081042738],[112.638336646901692,-7.532661151958923],[112.638730262794923,-7.5329279368829],[112.639138050629811,-7.533202558294323],[112.639267877771502,-7.53329026594348],[112.639168373595965,-7.533681420288604],[112.63916480259887,-7.533695458001331],[112.63940449,-7.53387698999996],[112.63954093,-7.53399038999994],[112.640600494158534,-7.534492445709194],[112.640524907594596,-7.534725151624313],[112.641092831455012,-7.534967111814121],[112.641773644245148,-7.535204630281775],[112.642045598711988,-7.535395639613342],[112.642244189314852,-7.535475400586089],[112.642561771959222,-7.535609549415016],[112.642763547849512,-7.535726749765029],[112.642424110643162,-7.536394961228851],[112.642056379,-7.53624617599996],[112.641765058,-7.53627590199996],[112.641647722,-7.53627991399998],[112.64119352,-7.53629544199994],[112.641098,-7.53628498999994],[112.64099975,-7.53626307999997],[112.640829,-7.53622498999995],[112.640813,-7.53622798999992],[112.64057553,-7.53627596999996],[112.64055513,-7.53627994999996],[112.640543338,-7.53628225499995],[112.640398758,-7.53621058999996],[112.640130048,-7.53594757299993],[112.63991576,-7.53577897199994],[112.639579022,-7.53562048699995],[112.639252489,-7.53554293099998],[112.638976976,-7.53544176999998],[112.638708266,-7.53535746999996],[112.63860928,-7.53530513299996],[112.638543298,-7.53529171499995],[112.638242275,-7.535202357],[112.638155539,-7.53515514799993],[112.638044994,-7.53506747599991],[112.637990572,-7.53495114099997],[112.637939551,-7.534828062],[112.637842611,-7.53463417099995],[112.637771182,-7.53454143999993],[112.637711657,-7.53446894099995],[112.63759601,-7.53440318699996],[112.637521179,-7.53436272299994],[112.637417437,-7.53433068799994],[112.637418182,-7.53432902999997],[112.637388419,-7.53432096899996],[112.637314641727301,-7.534300987495348],[112.637163754707487,-7.534859955318778],[112.637031,-7.53478999],[112.636856,-7.53470599],[112.636749,-7.53467198999996],[112.63657984,-7.53462389],[112.636291,-7.53454098999991],[112.635658,-7.53427798999998],[112.634979,-7.53392798999994],[112.634125,-7.53377298999994],[112.633209,-7.53367898999991],[112.63312601,-7.53363571999994],[112.633075398,-7.53360916899996],[112.632853898,-7.53359516599995],[112.632092026,-7.53354700099992]]]]}},
{"type":"Feature","properties":{"kdkab":"15","kdkec":"030","nmkab":"SIDOARJO","nmkec":"KREMBUNG","kddesa":"010","kdprov":"35","nmdesa":"WAUNG","nmprov":"JAWA TIMUR","iddesa":"3515030010"},"geometry":{"type":"MultiPolygon","coordinates":[[[[112.66333961,-7.51514126899993],[112.663250735,-7.515661],[112.663237868,-7.51587758199997],[112.663171393,-7.51606843199995],[112.663096339,-7.51621853899998],[112.663001986,-7.51636435699991],[112.662819714,-7.51678465599997],[112.662737963,-7.51704789499993],[112.662546449,-7.51704367099993],[112.66249149,-7.51699293900001],[112.662583832,-7.51660988799996],[112.661848309,-7.51597300699997],[112.661704636,-7.51502519099994],[112.661454765,-7.51496352100001],[112.66145478,-7.51496347999998],[112.6614483,-7.51496065999992],[112.66131271,-7.51490164999995],[112.66122957,-7.51485568999997],[112.66121824,-7.51483523999995],[112.66116877,-7.51474601999994],[112.66114241,-7.51469847999997],[112.66111799,-7.51464931999992],[112.66111156,-7.51463448999997],[112.66107953,-7.51453979999994],[112.66100177,-7.51451425999994],[112.66074993,-7.51465729999993],[112.66068888,-7.51465462999994],[112.66062241,-7.51464729999998],[112.66054456,-7.51444845999989],[112.66047411,-7.51431501999997],[112.66046892,-7.51430517999996],[112.66039422,-7.51415747999994],[112.66023339,-7.51393610999996],[112.66006153,-7.51389392999994],[112.65964377,-7.51383319999997],[112.6596288,-7.51381657999995],[112.65951445,-7.5136896],[112.65924449,-7.51350368999992],[112.65919402,-7.51340756999993],[112.65919166,-7.51340307599998],[112.65914862,-7.51332110999991],[112.65913837,-7.51330158999996],[112.65912329,-7.51329307],[112.659039005885063,-7.513246522363754],[112.65895576,-7.51319835999993],[112.65880874,-7.51311525999996],[112.65875075,-7.513089],[112.6583041,-7.51305839000001],[112.657940187,-7.51296810499998],[112.65768873,-7.51290571999994],[112.657337349,-7.51281040499995],[112.657322857445408,-7.512806658157977],[112.657304372268172,-7.512826425956944],[112.657070673882117,-7.512849107256112],[112.6568665,-7.51281193999995],[112.65683256,-7.51280374999994],[112.65681468,-7.51280409999993],[112.65662483,-7.51275359999994],[112.65647684,-7.51271787999998],[112.65602283,-7.51288107999994],[112.65593847,-7.51287654],[112.655926894,-7.51287591799996],[112.65584837,-7.51287169999996],[112.65581987,-7.51287016999993],[112.65581233,-7.5128678],[112.65580538,-7.51286761999994],[112.65567841,-7.51282590999995],[112.655678221,-7.51282585099992],[112.655577071,-7.51270736199997],[112.655554894,-7.51259647399996],[112.655564399,-7.51240321199996],[112.655608754,-7.512228959],[112.655789343,-7.51188362299996],[112.655836866,-7.51179807999994],[112.65586538,-7.51171570699996],[112.655855875,-7.51165550999996],[112.655836866,-7.51162382799993],[112.655824193,-7.51160798699993],[112.655786174,-7.51157947299993],[112.655758075,-7.51157420399995],[112.655735483,-7.51156996799993],[112.655637268,-7.51156996799993],[112.655456679,-7.51157630499992],[112.655371137,-7.51155729499995],[112.655298267,-7.511505019],[112.655245992,-7.51145274399996],[112.655201479,-7.51136203899996],[112.655162034,-7.51128165899994],[112.654957683,-7.51069712099998],[112.654916496,-7.51060841100001],[112.654914861,-7.51060622799997],[112.65486027,-7.51053333999996],[112.65482572,-7.51047442000001],[112.65476672,-7.51037256999997],[112.65460084,-7.51011104999994],[112.65456204,-7.51004713000001],[112.65460512,-7.51002821999996],[112.65577737,-7.50734481999993],[112.655859937,-7.50739803999995],[112.65640118,-7.50774686999996],[112.65654428,-7.50783909999997],[112.65661914,-7.50786454999994],[112.65680329,-7.5079512099999],[112.65705324,-7.50807694],[112.65730765,-7.50822448999995],[112.65758353,-7.50826276000001],[112.65808225,-7.50819972999997],[112.658157776665988,-7.508200967022147],[112.65851558,-7.50820682999993],[112.6586973,-7.50821883],[112.65895336,-7.50823574999992],[112.65936091,-7.50836961999996],[112.65970755,-7.50859980999996],[112.66015877,-7.50870730999998],[112.660383833585982,-7.508753616205953],[112.660502147380981,-7.508841191809246],[112.660515847439868,-7.508753616205953],[112.660551265790943,-7.508636628319187],[112.660565218474645,-7.508579744300845],[112.66057487802496,-7.508518567149053],[112.660531946690369,-7.508486368648106],[112.660523360423454,-7.508452023580431],[112.660549655865864,-7.50825346615793],[112.660531946690341,-7.508210534823336],[112.660493845130887,-7.508182092814167],[112.660468086330141,-7.508133258421064],[112.660531410048677,-7.507912162047902],[112.660593798474508,-7.507923431176956],[112.660632327840347,-7.507567252957715],[112.660666161850585,-7.507433171793972],[112.660722972812508,-7.507255420434332],[112.660765636055118,-7.507138320909159],[112.660889655,-7.506870539],[112.661104666246004,-7.507019152456231],[112.661488095,-7.50697056299994],[112.66163085,-7.50679292999996],[112.66165804,-7.50668126999992],[112.66172135,-7.50642130999995],[112.661761736135674,-7.506265744381176],[112.661774028139391,-7.5062665503405],[112.661795417707864,-7.506265832137162],[112.661863775932929,-7.506269367907423],[112.661968670450719,-7.506269367907423],[112.662059421887449,-7.506288225348823],[112.662158423454798,-7.506308261380309],[112.662196138337606,-7.506309439970397],[112.662236210400607,-7.506316511510921],[112.662272746693318,-7.506310618560484],[112.662365855310227,-7.506259939186724],[112.662410641733544,-7.506210438403052],[112.662440178633872,-7.506187116663674],[112.662583506771597,-7.506189096334085],[112.66269595205091,-7.506206121499614],[112.663116434046088,-7.506271054689075],[112.663447434938718,-7.506301145679315],[112.663711918905548,-7.506356576450806],[112.663856038911419,-7.506377165023075],[112.6640555896888,-7.50644051447621],[112.664212379585308,-7.506499112720358],[112.664462609925181,-7.506603639318029],[112.664919739935485,-7.506765630073629],[112.665358212818759,-7.506871686691604],[112.670017411752269,-7.507990189141391],[112.670167563840408,-7.508114600871569],[112.670319860958401,-7.508303363496669],[112.670461432927226,-7.508414905047863],[112.670536508971296,-7.508485691032276],[112.67062244,-7.50856744999994],[112.67050111597905,-7.508678207459589],[112.670380994308516,-7.508791894040614],[112.670181506534263,-7.508957061337576],[112.670018484267132,-7.50909434324674],[112.669887637447459,-7.509188724559289],[112.669716035061015,-7.5092873959315],[112.669636668957281,-7.509390357363372],[112.669574463092189,-7.509493318795244],[112.669514402256937,-7.509600570286777],[112.669432891123378,-7.509694951599326],[112.669317059512522,-7.509800058061029],[112.669224823229783,-7.509890149313916],[112.669175487543683,-7.510020996133587],[112.669156182275202,-7.510177583311226],[112.669102556529438,-7.510278399713267],[112.669029625515194,-7.510377071085478],[112.668915938934163,-7.510548673471932],[112.668772221935512,-7.510683810351264],[112.668562009012106,-7.510915473572976],[112.668360376208014,-7.511125686496383],[112.668224166813772,-7.511346624568942],[112.667789798273077,-7.511971900764581],[112.667242815666256,-7.512791302159897],[112.666833114968611,-7.513404780691469],[112.666751603835039,-7.513576383077923],[112.666672237731305,-7.513668619360642],[112.666618611985541,-7.513747985464376],[112.66654997103096,-7.513784450971498],[112.66648133007638,-7.513861672045402],[112.666408399062135,-7.513928167970152],[112.666331177988226,-7.514069739938977],[112.66626682709331,-7.514228472146447],[112.666221781466874,-7.51436789908544],[112.666268972123149,-7.514530921352571],[112.66633076,-7.51464622999993],[112.666406254032339,-7.514785643644956],[112.666429849360469,-7.51489504016632],[112.666425559300819,-7.514965826150732],[112.666365498465552,-7.515019451896499],[112.666213201347574,-7.514944375852425],[112.666123646352148,-7.514917562979543],[112.66606412177434,-7.514922925554116],[112.66602044,-7.51496070999997],[112.665930057409923,-7.515052699858873],[112.66590002699229,-7.51507629518701],[112.665852836336015,-7.515097745485317],[112.665666218740753,-7.515110615664301],[112.665548242100058,-7.515093455425656],[112.665391654922431,-7.515067715067688],[112.665206484,-7.51503170399995],[112.66519873,-7.51503078999997],[112.66497227,-7.51503164999997],[112.66466184,-7.51500770999996],[112.66436793,-7.51491674999996],[112.66410789,-7.51490936999995],[112.6637805,-7.51483527999996],[112.66359875,-7.51480239999994],[112.66355388,-7.51479427999993],[112.663489534,-7.51477656099995],[112.66333961,-7.51514126899993]]]]}},
{"type":"Feature","properties":{"kdkab":"15","kdkec":"030","nmkab":"SIDOARJO","nmkec":"KREMBUNG","kddesa":"016","kdprov":"35","nmdesa":"CANGKRING","nmprov":"JAWA TIMUR","iddesa":"3515030016"},"geometry":{"type":"MultiPolygon","coordinates":[[[[112.609137484,-7.50687798999996],[112.608781626,-7.50736675799995],[112.608716,-7.50722998999994],[112.608694,-7.50721299],[112.60801882,-7.50692159999993],[112.60801629,-7.50692050999992],[112.607744,-7.50680298999993],[112.60752723,-7.50679542999995],[112.60690996,-7.50677389],[112.60575443,-7.50673357999992],[112.60552744,-7.50668912999994],[112.60544822,-7.50661646999994],[112.605276213,-7.50632837500001],[112.60503,-7.50591598999997],[112.60496531,-7.50582203999994],[112.604402,-7.50500399],[112.60431866,-7.50484742999993],[112.604163,-7.50455498999997],[112.60399075,-7.50428430999996],[112.60397659,-7.50411760999997],[112.60403855,-7.50383554999994],[112.60416809,-7.50344953999997],[112.60416863,-7.50344703999994],[112.60421269,-7.50324361],[112.60423182,-7.50290951999995],[112.604234179,-7.50286829],[112.603659872,-7.50232176999996],[112.60358305,-7.50228246999994],[112.60324136,-7.50194393999991],[112.603017698,-7.50161453899994],[112.603133277,-7.50144571499992],[112.603180801,-7.501391855],[112.603163375,-7.50129680799995],[112.603149118,-7.50123819599995],[112.603149297,-7.50123778899997],[112.603245749,-7.50101800399994],[112.603253996440699,-7.50099762356307],[112.603770091,-7.49972219899997],[112.604026674,-7.49920644199995],[112.604454194151216,-7.498373977019198],[112.604531023,-7.49822512099996],[112.604641354,-7.49801135699995],[112.605027877,-7.49680742999994],[112.605214803,-7.49621813999994],[112.605043718,-7.49615160699992],[112.605680532,-7.49465303499992],[112.606094048,-7.4937607119999],[112.60603745730991,-7.493711682287422],[112.606911062742256,-7.492003060205155],[112.607532173240131,-7.492296003328724],[112.608172761706911,-7.492639813707008],[112.609311185,-7.49035903799996],[112.609330194,-7.49034002899997],[112.609346599480816,-7.490333876782836],[112.60935554,-7.49033052399995],[112.609404647,-7.49034002899997],[112.609449003,-7.49034794999995],[112.609468012,-7.49034161299995],[112.609487021,-7.49032577199994],[112.609511715510735,-7.490205728090723],[112.609591277287521,-7.490092412832851],[112.609643112990597,-7.489969453723244],[112.609732318619152,-7.489838056243372],[112.609826121,-7.48955034799998],[112.612091403,-7.49017765699996],[112.61252545,-7.490313891],[112.613327012,-7.49072259199995],[112.61526476,-7.49174596599991],[112.61523626,-7.49188235999998],[112.6152219,-7.49195107999997],[112.61520546,-7.49204590999991],[112.61517555,-7.49218997999996],[112.6150257,-7.49308505999997],[112.61492088,-7.49373421999998],[112.61492206,-7.49373436999997],[112.6149219,-7.49373534999996],[112.61492116,-7.49373988999997],[112.6149182,-7.49375756999998],[112.61485568,-7.49416075999996],[112.61475035,-7.49477074],[112.61471108,-7.49499653999991],[112.614596,-7.49568493999995],[112.61459473,-7.49569254999995],[112.6145919,-7.49570945999996],[112.61459079,-7.49571611999994],[112.614590785,-7.49571614799995],[112.61434121,-7.49720903999997],[112.61431925,-7.49733783999995],[112.61431169,-7.49738214999997],[112.61291636,-7.49711647999994],[112.61291426,-7.49712370999993],[112.61279195,-7.49754442999995],[112.61258143,-7.49826858999996],[112.61245661,-7.49873603999994],[112.61243286,-7.49882497999994],[112.61243208,-7.49882790199997],[112.61238658,-7.49899827999997],[112.61229019,-7.49935925999997],[112.612267705,-7.49944344199998],[112.61226695,-7.49944627],[112.61226174,-7.49946577999998],[112.61224297,-7.49946357999997],[112.61203605,-7.49943931999996],[112.61201291,-7.49943660999997],[112.61170622,-7.50006958999994],[112.611649762,-7.50018588999996],[112.61158928,-7.50031047999995],[112.61142902,-7.50064056999998],[112.61142376,-7.50065138999997],[112.61142228,-7.50065445999997],[112.611418425,-7.50066240099995],[112.61140712,-7.50068568699996],[112.61120525,-7.50110149999994],[112.61120503,-7.50110196],[112.61120161,-7.50110832999994],[112.61118255,-7.50114386999998],[112.611168215,-7.50117062599997],[112.61116143,-7.50118328999998],[112.610799491,-7.50185871799993],[112.61079874,-7.50186011999995],[112.610535872,-7.50235067299997],[112.60979922,-7.50372537999994],[112.60938175,-7.50464469999997],[112.60883976,-7.50555706999993],[112.60872185,-7.50576459999996],[112.60836939,-7.50639261999994],[112.60895491,-7.50681307],[112.60898454,-7.50683433999996],[112.60898598,-7.50683474999994],[112.609137484,-7.50687798999996]]]]}},
{"type":"Feature","properties":{"kdkab":"15","kdkec":"030","nmkab":"SIDOARJO","nmkec":"KREMBUNG","kddesa":"017","kdprov":"35","nmdesa":"KERET","nmprov":"JAWA TIMUR","iddesa":"3515030017"},"geometry":{"type":"MultiPolygon","coordinates":[[[[112.605945461455278,-7.488225557845627],[112.605796411,-7.48807185099995],[112.605617031,-7.48797811499997],[112.605682808,-7.48790562599991],[112.60569225,-7.48790654699996],[112.605735741,-7.48791079099994],[112.605870391,-7.48790286999998],[112.605986031,-7.48783316899994],[112.606068405,-7.48775079499997],[112.606294933,-7.48745139799997],[112.606347209,-7.487300907],[112.606350377,-7.48707596299996],[112.606347535,-7.48695446599993],[112.606432310788804,-7.486572985362895],[112.606615337930947,-7.486270482169632],[112.606651081249794,-7.48617654382956],[112.606328086999554,-7.485756989354175],[112.606272162039474,-7.485661662717646],[112.606222592188473,-7.485596840604804],[112.606142517813794,-7.485506598055553],[112.606120910442868,-7.485473551488221],[112.606080237744607,-7.485418897549942],[112.606047191177282,-7.485375682808048],[112.606010331544482,-7.485332468066153],[112.605982369064435,-7.485289253324258],[112.605899752646081,-7.485182487491342],[112.605864164035111,-7.485139272749448],[112.605810422,-7.48507687899995],[112.605777063,-7.48504801099998],[112.605691564,-7.48489156699997],[112.605671554,-7.48483153599998],[112.605662459,-7.48477878199998],[112.605667916,-7.48466235899998],[112.60568065,-7.48447135199994],[112.605692919,-7.48435560399998],[112.605717623,-7.48412254600002],[112.605763474,-7.48368999099993],[112.605751582,-7.48366694999994],[112.605719849,-7.48364226799997],[112.605713903,-7.48363764399994],[112.605594755,-7.48353071599994],[112.605493372,-7.48343250100001],[112.605452185,-7.483331118],[112.605430007,-7.48320438899997],[112.605427489,-7.48291989499994],[112.605426839,-7.482846379],[112.605404661,-7.48231411699991],[112.605447146,-7.48197140699995],[112.605452185,-7.48193076099994],[112.60547712,-7.4817752449999],[112.605481248,-7.48174949499997],[112.605568056,-7.48120808999994],[112.60557779,-7.48119652999995],[112.60558441,-7.48105475999993],[112.60558388,-7.48090691999991],[112.60549776,-7.48069925999995],[112.60546947,-7.48064702999993],[112.60541438,-7.48054053999991],[112.60539492,-7.48050196999997],[112.605393671,-7.48049949299995],[112.60538088,-7.48047411999996],[112.60537999,-7.48047235999996],[112.60533868,-7.48039878999998],[112.60528409,-7.48005901999996],[112.60524579,-7.47968642999996],[112.60518747,-7.47944907999991],[112.605137593,-7.47920852099995],[112.605137103,-7.47920500499993],[112.605121539,-7.47915255999992],[112.605038891,-7.47892979799996],[112.60498179,-7.47877975299996],[112.604983364,-7.47877986199996],[112.6049858,-7.47878002999991],[112.604986621,-7.47878008599996],[112.604986745,-7.47878009499995],[112.60507516,-7.47878618999993],[112.60510165,-7.47879137999995],[112.60517599,-7.47882906999997],[112.60526801,-7.47887570999993],[112.605286852,-7.47887884899995],[112.605383492,-7.47891806499996],[112.605468627,-7.47892129799992],[112.605559149,-7.47889435699993],[112.60563674,-7.478829698],[112.605683079,-7.47876503899996],[112.605954647,-7.47833721099993],[112.606004395,-7.47826998499992],[112.606034394,-7.47822944599994],[112.606124916,-7.478158321],[112.60621975,-7.47811305999996],[112.606382475,-7.47807857499995],[112.606408113,-7.47807749999994],[112.606562443,-7.47807103099995],[112.606817846,-7.47803008099993],[112.606992425,-7.47799128499996],[112.60706355,-7.47793955799995],[112.607190713,-7.47782963699998],[112.607365293,-7.47760548599997],[112.607371305,-7.47759346199994],[112.607472491,-7.47747847799994],[112.60759008,-7.47740660999996],[112.607755303,-7.47730564499992],[112.60783,-7.47726],[112.60796,-7.4772],[112.60809,-7.47719],[112.60821424,-7.47719754999994],[112.60844244,-7.47721140999992],[112.6087114,-7.47738028999994],[112.608732993,-7.47740794799997],[112.609024905,-7.47757154699997],[112.60913769,-7.47763521599997],[112.609183168,-7.47767341799994],[112.609210455,-7.47772253399996],[112.609248656,-7.47786442499996],[112.609263209,-7.47812091999996],[112.609279581,-7.47827008699994],[112.609314144,-7.47838105299998],[112.609352346,-7.47852112499993],[112.609416015,-7.47866665399997],[112.609451719,-7.47870400599994],[112.609534257,-7.47879035399995],[112.609632052,-7.47886801399992],[112.609632573,-7.47886786299992],[112.609773449,-7.47895836999993],[112.609919187,-7.47899955699994],[112.610023739,-7.478990052],[112.610129874,-7.478940945],[112.610151715,-7.47893188899995],[112.610194823,-7.47891401499993],[112.610331057,-7.47890609399996],[112.61039759,-7.47891084599996],[112.610470459,-7.47892827199996],[112.610527487,-7.47892193499998],[112.610560753,-7.47891559899995],[112.610625702,-7.47889183699995],[112.610639959,-7.47888391600001],[112.610774609,-7.47870174299994],[112.610967871,-7.47847996699994],[112.611026483,-7.47842135499994],[112.611059749,-7.47837541599993],[112.611091431,-7.47833264499997],[112.611100936,-7.478316804],[112.61111582,-7.47830450799993],[112.611137371,-7.47828670599994],[112.611199151,-7.47827324099994],[112.611287518,-7.47827105899997],[112.611327464,-7.4782700719999],[112.611455778,-7.47828116099995],[112.611736958,-7.47827720099996],[112.61185735,-7.47824076599996],[112.612090215,-7.47813779899997],[112.612934548,-7.477871668],[112.613312507,-7.47779024999994],[112.613376431,-7.47768523199991],[112.613433242,-7.477536103],[112.613604565,-7.47765410899996],[112.61360452,-7.47765414999995],[112.613604446,-7.47765421699995],[112.613615321,-7.47781345199998],[112.613496512,-7.47811284899995],[112.613182858,-7.47882253199998],[112.613119493,-7.47913301799997],[112.613094147,-7.47957656999996],[112.613084896,-7.47967102899997],[112.61309303,-7.47992286999995],[112.61309547,-7.47999835999997],[112.6130976,-7.48006437999992],[112.613097653,-7.48006600699994],[112.6130982,-7.48008279999995],[112.61310077,-7.48016241999994],[112.613101544,-7.48018636999996],[112.6131059,-7.48032112999995],[112.61302679,-7.48077282999998],[112.61301427,-7.48084432999996],[112.613015165,-7.48084473599993],[112.6131029,-7.48088447999995],[112.61344476,-7.481001],[112.61367088,-7.48104777999995],[112.6137226,-7.48107115999995],[112.613746392,-7.48108191499995],[112.61384737,-7.48112755999993],[112.61399528,-7.48119442999996],[112.61405652,-7.48123086999992],[112.61436766,-7.48141606999996],[112.614610065772482,-7.481573607019437],[112.614618838,-7.48157930799992],[112.61485839,-7.48173498999994],[112.61502418,-7.48183717999996],[112.61512511,-7.48189938999995],[112.61520649,-7.48195623999994],[112.61563488,-7.482236],[112.6156965,-7.48227623999996],[112.61574007,-7.48230469],[112.615740468,-7.48230494999995],[112.61578078,-7.48233127999993],[112.61596459,-7.48245130999989],[112.615968301,-7.482452291],[112.616227985,-7.48261684100001],[112.616244359,-7.48262721699996],[112.616245262,-7.48262778899993],[112.61672021,-7.48271076699994],[112.617002633,-7.48279933099995],[112.61717005,-7.48285183099997],[112.617492261,-7.48317129799995],[112.617596875,-7.48321486099996],[112.617757981,-7.48321071199997],[112.618138617,-7.48302369999994],[112.618138436,-7.48302405399991],[112.618136307,-7.48302820799995],[112.618468833,-7.48313810599995],[112.618634123,-7.48316092499994],[112.618807365,-7.483131976],[112.618820336,-7.48312980799997],[112.618910304,-7.48314225499998],[112.619253438,-7.48328124399994],[112.619414157,-7.48337430399994],[112.619521188,-7.48341917700001],[112.619547,-7.48343360999994],[112.61966058,-7.48349712999992],[112.61967261,-7.48350386999991],[112.61968751,-7.48351550999996],[112.619719823,-7.48354074499994],[112.61993447,-7.48370836999993],[112.61993602,-7.48371018999994],[112.62016808,-7.48385457999996],[112.62088031,-7.48470537999997],[112.62098502,-7.48479023999993],[112.62077119,-7.48533789999992],[112.62000736,-7.4890017],[112.62002,-7.48909],[112.62001,-7.48916],[112.62000759,-7.48924875999994],[112.62000543,-7.48932830999997],[112.62004146,-7.48956871999994],[112.62001057,-7.48967816999993],[112.61988782,-7.49011300999998],[112.61979875,-7.49046913999998],[112.6197247,-7.49081268999995],[112.61972239,-7.49082187999996],[112.61971548,-7.49085517999995],[112.61968775,-7.49095976999997],[112.61962326,-7.49121647999997],[112.61959967,-7.49129199],[112.61959003,-7.49132836999996],[112.61958341,-7.49134403999992],[112.6195786,-7.49135945999994],[112.61956206,-7.49139463999998],[112.61955684,-7.491407],[112.61955691,-7.49141552999998],[112.6195627,-7.49148198999993],[112.61952948,-7.49165530999997],[112.61949133,-7.49182926000001],[112.61948139,-7.49187765999997],[112.61928572,-7.49277271999993],[112.61922122,-7.49306019999993],[112.61921227,-7.49309638999997],[112.619193315,-7.49317302899994],[112.61919325,-7.49317328999997],[112.6191417,-7.49338563999992],[112.61910239,-7.49354075999994],[112.61893486,-7.49421822999992],[112.61900489,-7.49422700999995],[112.61900465,-7.49422813999996],[112.61784799,-7.49407716999997],[112.61720649,-7.49400143999998],[112.61697568,-7.49397933999997],[112.6169488,-7.49397676999994],[112.6164733,-7.49391270999996],[112.61604953,-7.49385562999993],[112.61538428,-7.49379585000001],[112.6149219,-7.49373534999996],[112.61492206,-7.49373436999997],[112.61492088,-7.49373421999998],[112.6150257,-7.49308505999997],[112.61517555,-7.49218997999996],[112.61520546,-7.49204590999991],[112.6152219,-7.49195107999997],[112.61523626,-7.49188235999998],[112.61526476,-7.49174596599991],[112.613327012,-7.49072259199995],[112.61252545,-7.490313891],[112.612091403,-7.49017765699996],[112.609826121,-7.48955034799998],[112.609732318619152,-7.489838056243372],[112.609643112990597,-7.489969453723244],[112.609591277287521,-7.490092412832851],[112.609511715510735,-7.490205728090723],[112.609487021,-7.49032577199994],[112.609468012,-7.49034161299995],[112.609449003,-7.49034794999995],[112.609404647,-7.49034002899997],[112.60935554,-7.49033052399995],[112.609346599480816,-7.490333876782836],[112.609331268127406,-7.490327893815653],[112.606082295793414,-7.488783872206549],[112.60614417,-7.48872199799998],[112.606271467,-7.488577108],[112.606297045960673,-7.488553089360177],[112.605962711843901,-7.488244478171268],[112.605945461455278,-7.488225557845627]]]]}},
{"type":"Feature","properties":{"kdkab":"15","kdkec":"030","nmkab":"SIDOARJO","nmkec":"KREMBUNG","kddesa":"019","kdprov":"35","nmdesa":"BALONGGARUT","nmprov":"JAWA TIMUR","iddesa":"3515030019"},"geometry":{"type":"MultiPolygon","coordinates":[[[[112.63937296,-7.50275074999998],[112.63911361,-7.50271129999992],[112.63910716,-7.50271031999997],[112.63909062,-7.5027077999999],[112.6388595,-7.50364530999998],[112.638820523,-7.50380343099995],[112.63881774,-7.50381471999997],[112.63856037,-7.50376246999997],[112.63842814,-7.50373561999989],[112.63831255,-7.50371215999998],[112.63796839,-7.50363580999993],[112.6376401,-7.50355737999998],[112.636714799,-7.50334895699997],[112.63616569,-7.50322527000001],[112.635970768,-7.503181426],[112.63596136,-7.50317930999995],[112.635951907,-7.50317687499997],[112.6359461,-7.50317537999997],[112.63584055,-7.50314822999995],[112.6358405,-7.50314778999996],[112.63584015,-7.50314778999996],[112.63530392,-7.50300596999994],[112.63312958,-7.50243032999998],[112.633078569,-7.50242261499992],[112.63307536,-7.50242212999995],[112.63300282,-7.50241116999998],[112.63258559,-7.50234809999994],[112.63215956,-7.50220475999991],[112.63186904,-7.50217550999997],[112.63186767,-7.5021748],[112.63186674,-7.50217870999996],[112.63171402,-7.50210320999998],[112.63171574,-7.50209640999994],[112.63194544,-7.50118891999993],[112.6320392,-7.50079484999997],[112.63208143,-7.50062628999997],[112.63208642,-7.50060918999995],[112.63211886,-7.50050462999997],[112.632120251,-7.50050015599993],[112.632121261,-7.500496905],[112.632444048075911,-7.50055246336668],[112.632455062834524,-7.500530433849467],[112.632477092351735,-7.500493717987444],[112.632488107110348,-7.500412943090996],[112.632528494558571,-7.50026975122911],[112.632561538834381,-7.500020083367361],[112.632436704903512,-7.50003476971217],[112.632363273179465,-7.500023754953563],[112.632341243662253,-7.499983367505339],[112.632352258420866,-7.499939308470913],[112.632370616351878,-7.499832832471049],[112.632374287938077,-7.499663939505749],[112.632399989041488,-7.499568478264491],[112.632411090327608,-7.499550479270492],[112.632566150040958,-7.499520021112513],[112.632615990663098,-7.499522790035965],[112.63271290298394,-7.499472949413819],[112.63288096683398,-7.499506061299054],[112.633071889316497,-7.499524419230065],[112.633174693730155,-7.49946567385083],[112.633255468626601,-7.499406928471595],[112.633321557178235,-7.49938122736818],[112.633463281239599,-7.499207132762368],[112.633563881867587,-7.498977352885937],[112.633703087834334,-7.498727519572899],[112.63379437,-7.49876321999995],[112.63407455,-7.49888621999998],[112.634996348,-7.49927493000001],[112.63529261,-7.49939985999991],[112.63560813,-7.49957597],[112.63654102,-7.4998572],[112.636600994,-7.49987528999998],[112.63660179,-7.49987552999993],[112.63660606,-7.49987680999994],[112.636694533,-7.49965214899994],[112.63670535,-7.49962467999997],[112.63725912,-7.49821848999995],[112.63768471,-7.49696373999998],[112.63786098,-7.49655918999998],[112.637917193,-7.49646210399996],[112.63792262,-7.49645272999993],[112.637922737,-7.49645275199993],[112.63922929,-7.49669591],[112.6410307,-7.49705913],[112.64176906,-7.49720351999997],[112.64184884,-7.49721911999995],[112.6418562,-7.49722055999995],[112.64194058,-7.49721321999995],[112.64196626,-7.49727925999995],[112.64186353,-7.49741500999997],[112.64157023,-7.49810234999993],[112.64153533,-7.49822668999995],[112.64151568,-7.49829667999992],[112.6422201,-7.49854982999992],[112.64426732,-7.49914785999996],[112.64586135,-7.49959785999995],[112.64596726,-7.49962871999997],[112.646085888,-7.49966328999994],[112.64610373,-7.49966848999996],[112.64587795,-7.50022466999994],[112.64525346,-7.50179555999995],[112.645218193,-7.5018842659999],[112.64516619,-7.50201507],[112.64494606,-7.50222052],[112.64467046,-7.50235661999994],[112.644650273,-7.50236658899996],[112.6444852,-7.50244810999993],[112.644472638,-7.50244297099992],[112.644465869,-7.50255203599996],[112.644193318,-7.50272780899995],[112.643873137,-7.50293768599994],[112.643579417,-7.50311345899996],[112.643476218,-7.50314493999996],[112.643325286,-7.50313852699998],[112.64329099,-7.50313706999997],[112.643066069,-7.50306098899994],[112.64294964,-7.50302688399997],[112.642806749,-7.50292981599994],[112.642669151,-7.50283799399992],[112.642507737,-7.50279077199995],[112.642309278,-7.50277240799994],[112.64218491,-7.50279864199995],[112.642100234,-7.50284848799993],[112.642004974,-7.50294817999998],[112.641907067,-7.50305049499996],[112.641869813247979,-7.503073542276],[112.641764176,-7.50313706999997],[112.641642455,-7.50315018699993],[112.641428119,-7.50315281099996],[112.640880371,-7.50307935399995],[112.639984658,-7.50294949199998],[112.639643308,-7.502911452],[112.639567961,-7.50278041699994],[112.63956486,-7.50277994499994],[112.63937296,-7.50275074999998]]]]}},
{"type":"Feature","properties":{"kdkab":"15","kdkec":"030","nmkab":"SIDOARJO","nmkec":"KREMBUNG","kddesa":"004","kdprov":"35","nmdesa":"KEDUNGRAWAN","nmprov":"JAWA TIMUR","iddesa":"3515030004"},"geometry":{"type":"MultiPolygon","coordinates":[[[[112.64924497,-7.53461479999995],[112.64911608,-7.53465397],[112.64908656,-7.5346886099999],[112.64900438,-7.53478500999994],[112.6489863,-7.53480925999997],[112.64894873,-7.53485964999994],[112.64894857,-7.53485985999993],[112.64913644,-7.53509239999993],[112.64914621,-7.53520432999991],[112.64920924,-7.5352907],[112.6492438,-7.53533805999995],[112.64924384,-7.5353385],[112.64924394,-7.53534008999996],[112.64924751,-7.53539359999997],[112.64939162,-7.53562638999996],[112.64939192,-7.53562687999994],[112.64948973,-7.53571979999998],[112.64953961,-7.5357673],[112.649536208,-7.53599484099993],[112.64953612,-7.53600072999996],[112.64672192,-7.53478206999996],[112.646721488,-7.53478286499996],[112.645337051,-7.53733415899996],[112.645324463,-7.537359207],[112.645282721,-7.53742327399992],[112.645168359,-7.53732074299996],[112.645007806,-7.53717253899993],[112.644810201,-7.53703668599997],[112.644699534,-7.53696626199998],[112.644694878,-7.53697830799994],[112.644404779,-7.53685259799995],[112.644054006,-7.53681098099997],[112.643709177,-7.53685259799995],[112.64347731,-7.53685259799995],[112.643084919,-7.53671585599994],[112.642686582,-7.53652560599994],[112.642424110643162,-7.536394961228851],[112.642763547849512,-7.535726749765029],[112.642561771959222,-7.535609549415016],[112.642244189314852,-7.535475400586089],[112.642045598711988,-7.535395639613342],[112.641773644245148,-7.535204630281775],[112.641092831455012,-7.534967111814121],[112.640524907594596,-7.534725151624313],[112.640600494158534,-7.534492445709194],[112.63954093,-7.53399038999994],[112.63940449,-7.53387698999996],[112.63916480259887,-7.533695458001331],[112.639168373595965,-7.533681420288604],[112.639267877771502,-7.53329026594348],[112.639138050629811,-7.533202558294323],[112.638730262794923,-7.5329279368829],[112.638336646901692,-7.532661151958923],[112.638569125119076,-7.532081081042738],[112.637248653787566,-7.531392825820958],[112.637522777906199,-7.530682778135667],[112.63790187611302,-7.529700822204162],[112.637991520008114,-7.52948906242897],[112.638122023483334,-7.529219328306238],[112.638181454902679,-7.529092931907327],[112.638245071633321,-7.528951049856892],[112.638331289044473,-7.528760618196278],[112.638368956845468,-7.528676074909589],[112.638448059227542,-7.528501128900499],[112.638478193468345,-7.528434163920942],[112.638492544084471,-7.528404006829154],[112.638961317990905,-7.527680666247845],[112.638839009386487,-7.527627309373458],[112.638718053065901,-7.527552998214333],[112.638681566231469,-7.527479150128494],[112.638758058136276,-7.527190750008705],[112.639306530961278,-7.527261256924808],[112.639369620075541,-7.527033780681804],[112.640923852846655,-7.527421922576548],[112.641791070099089,-7.524947542766548],[112.642664038252093,-7.525541976333782],[112.644031801583949,-7.526443250847151],[112.64459792879083,-7.526882565559696],[112.645313513580348,-7.527371699466449],[112.645807176504746,-7.52760267936686],[112.645942081589425,-7.527398217822414],[112.64624001,-7.52745228999995],[112.64637533,-7.52748578999996],[112.64639938,-7.52749166999998],[112.64663941,-7.52755114],[112.6474592,-7.52775403999992],[112.64776123,-7.52782840999994],[112.64908582862266,-7.528147806892894],[112.649032926401802,-7.5283784065098],[112.64903650499248,-7.528454401635705],[112.649702052,-7.52856526699996],[112.650376301,-7.52868930299996],[112.653446547,-7.529329622],[112.653589495,-7.52935943399996],[112.653565518,-7.52943423299995],[112.653500429,-7.52974080599997],[112.653464917,-7.52990806699996],[112.652871676,-7.53270225899996],[112.652858362921407,-7.532781080394512],[112.652771442110833,-7.533310883430391],[112.652752816222872,-7.533428157539893],[112.65272021291014,-7.533623125349922],[112.652723565,-7.53362241299992],[112.652662444,-7.53393382299993],[112.652447738,-7.53503643399997],[112.652411102,-7.535034416],[112.652344971,-7.53506716799994],[112.651568133,-7.53520650699996],[112.65156788,-7.53520655199996],[112.651540049,-7.53520855199996],[112.651145486997137,-7.535153348497849],[112.650714995,-7.53509311799998],[112.650568662,-7.53507264499994],[112.649745360680001,-7.53474763785601],[112.649464603,-7.53464048799995],[112.649285425,-7.53460730399995],[112.649251601,-7.53461357100001],[112.64924497,-7.53461479999995]]]]}},
{"type":"Feature","properties":{"kdkab":"15","kdkec":"030","nmkab":"SIDOARJO","nmkec":"KREMBUNG","kddesa":"007","kdprov":"35","nmdesa":"GADING","nmprov":"JAWA TIMUR","iddesa":"3515030007"},"geometry":{"type":"MultiPolygon","coordinates":[[[[112.642664038252093,-7.525541976333782],[112.641791070099089,-7.524947542766548],[112.64089319234894,-7.524235354740281],[112.640718825169216,-7.524083632648835],[112.640542193480655,-7.523961349172146],[112.640032678994473,-7.523551473074359],[112.6398235913218,-7.523372172961114],[112.639666474109589,-7.523265652817225],[112.639599899019629,-7.523220381756072],[112.639462088583443,-7.52310853560499],[112.639552630705751,-7.523073916558226],[112.639599899019643,-7.523043292016855],[112.639697098650927,-7.522867533779437],[112.63978294246796,-7.522653301535467],[112.63959643596236,-7.52263485583711],[112.63887500420438,-7.522577469219998],[112.638223256195758,-7.522536478779204],[112.637924025977966,-7.522472943595972],[112.638210959063528,-7.520724701296101],[112.638251949504323,-7.520532046224368],[112.638252737504331,-7.520527109224408],[112.638354425606295,-7.519880298215741],[112.638403614135228,-7.519572869909784],[112.638563989234825,-7.518443070885391],[112.638590633021337,-7.518295505298533],[112.63862137585194,-7.518180732064309],[112.638641871072338,-7.518082355006403],[112.638693109123338,-7.517912244677107],[112.638730000520056,-7.517725738171494],[112.638785337615118,-7.51746954791653],[112.638847335656806,-7.517214382422591],[112.638867318496693,-7.517163144371595],[112.638877374584865,-7.517143662000346],[112.638930341299385,-7.517067329216228],[112.638964158413046,-7.516965877875253],[112.639014371703027,-7.516785519935745],[112.639066122134523,-7.516621045792045],[112.639188068695901,-7.516254181346908],[112.639265950533428,-7.516010288224163],[112.639308990496261,-7.515844276938934],[112.639364327591338,-7.515686463741863],[112.639425813252529,-7.515495858192155],[112.639530338876554,-7.515180231798014],[112.63971274633812,-7.514579721840334],[112.639731192036479,-7.514512087613016],[112.639909500453939,-7.514553078053816],[112.640173888797079,-7.514612514192972],[112.640678071218872,-7.514739584559444],[112.641235541213732,-7.514864605403876],[112.64157576187236,-7.51495683389567],[112.641790961686539,-7.515008071946667],[112.641989765324411,-7.515055210953585],[112.642280797454049,-7.51511874613682],[112.642477551569897,-7.515165885143738],[112.642631265722898,-7.515202776540456],[112.642721444692654,-7.515186380364137],[112.642854663625243,-7.515131043269061],[112.643006328256192,-7.515081854740104],[112.64322694,-7.51508138],[112.64327876,-7.51509557999998],[112.64335921,-7.51511773999991],[112.6435955,-7.51518297999998],[112.644055725,-7.51527807399998],[112.64434962,-7.5153387999999],[112.64436264,-7.5153415],[112.6445896,-7.51548267999996],[112.6445897,-7.51548273999994],[112.64483931,-7.51565926999997],[112.64516743,-7.51584022],[112.64516759,-7.51584030999992],[112.64516809,-7.51584058999995],[112.64520258,-7.51585941999997],[112.64524972,-7.51588386],[112.64530563,-7.51591255999997],[112.64534381,-7.51593213999998],[112.64535918,-7.51594001999998],[112.645360297,-7.51594059299992],[112.64581805,-7.51617528999997],[112.64666609,-7.5163399599999],[112.64734637,-7.51661822999995],[112.647445827,-7.51663351699998],[112.64759893,-7.51665704999994],[112.64783819,-7.51669356999998],[112.64783859,-7.51669389999998],[112.64784369,-7.51669812999992],[112.6479476,-7.51678426999993],[112.64800931,-7.51683541999993],[112.64801616,-7.516841099],[112.64805929,-7.51687685999998],[112.64822389,-7.51701305999996],[112.64825537,-7.51710361999994],[112.64834161,-7.51720055999991],[112.64834244,-7.51720104999993],[112.64842416,-7.5172484199999],[112.64844519,-7.51726791999996],[112.64846691,-7.517288],[112.64847926,-7.51730453999995],[112.64851582,-7.51735302],[112.64858718,-7.51737966999995],[112.648695824259931,-7.517514515770696],[112.648911266308303,-7.517554992761601],[112.64908166138288,-7.517633335324646],[112.64924226363712,-7.517672506606169],[112.649355860353538,-7.517736486365989],[112.649464234232425,-7.517776963356897],[112.649577830948843,-7.517786103322585],[112.649724070399856,-7.517857917338709],[112.649845501372567,-7.517893171492079],[112.649926455354375,-7.517932342773602],[112.650028300686344,-7.517967596926971],[112.650134063146467,-7.518000239661574],[112.650262022666098,-7.518006768208495],[112.650356033741744,-7.518042022361865],[112.650443516270485,-7.518092945027844],[112.650529693089851,-7.518079235079308],[112.650644595515658,-7.518093597882533],[112.650691601053467,-7.518138644856283],[112.650674626831474,-7.51815039624074],[112.650664507583741,-7.518166717608043],[112.65059216,-7.51875153000001],[112.65059281,-7.51876633999996],[112.65060632,-7.51907439999996],[112.6505556,-7.51935229999998],[112.65056295,-7.5198928099999],[112.65056456,-7.52001103000001],[112.65055799,-7.52024965999993],[112.65055318,-7.52042441999992],[112.65057082,-7.52084612999993],[112.65057207,-7.52087595999997],[112.650572568,-7.520894379],[112.65057277,-7.52090184999995],[112.6505735,-7.52092918999998],[112.65057435,-7.52093039999993],[112.65057452,-7.52093454999996],[112.65068076,-7.52108304999995],[112.65068405,-7.52108775999993],[112.65069347,-7.52120640999994],[112.65070502,-7.52131092999996],[112.65070508,-7.52131163999994],[112.65068849,-7.52134448999995],[112.65063467,-7.52143808999992],[112.65052057,-7.52148285999995],[112.65051831,-7.52148361],[112.65049456,-7.52153675999995],[112.65044162,-7.52165520999994],[112.65044136,-7.52165838999998],[112.65044133,-7.52165873999996],[112.65042898,-7.52181034999994],[112.65042446,-7.52186575999995],[112.650384407,-7.52193281899998],[112.650501596,-7.52196558799994],[112.650240516,-7.52234743199996],[112.650175158,-7.522383717],[112.650053158,-7.52240945099993],[112.65003388,-7.52245157999994],[112.65003178,-7.52245616999995],[112.649994138688911,-7.522522301245223],[112.649955712,-7.522589812],[112.6499181,-7.52265588999996],[112.64985317,-7.52264491999995],[112.6497917,-7.52263355],[112.64972275,-7.52262080000002],[112.64971978,-7.52262248999995],[112.64970973,-7.52262823999994],[112.64966237,-7.52265531999998],[112.64953977,-7.52268493999998],[112.64952665,-7.52268810999994],[112.649394883,-7.52266419599993],[112.649334331,-7.52265320599997],[112.64931176,-7.52264911],[112.64931008,-7.52264880999996],[112.647888943,-7.52475096599995],[112.645942081589425,-7.527398217822414],[112.645807176504746,-7.52760267936686],[112.645313513580348,-7.527371699466449],[112.64459792879083,-7.526882565559696],[112.644031801583949,-7.526443250847151],[112.642664038252093,-7.525541976333782]]]]}}
]
}
