{
"type": "FeatureCollection",
"name": "kdkec_140",
"crs": { "type": "name", "properties": { "name": "urn:ogc:def:crs:OGC:1.3:CRS84" } },
"xy_coordinate_resolution": 1e-15,
"features": [
{"type":"Feature","properties":{"kdkab":"15","kdkec":"140","nmkab":"SIDOARJO","nmkec":"WARU","kddesa":"007","kdprov":"35","nmdesa":"TAMBAK SAWAH","nmprov":"JAWA TIMUR","iddesa":"3515140007"},"geometry":{"type":"MultiPolygon","coordinates":[[[[112.767217469,-7.36667106125056],[112.76726341,-7.36659240225065],[112.76730405,-7.36652256225074],[112.76744652,-7.36627769225092],[112.76744721,-7.3662777322509],[112.76749927,-7.36618914225103],[112.76765186,-7.36592950225129],[112.767673978,-7.36589445225129],[112.76768901,-7.36587063225134],[112.76740446,-7.3659220222513],[112.767403536,-7.36591777325129],[112.767280168,-7.36535065225177],[112.767277919,-7.36534031225186],[112.7672663,-7.36528690225185],[112.767207175,-7.36486561925224],[112.76720555,-7.3648540412523],[112.76720553,-7.36485390225229],[112.76719696,-7.36479285225237],[112.767221494202047,-7.364162038515098],[112.767411006190827,-7.364163234174333],[112.767413416,-7.364083710253],[112.767408407179914,-7.363627039589844],[112.767427529,-7.36345338825355],[112.767447437,-7.36319458925379],[112.767452983,-7.36312249425382],[112.767423770734993,-7.36311981649373],[112.767421728626999,-7.36311962930267],[112.767426901863999,-7.36302039721078],[112.767293610777998,-7.36301261378969],[112.767291664922993,-7.36307196237546],[112.767075766488006,-7.36306281413671],[112.767086067215743,-7.362883126476427],[112.766902626662571,-7.362868093277639],[112.766913997141529,-7.362745920428668],[112.766704494240628,-7.362723055782264],[112.766711806195602,-7.362558695749922],[112.766549468709073,-7.362546891447911],[112.766558619124979,-7.362384144764994],[112.766318747507995,-7.362374340747951],[112.766336152870508,-7.362222464821348],[112.76616776564552,-7.362207672458217],[112.766171687252339,-7.362057344196889],[112.766043581429642,-7.362040350567347],[112.766061882261454,-7.361867799867388],[112.765849404,-7.36185617425506],[112.765852241,-7.36182969325512],[112.76584935,-7.36182944225507],[112.76585234,-7.36180851225509],[112.76586647,-7.36155844225531],[112.765869756845888,-7.361490177578609],[112.7658708,-7.36146851225539],[112.76587839,-7.36135041225547],[112.76587829,-7.36135031225548],[112.76588489,-7.36133091225552],[112.76586539,-7.36130491225557],[112.76575372,-7.36120649225568],[112.765753796,-7.36119557825565],[112.76575392,-7.36117778225568],[112.76575664,-7.36079280225603],[112.7656711,-7.36076373225605],[112.7655345,-7.36071731225606],[112.76554734,-7.3606845222561],[112.76594926,-7.35965776225706],[112.76602859,-7.35945507225729],[112.76658017,-7.35968691225706],[112.76658078,-7.35968526125704],[112.76658576,-7.35967177225703],[112.76739695,-7.3574723322591],[112.76743773,-7.35736174225919],[112.767442592,-7.35734856025918],[112.76785783,-7.35613650226029],[112.76786673,-7.35611187226035],[112.76828407,-7.35626285226022],[112.768770145910068,-7.3564263292205],[112.768870465012498,-7.356460068522499],[112.76923837,-7.35658380225993],[112.769871030385772,-7.356808836117977],[112.76994018,-7.35683343225964],[112.770723831,-7.35710207325943],[112.77089305,-7.3571600822594],[112.77135094,-7.35731842225923],[112.772014098,-7.35755785225896],[112.77255201,-7.35775206225883],[112.77260079,-7.35777111225881],[112.77275732,-7.35782933225876],[112.77280445,-7.35784686225872],[112.77298507,-7.35790931225872],[112.77306051,-7.35793580225866],[112.77320182,-7.3579876682586],[112.77333765,-7.35803752225852],[112.7733968,-7.35805632225856],[112.77339644,-7.35805728225859],[112.773934111,-7.35823004625836],[112.774160336,-7.35830273725829],[112.7742971,-7.35834668225828],[112.77429794,-7.35834401225828],[112.774305753,-7.35834655825826],[112.774354449,-7.35816259625847],[112.775203259,-7.35825553125835],[112.775134411,-7.35861659225801],[112.77516096,-7.35862524225798],[112.77561842,-7.35876591225787],[112.77595901,-7.35888120325776],[112.77596264,-7.35888243225781],[112.77603089,-7.35890554225778],[112.77685712,-7.3591681422575],[112.777296946487311,-7.359311115036914],[112.77750701,-7.35937820225727],[112.77756,-7.35940999225727],[112.777716290941996,-7.35951639912741],[112.777883186,-7.35966394525695],[112.77797732,-7.35975446225689],[112.77827963,-7.35994917225681],[112.7786491,-7.3601731052566],[112.779245131207361,-7.360477113222115],[112.77956316,-7.36062920225617],[112.779929616068003,-7.36079223677799],[112.78014344,-7.36092382225589],[112.7802243,-7.36097698225581],[112.780311547571003,-7.36105343797727],[112.780355488251004,-7.36078763287773],[112.780355319,-7.3607461452561],[112.780378855,-7.36054216325625],[112.780516151,-7.36042448125636],[112.780653745206664,-7.360368755592196],[112.780908425,-7.36026561025653],[112.781361501,-7.36004005225671],[112.781858904388372,-7.359731736859571],[112.781858819388361,-7.35973158485954],[112.781863002388363,-7.359729384859529],[112.78229299,-7.35993346725681],[112.782629293,-7.36019433725656],[112.782858734,-7.36037977525636],[112.783120197160642,-7.360637970146789],[112.783361617,-7.36087637225597],[112.783600486,-7.36107124025578],[112.783683144,-7.36114473225564],[112.78374,-7.36113999225574],[112.783745374927719,-7.36113999225574],[112.78379171,-7.36113999225574],[112.78384,-7.36113999225574],[112.78392,-7.3611299922557],[112.784,-7.36110999225572],[112.7841,-7.36107999225577],[112.78418,-7.36103999225579],[112.78423,-7.36100999225579],[112.78429,-7.36097999225582],[112.78438,-7.36092999225586],[112.78445,-7.36088999225591],[112.78453,-7.36084999225595],[112.7846,-7.36080999225603],[112.78466,-7.36077999225605],[112.78472,-7.36074999225606],[112.78477,-7.36071999225609],[112.78483,-7.36069999225609],[112.78489,-7.36066999225617],[112.78495,-7.36064999225617],[112.785,-7.36061999225615],[112.78506,-7.36059999225618],[112.78515,-7.36056999225619],[112.78523,-7.36053999225627],[112.78529,-7.36051999225625],[112.78538,-7.36049999225628],[112.78549,-7.36046999225633],[112.78556,-7.36045999225628],[112.78563,-7.36044999225635],[112.78574,-7.36042999225635],[112.78582,-7.36043999225631],[112.785883262,-7.36044902925633],[112.78589,-7.36044999225635],[112.78596,-7.3604899922563],[112.78602,-7.36053999225627],[112.78607,-7.36057999225624],[112.78612,-7.36061999225615],[112.78617,-7.3606599922561],[112.78623,-7.36070999225606],[112.78629,-7.36076999225602],[112.78635,-7.36081999225595],[112.78641,-7.36087999225595],[112.78648,-7.36094999225588],[112.786502484278003,-7.36097247653394],[112.78655,-7.3610199922558],[112.78662,-7.36108999225572],[112.78669,-7.36116999225567],[112.78676,-7.36123999225557],[112.78682,-7.36130999225556],[112.78689,-7.36137999225548],[112.78695,-7.36144999225537],[112.78702,-7.36150999225533],[112.78707,-7.36155999225529],[112.78713,-7.3616099922552],[112.78718,-7.36164999225524],[112.78723,-7.36168999225517],[112.78728,-7.36171999225513],[112.78734,-7.36175999225514],[112.7874,-7.3617999922551],[112.78747,-7.36182999225502],[112.78755,-7.36185999225505],[112.78761,-7.36187999225501],[112.78768,-7.36189999225497],[112.78774,-7.36190999225496],[112.78781,-7.36190999225496],[112.78788,-7.36190999225496],[112.78797,-7.36189999225497],[112.78804,-7.36188999225499],[112.78813,-7.36187999225501],[112.78821,-7.36186999225502],[112.78829,-7.36183999225508],[112.7884,-7.36180999225508],[112.78847,-7.36178999225506],[112.78853,-7.36176999225514],[112.78861,-7.36173999225513],[112.78871,-7.36168999225517],[112.78878,-7.36164999225524],[112.78883,-7.36161999225524],[112.78888,-7.3615899922553],[112.78893,-7.36154999225535],[112.78898,-7.36150999225533],[112.78904,-7.36147999225538],[112.78909,-7.36143999225542],[112.78916,-7.36137999225548],[112.78923,-7.36132999225552],[112.78929,-7.36128999225552],[112.78937,-7.36123999225557],[112.78944,-7.36120999225566],[112.78949,-7.36117999225562],[112.78956,-7.36116999225567],[112.78964,-7.36114999225568],[112.78972,-7.36113999225574],[112.78978,-7.36113999225574],[112.78984,-7.36114999225568],[112.78993,-7.36116999225567],[112.79001,-7.36119999225563],[112.79008,-7.36122999225565],[112.79015,-7.36124999225556],[112.79024,-7.36128999225552],[112.79034,-7.36132999225552],[112.79044,-7.36136999225549],[112.79055,-7.36141999225541],[112.79065,-7.3614599922554],[112.79075,-7.36150999225533],[112.79085,-7.36154999225535],[112.79093,-7.3615899922553],[112.791,-7.36161999225524],[112.79108,-7.36165999225525],[112.79116,-7.36170999225517],[112.79122,-7.36174999225512],[112.79128,-7.3617999922551],[112.79132,-7.36184999225504],[112.79137,-7.36189999225497],[112.79142,-7.36195999225493],[112.79147,-7.36200999225485],[112.79153,-7.36207999225481],[112.79159,-7.36214999225473],[112.79167,-7.36222999225469],[112.79172,-7.36227999225462],[112.79179,-7.36233999225462],[112.79186,-7.36239999225459],[112.79194,-7.36243999225447],[112.791950029,-7.36244500725448],[112.7919819,-7.36246094225445],[112.79202,-7.36247999225442],[112.79211,-7.36249999225441],[112.79218,-7.3625299922544],[112.79225,-7.36253999225443],[112.79232,-7.36254999225437],[112.7923286,-7.36255106225438],[112.7924,-7.36255999225438],[112.7925,-7.36256999225438],[112.79261,-7.36257999225439],[112.79273,-7.36258999225437],[112.79285,-7.36259999225431],[112.79297,-7.36260999225433],[112.7931,-7.3626199922543],[112.79322,-7.36262999225431],[112.79334,-7.36263999225429],[112.79346,-7.3626499922543],[112.79357,-7.36265999225426],[112.79368,-7.36265999225426],[112.79378,-7.36266999225431],[112.79387,-7.36267999225428],[112.79396,-7.36268999225426],[112.79405,-7.36269999225425],[112.79413,-7.36270999225421],[112.7942,-7.36271999225424],[112.79428,-7.36272999225423],[112.79435,-7.36273999225423],[112.79443,-7.36275999225421],[112.7945,-7.36276999225419],[112.79458,-7.36278999225418],[112.79467,-7.36280999225417],[112.79476,-7.36282999225415],[112.79486,-7.36284999225418],[112.79497,-7.36286999225406],[112.79508,-7.36288999225407],[112.79516615,-7.3629043522541],[112.795172787,-7.36290545825411],[112.7952,-7.36290999225402],[112.79531,-7.36292999225405],[112.79541,-7.36294999225403],[112.7955,-7.36296999225402],[112.79559,-7.36298999225398],[112.79569,-7.36299999225396],[112.79576,-7.36301999225396],[112.79584,-7.36303999225393],[112.79591,-7.36306999225392],[112.79597,-7.36309999225391],[112.79605,-7.36314999225386],[112.79611,-7.36317999225382],[112.79617,-7.36321999225376],[112.79623,-7.36325999225374],[112.79629,-7.3632999922537],[112.79637,-7.36334999225368],[112.79645,-7.36340999225357],[112.7965,-7.36346999225354],[112.79655,-7.36349999225349],[112.79661,-7.36354999225349],[112.79668,-7.36360999225337],[112.79673,-7.36365999225332],[112.79678,-7.36369999225332],[112.79683,-7.36374999225324],[112.79689,-7.36380999225321],[112.79695,-7.36385999225315],[112.79701,-7.36392999225308],[112.79708,-7.36398999225304],[112.79715,-7.36405999225301],[112.79723,-7.36412999225288],[112.79731,-7.36420999225284],[112.79739,-7.3642799922528],[112.79747,-7.36435999225272],[112.79755,-7.36443999225263],[112.79764,-7.36451999225255],[112.79773,-7.3645999922525],[112.79783,-7.36468999225239],[112.79795,-7.36478999225235],[112.79808,-7.36489999225226],[112.79824,-7.36502999225205],[112.79842,-7.36516999225198],[112.79863905,-7.36533926225179],[112.79861782,-7.36534342225181],[112.79846432,-7.36540800225177],[112.79818304,-7.36556264225161],[112.79803229,-7.36566385225146],[112.79802,-7.36566999225154],[112.79794,-7.36571999225147],[112.79787,-7.36576999225144],[112.7978,-7.36580999225138],[112.79774,-7.36584999225136],[112.79769,-7.36587999225128],[112.79763,-7.3659199922513],[112.79757,-7.36595999225124],[112.79751,-7.36599999225119],[112.79745,-7.36603999225115],[112.79738,-7.36607999225115],[112.7973,-7.3661399922511],[112.79723,-7.36618999225104],[112.79715,-7.36623999225095],[112.79709,-7.36627999225093],[112.79704,-7.36630999225091],[112.79698,-7.36634999225089],[112.79693,-7.36637999225084],[112.79686,-7.36641999225081],[112.79679,-7.36646999225076],[112.79673,-7.36650999225072],[112.79666,-7.36654999225072],[112.79661,-7.36657999225066],[112.79654,-7.36661999225066],[112.79647,-7.36666999225061],[112.79641,-7.36670999225054],[112.79633,-7.36675999225052],[112.79625,-7.36681999225042],[112.79618,-7.36686999225038],[112.79612,-7.36689999225036],[112.79605,-7.36694999225034],[112.79598,-7.36700999225024],[112.79591,-7.36705999225027],[112.79585,-7.36709999225021],[112.79579,-7.36714999225019],[112.79572,-7.36718999225009],[112.79571825,-7.36719174225011],[112.79563983,-7.36723585225002],[112.79556009,-7.36731992224996],[112.79556,-7.36731999224998],[112.79548,-7.36738999224992],[112.79541,-7.3674499922499],[112.79535,-7.36749999224982],[112.7953,-7.3675399922498],[112.79524,-7.36758999224973],[112.79518,-7.36763999224968],[112.7951,-7.36770999224962],[112.79501,-7.36777999224954],[112.79494,-7.36782999224953],[112.79485,-7.36787999224949],[112.79476,-7.36793999224944],[112.79467,-7.36797999224936],[112.79462114,-7.36800713224938],[112.79459225,-7.36802039224937],[112.79450525,-7.36805802224926],[112.7945,-7.36805999224931],[112.79443,-7.36808999224927],[112.79442132,-7.36809433224931],[112.79434645,-7.36812672224926],[112.7943,-7.3681399922492],[112.79422,-7.36816999224925],[112.79415,-7.36818999224921],[112.79409,-7.36820999224919],[112.79349,-7.36834999224906],[112.79326,-7.36825],[112.793158596,-7.36821910424916],[112.79216732,-7.36791716999994],[112.79203478,-7.36787679899993],[112.79122,-7.36760999224974],[112.79092,-7.36743999224984],[112.79054,-7.36725],[112.790226564,-7.36713371425018],[112.78992,-7.36702],[112.78957,-7.36719],[112.78948,-7.36715999225013],[112.78944,-7.36708999225021],[112.78932,-7.36689999225036],[112.78907,-7.36669],[112.78881,-7.36656],[112.78852,-7.36648],[112.78812,-7.36646],[112.788,-7.36651],[112.7879,-7.36659999225064],[112.78778,-7.3667],[112.78771,-7.36665999225063],[112.78756,-7.36649],[112.7874,-7.36638999225087],[112.7871,-7.36627],[112.78695,-7.36623999225095],[112.78682,-7.36629],[112.78661,-7.36649999225076],[112.786600751,-7.36649479699996],[112.78629,-7.36631999225093],[112.78612,-7.36621999225098],[112.78601,-7.36620999225102],[112.7859,-7.36624],[112.78573,-7.36629999225094],[112.78557,-7.36627],[112.78521,-7.36616],[112.78492,-7.36616999225105],[112.78474,-7.3661399922511],[112.78462,-7.36611],[112.78436,-7.36613],[112.78418993,-7.36608996999995],[112.78413466,-7.36606940999997],[112.78376,-7.36593],[112.78359,-7.36595],[112.783531126,-7.36595981699995],[112.78339214,-7.36598297225121],[112.78329,-7.366],[112.78291,-7.36602],[112.78276,-7.36599999225119],[112.78263798,-7.36595728999994],[112.78237,-7.36587],[112.78212,-7.36577999225144],[112.78198,-7.36572999225144],[112.78175,-7.36571999225147],[112.78142,-7.36575],[112.78112,-7.36583],[112.78095992,-7.36587],[112.78047,-7.36586999225136],[112.78014,-7.36594],[112.779893549,-7.36594849799997],[112.77985,-7.36594999225124],[112.779486784,-7.36599656599998],[112.77946,-7.36599999225119],[112.77938,-7.36593],[112.77917,-7.3656599922515],[112.77896,-7.36541999225176],[112.778871747877815,-7.365335271694289],[112.778757277,-7.36534545499995],[112.778639344426139,-7.365323102248589],[112.778508973,-7.3652891099999],[112.77841,-7.36525999225193],[112.778264124,-7.36516080399996],[112.77805502076184,-7.364966676061079],[112.77764,-7.36473],[112.77739,-7.3646],[112.777277489,-7.36454518699997],[112.776999383636579,-7.364409883548771],[112.7767261,-7.36432196100001],[112.77672,-7.36432],[112.776430053340135,-7.364300431000846],[112.776097377732597,-7.364333366141367],[112.77572,-7.36434999225274],[112.77499,-7.36445999225262],[112.774865761,-7.3644870992526],[112.774708344,-7.36452144899992],[112.77444,-7.36458],[112.77416,-7.36462999225251],[112.77376791,-7.36468880225243],[112.77356,-7.36471999225244],[112.77275,-7.36488999225226],[112.772515538439009,-7.364931021028705],[112.772408065,-7.3649498292522],[112.77235,-7.36495999225214],[112.77219266,-7.36499745999994],[112.77199494,-7.36504453225206],[112.77172,-7.36510999225201],[112.77163,-7.36512],[112.771063826,-7.3652216122519],[112.770952175,-7.36570203225149],[112.770793132,-7.36629629125091],[112.770749011,-7.36645377825079],[112.770634433,-7.36686276099993],[112.770464373,-7.36735841599996],[112.770302552,-7.36732425299991],[112.769616978,-7.36717951125011],[112.769495754422564,-7.367158957902313],[112.76920891,-7.36711120225018],[112.769021164,-7.36706904125021],[112.767907435,-7.36684448325038],[112.767217469,-7.36667106125056]]]]}},
{"type":"Feature","properties":{"kdkab":"15","kdkec":"140","nmkab":"SIDOARJO","nmkec":"WARU","kddesa":"010","kdprov":"35","nmdesa":"TAMBAK SUMUR","nmprov":"JAWA TIMUR","iddesa":"3515140010"},"geometry":{"type":"MultiPolygon","coordinates":[[[[112.77719447,-7.35212588226401],[112.777192907,-7.35213917226398],[112.77715015,-7.35250276226365],[112.77714548,-7.3525424422636],[112.77714342,-7.35255999226359],[112.77712767,-7.35255999226359],[112.77709,-7.35255999226359],[112.77703,-7.35255999226359],[112.77696,-7.35255999226359],[112.77689,-7.35255999226359],[112.77682,-7.35255999226359],[112.77676,-7.35255999226359],[112.77669,-7.35255999226359],[112.77662,-7.35255999226359],[112.77656,-7.35254999226363],[112.77648,-7.35253999226367],[112.77639,-7.35253999226367],[112.77632,-7.35251999226367],[112.77623,-7.35250999226367],[112.77618448,-7.35250240226368],[112.77617,-7.35249999226371],[112.77611,-7.35247999226371],[112.77605,-7.35246999226367],[112.77598082,-7.35246011226369],[112.77598,-7.35245999226372],[112.7759632,-7.3524551922637],[112.77591,-7.35243999226374],[112.77583,-7.35241999226374],[112.77575,-7.35239999226375],[112.775661975,-7.35238043126375],[112.77566,-7.35237999226377],[112.77557,-7.35235999226383],[112.77548,-7.35232999226382],[112.77538,-7.35230999226382],[112.77528,-7.35227999226386],[112.77518,-7.35224999226389],[112.77507,-7.35220999226398],[112.77497,-7.35217999226399],[112.77487,-7.35213999226402],[112.77477,-7.35209999226406],[112.774701049,-7.35206934726406],[112.77468,-7.35205999226405],[112.7746,-7.35201999226406],[112.77457965,-7.35200727226411],[112.77456517,-7.3519982222641],[112.77452,-7.35196999226414],[112.774454063,-7.35192878126419],[112.77444,-7.35191999226422],[112.77437,-7.35186999226427],[112.7743,-7.35181999226433],[112.77423,-7.35176999226433],[112.77417,-7.35171999226438],[112.77415035,-7.35170595226441],[112.7741,-7.35166999226445],[112.77404,-7.35160999226447],[112.77398,-7.35155999226452],[112.77392,-7.3515099922646],[112.77386,-7.35144999226466],[112.7738,-7.35139999226468],[112.77374,-7.3513599922647],[112.77369,-7.35130999226476],[112.77364,-7.35126999226482],[112.77358,-7.35120999226492],[112.7735,-7.35114999226495],[112.77342,-7.351099992265],[112.77334,-7.35105999226504],[112.77325,-7.35101999226502],[112.77315,-7.35097999226503],[112.77305,-7.35093999226514],[112.772990107405562,-7.350929102702518],[112.77294,-7.35091999226515],[112.77287,-7.35090999226513],[112.77281,-7.35088999226512],[112.77274,-7.35088999226512],[112.77266,-7.35087999226522],[112.7726455,-7.35087999226522],[112.77259775,-7.35087999226522],[112.77259,-7.35087999226522],[112.77253,-7.35087999226522],[112.77247,-7.35088999226512],[112.77239,-7.35088999226512],[112.77232,-7.35089999226519],[112.77226,-7.35090999226513],[112.7722,-7.35091999226515],[112.77214,-7.35092999226514],[112.77207,-7.35093999226514],[112.77199,-7.35094999226509],[112.77191,-7.35096999226508],[112.77182,-7.35097999226503],[112.77173,-7.35099999226507],[112.77163,-7.35101999226502],[112.77153,-7.35102999226505],[112.771474991313085,-7.3510409940024],[112.77143,-7.35104999226499],[112.77139592,-7.35105619226502],[112.77132,-7.351069992265],[112.77125256,-7.35108348226499],[112.77122,-7.35108999226497],[112.77113,-7.351099992265],[112.77104,-7.35111999226495],[112.77095,-7.35112999226495],[112.77092335,-7.35113332226494],[112.77086269,-7.35081271226522],[112.77085231,-7.3507578622653],[112.77078353,-7.35014590226589],[112.77076218,-7.35001070226597],[112.77064106,-7.34991753226608],[112.770638859,-7.34991426126606],[112.7706382,-7.3499132822661],[112.77085722,-7.34949415226645],[112.770914766,-7.34938325026651],[112.77101036,-7.34919902226675],[112.77102628,-7.34916785226679],[112.77106718,-7.34908778226682],[112.77120804,-7.34881200226711],[112.771221303,-7.34877592326713],[112.7714272,-7.34821581226764],[112.7714363,-7.34821552226763],[112.771442829,-7.34821046726764],[112.77163932,-7.34805834226781],[112.77177926,-7.3479081722679],[112.772025,-7.34767608226809],[112.77207436,-7.34762672226816],[112.77210938,-7.34759842926821],[112.77211028,-7.34759770226821],[112.77211095,-7.34759716226821],[112.7721276,-7.34758371226824],[112.77222232,-7.34753678226827],[112.77234604,-7.34747278226831],[112.77242292,-7.34744643226833],[112.772451565,-7.34743660426836],[112.77245428,-7.34743567226832],[112.77245445,-7.34743487226842],[112.772710575,-7.3461937442695],[112.77272947,-7.34610218226956],[112.772808697,-7.34571823826995],[112.77280881,-7.34571769226995],[112.772843277,-7.34555066927009],[112.772847686,-7.34552930627012],[112.773122182,-7.34419914027136],[112.77317946,-7.34392158227164],[112.773188389,-7.34388077227167],[112.773209321,-7.3437850972717],[112.77321014,-7.34378135227177],[112.77336262,-7.34308426227236],[112.77352728,-7.34229453227308],[112.773527439,-7.34229455927311],[112.77541968,-7.34261421227285],[112.77563706,-7.34266301227281],[112.775720625,-7.34218585427319],[112.775802716,-7.34171711527362],[112.77584218,-7.34149177227386],[112.775842512,-7.34148987927386],[112.775946426,-7.34097357527431],[112.775969096,-7.34082927927447],[112.775995509,-7.3406611582746],[112.776047146,-7.34011661627514],[112.77627214,-7.34013183127514],[112.776764586,-7.34008936127513],[112.776901881,-7.34007752027513],[112.777370075,-7.34016476227508],[112.777524953,-7.34019362227502],[112.77752677,-7.34019977227506],[112.77754205,-7.34023314227502],[112.77754205,-7.34027796227493],[112.77754967,-7.34030609227498],[112.77754967,-7.34033899227494],[112.77754967,-7.34037713227486],[112.77754205,-7.34042101227483],[112.77754205,-7.34047012227479],[112.77754205,-7.34047942227478],[112.77754205,-7.34051369227477],[112.77754205,-7.34052353227474],[112.77753441,-7.34058074227471],[112.77753441,-7.34064131227468],[112.77752677,-7.34070425227456],[112.77751915,-7.34076864227451],[112.77751151,-7.34083444227443],[112.7775039,-7.34090071227441],[112.77749626,-7.34096747227433],[112.77748862,-7.34103423227426],[112.777481,-7.34110194227416],[112.77747811,-7.34112777227419],[112.77747338,-7.34117015227413],[112.77746577,-7.34123880227403],[112.7774581,-7.34130795227401],[112.77745048,-7.34137756227397],[112.77745048,-7.34144766227392],[112.77744287,-7.34151776227384],[112.77743523,-7.34158594227379],[112.77743523,-7.34165222227375],[112.77743523,-7.34171468227362],[112.77742759,-7.34177331227362],[112.77742759,-7.34182672227355],[112.77742759,-7.34187346227345],[112.77742759,-7.34191351227343],[112.77742759,-7.34194690227339],[112.77741997,-7.34197456227341],[112.777427223,-7.34201403527338],[112.77742759,-7.34201603227342],[112.77742759,-7.34204321227331],[112.77743523,-7.34207087227329],[112.7774581,-7.34208994227328],[112.777481,-7.34210520227326],[112.77751151,-7.34212046227326],[112.77755729,-7.34213526227324],[112.7775878,-7.34214430227327],[112.77762596,-7.34215525227328],[112.77767937,-7.34216862227322],[112.77774804,-7.34218388227321],[112.77781671,-7.34220153227321],[112.77790061,-7.34222107227316],[112.7779998,-7.34224254227319],[112.77809898,-7.34226544227313],[112.77820579,-7.34228974227313],[112.77831259,-7.34231501227309],[112.77842705,-7.34234173227306],[112.778529706,-7.34236611127306],[112.7785415,-7.34236891227306],[112.77855854,-7.34237270227306],[112.77866356,-7.34239606227302],[112.778778,-7.34242372227298],[112.7788848,-7.34245044227294],[112.77899163,-7.34247619227292],[112.77908317,-7.3425005222729],[112.7791671,-7.34252242227293],[112.77924341,-7.34254198227288],[112.7792968,-7.34255915227284],[112.77934259,-7.34257347227283],[112.77938073,-7.34258539227281],[112.7794036,-7.34259586227284],[112.77943411,-7.34261257227284],[112.77944176,-7.34263495227278],[112.7794494,-7.34266119227278],[112.7794494,-7.34268503227273],[112.7794494,-7.34271937227272],[112.77944176,-7.34276657227264],[112.77944176,-7.34282951227262],[112.77943411,-7.34291060227254],[112.77943411,-7.3430111922725],[112.7794265,-7.34312803227236],[112.77942192,-7.34320518227225],[112.77942124,-7.34321655227227],[112.779421163,-7.34321784327227],[112.77941888,-7.34325630227225],[112.77941472,-7.34333032227215],[112.77941124,-7.34339219227205],[112.7794036,-7.34353048227197],[112.77939598,-7.34366733227185],[112.77938834,-7.34379752227174],[112.77938073,-7.34391718227163],[112.77937309,-7.34402256227149],[112.77937309,-7.34411364227141],[112.77937309,-7.34419278227136],[112.77937309,-7.34426051227131],[112.77937309,-7.34431869227124],[112.77937309,-7.34436874227116],[112.77937309,-7.34441168227117],[112.77937309,-7.34444935227111],[112.77938073,-7.34448272227114],[112.77938834,-7.34451227227106],[112.77938834,-7.34453896227105],[112.77939598,-7.34456234227098],[112.77941124,-7.34460096227095],[112.77941888,-7.34463150227094],[112.77943411,-7.3446562822709],[112.7794494,-7.34467725227092],[112.77947227,-7.34469635227088],[112.77950279,-7.34471492227088],[112.77954094,-7.34473496227085],[112.77956382,-7.34474543227083],[112.77957739,-7.34475032227082],[112.77959435,-7.34475643227085],[112.77963248,-7.3447678722708],[112.77967064,-7.34477931227078],[112.77971644,-7.34479123227081],[112.77976983,-7.34480409227081],[112.77978123,-7.34480684227079],[112.77982324,-7.34481696227075],[112.77983565,-7.34481929027076],[112.77989191,-7.34482984227078],[112.77996056,-7.34484368227075],[112.78003684,-7.34485799227076],[112.78012077,-7.34487228227074],[112.78019708,-7.34488754227072],[112.78028098,-7.34490328227066],[112.78035362,-7.3449161322707],[112.78037255,-7.34491948227068],[112.78043037,-7.34493099227073],[112.780451188,-7.34493514127071],[112.78045646,-7.34493619227066],[112.78054803,-7.34495381227065],[112.78063193,-7.34497146227066],[112.7807235,-7.3449900622706],[112.78081504,-7.34500865227062],[112.78091423,-7.34502775227055],[112.78101341,-7.34504729227059],[112.78112024,-7.34506685227054],[112.78122704,-7.34508639227052],[112.78133384,-7.34510641227055],[112.781381228,-7.34511490427049],[112.78144829,-7.34512692227049],[112.78157037,-7.34514742227045],[112.78169243,-7.34516889227048],[112.78181449,-7.34519034227042],[112.78194421,-7.34521227227041],[112.78207391,-7.3452346922704],[112.78220359,-7.34525756227035],[112.78234093,-7.34528094227038],[112.78244592,-7.34530024227034],[112.78247063,-7.34530478227034],[112.78260794,-7.3453276622703],[112.78265106,-7.34533485227029],[112.78273696,-7.34534917227029],[112.78274528,-7.34535055227026],[112.78286575,-7.34536982227029],[112.782867549,-7.34537010927027],[112.7828826,-7.34537251227029],[112.7830123,-7.34539347227021],[112.78314203,-7.34541303227022],[112.78327173,-7.34543066227019],[112.78339378,-7.34544735227021],[112.78350823,-7.3454616622702],[112.78362267,-7.34547455227013],[112.78373709,-7.34548598227015],[112.78383627,-7.34549503227014],[112.78393546,-7.34550267227021],[112.78402703,-7.34550791227011],[112.7841186,-7.34551173227014],[112.78419488,-7.34551316227014],[112.78427117,-7.34551365227008],[112.78433982,-7.34551222227013],[112.78440087,-7.34551031227015],[112.7844619,-7.34550746227016],[112.78450767,-7.34550363227015],[112.78455344,-7.34549933227014],[112.7845916,-7.34549503227014],[112.78462975,-7.34549026227015],[112.78466025,-7.34548407227018],[112.78469078,-7.34547646227016],[112.7847213,-7.34546688227019],[112.78475181,-7.34545450227021],[112.78478233,-7.3454397322702],[112.78481284,-7.34542113227017],[112.78484338,-7.34539918227024],[112.78488151,-7.34537440227026],[112.78491967,-7.34534722227032],[112.7849578,-7.34531956227033],[112.78499596,-7.34529141227033],[112.78503409,-7.3452642622704],[112.78507224,-7.34523899227039],[112.78510276,-7.34521609227043],[112.78513327,-7.34519704227046],[112.78515617,-7.34518081227044],[112.78518669,-7.34516792227042],[112.78520958,-7.34515695227047],[112.7852401,-7.34514836227045],[112.78527825,-7.34514171227049],[112.78531641,-7.34513598227049],[112.78536216,-7.34513170227051],[112.78541559,-7.34512740227055],[112.7854766,-7.3451240422705],[112.78553763,-7.34512118227049],[112.7856063,-7.34511833227051],[112.78567497,-7.34511548227052],[112.785736,-7.34511308227046],[112.78579705,-7.34511071227054],[112.78585044,-7.34510784227053],[112.78589624,-7.34510547227054],[112.78594201,-7.34510261227054],[112.78597253,-7.3450992822705],[112.7860183,-7.34509258227053],[112.78605643,-7.34508542227051],[112.78608695,-7.34507732227059],[112.78610984,-7.34506589227053],[112.78614038,-7.34504681227056],[112.7861709,-7.34501629227056],[112.78619377,-7.34499533227061],[112.78621667,-7.34496955227068],[112.78624718,-7.34494046227067],[112.78627008,-7.34490852227069],[112.78630057,-7.34487561227072],[112.78633109,-7.34484225227076],[112.7863616,-7.3448093422708],[112.7863845,-7.34477786227083],[112.7864074,-7.34474974227086],[112.78643027,-7.34472495227084],[112.78645317,-7.34470348227088],[112.78646843,-7.34468537227086],[112.78649894,-7.34465582227094],[112.78652946,-7.34463387227093],[112.78655997,-7.34461576227098],[112.78658287,-7.34460763227098],[112.78660575,-7.34459859227097],[112.78662864,-7.344589062271],[112.7866668,-7.34457854227097],[112.78670493,-7.34456616227099],[112.78675073,-7.34455233227104],[112.78680411,-7.34453565227105],[112.78687279,-7.3445161122711],[112.78694907,-7.3444941622711],[112.787033,-7.3444703122711],[112.78711693,-7.34444408227113],[112.78721611,-7.34441596227114],[112.78730766,-7.34438687227116],[112.78741446,-7.34435636227122],[112.78751364,-7.34432487227122],[112.78761283,-7.34429245227127],[112.78771201,-7.34426051227131],[112.7878112,-7.34422854227133],[112.78791039,-7.34419708227137],[112.78800193,-7.34416657227139],[112.7880935,-7.34413748227145],[112.7881774,-7.34411079227143],[112.788228888,-7.34409529027145],[112.78826133,-7.34408552227145],[112.78829379,-7.34407597227147],[112.78833762,-7.34406308227147],[112.78840629,-7.34404354227154],[112.78847496,-7.34402589227149],[112.78853599,-7.34401112227151],[112.7885894,-7.34399823227157],[112.78864281,-7.34398776227155],[112.78868856,-7.34397869227158],[112.78873436,-7.3439720222716],[112.78878013,-7.34396726227161],[112.78881829,-7.34396389227157],[112.78885642,-7.34396247227162],[112.78889457,-7.34396201227154],[112.78893273,-7.34396247227162],[112.78896324,-7.34396438227156],[112.7890014,-7.34396725227154],[112.78903191,-7.34397108227157],[112.78907007,-7.34397536227153],[112.78910058,-7.34397966227156],[112.78913107,-7.34398488227155],[112.78916925,-7.34399013227155],[112.78919974,-7.34399586227153],[112.78923026,-7.34400159227154],[112.78926077,-7.34400732227151],[112.78929131,-7.34401303227148],[112.78931419,-7.34401827227151],[112.78934473,-7.3440239822715],[112.78937524,-7.34403065227146],[112.78940573,-7.34403878227148],[112.78943625,-7.34404831227151],[112.7894744,-7.34406023227148],[112.78951256,-7.34407502227146],[112.78956597,-7.34409314227143],[112.78961938,-7.3441150722714],[112.78968041,-7.3441398722714],[112.78974908,-7.34416751227134],[112.78981775,-7.34419708227137],[112.7898864,-7.34422760227131],[112.78996269,-7.34425954227125],[112.79003897,-7.34429151227129],[112.79010764,-7.34432296227125],[112.79017631,-7.34435350227122],[112.79024498,-7.34438305227114],[112.79031363,-7.34441168227117],[112.7903823,-7.34443932227111],[112.79044335,-7.34446601227112],[112.79050438,-7.34449130227109],[112.79056541,-7.3445161122711],[112.79061883,-7.34453993227101],[112.79067224,-7.34456234227098],[112.79072563,-7.34458430227102],[112.79077904,-7.34460526227097],[112.79083243,-7.34462625227098],[112.79087823,-7.34464625227093],[112.79093162,-7.34466677227095],[112.79097741,-7.34468728227093],[112.79101557,-7.3447077822709],[112.79106132,-7.34472877227086],[112.79109947,-7.34475019227085],[112.7911376,-7.34477215227079],[112.79117576,-7.3447945622708],[112.79121389,-7.34481792227082],[112.79124443,-7.34484225227076],[112.79128256,-7.34486706227074],[112.79131307,-7.34489326227071],[112.79134361,-7.34491996227071],[112.79137413,-7.34494762227068],[112.79140464,-7.34497577227067],[112.79143516,-7.34500389227061],[112.7914657,-7.34503155227055],[112.79148857,-7.34505921227053],[112.79151909,-7.34508542227051],[112.79154198,-7.34511117227049],[112.79156488,-7.34513550227053],[112.79158773,-7.34515837227042],[112.79160301,-7.34518081227044],[112.79162591,-7.34520226227045],[112.79164879,-7.34522370227044],[112.79167168,-7.3452446922704],[112.79169458,-7.34526665227034],[112.79171746,-7.34528855227034],[112.79174036,-7.34531145227035],[112.79177087,-7.34533530227028],[112.79179374,-7.34535959227027],[112.79182426,-7.34538537227023],[112.79185477,-7.34541158227028],[112.79189293,-7.34543924227021],[112.79193106,-7.34546785227014],[112.79196924,-7.34549788227014],[112.79200737,-7.34552888227011],[112.79205314,-7.34556084227009],[112.7920913,-7.34559327227007],[112.79213707,-7.34562615226998],[112.79218284,-7.34565906227001],[112.79222862,-7.34569197226998],[112.79226677,-7.3457243922699],[112.79231254,-7.34575634226988],[112.7923507,-7.34578688226987],[112.79238883,-7.34581691226984],[112.79241937,-7.3458464822698],[112.79246514,-7.34587554226983],[112.79250327,-7.34590511226976],[112.79254907,-7.34593420226971],[112.792560376,-7.34594162026971],[112.79259484,-7.34596423226972],[112.79264823,-7.34599523226968],[112.7927169,-7.34602671226965],[112.79277793,-7.34605865226958],[112.792825781,-7.3460809292696],[112.7928466,-7.3460906222696],[112.79292291,-7.34612256226961],[112.79299158,-7.34615308226956],[112.79306787,-7.3461826222695],[112.7931289,-7.34621029226947],[112.79319757,-7.34623555226948],[112.79325096,-7.34625799226947],[112.79325915,-7.34626106226944],[112.79330437,-7.3462779922694],[112.79335014,-7.34629564226942],[112.79338827,-7.34631090226939],[112.793409626,-7.34631865326939],[112.79342643,-7.3463247522694],[112.79345695,-7.34633665226938],[112.79348746,-7.34634714226935],[112.79351036,-7.3463562122694],[112.79353323,-7.34636479226933],[112.79355613,-7.34637195226932],[112.79357903,-7.34637814226937],[112.79361718,-7.34638767226932],[112.7936477,-7.34639103226933],[112.79367821,-7.34639294226932],[112.79370873,-7.34639437226929],[112.79374688,-7.34639437226929],[112.79379266,-7.34639388226927],[112.7938384,-7.34639246226932],[112.79389184,-7.34639103226933],[112.79394523,-7.34638909226931],[112.79399864,-7.34638718226933],[112.79405206,-7.34638527226932],[112.79410545,-7.34638433226934],[112.79415886,-7.34638336226935],[112.79420463,-7.34638336226935],[112.79425804,-7.34638336226935],[112.79430382,-7.34638385226932],[112.79434959,-7.34638481226936],[112.79439538,-7.34638624226936],[112.79444116,-7.34638767226932],[112.79447929,-7.34638909226931],[112.79452506,-7.34639055226937],[112.79456321,-7.34639197226933],[112.79459373,-7.34639388226927],[112.79463189,-7.34639628226934],[112.79467766,-7.34639913226933],[112.79471581,-7.34640247226927],[112.79476156,-7.34640626226927],[112.79480736,-7.34641151226931],[112.79486075,-7.34641724226928],[112.79491416,-7.34642391226927],[112.79496757,-7.34643107226929],[112.7950286,-7.34643917226926],[112.79508966,-7.34644727226926],[112.79515069,-7.34645537226924],[112.79521171,-7.34646349226927],[112.79527274,-7.34647159226925],[112.79533377,-7.34647924226924],[112.79538719,-7.34648637226921],[112.7954406,-7.3464930722692],[112.79549401,-7.34649877226923],[112.79553978,-7.34650402226922],[112.79558556,-7.34650878226927],[112.79562371,-7.3465126022692],[112.79565423,-7.34651500226919],[112.79568472,-7.34651688226925],[112.79574577,-7.34651737226919],[112.79577629,-7.3465126022692],[112.79579397,-7.34650672226923],[112.79579919,-7.34650499226923],[112.79582206,-7.34649592226922],[112.79584496,-7.34648446226921],[112.79586785,-7.34646732226923],[112.79588309,-7.34644299226928],[112.79588657,-7.34643864226924],[112.79589837,-7.34642391226927],[112.79590599,-7.34639913226933],[112.79592124,-7.34636813226934],[112.79594414,-7.34632998226939],[112.7959594,-7.34628657226942],[112.79598227,-7.34623843226947],[112.79599756,-7.34618884226955],[112.79602043,-7.34613828226955],[112.79604333,-7.3460896522696],[112.79605856,-7.34604386226965],[112.79608146,-7.34600287226966],[112.79609674,-7.34596805226971],[112.79611197,-7.34593945226974],[112.79611961,-7.34591609226976],[112.79614251,-7.34588175226979],[112.79616541,-7.34585218226987],[112.79618826,-7.34583407226988],[112.79621116,-7.34582501226985],[112.79623406,-7.3458159622698],[112.79626457,-7.34580593226986],[112.79628745,-7.34580068226991],[112.79631799,-7.34578973226983],[112.79635612,-7.34577923226991],[112.79639427,-7.3457696822699],[112.79642479,-7.3457625522699],[112.7964553,-7.34575397226989],[112.79645972,-7.34575268226989],[112.7964782,-7.34574729226994],[112.79650107,-7.34573917226992],[112.79652397,-7.34572773226996],[112.79654687,-7.34571153226999],[112.79657738,-7.34568912226993],[112.7966079,-7.34565812226997],[112.79662316,-7.34564001227001],[112.79663839,-7.34562045227],[112.79666129,-7.34559994227004],[112.79667657,-7.34557849227003],[112.79669944,-7.34555702227009],[112.79671472,-7.3455360322701],[112.79673757,-7.34551507227011],[112.79676047,-7.34549551227011],[112.79678337,-7.34547691227016],[112.79680625,-7.34545926227014],[112.79682914,-7.34544306227017],[112.79685204,-7.34542780227017],[112.7968902,-7.34540111227022],[112.79692833,-7.3453801222703],[112.79696648,-7.34536390227029],[112.79698938,-7.34535723227029],[112.79701223,-7.34535104227033],[112.79703513,-7.34534485227029],[112.79705803,-7.34533911227029],[112.79708854,-7.34533341227034],[112.7971267,-7.34532765227029],[112.79716486,-7.34532146227032],[112.7972106,-7.34531527227032],[112.7972564,-7.34530908227034],[112.79730212,-7.34530337227034],[112.79730979,-7.34530241227033],[112.79737084,-7.34529571227036],[112.79743187,-7.3452895222703],[112.7974929,-7.34528236227034],[112.79755222,-7.34527660227034],[112.79757113,-7.34647839226925],[112.79757197,-7.34653157226923],[112.79764263,-7.34653563226916],[112.797889917,-7.34654982226918],[112.798203665,-7.34656783726922],[112.79864509,-7.34659318226912],[112.79852713,-7.34804379226779],[112.798434309,-7.34885460726702],[112.79841153,-7.34905359226678],[112.79838922,-7.3496633922663],[112.79747259,-7.34952700226648],[112.79691846,-7.34923260226668],[112.79690845,-7.34927121226664],[112.7968419,-7.34924027226668],[112.79661321,-7.34921758226673],[112.79610102,-7.34926685226657],[112.79590927,-7.3492072422667],[112.79574,-7.34922999226672],[112.79566,-7.34922999226672],[112.79556,-7.34923999226666],[112.79544,-7.34924999226661],[112.79529,-7.34925999226665],[112.79513,-7.34926999226669],[112.79496,-7.34927999226659],[112.79478,-7.34928999226659],[112.794542148148153,-7.349302510785151],[112.7944,-7.34930999226661],[112.79421,-7.34930999226652],[112.79403,-7.34931999226666],[112.79386,-7.34931999226666],[112.79369,-7.34932999226658],[112.79341,-7.34932999226658],[112.79317552,-7.34932954226661],[112.79294464,-7.34938407226654],[112.7925689,-7.34936530226647],[112.79257255,-7.3490105122669],[112.79258673,-7.34874966226715],[112.79249,-7.34873999226715],[112.79213,-7.34873999226716],[112.79195,-7.34873999226716],[112.79175,-7.34874999226708],[112.79155,-7.34874999226713],[112.79133,-7.34874999226713],[112.79116,-7.34872999226719],[112.79096,-7.34871999226715],[112.7907,-7.34870999226712],[112.78986,-7.34858999226726],[112.78940525,-7.34855798226736],[112.78898,-7.34849999226736],[112.78877,-7.34843999226735],[112.7886,-7.34833999226749],[112.78849,-7.34828999226754],[112.78841165,-7.34826968226758],[112.78822,-7.34821999226765],[112.78787,-7.34819999226766],[112.7864777,-7.34813037226771],[112.78636417,-7.34811897226773],[112.78595822222222,-7.348077547823278],[112.78586,-7.34806999226776],[112.785716444444446,-7.348077547823278],[112.78567,-7.3480799922677],[112.78536714,-7.34805925226772],[112.78494,-7.34802999226778],[112.7848,-7.34796999226786],[112.78467,-7.34788999226794],[112.78449,-7.34785999226796],[112.78424765,-7.34784086226798],[112.78359226,-7.3476967122681],[112.78334709,-7.34759586226821],[112.7829387,-7.34748209226833],[112.78272087,-7.34741508226839],[112.78239127,-7.34732547226839],[112.782361367,-7.34731727326845],[112.78235877,-7.34731657226845],[112.78229835,-7.34756770226826],[112.782276548,-7.34756673726822],[112.782035694,-7.3475572572682],[112.78200639,-7.34779018226795],[112.7819886,-7.34794673226788],[112.78193879,-7.34817444226765],[112.781816329738703,-7.348739154809297],[112.781807631668983,-7.348807982020792],[112.78176797,-7.34896462226693],[112.781652896,-7.34989383726606],[112.781591481,-7.35026942026571],[112.78155883,-7.35054256226546],[112.78152985,-7.35062950226542],[112.7814764,-7.35092348226513],[112.781472143,-7.35092367926515],[112.781255425231862,-7.350933718327468],[112.78124541,-7.35093418226514],[112.78111827,-7.35097846226509],[112.780979537,-7.35096729426508],[112.78090833,-7.35096156226511],[112.78063493,-7.35093956226515],[112.780410628,-7.35080505626519],[112.78026609,-7.35071838226528],[112.78009781,-7.35064062026538],[112.7800963,-7.35063992226538],[112.78003522,-7.35061169226539],[112.77999429,-7.35060072226542],[112.779936544,-7.35054067026547],[112.77991964,-7.35052309226552],[112.78004137,-7.35028884226575],[112.78010188,-7.35023402226576],[112.78011544,-7.35022175226578],[112.78015015,-7.35007133226591],[112.78016481,-7.35001932226596],[112.78017557,-7.34992280226608],[112.78016746,-7.34990235226606],[112.78016682,-7.34990074226606],[112.78016369,-7.34978311226619],[112.780107894741292,-7.349478785238418],[112.780114728257814,-7.349107641600392],[112.78011919959836,-7.349019904420776],[112.780173579406124,-7.348691376560751],[112.780164870274007,-7.348424627162664],[112.78004538,-7.3483859152675],[112.779996178433336,-7.348370210771916],[112.77994071,-7.34835729226753],[112.77989683,-7.3483508122675],[112.77972731,-7.34832576226756],[112.77971,-7.34831999226755],[112.77964,-7.34830999226756],[112.77955,-7.34828999226754],[112.77949063,-7.34828339226757],[112.77935217,-7.34828812226755],[112.779309205,-7.34828709026759],[112.77894564,-7.34827836226757],[112.77857816,-7.34828546226759],[112.77825861,-7.34831297226753],[112.777907,-7.3483250122675],[112.777896388,-7.34833415326753],[112.77788578,-7.34834329226752],[112.777838,-7.3483679022675],[112.77783216,-7.34843289226745],[112.77783172,-7.34843296226745],[112.77783222,-7.34845322226746],[112.77779134,-7.34853356226734],[112.77771523,-7.34863504226722],[112.77762362,-7.34869142226724],[112.7774712,-7.34871758226722],[112.77724232,-7.34881772226707],[112.77716696,-7.34885069226703],[112.77703993,-7.34902255226694],[112.77695661,-7.34904938226687],[112.77692622,-7.3491029722668],[112.77689996,-7.34923682226669],[112.77688497,-7.34931321226663],[112.7769455,-7.34939710226648],[112.77700038,-7.34947316226645],[112.77710638,-7.34967326226626],[112.777281835,-7.34983048726611],[112.77742889,-7.34996226226599],[112.7775286,-7.35002298226598],[112.77762065,-7.35007991226589],[112.77750957,-7.35052913226549],[112.77738936,-7.35108342226495],[112.77732143,-7.35132050226473],[112.77727673,-7.35162241226448],[112.777237523,-7.35184400926429],[112.77721687,-7.35193541226418],[112.77720219,-7.35206021226408],[112.77719447,-7.35212588226401]]]]}},
{"type":"Feature","properties":{"kdkab":"15","kdkec":"140","nmkab":"SIDOARJO","nmkec":"WARU","kddesa":"004","kdprov":"35","nmdesa":"KUREKSARI","nmprov":"JAWA TIMUR","iddesa":"3515140004"},"geometry":{"type":"MultiPolygon","coordinates":[[[[112.73379304,-7.36809094999996],[112.73376287,-7.36817002724918],[112.73374,-7.36823],[112.733697263,-7.36822316299994],[112.73349,-7.36819],[112.73267,-7.36811],[112.73185788,-7.36800457999992],[112.73130777,-7.36793377224938],[112.731328463793943,-7.367848105055509],[112.73167041,-7.36643253225078],[112.73195789,-7.3648464242523],[112.732033386,-7.36442666825264],[112.732039739,-7.36439134425266],[112.73204288,-7.36437388225272],[112.73198351,-7.36436168225271],[112.73199336,-7.36431401225272],[112.73227846,-7.36293406225401],[112.732277001,-7.36255651525438],[112.73227699,-7.36255373225442],[112.7322765,-7.3624285622545],[112.731684854,-7.36239487725453],[112.73164507,-7.36239261225455],[112.7316636,-7.3623918422545],[112.73165147,-7.3621443022548],[112.73164874,-7.36214364225478],[112.73162572,-7.36181807225508],[112.73161957,-7.36169744225518],[112.731619426,-7.36169469025516],[112.73161936,-7.36169342225518],[112.731609039,-7.3614911292554],[112.731591283,-7.36114308925567],[112.731570997370554,-7.36074546879478],[112.73156726,-7.36067221225616],[112.7315688,-7.36058436225624],[112.73157227,-7.36038648225639],[112.731574345105031,-7.360268142879429],[112.731575129,-7.36022340825653],[112.731576511829061,-7.360144508198833],[112.731577835427998,-7.36006918381131],[112.73157947,-7.35997616225676],[112.731606502799849,-7.359658018966137],[112.73162835,-7.35936210225732],[112.73166459,-7.35886932225779],[112.731664695,-7.3588678892578],[112.731664733,-7.35886737025781],[112.73166503,-7.35886330225779],[112.73167337,-7.35874990225795],[112.731674845259803,-7.358729766427069],[112.73167488,-7.35872929225791],[112.73167668,-7.35869994225796],[112.73170428,-7.35824906225835],[112.731697553,-7.35812573925849],[112.73168403,-7.35787783225871],[112.73171103,-7.35709825225939],[112.73171265,-7.35675712225976],[112.73171425,-7.35641782526007],[112.73171426,-7.35641568226006],[112.731699619135441,-7.356414943164376],[112.731738693390639,-7.355736641390608],[112.73308,-7.35588999226054],[112.733164554,-7.35587779626052],[112.73371493,-7.3557984122606],[112.73371842,-7.35579791226061],[112.733739387,-7.35579488826063],[112.73407304,-7.35574676226064],[112.73407178,-7.35576596226062],[112.73415478,-7.35572912226067],[112.73437236,-7.35572827226068],[112.734387919,-7.35572821226064],[112.73442417,-7.35572807226071],[112.73459899,-7.35574921226067],[112.7346247,-7.35575679226065],[112.73467189,-7.35577073226068],[112.73476682,-7.35584305226053],[112.73477815,-7.3558598822606],[112.73477931,-7.35585312226063],[112.73508,-7.35593999226052],[112.73537941,-7.35594906626051],[112.73538061,-7.35594910226043],[112.73574,-7.35595999226044],[112.73627,-7.35588999226054],[112.73663,-7.3557999922606],[112.73697,-7.35572999226066],[112.737035087,-7.35571330326068],[112.73736,-7.35562999226081],[112.7376,-7.35548999226093],[112.73767,-7.35529999226107],[112.7377,-7.3546199922617],[112.73758,-7.354289992262],[112.73703,-7.35393999226236],[112.736974205,-7.35383427626246],[112.73696722,-7.35382104226245],[112.73693093,-7.35375228226248],[112.73684,-7.35357999226269],[112.73684048,-7.35357327226274],[112.73684848,-7.35346131226278],[112.736848489,-7.35346119126278],[112.73685342,-7.35339217226287],[112.7368591,-7.35331263226292],[112.73686591,-7.35321722226296],[112.736920637741363,-7.352451056044695],[112.73694,-7.35217999226399],[112.73714,-7.35162999226447],[112.73726348,-7.35146699226464],[112.73726388,-7.35146647226461],[112.73730629,-7.35146186226468],[112.73734403,-7.35143007226466],[112.73737516,-7.3514035922647],[112.73741158,-7.35137246226472],[112.73745661,-7.35134001226476],[112.73752283,-7.35129035226482],[112.73763077,-7.35121154226485],[112.73771488,-7.35114929226494],[112.7378301,-7.351065192265],[112.73791354,-7.35100361226508],[112.73791323,-7.35100144226508],[112.737917358,-7.35099817326507],[112.73794144,-7.35097910226509],[112.73797852,-7.35095526226508],[112.73800104,-7.35093540226512],[112.73803282,-7.35091421226514],[112.73806726,-7.35088772226517],[112.73811361,-7.35085593226519],[112.73815599,-7.35082547226522],[112.73819308,-7.35080031226527],[112.73822089,-7.35078176226531],[112.73827387,-7.35076190226531],[112.73829771,-7.35074865226531],[112.738364241,-7.35072151526531],[112.7383756,-7.35071688226532],[112.73837571,-7.35071489226532],[112.73843542,-7.35070469226531],[112.73845863,-7.3506890522654],[112.73849505,-7.3506897222653],[112.73851028,-7.35069038226535],[112.73852419,-7.35069038226535],[112.7385291,-7.35069201226533],[112.73853589,-7.35069132226534],[112.73854472,-7.35069303226537],[112.73857253,-7.35069501226534],[112.73860829,-7.35069634226536],[112.73864471,-7.35069832226533],[112.73865928,-7.35069832226533],[112.73866442,-7.35069581226535],[112.73868292,-7.35070021226536],[112.73872815,-7.35071952226532],[112.73883411,-7.35076587226525],[112.738899,-7.3507923622653],[112.73904866,-7.35086520226517],[112.73908707,-7.35087712226515],[112.73912015,-7.35089294226516],[112.73912802,-7.3508967062651],[112.73917846,-7.35092083226515],[112.73925395,-7.35095262226508],[112.73928971,-7.35097116226512],[112.73934666,-7.35098705226509],[112.73941288,-7.35100427226505],[112.73946321,-7.35101619226502],[112.73947593,-7.35101778226505],[112.73947612,-7.35101554226503],[112.7396537,-7.35102380226504],[112.739528007,-7.35226716326386],[112.739525302,-7.35229391726388],[112.73938347,-7.35369687226258],[112.73938085,-7.35372278226258],[112.7393681,-7.35379839226246],[112.739360074,-7.3538738972624],[112.739359402,-7.35388021326239],[112.73916721,-7.35568798226077],[112.739166842,-7.35569144026072],[112.73914693,-7.35587876226053],[112.73914259,-7.35587889226053],[112.739142481,-7.35588011626054],[112.73912678,-7.35605673226038],[112.739116293,-7.35608382326039],[112.73903313,-7.35629866226016],[112.73898715,-7.35641745226004],[112.73896186,-7.35645379226],[112.73892857,-7.35662360225983],[112.73891525,-7.35676844225975],[112.738906363,-7.35680208625969],[112.73884533,-7.35703315225949],[112.73884229,-7.35709294225947],[112.73884,-7.35709999225941],[112.73879,-7.3572699922593],[112.738792716453204,-7.357294168692802],[112.73889,-7.35815999225843],[112.7389,-7.35829999225826],[112.73890181,-7.35831540225829],[112.73890394,-7.35833354225829],[112.73892,-7.35846999225816],[112.73891,-7.35861999225804],[112.7388969,-7.35865842225795],[112.738877197,-7.35871621625795],[112.738830395,-7.35885349725784],[112.73882604,-7.35886627225782],[112.738754132,-7.35907720425758],[112.73866785,-7.35933030225736],[112.73867916,-7.35933209225735],[112.73867768,-7.35934910625733],[112.738676294,-7.35936504825733],[112.73866004,-7.35955195225723],[112.73864206,-7.35975870225693],[112.73864856,-7.35987554225689],[112.738681739,-7.3600328012567],[112.73869832,-7.36011139225665],[112.73872343,-7.36025101225654],[112.73876548,-7.36048477225632],[112.7387656,-7.36049816225628],[112.73876568,-7.36050604225629],[112.73876973,-7.36093254225589],[112.73874999,-7.36117995225565],[112.73875354,-7.3612047822556],[112.73872753,-7.36143886225544],[112.73872638,-7.36150241225537],[112.73872104,-7.36179588225508],[112.73873255,-7.36199801225487],[112.738736639,-7.36206968425488],[112.73873731,-7.36208144225479],[112.73876302,-7.3620820622548],[112.73883206,-7.36208373225481],[112.73885847,-7.36208391225483],[112.73885844,-7.3620877332548],[112.73885668,-7.36231569225459],[112.73884803,-7.36243254225447],[112.7388199,-7.36254505225441],[112.738776141,-7.3626853482542],[112.7387726,-7.3626967022543],[112.73874633,-7.36278090225422],[112.73869007,-7.36293886225399],[112.738678582,-7.36300451525403],[112.73865978,-7.36311196225387],[112.73865545,-7.3631703822538],[112.73865684,-7.36321215225377],[112.73865762,-7.36323530225373],[112.73865112,-7.36326126225373],[112.738647404567132,-7.363281439841788],[112.738644629,-7.36329651325369],[112.73864277,-7.36330661225368],[112.7386439,-7.36331338225369],[112.738654403,-7.36337640525366],[112.73866,-7.36340999225357],[112.738685565,-7.36350374525353],[112.73868566,-7.36350409225351],[112.7386926,-7.3635207722535],[112.73870644,-7.36355404225347],[112.73871509,-7.36356649225343],[112.73894824,-7.36362112225342],[112.73927828,-7.36369647225334],[112.73929,-7.36369999225332],[112.73927754,-7.36381211225324],[112.739260719,-7.36396352425312],[112.739226766,-7.36426911425277],[112.73921,-7.36442],[112.73923,-7.36461999225249],[112.73921637,-7.36472217225236],[112.73921,-7.36476999225234],[112.739206149,-7.36477307225234],[112.73916,-7.36480999225231],[112.73916,-7.36496999225218],[112.73915,-7.36519999225196],[112.73913,-7.36553999225161],[112.73913,-7.36560149225158],[112.73913,-7.36561999225161],[112.73908945,-7.36573814999996],[112.73900945,-7.36580814225141],[112.73874655,-7.36582738999996],[112.73870784,-7.36583382999997],[112.73865843,-7.36586368225132],[112.738593695,-7.36591781925131],[112.73856736,-7.36594079999996],[112.738516391,-7.3659952282512],[112.73849311,-7.36602009999995],[112.73843165,-7.36607683225113],[112.73834505,-7.36615913],[112.738314521,-7.36618660825103],[112.73825127,-7.36624355225094],[112.73815764,-7.36636754999994],[112.73805894,-7.36646187225079],[112.73800478,-7.36654615225069],[112.73794581,-7.3666650622506],[112.73791652,-7.36677396225051],[112.73782481,-7.36692532225035],[112.73773934,-7.3670664022502],[112.737681349,-7.36716976525011],[112.737620679,-7.36727789425002],[112.73757698,-7.36734889224996],[112.737528187,-7.36737930999994],[112.7374854,-7.36740598999993],[112.73745945,-7.36740814999996],[112.73722636,-7.36741627999993],[112.736849672,-7.36742942099993],[112.73659945,-7.36743814999993],[112.73656694,-7.36745665999995],[112.73650274,-7.36750635224981],[112.736385207,-7.36751437724981],[112.73634923,-7.36751684224981],[112.73622041,-7.36750745224984],[112.73602216,-7.36747855224983],[112.73594787,-7.36747884999995],[112.73585376,-7.36747920224983],[112.735769464,-7.36748304699993],[112.7357349,-7.36748461224983],[112.73557059,-7.36748859999991],[112.735533714412085,-7.367489489241831],[112.7355036,-7.36749022224981],[112.735397684,-7.36749278824985],[112.735395766,-7.36757404624974],[112.735193744,-7.36756489899995],[112.735155408,-7.36761303224975],[112.734865418,-7.36760034199993],[112.734857332,-7.36784065424952],[112.734743214,-7.3678416812495],[112.734762968,-7.36755555999996],[112.734384825,-7.36751028899992],[112.734399483693295,-7.367304636212447],[112.734111388,-7.36726020925005],[112.73411,-7.36726],[112.73379304,-7.36809094999996]]]]}},
{"type":"Feature","properties":{"kdkab":"15","kdkec":"140","nmkab":"SIDOARJO","nmkec":"WARU","kddesa":"003","kdprov":"35","nmdesa":"WARU","nmprov":"JAWA TIMUR","iddesa":"3515140003"},"geometry":{"type":"MultiPolygon","coordinates":[[[[112.72199507,-7.36239356225449],[112.721982614902501,-7.362390091361051],[112.72191311,-7.36237072225454],[112.721911248,-7.36237020325453],[112.72189711,-7.36236626225454],[112.72189182,-7.36236478225459],[112.72166,-7.36225999225466],[112.721632321,-7.36223703925465],[112.721396439,-7.36204143025487],[112.72137002,-7.36201952225487],[112.72125,-7.36191999225498],[112.72124164,-7.36190661225498],[112.72121587,-7.36189568225497],[112.72118013,-7.36184906225503],[112.721091374,-7.36175705325511],[112.72105269,-7.36171695225519],[112.72084754,-7.36154289225533],[112.720833083,-7.36153155325535],[112.72068901,-7.36141855225541],[112.72060502,-7.36124825825557],[112.72058333,-7.36120563225563],[112.720493596,-7.36113354025568],[112.72040149,-7.36105954225571],[112.72037044,-7.3610312622558],[112.72021746,-7.36090023225586],[112.720211936,-7.36089616225589],[112.72018917900003,-7.36087939525586],[112.72009876,-7.36081277225599],[112.72010823,-7.36079182225599],[112.719955094,-7.36067141325615],[112.71982383,-7.36056820225624],[112.719818824,-7.36056426625624],[112.719811184,-7.36055825925622],[112.71949801,-7.3603120122565],[112.719727219,-7.35983381425686],[112.71973094,-7.35982605225687],[112.72013418,-7.35898474225768],[112.72029067,-7.358630342258],[112.720575833607469,-7.357984521234057],[112.72060883847324,-7.357909774589391],[112.720614300453917,-7.357897404754821],[112.720634297,-7.35785211825873],[112.7206431,-7.35783218225878],[112.72066609,-7.35784007225875],[112.72075005,-7.35786784225869],[112.72076834,-7.3578737222587],[112.72078043,-7.35787829225866],[112.72079252,-7.35787927225874],[112.72084414,-7.35788319225871],[112.72091209,-7.35788777225868],[112.72094182,-7.35789038225871],[112.72097808,-7.35789332225871],[112.721000568,-7.35789433925871],[112.72100904,-7.35789472225866],[112.72100698,-7.35789973225867],[112.721464412,-7.35792899425862],[112.72148,-7.35792999225864],[112.72148332,-7.35792770225867],[112.72152987,-7.35794526225866],[112.72158345,-7.3579583322586],[112.7216318,-7.35797009225862],[112.7216893,-7.35798970225861],[112.72173765,-7.3580014622586],[112.72176248,-7.35800538225862],[112.72176939,-7.35800416225859],[112.72187723,-7.35804324225856],[112.72194151,-7.35805242225854],[112.72209571,-7.35809424225849],[112.72237405,-7.35817264225844],[112.72252172,-7.35821185225835],[112.72254916,-7.35823537225835],[112.7225962,-7.35827327225829],[112.72264717,-7.35830463225832],[112.72267207559068,-7.35832279523211],[112.72270989,-7.35835037225827],[112.72273211,-7.35837781225823],[112.722736487,-7.35838358225824],[112.722738094869996,-7.35838352226151],[112.722743873859997,-7.3584202601255],[112.722905103155995,-7.35857128503579],[112.722988779120001,-7.35863047047361],[112.723095585025007,-7.3586665259702],[112.723216677069999,-7.35865292012244],[112.723307836250001,-7.35861074199433],[112.723381988119996,-7.35854951567935],[112.723444575019997,-7.35850053462736],[112.723514645136007,-7.35842570246462],[112.723587436421994,-7.35834202650081],[112.723608420787997,-7.3583272517938],[112.723654105075994,-7.35829508632597],[112.723717372267998,-7.35824950673593],[112.723732338700998,-7.35822365562516],[112.723671446135,-7.35806520400233],[112.723681221,-7.35803054625857],[112.72369575,-7.35797903225864],[112.72413163,-7.35643346226003],[112.72576987,-7.35669221225981],[112.72583206,-7.35560965226082],[112.725872495,-7.35550529426088],[112.72587384,-7.35550182226094],[112.72589387,-7.35545013226094],[112.72618173,-7.35470729226167],[112.72618282,-7.35470447226165],[112.72626,-7.35474999226159],[112.72632633,-7.3547782822616],[112.72694,-7.35503999226134],[112.72707276,-7.35505560726133],[112.72707841,-7.35505627226131],[112.72709489,-7.35505821226129],[112.72711337,-7.35506038226131],[112.72713413,-7.35507936226131],[112.72731371,-7.35510949226131],[112.72743544,-7.35511793226127],[112.72769577,-7.35515288226118],[112.72780906,-7.35516373226125],[112.7278475,-7.35516253226126],[112.72785203,-7.35516301226123],[112.72787867,-7.35516584226118],[112.727921699,-7.35516830826121],[112.72792771,-7.3551686522612],[112.72793286,-7.35516894226119],[112.727934235,-7.35516902126123],[112.72794706,-7.35516976226125],[112.7279546,-7.35516855226127],[112.72795436,-7.35515933226121],[112.72798984,-7.35516351226125],[112.729129334,-7.35529756526111],[112.729174056,-7.35530282626106],[112.72917598,-7.35530305226107],[112.7292694,-7.3553140422611],[112.72932,-7.35531999226107],[112.72978,-7.35536999226101],[112.73041356,-7.35550451226089],[112.730460934,-7.35551456726091],[112.73046595,-7.35551563226091],[112.730534174,-7.3555301192609],[112.7309429,-7.3556169072608],[112.73095413,-7.3556192922608],[112.73124,-7.35567999226072],[112.73148086,-7.35570748226069],[112.73159783,-7.35572083226069],[112.731620447,-7.35572340926073],[112.731738693390639,-7.355736641390608],[112.731699619135441,-7.356414943164376],[112.73171426,-7.35641568226006],[112.73171425,-7.35641782526007],[112.73171265,-7.35675712225976],[112.73171103,-7.35709825225939],[112.73168403,-7.35787783225871],[112.731697553,-7.35812573925849],[112.73170428,-7.35824906225835],[112.73167668,-7.35869994225796],[112.73167488,-7.35872929225791],[112.731674845259803,-7.358729766427069],[112.73167337,-7.35874990225795],[112.73166503,-7.35886330225779],[112.731664733,-7.35886737025781],[112.731664695,-7.3588678892578],[112.73166459,-7.35886932225779],[112.73162835,-7.35936210225732],[112.731606502799849,-7.359658018966137],[112.73157947,-7.35997616225676],[112.731577835427998,-7.36006918381131],[112.731576511829061,-7.360144508198833],[112.731575129,-7.36022340825653],[112.731574345105031,-7.360268142879429],[112.73157227,-7.36038648225639],[112.7315688,-7.36058436225624],[112.73156726,-7.36067221225616],[112.731570997370554,-7.36074546879478],[112.731591283,-7.36114308925567],[112.731609039,-7.3614911292554],[112.73161936,-7.36169342225518],[112.731619426,-7.36169469025516],[112.73161957,-7.36169744225518],[112.73162572,-7.36181807225508],[112.73164874,-7.36214364225478],[112.73165147,-7.3621443022548],[112.7316636,-7.3623918422545],[112.73164507,-7.36239261225455],[112.731684854,-7.36239487725453],[112.7322765,-7.3624285622545],[112.73227699,-7.36255373225442],[112.732277001,-7.36255651525438],[112.73227846,-7.36293406225401],[112.73199336,-7.36431401225272],[112.73198351,-7.36436168225271],[112.73204288,-7.36437388225272],[112.732039739,-7.36439134425266],[112.732033386,-7.36442666825264],[112.73195789,-7.3648464242523],[112.73167041,-7.36643253225078],[112.731328463793943,-7.367848105055509],[112.73130777,-7.36793377224938],[112.73124712,-7.36792596999995],[112.73089,-7.36788],[112.730487765,-7.36782194499994],[112.72992,-7.36774],[112.72944,-7.36769],[112.72932,-7.36767],[112.729273627,-7.36766337199996],[112.729252891,-7.36766040224965],[112.729022344,-7.367627182],[112.727735317,-7.36744090099994],[112.72764972,-7.36742867999993],[112.72758117,-7.36741988999996],[112.7275077,-7.36741046999997],[112.72727,-7.36737999224994],[112.72701434,-7.36734991225001],[112.72693,-7.36733999224998],[112.72680264,-7.36732529225],[112.72667,-7.36730999225004],[112.72667,-7.36730107224998],[112.72667,-7.36724502225001],[112.726438511711464,-7.36721983588087],[112.72646008702084,-7.367007854821067],[112.726475411566014,-7.366864213310544],[112.72648,-7.36681999225042],[112.726494403,-7.3667263812505],[112.72650188,-7.36667778225056],[112.72652,-7.36655999225071],[112.726541627,-7.36643888125079],[112.72657,-7.36627999225093],[112.72657362,-7.36625738225093],[112.726590227,-7.36615358025108],[112.72661,-7.36602999225119],[112.72661464,-7.36600309225119],[112.726634544,-7.36588764525129],[112.72666,-7.36573999225141],[112.7266687,-7.36569125225151],[112.726688552,-7.36558009225157],[112.72671,-7.36545999225169],[112.7267152,-7.36542985225172],[112.726732289,-7.3653307272518],[112.72676,-7.36516999225198],[112.72676572,-7.36514137225202],[112.726784478,-7.36504759825212],[112.72679,-7.3650199922521],[112.72681,-7.36490999225222],[112.72681717,-7.36487415225222],[112.726838844,-7.36476577925231],[112.72687,-7.36460999225251],[112.72687652,-7.36457739225255],[112.726894328,-7.3644883512526],[112.72693,-7.36430999225278],[112.72693159,-7.36429883225276],[112.72694,-7.3642399922528],[112.726951706,-7.3641541512529],[112.72697,-7.36401999225304],[112.7269723,-7.36400313225307],[112.726986613,-7.36389816625308],[112.727,-7.36379999225325],[112.727061920922011,-7.363509576798496],[112.724841713,-7.36300970625395],[112.724233633,-7.36286331625408],[112.724247415,-7.36283115825415],[112.724315596412765,-7.362730061118701],[112.7242389,-7.36267898225428],[112.724239539,-7.36267192425428],[112.72413653,-7.36269372225425],[112.723941751126048,-7.362738467452686],[112.72391374,-7.3627449022542],[112.72376021,-7.36274791225421],[112.72373861,-7.36273285225425],[112.72373853,-7.36273288225422],[112.72354993,-7.36270932225426],[112.722985336,-7.36257409825436],[112.72291525,-7.36255731225436],[112.72278913,-7.36252710225445],[112.72219598,-7.36245653225447],[112.722024493,-7.36240278425457],[112.72199507,-7.36239356225449]]]]}},
{"type":"Feature","properties":{"kdkab":"15","kdkec":"140","nmkab":"SIDOARJO","nmkec":"WARU","kddesa":"001","kdprov":"35","nmdesa":"MEDAENG","nmprov":"JAWA TIMUR","iddesa":"3515140001"},"geometry":{"type":"MultiPolygon","coordinates":[[[[112.71675,-7.3594499922573],[112.71612,-7.35967999225704],[112.716049514,-7.35970553325697],[112.71603801,-7.359709702257],[112.715478033,-7.3599125892568],[112.71543,-7.35992999225683],[112.714953959,-7.35999533125678],[112.71492,-7.35999999225674],[112.71489579,-7.36000542225675],[112.71461497,-7.36006846225667],[112.714606455,-7.36007037425667],[112.71450428,-7.36009331225666],[112.71443,-7.36010999225664],[112.71403,-7.3601799922566],[112.71341,-7.36025999225648],[112.713263444,-7.3602877872565],[112.71319187,-7.36030136225646],[112.713143602,-7.36031051625645],[112.71283,-7.36036999225636],[112.712696917908517,-7.360390293870863],[112.71254701,-7.36041316225635],[112.712545265,-7.36041342825634],[112.71224,-7.36045999225628],[112.712123741,-7.36047922325628],[112.711136465,-7.36064253525614],[112.71091,-7.36068],[112.710119198,-7.3607182542561],[112.70967,-7.36074],[112.709026536,-7.36080032099994],[112.70873682,-7.36082748225599],[112.70875116,-7.36076054225604],[112.709139924,-7.35894540899995],[112.709144523169002,-7.35893031746855],[112.709269009,-7.35849810299993],[112.70936912,-7.35825907699997],[112.709401413,-7.35820660199993],[112.709642419,-7.35821113299992],[112.709793324,-7.35820272900001],[112.70996754,-7.35818652699993],[112.710070813,-7.35813629699994],[112.710061254,-7.35796252799995],[112.710047842,-7.35777262299996],[112.70999609,-7.35703984999996],[112.709992832,-7.35703398799994],[112.709986703,-7.35698511299992],[112.709957155,-7.35681750599998],[112.70994288,-7.35673653399994],[112.709931642,-7.35670680499991],[112.709896056,-7.35668400499998],[112.709869756,-7.35667958799996],[112.709841122,-7.35668137299994],[112.709830046,-7.35667494399992],[112.7098270954653,-7.356661383483742],[112.709821943,-7.35663770299991],[112.709813873,-7.356490608],[112.709878025,-7.35610493599996],[112.709905474639996,-7.3557929331205],[112.709920795,-7.35569426099993],[112.709941536,-7.35560222999992],[112.70996542,-7.35550224599994],[112.709996664,-7.35522310599992],[112.71003498,-7.35492607099997],[112.710036874,-7.35482705099997],[112.710065902,-7.35466518526168],[112.710081488,-7.35453617526179],[112.710098173,-7.35443683626189],[112.710079953,-7.35443362499996],[112.709957182,-7.35439061999993],[112.709734859,-7.35427905799997],[112.70924702,-7.35394970226232],[112.709205074,-7.35392138999994],[112.709391714,-7.35323515226297],[112.709591501,-7.35230882199994],[112.709676224,-7.35189104299998],[112.70980262,-7.35126269999998],[112.70982,-7.35117],[112.709834067,-7.35114185726494],[112.70983801,-7.35113397226491],[112.70986773,-7.35088902999997],[112.709866993,-7.350698058],[112.70986567,-7.35035040999997],[112.70988855,-7.3502338499999],[112.709989846,-7.35026994500002],[112.71006005,-7.35029052226571],[112.710215848829094,-7.350336250630244],[112.710431053,-7.35039927299994],[112.710570084056471,-7.350440256803147],[112.71120832,-7.35057093226547],[112.71135,-7.35059999226541],[112.7114151,-7.3506162722654],[112.71191,-7.3507399922653],[112.71207,-7.35077999226524],[112.712483795528513,-7.350861128643364],[112.71258,-7.35087999226522],[112.71330736,-7.35107514226497],[112.713450837236152,-7.351112329396867],[112.71349163,-7.35112290226494],[112.71384,-7.35120999226492],[112.7140412364746,-7.351232565227017],[112.7141,-7.35123999226485],[112.714286974,-7.35123999226485],[112.7148,-7.35123999226485],[112.71497,-7.35123999226485],[112.71514,-7.35129999226482],[112.71531,-7.35142999226461],[112.71546,-7.35154999226459],[112.71551502,-7.35156692226454],[112.71556562,-7.35158249226452],[112.715588002,-7.35158937726453],[112.71559,-7.35158999226449],[112.71604,-7.35151999226457],[112.71625,-7.35147999226465],[112.71638489,-7.35150379226459],[112.71642,-7.3515099922646],[112.71643079,-7.35151393226463],[112.71648693,-7.35153444226461],[112.716596447980379,-7.351574459734035],[112.716882131,-7.3516788472644],[112.71694,-7.35169999226441],[112.71696793,-7.35171200226439],[112.71772102,-7.35203591226411],[112.71772361,-7.35203702626416],[112.71775273,-7.35204955226411],[112.71787,-7.35209999226406],[112.71814,-7.3521999922639],[112.71843,-7.3522399922639],[112.71904,-7.35218999226398],[112.71927,-7.35216999226396],[112.71958,-7.35220999226398],[112.71974061,-7.35228435226389],[112.7197898,-7.35230712226384],[112.719842675,-7.35233160226386],[112.72022265,-7.35250752226371],[112.720479019357455,-7.352626207531096],[112.72066,-7.35270999226345],[112.72128874,-7.3529957822632],[112.72132,-7.35300999226321],[112.72144862,-7.35303217226317],[112.721451135,-7.35303260626322],[112.72243607,-7.35320242226303],[112.72248,-7.35320999226297],[112.72253002,-7.35321499226306],[112.72255556,-7.35321755226302],[112.722559879,-7.353217983263],[112.72256608,-7.353218602263],[112.72258,-7.35321999226302],[112.722580027,-7.35321999526299],[112.72259689,-7.35322168226299],[112.72278,-7.353239992263],[112.72312,-7.35328999226294],[112.72312728,-7.35329242226295],[112.72313729,-7.35330728226297],[112.72319443,-7.35334088226292],[112.72319732,-7.3533425822629],[112.723229666,-7.3533616022629],[112.723451,-7.35349175226275],[112.72371946,-7.35370357226254],[112.72376449,-7.35373210226252],[112.723868279,-7.35379785726248],[112.72394683,-7.35384762226243],[112.72411486,-7.35389679226244],[112.72425095,-7.3538962622624],[112.72426762,-7.35388584226237],[112.72434597,-7.35386741226243],[112.724402392,-7.35385413526245],[112.72442,-7.35384999226245],[112.72449,-7.35384999226245],[112.72449201,-7.3538508822624],[112.72450344,-7.35385171226241],[112.72455983,-7.3538558222624],[112.7246513,-7.35387542226242],[112.724656485,-7.35387650226242],[112.72468266,-7.3538819522624],[112.72471795,-7.3538989422624],[112.72473683,-7.35390391226232],[112.72474278,-7.35390547226242],[112.72474993,-7.35390854226241],[112.72480681,-7.35393292226233],[112.72515512,-7.35408346226223],[112.72529592,-7.35414432226211],[112.72531776,-7.35415376226213],[112.72553338,-7.35425308226202],[112.7258551,-7.35445564226191],[112.72588621,-7.35447523226184],[112.72591934,-7.35449574226182],[112.72611806,-7.35461875226174],[112.72618173,-7.35470729226167],[112.72589387,-7.35545013226094],[112.72587384,-7.35550182226094],[112.725872495,-7.35550529426088],[112.72583206,-7.35560965226082],[112.72576987,-7.35669221225981],[112.72413163,-7.35643346226003],[112.72369575,-7.35797903225864],[112.723681221,-7.35803054625857],[112.723671446135,-7.35806520400233],[112.723732338700998,-7.35822365562516],[112.723717372267998,-7.35824950673593],[112.723654105075994,-7.35829508632597],[112.723608420787997,-7.3583272517938],[112.723587436421994,-7.35834202650081],[112.723514645136007,-7.35842570246462],[112.723444575019997,-7.35850053462736],[112.723381988119996,-7.35854951567935],[112.723307836250001,-7.35861074199433],[112.723216677069999,-7.35865292012244],[112.723095585025007,-7.3586665259702],[112.722988779120001,-7.35863047047361],[112.722905103155995,-7.35857128503579],[112.722743873859997,-7.3584202601255],[112.722738094869996,-7.35838352226151],[112.722736487,-7.35838358225824],[112.72273211,-7.35837781225823],[112.72270989,-7.35835037225827],[112.72267207559068,-7.35832279523211],[112.72264717,-7.35830463225832],[112.7225962,-7.35827327225829],[112.72254916,-7.35823537225835],[112.72252172,-7.35821185225835],[112.72237405,-7.35817264225844],[112.72209571,-7.35809424225849],[112.72194151,-7.35805242225854],[112.72187723,-7.35804324225856],[112.72176939,-7.35800416225859],[112.72176248,-7.35800538225862],[112.72173765,-7.3580014622586],[112.7216893,-7.35798970225861],[112.7216318,-7.35797009225862],[112.72158345,-7.3579583322586],[112.72152987,-7.35794526225866],[112.72148332,-7.35792770225867],[112.72148,-7.35792999225864],[112.721464412,-7.35792899425862],[112.72100698,-7.35789973225867],[112.72100904,-7.35789472225866],[112.721000568,-7.35789433925871],[112.72097808,-7.35789332225871],[112.72094182,-7.35789038225871],[112.72091209,-7.35788777225868],[112.72084414,-7.35788319225871],[112.72079252,-7.35787927225874],[112.72078043,-7.35787829225866],[112.72076834,-7.3578737222587],[112.72075005,-7.35786784225869],[112.72066609,-7.35784007225875],[112.7206431,-7.35783218225878],[112.720634297,-7.35785211825873],[112.720614300453917,-7.357897404754821],[112.72060883847324,-7.357909774589391],[112.720575833607469,-7.357984521234057],[112.72029067,-7.358630342258],[112.72016588,-7.35858779225804],[112.71987213,-7.35847314225815],[112.71973127,-7.35841635225824],[112.71944408,-7.35827221225831],[112.71925012,-7.35817923225842],[112.71925,-7.35817999225841],[112.719249641,-7.35818106925845],[112.71924024,-7.35820927225836],[112.71922,-7.35826999225836],[112.71921139,-7.35827262225834],[112.7184112,-7.35851758225814],[112.718364283,-7.35853194225807],[112.71833439,-7.3585410922581],[112.718265941,-7.35856204925809],[112.71824,-7.35856999225807],[112.71816,-7.35859999225809],[112.7179,-7.35867999225797],[112.71764,-7.35882999225784],[112.71743,-7.35899999225768],[112.71728,-7.35914999225752],[112.71726314,-7.3592029822575],[112.717260816,-7.35921028525743],[112.71721,-7.35936999225738],[112.717204251,-7.35937049525737],[112.71720292,-7.3593706122573],[112.71706112,-7.35938294225729],[112.71698,-7.35938999225733],[112.71675,-7.3594499922573]]]]}},
{"type":"Feature","properties":{"kdkab":"15","kdkec":"140","nmkab":"SIDOARJO","nmkec":"WARU","kddesa":"013","kdprov":"35","nmdesa":"KEPUH KIRIMAN","nmprov":"JAWA TIMUR","iddesa":"3515140013"},"geometry":{"type":"MultiPolygon","coordinates":[[[[112.75580363,-7.35393856226235],[112.75566908,-7.3541358822622],[112.75559062,-7.35429535226206],[112.7554971,-7.35440059226193],[112.75533532,-7.35442836226189],[112.755190232,-7.35450698826181],[112.75512076,-7.35454417226176],[112.75492242,-7.35458996226171],[112.75482471,-7.35458363226174],[112.75467786,-7.35457157226176],[112.75456294,-7.3545508622618],[112.75446353,-7.35453356226178],[112.75431591,-7.35447898226187],[112.75388219,-7.35431737226197],[112.75388202,-7.35431970226204],[112.75385924,-7.35431208226198],[112.75374315,-7.35429744226199],[112.75373472,-7.354294282262],[112.7535293,-7.35424182226206],[112.75347899,-7.35423254226206],[112.753370579,-7.35404103626222],[112.75336915,-7.35403851226225],[112.75316739,-7.35359320226264],[112.75313263,-7.35341065226281],[112.75303826,-7.35321983226302],[112.7530384,-7.35321289226303],[112.75302222,-7.35319731226301],[112.75302539,-7.35319439226304],[112.75294392,-7.35303751226315],[112.75286263,-7.35292736226332],[112.75287052,-7.35277013226341],[112.752875778000814,-7.352756860548495],[112.75293795,-7.35259993226356],[112.7529414,-7.3525899622636],[112.75296051,-7.35253475226367],[112.752961184,-7.35253280326363],[112.752972,-7.3525015522637],[112.752972228,-7.35250089326366],[112.75302631,-7.35234467226379],[112.753026,-7.35226455226392],[112.75302586,-7.35222883226392],[112.75302573,-7.35219597226396],[112.75297818,-7.35200922226415],[112.75294305,-7.35196775226419],[112.75277724,-7.35177208226431],[112.75276732,-7.35175711226435],[112.752566483940015,-7.351726640513766],[112.752826837780574,-7.350496184680437],[112.752874886850435,-7.350508255728768],[112.752919750162192,-7.349892638730968],[112.752888559,-7.3498801622661],[112.752900677,-7.34977514026619],[112.752966826702959,-7.349201836061598],[112.75298524,-7.3490422522669],[112.75299054,-7.34900217226692],[112.753115464,-7.34805685526777],[112.75311836,-7.34803494226781],[112.753224730250338,-7.347230088421035],[112.753229563,-7.34719352126859],[112.75324219,-7.34709798226866],[112.75324824,-7.34705348226871],[112.75331106,-7.34659205226916],[112.753314752,-7.34656464526916],[112.75336952,-7.346158447269538],[112.75337087,-7.34614843226959],[112.75336328,-7.34614770226953],[112.75338355,-7.34591725226976],[112.75338483,-7.34590270826977],[112.753396426,-7.34577092226989],[112.753398619,-7.34574600226994],[112.75340377,-7.34568746227001],[112.753449235,-7.34512029127054],[112.75344935,-7.3451188522705],[112.7534475,-7.34511866227049],[112.753452568,-7.3450608692706],[112.75345401,-7.34504443227058],[112.75345674,-7.34501332227059],[112.75345904,-7.3450135822706],[112.75353254,-7.34400296227153],[112.75353254,-7.34400288727155],[112.75394395,-7.34408982227149],[112.75414038,-7.34414475227138],[112.754389543,-7.34421432027134],[112.75485283,-7.3443436722712],[112.75495475,-7.34436577127114],[112.755225288,-7.34442443127113],[112.75522903,-7.34442524227116],[112.755250722564369,-7.344431452434517],[112.75606632,-7.34466494227095],[112.756200353,-7.34469930427083],[112.756555643,-7.34479038827081],[112.75673431,-7.34483619227078],[112.75673649,-7.34481224227079],[112.75678307,-7.34482589627077],[112.75748951,-7.34503297227054],[112.75750553,-7.34502675227056],[112.75775732,-7.34505784227055],[112.758138,-7.34518465227049],[112.75852927,-7.34527935227035],[112.75883476,-7.34534765227029],[112.75885295,-7.34536075227025],[112.75889383,-7.34539018227023],[112.75889276,-7.3453928422702],[112.758930677,-7.3453928422702],[112.75893391,-7.3453928422702],[112.758917329,-7.34559024127007],[112.75887498,-7.34609442226957],[112.75887129,-7.34613830226956],[112.75880977,-7.34638440226931],[112.75875817,-7.34647384226924],[112.75866873,-7.34656328226914],[112.75865841,-7.34657704226915],[112.758635719,-7.34660162426912],[112.75857585,-7.34666648226909],[112.75847953,-7.34673183226903],[112.75840385,-7.34677311226895],[112.75833945,-7.34680992226895],[112.75834209,-7.346810672269],[112.75832303,-7.34684561226891],[112.75831098,-7.34686771226888],[112.75826626,-7.3469416722688],[112.75824562,-7.34700015226873],[112.75822842,-7.34707239226869],[112.7582181,-7.34712571226864],[112.75821466,-7.34718075226858],[112.75821466,-7.34724144226855],[112.75821394,-7.34724147226856],[112.75821373,-7.34725851226851],[112.75821122,-7.34746454226832],[112.75824906,-7.3475505422682],[112.758298045,-7.34761585626821],[112.75831098,-7.34763310226815],[112.75835226,-7.34766406226811],[112.75839354,-7.34770878226811],[112.758403122579423,-7.347723689362663],[112.75845545,-7.34780509226802],[112.75848641,-7.347853252268],[112.75851096,-7.3479268922679],[112.75850932,-7.34792693226794],[112.75851055,-7.34793179226792],[112.75850791,-7.34793237226794],[112.75851307,-7.3479676322679],[112.75852425,-7.3480183722678],[112.75853715,-7.34808287226775],[112.75854661,-7.34812845226772],[112.75855951,-7.34818693226766],[112.75856811,-7.3482299322676],[112.75857757,-7.34826433226757],[112.75858875,-7.34831506226757],[112.75860079,-7.34841052226745],[112.75860509,-7.34845266226744],[112.75863949,-7.34850082226739],[112.75866185,-7.34854296226732],[112.75869367,-7.34861176226725],[112.75871861,-7.34866078226724],[112.75874957,-7.34872356226712],[112.75876333,-7.34873990226713],[112.75876748,-7.34874152226712],[112.758768913,-7.34874823326715],[112.75878311,-7.34881472226707],[112.75878999,-7.34885341226706],[112.75879171,-7.34890845226703],[112.75879343,-7.34896263226695],[112.75879257,-7.34901767226692],[112.75879085,-7.34912775226675],[112.75879257,-7.34926191226667],[112.75878827,-7.34930319226664],[112.75878225,-7.34945368226654],[112.75876419,-7.3497607022662],[112.75875903,-7.34980542226614],[112.75874097,-7.34988454226613],[112.75873925,-7.34991034226603],[112.75873753,-7.34992324226607],[112.75874402,-7.349945662266],[112.75865795,-7.35039865026564],[112.75865567,-7.35041065226565],[112.75870162,-7.35040522226561],[112.758701666,-7.3504073712656],[112.75870714,-7.35066276226532],[112.75877649,-7.35063341226539],[112.75877711,-7.35068022226535],[112.758777122,-7.35068114026536],[112.75877719,-7.35068640226538],[112.75881,-7.3506699922654],[112.75889,-7.3506299922654],[112.75895,-7.35060999226541],[112.75902,-7.35057999226546],[112.75909,-7.35054999226547],[112.75917,-7.3505199922655],[112.75924,-7.35048999226556],[112.75931,-7.35045999226554],[112.75938,-7.3504299922656],[112.759419716,-7.35041864526562],[112.759426261886361,-7.350416774919734],[112.75945,-7.35040999226561],[112.75951,-7.35037999226563],[112.7596,-7.35034999226564],[112.75969,-7.35030999226576],[112.75978,-7.3502799922657],[112.75980453,-7.3502718122657],[112.75987,-7.35024999226576],[112.7599009,-7.35024116626579],[112.75990284,-7.35024061226577],[112.75993658,-7.35023097226577],[112.75994,-7.35022999226578],[112.76001,-7.35019999226584],[112.76011,-7.35016999226581],[112.76019,-7.35013999226586],[112.76027,-7.35010999226589],[112.76035,-7.35006999226591],[112.760405279904163,-7.350038403749256],[112.76042,-7.35002999226593],[112.76047,-7.349999992266],[112.76052,-7.34995999226606],[112.76058,-7.34991999226604],[112.76064,-7.34986999226611],[112.76072,-7.34980999226614],[112.76078196,-7.34975688226627],[112.76079,-7.34974999226621],[112.760793168,-7.34974761626623],[112.76087,-7.34968999226629],[112.76095,-7.34962999226631],[112.76103,-7.34956999226639],[112.7611,-7.34950999226643],[112.76117,-7.34945999226648],[112.76123,-7.34940999226654],[112.76129,-7.34936999226661],[112.761328691,-7.34935064726657],[112.76137,-7.34932999226663],[112.761385587,-7.34932024326659],[112.7613861,-7.34931992226664],[112.76145,-7.34927999226666],[112.76155,-7.34923999226666],[112.76162,-7.3492199922667],[112.76168,-7.34920999226674],[112.76177,-7.34919999226668],[112.76184,-7.34919999226668],[112.76191,-7.34919999226668],[112.76199,-7.34920999226674],[112.76207,-7.3492199922667],[112.76217,-7.34923999226666],[112.76227,-7.34927999226666],[112.76235,-7.34929999226664],[112.76241,-7.34931999226667],[112.76247,-7.34933999226657],[112.76253,-7.34936999226661],[112.76259,-7.34938999226658],[112.76266,-7.3494199922665],[112.76273,-7.34944999226646],[112.7627921,-7.34947660226644],[112.7628,-7.34947999226649],[112.762859511031593,-7.349509747782228],[112.76286,-7.34950999226643],[112.76286149,-7.34951063226642],[112.76286424,-7.34951181126637],[112.762875095,-7.34951646326642],[112.76293,-7.34953999226637],[112.76299,-7.34956999226639],[112.76306,-7.34959999226634],[112.76315,-7.34963999226631],[112.76323,-7.34967999226633],[112.76327168768789,-7.349703813802194],[112.7633,-7.34971999226621],[112.76339,-7.34975999226621],[112.76347,-7.34980999226614],[112.76354,-7.34984999226611],[112.7636,-7.34988999226609],[112.76366,-7.34992999226605],[112.76375,-7.34997999226599],[112.76383,-7.35001999226601],[112.7639,-7.35004999226596],[112.76399,-7.3500799922659],[112.76408,-7.35009999226589],[112.76415,-7.35011999226589],[112.76418989,-7.35012664226586],[112.76421,-7.35012999226591],[112.76425831,-7.35014609226588],[112.764265468,-7.35014848026582],[112.76427,-7.35014999226582],[112.76433,-7.35015999226583],[112.7644,-7.35016999226581],[112.76447,-7.35017999226581],[112.76456,-7.35018999226576],[112.76464,-7.35020999226579],[112.76474,-7.35021999226584],[112.76484,-7.35023999226573],[112.76494,-7.35024999226576],[112.76505,-7.35026999226572],[112.76516,-7.3502799922657],[112.76524381,-7.35029523226574],[112.76527,-7.35029999226571],[112.76532514,-7.35030458226571],[112.76539,-7.35030999226576],[112.76551,-7.35032999226564],[112.76562,-7.35034999226564],[112.76573,-7.35035999226568],[112.76583,-7.35037999226563],[112.76592,-7.35038999226562],[112.76601,-7.35040999226561],[112.76607,-7.35041999226558],[112.76615,-7.35043999226555],[112.76622,-7.35047999226553],[112.766052669085539,-7.351130118205153],[112.766123009809178,-7.351160892271742],[112.76595814873815,-7.351730212503631],[112.76605265,-7.35175269226439],[112.76588704,-7.3523767422638],[112.76589092,-7.35237848426381],[112.766512629,-7.35254677926361],[112.76651659,-7.35252713226367],[112.766516,-7.35251880226366],[112.76671641,-7.35171375226439],[112.76672717,-7.35168277226448],[112.76677227,-7.35155296226452],[112.76701247,-7.35160100226449],[112.76712291,-7.35160749226448],[112.76717423,-7.35158671226451],[112.76719595075491,-7.351568509539064],[112.76720606,-7.35155033226456],[112.76724374,-7.35139572226471],[112.767278852330023,-7.351219828358792],[112.76736899,-7.35076828226526],[112.76737336,-7.35074637626524],[112.76737365,-7.35074492226532],[112.767426811908706,-7.350756719555643],[112.76785073,-7.35085079226519],[112.76829631,-7.35089584226518],[112.76850736,-7.35091373226516],[112.76856597,-7.35093351226511],[112.768637467,-7.35095763826508],[112.76863899,-7.35095815226511],[112.768713447,-7.35098328426511],[112.76879198,-7.35100979226505],[112.76885007,-7.35102939226506],[112.76886,-7.35103999226503],[112.76894,-7.35105999226504],[112.76902,-7.35107999226499],[112.76907047,-7.351086302265],[112.7691,-7.35108999226497],[112.76912165,-7.35109540226501],[112.76918,-7.35110999226493],[112.76926,-7.35111999226495],[112.76933,-7.35113999226491],[112.76941,-7.35114999226495],[112.769455308,-7.35114999226495],[112.76945999,-7.35114999226495],[112.76948,-7.35114999226495],[112.76955,-7.35115999226489],[112.76957992,-7.35115999226489],[112.76962,-7.35115999226489],[112.76969,-7.35116999226494],[112.76976,-7.35116999226494],[112.769784769,-7.35116999226494],[112.769802259,-7.35116999226494],[112.76984,-7.35116999226494],[112.76991,-7.35116999226494],[112.769969768132782,-7.35116999226494],[112.76999,-7.35116999226494],[112.77006,-7.35116999226494],[112.77014,-7.35116999226494],[112.77022,-7.35116999226494],[112.77029,-7.35115999226489],[112.77038,-7.35115999226489],[112.77044,-7.35115999226489],[112.77045187,-7.35115999226489],[112.77051,-7.35115999226489],[112.77054874,-7.35115999226489],[112.77058,-7.35115999226489],[112.77065,-7.35114999226495],[112.77072,-7.35114999226495],[112.77079,-7.35113999226491],[112.77087,-7.35113999226491],[112.77088922,-7.35113759226492],[112.77092335,-7.35113332226494],[112.77095,-7.35112999226495],[112.77104,-7.35111999226495],[112.77113,-7.351099992265],[112.77122,-7.35108999226497],[112.77125256,-7.35108348226499],[112.77132,-7.351069992265],[112.77139592,-7.35105619226502],[112.77143,-7.35104999226499],[112.771474991313085,-7.3510409940024],[112.771222589140834,-7.352230008716096],[112.771219261,-7.3522296352639],[112.771106883,-7.35221544026398],[112.77110676,-7.35221708226394],[112.770911567,-7.35219625226395],[112.7709111,-7.35219620226393],[112.770823772,-7.35263738526354],[112.770781551,-7.35285068526335],[112.770772257582294,-7.352897635446115],[112.770726744,-7.35312756926311],[112.77069357,-7.35329516226296],[112.77069239,-7.35329495226296],[112.77068881,-7.3533119822629],[112.77067908,-7.35335818226287],[112.77067289,-7.35338758226282],[112.770667089,-7.35338743626287],[112.77062276,-7.35338632226287],[112.77062319,-7.35338397226281],[112.77002797,-7.35333405226292],[112.76964555,-7.35327942226295],[112.76964252,-7.35327898226298],[112.769562947668859,-7.353275298277867],[112.76955137,-7.35327476226291],[112.769437605,-7.35325946326294],[112.76941306,-7.353256162263],[112.76846232,-7.35312835226311],[112.7682867,-7.35311091226313],[112.76803754,-7.35308617226312],[112.76803748,-7.35308672226315],[112.76801797,-7.35308445226311],[112.76801801,-7.35308423226312],[112.76800132,-7.3530825722632],[112.767959864,-7.35304076426318],[112.76794229,-7.35302304226317],[112.76778632,-7.35298217226323],[112.76769879,-7.35295924226327],[112.76751209,-7.35291032226326],[112.76715462,-7.35281666226345],[112.767127622535611,-7.352803318957671],[112.766919014013752,-7.352805656223527],[112.766482019661296,-7.352698603586935],[112.76642801,-7.35296649226328],[112.76634831,-7.3533215322629],[112.76627948,-7.35387583226239],[112.76626861,-7.35400988226226],[112.76621426,-7.35431782226201],[112.766184924,-7.35442812926191],[112.76612369,-7.35465837226166],[112.76585382,-7.35544360226096],[112.765860324,-7.35544574626097],[112.7677928,-7.35608277226035],[112.76779227,-7.35608493226036],[112.76786673,-7.35611187226035],[112.76785783,-7.35613650226029],[112.767442592,-7.35734856025918],[112.76743773,-7.35736174225919],[112.76739695,-7.3574723322591],[112.76658576,-7.35967177225703],[112.76658078,-7.35968526125704],[112.76658017,-7.35968691225706],[112.76602859,-7.35945507225729],[112.76602952,-7.35945271225728],[112.76533028,-7.35917428225754],[112.76485206,-7.35900400225767],[112.76451845,-7.35888740125781],[112.76452445,-7.35877150225787],[112.764540936,-7.35850855825811],[112.76455735,-7.35824675225833],[112.76457909,-7.35814531225846],[112.76458815,-7.35807467225852],[112.764613327267185,-7.358013526048542],[112.76465155,-7.35792613225867],[112.764712217,-7.35781437025877],[112.76472038,-7.35779933225873],[112.76471889,-7.3577991722588],[112.76472695,-7.35778370225883],[112.76464976,-7.35776464225885],[112.7646503,-7.35776311225885],[112.76378953,-7.35752376225903],[112.76383366,-7.35743247225909],[112.76396407,-7.35715478225939],[112.76400076,-7.35707664225946],[112.76409133,-7.35709887225947],[112.76411692,-7.35705094225947],[112.76422224,-7.35685376225962],[112.76442331,-7.3569171622596],[112.76451143,-7.35694954225959],[112.764629067233386,-7.356654526161783],[112.764709188174749,-7.356684875003211],[112.764853648659951,-7.356323116813395],[112.764790523069777,-7.356212647030598],[112.76460211,-7.35611056226033],[112.76459375,-7.35610526226034],[112.7644637,-7.35602282226045],[112.76445976,-7.35601901226042],[112.76445976,-7.35598676226049],[112.76445976,-7.35592155226053],[112.764468727,-7.35586101426056],[112.76447425,-7.35582373226062],[112.76448512,-7.3557295422607],[112.76449237,-7.35564621226073],[112.76452497,-7.35548680226089],[112.76452663,-7.35547951226091],[112.764527,-7.35547790226086],[112.764529168,-7.35546835326092],[112.7645292,-7.35546821226098],[112.764543401080616,-7.355405723068487],[112.7645612,-7.35532740226111],[112.764563159,-7.35531846626109],[112.7645898,-7.35519694226116],[112.76460895,-7.35512118226127],[112.76460654,-7.35512056226124],[112.764605033,-7.35512017226125],[112.76453841,-7.35510293226126],[112.76453321,-7.35510213226123],[112.76279802,-7.35483556226155],[112.76268749,-7.35481858226158],[112.76268738,-7.35481930226151],[112.76108184,-7.35457342226177],[112.76106906,-7.35457146226178],[112.76099862,-7.35456067226178],[112.76099852,-7.35456134226174],[112.759625316,-7.35436664626192],[112.75961795,-7.35436560226196],[112.75961876,-7.35436330226193],[112.75902318,-7.35426823226205],[112.75898778,-7.35426495226206],[112.75898011,-7.35426424226207],[112.758975448,-7.35426380926203],[112.75891395,-7.35425810226202],[112.75890646,-7.35425688226204],[112.75824733,-7.35414986226216],[112.75804074,-7.35413438226215],[112.75793406,-7.3541263822622],[112.75789602,-7.35412353226213],[112.757603524,-7.35409145826218],[112.75725948,-7.35405373226219],[112.75671346,-7.35398655226232],[112.7564471,-7.3539537822623],[112.75637234,-7.35393805226237],[112.756163767,-7.35389418226242],[112.75600801,-7.35386142226243],[112.755868039546996,-7.35391425189709],[112.75580363,-7.35393856226235]]]]}},
{"type":"Feature","properties":{"kdkab":"15","kdkec":"140","nmkab":"SIDOARJO","nmkec":"WARU","kddesa":"016","kdprov":"35","nmdesa":"KEDUNGREJO","nmprov":"JAWA TIMUR","iddesa":"3515140016"},"geometry":{"type":"MultiPolygon","coordinates":[[[[112.73159783,-7.35572083226069],[112.73148086,-7.35570748226069],[112.73124,-7.35567999226072],[112.73095413,-7.3556192922608],[112.7309429,-7.3556169072608],[112.730534174,-7.3555301192609],[112.73046595,-7.35551563226091],[112.730460934,-7.35551456726091],[112.73041356,-7.35550451226089],[112.72978,-7.35536999226101],[112.72932,-7.35531999226107],[112.7292694,-7.3553140422611],[112.72917598,-7.35530305226107],[112.729174056,-7.35530282626106],[112.729129334,-7.35529756526111],[112.72798984,-7.35516351226125],[112.72795436,-7.35515933226121],[112.7279546,-7.35516855226127],[112.72794706,-7.35516976226125],[112.727934235,-7.35516902126123],[112.72793286,-7.35516894226119],[112.72792771,-7.3551686522612],[112.727921699,-7.35516830826121],[112.72787867,-7.35516584226118],[112.72785203,-7.35516301226123],[112.7278475,-7.35516253226126],[112.72780906,-7.35516373226125],[112.72769577,-7.35515288226118],[112.72743544,-7.35511793226127],[112.72731371,-7.35510949226131],[112.72713413,-7.35507936226131],[112.72711337,-7.35506038226131],[112.72709489,-7.35505821226129],[112.72707841,-7.35505627226131],[112.72707276,-7.35505560726133],[112.72694,-7.35503999226134],[112.72632633,-7.3547782822616],[112.72626,-7.35474999226159],[112.72618282,-7.35470447226165],[112.72618173,-7.35470729226167],[112.72611806,-7.35461875226174],[112.72591934,-7.35449574226182],[112.726071997,-7.35364344226257],[112.726086359,-7.35356325526269],[112.72608752,-7.3535567722627],[112.72608646,-7.3535565122627],[112.72610596,-7.35345902226278],[112.726120686,-7.35338539026287],[112.726010344,-7.35336277926291],[112.726043663,-7.353180096263],[112.726136728,-7.35318813826306],[112.726150391,-7.35312008726312],[112.726150647,-7.3531112492631],[112.726195899,-7.35286011326332],[112.726209686,-7.35274636726348],[112.726225819858385,-7.352541816157875],[112.726241857,-7.35233849126379],[112.72628054995937,-7.352016991815463],[112.72640797785111,-7.35094416890996],[112.726512098,-7.3509502792651],[112.72706475,-7.35098271226504],[112.72709634,-7.35098457226504],[112.727096569,-7.35098095526507],[112.72719517542636,-7.349425155434328],[112.727200974,-7.3493336662666],[112.72725717,-7.34844701226744],[112.72745506,-7.3484562122674],[112.727706402,-7.34842755126744],[112.72771446,-7.34842663226743],[112.72829432,-7.34836227226753],[112.7287902,-7.34831221226757],[112.728930054,-7.34829236626756],[112.72893565,-7.3482915722676],[112.72893992,-7.34829096226753],[112.72903162,-7.34827795226757],[112.72907252,-7.34827215226759],[112.729333034,-7.34823598426763],[112.72934717,-7.34823402226761],[112.72935876,-7.34823395226764],[112.72943108,-7.34823353226765],[112.72955316,-7.34823353226765],[112.72959893,-7.34823160226765],[112.731257265254044,-7.348153172342807],[112.73126213,-7.3481529422677],[112.73292893,-7.34814108226772],[112.733052057,-7.34814020826766],[112.7330572,-7.34814017226775],[112.73307032,-7.34814008226773],[112.73315422,-7.34812671226771],[112.73319235,-7.34799655226783],[112.73329918,-7.34731657226845],[112.73339072,-7.34682112226894],[112.73342888,-7.34659033226917],[112.73387139,-7.34651167226919],[112.73472014,-7.34637601226939],[112.73477503,-7.34636724226934],[112.734788392,-7.34636510626939],[112.73526755,-7.34628852226943],[112.73583908,-7.34626796226941],[112.735902596,-7.34626567626944],[112.73591215,-7.34626533226942],[112.73607629,-7.34625943226941],[112.73623648,-7.34625513226943],[112.73630521,-7.34623021226945],[112.73645403,-7.34636890226935],[112.73645362,-7.34638263226936],[112.73649808,-7.34641756226933],[112.736479064,-7.34700618526879],[112.73645942,-7.3476142622682],[112.736422873,-7.34874584326711],[112.73642262,-7.34875369226716],[112.73642194,-7.3487747222671],[112.73642963,-7.34877346226713],[112.73643473,-7.34925576226671],[112.73641384,-7.34943077226654],[112.73640854,-7.34971155226624],[112.73641913,-7.349971142266],[112.73645092,-7.35015126226584],[112.736451403348468,-7.350169609308076],[112.73645427,-7.35027842226571],[112.73649131,-7.35034446226561],[112.73653834,-7.35063414226536],[112.73656747,-7.35073401226532],[112.73656901,-7.35073942226535],[112.73660815,-7.35144616226467],[112.736632487,-7.35154569126454],[112.73663394,-7.35155163226453],[112.73678163,-7.3515319322646],[112.73714231,-7.35148384226462],[112.73714571,-7.35147996226462],[112.73726348,-7.35146699226464],[112.73714,-7.35162999226447],[112.73694,-7.35217999226399],[112.736920637741363,-7.352451056044695],[112.73686591,-7.35321722226296],[112.7368591,-7.35331263226292],[112.73685342,-7.35339217226287],[112.736848489,-7.35346119126278],[112.73684848,-7.35346131226278],[112.73684048,-7.35357327226274],[112.73684,-7.35357999226269],[112.73693093,-7.35375228226248],[112.73696722,-7.35382104226245],[112.736974205,-7.35383427626246],[112.73703,-7.35393999226236],[112.73758,-7.354289992262],[112.7377,-7.3546199922617],[112.73767,-7.35529999226107],[112.7376,-7.35548999226093],[112.73736,-7.35562999226081],[112.737035087,-7.35571330326068],[112.73697,-7.35572999226066],[112.73663,-7.3557999922606],[112.73627,-7.35588999226054],[112.73574,-7.35595999226044],[112.73538061,-7.35594910226043],[112.73537941,-7.35594906626051],[112.73508,-7.35593999226052],[112.73477931,-7.35585312226063],[112.73477815,-7.3558598822606],[112.73476682,-7.35584305226053],[112.73467189,-7.35577073226068],[112.7346247,-7.35575679226065],[112.73459899,-7.35574921226067],[112.73442417,-7.35572807226071],[112.734387919,-7.35572821226064],[112.73437236,-7.35572827226068],[112.73415478,-7.35572912226067],[112.73407178,-7.35576596226062],[112.73407304,-7.35574676226064],[112.733739387,-7.35579488826063],[112.73371842,-7.35579791226061],[112.73371493,-7.3557984122606],[112.733164554,-7.35587779626052],[112.73308,-7.35588999226054],[112.731738693390639,-7.355736641390608],[112.731620447,-7.35572340926073],[112.73159783,-7.35572083226069]]]]}},
{"type":"Feature","properties":{"kdkab":"15","kdkec":"140","nmkab":"SIDOARJO","nmkec":"WARU","kddesa":"015","kdprov":"35","nmdesa":"JANTI","nmprov":"JAWA TIMUR","iddesa":"3515140015"},"geometry":{"type":"MultiPolygon","coordinates":[[[[112.73904866,-7.35086520226517],[112.738899,-7.3507923622653],[112.73883411,-7.35076587226525],[112.73872815,-7.35071952226532],[112.73868292,-7.35070021226536],[112.73866442,-7.35069581226535],[112.73865928,-7.35069832226533],[112.73864471,-7.35069832226533],[112.73860829,-7.35069634226536],[112.73857253,-7.35069501226534],[112.73854472,-7.35069303226537],[112.73853589,-7.35069132226534],[112.7385291,-7.35069201226533],[112.73852419,-7.35069038226535],[112.73851028,-7.35069038226535],[112.73849505,-7.3506897222653],[112.73845863,-7.3506890522654],[112.73843542,-7.35070469226531],[112.73837571,-7.35071489226532],[112.7383756,-7.35071688226532],[112.738364241,-7.35072151526531],[112.73829771,-7.35074865226531],[112.73827387,-7.35076190226531],[112.73822089,-7.35078176226531],[112.73819308,-7.35080031226527],[112.73815599,-7.35082547226522],[112.73811361,-7.35085593226519],[112.73806726,-7.35088772226517],[112.73803282,-7.35091421226514],[112.73800104,-7.35093540226512],[112.73797852,-7.35095526226508],[112.73794144,-7.35097910226509],[112.737917358,-7.35099817326507],[112.73791323,-7.35100144226508],[112.73791354,-7.35100361226508],[112.7378301,-7.351065192265],[112.73771488,-7.35114929226494],[112.73763077,-7.35121154226485],[112.73752283,-7.35129035226482],[112.73745661,-7.35134001226476],[112.73741158,-7.35137246226472],[112.73737516,-7.3514035922647],[112.73734403,-7.35143007226466],[112.73730629,-7.35146186226468],[112.73726388,-7.35146647226461],[112.73726348,-7.35146699226464],[112.73714571,-7.35147996226462],[112.73714231,-7.35148384226462],[112.73678163,-7.3515319322646],[112.73663394,-7.35155163226453],[112.736632487,-7.35154569126454],[112.73660815,-7.35144616226467],[112.73656901,-7.35073942226535],[112.73656747,-7.35073401226532],[112.73653834,-7.35063414226536],[112.73649131,-7.35034446226561],[112.73645427,-7.35027842226571],[112.736451403348468,-7.350169609308076],[112.73645092,-7.35015126226584],[112.73641913,-7.349971142266],[112.73640854,-7.34971155226624],[112.73641384,-7.34943077226654],[112.73643473,-7.34925576226671],[112.73642963,-7.34877346226713],[112.73642194,-7.3487747222671],[112.73642262,-7.34875369226716],[112.736422873,-7.34874584326711],[112.73645942,-7.3476142622682],[112.736479064,-7.34700618526879],[112.73649808,-7.34641756226933],[112.73645362,-7.34638263226936],[112.73645403,-7.34636890226935],[112.73630521,-7.34623021226945],[112.73631279,-7.3462274622695],[112.73631962,-7.34618953226949],[112.73632043,-7.34618503226956],[112.73633567,-7.34612973226956],[112.73633799,-7.34609714426958],[112.73633808,-7.3460958822696],[112.73634142,-7.34604883226964],[112.7363754,-7.34557128227005],[112.73638146,-7.34548599227015],[112.73640802,-7.34534697227026],[112.736514130000046,-7.344617389999939],[112.737661840000101,-7.344709319999936],[112.737747740886775,-7.344936944363561],[112.73775171,-7.34494746227067],[112.73775879,-7.34494803227067],[112.73776648,-7.34494865227067],[112.73776948,-7.34494889227068],[112.73777765,-7.34494954227066],[112.73786211,-7.34495631227062],[112.73893731,-7.34504254227058],[112.73971548,-7.34509019227053],[112.74017328,-7.34512025227045],[112.74042869,-7.34513537227048],[112.740459651,-7.34513720627048],[112.74060815,-7.34514600227048],[112.7408683,-7.34516202227047],[112.74112695,-7.34517794227041],[112.74161521,-7.34521943227039],[112.741837432,-7.34522489627043],[112.74186697,-7.34522562227044],[112.74188973,-7.34522089227041],[112.74189860200002,-7.34521904627036],[112.74198144,-7.34520181227042],[112.74204249,-7.344975292270601],[112.7421035,-7.34466915227092],[112.74229425,-7.34386044227165],[112.74232476,-7.34371357227177],[112.742389496,-7.34334498327219],[112.74239343,-7.34332258227217],[112.742413798,-7.34321224027224],[112.7424239,-7.34315751227234],[112.74249624,-7.34276559227265],[112.74256127,-7.34241326227301],[112.74256343,-7.34240257227299],[112.742594558,-7.34224905127312],[112.74264491,-7.34200071227337],[112.742720303,-7.34162886227372],[112.74273674,-7.34154779227378],[112.74273686,-7.34154723227382],[112.74276663,-7.341410482273869],[112.74282831,-7.3411272122742],[112.74285667,-7.34103501227427],[112.74286912,-7.340994532274301],[112.74288169,-7.34095365227437],[112.74291376,-7.340911552274371],[112.74294214,-7.3408743022744],[112.74295798,-7.34085350227442],[112.74296762,-7.34084807227441],[112.74343101,-7.34106522227428],[112.74380485,-7.34120207227415],[112.74410241,-7.34128124227403],[112.74425531,-7.341322112274011],[112.74432365,-7.341340382274011],[112.74467184,-7.34144659227384],[112.744673702,-7.34144716027389],[112.74477381,-7.34147770227382],[112.74529261,-7.3416360022737],[112.745306046257937,-7.341639366937915],[112.74568252,-7.34173364227363],[112.74645988,-7.34192831227348],[112.74646977,-7.34193113227343],[112.74637,-7.34241999227296],[112.746300489,-7.3431953292723],[112.74628209,-7.34340055227211],[112.74624,-7.34386999227167],[112.74617348,-7.344578182271],[112.7461592,-7.34473025227084],[112.74607,-7.34567999226996],[112.746074119,-7.34569526226999],[112.74608948,-7.34575221226991],[112.74609238,-7.34576297226988],[112.74604217,-7.34580402226985],[112.74606427,-7.34630661826937],[112.74607307,-7.34650673226922],[112.746022839,-7.34677010326894],[112.74598829,-7.34695125226882],[112.74587991,-7.3475195622683],[112.745774573238336,-7.348001682445988],[112.74574137,-7.34815365226771],[112.74571971,-7.34825279226761],[112.745707586,-7.34830829726756],[112.7457048,-7.34832105226748],[112.74560326,-7.34878574226706],[112.74560869,-7.34885285226706],[112.74561228,-7.34889714226699],[112.745612878,-7.34890453026696],[112.74563284,-7.34915110226682],[112.74561971,-7.34917948226669],[112.74562174,-7.34941584226653],[112.74562479,-7.34948812226648],[112.745631383,-7.34964465326631],[112.74563166,-7.34965123226631],[112.74563177,-7.34965384226634],[112.74557614,-7.3496750322663],[112.74542677,-7.34971624226623],[112.74542635,-7.3497166322662],[112.74542532,-7.34971758226627],[112.74540612,-7.34972354226626],[112.74537433,-7.34972818226621],[112.74533062,-7.34974010226626],[112.74528956,-7.34975069226621],[112.74524917,-7.34975996226625],[112.74521672,-7.34976658226616],[112.74517434,-7.34977850226619],[112.74515116,-7.34978513226616],[112.74512798,-7.34978976226621],[112.7450995,-7.34979362226621],[112.7450861,-7.34979705226617],[112.74487949,-7.34984208226618],[112.7447232,-7.3498818122661],[112.744294885,-7.34999667326596],[112.74424906,-7.35000896226596],[112.74406099,-7.3500672322659],[112.74395503,-7.35012286226583],[112.74386762,-7.35016259226584],[112.74360803,-7.35025000226579],[112.74343585,-7.35028444226571],[112.74329281,-7.3502791422657],[112.74316302,-7.35025795226574],[112.74301203,-7.3502129222658],[112.7428637,-7.35015465226583],[112.74276834,-7.35011491226589],[112.74271006,-7.35012551226585],[112.74255378,-7.35013875226584],[112.74231538,-7.35015994226586],[112.74214573,-7.35018086226583],[112.74214585,-7.35018113226584],[112.74212731,-7.35018643226585],[112.74205844,-7.35018643226585],[112.74194719,-7.35020497226579],[112.74182799,-7.35020762226577],[112.741809415,-7.35020994326577],[112.7418039,-7.35021063226577],[112.74170084,-7.35022351226573],[112.7415684,-7.35024735226576],[112.74134854,-7.35029239226571],[112.74127702,-7.35030563226568],[112.741217544,-7.35032590826574],[112.74116048,-7.35034536226567],[112.7410535,-7.35038866226565],[112.74105306,-7.35038893226565],[112.74103333,-7.35041688226561],[112.74093797,-7.35050165226553],[112.74080023,-7.35063409226544],[112.74034992,-7.35086189226519],[112.74006914,-7.35096255226512],[112.73985193,-7.35101553226504],[112.7397036,-7.35102612226506],[112.7396537,-7.35102380226504],[112.73947612,-7.35101554226503],[112.73947593,-7.35101778226505],[112.73946321,-7.35101619226502],[112.73941288,-7.35100427226505],[112.73934666,-7.35098705226509],[112.73928971,-7.35097116226512],[112.73925395,-7.35095262226508],[112.73917846,-7.35092083226515],[112.73912802,-7.3508967062651],[112.73912015,-7.35089294226516],[112.73908707,-7.35087712226515],[112.73904866,-7.35086520226517]]]]}},
{"type":"Feature","properties":{"kdkab":"15","kdkec":"140","nmkab":"SIDOARJO","nmkec":"WARU","kddesa":"006","kdprov":"35","nmdesa":"TROPODO","nmprov":"JAWA TIMUR","iddesa":"3515140006"},"geometry":{"type":"MultiPolygon","coordinates":[[[[112.75439,-7.36398999225304],[112.754335544,-7.36398234399998],[112.75403198,-7.36393964999998],[112.754022213,-7.36393826925312],[112.75381919,-7.36390972225309],[112.75375,-7.3639],[112.753429797,-7.36385517199995],[112.75325,-7.36382999225318],[112.752517173,-7.36371922799997],[112.752401952,-7.36370179625332],[112.75239,-7.3637],[112.75151,-7.3636],[112.751461347,-7.36358918799995],[112.751148566321746,-7.363520898282695],[112.75126538,-7.36313897225388],[112.751589922,-7.36207051125483],[112.7515925,-7.36206202225484],[112.75158684,-7.36206058225482],[112.751768504125664,-7.361405570190596],[112.751793599006362,-7.361315086663108],[112.75179963,-7.36129333825558],[112.751811318,-7.36125119025555],[112.75181238,-7.36124736225558],[112.75181369,-7.3612477822556],[112.751909544,-7.36090686525593],[112.75191288,-7.36089500225593],[112.75195334,-7.360751072256],[112.75194638,-7.36074924225605],[112.75200836,-7.36050751225628],[112.75206609,-7.36030325225647],[112.752067826,-7.36029711025644],[112.75220555,-7.35980977225694],[112.75227115,-7.35957708025717],[112.75228597,-7.35952451225719],[112.7523204,-7.35940238225732],[112.752346604654321,-7.359276364924175],[112.752371966704388,-7.35916532625895],[112.752385830657062,-7.359092027646922],[112.752404445762338,-7.359032556786016],[112.75242766,-7.35898688225766],[112.75255094,-7.35867188225796],[112.75255297,-7.358668612258],[112.752666888162281,-7.358539588400807],[112.75268502,-7.35851905225808],[112.7527302,-7.35839954225825],[112.75275439,-7.35836800225823],[112.75275905,-7.35835937225829],[112.75277171,-7.35832939225828],[112.752848714166177,-7.358147095927317],[112.75311842,-7.35750857225902],[112.75313394974151,-7.35747180723781],[112.75322058,-7.35726671925928],[112.75322133,-7.35726494225926],[112.75324975,-7.35712089225939],[112.753277392,-7.3569807592595],[112.75330946,-7.35681819225966],[112.753335436,-7.35668651225977],[112.75336865,-7.35651814225998],[112.75337225,-7.35651866225999],[112.75343599,-7.35627077226019],[112.753441807,-7.35624815226021],[112.753505076,-7.35600211526042],[112.75353083,-7.3559019622605],[112.753576166,-7.35572885326066],[112.753668335,-7.35537692326101],[112.753787871,-7.35492201526145],[112.753862266,-7.35462130626168],[112.75389637,-7.35446627226182],[112.75389468,-7.35445781226184],[112.75389568,-7.35445185226181],[112.75389459,-7.35441067226191],[112.75388064,-7.35434539226194],[112.75388202,-7.35431970226204],[112.75388219,-7.35431737226197],[112.75431591,-7.35447898226187],[112.75446353,-7.35453356226178],[112.75456294,-7.3545508622618],[112.75467786,-7.35457157226176],[112.75482471,-7.35458363226174],[112.75492242,-7.35458996226171],[112.75512076,-7.35454417226176],[112.755190232,-7.35450698826181],[112.75533532,-7.35442836226189],[112.7554971,-7.35440059226193],[112.75559062,-7.35429535226206],[112.75566908,-7.3541358822622],[112.75580363,-7.35393856226235],[112.755868039546996,-7.35391425189709],[112.75600801,-7.35386142226243],[112.756163767,-7.35389418226242],[112.75637234,-7.35393805226237],[112.7564471,-7.3539537822623],[112.75671346,-7.35398655226232],[112.75725948,-7.35405373226219],[112.757603524,-7.35409145826218],[112.75789602,-7.35412353226213],[112.75793406,-7.3541263822622],[112.75804074,-7.35413438226215],[112.75824733,-7.35414986226216],[112.75890646,-7.35425688226204],[112.75891395,-7.35425810226202],[112.758975448,-7.35426380926203],[112.75898011,-7.35426424226207],[112.75898778,-7.35426495226206],[112.75902318,-7.35426823226205],[112.75961876,-7.35436330226193],[112.75961795,-7.35436560226196],[112.759625316,-7.35436664626192],[112.76099852,-7.35456134226174],[112.76099862,-7.35456067226178],[112.76106906,-7.35457146226178],[112.76108184,-7.35457342226177],[112.76268738,-7.35481930226151],[112.76268749,-7.35481858226158],[112.76279802,-7.35483556226155],[112.76453321,-7.35510213226123],[112.76453841,-7.35510293226126],[112.764605033,-7.35512017226125],[112.76460654,-7.35512056226124],[112.76460895,-7.35512118226127],[112.7645898,-7.35519694226116],[112.764563159,-7.35531846626109],[112.7645612,-7.35532740226111],[112.764543401080616,-7.355405723068487],[112.7645292,-7.35546821226098],[112.764529168,-7.35546835326092],[112.764527,-7.35547790226086],[112.76452663,-7.35547951226091],[112.76452497,-7.35548680226089],[112.76449237,-7.35564621226073],[112.76448512,-7.3557295422607],[112.76447425,-7.35582373226062],[112.764468727,-7.35586101426056],[112.76445976,-7.35592155226053],[112.76445976,-7.35598676226049],[112.76445976,-7.35601901226042],[112.7644637,-7.35602282226045],[112.76459375,-7.35610526226034],[112.76460211,-7.35611056226033],[112.764790523069777,-7.356212647030598],[112.764853648659951,-7.356323116813395],[112.764709188174749,-7.356684875003211],[112.764629067233386,-7.356654526161783],[112.76451143,-7.35694954225959],[112.76442331,-7.3569171622596],[112.76422224,-7.35685376225962],[112.76411692,-7.35705094225947],[112.76409133,-7.35709887225947],[112.76400076,-7.35707664225946],[112.76396407,-7.35715478225939],[112.76383366,-7.35743247225909],[112.76378953,-7.35752376225903],[112.7646503,-7.35776311225885],[112.76464976,-7.35776464225885],[112.76472695,-7.35778370225883],[112.76471889,-7.3577991722588],[112.76472038,-7.35779933225873],[112.764712217,-7.35781437025877],[112.76465155,-7.35792613225867],[112.764613327267185,-7.358013526048542],[112.76458815,-7.35807467225852],[112.76457909,-7.35814531225846],[112.76455735,-7.35824675225833],[112.764540936,-7.35850855825811],[112.76452445,-7.35877150225787],[112.76451845,-7.35888740125781],[112.76485206,-7.35900400225767],[112.76533028,-7.35917428225754],[112.76602952,-7.35945271225728],[112.76602859,-7.35945507225729],[112.76594926,-7.35965776225706],[112.76554734,-7.3606845222561],[112.7655345,-7.36071731225606],[112.7656711,-7.36076373225605],[112.76575664,-7.36079280225603],[112.76575392,-7.36117778225568],[112.765753796,-7.36119557825565],[112.76575372,-7.36120649225568],[112.76586539,-7.36130491225557],[112.76588489,-7.36133091225552],[112.76587829,-7.36135031225548],[112.76587839,-7.36135041225547],[112.7658708,-7.36146851225539],[112.765869756845888,-7.361490177578609],[112.76586647,-7.36155844225531],[112.76585234,-7.36180851225509],[112.76584935,-7.36182944225507],[112.765852241,-7.36182969325512],[112.765849404,-7.36185617425506],[112.766061882261454,-7.361867799867388],[112.766043581429642,-7.362040350567347],[112.766171687252339,-7.362057344196889],[112.76616776564552,-7.362207672458217],[112.766336152870508,-7.362222464821348],[112.766318747507995,-7.362374340747951],[112.766558619124979,-7.362384144764994],[112.766549468709073,-7.362546891447911],[112.766711806195602,-7.362558695749922],[112.766704494240628,-7.362723055782264],[112.766913997141529,-7.362745920428668],[112.766902626662571,-7.362868093277639],[112.767086067215743,-7.362883126476427],[112.767075766488006,-7.36306281413671],[112.767291664922993,-7.36307196237546],[112.767293610777998,-7.36301261378969],[112.767426901863999,-7.36302039721078],[112.767421728626999,-7.36311962930267],[112.767423770734993,-7.36311981649373],[112.767452983,-7.36312249425382],[112.767447437,-7.36319458925379],[112.767427529,-7.36345338825355],[112.767408407179914,-7.363627039589844],[112.767413416,-7.364083710253],[112.767411006190827,-7.364163234174333],[112.767221494202047,-7.364162038515098],[112.76719696,-7.36479285225237],[112.76720553,-7.36485390225229],[112.76720555,-7.3648540412523],[112.767207175,-7.36486561925224],[112.7672663,-7.36528690225185],[112.767277919,-7.36534031225186],[112.767280168,-7.36535065225177],[112.767403536,-7.36591777325129],[112.76740446,-7.3659220222513],[112.76768901,-7.36587063225134],[112.767673978,-7.36589445225129],[112.76765186,-7.36592950225129],[112.76749927,-7.36618914225103],[112.76744721,-7.3662777322509],[112.76744652,-7.36627769225092],[112.76730405,-7.36652256225074],[112.76726341,-7.36659240225065],[112.767217469,-7.36667106125056],[112.76713753,-7.36680793225045],[112.767119413,-7.36687800825041],[112.767004122,-7.36743002999998],[112.76699594,-7.36746087224986],[112.766369389879003,-7.36746208038138],[112.76622866,-7.36746234999992],[112.76489068,-7.36746488999995],[112.76474841,-7.36746516599992],[112.76452297,-7.36746558224984],[112.764594717,-7.36698526625031],[112.76461334,-7.36686056999998],[112.764679156,-7.36641989825087],[112.76468123,-7.36640601225083],[112.76436,-7.36625999225097],[112.76414,-7.36614],[112.76387193,-7.36604694999993],[112.763863515,-7.36604406399996],[112.76382923,-7.36603231],[112.76356,-7.36594],[112.76316,-7.36579999225143],[112.762846501,-7.36566430825148],[112.762694531,-7.365600328],[112.76267,-7.36559],[112.76263983,-7.36558450999998],[112.76256,-7.36556999225156],[112.76222834353743,-7.365439205921545],[112.762011459694136,-7.365369114314757],[112.76186,-7.36532],[112.76176283,-7.36528890899992],[112.761693834,-7.36526682125185],[112.76161,-7.36524],[112.761606456778864,-7.365169730531688],[112.761742989429763,-7.364576891389607],[112.761782512039247,-7.364433172809708],[112.76162818033778,-7.364336476797222],[112.76153915,-7.36431381225274],[112.76143459,-7.36430218225276],[112.761413136,-7.36429979625276],[112.76134918,-7.36429268225275],[112.761270999,-7.36428398725276],[112.761061153,-7.36426064725278],[112.76095034,-7.36424832225284],[112.760093630287002,-7.364158596127521],[112.75996286,-7.36414026225293],[112.759733857,-7.36410815725293],[112.75943295,-7.36406597225302],[112.75894581,-7.36400129225303],[112.758880755115257,-7.363992700004398],[112.758557071,-7.3639695272531],[112.758358208856549,-7.363941294601089],[112.757564529129539,-7.363868405646567],[112.757094800311492,-7.363819813010219],[112.75683563958431,-7.36377122037387],[112.756682051787251,-7.363749985224087],[112.756531507,-7.364325616],[112.7563,-7.36429],[112.75623517,-7.36428154499992],[112.75619465,-7.36427625999993],[112.75612918,-7.36426771999993],[112.75602,-7.36425347999994],[112.75597721,-7.36424789999996],[112.75584,-7.36423],[112.755489378,-7.36417552625292],[112.755055809,-7.364108184],[112.75481,-7.36406999225301],[112.75479003,-7.36406619225303],[112.7545469,-7.36401988225301],[112.75439,-7.36398999225304]]]]}},
{"type":"Feature","properties":{"kdkab":"15","kdkec":"140","nmkab":"SIDOARJO","nmkec":"WARU","kddesa":"012","kdprov":"35","nmdesa":"BERBEK","nmprov":"JAWA TIMUR","iddesa":"3515140012"},"geometry":{"type":"MultiPolygon","coordinates":[[[[112.76103,-7.34956999226639],[112.76095,-7.34962999226631],[112.76087,-7.34968999226629],[112.760793168,-7.34974761626623],[112.76079,-7.34974999226621],[112.76078196,-7.34975688226627],[112.76072,-7.34980999226614],[112.76064,-7.34986999226611],[112.76058,-7.34991999226604],[112.76052,-7.34995999226606],[112.76047,-7.349999992266],[112.76042,-7.35002999226593],[112.760405279904163,-7.350038403749256],[112.76035,-7.35006999226591],[112.76027,-7.35010999226589],[112.76019,-7.35013999226586],[112.76011,-7.35016999226581],[112.76001,-7.35019999226584],[112.75994,-7.35022999226578],[112.75993658,-7.35023097226577],[112.75990284,-7.35024061226577],[112.7599009,-7.35024116626579],[112.75987,-7.35024999226576],[112.75980453,-7.3502718122657],[112.75978,-7.3502799922657],[112.75969,-7.35030999226576],[112.7596,-7.35034999226564],[112.75951,-7.35037999226563],[112.75945,-7.35040999226561],[112.759426261886361,-7.350416774919734],[112.759419716,-7.35041864526562],[112.75938,-7.3504299922656],[112.75931,-7.35045999226554],[112.75924,-7.35048999226556],[112.75917,-7.3505199922655],[112.75909,-7.35054999226547],[112.75902,-7.35057999226546],[112.75895,-7.35060999226541],[112.75889,-7.3506299922654],[112.75881,-7.3506699922654],[112.75877719,-7.35068640226538],[112.758777122,-7.35068114026536],[112.75877711,-7.35068022226535],[112.75877649,-7.35063341226539],[112.75870714,-7.35066276226532],[112.758701666,-7.3504073712656],[112.75870162,-7.35040522226561],[112.75865567,-7.35041065226565],[112.75865795,-7.35039865026564],[112.75874402,-7.349945662266],[112.75873753,-7.34992324226607],[112.75873925,-7.34991034226603],[112.75874097,-7.34988454226613],[112.75875903,-7.34980542226614],[112.75876419,-7.3497607022662],[112.75878225,-7.34945368226654],[112.75878827,-7.34930319226664],[112.75879257,-7.34926191226667],[112.75879085,-7.34912775226675],[112.75879257,-7.34901767226692],[112.75879343,-7.34896263226695],[112.75879171,-7.34890845226703],[112.75878999,-7.34885341226706],[112.75878311,-7.34881472226707],[112.758768913,-7.34874823326715],[112.75876748,-7.34874152226712],[112.75876333,-7.34873990226713],[112.75874957,-7.34872356226712],[112.75871861,-7.34866078226724],[112.75869367,-7.34861176226725],[112.75866185,-7.34854296226732],[112.75863949,-7.34850082226739],[112.75860509,-7.34845266226744],[112.75860079,-7.34841052226745],[112.75858875,-7.34831506226757],[112.75857757,-7.34826433226757],[112.75856811,-7.3482299322676],[112.75855951,-7.34818693226766],[112.75854661,-7.34812845226772],[112.75853715,-7.34808287226775],[112.75852425,-7.3480183722678],[112.75851307,-7.3479676322679],[112.75850791,-7.34793237226794],[112.75851055,-7.34793179226792],[112.75850932,-7.34792693226794],[112.75851096,-7.3479268922679],[112.75848641,-7.347853252268],[112.75845545,-7.34780509226802],[112.758403122579423,-7.347723689362663],[112.75839354,-7.34770878226811],[112.75835226,-7.34766406226811],[112.75831098,-7.34763310226815],[112.758298045,-7.34761585626821],[112.75824906,-7.3475505422682],[112.75821122,-7.34746454226832],[112.75821373,-7.34725851226851],[112.75821394,-7.34724147226856],[112.75821466,-7.34724144226855],[112.75821466,-7.34718075226858],[112.7582181,-7.34712571226864],[112.75822842,-7.34707239226869],[112.75824562,-7.34700015226873],[112.75826626,-7.3469416722688],[112.75831098,-7.34686771226888],[112.75832303,-7.34684561226891],[112.75834209,-7.346810672269],[112.75833945,-7.34680992226895],[112.75840385,-7.34677311226895],[112.75847953,-7.34673183226903],[112.75857585,-7.34666648226909],[112.758635719,-7.34660162426912],[112.75865841,-7.34657704226915],[112.75866873,-7.34656328226914],[112.75875817,-7.34647384226924],[112.75880977,-7.34638440226931],[112.75887129,-7.34613830226956],[112.75887498,-7.34609442226957],[112.758917329,-7.34559024127007],[112.75893391,-7.3453928422702],[112.758930677,-7.3453928422702],[112.75889276,-7.3453928422702],[112.75889383,-7.34539018227023],[112.75885295,-7.34536075227025],[112.75883476,-7.34534765227029],[112.75852927,-7.34527935227035],[112.758138,-7.34518465227049],[112.75775732,-7.34505784227055],[112.75750553,-7.34502675227056],[112.75748951,-7.34503297227054],[112.75678307,-7.34482589627077],[112.75673649,-7.34481224227079],[112.75673431,-7.34483619227078],[112.756555643,-7.34479038827081],[112.756200353,-7.34469930427083],[112.75606632,-7.34466494227095],[112.755250722564369,-7.344431452434517],[112.75522903,-7.34442524227116],[112.755225288,-7.34442443127113],[112.75495475,-7.34436577127114],[112.75485283,-7.3443436722712],[112.754389543,-7.34421432027134],[112.75414038,-7.34414475227138],[112.75394395,-7.34408982227149],[112.75353254,-7.34400288727155],[112.75353521,-7.34396621227155],[112.75353271,-7.34396602227153],[112.75367873,-7.34219436227322],[112.75357,-7.34213999227327],[112.75356823,-7.34213911227325],[112.75357048,-7.34213715227326],[112.75360682,-7.34207430227332],[112.75360914,-7.3420702922733],[112.75363913,-7.34201842227335],[112.75366202,-7.3417533222736],[112.75366202,-7.34173553227359],[112.75366202,-7.34167676227366],[112.75366202,-7.3416712822737],[112.75366202,-7.34166673227368],[112.75366202,-7.3411833162741],[112.75366202,-7.34118034227412],[112.75366202,-7.34117729227415],[112.75366363,-7.34116122227415],[112.75369256,-7.34087211227449],[112.75375359,-7.3407009222746],[112.75385648,-7.34057228227469],[112.75391378,-7.3405006422748],[112.75392501,-7.34048565227478],[112.75399774,-7.34038859227484],[112.75407402,-7.34009868227512],[112.75407452,-7.34005720227515],[112.75408641,-7.33906618227606],[112.75408896,-7.3388535722763],[112.75408928,-7.33882694227631],[112.75410454,-7.33876352227635],[112.75415723,-7.33850150227661],[112.75415795,-7.33849793227662],[112.75450889,-7.33774882227728],[112.75458574,-7.33758406227742],[112.75460808,-7.33753616227753],[112.754636155,-7.33747785727754],[112.75469356,-7.33735864227768],[112.754746386,-7.33724894927774],[112.75477594,-7.33718758227781],[112.75479117,-7.33715707227787],[112.75487512,-7.33701069227802],[112.75508873,-7.33682090227819],[112.75509027,-7.33682021227814],[112.75509,-7.33681999227817],[112.75482,-7.3365999922784],[112.75479,-7.33651999227846],[112.75476,-7.33645999227846],[112.75474,-7.33638999227856],[112.75472,-7.33631999227864],[112.754720698,-7.33631580227865],[112.760577367,-7.33765895827737],[112.761690823,-7.33785810127721],[112.764577563,-7.33819573127693],[112.764575999,-7.3382020752769],[112.764975292,-7.3383129612768],[112.764978731,-7.33832251327678],[112.76495614,-7.3383329222768],[112.7648391,-7.3383868222767],[112.7645275,-7.33841307027675],[112.764656197,-7.33868746327644],[112.764558713,-7.33922119227592],[112.76455761,-7.33922722927593],[112.764326239,-7.33918095427598],[112.76428894,-7.33931582227591],[112.76424078,-7.33950846227569],[112.76418918,-7.33969766227553],[112.7641119,-7.3398497922754],[112.76408989,-7.33989313227532],[112.76408254,-7.33991050227535],[112.76406878,-7.33995522227525],[112.76404814,-7.34004122227516],[112.764056684,-7.34010743727512],[112.7640619,-7.34014786227508],[112.76409286,-7.34030609227498],[112.764112117,-7.34038608227489],[112.764286495,-7.34053104727469],[112.764345082,-7.34073272127459],[112.764345154,-7.34073296927455],[112.76435258,-7.34073437227454],[112.7643526,-7.34073461227457],[112.7643543,-7.34074985227455],[112.76436634,-7.34082036227446],[112.76435602,-7.34089088227442],[112.76429238,-7.3410990022742],[112.76424766,-7.34121768227409],[112.76418746,-7.34136387227399],[112.76409458,-7.34147223227389],[112.7640103,-7.34152899227383],[112.76394666,-7.34163047227373],[112.76389162,-7.34177839227356],[112.76386411,-7.34191771227347],[112.763872239,-7.34198959027338],[112.76387259,-7.34199269227337],[112.7638865,-7.34202977227337],[112.76393707,-7.34214876227323],[112.76396476,-7.34219144227319],[112.7639424,-7.34233076227304],[112.76393036,-7.342411602273],[112.7639166,-7.34245804227297],[112.76391144,-7.34249244227294],[112.76390284,-7.34251652227291],[112.76389159,-7.34254791227289],[112.76393013,-7.34255116227291],[112.76395874,-7.34256038227285],[112.76397938,-7.34256640227286],[112.76398525,-7.34256525227287],[112.76409243,-7.34261823227284],[112.76407277,-7.3426859322728],[112.76406839,-7.34268851227276],[112.76406366,-7.34270829227275],[112.76408817,-7.34271646227276],[112.76409052,-7.34271546227276],[112.76414536,-7.34273237227273],[112.76413895,-7.34275961227273],[112.76413589,-7.3427805322727],[112.76412059,-7.34284432227257],[112.76412042,-7.34284503227261],[112.76412053,-7.34284508227261],[112.7644099,-7.34291055227252],[112.76443244,-7.34297718227247],[112.76448923,-7.34299347227245],[112.76456625,-7.34301557227244],[112.764555537,-7.34308691627238],[112.764663592,-7.34293657927251],[112.764970445,-7.34303393427246],[112.765075067,-7.34307716627241],[112.76507582,-7.34307610227242],[112.76521674,-7.34312512227237],[112.76521825,-7.34312421227234],[112.76523829,-7.34313233227234],[112.765247905,-7.3431362312723],[112.76553062,-7.34325086227225],[112.76553066,-7.34325118227219],[112.76559676,-7.34327831227223],[112.765594626,-7.34328722827224],[112.765955953,-7.34334281627209],[112.765958783,-7.34334325227212],[112.765956319,-7.34351331527201],[112.765926742,-7.3439988582715],[112.765719709,-7.34395942327162],[112.765734497,-7.34385590627167],[112.765454756,-7.34376517927176],[112.76542845,-7.34385035227168],[112.765421693,-7.34391622927161],[112.765332753,-7.3440999102714],[112.765331035456498,-7.344232219517849],[112.765330753,-7.34425397827129],[112.765330289,-7.34428969027124],[112.765326388,-7.34459976827094],[112.765351209,-7.34459279427101],[112.76535118,-7.34459622227104],[112.76537793,-7.344593492271],[112.76547349,-7.34457855227098],[112.76548974,-7.34488843227073],[112.765520692,-7.34504898827053],[112.76552327,-7.34506236227053],[112.7655267,-7.34508010227056],[112.7658033,-7.34517687227044],[112.76589725,-7.34527435227035],[112.76588412,-7.34549554227013],[112.76587998,-7.34556535227009],[112.76585909,-7.34591752226973],[112.76585673,-7.34595728226969],[112.76584139,-7.34601869226967],[112.765840983,-7.34602032226964],[112.76579357,-7.34621017226953],[112.76575724,-7.34648609226922],[112.765913255,-7.34659362426914],[112.766039171,-7.34668041026907],[112.76603958,-7.34668069226905],[112.76602829,-7.34685484226886],[112.76602797,-7.34685984226887],[112.76601838,-7.34700790226873],[112.76601669,-7.34704378226867],[112.76601303,-7.34712141226866],[112.766017838,-7.34712164826863],[112.76631095,-7.34713602226863],[112.766586866,-7.34714488226865],[112.76659652,-7.34714519226864],[112.76659638,-7.34714658226863],[112.766583636,-7.34728191926844],[112.7665817,-7.34730248226848],[112.76658249,-7.34730251226853],[112.766577983391031,-7.34734500686654],[112.766544695,-7.34765889626817],[112.76653003,-7.34779718226798],[112.76653097,-7.34779740226803],[112.76649503,-7.34819540226768],[112.76649201,-7.34822892226765],[112.76649687,-7.34822981226765],[112.766486498,-7.34830601826754],[112.76640658,-7.34889320226703],[112.76640253,-7.34892294226702],[112.766402115,-7.34892599326695],[112.76638761,-7.34903254226686],[112.766383115,-7.34906556626684],[112.766353047,-7.34928649626666],[112.76635208,-7.34929360226666],[112.76635068,-7.34929345226664],[112.76634647520315,-7.349329911327288],[112.76622485,-7.35038450226562],[112.7662242,-7.35047158226553],[112.76622,-7.35047999226553],[112.76615,-7.35043999226555],[112.76607,-7.35041999226558],[112.76601,-7.35040999226561],[112.76592,-7.35038999226562],[112.76583,-7.35037999226563],[112.76573,-7.35035999226568],[112.76562,-7.35034999226564],[112.76551,-7.35032999226564],[112.76539,-7.35030999226576],[112.76532514,-7.35030458226571],[112.76527,-7.35029999226571],[112.76524381,-7.35029523226574],[112.76516,-7.3502799922657],[112.76505,-7.35026999226572],[112.76494,-7.35024999226576],[112.76484,-7.35023999226573],[112.76474,-7.35021999226584],[112.76464,-7.35020999226579],[112.76456,-7.35018999226576],[112.76447,-7.35017999226581],[112.7644,-7.35016999226581],[112.76433,-7.35015999226583],[112.76427,-7.35014999226582],[112.764265468,-7.35014848026582],[112.76425831,-7.35014609226588],[112.76421,-7.35012999226591],[112.76418989,-7.35012664226586],[112.76415,-7.35011999226589],[112.76408,-7.35009999226589],[112.76399,-7.3500799922659],[112.7639,-7.35004999226596],[112.76383,-7.35001999226601],[112.76375,-7.34997999226599],[112.76366,-7.34992999226605],[112.7636,-7.34988999226609],[112.76354,-7.34984999226611],[112.76347,-7.34980999226614],[112.76339,-7.34975999226621],[112.7633,-7.34971999226621],[112.76327168768789,-7.349703813802194],[112.76323,-7.34967999226633],[112.76315,-7.34963999226631],[112.76306,-7.34959999226634],[112.76299,-7.34956999226639],[112.76293,-7.34953999226637],[112.762875095,-7.34951646326642],[112.76286424,-7.34951181126637],[112.76286149,-7.34951063226642],[112.76286,-7.34950999226643],[112.762859511031593,-7.349509747782228],[112.7628,-7.34947999226649],[112.7627921,-7.34947660226644],[112.76273,-7.34944999226646],[112.76266,-7.3494199922665],[112.76259,-7.34938999226658],[112.76253,-7.34936999226661],[112.76247,-7.34933999226657],[112.76241,-7.34931999226667],[112.76235,-7.34929999226664],[112.76227,-7.34927999226666],[112.76217,-7.34923999226666],[112.76207,-7.3492199922667],[112.76199,-7.34920999226674],[112.76191,-7.34919999226668],[112.76184,-7.34919999226668],[112.76177,-7.34919999226668],[112.76168,-7.34920999226674],[112.76162,-7.3492199922667],[112.76155,-7.34923999226666],[112.76145,-7.34927999226666],[112.7613861,-7.34931992226664],[112.761385587,-7.34932024326659],[112.76137,-7.34932999226663],[112.761328691,-7.34935064726657],[112.76129,-7.34936999226661],[112.76123,-7.34940999226654],[112.76117,-7.34945999226648],[112.7611,-7.34950999226643],[112.76103,-7.34956999226639]]]]}},
{"type":"Feature","properties":{"kdkab":"15","kdkec":"140","nmkab":"SIDOARJO","nmkec":"WARU","kddesa":"017","kdprov":"35","nmdesa":"BUNGURASIH","nmprov":"JAWA TIMUR","iddesa":"3515140017"},"geometry":{"type":"MultiPolygon","coordinates":[[[[112.71904,-7.35218999226398],[112.71843,-7.3522399922639],[112.71814,-7.3521999922639],[112.71787,-7.35209999226406],[112.71775273,-7.35204955226411],[112.71772361,-7.35203702626416],[112.71772102,-7.35203591226411],[112.71696793,-7.35171200226439],[112.71694,-7.35169999226441],[112.716882131,-7.3516788472644],[112.716596447980379,-7.351574459734035],[112.71648693,-7.35153444226461],[112.71643079,-7.35151393226463],[112.71642,-7.3515099922646],[112.71638489,-7.35150379226459],[112.71625,-7.35147999226465],[112.71604,-7.35151999226457],[112.71559,-7.35158999226449],[112.715588002,-7.35158937726453],[112.71556562,-7.35158249226452],[112.71551502,-7.35156692226454],[112.71546,-7.35154999226459],[112.71531,-7.35142999226461],[112.71514,-7.35129999226482],[112.71497,-7.35123999226485],[112.7148,-7.35123999226485],[112.714286974,-7.35123999226485],[112.7141,-7.35123999226485],[112.7140412364746,-7.351232565227017],[112.71384,-7.35120999226492],[112.71349163,-7.35112290226494],[112.713450837236152,-7.351112329396867],[112.71330736,-7.35107514226497],[112.71258,-7.35087999226522],[112.712483795528513,-7.350861128643364],[112.71207,-7.35077999226524],[112.71191,-7.3507399922653],[112.71200514,-7.35069242999997],[112.712125015972376,-7.350638278730345],[112.712249580941716,-7.350557640209916],[112.712323400613528,-7.35051240090283],[112.712498354101385,-7.350405266786794],[112.712719337481374,-7.350235411727597],[112.71273425,-7.35015244226582],[112.71277927,-7.34974208226625],[112.712704651,-7.34968870626629],[112.712824853649337,-7.34929536294973],[112.712892931042035,-7.34906777088201],[112.712929903294523,-7.34894432115756],[112.712954131,-7.34894568126698],[112.713103009246865,-7.348999083939742],[112.71312069,-7.34895502226694],[112.71321785,-7.34883877226705],[112.71341333,-7.34822441226763],[112.71377862,-7.34792417226788],[112.71386798,-7.34754563999998],[112.71406547,-7.34692025999992],[112.71417134,-7.34681138000001],[112.71419662,-7.34663772226908],[112.71417072,-7.3464529322693],[112.71416194,-7.34638917226934],[112.71413266,-7.34619759226946],[112.71426072,-7.34599870226968],[112.71430983,-7.34594929999997],[112.71428401,-7.34521448999993],[112.71425366,-7.34521334999994],[112.71436488,-7.34494205227061],[112.71448518,-7.34477253227083],[112.7145705,-7.34465231227097],[112.71464972,-7.34454068227107],[112.71454681,-7.3438405822717],[112.71463239,-7.34375448],[112.71463206,-7.34366870999997],[112.71446002,-7.34361217227191],[112.71450275,-7.34355483227195],[112.71465988,-7.34345416227205],[112.71481624,-7.3431533522723],[112.714984912,-7.34290810327251],[112.71507255,-7.34278068227261],[112.71524373,-7.34258195227285],[112.71525953,-7.34251173227293],[112.715262304,-7.34242129427297],[112.71526636,-7.34228904227314],[112.71526345927245,-7.342255192778707],[112.71524858,-7.34210492999994],[112.71512356,-7.3418810922735],[112.71513504,-7.34179250999992],[112.71533586,-7.34173861999996],[112.71568013,-7.34182736227359],[112.71597297,-7.3418866922735],[112.71607498,-7.34190697227348],[112.71637147,-7.34199262227338],[112.71690441,-7.3421465822733],[112.71708238,-7.34219799227321],[112.71708293,-7.3421981522732],[112.71721438,-7.34223612227317],[112.717249,-7.34224506227312],[112.717255029,-7.34224661927316],[112.717332066,-7.34226651027315],[112.717405626,-7.34228550327309],[112.717515073367423,-7.342313763136697],[112.71754036,-7.34232029227307],[112.7178094,-7.342389752273],[112.717812146,-7.34239046127304],[112.71791273,-7.34241643227299],[112.718245,-7.3425103722729],[112.71884112,-7.34267890227274],[112.71925713,-7.34279650227269],[112.71926138,-7.34279771227265],[112.71958329,-7.34288920227257],[112.71984228,-7.34296391227252],[112.72001603,-7.34306932227237],[112.72002599,-7.3430753622724],[112.720024556,-7.34308038027242],[112.72000827,-7.34313736227233],[112.720003666,-7.34315347527234],[112.71996182,-7.34329991227218],[112.71996092,-7.34330182227216],[112.7199605,-7.34330394227216],[112.71995536,-7.34332974227218],[112.719893433667878,-7.343550542942059],[112.71984228,-7.34373293327178],[112.71981802,-7.34381943227168],[112.71974981,-7.34418074227137],[112.71974951,-7.34418231227136],[112.71973103,-7.34428020227127],[112.719727796,-7.34429733527121],[112.7197036,-7.34442550227114],[112.7197265,-7.34449990227107],[112.71979517,-7.34451085227106],[112.72000878,-7.34455474227098],[112.72121421,-7.34488564227073],[112.72174829,-7.34503299227056],[112.72262567,-7.3452957322703],[112.72309104,-7.34543304227021],[112.72317116,-7.34545663227019],[112.72343437,-7.34553414227012],[112.723436242,-7.34553485727008],[112.7234576,-7.34554301227012],[112.72345779,-7.34554331227005],[112.72350246,-7.3455603722701],[112.723720621000098,-7.345644098999969],[112.724207130000082,-7.345895189999965],[112.724262910000107,-7.345929427999977],[112.724249118000102,-7.346530019999932],[112.724218427000096,-7.346565915999975],[112.72422991,-7.34676134226895],[112.724238615,-7.34690934226883],[112.72423871,-7.34691110226884],[112.72431952,-7.34691859226888],[112.72441023,-7.34692700226883],[112.7244656,-7.3469433522688],[112.724465645,-7.34694383126884],[112.72446993,-7.34698991226875],[112.72446994,-7.34699006226875],[112.72447796,-7.34707638226865],[112.724482513,-7.34712538626862],[112.72448868,-7.34719175226857],[112.72452899,-7.34725162226854],[112.72458204,-7.34733040226842],[112.72465557,-7.34743960226837],[112.72479461,-7.34753252226829],[112.72479499,-7.34753278226827],[112.7248396,-7.34756308226824],[112.724840116,-7.34756343326827],[112.72489107,-7.34759803226823],[112.7248912,-7.3475981222682],[112.724891,-7.3475990622682],[112.72498533,-7.34767525226816],[112.72504606,-7.34772430226807],[112.72513271,-7.34779429226801],[112.72519519,-7.34784475226796],[112.72525693,-7.34789462226791],[112.72527262,-7.34792757226793],[112.72530257,-7.34799047226789],[112.72536531,-7.34803708226776],[112.72543274,-7.34808716226771],[112.72551067,-7.34814505226771],[112.72551087,-7.34814519226773],[112.72559762,-7.34820963226762],[112.72571681,-7.34824969226758],[112.725800079,-7.34827767326759],[112.72580466,-7.34827921226754],[112.72581122,-7.34828141226761],[112.7258118,-7.34828161226758],[112.72584689,-7.34829340226756],[112.72591202,-7.34829757226757],[112.7259471,-7.34829982226755],[112.72600799,-7.34830373226753],[112.7260933,-7.34830919226757],[112.726157826,-7.34831394626752],[112.72620298,-7.34831727226752],[112.72633615,-7.34832476226759],[112.726426615,-7.34833056326756],[112.7265657,-7.34833948226752],[112.72671946,-7.34834934226754],[112.72697584,-7.34836577226747],[112.72717681,-7.34837866226745],[112.72718931,-7.34844386226742],[112.72718989,-7.34844388226737],[112.72725717,-7.34844701226744],[112.727200974,-7.3493336662666],[112.72719517542636,-7.349425155434328],[112.727096569,-7.35098095526507],[112.72709634,-7.35098457226504],[112.72706475,-7.35098271226504],[112.726512098,-7.3509502792651],[112.72640797785111,-7.35094416890996],[112.72628054995937,-7.352016991815463],[112.726241857,-7.35233849126379],[112.726225819858385,-7.352541816157875],[112.726209686,-7.35274636726348],[112.726195899,-7.35286011326332],[112.726150647,-7.3531112492631],[112.726150391,-7.35312008726312],[112.726136728,-7.35318813826306],[112.726043663,-7.353180096263],[112.726010344,-7.35336277926291],[112.726120686,-7.35338539026287],[112.72610596,-7.35345902226278],[112.72608646,-7.3535565122627],[112.72608752,-7.3535567722627],[112.726086359,-7.35356325526269],[112.726071997,-7.35364344226257],[112.72591934,-7.35449574226182],[112.72588621,-7.35447523226184],[112.7258551,-7.35445564226191],[112.72553338,-7.35425308226202],[112.72531776,-7.35415376226213],[112.72529592,-7.35414432226211],[112.72515512,-7.35408346226223],[112.72480681,-7.35393292226233],[112.72474993,-7.35390854226241],[112.72474278,-7.35390547226242],[112.72473683,-7.35390391226232],[112.72471795,-7.3538989422624],[112.72468266,-7.3538819522624],[112.724656485,-7.35387650226242],[112.7246513,-7.35387542226242],[112.72455983,-7.3538558222624],[112.72450344,-7.35385171226241],[112.72449201,-7.3538508822624],[112.72449,-7.35384999226245],[112.72442,-7.35384999226245],[112.724402392,-7.35385413526245],[112.72434597,-7.35386741226243],[112.72426762,-7.35388584226237],[112.72425095,-7.3538962622624],[112.72411486,-7.35389679226244],[112.72394683,-7.35384762226243],[112.723868279,-7.35379785726248],[112.72376449,-7.35373210226252],[112.72371946,-7.35370357226254],[112.723451,-7.35349175226275],[112.723229666,-7.3533616022629],[112.72319732,-7.3533425822629],[112.72319443,-7.35334088226292],[112.72313729,-7.35330728226297],[112.72312728,-7.35329242226295],[112.72312,-7.35328999226294],[112.72278,-7.353239992263],[112.72259689,-7.35322168226299],[112.722580027,-7.35321999526299],[112.72258,-7.35321999226302],[112.72256608,-7.353218602263],[112.722559879,-7.353217983263],[112.72255556,-7.35321755226302],[112.72253002,-7.35321499226306],[112.72248,-7.35320999226297],[112.72243607,-7.35320242226303],[112.721451135,-7.35303260626322],[112.72144862,-7.35303217226317],[112.72132,-7.35300999226321],[112.72128874,-7.3529957822632],[112.72066,-7.35270999226345],[112.720479019357455,-7.352626207531096],[112.72022265,-7.35250752226371],[112.719842675,-7.35233160226386],[112.7197898,-7.35230712226384],[112.71974061,-7.35228435226389],[112.71958,-7.35220999226398],[112.71927,-7.35216999226396],[112.71904,-7.35218999226398]]]]}},
{"type":"Feature","properties":{"kdkab":"15","kdkec":"140","nmkab":"SIDOARJO","nmkec":"WARU","kddesa":"002","kdprov":"35","nmdesa":"PEPELEGI","nmprov":"JAWA TIMUR","iddesa":"3515140002"},"geometry":{"type":"MultiPolygon","coordinates":[[[[112.715880852748384,-7.365757282104994],[112.71585866,-7.36572882999997],[112.71582452,-7.36572607999994],[112.71549407,-7.36572734225144],[112.715245894229994,-7.36578239375819],[112.715106985,-7.36581321499996],[112.71432315,-7.36598708225122],[112.714252653100999,-7.36596254743307],[112.71400333,-7.3658757769999],[112.71396044,-7.36586084225131],[112.71395589511144,-7.365847768515744],[112.71371442,-7.365152562252],[112.71356405,-7.36471964225237],[112.71342179,-7.36431006999992],[112.71336585,-7.3642659422528],[112.713358905038788,-7.364170677424443],[112.713354162314516,-7.36416609741118],[112.71274689,-7.36377775999993],[112.712634968,-7.36368947699997],[112.712527851,-7.36360498425349],[112.712452310239058,-7.36354770793532],[112.712405642674227,-7.363562529569065],[112.7116905,-7.364053500253],[112.711531471,-7.36314985725385],[112.71144415,-7.36258774225433],[112.711427563,-7.36248097199994],[112.711325077,-7.36183874625505],[112.711220856529977,-7.36120968704545],[112.711172669,-7.36091724625589],[112.711136465,-7.36064253525614],[112.712123741,-7.36047922325628],[112.71224,-7.36045999225628],[112.712545265,-7.36041342825634],[112.71254701,-7.36041316225635],[112.712696917908517,-7.360390293870863],[112.71283,-7.36036999225636],[112.713143602,-7.36031051625645],[112.71319187,-7.36030136225646],[112.713263444,-7.3602877872565],[112.71341,-7.36025999225648],[112.71403,-7.3601799922566],[112.71443,-7.36010999225664],[112.71450428,-7.36009331225666],[112.714606455,-7.36007037425667],[112.71461497,-7.36006846225667],[112.71489579,-7.36000542225675],[112.71492,-7.35999999225674],[112.714953959,-7.35999533125678],[112.71543,-7.35992999225683],[112.715478033,-7.3599125892568],[112.71603801,-7.359709702257],[112.716049514,-7.35970553325697],[112.71612,-7.35967999225704],[112.71675,-7.3594499922573],[112.71698,-7.35938999225733],[112.71706112,-7.35938294225729],[112.71720292,-7.3593706122573],[112.717204251,-7.35937049525737],[112.71721,-7.35936999225738],[112.717260816,-7.35921028525743],[112.71726314,-7.3592029822575],[112.71728,-7.35914999225752],[112.71743,-7.35899999225768],[112.71764,-7.35882999225784],[112.7179,-7.35867999225797],[112.71816,-7.35859999225809],[112.71824,-7.35856999225807],[112.718265941,-7.35856204925809],[112.71833439,-7.3585410922581],[112.718364283,-7.35853194225807],[112.7184112,-7.35851758225814],[112.71921139,-7.35827262225834],[112.71922,-7.35826999225836],[112.71924024,-7.35820927225836],[112.719249641,-7.35818106925845],[112.71925,-7.35817999225841],[112.71925012,-7.35817923225842],[112.71944408,-7.35827221225831],[112.71973127,-7.35841635225824],[112.71987213,-7.35847314225815],[112.72016588,-7.35858779225804],[112.72029067,-7.358630342258],[112.72013418,-7.35898474225768],[112.71973094,-7.35982605225687],[112.719727219,-7.35983381425686],[112.71949801,-7.3603120122565],[112.719811184,-7.36055825925622],[112.719818824,-7.36056426625624],[112.71982383,-7.36056820225624],[112.719955094,-7.36067141325615],[112.72010823,-7.36079182225599],[112.72009876,-7.36081277225599],[112.72018917900003,-7.36087939525586],[112.720211936,-7.36089616225589],[112.72021746,-7.36090023225586],[112.72037044,-7.3610312622558],[112.72040149,-7.36105954225571],[112.720493596,-7.36113354025568],[112.72058333,-7.36120563225563],[112.72060502,-7.36124825825557],[112.72068901,-7.36141855225541],[112.720833083,-7.36153155325535],[112.72084754,-7.36154289225533],[112.72105269,-7.36171695225519],[112.721091374,-7.36175705325511],[112.72118013,-7.36184906225503],[112.72121587,-7.36189568225497],[112.72124164,-7.36190661225498],[112.72125,-7.36191999225498],[112.72137002,-7.36201952225487],[112.721396439,-7.36204143025487],[112.721632321,-7.36223703925465],[112.72166,-7.36225999225466],[112.72189182,-7.36236478225459],[112.72189711,-7.36236626225454],[112.721911248,-7.36237020325453],[112.72191311,-7.36237072225454],[112.721982614902501,-7.362390091361051],[112.72199507,-7.36239356225449],[112.722024493,-7.36240278425457],[112.72219598,-7.36245653225447],[112.72278913,-7.36252710225445],[112.72291525,-7.36255731225436],[112.722985336,-7.36257409825436],[112.72354993,-7.36270932225426],[112.72373853,-7.36273288225422],[112.72373861,-7.36273285225425],[112.72376021,-7.36274791225421],[112.72391374,-7.3627449022542],[112.723941751126048,-7.362738467452686],[112.72413653,-7.36269372225425],[112.724239539,-7.36267192425428],[112.7242389,-7.36267898225428],[112.724315596412765,-7.362730061118701],[112.724247415,-7.36283115825415],[112.724233633,-7.36286331625408],[112.724841713,-7.36300970625395],[112.727061920922011,-7.363509576798496],[112.727,-7.36379999225325],[112.726986613,-7.36389816625308],[112.7269723,-7.36400313225307],[112.72697,-7.36401999225304],[112.726951706,-7.3641541512529],[112.72694,-7.3642399922528],[112.72693159,-7.36429883225276],[112.72693,-7.36430999225278],[112.726894328,-7.3644883512526],[112.72687652,-7.36457739225255],[112.72687,-7.36460999225251],[112.726838844,-7.36476577925231],[112.72681717,-7.36487415225222],[112.72681,-7.36490999225222],[112.72679,-7.3650199922521],[112.726784478,-7.36504759825212],[112.72676572,-7.36514137225202],[112.72676,-7.36516999225198],[112.726732289,-7.3653307272518],[112.7267152,-7.36542985225172],[112.72671,-7.36545999225169],[112.726688552,-7.36558009225157],[112.7266687,-7.36569125225151],[112.72666,-7.36573999225141],[112.726634544,-7.36588764525129],[112.72661464,-7.36600309225119],[112.72661,-7.36602999225119],[112.726590227,-7.36615358025108],[112.72657362,-7.36625738225093],[112.72657,-7.36627999225093],[112.726541627,-7.36643888125079],[112.72652,-7.36655999225071],[112.72650188,-7.36667778225056],[112.726494403,-7.3667263812505],[112.72648,-7.36681999225042],[112.726475411566014,-7.366864213310544],[112.72646008702084,-7.367007854821067],[112.726438511711464,-7.36721983588087],[112.72667,-7.36724502225001],[112.72667,-7.36730107224998],[112.72667,-7.36730999225004],[112.72680264,-7.36732529225],[112.72693,-7.36733999224998],[112.72701434,-7.36734991225001],[112.72727,-7.36737999224994],[112.727190472,-7.36746904924987],[112.726368174,-7.36733635024994],[112.726117831,-7.36851108124894],[112.725845659,-7.36968785424784],[112.725823504,-7.36971048699997],[112.725715038,-7.36969239399995],[112.725624544,-7.36967479699994],[112.72559374,-7.36966162424786],[112.725482947,-7.37011346399992],[112.72527103,-7.37041207999992],[112.7251589,-7.37038913999994],[112.724050639,-7.37016240524735],[112.72391923,-7.37013553],[112.72386165,-7.37012374999994],[112.72382871,-7.37010927999995],[112.72372485,-7.37002891999997],[112.723588001,-7.36992303499993],[112.7234941,-7.36985037224763],[112.72316861,-7.36959852924785],[112.72315839,-7.36959062999993],[112.72309827,-7.3695690522479],[112.72295812,-7.36951878224799],[112.72273412,-7.36943844224803],[112.72245426,-7.36933807224814],[112.721997902,-7.36910406424835],[112.721467243,-7.36883196099995],[112.721403663,-7.36879935124864],[112.72136712,-7.36878061999994],[112.72130137,-7.36874691],[112.72078224,-7.36862940999991],[112.720644399,-7.36859821099995],[112.72051194,-7.36856822999991],[112.7201924,-7.36849590999994],[112.719761990934927,-7.368543621783376],[112.71959604,-7.36856201999998],[112.718786829,-7.36842022699997],[112.71876448,-7.36841630999995],[112.71869868,-7.36792730224946],[112.71746345,-7.36777301224955],[112.71643131,-7.36764408999993],[112.71634028,-7.36763270999996],[112.71624366,-7.36762064399992],[112.7161481,-7.36760870999994],[112.7161479,-7.36755506999997],[112.71613183,-7.36754346999996],[112.716087560698526,-7.367401826232784],[112.716041292686157,-7.367277599788618],[112.716027982710003,-7.367207880865874],[112.716014038925451,-7.367126753392135],[112.716020377009343,-7.367029146900293],[112.716036856027472,-7.366890976671582],[112.716048898386859,-7.366787665904241],[112.716062842171411,-7.366726186490548],[112.716110377800547,-7.366601960046385],[112.716120518734755,-7.366535410165584],[112.716119251117988,-7.366404845637535],[112.716109110183794,-7.366239421648114],[112.716098335441146,-7.366138646114327],[112.716103405908257,-7.366084138592909],[112.716100870674708,-7.366009983011445],[112.716073300009825,-7.365921883645432],[112.716042693680691,-7.365802520650381],[112.715983432102348,-7.36577756593161],[112.715924656,-7.36576354725142],[112.715880852748384,-7.365757282104994]]]]}},
{"type":"Feature","properties":{"kdkab":"15","kdkec":"140","nmkab":"SIDOARJO","nmkec":"WARU","kddesa":"011","kdprov":"35","nmdesa":"WADUNGASRI","nmprov":"JAWA TIMUR","iddesa":"3515140011"},"geometry":{"type":"MultiPolygon","coordinates":[[[[112.76712291,-7.35160749226448],[112.76701247,-7.35160100226449],[112.76677227,-7.35155296226452],[112.76672717,-7.35168277226448],[112.76671641,-7.35171375226439],[112.766516,-7.35251880226366],[112.76651659,-7.35252713226367],[112.766512629,-7.35254677926361],[112.76589092,-7.35237848426381],[112.76588704,-7.3523767422638],[112.76605265,-7.35175269226439],[112.76595814873815,-7.351730212503631],[112.766123009809178,-7.351160892271742],[112.766052669085539,-7.351130118205153],[112.76622,-7.35047999226553],[112.7662242,-7.35047158226553],[112.76622485,-7.35038450226562],[112.76634647520315,-7.349329911327288],[112.76635068,-7.34929345226664],[112.76635208,-7.34929360226666],[112.766353047,-7.34928649626666],[112.766383115,-7.34906556626684],[112.76638761,-7.34903254226686],[112.766402115,-7.34892599326695],[112.76640253,-7.34892294226702],[112.76640658,-7.34889320226703],[112.766486498,-7.34830601826754],[112.76649687,-7.34822981226765],[112.76649201,-7.34822892226765],[112.76649503,-7.34819540226768],[112.76653097,-7.34779740226803],[112.76653003,-7.34779718226798],[112.766544695,-7.34765889626817],[112.766577983391031,-7.34734500686654],[112.76658249,-7.34730251226853],[112.7665817,-7.34730248226848],[112.766583636,-7.34728191926844],[112.76659638,-7.34714658226863],[112.76659652,-7.34714519226864],[112.766586866,-7.34714488226865],[112.76631095,-7.34713602226863],[112.766017838,-7.34712164826863],[112.76601303,-7.34712141226866],[112.76601669,-7.34704378226867],[112.76601838,-7.34700790226873],[112.76602797,-7.34685984226887],[112.76602829,-7.34685484226886],[112.76603958,-7.34668069226905],[112.766039171,-7.34668041026907],[112.765913255,-7.34659362426914],[112.76575724,-7.34648609226922],[112.76579357,-7.34621017226953],[112.765840983,-7.34602032226964],[112.76584139,-7.34601869226967],[112.76585673,-7.34595728226969],[112.76585909,-7.34591752226973],[112.76587998,-7.34556535227009],[112.76588412,-7.34549554227013],[112.76589725,-7.34527435227035],[112.7658033,-7.34517687227044],[112.7655267,-7.34508010227056],[112.76552327,-7.34506236227053],[112.765520692,-7.34504898827053],[112.76548974,-7.34488843227073],[112.76547349,-7.34457855227098],[112.76537793,-7.344593492271],[112.76535118,-7.34459622227104],[112.765351209,-7.34459279427101],[112.765326388,-7.34459976827094],[112.765330289,-7.34428969027124],[112.765330753,-7.34425397827129],[112.765331035456498,-7.344232219517849],[112.765332753,-7.3440999102714],[112.765421693,-7.34391622927161],[112.76542845,-7.34385035227168],[112.765454756,-7.34376517927176],[112.765734497,-7.34385590627167],[112.765719709,-7.34395942327162],[112.765926742,-7.3439988582715],[112.765956319,-7.34351331527201],[112.765958783,-7.34334325227212],[112.765955953,-7.34334281627209],[112.765594626,-7.34328722827224],[112.76559676,-7.34327831227223],[112.76553066,-7.34325118227219],[112.76553062,-7.34325086227225],[112.765247905,-7.3431362312723],[112.76523829,-7.34313233227234],[112.76521825,-7.34312421227234],[112.76521674,-7.34312512227237],[112.76507582,-7.34307610227242],[112.765075067,-7.34307716627241],[112.764970445,-7.34303393427246],[112.764663592,-7.34293657927251],[112.764555537,-7.34308691627238],[112.76456625,-7.34301557227244],[112.76448923,-7.34299347227245],[112.76443244,-7.34297718227247],[112.7644099,-7.34291055227252],[112.76412053,-7.34284508227261],[112.76412042,-7.34284503227261],[112.76412059,-7.34284432227257],[112.76413589,-7.3427805322727],[112.76413895,-7.34275961227273],[112.76414536,-7.34273237227273],[112.76409052,-7.34271546227276],[112.76408817,-7.34271646227276],[112.76406366,-7.34270829227275],[112.76406839,-7.34268851227276],[112.76407277,-7.3426859322728],[112.76409243,-7.34261823227284],[112.76398525,-7.34256525227287],[112.76397938,-7.34256640227286],[112.76395874,-7.34256038227285],[112.76393013,-7.34255116227291],[112.76389159,-7.34254791227289],[112.76390284,-7.34251652227291],[112.76391144,-7.34249244227294],[112.7639166,-7.34245804227297],[112.76393036,-7.342411602273],[112.7639424,-7.34233076227304],[112.76396476,-7.34219144227319],[112.76393707,-7.34214876227323],[112.7638865,-7.34202977227337],[112.76387259,-7.34199269227337],[112.763872239,-7.34198959027338],[112.76386411,-7.34191771227347],[112.76389162,-7.34177839227356],[112.76394666,-7.34163047227373],[112.7640103,-7.34152899227383],[112.76409458,-7.34147223227389],[112.76418746,-7.34136387227399],[112.76424766,-7.34121768227409],[112.76429238,-7.3410990022742],[112.76435602,-7.34089088227442],[112.76436634,-7.34082036227446],[112.7643543,-7.34074985227455],[112.7643526,-7.34073461227457],[112.76435258,-7.34073437227454],[112.764345154,-7.34073296927455],[112.764345082,-7.34073272127459],[112.764286495,-7.34053104727469],[112.764112117,-7.34038608227489],[112.76409286,-7.34030609227498],[112.7640619,-7.34014786227508],[112.764056684,-7.34010743727512],[112.76404814,-7.34004122227516],[112.76406878,-7.33995522227525],[112.76408254,-7.33991050227535],[112.76408989,-7.33989313227532],[112.7641119,-7.3398497922754],[112.76418918,-7.33969766227553],[112.76424078,-7.33950846227569],[112.76428894,-7.33931582227591],[112.764326239,-7.33918095427598],[112.76455761,-7.33922722927593],[112.764558713,-7.33922119227592],[112.764656197,-7.33868746327644],[112.7645275,-7.33841307027675],[112.7648391,-7.3383868222767],[112.76495614,-7.3383329222768],[112.764978731,-7.33832251327678],[112.76498405,-7.33832006227678],[112.765001585,-7.3383218152768],[112.7650985,-7.33833150227673],[112.76517119,-7.33835950227676],[112.765199197,-7.33837028927674],[112.765335,-7.33842259227669],[112.7654735,-7.33848875227663],[112.765488314,-7.33849582927659],[112.76549573,-7.33849937227665],[112.76565545,-7.33857567227656],[112.76576564,-7.33856945227658],[112.76587568,-7.33854271227657],[112.76605802,-7.33849841227665],[112.76616781,-7.33845471227665],[112.766387974,-7.33838601227676],[112.766473648,-7.33835927827672],[112.76651395,-7.33834670227677],[112.7665252,-7.33837587227675],[112.76653281,-7.33860807227651],[112.76654809,-7.33865577227647],[112.76656692,-7.33869422227638],[112.76657097,-7.33870249227643],[112.766581406,-7.33873283527636],[112.76658623,-7.33874686227638],[112.766606513,-7.33878280827632],[112.766757231394905,-7.338811669325524],[112.766967425,-7.33885191927632],[112.767009877,-7.33886004827626],[112.767006369,-7.33887376927627],[112.766927153,-7.339183626276],[112.766956005,-7.33918698827596],[112.766955213,-7.33918986727597],[112.767061957,-7.33920678127596],[112.767340816,-7.33925096727594],[112.767493688,-7.34153883427382],[112.767923213,-7.34157391027374],[112.768033932,-7.34157839227377],[112.76803393,-7.34157830227374],[112.76813586,-7.34158238227375],[112.76819295,-7.34158238227375],[112.7682745,-7.34158238227375],[112.76832343,-7.34155383227379],[112.76837644,-7.34150898227384],[112.76840498,-7.34146413227389],[112.76844167,-7.34140297227394],[112.76847837,-7.34135812227399],[112.76851507,-7.34123171227409],[112.76855177,-7.34099930227434],[112.76857215,-7.34086474227443],[112.7686007,-7.34075057227456],[112.76861961,-7.34070328227458],[112.76862516,-7.34068941227457],[112.76863784,-7.34067081227459],[112.76868632,-7.34059970227463],[112.76868632,-7.34056198227471],[112.76868632,-7.34055893227468],[112.76873933,-7.34050592227474],[112.7688063,-7.34053196227476],[112.76880636,-7.34053198227474],[112.76881273,-7.34053446227475],[112.76888204,-7.34055893227468],[112.76894321,-7.34056708227475],[112.7690166,-7.34059155227469],[112.76908471,-7.34061322227468],[112.76917261,-7.34017448227511],[112.76925651,-7.3401559122751],[112.76930228,-7.34002715227522],[112.76934044,-7.33992320227528],[112.76937095,-7.33984358227533],[112.76939385,-7.3397400922755],[112.7693963,-7.33973382227549],[112.76941675,-7.3396814522755],[112.76942437,-7.33965331227558],[112.76943198,-7.3396308922756],[112.7694396,-7.33960848227554],[112.76943198,-7.33957320227564],[112.769425,-7.33954654227566],[112.76942437,-7.33954411227568],[112.76941675,-7.33951930227568],[112.76941479,-7.33951355227568],[112.76940911,-7.33949691227571],[112.76942437,-7.33947402227572],[112.7694625,-7.33947210227571],[112.76950827,-7.33947307227571],[112.76954645,-7.33947544227575],[112.76955833,-7.33947629227572],[112.76959984,-7.33947926227576],[112.76963036,-7.3394811722757],[112.76966087,-7.33948308227568],[112.76969141,-7.33948497227572],[112.76972192,-7.33948642227571],[112.76973605,-7.33948667127573],[112.76977531,-7.3394873622757],[112.76981344,-7.33948545227565],[112.76984398,-7.33947926227576],[112.76986688,-7.33946831227571],[112.76988975,-7.33945066227575],[112.76992027,-7.33942633227577],[112.76994317,-7.33939725227576],[112.76997368,-7.3393667322758],[112.76999658,-7.33933621227587],[112.77001945,-7.33930904227583],[112.77004997,-7.33928517227589],[112.77006523,-7.3392656322759],[112.7700881,-7.33925038227594],[112.770111,-7.33923942227591],[112.77014154,-7.33923227227594],[112.77020257,-7.3392375122759],[112.77024072,-7.33924607227594],[112.77025117,-7.33924869227593],[112.7702636,-7.33925180227589],[112.77028423,-7.33925600227588],[112.77029411,-7.33925802227591],[112.77031701,-7.33926518227589],[112.770321017,-7.33926617627592],[112.77032108,-7.33926619227592],[112.77034753,-7.33927279227592],[112.77037804,-7.33928138227591],[112.77041619,-7.33929042227588],[112.77044671,-7.33929951227584],[112.77048484,-7.33930950227588],[112.77051536,-7.3393190522759],[112.77055351,-7.33932906227587],[112.77059167,-7.33933907227583],[112.77062218,-7.33934814227586],[112.77066031,-7.3393571822758],[112.77069085,-7.33936579227578],[112.77072137,-7.33937340227578],[112.77074426,-7.33938056227582],[112.77077478,-7.33938675227582],[112.77079765,-7.33939246227578],[112.77083579,-7.3394010622758],[112.77086633,-7.33940583227575],[112.77089684,-7.33939964227579],[112.77091974,-7.33937580227584],[112.77092761,-7.33936175227586],[112.77093497,-7.33934859227583],[112.77095787,-7.33931571227586],[112.77098077,-7.3392799522759],[112.77101126,-7.33924419227592],[112.77103416,-7.33921271227596],[112.77105705,-7.33918456227594],[112.77107993,-7.33916074227605],[112.77111044,-7.33913260227604],[112.77113334,-7.33911304227605],[112.77115624,-7.33910208227605],[112.77118675,-7.33909826227607],[112.7711982,-7.33909951527604],[112.77121727,-7.33910160227605],[112.77124014,-7.33910827227604],[112.77126304,-7.33911780227603],[112.77129358,-7.33913069227602],[112.7713241,-7.33914737227599],[112.77136223,-7.33916836227595],[112.7713934,-7.33918940227599],[112.77140038,-7.33919411227597],[112.77142328,-7.33920888227598],[112.77144615,-7.33922511227599],[112.77146905,-7.33924276227593],[112.77149957,-7.33926232227587],[112.77153008,-7.33928375227587],[112.7715606,-7.33930664227588],[112.77159111,-7.3393324022758],[112.77162927,-7.33935957227586],[112.77166742,-7.33938818227581],[112.77170555,-7.33941775227579],[112.77174371,-7.3394473222757],[112.77178184,-7.33947544227575],[112.77182,-7.33950264227563],[112.77185051,-7.33952694227567],[112.77188103,-7.33954793227563],[112.77191154,-7.33956510227561],[112.77193444,-7.33957893227563],[112.77195731,-7.33958940227565],[112.77198783,-7.33960277227558],[112.77202598,-7.33960848227554],[112.77207178,-7.3396094522756],[112.77210991,-7.33960611227559],[112.77214807,-7.3395984722756],[112.77217094,-7.33959274227562],[112.77219384,-7.33958512227556],[112.77221674,-7.3395765422756],[112.77224725,-7.33956607227562],[112.77227013,-7.33955507227565],[112.77229302,-7.33954363227563],[112.77232354,-7.33953219227566],[112.77234644,-7.33952073227566],[112.77236931,-7.33951026227569],[112.77239221,-7.33950073227566],[112.77242272,-7.33949261227567],[112.7724456,-7.33948545227565],[112.77248375,-7.3394749822757],[112.77252191,-7.3394678222757],[112.77256004,-7.33946355227572],[112.77259058,-7.33946113227574],[112.77262871,-7.33946258227568],[112.77266687,-7.33946974227576],[112.77269738,-7.3394759322757],[112.77272028,-7.33948451227567],[112.77275841,-7.33949498227568],[112.77278893,-7.33950787227563],[112.7728347,-7.33952218227568],[112.77287285,-7.33953744227566],[112.77291863,-7.33955364227565],[112.77297204,-7.33957035227561],[112.77301781,-7.33958703227563],[112.77307122,-7.33960326227557],[112.77312461,-7.33961849227559],[112.77317803,-7.33963377227556],[112.77323144,-7.33964806227553],[112.77328483,-7.33966235227557],[112.77332886,-7.33967417427557],[112.773541813,-7.33972117927548],[112.773657592,-7.33974673627548],[112.773793516,-7.33977674027546],[112.774008239,-7.33981498627538],[112.774319096,-7.33987035527531],[112.774405884,-7.33988581327531],[112.774786695,-7.33993396127529],[112.774921389,-7.33999605327522],[112.775669778,-7.34009109827514],[112.776047146,-7.34011661627514],[112.775995509,-7.3406611582746],[112.775969096,-7.34082927927447],[112.775946426,-7.34097357527431],[112.775842512,-7.34148987927386],[112.77584218,-7.34149177227386],[112.775802716,-7.34171711527362],[112.775720625,-7.34218585427319],[112.77563706,-7.34266301227281],[112.77541968,-7.34261421227285],[112.773527439,-7.34229455927311],[112.77352728,-7.34229453227308],[112.77336262,-7.34308426227236],[112.77321014,-7.34378135227177],[112.773209321,-7.3437850972717],[112.773188389,-7.34388077227167],[112.77317946,-7.34392158227164],[112.773122182,-7.34419914027136],[112.772847686,-7.34552930627012],[112.772843277,-7.34555066927009],[112.77280881,-7.34571769226995],[112.772808697,-7.34571823826995],[112.77272947,-7.34610218226956],[112.772710575,-7.3461937442695],[112.77245445,-7.34743487226842],[112.77245428,-7.34743567226832],[112.772451565,-7.34743660426836],[112.77242292,-7.34744643226833],[112.77234604,-7.34747278226831],[112.77222232,-7.34753678226827],[112.7721276,-7.34758371226824],[112.77211095,-7.34759716226821],[112.77211028,-7.34759770226821],[112.77210938,-7.34759842926821],[112.77207436,-7.34762672226816],[112.772025,-7.34767608226809],[112.77177926,-7.3479081722679],[112.77163932,-7.34805834226781],[112.771442829,-7.34821046726764],[112.7714363,-7.34821552226763],[112.7714272,-7.34821581226764],[112.771221303,-7.34877592326713],[112.77120804,-7.34881200226711],[112.77106718,-7.34908778226682],[112.77102628,-7.34916785226679],[112.77101036,-7.34919902226675],[112.770914766,-7.34938325026651],[112.77085722,-7.34949415226645],[112.7706382,-7.3499132822661],[112.770638859,-7.34991426126606],[112.77064106,-7.34991753226608],[112.77076218,-7.35001070226597],[112.77078353,-7.35014590226589],[112.77085231,-7.3507578622653],[112.77086269,-7.35081271226522],[112.77092335,-7.35113332226494],[112.77088922,-7.35113759226492],[112.77087,-7.35113999226491],[112.77079,-7.35113999226491],[112.77072,-7.35114999226495],[112.77065,-7.35114999226495],[112.77058,-7.35115999226489],[112.77054874,-7.35115999226489],[112.77051,-7.35115999226489],[112.77045187,-7.35115999226489],[112.77044,-7.35115999226489],[112.77038,-7.35115999226489],[112.77029,-7.35115999226489],[112.77022,-7.35116999226494],[112.77014,-7.35116999226494],[112.77006,-7.35116999226494],[112.76999,-7.35116999226494],[112.769969768132782,-7.35116999226494],[112.76991,-7.35116999226494],[112.76984,-7.35116999226494],[112.769802259,-7.35116999226494],[112.769784769,-7.35116999226494],[112.76976,-7.35116999226494],[112.76969,-7.35116999226494],[112.76962,-7.35115999226489],[112.76957992,-7.35115999226489],[112.76955,-7.35115999226489],[112.76948,-7.35114999226495],[112.76945999,-7.35114999226495],[112.769455308,-7.35114999226495],[112.76941,-7.35114999226495],[112.76933,-7.35113999226491],[112.76926,-7.35111999226495],[112.76918,-7.35110999226493],[112.76912165,-7.35109540226501],[112.7691,-7.35108999226497],[112.76907047,-7.351086302265],[112.76902,-7.35107999226499],[112.76894,-7.35105999226504],[112.76886,-7.35103999226503],[112.76885007,-7.35102939226506],[112.76879198,-7.35100979226505],[112.768713447,-7.35098328426511],[112.76863899,-7.35095815226511],[112.768637467,-7.35095763826508],[112.76856597,-7.35093351226511],[112.76850736,-7.35091373226516],[112.76829631,-7.35089584226518],[112.76785073,-7.35085079226519],[112.767426811908706,-7.350756719555643],[112.76737365,-7.35074492226532],[112.76737336,-7.35074637626524],[112.76736899,-7.35076828226526],[112.767278852330023,-7.351219828358792],[112.76724374,-7.35139572226471],[112.76720606,-7.35155033226456],[112.76719595075491,-7.351568509539064],[112.76717423,-7.35158671226451],[112.76712291,-7.35160749226448]]]]}},
{"type":"Feature","properties":{"kdkab":"15","kdkec":"140","nmkab":"SIDOARJO","nmkec":"WARU","kddesa":"008","kdprov":"35","nmdesa":"TAMBAK REJO","nmprov":"JAWA TIMUR","iddesa":"3515140008"},"geometry":{"type":"MultiPolygon","coordinates":[[[[112.77429794,-7.35834401225828],[112.7742971,-7.35834668225828],[112.774160336,-7.35830273725829],[112.773934111,-7.35823004625836],[112.77339644,-7.35805728225859],[112.7733968,-7.35805632225856],[112.77333765,-7.35803752225852],[112.77320182,-7.3579876682586],[112.77306051,-7.35793580225866],[112.77298507,-7.35790931225872],[112.77280445,-7.35784686225872],[112.77275732,-7.35782933225876],[112.77260079,-7.35777111225881],[112.77255201,-7.35775206225883],[112.772014098,-7.35755785225896],[112.77135094,-7.35731842225923],[112.77089305,-7.3571600822594],[112.770723831,-7.35710207325943],[112.76994018,-7.35683343225964],[112.769871030385772,-7.356808836117977],[112.76923837,-7.35658380225993],[112.768870465012498,-7.356460068522499],[112.768770145910068,-7.3564263292205],[112.76828407,-7.35626285226022],[112.76786673,-7.35611187226035],[112.76779227,-7.35608493226036],[112.7677928,-7.35608277226035],[112.765860324,-7.35544574626097],[112.76585382,-7.35544360226096],[112.76612369,-7.35465837226166],[112.766184924,-7.35442812926191],[112.76621426,-7.35431782226201],[112.76626861,-7.35400988226226],[112.76627948,-7.35387583226239],[112.76634831,-7.3533215322629],[112.76642801,-7.35296649226328],[112.766482019661296,-7.352698603586935],[112.766919014013752,-7.352805656223527],[112.767127622535611,-7.352803318957671],[112.76715462,-7.35281666226345],[112.76751209,-7.35291032226326],[112.76769879,-7.35295924226327],[112.76778632,-7.35298217226323],[112.76794229,-7.35302304226317],[112.767959864,-7.35304076426318],[112.76800132,-7.3530825722632],[112.76801801,-7.35308423226312],[112.76801797,-7.35308445226311],[112.76803748,-7.35308672226315],[112.76803754,-7.35308617226312],[112.7682867,-7.35311091226313],[112.76846232,-7.35312835226311],[112.76941306,-7.353256162263],[112.769437605,-7.35325946326294],[112.76955137,-7.35327476226291],[112.769562947668859,-7.353275298277867],[112.76964252,-7.35327898226298],[112.76964555,-7.35327942226295],[112.77002797,-7.35333405226292],[112.77062319,-7.35338397226281],[112.77062276,-7.35338632226287],[112.770667089,-7.35338743626287],[112.77067289,-7.35338758226282],[112.77067908,-7.35335818226287],[112.77068881,-7.3533119822629],[112.77069239,-7.35329495226296],[112.77069357,-7.35329516226296],[112.770726744,-7.35312756926311],[112.770772257582294,-7.352897635446115],[112.770781551,-7.35285068526335],[112.770823772,-7.35263738526354],[112.7709111,-7.35219620226393],[112.770911567,-7.35219625226395],[112.77110676,-7.35221708226394],[112.771106883,-7.35221544026398],[112.771219261,-7.3522296352639],[112.771222589140834,-7.352230008716096],[112.771474991313085,-7.3510409940024],[112.77153,-7.35102999226505],[112.77163,-7.35101999226502],[112.77173,-7.35099999226507],[112.77182,-7.35097999226503],[112.77191,-7.35096999226508],[112.77199,-7.35094999226509],[112.77207,-7.35093999226514],[112.77214,-7.35092999226514],[112.7722,-7.35091999226515],[112.77226,-7.35090999226513],[112.77232,-7.35089999226519],[112.77239,-7.35088999226512],[112.77247,-7.35088999226512],[112.77253,-7.35087999226522],[112.77259,-7.35087999226522],[112.77259775,-7.35087999226522],[112.7726455,-7.35087999226522],[112.77266,-7.35087999226522],[112.77274,-7.35088999226512],[112.77281,-7.35088999226512],[112.77287,-7.35090999226513],[112.77294,-7.35091999226515],[112.772990107405562,-7.350929102702518],[112.77305,-7.35093999226514],[112.77315,-7.35097999226503],[112.77325,-7.35101999226502],[112.77334,-7.35105999226504],[112.77342,-7.351099992265],[112.7735,-7.35114999226495],[112.77358,-7.35120999226492],[112.77364,-7.35126999226482],[112.77369,-7.35130999226476],[112.77374,-7.3513599922647],[112.7738,-7.35139999226468],[112.77386,-7.35144999226466],[112.77392,-7.3515099922646],[112.77398,-7.35155999226452],[112.77404,-7.35160999226447],[112.7741,-7.35166999226445],[112.77415035,-7.35170595226441],[112.77417,-7.35171999226438],[112.77423,-7.35176999226433],[112.7743,-7.35181999226433],[112.77437,-7.35186999226427],[112.77444,-7.35191999226422],[112.774454063,-7.35192878126419],[112.77452,-7.35196999226414],[112.77456517,-7.3519982222641],[112.77457965,-7.35200727226411],[112.7746,-7.35201999226406],[112.77468,-7.35205999226405],[112.774701049,-7.35206934726406],[112.77477,-7.35209999226406],[112.77487,-7.35213999226402],[112.77497,-7.35217999226399],[112.77507,-7.35220999226398],[112.77518,-7.35224999226389],[112.77528,-7.35227999226386],[112.77538,-7.35230999226382],[112.77548,-7.35232999226382],[112.77557,-7.35235999226383],[112.77566,-7.35237999226377],[112.775661975,-7.35238043126375],[112.77575,-7.35239999226375],[112.77583,-7.35241999226374],[112.77591,-7.35243999226374],[112.7759632,-7.3524551922637],[112.77598,-7.35245999226372],[112.77598082,-7.35246011226369],[112.77605,-7.35246999226367],[112.77611,-7.35247999226371],[112.77617,-7.35249999226371],[112.77618448,-7.35250240226368],[112.77623,-7.35250999226367],[112.77632,-7.35251999226367],[112.77639,-7.35253999226367],[112.77648,-7.35253999226367],[112.77656,-7.35254999226363],[112.77662,-7.35255999226359],[112.77669,-7.35255999226359],[112.77676,-7.35255999226359],[112.77682,-7.35255999226359],[112.77689,-7.35255999226359],[112.77696,-7.35255999226359],[112.77703,-7.35255999226359],[112.77709,-7.35255999226359],[112.77712767,-7.35255999226359],[112.77714342,-7.35255999226359],[112.77714548,-7.3525424422636],[112.77715015,-7.35250276226365],[112.777192907,-7.35213917226398],[112.77719447,-7.35212588226401],[112.77720219,-7.35206021226408],[112.77721687,-7.35193541226418],[112.777237523,-7.35184400926429],[112.77727673,-7.35162241226448],[112.77732143,-7.35132050226473],[112.77738936,-7.35108342226495],[112.77750957,-7.35052913226549],[112.77762065,-7.35007991226589],[112.7775286,-7.35002298226598],[112.77742889,-7.34996226226599],[112.777281835,-7.34983048726611],[112.77710638,-7.34967326226626],[112.77700038,-7.34947316226645],[112.7769455,-7.34939710226648],[112.77688497,-7.34931321226663],[112.77689996,-7.34923682226669],[112.77692622,-7.3491029722668],[112.77695661,-7.34904938226687],[112.77703993,-7.34902255226694],[112.77716696,-7.34885069226703],[112.77724232,-7.34881772226707],[112.7774712,-7.34871758226722],[112.77762362,-7.34869142226724],[112.77771523,-7.34863504226722],[112.77779134,-7.34853356226734],[112.77783222,-7.34845322226746],[112.77783172,-7.34843296226745],[112.77783216,-7.34843289226745],[112.777838,-7.3483679022675],[112.77788578,-7.34834329226752],[112.777896388,-7.34833415326753],[112.777907,-7.3483250122675],[112.77825861,-7.34831297226753],[112.77857816,-7.34828546226759],[112.77894564,-7.34827836226757],[112.779309205,-7.34828709026759],[112.77935217,-7.34828812226755],[112.77949063,-7.34828339226757],[112.77955,-7.34828999226754],[112.77964,-7.34830999226756],[112.77971,-7.34831999226755],[112.77972731,-7.34832576226756],[112.77989683,-7.3483508122675],[112.77994071,-7.34835729226753],[112.779996178433336,-7.348370210771916],[112.78004538,-7.3483859152675],[112.780164870274007,-7.348424627162664],[112.780173579406124,-7.348691376560751],[112.78011919959836,-7.349019904420776],[112.780114728257814,-7.349107641600392],[112.780107894741292,-7.349478785238418],[112.78016369,-7.34978311226619],[112.78016682,-7.34990074226606],[112.78016746,-7.34990235226606],[112.78017557,-7.34992280226608],[112.78016481,-7.35001932226596],[112.78015015,-7.35007133226591],[112.78011544,-7.35022175226578],[112.78010188,-7.35023402226576],[112.78004137,-7.35028884226575],[112.77991964,-7.35052309226552],[112.779936544,-7.35054067026547],[112.77999429,-7.35060072226542],[112.78003522,-7.35061169226539],[112.7800963,-7.35063992226538],[112.78009781,-7.35064062026538],[112.78026609,-7.35071838226528],[112.780410628,-7.35080505626519],[112.78063493,-7.35093956226515],[112.78090833,-7.35096156226511],[112.780979537,-7.35096729426508],[112.78111827,-7.35097846226509],[112.78124541,-7.35093418226514],[112.781255425231862,-7.350933718327468],[112.781472143,-7.35092367926515],[112.7814764,-7.35092348226513],[112.78152985,-7.35062950226542],[112.78155883,-7.35054256226546],[112.781591481,-7.35026942026571],[112.781652896,-7.34989383726606],[112.78176797,-7.34896462226693],[112.781807631668983,-7.348807982020792],[112.781816329738703,-7.348739154809297],[112.78193879,-7.34817444226765],[112.7819886,-7.34794673226788],[112.78200639,-7.34779018226795],[112.782035694,-7.3475572572682],[112.782276548,-7.34756673726822],[112.78229835,-7.34756770226826],[112.78235877,-7.34731657226845],[112.782361367,-7.34731727326845],[112.78239127,-7.34732547226839],[112.78272087,-7.34741508226839],[112.7829387,-7.34748209226833],[112.78334709,-7.34759586226821],[112.78359226,-7.3476967122681],[112.78424765,-7.34784086226798],[112.78449,-7.34785999226796],[112.78467,-7.34788999226794],[112.7848,-7.34796999226786],[112.78494,-7.34802999226778],[112.78536714,-7.34805925226772],[112.78567,-7.3480799922677],[112.785716444444446,-7.348077547823278],[112.78586,-7.34806999226776],[112.78595822222222,-7.348077547823278],[112.78636417,-7.34811897226773],[112.7864777,-7.34813037226771],[112.78787,-7.34819999226766],[112.78822,-7.34821999226765],[112.78841165,-7.34826968226758],[112.78849,-7.34828999226754],[112.7886,-7.34833999226749],[112.78877,-7.34843999226735],[112.78898,-7.34849999226736],[112.78940525,-7.34855798226736],[112.78986,-7.34858999226726],[112.7907,-7.34870999226712],[112.79096,-7.34871999226715],[112.79116,-7.34872999226719],[112.79133,-7.34874999226713],[112.79155,-7.34874999226713],[112.79175,-7.34874999226708],[112.79195,-7.34873999226716],[112.79213,-7.34873999226716],[112.79249,-7.34873999226715],[112.79258673,-7.34874966226715],[112.79257255,-7.3490105122669],[112.7925689,-7.34936530226647],[112.79294464,-7.34938407226654],[112.79317552,-7.34932954226661],[112.79341,-7.34932999226658],[112.79369,-7.34932999226658],[112.79386,-7.34931999226666],[112.79403,-7.34931999226666],[112.79421,-7.34930999226652],[112.7944,-7.34930999226661],[112.794542148148153,-7.349302510785151],[112.79478,-7.34928999226659],[112.79496,-7.34927999226659],[112.79513,-7.34926999226669],[112.79529,-7.34925999226665],[112.79544,-7.34924999226661],[112.79556,-7.34923999226666],[112.79566,-7.34922999226672],[112.79574,-7.34922999226672],[112.79590927,-7.3492072422667],[112.79610102,-7.34926685226657],[112.79661321,-7.34921758226673],[112.7968419,-7.34924027226668],[112.79690845,-7.34927121226664],[112.79683719,-7.34954602226642],[112.79806995,-7.35030735226569],[112.79808665,-7.35035672226563],[112.79778488,-7.35227360226385],[112.79708401,-7.35243296226372],[112.79696966,-7.35273003226343],[112.79663268,-7.35410325226219],[112.79738297,-7.35391898226233],[112.79716375,-7.3548179522615],[112.7966118,-7.35506735226134],[112.79672923,-7.3565623422599],[112.79723107,-7.35663505225988],[112.79783579,-7.35672269225979],[112.79779526,-7.35690411225962],[112.79790348,-7.3571343822594],[112.79791246,-7.35731562225921],[112.79791926,-7.35797886225864],[112.79780474,-7.35823474225838],[112.79763418,-7.35891930225774],[112.79767882,-7.35905122225765],[112.797687481,-7.3590768212576],[112.797701,-7.35911678225758],[112.79834441,-7.35903180225767],[112.79877297,-7.35888177225775],[112.79897117,-7.35891393225775],[112.79907866,-7.35896294225771],[112.79920282,-7.35905307225764],[112.79977264,-7.35914142225758],[112.80057252,-7.35897342225768],[112.80076237,-7.35898089225769],[112.80082061,-7.35909601225763],[112.80069851,-7.35951671225715],[112.80078996,-7.35968113225706],[112.80091071,-7.3599484322568],[112.8014148,-7.36011119225663],[112.80157002,-7.35971507225697],[112.80186609,-7.35945846225723],[112.80203951,-7.35948248225722],[112.80217245,-7.35970441225704],[112.8023871,-7.35972002225698],[112.8025691,-7.35982640225686],[112.80263632,-7.36012275225663],[112.80275226,-7.36022116225654],[112.80290081,-7.36022056225657],[112.80321386,-7.36007923225666],[112.80346202,-7.36021830225653],[112.80361137,-7.36041544225635],[112.80349749,-7.36082787225595],[112.80353097,-7.36094309225587],[112.80377866,-7.36096681225584],[112.80435544,-7.36073378225604],[112.80465623,-7.3606213422562],[112.80517753,-7.3609570522559],[112.8053018,-7.36107190225576],[112.80551794,-7.3614582822554],[112.8058081,-7.36177845225506],[112.80597506,-7.3622474222547],[112.80662792,-7.36245901225449],[112.80676044,-7.36271477225427],[112.80685019,-7.36281933225414],[112.80730942,-7.36304320225394],[112.80738598,-7.36305666225389],[112.807607994,-7.3631563272538],[112.80804034,-7.36335041225365],[112.80809202,-7.36337362225361],[112.8082339,-7.36360330225344],[112.80829896,-7.36380964225323],[112.80837127,-7.36395566225309],[112.80826569,-7.36437629225269],[112.80800958,-7.36451754225259],[112.80795584,-7.36455105225253],[112.80794741,-7.36455183225255],[112.80782924,-7.36461700225247],[112.80763451,-7.36458067225251],[112.80752034,-7.36459119225251],[112.80699462,-7.36450377225262],[112.80683266,-7.36443106225266],[112.80663128,-7.36439348225267],[112.80639837,-7.36444096225267],[112.80638503,-7.36444752225262],[112.8060983,-7.36466089225244],[112.80598344,-7.36477648225231],[112.80596537,-7.3648227322523],[112.80595703,-7.36483712225228],[112.80582,-7.36481999225227],[112.80572,-7.36481],[112.80562,-7.3648],[112.80555,-7.36479999225232],[112.80542,-7.36477999225232],[112.80528,-7.36475999225231],[112.80522,-7.36476],[112.80508,-7.36474],[112.805,-7.3647299922524],[112.8049,-7.36471999225244],[112.80484184,-7.36471168999997],[112.80477,-7.3647],[112.8047,-7.36467999225246],[112.8046,-7.36466999225242],[112.8045,-7.36465999225247],[112.80442,-7.36463999225248],[112.80432,-7.36462999225251],[112.80423,-7.36461],[112.80412,-7.3645999922525],[112.80398,-7.3645699922525],[112.80387,-7.36454999225253],[112.80376,-7.36453999225256],[112.80367,-7.36452999225255],[112.803633026,-7.36452471799994],[112.8036,-7.36452],[112.80352,-7.36450999225257],[112.80346,-7.36449999225261],[112.8034,-7.36448999225257],[112.80332,-7.36447999225261],[112.80326,-7.3644699922526],[112.8032,-7.36445999225262],[112.80307,-7.36443999225263],[112.80286,-7.36440999225274],[112.8028,-7.36439999225262],[112.80264,-7.36437999225266],[112.8025,-7.36435999225272],[112.80241,-7.36435999225272],[112.80233,-7.36434999225274],[112.80215,-7.36432999225274],[112.80201,-7.36432999225274],[112.80195,-7.36431999225274],[112.80156097,-7.36434658225276],[112.8013946,-7.36439842225264],[112.8011139,-7.36458687225248],[112.80106,-7.36462999225251],[112.80101,-7.36466999225242],[112.80095,-7.36471999225244],[112.80088,-7.36476999225234],[112.8008328,-7.3648037022523],[112.80075327,-7.36486963225224],[112.80072474,-7.36489328999996],[112.80057701,-7.36501574999993],[112.80047,-7.36506999225208],[112.80039856,-7.36510571225208],[112.80032572,-7.36514244999997],[112.80026,-7.36518],[112.80020158,-7.36520503225197],[112.80014222,-7.36523495225193],[112.80006858,-7.3652446822519],[112.80005,-7.36524999225192],[112.79997,-7.36526999225193],[112.79988,-7.36527999225186],[112.79980125,-7.36528],[112.79964275,-7.36530092225186],[112.79949374,-7.36529601225187],[112.79945,-7.36529999225186],[112.79937,-7.3653],[112.79929,-7.36529999225186],[112.79923,-7.3653],[112.79917,-7.36530999225187],[112.7991,-7.36530999225187],[112.79902,-7.36530999225187],[112.79896,-7.36531],[112.79889,-7.36531999225182],[112.79883,-7.36532],[112.79876,-7.36532999225185],[112.7987,-7.36533999225181],[112.79864,-7.36533999225181],[112.79863905,-7.36533926225179],[112.79842,-7.36516999225198],[112.79824,-7.36502999225205],[112.79808,-7.36489999225226],[112.79795,-7.36478999225235],[112.79783,-7.36468999225239],[112.79773,-7.3645999922525],[112.79764,-7.36451999225255],[112.79755,-7.36443999225263],[112.79747,-7.36435999225272],[112.79739,-7.3642799922528],[112.79731,-7.36420999225284],[112.79723,-7.36412999225288],[112.79715,-7.36405999225301],[112.79708,-7.36398999225304],[112.79701,-7.36392999225308],[112.79695,-7.36385999225315],[112.79689,-7.36380999225321],[112.79683,-7.36374999225324],[112.79678,-7.36369999225332],[112.79673,-7.36365999225332],[112.79668,-7.36360999225337],[112.79661,-7.36354999225349],[112.79655,-7.36349999225349],[112.7965,-7.36346999225354],[112.79645,-7.36340999225357],[112.79637,-7.36334999225368],[112.79629,-7.3632999922537],[112.79623,-7.36325999225374],[112.79617,-7.36321999225376],[112.79611,-7.36317999225382],[112.79605,-7.36314999225386],[112.79597,-7.36309999225391],[112.79591,-7.36306999225392],[112.79584,-7.36303999225393],[112.79576,-7.36301999225396],[112.79569,-7.36299999225396],[112.79559,-7.36298999225398],[112.7955,-7.36296999225402],[112.79541,-7.36294999225403],[112.79531,-7.36292999225405],[112.7952,-7.36290999225402],[112.795172787,-7.36290545825411],[112.79516615,-7.3629043522541],[112.79508,-7.36288999225407],[112.79497,-7.36286999225406],[112.79486,-7.36284999225418],[112.79476,-7.36282999225415],[112.79467,-7.36280999225417],[112.79458,-7.36278999225418],[112.7945,-7.36276999225419],[112.79443,-7.36275999225421],[112.79435,-7.36273999225423],[112.79428,-7.36272999225423],[112.7942,-7.36271999225424],[112.79413,-7.36270999225421],[112.79405,-7.36269999225425],[112.79396,-7.36268999225426],[112.79387,-7.36267999225428],[112.79378,-7.36266999225431],[112.79368,-7.36265999225426],[112.79357,-7.36265999225426],[112.79346,-7.3626499922543],[112.79334,-7.36263999225429],[112.79322,-7.36262999225431],[112.7931,-7.3626199922543],[112.79297,-7.36260999225433],[112.79285,-7.36259999225431],[112.79273,-7.36258999225437],[112.79261,-7.36257999225439],[112.7925,-7.36256999225438],[112.7924,-7.36255999225438],[112.7923286,-7.36255106225438],[112.79232,-7.36254999225437],[112.79225,-7.36253999225443],[112.79218,-7.3625299922544],[112.79211,-7.36249999225441],[112.79202,-7.36247999225442],[112.7919819,-7.36246094225445],[112.791950029,-7.36244500725448],[112.79194,-7.36243999225447],[112.79186,-7.36239999225459],[112.79179,-7.36233999225462],[112.79172,-7.36227999225462],[112.79167,-7.36222999225469],[112.79159,-7.36214999225473],[112.79153,-7.36207999225481],[112.79147,-7.36200999225485],[112.79142,-7.36195999225493],[112.79137,-7.36189999225497],[112.79132,-7.36184999225504],[112.79128,-7.3617999922551],[112.79122,-7.36174999225512],[112.79116,-7.36170999225517],[112.79108,-7.36165999225525],[112.791,-7.36161999225524],[112.79093,-7.3615899922553],[112.79085,-7.36154999225535],[112.79075,-7.36150999225533],[112.79065,-7.3614599922554],[112.79055,-7.36141999225541],[112.79044,-7.36136999225549],[112.79034,-7.36132999225552],[112.79024,-7.36128999225552],[112.79015,-7.36124999225556],[112.79008,-7.36122999225565],[112.79001,-7.36119999225563],[112.78993,-7.36116999225567],[112.78984,-7.36114999225568],[112.78978,-7.36113999225574],[112.78972,-7.36113999225574],[112.78964,-7.36114999225568],[112.78956,-7.36116999225567],[112.78949,-7.36117999225562],[112.78944,-7.36120999225566],[112.78937,-7.36123999225557],[112.78929,-7.36128999225552],[112.78923,-7.36132999225552],[112.78916,-7.36137999225548],[112.78909,-7.36143999225542],[112.78904,-7.36147999225538],[112.78898,-7.36150999225533],[112.78893,-7.36154999225535],[112.78888,-7.3615899922553],[112.78883,-7.36161999225524],[112.78878,-7.36164999225524],[112.78871,-7.36168999225517],[112.78861,-7.36173999225513],[112.78853,-7.36176999225514],[112.78847,-7.36178999225506],[112.7884,-7.36180999225508],[112.78829,-7.36183999225508],[112.78821,-7.36186999225502],[112.78813,-7.36187999225501],[112.78804,-7.36188999225499],[112.78797,-7.36189999225497],[112.78788,-7.36190999225496],[112.78781,-7.36190999225496],[112.78774,-7.36190999225496],[112.78768,-7.36189999225497],[112.78761,-7.36187999225501],[112.78755,-7.36185999225505],[112.78747,-7.36182999225502],[112.7874,-7.3617999922551],[112.78734,-7.36175999225514],[112.78728,-7.36171999225513],[112.78723,-7.36168999225517],[112.78718,-7.36164999225524],[112.78713,-7.3616099922552],[112.78707,-7.36155999225529],[112.78702,-7.36150999225533],[112.78695,-7.36144999225537],[112.78689,-7.36137999225548],[112.78682,-7.36130999225556],[112.78676,-7.36123999225557],[112.78669,-7.36116999225567],[112.78662,-7.36108999225572],[112.78655,-7.3610199922558],[112.786502484278003,-7.36097247653394],[112.78648,-7.36094999225588],[112.78641,-7.36087999225595],[112.78635,-7.36081999225595],[112.78629,-7.36076999225602],[112.78623,-7.36070999225606],[112.78617,-7.3606599922561],[112.78612,-7.36061999225615],[112.78607,-7.36057999225624],[112.78602,-7.36053999225627],[112.78596,-7.3604899922563],[112.78589,-7.36044999225635],[112.785883262,-7.36044902925633],[112.78582,-7.36043999225631],[112.78574,-7.36042999225635],[112.78563,-7.36044999225635],[112.78556,-7.36045999225628],[112.78549,-7.36046999225633],[112.78538,-7.36049999225628],[112.78529,-7.36051999225625],[112.78523,-7.36053999225627],[112.78515,-7.36056999225619],[112.78506,-7.36059999225618],[112.785,-7.36061999225615],[112.78495,-7.36064999225617],[112.78489,-7.36066999225617],[112.78483,-7.36069999225609],[112.78477,-7.36071999225609],[112.78472,-7.36074999225606],[112.78466,-7.36077999225605],[112.7846,-7.36080999225603],[112.78453,-7.36084999225595],[112.78445,-7.36088999225591],[112.78438,-7.36092999225586],[112.78429,-7.36097999225582],[112.78423,-7.36100999225579],[112.78418,-7.36103999225579],[112.7841,-7.36107999225577],[112.784,-7.36110999225572],[112.78392,-7.3611299922557],[112.78384,-7.36113999225574],[112.78379171,-7.36113999225574],[112.783745374927719,-7.36113999225574],[112.78374,-7.36113999225574],[112.783683144,-7.36114473225564],[112.783600486,-7.36107124025578],[112.783361617,-7.36087637225597],[112.783120197160642,-7.360637970146789],[112.782858734,-7.36037977525636],[112.782629293,-7.36019433725656],[112.78229299,-7.35993346725681],[112.781863002388363,-7.359729384859529],[112.781858819388361,-7.35973158485954],[112.781858904388372,-7.359731736859571],[112.781361501,-7.36004005225671],[112.780908425,-7.36026561025653],[112.780653745206664,-7.360368755592196],[112.780516151,-7.36042448125636],[112.780378855,-7.36054216325625],[112.780355319,-7.3607461452561],[112.780355488251004,-7.36078763287773],[112.780311547571003,-7.36105343797727],[112.7802243,-7.36097698225581],[112.78014344,-7.36092382225589],[112.779929616068003,-7.36079223677799],[112.77956316,-7.36062920225617],[112.779245131207361,-7.360477113222115],[112.7786491,-7.3601731052566],[112.77827963,-7.35994917225681],[112.77797732,-7.35975446225689],[112.777883186,-7.35966394525695],[112.777716290941996,-7.35951639912741],[112.77756,-7.35940999225727],[112.77750701,-7.35937820225727],[112.777296946487311,-7.359311115036914],[112.77685712,-7.3591681422575],[112.77603089,-7.35890554225778],[112.77596264,-7.35888243225781],[112.77595901,-7.35888120325776],[112.77561842,-7.35876591225787],[112.77516096,-7.35862524225798],[112.775134411,-7.35861659225801],[112.775203259,-7.35825553125835],[112.774354449,-7.35816259625847],[112.774305753,-7.35834655825826],[112.77429794,-7.35834401225828]]]]}},
{"type":"Feature","properties":{"kdkab":"15","kdkec":"140","nmkab":"SIDOARJO","nmkec":"WARU","kddesa":"014","kdprov":"35","nmdesa":"WEDORO","nmprov":"JAWA TIMUR","iddesa":"3515140014"},"geometry":{"type":"MultiPolygon","coordinates":[[[[112.74796264,-7.35625930226016],[112.74774323761028,-7.356235616226216],[112.747226588,-7.35617984026032],[112.74721994,-7.35617912226025],[112.7471199,-7.35635062226009],[112.74702375,-7.35658249225987],[112.74699506,-7.35665170225982],[112.74699494,-7.3566517122598],[112.746947157373171,-7.356793573055948],[112.746945901373167,-7.356793453055908],[112.746727899160888,-7.356724361533556],[112.746726249160886,-7.356724201533606],[112.746311179693521,-7.356664538253526],[112.74622511,-7.3565677422599],[112.7462247,-7.35656755225995],[112.746226676,-7.35652044225998],[112.74600184,-7.35650221225993],[112.745994643674678,-7.356355540178409],[112.745876326,-7.35636148426011],[112.745883908,-7.35615422526028],[112.745866048,-7.35615300126028],[112.745899928,-7.35577580026066],[112.745926294784184,-7.355669227416995],[112.745887383538388,-7.355656693060999],[112.745950178885522,-7.355321784542941],[112.745845006529649,-7.35527949466275],[112.745797243,-7.35524794226117],[112.746009793123264,-7.3545296199503],[112.746009872123267,-7.35452934495028],[112.745973402080693,-7.354504412869173],[112.746059384541979,-7.354267143685332],[112.746097512231231,-7.354245517116999],[112.746131599,-7.35412108526218],[112.746196758,-7.35404210426223],[112.746207429,-7.35402916926226],[112.746255685,-7.35389818926241],[112.746299345,-7.35362473926264],[112.746354408732842,-7.353352439576665],[112.746330239002077,-7.353228331779874],[112.746314955396272,-7.353186732849068],[112.746289201902528,-7.353152045530675],[112.746167740270593,-7.352966816541978],[112.746027250708579,-7.352720868738135],[112.745986831,-7.35273315526345],[112.745717977,-7.35207595626408],[112.745524058,-7.35211620326401],[112.74552116,-7.352113012264],[112.745521928,-7.35209512926403],[112.74552225,-7.35208764226405],[112.74552419,-7.35204225226411],[112.745544848,-7.35156021926453],[112.74555,-7.3514399922647],[112.74553179,-7.35090279826515],[112.74553169,-7.35089984226516],[112.74553,-7.35084999226523],[112.74552803,-7.35082748226525],[112.745501041,-7.35051983926546],[112.74548,-7.3502799922657],[112.74542635,-7.3497166322662],[112.74542677,-7.34971624226623],[112.74557614,-7.3496750322663],[112.74563177,-7.34965384226634],[112.74563166,-7.34965123226631],[112.745631383,-7.34964465326631],[112.74562479,-7.34948812226648],[112.74562174,-7.34941584226653],[112.74561971,-7.34917948226669],[112.74563284,-7.34915110226682],[112.745612878,-7.34890453026696],[112.74561228,-7.34889714226699],[112.74560869,-7.34885285226706],[112.74560326,-7.34878574226706],[112.7457048,-7.34832105226748],[112.745707586,-7.34830829726756],[112.74571971,-7.34825279226761],[112.74574137,-7.34815365226771],[112.745774573238336,-7.348001682445988],[112.74587991,-7.3475195622683],[112.74598829,-7.34695125226882],[112.746022839,-7.34677010326894],[112.74607307,-7.34650673226922],[112.74606427,-7.34630661826937],[112.74604217,-7.34580402226985],[112.74609238,-7.34576297226988],[112.74608948,-7.34575221226991],[112.746074119,-7.34569526226999],[112.74607,-7.34567999226996],[112.7461592,-7.34473025227084],[112.74617348,-7.344578182271],[112.74624,-7.34386999227167],[112.74628209,-7.34340055227211],[112.746300489,-7.3431953292723],[112.74637,-7.34241999227296],[112.74646977,-7.34193113227343],[112.74701681,-7.34208707227331],[112.74718724,-7.34214309227324],[112.74748984,-7.34224255227316],[112.74782555,-7.34236985227304],[112.74806205,-7.34239512227304],[112.74857324,-7.34229642227314],[112.74891654,-7.34219392227319],[112.74905388,-7.3421997522732],[112.74910729,-7.34220202227321],[112.74945062,-7.3422301422732],[112.74990837,-7.34226400227313],[112.74999994,-7.34226687227315],[112.75013725,-7.34227115227313],[112.75049584,-7.34232263227309],[112.75132745,-7.34234077227308],[112.75160418,-7.34234247227306],[112.75171653,-7.34234316227308],[112.75183097,-7.34234650227308],[112.7524108,-7.34236415227304],[112.75249406,-7.34235937227304],[112.75268546,-7.34234838227306],[112.75332634,-7.34226733227315],[112.75346365,-7.3422301422732],[112.75356823,-7.34213911227325],[112.75357,-7.34213999227327],[112.75367873,-7.34219436227322],[112.75353271,-7.34396602227153],[112.75353521,-7.34396621227155],[112.75353254,-7.34400288727155],[112.75353254,-7.34400296227153],[112.75345904,-7.3450135822706],[112.75345674,-7.34501332227059],[112.75345401,-7.34504443227058],[112.753452568,-7.3450608692706],[112.7534475,-7.34511866227049],[112.75344935,-7.3451188522705],[112.753449235,-7.34512029127054],[112.75340377,-7.34568746227001],[112.753398619,-7.34574600226994],[112.753396426,-7.34577092226989],[112.75338483,-7.34590270826977],[112.75338355,-7.34591725226976],[112.75336328,-7.34614770226953],[112.75337087,-7.34614843226959],[112.75336952,-7.346158447269538],[112.753314752,-7.34656464526916],[112.75331106,-7.34659205226916],[112.75324824,-7.34705348226871],[112.75324219,-7.34709798226866],[112.753229563,-7.34719352126859],[112.753224730250338,-7.347230088421035],[112.75311836,-7.34803494226781],[112.753115464,-7.34805685526777],[112.75299054,-7.34900217226692],[112.75298524,-7.3490422522669],[112.752966826702959,-7.349201836061598],[112.752900677,-7.34977514026619],[112.752888559,-7.3498801622661],[112.752919750162192,-7.349892638730968],[112.752874886850435,-7.350508255728768],[112.752826837780574,-7.350496184680437],[112.752566483940015,-7.351726640513766],[112.75276732,-7.35175711226435],[112.75277724,-7.35177208226431],[112.75294305,-7.35196775226419],[112.75297818,-7.35200922226415],[112.75302573,-7.35219597226396],[112.75302586,-7.35222883226392],[112.753026,-7.35226455226392],[112.75302631,-7.35234467226379],[112.752972228,-7.35250089326366],[112.752972,-7.3525015522637],[112.752961184,-7.35253280326363],[112.75296051,-7.35253475226367],[112.7529414,-7.3525899622636],[112.75293795,-7.35259993226356],[112.752875778000814,-7.352756860548495],[112.75287052,-7.35277013226341],[112.75286263,-7.35292736226332],[112.75294392,-7.35303751226315],[112.75302539,-7.35319439226304],[112.75302222,-7.35319731226301],[112.7530384,-7.35321289226303],[112.75303826,-7.35321983226302],[112.75313263,-7.35341065226281],[112.75316739,-7.35359320226264],[112.75336915,-7.35403851226225],[112.753370579,-7.35404103626222],[112.75347899,-7.35423254226206],[112.7535293,-7.35424182226206],[112.75373472,-7.354294282262],[112.75374315,-7.35429744226199],[112.75385924,-7.35431208226198],[112.75388202,-7.35431970226204],[112.75388064,-7.35434539226194],[112.75389459,-7.35441067226191],[112.75389568,-7.35445185226181],[112.75389468,-7.35445781226184],[112.75389637,-7.35446627226182],[112.753862266,-7.35462130626168],[112.753787871,-7.35492201526145],[112.753668335,-7.35537692326101],[112.753576166,-7.35572885326066],[112.75353083,-7.3559019622605],[112.753505076,-7.35600211526042],[112.753441807,-7.35624815226021],[112.75343599,-7.35627077226019],[112.75337225,-7.35651866225999],[112.75336865,-7.35651814225998],[112.753335436,-7.35668651225977],[112.75330946,-7.35681819225966],[112.75322681,-7.35681305225972],[112.75322658,-7.35681387225973],[112.75306715,-7.35680475225966],[112.75294802,-7.35679794225969],[112.75285028,-7.35680959225973],[112.75285278,-7.35678716225972],[112.752738779,-7.35677485725976],[112.751986431563481,-7.356693650162207],[112.75161976,-7.35665407225979],[112.751617856,-7.35665386625987],[112.751554543069844,-7.356647892017267],[112.750634806,-7.35654775525996],[112.75060393,-7.35654442225994],[112.74972683,-7.35644973226005],[112.74925249,-7.35639853226006],[112.749137236,-7.3563860912601],[112.748651171367626,-7.356333621655164],[112.748393256,-7.35630578026012],[112.74838901,-7.35630532226016],[112.74796264,-7.35625930226016]]]]}},
{"type":"Feature","properties":{"kdkab":"15","kdkec":"140","nmkab":"SIDOARJO","nmkec":"WARU","kddesa":"009","kdprov":"35","nmdesa":"TAMBAK OSO","nmprov":"JAWA TIMUR","iddesa":"3515140009"},"geometry":{"type":"MultiPolygon","coordinates":[[[[112.79864509,-7.34659318226912],[112.798203665,-7.34656783726922],[112.797889917,-7.34654982226918],[112.79764263,-7.34653563226916],[112.79757197,-7.34653157226923],[112.79757113,-7.34647839226925],[112.79755222,-7.34527660227034],[112.79756155,-7.34527569227033],[112.79763786,-7.34526950227039],[112.79770653,-7.34526280227034],[112.7977752,-7.34525661227034],[112.79784387,-7.34525088227035],[112.7979049,-7.3452461222704],[112.79796593,-7.34524135227039],[112.79801934,-7.34523756227033],[112.79805747,-7.34523468227035],[112.79808799,-7.3452323122704],[112.79811853,-7.34522992227041],[112.79815666,-7.34522513227043],[112.79817956,-7.34521846227044],[112.79820243,-7.34520702227039],[112.79822533,-7.34518985227043],[112.79824823,-7.34516746227049],[112.798271404,-7.34514570227046],[112.79827872,-7.34513883227049],[112.7983169,-7.34510498227047],[112.79833977,-7.34508639227052],[112.79836265,-7.34506731227054],[112.79838554,-7.34504823227055],[112.79840842,-7.34502918227056],[112.79843132,-7.34501104227059],[112.79845421,-7.34499390227062],[112.79847709,-7.34497813227062],[112.79849999,-7.34496479227066],[112.79853812,-7.34494286227064],[112.79857627,-7.34492760227068],[112.79861443,-7.34491711227069],[112.79865256,-7.34490852227069],[112.79868307,-7.34490615227067],[112.79871359,-7.34490852227069],[112.79874413,-7.34491328227071],[112.79878226,-7.34492090227063],[112.79882042,-7.34493142227069],[112.79884331,-7.34493858227072],[112.79886621,-7.34494619227067],[112.79888909,-7.34495524227064],[112.7989196,-7.34496527227063],[112.7989425,-7.34497622227061],[112.79897301,-7.34498815227063],[112.79900353,-7.34500055227059],[112.7990264,-7.34501344227061],[112.79905692,-7.34502584227056],[112.79907982,-7.34503871227058],[112.79910271,-7.34505063227058],[112.79912559,-7.34506255227057],[112.79912968,-7.34506459227053],[112.79914849,-7.34507398227051],[112.799179,-7.34509785227052],[112.79920952,-7.34512452227049],[112.799230083,-7.34514668827046],[112.79924005,-7.3451574322705],[112.79925529,-7.34517699227048],[112.79927057,-7.34519846227043],[112.7992858,-7.34522085227035],[112.79930106,-7.34524375227039],[112.79931634,-7.34526711227036],[112.79933157,-7.34528998227036],[112.79934686,-7.34531242227035],[112.79936209,-7.34533292227028],[112.79938499,-7.34536963227028],[112.79940789,-7.34540014227019],[112.79943076,-7.34542541227023],[112.79945366,-7.34544640227021],[112.79947656,-7.34546403227022],[112.79949943,-7.34547882227016],[112.79952994,-7.34549120227016],[112.79955284,-7.34550170227014],[112.79958336,-7.34551031227015],[112.79961387,-7.34551744227011],[112.79965203,-7.34552220227013],[112.79969018,-7.34552508227013],[112.79975883,-7.3455231722701],[112.799795862,-7.34551755427014],[112.79981222,-7.34551507227011],[112.7998504,-7.34550840227017],[112.79988089,-7.34549933227014],[112.79992669,-7.34548741227011],[112.79996484,-7.34547312227021],[112.80001059,-7.34545641227017],[112.80005639,-7.34543878227017],[112.80010977,-7.34541970227018],[112.80015555,-7.34540063227027],[112.80020896,-7.34538203227028],[112.80025473,-7.34536438227028],[112.80030053,-7.34534864227029],[112.80033866,-7.34533529227026],[112.80037682,-7.34532383227029],[112.80041497,-7.34531431227032],[112.8004531,-7.34530620227031],[112.80049126,-7.34530001227033],[112.80052177,-7.34529428227034],[112.8005599,-7.3452895222703],[112.80059044,-7.34528522227033],[112.80062857,-7.34528094227038],[112.80064784,-7.34527925227034],[112.80066673,-7.3452776022703],[112.80070489,-7.34527426227034],[112.80074304,-7.34527141227035],[112.80078879,-7.34526950227039],[112.80082695,-7.34526807227034],[112.80087272,-7.34526807227034],[112.80092613,-7.34526902227033],[112.8009719,-7.3452709322704],[112.80102531,-7.34527378227036],[112.80107109,-7.3452776022703],[112.8011245,-7.34528188227033],[112.80117027,-7.34528618227037],[112.80121607,-7.34529095227031],[112.8012542,-7.34529523227031],[112.80129236,-7.34529953227031],[112.80132287,-7.34530335227033],[112.80136864,-7.34531051227031],[112.80141442,-7.34531955227029],[112.80145255,-7.34533387227027],[112.80148306,-7.34534388227031],[112.80151358,-7.34535628227024],[112.80155173,-7.34537060227031],[112.80158989,-7.34538631227023],[112.80162804,-7.34540348227023],[112.80167381,-7.34542159227024],[112.80171959,-7.34544021227021],[112.80176538,-7.34545926227014],[112.80181113,-7.34547788227014],[112.801841142,-7.34548943927021],[112.80185351,-7.34549420227017],[112.8018569,-7.34549551227011],[112.8019027,-7.34551316227014],[112.80194847,-7.34552936227014],[112.8019866,-7.34554510227007],[112.80202476,-7.34555942227012],[112.80206289,-7.3455723022701],[112.80209343,-7.34558420227007],[112.80212394,-7.34559469227005],[112.80214205,-7.34560148227009],[112.80214684,-7.34560328227004],[112.802154844,-7.34560578327008],[112.80216972,-7.34561043227008],[112.80220023,-7.34562093227004],[112.80223075,-7.34562569227006],[112.8022689,-7.34562615226998],[112.80230706,-7.34562235227002],[112.80235283,-7.34561520227004],[112.80238334,-7.34560995227],[112.80241388,-7.34560422227002],[112.8024444,-7.34559803227004],[112.80248253,-7.34559087227007],[112.80249706,-7.34558797227004],[112.80252068,-7.34558326227008],[112.80256646,-7.34557516227009],[112.80260459,-7.34556703227007],[112.80265039,-7.34555845227007],[112.80269616,-7.3455503522701],[112.80273429,-7.34554273227008],[112.80274344,-7.34554129227011],[112.80278006,-7.34553555227012],[112.80281822,-7.34552936227014],[112.80284873,-7.34552411227011],[112.80288689,-7.34551983227012],[112.8029174,-7.34551601227008],[112.80297081,-7.34551076227018],[112.80300133,-7.34550839227016],[112.8030471,-7.34550506227013],[112.80310051,-7.34550170227014],[112.80313103,-7.34550027227013],[112.80316154,-7.34549933227014],[112.80319206,-7.34549836227014],[112.80323021,-7.34549836227014],[112.8032607,-7.34549836227014],[112.8033065,-7.34549979227016],[112.80335227,-7.34550170227014],[112.80339805,-7.34550506227013],[112.80345908,-7.34551031227015],[112.80352775,-7.34551841227014],[112.80360406,-7.34553030227011],[112.8036956,-7.34554607227013],[112.8038024,-7.34556606227011],[112.80391687,-7.34559184227008],[112.80411522,-7.34563904226999],[112.804367,-7.34570055226997],[112.80440937,-7.34571115226994],[112.80443456,-7.34571745226994],[112.80443461,-7.34571745226994],[112.80443475,-7.34571749226997],[112.804481061,-7.34572907026995],[112.80449179,-7.34573175226998],[112.8044926,-7.34573196226995],[112.80450481,-7.34573501526998],[112.80458822,-7.34575587226991],[112.80477897,-7.34580593226986],[112.80494683,-7.34585076226983],[112.80508414,-7.34589034226975],[112.80520621,-7.34592513226975],[112.80531303,-7.34595519226968],[112.80540458,-7.34598142226965],[112.80548089,-7.34600381226968],[112.80554192,-7.34602289226969],[112.80559533,-7.34603909226963],[112.8056411,-7.34605295226964],[112.80567923,-7.34606533226961],[112.80571739,-7.34607676226964],[112.80574029,-7.34608728226965],[112.8057708,-7.34609729226961],[112.8057937,-7.34610776226959],[112.80580671,-7.34611492226957],[112.805815941,-7.34611542926963],[112.80605367,-7.34612849226956],[112.806133719,-7.34611320326954],[112.8062609,-7.3460889122696],[112.80632665,-7.34607635226959],[112.80650148,-7.34600580226969],[112.806601056,-7.34596054926974],[112.80661247,-7.34595536226975],[112.80661767,-7.34593848226978],[112.80662529,-7.3459156122698],[112.80662808,-7.3459083722698],[112.80664054,-7.34587602226975],[112.8066558,-7.34584457226982],[112.8066787,-7.3458197622698],[112.80669396,-7.34579974226987],[112.80671686,-7.34578399226989],[112.80673973,-7.34576492226993],[112.8067626,-7.34575396226995],[112.80679314,-7.34574490226993],[112.80682366,-7.34573677226997],[112.80686179,-7.34572964226993],[112.80689233,-7.34572679226997],[112.806912950433002,-7.34572517021032],[112.80692284,-7.3457243922699],[112.80695336,-7.34572248226993],[112.80699151,-7.34572105226996],[112.80703726,-7.34572057226998],[112.80708303,-7.34572105226996],[112.80713645,-7.34572154226995],[112.80718038,-7.34572256226993],[112.80746454,-7.34573010226996],[112.809002526,-7.34587244126982],[112.80909395,-7.34588090226979],[112.80954721,-7.34607022226959],[112.80990914,-7.34612236226956],[112.8102864,-7.34622051226948],[112.81057134,-7.34625481226948],[112.81059257,-7.34624604226944],[112.81062123,-7.34623396226946],[112.81062309,-7.34623318226949],[112.81066122,-7.3462159922695],[112.81069176,-7.34620695226951],[112.81071466,-7.3462017022695],[112.81075279,-7.34619884226949],[112.81079094,-7.3462017022695],[112.81082146,-7.34620600226947],[112.81084436,-7.34621314226948],[112.81087487,-7.34622174226946],[112.81090536,-7.34623175226947],[112.81092592,-7.34624202226943],[112.81092826,-7.34624319226949],[112.81095116,-7.34625511226949],[112.81097403,-7.34626800226943],[112.81098217,-7.34627324226944],[112.81121883,-7.34631559226939],[112.81134459,-7.34633093226939],[112.8116421,-7.34638307226933],[112.8117924,-7.34641374226931],[112.81201673,-7.34640799226929],[112.81202689,-7.34639054226936],[112.81204217,-7.34636861226935],[112.81207269,-7.3463337922694],[112.81208484,-7.34632448226939],[112.81209794,-7.34631444226942],[112.8121032,-7.34631041226937],[112.81213369,-7.34629421226941],[112.81216423,-7.34628372226939],[112.8121871,-7.34627753226942],[112.81221764,-7.3462741922694],[112.81225578,-7.34627753226942],[112.81227867,-7.34628275226942],[112.81231683,-7.34629087226939],[112.81234208,-7.3462981422694],[112.81235496,-7.34630185226935],[112.81237571,-7.34630639226941],[112.81238548,-7.34630852226934],[112.81241601,-7.34631566226941],[112.81244653,-7.34632330226938],[112.81247704,-7.34633094226942],[112.81250753,-7.34633761226937],[112.81253805,-7.34634429226936],[112.81256859,-7.34634999226937],[112.81261438,-7.34635763226936],[112.81265252,-7.34636003226935],[112.81268303,-7.34635669226936],[112.8127059,-7.34634760226939],[112.81273642,-7.34633331226934],[112.81277458,-7.34631329226941],[112.81280975,-7.34629087226939],[112.81281271,-7.34628899226941],[112.81282611,-7.34628087226939],[112.8128356,-7.34627513226939],[112.8128585,-7.34625987226939],[112.81288138,-7.34624413226942],[112.81290428,-7.34622793226945],[112.81293479,-7.34621122226946],[112.81295769,-7.34619408226945],[112.81298056,-7.34617786226952],[112.81300346,-7.34616214226951],[112.81302636,-7.34614734226956],[112.81304923,-7.34613494226956],[112.81307213,-7.34612399226962],[112.81309503,-7.34611538226955],[112.81312554,-7.34610491226959],[112.8131637,-7.34610205226958],[112.81320183,-7.34610491226959],[112.8132476,-7.3461125222696],[112.8132705,-7.34611780226954],[112.81330102,-7.34612399226962],[112.81332389,-7.34613018226957],[112.81332688,-7.34613083226956],[112.8133544,-7.34613685226957],[112.81336353,-7.34613844226954],[112.81339256,-7.34614352226954],[112.81342308,-7.34615020226956],[112.81345359,-7.3461564122695],[112.8134841,-7.34616260226958],[112.81352226,-7.34616833226952],[112.81355277,-7.34617358226952],[112.81358329,-7.34617834226947],[112.81361383,-7.3461826222695],[112.81364434,-7.34618598226951],[112.81369011,-7.34619217226946],[112.81372063,-7.34619551226955],[112.81375115,-7.34619599226949],[112.81378166,-7.34619074226953],[112.81381218,-7.3461769122695],[112.81384271,-7.34616117226954],[112.8138732,-7.34613827226954],[112.8138961,-7.34612399226962],[112.813919,-7.34610776226959],[112.81394188,-7.3460887122696],[112.81397239,-7.34606724226964],[112.8140029,-7.34604385226964],[112.81403342,-7.34601813226969],[112.81407157,-7.3459904622697],[112.81410971,-7.3459604322697],[112.81414786,-7.34592847226972],[112.81418602,-7.34589510226978],[112.81421909,-7.34586926226984],[112.81423179,-7.34585934226982],[112.81427756,-7.34582263226983],[112.81431572,-7.34578542226992],[112.81436149,-7.34574777226993],[112.81440726,-7.34571058226996],[112.81444542,-7.34567434227002],[112.81449121,-7.34563952227001],[112.81452934,-7.34560709227003],[112.81455986,-7.34557706227003],[112.81459802,-7.34554892227012],[112.81462853,-7.3455226822701],[112.81465902,-7.34549787227012],[112.81468956,-7.34547454227017],[112.81472007,-7.34545116227019],[112.81475059,-7.34542826227022],[112.8147811,-7.34540493227027],[112.81481926,-7.34538155227028],[112.81485739,-7.34535722227026],[112.81489555,-7.34533195227029],[112.8149337,-7.34530574227036],[112.81497947,-7.34527854227034],[112.81502525,-7.34525042227035],[112.81507104,-7.34522085227035],[112.81512443,-7.34518985227043],[112.81517785,-7.34515791227048],[112.81523123,-7.34512500227047],[112.81528465,-7.3450920922705],[112.81533804,-7.34505969227057],[112.81539147,-7.34502821227056],[112.81544486,-7.34499866227056],[112.81549066,-7.34497100227064],[112.81552879,-7.34494667227065],[112.81556694,-7.3449256922707],[112.81559746,-7.34490804227069],[112.81562036,-7.34489326227071],[112.81565087,-7.34488037227072],[112.81567375,-7.34486894227074],[112.81569665,-7.34485941227078],[112.81571954,-7.34484986227076],[112.81574242,-7.34484128227079],[112.81577293,-7.34483223227076],[112.81580345,-7.34482270227078],[112.81583396,-7.34481315227077],[112.81587212,-7.34480314227078],[112.81590263,-7.34479219227082],[112.81594079,-7.3447811922708],[112.81598654,-7.34476929227079],[112.81602469,-7.34475689227081],[112.81606285,-7.34474354227087],[112.816101,-7.34472923227085],[112.81614677,-7.34471443227087],[112.81618491,-7.34469871227089],[112.81622306,-7.34468297227088],[112.81626886,-7.34466629227094],[112.81630699,-7.34464912227092],[112.81635276,-7.34463149227092],[112.81639092,-7.34461336227094],[112.81642905,-7.34459476227098],[112.81647484,-7.344575202271],[112.81651298,-7.34455424227099],[112.81655875,-7.34453231227102],[112.81660452,-7.34450844227112],[112.81665032,-7.34448271227109],[112.81670371,-7.34445457227108],[112.8167495,-7.3444245422711],[112.81680289,-7.34439260227116],[112.8168563,-7.34435969227117],[112.81690969,-7.34432678227122],[112.81696313,-7.34429435227123],[112.81701654,-7.34426287227129],[112.81706229,-7.34423378227133],[112.81710806,-7.34420711227135],[112.81714622,-7.34418373227136],[112.81717673,-7.34416369227142],[112.81719685,-7.34415207227139],[112.81720725,-7.34414606227141],[112.81723015,-7.34413126227138],[112.81725302,-7.34411888227141],[112.8172912,-7.34409884227145],[112.81732933,-7.34408406227144],[112.81736749,-7.34407359227148],[112.817398,-7.34406595227148],[112.81743613,-7.34406165227149],[112.81752192,-7.3440182622715],[112.81780103,-7.3439078422716],[112.81807708,-7.3437790222717],[112.81837767,-7.34365327227182],[112.81849594,-7.3436047422719],[112.81868534,-7.34353792227193],[112.81875603,-7.34354405227194],[112.81875603,-7.34353620227198],[112.81875786,-7.343519792272],[112.81900453,-7.34352362227194],[112.81913954,-7.34348065227201],[112.81961816,-7.34332400227217],[112.81962488,-7.34332620227213],[112.81964867,-7.34333401227215],[112.81967155,-7.34334305227213],[112.81970206,-7.34335115227212],[112.81972496,-7.34335785227218],[112.81975548,-7.34336404227209],[112.81977835,-7.34336929227212],[112.81982414,-7.34337693227206],[112.81987753,-7.3433812122721],[112.81990805,-7.34338215227211],[112.81993859,-7.34338215227211],[112.81997672,-7.34338072227215],[112.82001487,-7.34337881227208],[112.82006065,-7.34337596227213],[112.82010642,-7.34337168227213],[112.82015983,-7.34336692227213],[112.82022086,-7.3433616722721],[112.82028189,-7.34335594227208],[112.82035056,-7.3433497222721],[112.82041923,-7.34334305227213],[112.8204879,-7.34333638227218],[112.82056419,-7.34332973227212],[112.8206405,-7.34332305227211],[112.82071679,-7.34331636227218],[112.82078543,-7.34331063227221],[112.82086172,-7.34330492227215],[112.82092277,-7.34329967227221],[112.8209838,-7.34329491227217],[112.82103719,-7.34329109227217],[112.82108299,-7.34328823227214],[112.82112115,-7.34328632227222],[112.82115928,-7.34328538227217],[112.82118981,-7.34328490227221],[112.82122033,-7.34328632227222],[112.82125084,-7.34328823227214],[112.821289,-7.34329157227219],[112.82132713,-7.34329634227218],[112.82138052,-7.34330253227219],[112.82143393,-7.34330968227217],[112.8215026,-7.34331778227218],[112.82157127,-7.34332685227213],[112.82163995,-7.34333638227218],[112.82172385,-7.34334593227211],[112.82180778,-7.34335548227217],[112.8218917,-7.34336500227214],[112.82198325,-7.34337405227212],[112.82207482,-7.3433826322721],[112.82216636,-7.34339124227212],[112.82226555,-7.34339934227212],[112.82237235,-7.34340744227212],[112.82247917,-7.34341554227212],[112.82259362,-7.34342366227207],[112.82270803,-7.34343225227204],[112.82283776,-7.34344035227205],[112.82296746,-7.34344891227206],[112.82309716,-7.34345703227205],[112.82323448,-7.34346419227202],[112.82337943,-7.34347132227201],[112.82351677,-7.34347705227197],[112.82366171,-7.34348182227202],[112.82381433,-7.343485152272],[112.82395926,-7.34348706227202],[112.82410422,-7.343487522272],[112.82424918,-7.34348658227203],[112.82438652,-7.343485152272],[112.82450858,-7.34348276227201],[112.82463066,-7.343479422272],[112.82473746,-7.34347611227203],[112.82482901,-7.34347277227204],[112.82491296,-7.343468952272],[112.82497399,-7.34346513227206],[112.82503502,-7.34346037227207],[112.82508079,-7.34345464227202],[112.82512656,-7.34344748227203],[112.82517998,-7.34343844227206],[112.82522575,-7.34342700227208],[112.82528678,-7.34341315227206],[112.82534783,-7.34339600227206],[112.82542412,-7.34337596227213],[112.82550802,-7.34335357227212],[112.82559197,-7.34332828227216],[112.82568352,-7.34330015227217],[112.82592,-7.34321433227228],[112.82592,-7.34328551227219],[112.8260439,-7.34324589227218],[112.82633915,-7.3431893822723],[112.82663118,-7.34330863227223],[112.8268756,-7.3434084422721],[112.82759575,-7.34338707227209],[112.82710143,-7.34444002227109],[112.82688396,-7.34545496999995],[112.82688577,-7.34589745999993],[112.82684,-7.34604999226962],[112.82679,-7.34679999226899],[112.82679,-7.34683880226888],[112.82679,-7.3468699922689],[112.82679,-7.34693999226881],[112.82678,-7.34700999226876],[112.82678,-7.34709999226868],[112.82678,-7.34716999226863],[112.82678,-7.34723999226851],[112.82678,-7.34731999226847],[112.82678,-7.3474299922684],[112.82678,-7.34750999226829],[112.82678,-7.34756999226823],[112.82679,-7.34764999226813],[112.82679,-7.34772744226809],[112.8268,-7.34779999226799],[112.82681,-7.34787999226798],[112.82682,-7.34795999226788],[112.82683,-7.34802999226778],[112.82684,-7.34808999226775],[112.82685,-7.34815999226771],[112.82687,-7.34823999226764],[112.82689,-7.34833999226749],[112.82691,-7.3484399922674],[112.82692,-7.34850999226739],[112.82694,-7.34857999226728],[112.82696,-7.34865999226724],[112.82698,-7.34874999226713],[112.827,-7.34882999226706],[112.82701,-7.34889999226702],[112.82704,-7.34896999226694],[112.82706,-7.34904999226687],[112.82708,-7.34912999226681],[112.8271,-7.34919999226668],[112.82712,-7.34925999226668],[112.82714,-7.3493499922666],[112.82717,-7.34945999226648],[112.8272,-7.34954999226642],[112.82723,-7.34963999226631],[112.82726,-7.34972999226627],[112.82729,-7.34980999226614],[112.82731,-7.34987999226605],[112.82732,-7.34995999226606],[112.82733,-7.35001999226601],[112.82736,-7.35006999226591],[112.82737472,-7.35012888226584],[112.82745278,-7.35031261226567],[112.82756777,-7.35101571226504],[112.82764975,-7.35147909226464],[112.82762,-7.35178425226431],[112.8276163,-7.35182217226432],[112.82761,-7.35188683226427],[112.82761,-7.35191999226422],[112.82760221,-7.35196672226419],[112.8276,-7.35205999226405],[112.82758,-7.35212999226403],[112.82756,-7.35221999226389],[112.82754,-7.35231999226381],[112.82753,-7.35241],[112.82749119,-7.35256523999993],[112.827442296168712,-7.352829690558296],[112.82738611,-7.35295747226324],[112.82737,-7.35302999226316],[112.82734,-7.35311999226307],[112.8273,-7.35319999226303],[112.82728,-7.35326999226298],[112.82724,-7.35335999226289],[112.82721,-7.35344999226278],[112.82715,-7.35359999226267],[112.82712,-7.35367999226257],[112.82704,-7.35384999226245],[112.827,-7.35393999226236],[112.82696,-7.35403999226224],[112.82689,-7.35416999226215],[112.82682,-7.35430999226199],[112.82679,-7.35436999226196],[112.82673,-7.35447999226187],[112.82669,-7.35455999226177],[112.82661,-7.35469999226167],[112.82656,-7.35477999226158],[112.82652,-7.35485999226152],[112.82641,-7.35502999226131],[112.82637,-7.35510999226126],[112.82633,-7.35516999226119],[112.82628,-7.35525999226114],[112.82623,-7.35533999226107],[112.82616,-7.35544999226095],[112.82613,-7.35550999226092],[112.82607,-7.35561999226077],[112.82602,-7.3557099922607],[112.82598,-7.35577999226068],[112.82592,-7.35587999226055],[112.82589,-7.35593999226052],[112.82583,-7.35605999226037],[112.82579234,-7.35612779226035],[112.82573,-7.35624999226018],[112.82569,-7.35632999226013],[112.82566,-7.35640999226006],[112.8256,-7.3565399922599],[112.82556,-7.35661999225985],[112.82552,-7.35674999225978],[112.82548,-7.35682999225965],[112.82544,-7.35694999225955],[112.8254,-7.35708999225947],[112.82536,-7.35721999225927],[112.82533,-7.35730999225922],[112.8253,-7.35741999225911],[112.82528,-7.35751999225902],[112.82525,-7.35758999225898],[112.8252,-7.35775999225884],[112.82518,-7.35785999225871],[112.82512,-7.35803999225857],[112.82511,-7.35811999225845],[112.82507,-7.35826999225836],[112.82504,-7.35836999225826],[112.82502,-7.35846999225816],[112.82498,-7.35861999225804],[112.82496,-7.35869999225794],[112.82495,-7.35876999225787],[112.82491,-7.35890999225777],[112.8249,-7.35897999225772],[112.82488,-7.35905999225763],[112.82487,-7.35911999225757],[112.82485,-7.3591899922575],[112.82483,-7.35926999225743],[112.8248,-7.35934999225734],[112.82479,-7.35940999225731],[112.82477,-7.3594699922572],[112.82474,-7.35955999225712],[112.82472,-7.3596599922571],[112.82469,-7.35973999225696],[112.82466,-7.3598199922569],[112.82462,-7.35991999225682],[112.82458,-7.36001999225673],[112.82454,-7.36009999225661],[112.82451,-7.36015999225664],[112.82448,-7.36020999225655],[112.82445,-7.36025999225648],[112.82442,-7.36030999225648],[112.82438,-7.36036999225636],[112.82433,-7.36042999225635],[112.8243,-7.36047999225631],[112.82424,-7.36054999225623],[112.82418,-7.36061999225615],[112.82413,-7.36067999225616],[112.82405,-7.36074999225606],[112.82398,-7.36081999225595],[112.82391,-7.36087999225595],[112.82384,-7.36093999225589],[112.82382971,-7.36094822225589],[112.82374874,-7.3610411022558],[112.82330132,-7.36129877225557],[112.82303254,-7.36127999225558],[112.82297,-7.36127999225558],[112.82289,-7.36127999225558],[112.82279,-7.36126999225558],[112.82269,-7.36126999225558],[112.8226,-7.36123999225557],[112.82251,-7.36121999225561],[112.82244,-7.36120999225566],[112.82238,-7.36117999225562],[112.82231,-7.36114999225568],[112.82224,-7.36111999225575],[112.82219,-7.36108999225572],[112.82212,-7.36105999225578],[112.8220921,-7.36104404225583],[112.82177006,-7.36089725225589],[112.82124267,-7.36035014225638],[112.82122,-7.36032999225649],[112.82115,-7.36025999225648],[112.82108,-7.36020999225655],[112.82103,-7.36015999225664],[112.82097,-7.36009999225661],[112.82091,-7.36004999225668],[112.82085,-7.35998999225669],[112.82077,-7.35991999225682],[112.8207,-7.35985999225686],[112.82063487,-7.35979486225698],[112.82059278,-7.35975808225698],[112.82056,-7.35972999225699],[112.82055571,-7.35972570225705],[112.81872703,-7.3581280122585],[112.8187,-7.35810999225847],[112.81865,-7.35806999225852],[112.81858,-7.35802999225855],[112.81851,-7.35799999225859],[112.81845,-7.3579699922586],[112.81839,-7.35793999225861],[112.81836383,-7.35792691225865],[112.81821999,-7.35786284225873],[112.81821,-7.35785999225871],[112.81818083,-7.3578454022587],[112.81807276,-7.35779727225879],[112.818,-7.35776999225882],[112.81793,-7.35774999225881],[112.81786,-7.35772999225884],[112.8178,-7.35770999225885],[112.81773,-7.35770999225885],[112.81766,-7.35768999225884],[112.81759,-7.35768999225884],[112.81751,-7.35768999225884],[112.81743,-7.35768999225884],[112.81735,-7.3576999922589],[112.81727,-7.3576999922589],[112.81719,-7.35771999225885],[112.81711,-7.35773999225886],[112.81703,-7.35776999225882],[112.81692,-7.35779999225878],[112.81686,-7.35781999225874],[112.81680597,-7.35784401225872],[112.81628099,-7.3581212622585],[112.81577902,-7.35835397225831],[112.81577,-7.35835999225827],[112.81572,-7.35838999225822],[112.81567,-7.35842999225818],[112.81562,-7.3584599922582],[112.81557838,-7.35848496225815],[112.81535568,-7.35866431225796],[112.81535,-7.35866999225797],[112.81529,-7.35871999225791],[112.81524,-7.35875999225793],[112.81519639,-7.3588036022578],[112.81494071,-7.35920833225747],[112.81494,-7.35920999225744],[112.8149,-7.35927999225741],[112.81487,-7.35933999225734],[112.81486402,-7.35935394225734],[112.81471845,-7.35987052225688],[112.81472018,-7.36029597225643],[112.81472218,-7.36030700225646],[112.81483343,-7.36057363225617],[112.81548036,-7.36156294225532],[112.81551,-7.36159999225525],[112.81554,-7.36164999225524],[112.81559,-7.36171999225513],[112.81564,-7.3617999922551],[112.81568,-7.36185999225505],[112.8156878,-7.36187364225498],[112.81574399,-7.36195309225493],[112.81577912,-7.36207823225484],[112.81578,-7.36207999225481],[112.8158,-7.36214999225473],[112.81583,-7.36221999225473],[112.81585,-7.36228999225466],[112.81587,-7.36236999225457],[112.81587379,-7.36241549225448],[112.81587401,-7.36241628225451],[112.81587392,-7.36241703225456],[112.81588,-7.36248999225446],[112.81588,-7.36256999225438],[112.81587,-7.36265999225426],[112.81586,-7.36272999225423],[112.81585,-7.36279999225413],[112.81584,-7.36285999225409],[112.81581,-7.36294999225403],[112.81580435,-7.362966952254],[112.81578091,-7.36315221225384],[112.81560479,-7.36335281225362],[112.8156,-7.36335999225364],[112.81555,-7.36342999225356],[112.8155,-7.3634899922535],[112.81543,-7.36355999225342],[112.81536,-7.3636399922534],[112.81529975,-7.36370024225334],[112.81517507,-7.36384225225322],[112.81506445,-7.36390643225311],[112.81506,-7.36390999225318],[112.81498,-7.3639599922531],[112.81495777,-7.36396833225308],[112.81464775,-7.36414820225289],[112.81343184,-7.36448892225258],[112.812748,-7.36468074225242],[112.81267,-7.3647099922524],[112.81259451,-7.36475717225235],[112.81196108,-7.36518246225198],[112.811735506,-7.36531000799996],[112.81160048,-7.36538634999993],[112.81155,-7.36541999225176],[112.81149,-7.36545999225169],[112.81144,-7.36549999225167],[112.81139,-7.36552999225167],[112.81132,-7.36556999225156],[112.81128851,-7.36559361225159],[112.811283369,-7.36559746725157],[112.81125377,-7.36561966225153],[112.81122803,-7.36563797225152],[112.81118,-7.36566999225154],[112.81111,-7.36572],[112.81104,-7.36575999225144],[112.81099,-7.36578999225143],[112.81094,-7.36581999225135],[112.81087,-7.36585999225132],[112.81079,-7.3659],[112.81073,-7.36592999225124],[112.81066,-7.36595999225124],[112.81058,-7.36599999225119],[112.81049,-7.36603999225115],[112.81042,-7.36606999225115],[112.81033,-7.36609999225111],[112.81027,-7.36611999225109],[112.81021,-7.36614999225107],[112.81015,-7.36615999225107],[112.81009,-7.36618999225104],[112.81,-7.36620999225102],[112.80992,-7.36623999225095],[112.80985,-7.36625999225097],[112.80977,-7.36627999225093],[112.80968614,-7.36628931225094],[112.80968,-7.36628999225094],[112.80958,-7.36630999225091],[112.80949,-7.36631999225093],[112.80942,-7.36632999225089],[112.80936,-7.36633999225091],[112.8093,-7.36634999225089],[112.80922,-7.36634999225089],[112.80915,-7.36635],[112.80907,-7.36635],[112.809024081,-7.36634425999996],[112.80899,-7.36634],[112.80891,-7.36633999225091],[112.80882,-7.36630999225091],[112.80872,-7.36627999225093],[112.80865,-7.36624999225099],[112.80858,-7.36620999225102],[112.80849,-7.36616999225105],[112.8084,-7.36611999225109],[112.80832,-7.36607999225115],[112.80826,-7.36603999225115],[112.80821,-7.3660099922512],[112.80815,-7.36597999225126],[112.80809,-7.36593999225131],[112.80801,-7.36588999225131],[112.80794,-7.36584999225136],[112.80788,-7.36579999225143],[112.80782,-7.36576999225144],[112.80776,-7.36572999225144],[112.80769,-7.3656899922515],[112.807640664,-7.36564888699998],[112.80763,-7.36563999225149],[112.80757,-7.36561],[112.80752,-7.36557999225159],[112.80747,-7.36553999225161],[112.80741,-7.36550999225171],[112.80736,-7.36547999225168],[112.807357910484185,-7.365478328387351],[112.80731,-7.36544],[112.807309516858041,-7.365439792939161],[112.807239172647598,-7.365409448324897],[112.80718,-7.36536999225178],[112.80712,-7.36534],[112.80704,-7.36529],[112.80699,-7.36526],[112.80692,-7.3652299922519],[112.80685,-7.36518999225195],[112.80677,-7.36515],[112.8067,-7.36512],[112.80662,-7.36508],[112.80655,-7.36505],[112.80648,-7.36501],[112.80642,-7.36498999225214],[112.80634,-7.36494999225223],[112.80608,-7.36484999225225],[112.80595703,-7.36483712225228],[112.80596537,-7.3648227322523],[112.80598344,-7.36477648225231],[112.8060983,-7.36466089225244],[112.80638503,-7.36444752225262],[112.80639837,-7.36444096225267],[112.80663128,-7.36439348225267],[112.80683266,-7.36443106225266],[112.80699462,-7.36450377225262],[112.80752034,-7.36459119225251],[112.80763451,-7.36458067225251],[112.80782924,-7.36461700225247],[112.80794741,-7.36455183225255],[112.80795584,-7.36455105225253],[112.80800958,-7.36451754225259],[112.80826569,-7.36437629225269],[112.80837127,-7.36395566225309],[112.80829896,-7.36380964225323],[112.8082339,-7.36360330225344],[112.80809202,-7.36337362225361],[112.80804034,-7.36335041225365],[112.807607994,-7.3631563272538],[112.80738598,-7.36305666225389],[112.80730942,-7.36304320225394],[112.80685019,-7.36281933225414],[112.80676044,-7.36271477225427],[112.80662792,-7.36245901225449],[112.80597506,-7.3622474222547],[112.8058081,-7.36177845225506],[112.80551794,-7.3614582822554],[112.8053018,-7.36107190225576],[112.80517753,-7.3609570522559],[112.80465623,-7.3606213422562],[112.80435544,-7.36073378225604],[112.80377866,-7.36096681225584],[112.80353097,-7.36094309225587],[112.80349749,-7.36082787225595],[112.80361137,-7.36041544225635],[112.80346202,-7.36021830225653],[112.80321386,-7.36007923225666],[112.80290081,-7.36022056225657],[112.80275226,-7.36022116225654],[112.80263632,-7.36012275225663],[112.8025691,-7.35982640225686],[112.8023871,-7.35972002225698],[112.80217245,-7.35970441225704],[112.80203951,-7.35948248225722],[112.80186609,-7.35945846225723],[112.80157002,-7.35971507225697],[112.8014148,-7.36011119225663],[112.80091071,-7.3599484322568],[112.80078996,-7.35968113225706],[112.80069851,-7.35951671225715],[112.80082061,-7.35909601225763],[112.80076237,-7.35898089225769],[112.80057252,-7.35897342225768],[112.79977264,-7.35914142225758],[112.79920282,-7.35905307225764],[112.79907866,-7.35896294225771],[112.79897117,-7.35891393225775],[112.79877297,-7.35888177225775],[112.79834441,-7.35903180225767],[112.797701,-7.35911678225758],[112.797687481,-7.3590768212576],[112.79767882,-7.35905122225765],[112.79763418,-7.35891930225774],[112.79780474,-7.35823474225838],[112.79791926,-7.35797886225864],[112.79791246,-7.35731562225921],[112.79790348,-7.3571343822594],[112.79779526,-7.35690411225962],[112.79783579,-7.35672269225979],[112.79723107,-7.35663505225988],[112.79672923,-7.3565623422599],[112.7966118,-7.35506735226134],[112.79716375,-7.3548179522615],[112.79738297,-7.35391898226233],[112.79663268,-7.35410325226219],[112.79696966,-7.35273003226343],[112.79708401,-7.35243296226372],[112.79778488,-7.35227360226385],[112.79808665,-7.35035672226563],[112.79806995,-7.35030735226569],[112.79683719,-7.34954602226642],[112.79690845,-7.34927121226664],[112.79691846,-7.34923260226668],[112.79747259,-7.34952700226648],[112.79838922,-7.3496633922663],[112.79841153,-7.34905359226678],[112.798434309,-7.34885460726702],[112.79852713,-7.34804379226779],[112.79864509,-7.34659318226912]]]]}},
{"type":"Feature","properties":{"kdkab":"15","kdkec":"140","nmkab":"SIDOARJO","nmkec":"WARU","kddesa":"005","kdprov":"35","nmdesa":"NGINGAS","nmprov":"JAWA TIMUR","iddesa":"3515140005"},"geometry":{"type":"MultiPolygon","coordinates":[[[[112.74177,-7.36448999225257],[112.74149,-7.36452999225255],[112.74119,-7.36450999225257],[112.7411,-7.36443999225263],[112.74096,-7.36428999225275],[112.74066,-7.36397999225308],[112.74049248,-7.36390553225313],[112.740489458,-7.36390419899992],[112.74048,-7.3639],[112.74011,-7.36381999225326],[112.73961,-7.36379999225325],[112.73929,-7.36369999225332],[112.73927828,-7.36369647225334],[112.73894824,-7.36362112225342],[112.73871509,-7.36356649225343],[112.73870644,-7.36355404225347],[112.7386926,-7.3635207722535],[112.73868566,-7.36350409225351],[112.738685565,-7.36350374525353],[112.73866,-7.36340999225357],[112.738654403,-7.36337640525366],[112.7386439,-7.36331338225369],[112.73864277,-7.36330661225368],[112.738644629,-7.36329651325369],[112.738647404567132,-7.363281439841788],[112.73865112,-7.36326126225373],[112.73865762,-7.36323530225373],[112.73865684,-7.36321215225377],[112.73865545,-7.3631703822538],[112.73865978,-7.36311196225387],[112.738678582,-7.36300451525403],[112.73869007,-7.36293886225399],[112.73874633,-7.36278090225422],[112.7387726,-7.3626967022543],[112.738776141,-7.3626853482542],[112.7388199,-7.36254505225441],[112.73884803,-7.36243254225447],[112.73885668,-7.36231569225459],[112.73885844,-7.3620877332548],[112.73885847,-7.36208391225483],[112.73883206,-7.36208373225481],[112.73876302,-7.3620820622548],[112.73873731,-7.36208144225479],[112.738736639,-7.36206968425488],[112.73873255,-7.36199801225487],[112.73872104,-7.36179588225508],[112.73872638,-7.36150241225537],[112.73872753,-7.36143886225544],[112.73875354,-7.3612047822556],[112.73874999,-7.36117995225565],[112.73876973,-7.36093254225589],[112.73876568,-7.36050604225629],[112.7387656,-7.36049816225628],[112.73876548,-7.36048477225632],[112.73872343,-7.36025101225654],[112.73869832,-7.36011139225665],[112.738681739,-7.3600328012567],[112.73864856,-7.35987554225689],[112.73864206,-7.35975870225693],[112.73866004,-7.35955195225723],[112.738676294,-7.35936504825733],[112.73867768,-7.35934910625733],[112.73867916,-7.35933209225735],[112.73866785,-7.35933030225736],[112.738754132,-7.35907720425758],[112.73882604,-7.35886627225782],[112.738830395,-7.35885349725784],[112.738877197,-7.35871621625795],[112.7388969,-7.35865842225795],[112.73891,-7.35861999225804],[112.73892,-7.35846999225816],[112.73890394,-7.35833354225829],[112.73890181,-7.35831540225829],[112.7389,-7.35829999225826],[112.73889,-7.35815999225843],[112.738792716453204,-7.357294168692802],[112.73879,-7.3572699922593],[112.73884,-7.35709999225941],[112.73884229,-7.35709294225947],[112.73884533,-7.35703315225949],[112.738906363,-7.35680208625969],[112.73891525,-7.35676844225975],[112.73892857,-7.35662360225983],[112.73896186,-7.35645379226],[112.73898715,-7.35641745226004],[112.73903313,-7.35629866226016],[112.739116293,-7.35608382326039],[112.73912678,-7.35605673226038],[112.739142481,-7.35588011626054],[112.73914259,-7.35587889226053],[112.73914693,-7.35587876226053],[112.739166842,-7.35569144026072],[112.73916721,-7.35568798226077],[112.739359402,-7.35388021326239],[112.739360074,-7.3538738972624],[112.7393681,-7.35379839226246],[112.73938085,-7.35372278226258],[112.73938347,-7.35369687226258],[112.739525302,-7.35229391726388],[112.739528007,-7.35226716326386],[112.7396537,-7.35102380226504],[112.7397036,-7.35102612226506],[112.73985193,-7.35101553226504],[112.74006914,-7.35096255226512],[112.74034992,-7.35086189226519],[112.74080023,-7.35063409226544],[112.74093797,-7.35050165226553],[112.74103333,-7.35041688226561],[112.74105306,-7.35038893226565],[112.7410535,-7.35038866226565],[112.74116048,-7.35034536226567],[112.741217544,-7.35032590826574],[112.74127702,-7.35030563226568],[112.74134854,-7.35029239226571],[112.7415684,-7.35024735226576],[112.74170084,-7.35022351226573],[112.7418039,-7.35021063226577],[112.741809415,-7.35020994326577],[112.74182799,-7.35020762226577],[112.74194719,-7.35020497226579],[112.74205844,-7.35018643226585],[112.74212731,-7.35018643226585],[112.74214585,-7.35018113226584],[112.74214573,-7.35018086226583],[112.74231538,-7.35015994226586],[112.74255378,-7.35013875226584],[112.74271006,-7.35012551226585],[112.74276834,-7.35011491226589],[112.7428637,-7.35015465226583],[112.74301203,-7.3502129222658],[112.74316302,-7.35025795226574],[112.74329281,-7.3502791422657],[112.74343585,-7.35028444226571],[112.74360803,-7.35025000226579],[112.74386762,-7.35016259226584],[112.74395503,-7.35012286226583],[112.74406099,-7.3500672322659],[112.74424906,-7.35000896226596],[112.744294885,-7.34999667326596],[112.7447232,-7.3498818122661],[112.74487949,-7.34984208226618],[112.7450861,-7.34979705226617],[112.7450995,-7.34979362226621],[112.74512798,-7.34978976226621],[112.74515116,-7.34978513226616],[112.74517434,-7.34977850226619],[112.74521672,-7.34976658226616],[112.74524917,-7.34975996226625],[112.74528956,-7.34975069226621],[112.74533062,-7.34974010226626],[112.74537433,-7.34972818226621],[112.74540612,-7.34972354226626],[112.74542532,-7.34971758226627],[112.74542635,-7.3497166322662],[112.74548,-7.3502799922657],[112.745501041,-7.35051983926546],[112.74552803,-7.35082748226525],[112.74553,-7.35084999226523],[112.74553169,-7.35089984226516],[112.74553179,-7.35090279826515],[112.74555,-7.3514399922647],[112.745544848,-7.35156021926453],[112.74552419,-7.35204225226411],[112.74552225,-7.35208764226405],[112.745521928,-7.35209512926403],[112.74552116,-7.352113012264],[112.745524058,-7.35211620326401],[112.745717977,-7.35207595626408],[112.745986831,-7.35273315526345],[112.746027250708579,-7.352720868738135],[112.746167740270593,-7.352966816541978],[112.746289201902528,-7.353152045530675],[112.746314955396272,-7.353186732849068],[112.746330239002077,-7.353228331779874],[112.746354408732842,-7.353352439576665],[112.746299345,-7.35362473926264],[112.746255685,-7.35389818926241],[112.746207429,-7.35402916926226],[112.746196758,-7.35404210426223],[112.746131599,-7.35412108526218],[112.746097512231231,-7.354245517116999],[112.746059384541979,-7.354267143685332],[112.745973402080693,-7.354504412869173],[112.746009872123267,-7.35452934495028],[112.746009793123264,-7.3545296199503],[112.745797243,-7.35524794226117],[112.745845006529649,-7.35527949466275],[112.745950178885522,-7.355321784542941],[112.745887383538388,-7.355656693060999],[112.745926294784184,-7.355669227416995],[112.745899928,-7.35577580026066],[112.745866048,-7.35615300126028],[112.745883908,-7.35615422526028],[112.745876326,-7.35636148426011],[112.745994643674678,-7.356355540178409],[112.74600184,-7.35650221225993],[112.746226676,-7.35652044225998],[112.7462247,-7.35656755225995],[112.74622511,-7.3565677422599],[112.746311179693521,-7.356664538253526],[112.746726249160886,-7.356724201533606],[112.746727899160888,-7.356724361533556],[112.746945901373167,-7.356793453055908],[112.746947157373171,-7.356793573055948],[112.74699494,-7.3566517122598],[112.74699506,-7.35665170225982],[112.74702375,-7.35658249225987],[112.7471199,-7.35635062226009],[112.74721994,-7.35617912226025],[112.747226588,-7.35617984026032],[112.74774323761028,-7.356235616226216],[112.74796264,-7.35625930226016],[112.74838901,-7.35630532226016],[112.748393256,-7.35630578026012],[112.748651171367626,-7.356333621655164],[112.749137236,-7.3563860912601],[112.74925249,-7.35639853226006],[112.74972683,-7.35644973226005],[112.75060393,-7.35654442225994],[112.750634806,-7.35654775525996],[112.751554543069844,-7.356647892017267],[112.751617856,-7.35665386625987],[112.75161976,-7.35665407225979],[112.751986431563481,-7.356693650162207],[112.752738779,-7.35677485725976],[112.75285278,-7.35678716225972],[112.75285028,-7.35680959225973],[112.75294802,-7.35679794225969],[112.75306715,-7.35680475225966],[112.75322658,-7.35681387225973],[112.75322681,-7.35681305225972],[112.75330946,-7.35681819225966],[112.753277392,-7.3569807592595],[112.75324975,-7.35712089225939],[112.75322133,-7.35726494225926],[112.75322058,-7.35726671925928],[112.75313394974151,-7.35747180723781],[112.75311842,-7.35750857225902],[112.752848714166177,-7.358147095927317],[112.75277171,-7.35832939225828],[112.75275905,-7.35835937225829],[112.75275439,-7.35836800225823],[112.7527302,-7.35839954225825],[112.75268502,-7.35851905225808],[112.752666888162281,-7.358539588400807],[112.75255297,-7.358668612258],[112.75255094,-7.35867188225796],[112.75242766,-7.35898688225766],[112.752404445762338,-7.359032556786016],[112.752385830657062,-7.359092027646922],[112.752371966704388,-7.35916532625895],[112.752346604654321,-7.359276364924175],[112.7523204,-7.35940238225732],[112.75228597,-7.35952451225719],[112.75227115,-7.35957708025717],[112.75220555,-7.35980977225694],[112.752067826,-7.36029711025644],[112.75206609,-7.36030325225647],[112.75200836,-7.36050751225628],[112.75194638,-7.36074924225605],[112.75195334,-7.360751072256],[112.75191288,-7.36089500225593],[112.751909544,-7.36090686525593],[112.75181369,-7.3612477822556],[112.75181238,-7.36124736225558],[112.751811318,-7.36125119025555],[112.75179963,-7.36129333825558],[112.751793599006362,-7.361315086663108],[112.751768504125664,-7.361405570190596],[112.75158684,-7.36206058225482],[112.7515925,-7.36206202225484],[112.751589922,-7.36207051125483],[112.75126538,-7.36313897225388],[112.751148566321746,-7.363520898282695],[112.75108189,-7.36350565999993],[112.75105863,-7.36350075999998],[112.751055665,-7.3635140612535],[112.75098229,-7.36390113225312],[112.750964015,-7.36389988599997],[112.74973106,-7.36381530999993],[112.74937248,-7.36377524225327],[112.748686201,-7.36367710099994],[112.748105669,-7.363594075],[112.74767876,-7.36353301225351],[112.74730873,-7.36430930999993],[112.746199104,-7.36420943925286],[112.74616502,-7.36420637999992],[112.74608145,-7.3643132899999],[112.74606085,-7.36433965],[112.746025135,-7.3643879132527],[112.74550819,-7.36504745225214],[112.74548531,-7.36506461225206],[112.74535179,-7.36497878225217],[112.74529076,-7.36496924225216],[112.74522209,-7.36495017225216],[112.74506323,-7.36495540999994],[112.74493,-7.36495999225214],[112.74471,-7.36497999225212],[112.74449219,-7.36498777225216],[112.74443,-7.36498999225214],[112.74427,-7.36495999225214],[112.74416,-7.36493999225215],[112.74371,-7.36479999225232],[112.74354,-7.36482],[112.74332,-7.36483],[112.74292,-7.36480999225231],[112.74264081,-7.36475017225236],[112.74239,-7.36462],[112.74209,-7.36446],[112.742055388,-7.36445751725265],[112.74195,-7.36444999225267],[112.74177,-7.36448999225257]]]]}}
]
}
