{"type":"FeatureCollection", "features": [
{"type":"Feature","geometry":{"type":"Polygon","coordinates":[[[112.74765000000004,-7.502499999999932],[112.74733999999997,-7.502429999999913],[112.74709000000007,-7.502369999999923],[112.74681000000008,-7.502419999999974],[112.74670000000005,-7.50250999999996],[112.74661000000006,-7.502620000000002],[112.74632000000004,-7.50313999999995],[112.74620000000006,-7.503479999999927],[112.74607000000005,-7.5038499999999875],[112.7459600000001,-7.504240000000015],[112.74592000000007,-7.504629999999954],[112.74595000000006,-7.505009999999954],[112.74603000000003,-7.505309999999996],[112.74635000000004,-7.505909999999991],[112.74656,-7.506200000000005],[112.74664000000006,-7.506389999999916],[112.74667000000014,-7.506589999999944],[112.74668000000007,-7.506779999999944],[112.74667000000014,-7.50686999999993],[112.74659000000008,-7.507159999999944],[112.74644000000002,-7.507239999999991],[112.74628000000011,-7.50730999999992],[112.74610000000004,-7.5073299999999765],[112.74584000000003,-7.50730999999992],[112.74539000000001,-7.507259999999958],[112.7452000000001,-7.5073199999999485],[112.74506000000007,-7.507469999999925],[112.74494000000008,-7.507690000000009],[112.74481000000007,-7.507889999999948],[112.74487000000015,-7.508039999999925],[112.74472,-7.50818999999999],[112.74463000000002,-7.508339999999967],[112.74443000000007,-7.50856999999999],[112.74435000000003,-7.508729999999995],[112.74427000000007,-7.508899999999938],[112.74408000000007,-7.509289999999966],[112.74377000000008,-7.510029999999999],[112.74357000000006,-7.5104699999999],[112.74340000000002,-7.5107899999999095],[112.74319000000006,-7.511219999999961],[112.74295000000009,-7.5116999999999745],[112.74280000000012,-7.511959999999904],[112.74264000000002,-7.512060000000007],[112.74238000000001,-7.512099999999942],[112.74200000000009,-7.51210999999997],[112.74173000000005,-7.512099999999942],[112.74175000000001,-7.512479999999941],[112.7417800000001,-7.512769999999955],[112.74177000000007,-7.5129899999999505],[112.74177000000007,-7.513209999999946],[112.74176000000013,-7.513299999999932],[112.74189000000005,-7.51330999999996],[112.74231000000007,-7.51330999999996],[112.74272000000008,-7.513389999999918],[112.74326000000008,-7.513459999999936],[112.74346000000001,-7.513459999999936],[112.74388000000013,-7.513459999999936],[112.74461000000004,-7.513459999999936],[112.74571000000002,-7.513429999999941],[112.7463700000001,-7.513419999999913],[112.74679999999996,-7.513409999999974],[112.74724000000005,-7.513399999999946],[112.74778000000005,-7.513399999999946],[112.74800000000005,-7.51292999999996],[112.74832000000005,-7.512129999999937],[112.74848000000006,-7.511709999999914],[112.7486500000001,-7.511289999999979],[112.74874000000008,-7.511049999999928],[112.7489700000001,-7.510559999999975],[112.74909,-7.510329999999952],[112.74927000000005,-7.510349999999919],[112.75000000000014,-7.510349999999919],[112.7501100000001,-7.510349999999919],[112.75048000000007,-7.510369999999975],[112.75076000000006,-7.510389999999942],[112.7516300000001,-7.510499999999984],[112.75199000000013,-7.51071999999998],[112.75231000000005,-7.5109099999999795],[112.75250000000005,-7.511019999999933],[112.75262000000012,-7.511059999999956],[112.75291999999999,-7.511009999999905],[112.75317000000007,-7.510979999999998],[112.75362000000008,-7.511129999999975],[112.75404000000002,-7.511249999999956],[112.75432,-7.51134999999997],[112.75449000000003,-7.51134999999997],[112.75480000000002,-7.511259999999895],[112.75516000000005,-7.5111100000000075],[112.75533000000009,-7.510959999999942],[112.75570000000006,-7.51052999999998],[112.7557800000001,-7.5102999999999565],[112.75586000000006,-7.510169999999947],[112.75598000000004,-7.510129999999924],[112.75610000000002,-7.510139999999952],[112.75649000000014,-7.510269999999961],[112.75705000000002,-7.510349999999919],[112.75678000000006,-7.510869999999956],[112.7567300000001,-7.511859999999979],[112.75674000000004,-7.512459999999974],[112.75670000000002,-7.513169999999922],[112.75666,-7.513569999999978],[112.75669000000008,-7.513739999999922],[112.7567600000001,-7.514729999999945],[112.75686000000012,-7.514749999999912],[112.75737000000004,-7.514959999999968],[112.75839000000005,-7.515449999999921],[112.75881000000007,-7.515579999999931],[112.75914000000012,-7.515569999999991],[112.75934000000005,-7.515489999999945],[112.75962000000004,-7.5152799999999775],[112.75990000000002,-7.514999999999903],[112.76010000000005,-7.5146900000000105],[112.76021,-7.514409999999936],[112.7605000000001,-7.513649999999936],[112.76070000000004,-7.513409999999974],[112.76096000000007,-7.513209999999946],[112.76108000000013,-7.5131899999999785],[112.7612600000001,-7.513230000000002],[112.76139000000002,-7.513339999999955],[112.76158000000011,-7.5135799999999175],[112.76174999999996,-7.513949999999978],[112.76198000000008,-7.514639999999959],[112.7626200000001,-7.51475999999994],[112.76276000000004,-7.514560000000001],[112.76275000000011,-7.514310000000011],[112.76279000000014,-7.51374999999995],[112.76285000000003,-7.513639999999997],[112.76297000000011,-7.51349999999996],[112.76315000000008,-7.513329999999927],[112.76387000000014,-7.513619999999941],[112.76404,-7.513809999999941],[112.76429000000007,-7.5139900000000015],[112.76460000000006,-7.514269999999987],[112.76471000000001,-7.514449999999959],[112.76475000000003,-7.51494999999994],[112.76474000000009,-7.515549999999935],[112.76473000000007,-7.516239999999916],[112.76471000000001,-7.517149999999981],[112.76507000000004,-7.517269999999963],[112.7650600000001,-7.517519999999953],[112.76498000000005,-7.5181599999999715],[112.76486000000007,-7.518579999999906],[112.76471000000001,-7.519209999999896],[112.76461000000009,-7.519709999999966],[112.76436000000001,-7.520409999999975],[112.7641400000001,-7.5211299999999515],[112.7641400000001,-7.521399999999998],[112.76420000000009,-7.521639999999961],[112.76430000000002,-7.521779999999998],[112.76446000000011,-7.521879999999923],[112.76473000000007,-7.521969999999998],[112.76494000000004,-7.521979999999937],[112.76510000000003,-7.521919999999946],[112.76535000000003,-7.5217299999999465],[112.76558000000014,-7.521449999999961],[112.76605000000004,-7.520719999999956],[112.76644000000006,-7.5201399999999285],[112.76663000000006,-7.519999999999891],[112.76678999999999,-7.519929999999961],[112.76678000000004,-7.519699999999938],[112.76677000000011,-7.519349999999934],[112.76681000000004,-7.518689999999948],[112.7669000000001,-7.518469999999953],[112.76707000000015,-7.518239999999929],[112.76738000000013,-7.517929999999948],[112.76783000000015,-7.517619999999967],[112.7688900000001,-7.517039999999939],[112.7693,-7.516929999999986],[112.77086000000011,-7.516560000000014],[112.77106000000005,-7.516389999999982],[112.77109000000004,-7.516239999999916],[112.77074000000005,-7.515399999999959],[112.77058000000012,-7.515019999999959],[112.77044000000001,-7.514829999999959],[112.77026000000004,-7.5146900000000105],[112.77002000000007,-7.514649999999987],[112.76993000000009,-7.514649999999987],[112.76944999999998,-7.5146900000000105],[112.7687000000001,-7.514669999999954],[112.76857000000008,-7.514609999999964],[112.76852000000012,-7.5144799999999545],[112.76853000000007,-7.514269999999987],[112.76854,-7.513699999999988],[112.76843000000005,-7.513489999999932],[112.76817000000003,-7.5131899999999785],[112.76784000000008,-7.512899999999965],[112.76751000000004,-7.512689999999997],[112.76678000000004,-7.512329999999965],[112.76630000000011,-7.512190000000016],[112.76609000000006,-7.512039999999951],[112.76596000000005,-7.511849999999951],[112.76586000000013,-7.511549999999909],[112.76584000000007,-7.511319999999975],[112.76589000000003,-7.511079999999923],[112.76593000000005,-7.510730000000008],[112.76602000000004,-7.510499999999984],[112.76606000000007,-7.5103200000000125],[112.76600000000008,-7.510249999999905],[112.7658500000001,-7.510179999999975],[112.76569000000009,-7.510059999999994],[112.76561000000005,-7.509909999999929],[112.76551000000003,-7.509639999999971],[112.76554000000012,-7.509419999999976],[112.76556000000008,-7.50913999999999],[112.76549000000016,-7.508979999999985],[112.76540000000008,-7.508959999999929],[112.76476000000007,-7.508959999999929],[112.76426000000008,-7.508759999999901],[112.76368000000005,-7.508629999999892],[112.76308999999999,-7.508529999999967],[112.76282999999998,-7.508389999999929],[112.76275000000011,-7.508279999999976],[112.76278000000002,-7.508149999999967],[112.76293000000008,-7.507669999999953],[112.76295999999999,-7.506999999999939],[112.7630600000001,-7.506579999999916],[112.76320000000013,-7.506249999999968],[112.76325000000008,-7.50604999999994],[112.76329000000011,-7.505789999999921],[112.76332000000002,-7.5057199999999025],[112.76339000000004,-7.505209999999982],[112.7633500000001,-7.505109999999968],[112.76327000000006,-7.505059999999917],[112.76302000000007,-7.505009999999954],[112.7628400000001,-7.504969999999931],[112.76256000000002,-7.504829999999982],[112.76223000000007,-7.50471999999994],[112.76168000000004,-7.504639999999982],[112.76137000000006,-7.504429999999926],[112.76118000000005,-7.50427999999995],[112.76101000000003,-7.504240000000015],[112.76074000000007,-7.504240000000015],[112.7603100000001,-7.504229999999987],[112.75953999999999,-7.504179999999936],[112.75902000000004,-7.504259999999894],[112.75890000000005,-7.504159999999969],[112.75871000000006,-7.50389999999995],[112.75861000000013,-7.503730000000006],[112.7585700000001,-7.503679999999955],[112.75849000000007,-7.503589999999969],[112.75836000000005,-7.5035399999999175],[112.75809000000001,-7.50351999999995],[112.75638000000001,-7.503409999999997],[112.75629000000002,-7.503439999999992],[112.7557800000001,-7.503809999999964],[112.75569000000011,-7.503959999999941],[112.75541000000013,-7.504759999999964],[112.75535000000005,-7.504919999999968],[112.75521000000002,-7.505109999999968],[112.75503000000005,-7.505259999999945],[112.75491000000015,-7.505309999999996],[112.7547300000001,-7.50528999999994],[112.75467,-7.505269999999973],[112.75449999999998,-7.505219999999921],[112.75433000000012,-7.505109999999968],[112.7540700000001,-7.504869999999917],[112.75401000000011,-7.504749999999936],[112.75402000000005,-7.504619999999926],[112.75401000000011,-7.50440000000002],[112.75393000000007,-7.504009999999903],[112.75388000000011,-7.5037399999999455],[112.75371000000007,-7.503439999999992],[112.75359,-7.503259999999932],[112.75335000000004,-7.502929999999894],[112.75325000000011,-7.502869999999993],[112.75305,-7.502829999999969],[112.75284000000012,-7.502869999999993],[112.75278000000004,-7.502940000000011],[112.75269000000006,-7.5031499999999784],[112.75249000000011,-7.503700000000011],[112.7524500000001,-7.504019999999931],[112.75241000000007,-7.5043499999999685],[112.75225000000015,-7.504919999999968],[112.75210000000008,-7.5051299999999355],[112.75188,-7.505339999999903],[112.75174000000005,-7.505389999999954],[112.75126000000013,-7.50547999999994],[112.7508,-7.505579999999954],[112.75055000000009,-7.505559999999987],[112.75031000000004,-7.505459999999973],[112.75015000000003,-7.505349999999931],[112.75000000000014,-7.5050399999999495],[112.74988000000008,-7.504889999999973],[112.74978000000006,-7.504759999999964],[112.74932000000001,-7.504149999999941],[112.74906000000009,-7.503819999999992],[112.74866000000011,-7.503309999999983],[112.74813000000006,-7.502909999999927],[112.74804000000007,-7.502819999999941],[112.74792,-7.502709999999988],[112.74765000000004,-7.502499999999932]]]},"properties":{"KDPPUM":"","NAMOBJ":"Banjarasri","REMARK":"","KDPBPS":"","FCODE":"BA03060060","LUASWH":0,"UUPP":"","SRS_ID":"SRGI 2013","LCODE":"","METADATA":"","KDEBPS":"","KDEPUM":"","KDCBPS":"","KDCPUM":"","KDBBPS":"","KDBPUM":"","WADMKD":"Banjarasri","WIADKD":"","WADMKC":"Tanggulangin","WIADKC":"","WADMKK":"Sidoarjo","WIADKK":"","WADMPR":"Jawa Timur","WIADPR":"","TIPADM":0,"SHAPE_Leng":0.1061460272,"SHAPE_Area":0.00020319325}},
{"type":"Feature","geometry":{"type":"Polygon","coordinates":[[[112.77109000000004,-7.516239999999916],[112.77123000000009,-7.516379999999954],[112.77184000000011,-7.51690999999993],[112.77213000000003,-7.517089999999902],[112.77227000000008,-7.517109999999958],[112.77243000000007,-7.517049999999967],[112.77263000000002,-7.516879999999935],[112.77299999999998,-7.516629999999944],[112.77360000000007,-7.516299999999907],[112.77381000000004,-7.51608999999994],[112.77397000000005,-7.515819999999982],[112.77409000000011,-7.515499999999973],[112.77421000000001,-7.514899999999978],[112.77427000000009,-7.514259999999959],[112.77432000000013,-7.5139900000000015],[112.7744300000001,-7.513829999999908],[112.77457000000004,-7.513719999999955],[112.77486000000015,-7.513719999999955],[112.77502000000005,-7.513839999999936],[112.77587000000004,-7.514499999999922],[112.77628000000004,-7.5146799999999825],[112.77656000000002,-7.514729999999945],[112.77743000000007,-7.514729999999945],[112.77790000000005,-7.514659999999926],[112.77826000000009,-7.514519999999978],[112.77850000000005,-7.514349999999945],[112.77900000000011,-7.513900000000016],[112.77915000000009,-7.513659999999964],[112.77924000000007,-7.513349999999983],[112.77946000000007,-7.512559999999988],[112.7796900000001,-7.51191999999997],[112.77986000000013,-7.511619999999928],[112.78002999999998,-7.511439999999956],[112.78022000000007,-7.511339999999942],[112.78044000000016,-7.511249999999956],[112.78111,-7.5111100000000075],[112.78158000000006,-7.511079999999923],[112.78157000000013,-7.5109099999999795],[112.78155000000007,-7.510499999999984],[112.78169000000003,-7.510359999999947],[112.78192000000004,-7.5100999999999285],[112.78199000000006,-7.509899999999989],[112.782,-7.509690000000022],[112.78196000000007,-7.509569999999952],[112.78173999999999,-7.509369999999924],[112.78156000000001,-7.509049999999915],[112.78147000000003,-7.5088199999999805],[112.78139000000007,-7.5085099999999105],[112.7813400000001,-7.508179999999962],[112.78140000000009,-7.507949999999939],[112.78149000000008,-7.507699999999948],[112.78164000000005,-7.507269999999986],[112.78180000000006,-7.506900000000014],[112.78187,-7.506789999999972],[112.78171000000007,-7.506779999999944],[112.78149000000008,-7.506770000000005],[112.78130000000009,-7.506770000000005],[112.78107000000014,-7.506770000000005],[112.78087000000004,-7.506709999999925],[112.78065999999997,-7.50661],[112.78049000000011,-7.5065199999999255],[112.78035000000008,-7.5064199999999115],[112.78028000000006,-7.50636000000001],[112.78027000000013,-7.506259999999907],[112.78027000000013,-7.506139999999926],[112.78027000000013,-7.505989999999949],[112.78030000000003,-7.50591999999993],[112.78037000000005,-7.5057199999999025],[112.78020000000002,-7.505679999999968],[112.77993000000006,-7.505599999999921],[112.77968000000007,-7.505539999999931],[112.7795000000001,-7.505499999999907],[112.77930000000006,-7.505440000000005],[112.77912,-7.505389999999954],[112.77904000000005,-7.505309999999996],[112.77887000000011,-7.5051299999999355],[112.77873000000007,-7.504969999999931],[112.77870000000007,-7.504809999999926],[112.77869000000014,-7.504689999999945],[112.77867000000008,-7.504589999999931],[112.77865000000011,-7.504499999999945],[112.77857000000006,-7.504379999999964],[112.77840999999997,-7.504219999999959],[112.77827000000002,-7.504159999999969],[112.77786000000003,-7.504079999999922],[112.77764000000003,-7.504039999999987],[112.77729000000012,-7.503969999999969],[112.77699000000007,-7.50389999999995],[112.77689000000007,-7.503919999999917],[112.77672000000003,-7.503959999999941],[112.77655000000009,-7.503979999999997],[112.77635000000005,-7.503939999999973],[112.77617000000008,-7.5038600000000155],[112.7759900000001,-7.503769999999941],[112.77588000000007,-7.503629999999903],[112.77581000000005,-7.503509999999922],[112.77571000000013,-7.503359999999946],[112.77557,-7.503299999999955],[112.77547000000007,-7.50326999999996],[112.77516,-7.503190000000002],[112.77499000000014,-7.503089999999899],[112.77485000000003,-7.5029499999999505],[112.77465000000008,-7.50288999999996],[112.77421000000001,-7.5029599999999785],[112.77408,-7.503279999999988],[112.7739300000001,-7.5035499999999455],[112.77383000000009,-7.5037399999999455],[112.77367,-7.503999999999964],[112.77354,-7.504129999999973],[112.77325000000006,-7.504289999999978],[112.77308000000004,-7.50440000000002],[112.77293000000006,-7.5045399999999685],[112.77282000000001,-7.50471999999994],[112.7726600000001,-7.504789999999959],[112.77241000000002,-7.50490999999994],[112.77223000000005,-7.505009999999954],[112.77197000000002,-7.505169999999959],[112.77180000000008,-7.5052399999999775],[112.77158000000009,-7.5051399999999635],[112.77126000000008,-7.504989999999987],[112.77097000000006,-7.504859999999978],[112.77064000000003,-7.504699999999973],[112.77037000000007,-7.504579999999992],[112.77028000000008,-7.504509999999884],[112.77011000000006,-7.504499999999945],[112.76976000000005,-7.50446999999995],[112.7694300000001,-7.5044499999999825],[112.76923000000008,-7.504429999999926],[112.76916000000006,-7.5043499999999685],[112.76907000000007,-7.504249999999955],[112.76895,-7.504119999999945],[112.76868000000005,-7.503889999999922],[112.76860000000008,-7.503879999999983],[112.76843000000005,-7.503839999999959],[112.76789000000005,-7.503629999999903],[112.76758000000007,-7.503610000000025],[112.76745000000005,-7.503679999999955],[112.7673400000001,-7.503700000000011],[112.76717000000006,-7.5036499999999595],[112.76694000000013,-7.503579999999941],[112.76667000000009,-7.503499999999983],[112.76647000000006,-7.503479999999927],[112.76626000000009,-7.503469999999899],[112.76609000000006,-7.503469999999899],[112.76603000000016,-7.503449999999932],[112.76595000000012,-7.503409999999997],[112.76590000000006,-7.503279999999988],[112.76590000000006,-7.503219999999908],[112.76591000000009,-7.5030599999999925],[112.76594000000009,-7.50288999999996],[112.76596000000005,-7.502739999999983],[112.76594000000009,-7.502649999999997],[112.76552000000007,-7.5023599999999835],[112.76526000000004,-7.5022499999999415],[112.76486000000007,-7.502179999999923],[112.7645500000001,-7.5020599999999416],[112.76436000000001,-7.501999999999951],[112.7641100000001,-7.50193999999996],[112.76384000000006,-7.50187999999997],[112.76361000000013,-7.501819999999979],[112.76325000000008,-7.501699999999998],[112.76294000000011,-7.501610000000012],[112.76264000000006,-7.5015599999999605],[112.76236000000009,-7.501469999999886],[112.76206000000003,-7.5013499999999045],[112.76184000000005,-7.501279999999975],[112.76141000000008,-7.501159999999993],[112.76089000000005,-7.501089999999975],[112.76027000000008,-7.500999999999989],[112.75962999999997,-7.500910000000003],[112.75930000000002,-7.500849999999923],[112.75905000000013,-7.500789999999933],[112.75870000000012,-7.500729999999942],[112.75830000000006,-7.500639999999956],[112.75791999999997,-7.50048999999998],[112.75766000000013,-7.500409999999933],[112.75714,-7.500369999999998],[112.75671000000014,-7.500369999999998],[112.75641000000009,-7.500409999999933],[112.75610000000002,-7.5004299999999],[112.75566000000003,-7.500379999999938],[112.75474000000011,-7.500379999999938],[112.75447000000007,-7.5004299999999],[112.75420000000011,-7.500399999999994],[112.75393000000007,-7.500339999999914],[112.75345999999999,-7.500329999999975],[112.75320000000015,-7.500389999999966],[112.75291000000004,-7.500389999999966],[112.75269999999999,-7.500419999999961],[112.75244000000006,-7.50048999999998],[112.75228000000006,-7.500599999999933],[112.75225000000015,-7.5006699999999515],[112.75212000000015,-7.500910000000003],[112.75196000000005,-7.501089999999975],[112.75171000000014,-7.501129999999909],[112.75139000000004,-7.501129999999909],[112.75110000000004,-7.501139999999937],[112.75079000000005,-7.501189999999989],[112.75048000000007,-7.501249999999979],[112.75030000000001,-7.501279999999975],[112.75000000000014,-7.50111999999997],[112.7497000000001,-7.500949999999937],[112.74925000000009,-7.500699999999947],[112.74878000000001,-7.50048999999998],[112.7484300000001,-7.5004299999999],[112.74832000000005,-7.50073999999997],[112.7482100000001,-7.5010700000000075],[112.74806000000004,-7.501549999999932],[112.74797000000005,-7.501799999999923],[112.74781000000004,-7.502169999999984],[112.74765000000004,-7.502499999999932],[112.74792,-7.502709999999988],[112.74804000000007,-7.502819999999941],[112.74813000000006,-7.502909999999927],[112.74866000000011,-7.503309999999983],[112.74906000000009,-7.503819999999992],[112.74932000000001,-7.504149999999941],[112.74978000000006,-7.504759999999964],[112.74988000000008,-7.504889999999973],[112.75000000000014,-7.5050399999999495],[112.75015000000003,-7.505349999999931],[112.75031000000004,-7.505459999999973],[112.75055000000009,-7.505559999999987],[112.7508,-7.505579999999954],[112.75126000000013,-7.50547999999994],[112.75174000000005,-7.505389999999954],[112.75188,-7.505339999999903],[112.75210000000008,-7.5051299999999355],[112.75225000000015,-7.504919999999968],[112.75241000000007,-7.5043499999999685],[112.7524500000001,-7.504019999999931],[112.75249000000011,-7.503700000000011],[112.75269000000006,-7.5031499999999784],[112.75278000000004,-7.502940000000011],[112.75284000000012,-7.502869999999993],[112.75305,-7.502829999999969],[112.75325000000011,-7.502869999999993],[112.75335000000004,-7.502929999999894],[112.75359,-7.503259999999932],[112.75371000000007,-7.503439999999992],[112.75388000000011,-7.5037399999999455],[112.75393000000007,-7.504009999999903],[112.75401000000011,-7.50440000000002],[112.75402000000005,-7.504619999999926],[112.75401000000011,-7.504749999999936],[112.7540700000001,-7.504869999999917],[112.75433000000012,-7.505109999999968],[112.75449999999998,-7.505219999999921],[112.75467,-7.505269999999973],[112.7547300000001,-7.50528999999994],[112.75491000000015,-7.505309999999996],[112.75503000000005,-7.505259999999945],[112.75521000000002,-7.505109999999968],[112.75535000000005,-7.504919999999968],[112.75541000000013,-7.504759999999964],[112.75569000000011,-7.503959999999941],[112.7557800000001,-7.503809999999964],[112.75629000000002,-7.503439999999992],[112.75638000000001,-7.503409999999997],[112.75809000000001,-7.50351999999995],[112.75836000000005,-7.5035399999999175],[112.75849000000007,-7.503589999999969],[112.7585700000001,-7.503679999999955],[112.75861000000013,-7.503730000000006],[112.75871000000006,-7.50389999999995],[112.75890000000005,-7.504159999999969],[112.75902000000004,-7.504259999999894],[112.75953999999999,-7.504179999999936],[112.7603100000001,-7.504229999999987],[112.76074000000007,-7.504240000000015],[112.76101000000003,-7.504240000000015],[112.76118000000005,-7.50427999999995],[112.76137000000006,-7.504429999999926],[112.76168000000004,-7.504639999999982],[112.76223000000007,-7.50471999999994],[112.76256000000002,-7.504829999999982],[112.7628400000001,-7.504969999999931],[112.76302000000007,-7.505009999999954],[112.76327000000006,-7.505059999999917],[112.7633500000001,-7.505109999999968],[112.76339000000004,-7.505209999999982],[112.76332000000002,-7.5057199999999025],[112.76329000000011,-7.505789999999921],[112.76325000000008,-7.50604999999994],[112.76320000000013,-7.506249999999968],[112.7630600000001,-7.506579999999916],[112.76295999999999,-7.506999999999939],[112.76293000000008,-7.507669999999953],[112.76278000000002,-7.508149999999967],[112.76275000000011,-7.508279999999976],[112.76282999999998,-7.508389999999929],[112.76308999999999,-7.508529999999967],[112.76368000000005,-7.508629999999892],[112.76426000000008,-7.508759999999901],[112.76476000000007,-7.508959999999929],[112.76540000000008,-7.508959999999929],[112.76549000000016,-7.508979999999985],[112.76556000000008,-7.50913999999999],[112.76554000000012,-7.509419999999976],[112.76551000000003,-7.509639999999971],[112.76561000000005,-7.509909999999929],[112.76569000000009,-7.510059999999994],[112.7658500000001,-7.510179999999975],[112.76600000000008,-7.510249999999905],[112.76606000000007,-7.5103200000000125],[112.76602000000004,-7.510499999999984],[112.76593000000005,-7.510730000000008],[112.76589000000003,-7.511079999999923],[112.76584000000007,-7.511319999999975],[112.76586000000013,-7.511549999999909],[112.76596000000005,-7.511849999999951],[112.76609000000006,-7.512039999999951],[112.76630000000011,-7.512190000000016],[112.76678000000004,-7.512329999999965],[112.76751000000004,-7.512689999999997],[112.76784000000008,-7.512899999999965],[112.76817000000003,-7.5131899999999785],[112.76843000000005,-7.513489999999932],[112.76854,-7.513699999999988],[112.76853000000007,-7.514269999999987],[112.76852000000012,-7.5144799999999545],[112.76857000000008,-7.514609999999964],[112.7687000000001,-7.514669999999954],[112.76944999999998,-7.5146900000000105],[112.76993000000009,-7.514649999999987],[112.77002000000007,-7.514649999999987],[112.77026000000004,-7.5146900000000105],[112.77044000000001,-7.514829999999959],[112.77058000000012,-7.515019999999959],[112.77074000000005,-7.515399999999959],[112.77109000000004,-7.516239999999916]]]},"properties":{"KDPPUM":"","NAMOBJ":"Banjarpanji","REMARK":"","KDPBPS":"","FCODE":"BA03060060","LUASWH":0,"UUPP":"","SRS_ID":"SRGI 2013","LCODE":"","METADATA":"","KDEBPS":"","KDEPUM":"","KDCBPS":"","KDCPUM":"","KDBBPS":"","KDBPUM":"","WADMKD":"Banjarpanji","WIADKD":"","WADMKC":"Tanggulangin","WIADKC":"","WADMKK":"Sidoarjo","WIADKK":"","WADMPR":"Jawa Timur","WIADPR":"","TIPADM":0,"SHAPE_Leng":0.09991854129,"SHAPE_Area":0.00022516105}},
{"type":"Feature","geometry":{"type":"Polygon","coordinates":[[[112.70814000000009,-7.502099999999965],[112.70815000000003,-7.501909999999965],[112.70816000000005,-7.501489999999942],[112.70816000000005,-7.501329999999937],[112.70816000000005,-7.501229999999923],[112.70816000000005,-7.501139999999937],[112.70816000000005,-7.500989999999961],[112.70816000000005,-7.500879999999919],[112.70819000000004,-7.50073999999997],[112.70853000000011,-7.500120000000008],[112.70860999999998,-7.499989999999999],[112.70887000000009,-7.499649999999933],[112.70892000000005,-7.4995800000000035],[112.70913000000012,-7.499329999999924],[112.70949000000006,-7.498399999999981],[112.70953000000007,-7.498279999999999],[112.70905000000006,-7.498179999999897],[112.70873999999999,-7.498129999999934],[112.70856000000002,-7.498099999999939],[112.70840000000011,-7.498069999999943],[112.70821000000002,-7.4979],[112.70813000000005,-7.49776999999999],[112.70806000000005,-7.497549999999906],[112.70757,-7.497429999999925],[112.70702999999999,-7.497279999999948],[112.70644000000003,-7.497110000000005],[112.70569000000015,-7.496889999999921],[112.70495000000003,-7.496619999999963],[112.70395000000006,-7.496249999999991],[112.70009000000007,-7.494399999999954],[112.69949000000008,-7.494119999999969],[112.69920000000006,-7.493989999999959],[112.69894000000014,-7.493989999999959],[112.69901000000006,-7.493599999999931],[112.69873000000008,-7.493429999999899],[112.69840000000013,-7.49322999999996],[112.69813000000008,-7.492939999999946],[112.69780000000004,-7.492589999999941],[112.69683000000008,-7.492360000000007],[112.6966500000001,-7.492319999999983],[112.69590000000005,-7.4921299999999835],[112.69576000000009,-7.4920199999999415],[112.69568999999998,-7.491959999999951],[112.6956300000001,-7.4919199999999275],[112.69553000000008,-7.491849999999909],[112.6953500000001,-7.491729999999928],[112.69519000000001,-7.491669999999937],[112.69511000000014,-7.491559999999895],[112.69504000000003,-7.491389999999951],[112.69501000000004,-7.4912299999999465],[112.69499000000008,-7.491109999999965],[112.69492000000005,-7.491039999999947],[112.69472000000012,-7.490919999999965],[112.69457000000014,-7.490849999999947],[112.69448000000015,-7.490799999999984],[112.69439000000007,-7.490749999999933],[112.69416000000005,-7.4906299999999515],[112.69410000000006,-7.490579999999989],[112.69422000000013,-7.491439999999914],[112.69450000000003,-7.4921299999999835],[112.69509000000008,-7.493049999999899],[112.69525000000009,-7.493129999999946],[112.69537000000007,-7.493249999999927],[112.69541000000001,-7.493349999999941],[112.69543000000006,-7.4935199999999735],[112.69550000000008,-7.493679999999889],[112.69571000000005,-7.493879999999917],[112.6958900000001,-7.494009999999927],[112.69596000000004,-7.4940999999999125],[112.69595000000001,-7.494469999999973],[112.69602000000012,-7.494949999999987],[112.69612000000004,-7.495400000000005],[112.69620000000009,-7.4955899999999165],[112.69634000000003,-7.495769999999977],[112.6964300000001,-7.495839999999907],[112.69653000000004,-7.49600999999994],[112.69651000000007,-7.496249999999991],[112.69650000000004,-7.496329999999949],[112.69648000000008,-7.496459999999958],[112.69653000000004,-7.496559999999972],[112.69667000000007,-7.496629999999902],[112.69711000000007,-7.496739999999944],[112.69723000000013,-7.496779999999967],[112.6974100000001,-7.496819999999991],[112.69751000000012,-7.496849999999897],[112.69758000000004,-7.496889999999921],[112.69764000000013,-7.496899999999949],[112.69764000000013,-7.496959999999939],[112.69738000000011,-7.497059999999953],[112.69714000000015,-7.497240000000014],[112.69688000000004,-7.497559999999934],[112.69694000000003,-7.49758999999993],[112.6970600000001,-7.497729999999967],[112.69748999999997,-7.498030000000009],[112.69772000000009,-7.498119999999995],[112.69847000000006,-7.4983799999999246],[112.69894000000014,-7.498539999999929],[112.69930000000008,-7.498649999999971],[112.69963000000011,-7.498759999999924],[112.69985000000011,-7.498839999999971],[112.7006700000001,-7.499189999999976],[112.70201000000013,-7.499769999999915],[112.70246000000006,-7.499999999999938],[112.70287000000005,-7.50010999999998],[112.70372000000013,-7.50035999999997],[112.70401000000005,-7.500459999999984],[112.70464000000004,-7.5007699999999655],[112.70507000000009,-7.500999999999989],[112.70536000000001,-7.501109999999942],[112.70610000000013,-7.501289999999914],[112.70688000000011,-7.501549999999932],[112.70724000000006,-7.501699999999998],[112.70737000000005,-7.5017599999999],[112.70775000000006,-7.50193999999996],[112.70788000000007,-7.501990000000012],[112.70814000000009,-7.502099999999965]]]},"properties":{"KDPPUM":"","NAMOBJ":"Boro","REMARK":"","KDPBPS":"","FCODE":"BA03060060","LUASWH":0,"UUPP":"","SRS_ID":"SRGI 2013","LCODE":"","METADATA":"","KDEBPS":"","KDEPUM":"","KDCBPS":"","KDCPUM":"","KDBBPS":"","KDBPUM":"","WADMKD":"Boro","WIADKD":"","WADMKC":"Tanggulangin","WIADKC":"","WADMKK":"Sidoarjo","WIADKK":"","WADMPR":"Jawa Timur","WIADPR":"","TIPADM":0,"SHAPE_Leng":0.04343244397,"SHAPE_Area":0.00005941735}},
{"type":"Feature","geometry":{"type":"Polygon","coordinates":[[[112.67026488749532,-7.481032632492251],[112.66995488749534,-7.481082632492303],[112.66945488749526,-7.481202632492284],[112.6692148874953,-7.481182632492228],[112.66865488749524,-7.481062632492247],[112.6673448874953,-7.480772632492322],[112.66688488749534,-7.480702632492303],[112.66645488749538,-7.480622632492256],[112.66579488749531,-7.480622632492256],[112.66539488749534,-7.480552632492238],[112.66502488749536,-7.480452632492312],[112.66496488749537,-7.480372632492266],[112.66492488749535,-7.480232632492317],[112.66467488749537,-7.480262632492224],[112.66457488749535,-7.480212632492261],[112.66447488749533,-7.480102632492308],[112.66441488749534,-7.479962632492271],[112.66438488749534,-7.479742632492275],[112.66442488749537,-7.479582632492271],[112.66445488749528,-7.479382632492243],[112.66439488749538,-7.4793726324923036],[112.66427488749531,-7.479412632492238],[112.66420488749537,-7.479402632492299],[112.66416488749535,-7.4793526324922475],[112.6640848874953,-7.47921263249221],[112.66393488749542,-7.47908263249229],[112.6639548874953,-7.478782632492248],[112.66399488749532,-7.478532632492257],[112.66397488749536,-7.478422632492215],[112.66382488749528,-7.478022632492248],[112.66397488749536,-7.477722632492295],[112.6640248874954,-7.477622632492281],[112.66397488749536,-7.47756263249229],[112.66391488749527,-7.477542632492234],[112.66385488749538,-7.477682632492272],[112.66379488749538,-7.477782632492286],[112.66310488749531,-7.479442632492322],[112.66293488749528,-7.480142632492242],[112.66289488749534,-7.4802526324922844],[112.66285488749541,-7.480402632492261],[112.66254488749534,-7.481462632492214],[112.66241488749533,-7.481812632492307],[112.66238488749534,-7.481892632492265],[112.66236488749537,-7.481962632492284],[112.66227488749539,-7.48223263249233],[112.66223488749536,-7.482482632492321],[112.66193488749532,-7.483352632492274],[112.6618348874953,-7.48369263249225],[112.66254488749534,-7.483862632492283],[112.66296488749536,-7.4839426324923295],[112.6637348874953,-7.484092632492217],[112.6641448874953,-7.484152632492297],[112.66427488749531,-7.484152632492297],[112.66439488749538,-7.484162632492236],[112.6647148874953,-7.484172632492264],[112.66496488749537,-7.484182632492292],[112.6652248874953,-7.484202632492259],[112.66550488749537,-7.4842226324922265],[112.66591488749538,-7.484272632492278],[112.66586488749542,-7.484682632492273],[112.66582488749539,-7.484942632492292],[112.66659488749532,-7.484972632492287],[112.66686488749538,-7.485002632492282],[112.66701488749536,-7.4850126324922215],[112.66733488749536,-7.485062632492273],[112.66776488749541,-7.485132632492203],[112.66792488749533,-7.485182632492254],[112.66772488749538,-7.486642632492263],[112.66745488749534,-7.488302632492299],[112.6673448874953,-7.48900263249222],[112.66728488749531,-7.489402632492276],[112.6667748874954,-7.490672632492284],[112.66763488749531,-7.49076263249227],[112.66756488749529,-7.491132632492242],[112.66751488749533,-7.491392632492261],[112.66753488749539,-7.491942632492293],[112.66768488749537,-7.4921726324922275],[112.66878488749525,-7.491722632492298],[112.66895488749529,-7.491662632492218],[112.66920488749537,-7.491662632492218],[112.66967488749535,-7.491732632492326],[112.66986488749527,-7.491802632492256],[112.66993488749537,-7.491842632492279],[112.67001488749541,-7.49190263249227],[112.67045488749531,-7.4923826324922835],[112.67080488749532,-7.493002632492246],[112.67110488749536,-7.493362632492278],[112.67129488749536,-7.493512632492255],[112.67150488749533,-7.493592632492302],[112.67172488749542,-7.493622632492297],[112.67218488749538,-7.493622632492297],[112.6724748874953,-7.4937526324922175],[112.67297488749527,-7.493992632492269],[112.67312488749535,-7.494032632492292],[112.67326488749538,-7.494022632492264],[112.6734548874953,-7.493932632492278],[112.67376488749537,-7.493722632492311],[112.6740648874954,-7.493572632492246],[112.67423488749526,-7.493522632492283],[112.67437488749539,-7.49354263249225],[112.67457488749533,-7.492892632492293],[112.67478488749538,-7.492252632492274],[112.67511488749533,-7.491202632492261],[112.67638488749533,-7.487742632492239],[112.67663488749533,-7.487762632492295],[112.67693488749528,-7.4877326324923],[112.67712488749537,-7.487702632492304],[112.6772548874953,-7.487762632492295],[112.67755488749533,-7.488042632492281],[112.67786488749532,-7.488332632492295],[112.6780548874953,-7.488502632492239],[112.67832488749526,-7.488582632492285],[112.67896488749528,-7.48862263249222],[112.67917488749535,-7.488652632492304],[112.6795348874953,-7.4889026324922945],[112.67972488749528,-7.489032632492304],[112.67994488749528,-7.48918263249228],[112.68059488749542,-7.489422632492243],[112.68101488749535,-7.4896026324923035],[112.68165488749528,-7.489892632492317],[112.68202488749526,-7.489972632492275],[112.68274488749532,-7.489982632492303],[112.68322488749533,-7.490212632492238],[112.6837848874953,-7.49038263249227],[112.68424488749535,-7.490452632492289],[112.68474488749533,-7.490492632492224],[112.68497488749536,-7.490522632492308],[112.68556488749532,-7.490742632492303],[112.68579488749535,-7.490832632492289],[112.68607488749534,-7.4908926324922795],[112.68658488749534,-7.490862632492284],[112.68684488749527,-7.490932632492303],[112.68691488749538,-7.490962632492209],[112.68701488749531,-7.491002632492233],[112.6871748874954,-7.490592632492238],[112.68743488749541,-7.48994263249228],[112.68763488749535,-7.489402632492276],[112.68801488749527,-7.488482632492271],[112.68813488749534,-7.488152632492323],[112.68844488749532,-7.487562632492267],[112.68826488749535,-7.486732632492249],[112.68807488749535,-7.4867126324922815],[112.68792488749529,-7.486692632492314],[112.68773488749528,-7.486672632492258],[112.6876448874953,-7.486632632492235],[112.68758488749539,-7.4866126324922675],[112.68753488749535,-7.486582632492272],[112.68732488749528,-7.486212632492212],[112.68706488749527,-7.485782632492249],[112.68692488749532,-7.485552632492226],[112.68653488749538,-7.485432632492245],[112.68635488749541,-7.48539263249231],[112.68621488749528,-7.485292632492296],[112.68614488749535,-7.485172632492226],[112.68599488749537,-7.484792632492226],[112.68585488749525,-7.48464263249225],[112.68563488749534,-7.48451263249224],[112.6855848874953,-7.484482632492334],[112.68521488749532,-7.484282632492306],[112.68481488749526,-7.48407263249225],[112.68455488749542,-7.483982632492264],[112.68437488749537,-7.483952632492269],[112.6841648874953,-7.4839426324923295],[112.6841648874953,-7.484062632492311],[112.68411488749534,-7.484112632492273],[112.6840048874953,-7.484152632492297],[112.6836248874953,-7.484302632492273],[112.68352488749538,-7.4844226324922545],[112.68338488749534,-7.484622632492282],[112.68331488749531,-7.484762632492231],[112.68330488749538,-7.484992632492254],[112.68332488749535,-7.485252632492273],[112.68334488749541,-7.485542632492287],[112.68334488749541,-7.485602632492277],[112.68329488749535,-7.485812632492333],[112.6832148874954,-7.485982632492277],[112.68313488749534,-7.486182632492305],[112.68310488749526,-7.486332632492282],[112.68306488749523,-7.486562632492305],[112.68302488749539,-7.486702632492253],[112.68300488749534,-7.486802632492267],[112.68291488749536,-7.486892632492253],[112.68278488749534,-7.486932632492277],[112.6822948874953,-7.487012632492235],[112.6821048874953,-7.487022632492263],[112.68194488749539,-7.4869726324923],[112.68189488749542,-7.486932632492277],[112.68184488749529,-7.486902632492281],[112.68174488749536,-7.486752632492216],[112.6815648874953,-7.4865026324922255],[112.68101488749535,-7.485952632492282],[112.68083488749538,-7.485882632492263],[112.68070488749528,-7.485892632492291],[112.68051488749538,-7.485972632492249],[112.68012488749534,-7.486202632492272],[112.68003488749527,-7.486182632492305],[112.67994488749528,-7.486102632492258],[112.67944488749531,-7.485522632492319],[112.67916488749532,-7.48520263249231],[112.67857488749534,-7.484692632492301],[112.67821488749532,-7.484462632492278],[112.67806488749525,-7.4843226324922405],[112.67791488749536,-7.484232632492255],[112.67745488749532,-7.483982632492264],[112.67724488749535,-7.483902632492306],[112.67709488749537,-7.483862632492283],[112.67667488749535,-7.483762632492269],[112.67615488749531,-7.483672632492283],[112.67603488749533,-7.4836226324922315],[112.67591488749535,-7.483572632492269],[112.67544488749527,-7.483302632492222],[112.67522488749528,-7.483182632492241],[112.67495488749532,-7.482972632492274],[112.67465488749536,-7.482712632492255],[112.67449488749527,-7.482612632492241],[112.67432488749533,-7.482522632492255],[112.67386488749528,-7.482312632492288],[112.67354488749537,-7.482162632492223],[112.67319488749527,-7.482012632492246],[112.67296488749534,-7.481902632492293],[112.67259488749536,-7.481742632492288],[112.67218488749538,-7.4815526324922885],[112.67182488749533,-7.481402632492312],[112.67160488749535,-7.481382632492256],[112.67091488749536,-7.481362632492289],[112.67072488749527,-7.481312632492326],[112.67052488749533,-7.481182632492228],[112.67026488749532,-7.481032632492251]]]},"properties":{"KDPPUM":"","NAMOBJ":"Ganggangpanjang","REMARK":"","KDPBPS":"","FCODE":"BA03060060","LUASWH":0,"UUPP":"","SRS_ID":"SRGI 2013","LCODE":"","METADATA":"","KDEBPS":"","KDEPUM":"","KDCBPS":"","KDCPUM":"","KDBBPS":"","KDBPUM":"","WADMKD":"Ganggangpanjang","WIADKD":"","WADMKC":"Tanggulangin","WIADKC":"","WADMKK":"Sidoarjo","WIADKK":"","WADMPR":"Jawa Timur","WIADPR":"","TIPADM":0,"SHAPE_Leng":0.08421712386,"SHAPE_Area":0.0001663575}},
{"type":"Feature","geometry":{"type":"Polygon","coordinates":[[[112.72562000000003,-7.50598000000001],[112.72464999999998,-7.505730000000019],[112.72371999999996,-7.505539999999931],[112.7223800000001,-7.505640000000033],[112.72196,-7.505579999999954],[112.72137999999997,-7.505390000000043],[112.72100000000005,-7.5052399999999775],[112.72016,-7.505190000000015],[112.71994000000001,-7.5052399999999775],[112.71927000000008,-7.505329999999963],[112.71884999999997,-7.5053399999999915],[112.71865000000004,-7.50528999999994],[112.71817999999996,-7.505079999999973],[112.71813,-7.505049999999978],[112.71761999999998,-7.504799999999987],[112.71735000000002,-7.504699999999973],[112.71726999999998,-7.504850000000038],[112.71722000000003,-7.504989999999987],[112.71718,-7.505130000000024],[112.71711000000006,-7.505369999999987],[112.71702000000008,-7.505689999999996],[112.71696999999995,-7.505890000000024],[112.71690000000001,-7.506309999999958],[112.71687000000001,-7.506459999999935],[112.71672999999998,-7.5068400000000235],[112.71666000000005,-7.507029999999935],[112.71662000000002,-7.507169999999972],[112.71655000000001,-7.507399999999995],[112.71645,-7.507779999999995],[112.71633999999995,-7.508140000000028],[112.71585000000009,-7.509819999999943],[112.71569,-7.510429999999966],[112.71558000000005,-7.510800000000026],[112.71557000000001,-7.510950000000003],[112.71552999999999,-7.511140000000003],[112.71551000000002,-7.5112100000000215],[112.71544,-7.511520000000003],[112.71529000000002,-7.511829999999984],[112.71523999999998,-7.5119000000000025],[112.71520000000004,-7.512039999999951],[112.71514000000005,-7.512199999999956],[112.71505000000006,-7.51235999999996],[112.71500000000002,-7.512429999999979],[112.7152200000001,-7.512569999999927],[112.71547999999994,-7.512709999999965],[112.71573999999995,-7.512859999999941],[112.71609000000005,-7.5129899999999505],[112.71642999999993,-7.513059999999969],[112.71669999999999,-7.513109999999932],[112.71703000000002,-7.513159999999983],[112.71700999999996,-7.513230000000002],[112.71691000000004,-7.513509999999988],[112.71672999999998,-7.514069999999959],[112.71668000000001,-7.514229999999964],[112.71698000000006,-7.51431999999995],[112.71707000000005,-7.514340000000006],[112.71715,-7.514370000000001],[112.71735000000002,-7.514419999999964],[112.71754000000003,-7.514470000000015],[112.71776999999996,-7.514530000000006],[112.71791,-7.514560000000001],[112.71799999999999,-7.5145899999999966],[112.71815000000005,-7.514619999999992],[112.71828000000006,-7.514649999999987],[112.71847000000007,-7.51469999999995],[112.71856000000005,-7.514720000000006],[112.71865000000004,-7.514750000000001],[112.71883000000001,-7.5148000000000525],[112.71896000000001,-7.514839999999987],[112.71909000000002,-7.514869999999982],[112.71919000000004,-7.514899999999978],[112.71945000000005,-7.514969999999996],[112.71957999999998,-7.51501000000002],[112.71975,-7.515050000000043],[112.71982000000003,-7.51507999999995],[112.71997999999995,-7.515119999999973],[112.72010999999995,-7.515149999999968],[112.72020000000003,-7.515179999999964],[112.72026000000011,-7.515189999999992],[112.72045000000001,-7.515219999999987],[112.72051999999995,-7.515230000000015],[112.72068000000004,-7.515239999999954],[112.72094000000006,-7.5152799999999775],[112.72114999999994,-7.515349999999996],[112.72135000000006,-7.515420000000015],[112.72148000000007,-7.515459999999949],[112.72185999999998,-7.515559999999963],[112.72211999999999,-7.515629999999982],[112.72226999999997,-7.515670000000005],[112.72241000000001,-7.515700000000001],[112.72252000000005,-7.515719999999968],[112.72276999999995,-7.515770000000019],[112.72289000000002,-7.515789999999987],[112.72283000000003,-7.5161699999999865],[112.72280000000003,-7.516369999999926],[112.72217999999998,-7.5182700000000136],[112.72223999999997,-7.518289999999981],[112.72245999999997,-7.5183599999999995],[112.72416999999997,-7.518919999999971],[112.72468000000006,-7.519069999999948],[112.72524000000004,-7.519289999999943],[112.72581999999998,-7.519479999999943],[112.72594000000005,-7.519540000000022],[112.72596000000001,-7.519600000000013],[112.72577000000001,-7.520010000000008],[112.72578999999999,-7.520119999999961],[112.72587999999998,-7.5202399999999425],[112.72604000000007,-7.520319999999989],[112.72626000000005,-7.520359999999924],[112.7263400000001,-7.520359999999924],[112.72659,-7.520340000000045],[112.72685999999996,-7.52037999999998],[112.72808,-7.520710000000017],[112.72884999999995,-7.520930000000012],[112.72914999999999,-7.52100999999997],[112.72983000000004,-7.521099999999956],[112.73083,-7.521019999999998],[112.73113000000004,-7.52094999999998],[112.73122999999997,-7.520919999999984],[112.73170000000003,-7.5211399999999795],[112.73248000000001,-7.521370000000003],[112.73271999999997,-7.521449999999961],[112.73379999999997,-7.521750000000003],[112.73541999999999,-7.522239999999956],[112.73545000000007,-7.522179999999965],[112.73550000000003,-7.522010000000021],[112.73568,-7.521539999999947],[112.73576999999999,-7.521310000000012],[112.73607000000004,-7.520489999999933],[112.73613000000003,-7.5203499999999845],[112.73634000000008,-7.519899999999966],[112.73652000000006,-7.519250000000008],[112.73702000000003,-7.517800000000028],[112.73717,-7.517339999999981],[112.73721000000003,-7.517229999999939],[112.73724000000003,-7.517119999999986],[112.73725999999999,-7.51703],[112.73710000000008,-7.517039999999939],[112.73697000000007,-7.517039999999939],[112.73667000000003,-7.51703],[112.7364700000001,-7.516949999999953],[112.73619000000002,-7.516729999999958],[112.73598999999999,-7.516549999999986],[112.73581000000001,-7.516369999999926],[112.73561,-7.516159999999958],[112.73548000000007,-7.516009999999982],[112.73537000000003,-7.515909999999968],[112.73524999999995,-7.515789999999987],[112.73511,-7.5155900000000475],[112.73488999999992,-7.515359999999935],[112.73468000000004,-7.515159999999996],[112.73455999999997,-7.51501000000002],[112.73450000000007,-7.515050000000043],[112.73427999999998,-7.5152699999999495],[112.73404000000002,-7.515569999999991],[112.73381,-7.515819999999982],[112.73357000000004,-7.516099999999968],[112.73329000000005,-7.516409999999949],[112.73308,-7.51665],[112.73294999999999,-7.516760000000042],[112.73290000000003,-7.516799999999977],[112.73271999999997,-7.51684],[112.73239999999996,-7.5167699999999815],[112.73189999999998,-7.516639999999972],[112.73148999999998,-7.51652999999993],[112.73113000000004,-7.516430000000005],[112.73074000000001,-7.516340000000019],[112.73035000000007,-7.516229999999977],[112.73007,-7.516159999999958],[112.72990000000006,-7.516099999999968],[112.72979000000001,-7.516039999999977],[112.72961999999998,-7.515879999999973],[112.72946000000006,-7.515759999999991],[112.72932000000003,-7.515649999999949],[112.72916000000002,-7.515510000000001],[112.72906,-7.515430000000043],[112.72891000000003,-7.515300000000034],[112.72883000000007,-7.515230000000015],[112.7286800000001,-7.515149999999968],[112.72847999999998,-7.515029999999987],[112.72827000000001,-7.5148900000000385],[112.72806000000004,-7.514760000000029],[112.72784999999999,-7.514600000000025],[112.72769000000007,-7.51444000000002],[112.72758000000003,-7.514299999999983],[112.72740999999999,-7.51406000000002],[112.72730999999999,-7.513869999999931],[112.72725000000008,-7.513800000000002],[112.72715000000007,-7.513710000000016],[112.72703,-7.513639999999997],[112.72693000000007,-7.513569999999978],[112.72678,-7.513489999999932],[112.72663999999997,-7.513409999999974],[112.72650000000002,-7.513329999999927],[112.72637999999995,-7.5132899999999925],[112.72637999999995,-7.513230000000002],[112.72649,-7.51292999999996],[112.72659999999995,-7.512619999999979],[112.72675000000001,-7.512179999999988],[112.72689000000005,-7.5118100000000165],[112.72703,-7.511389999999993],[112.72715000000007,-7.511020000000022],[112.72720000000002,-7.510890000000012],[112.72726000000002,-7.51071999999998],[112.72735,-7.510489999999956],[112.72743000000006,-7.510249999999994],[112.72749000000005,-7.510059999999994],[112.72756000000007,-7.509869999999994],[112.72763999999994,-7.509639999999971],[112.72769000000007,-7.5094999999999335],[112.72776,-7.509289999999966],[112.72780000000003,-7.509229999999976],[112.72787000000004,-7.509029999999948],[112.72808999999995,-7.508309999999971],[112.72833,-7.50761999999999],[112.72838000000006,-7.507459999999986],[112.7284600000001,-7.507209999999995],[112.72853000000003,-7.506999999999939],[112.72855000000008,-7.506879999999958],[112.72799000000002,-7.50661],[112.7275100000001,-7.506390000000005],[112.72689999999999,-7.506149999999954],[112.72652000000008,-7.5060500000000285],[112.72585000000007,-7.5060400000000005],[112.72562000000003,-7.50598000000001]]]},"properties":{"KDPPUM":"","NAMOBJ":"Gempolsari","REMARK":"","KDPBPS":"","FCODE":"BA03060060","LUASWH":0,"UUPP":"","SRS_ID":"SRGI 2013","LCODE":"","METADATA":"","KDEBPS":"","KDEPUM":"","KDCBPS":"","KDCPUM":"","KDBBPS":"","KDBPUM":"","WADMKD":"Gempolsari","WIADKD":"","WADMKC":"Tanggulangin","WIADKC":"","WADMKK":"Sidoarjo","WIADKK":"","WADMPR":"Jawa Timur","WIADPR":"","TIPADM":0,"SHAPE_Leng":0.07265715832,"SHAPE_Area":0.00017690175}},
{"type":"Feature","geometry":{"type":"Polygon","coordinates":[[[112.73602000000002,-7.511739999999998],[112.73530999999998,-7.511739999999998],[112.73445000000007,-7.511650000000012],[112.73400999999998,-7.511579999999993],[112.7330700000001,-7.511459999999923],[112.73258000000006,-7.511379999999965],[112.73234000000001,-7.511309999999947],[112.73203000000002,-7.511079999999923],[112.73168000000011,-7.510739999999947],[112.73147999999999,-7.510459999999961],[112.73125000000006,-7.510139999999952],[112.73097000000007,-7.509619999999915],[112.73088000000008,-7.509439999999943],[112.73080999999998,-7.508769999999929],[112.73080999999998,-7.5085099999999105],[112.7306000000001,-7.5080299999999855],[112.73046000000015,-7.507820000000018],[112.72938000000015,-7.507449999999958],[112.72885000000008,-7.5073199999999485],[112.72830000000013,-7.50705999999993],[112.72828000000008,-7.507179999999911],[112.72821000000015,-7.507389999999967],[112.7281300000001,-7.507639999999958],[112.72808000000005,-7.507799999999962],[112.72784,-7.508489999999943],[112.72762000000009,-7.50920999999992],[112.72755000000008,-7.5094099999999475],[112.72751000000005,-7.509469999999938],[112.72744000000012,-7.509679999999905],[112.72738999999999,-7.509819999999943],[112.72731000000012,-7.510049999999966],[112.7272400000001,-7.510239999999966],[112.7271800000001,-7.510429999999966],[112.72710000000005,-7.510669999999928],[112.72701000000006,-7.5108999999999515],[112.72695000000007,-7.511069999999984],[112.72690000000011,-7.511199999999993],[112.72678000000005,-7.511569999999965],[112.7266400000001,-7.511989999999988],[112.72650000000006,-7.51235999999996],[112.72635,-7.512799999999951],[112.72624000000005,-7.513109999999932],[112.72613,-7.513409999999974],[112.72613,-7.513469999999964],[112.72625000000006,-7.513509999999899],[112.72639000000002,-7.513589999999946],[112.72653000000005,-7.5136699999999035],[112.72668000000012,-7.51374999999995],[112.72678000000005,-7.513819999999969],[112.72690000000011,-7.5138899999999875],[112.72700000000013,-7.5139799999999735],[112.72706000000004,-7.514049999999903],[112.72716000000004,-7.514239999999992],[112.72733000000008,-7.5144799999999545],[112.72744000000012,-7.514619999999992],[112.72760000000004,-7.5147799999999965],[112.72781000000009,-7.514940000000001],[112.72802000000006,-7.51507000000001],[112.72823000000002,-7.515209999999959],[112.72843000000015,-7.51532999999994],[112.72858000000012,-7.515409999999987],[112.72866000000008,-7.5154800000000055],[112.72881000000005,-7.515610000000015],[112.72891000000007,-7.515689999999973],[112.72907000000008,-7.515829999999921],[112.72921000000011,-7.515939999999963],[112.72937000000003,-7.5160599999999445],[112.72954000000006,-7.516219999999949],[112.7296500000001,-7.51627999999994],[112.72982000000005,-7.51633999999993],[112.73010000000012,-7.516409999999949],[112.73049000000006,-7.516519999999991],[112.73088000000008,-7.516609999999977],[112.73124000000003,-7.516709999999902],[112.73165000000003,-7.516819999999944],[112.73215,-7.516949999999953],[112.73247000000002,-7.517019999999972],[112.73265000000008,-7.516979999999949],[112.73270000000004,-7.516940000000014],[112.73283000000005,-7.516829999999972],[112.7330400000001,-7.516589999999921],[112.73332000000009,-7.51627999999994],[112.73356000000005,-7.515999999999954],[112.73379000000007,-7.515749999999963],[112.73403000000003,-7.515449999999921],[112.73425000000012,-7.515230000000015],[112.73431000000002,-7.515189999999992],[112.73443000000009,-7.515339999999968],[112.73463999999997,-7.515539999999907],[112.73486000000005,-7.515770000000019],[112.735,-7.5159699999999585],[112.73512000000008,-7.51608999999994],[112.73523000000012,-7.516189999999954],[112.73536000000004,-7.51633999999993],[112.73556000000006,-7.5165499999998975],[112.73574000000004,-7.516729999999958],[112.73594000000007,-7.51690999999993],[112.73622000000015,-7.517129999999925],[112.73642000000008,-7.517209999999972],[112.73672000000012,-7.517219999999911],[112.73685000000013,-7.517219999999911],[112.73701000000004,-7.517209999999972],[112.73718000000008,-7.517209999999972],[112.73751000000003,-7.517179999999977],[112.73783999999998,-7.517139999999953],[112.73822000000007,-7.517079999999963],[112.73850999999999,-7.516999999999916],[112.73921000000009,-7.5167699999999815],[112.73962000000009,-7.51665],[112.73985000000002,-7.516499999999935],[112.74,-7.515839999999949],[112.74018000000005,-7.51513999999994],[112.7402900000001,-7.514609999999964],[112.74037000000014,-7.514329999999978],[112.74060000000007,-7.513799999999913],[112.74071000000004,-7.513469999999964],[112.74081000000004,-7.513349999999983],[112.74099000000001,-7.513269999999936],[112.74176000000013,-7.513299999999932],[112.74177000000007,-7.513209999999946],[112.74177000000007,-7.5129899999999505],[112.7417800000001,-7.512769999999955],[112.74175000000001,-7.512479999999941],[112.74173000000005,-7.512099999999942],[112.74200000000009,-7.51210999999997],[112.74238000000001,-7.512099999999942],[112.74264000000002,-7.512060000000007],[112.74280000000012,-7.511959999999904],[112.74295000000009,-7.5116999999999745],[112.74319000000006,-7.511219999999961],[112.74340000000002,-7.5107899999999095],[112.74357000000006,-7.5104699999999],[112.74377000000008,-7.510029999999999],[112.74408000000007,-7.509289999999966],[112.74427000000007,-7.508899999999938],[112.74435000000003,-7.508729999999995],[112.74443000000007,-7.50856999999999],[112.74463000000002,-7.508339999999967],[112.74472,-7.50818999999999],[112.74487000000015,-7.508039999999925],[112.74481000000007,-7.507889999999948],[112.74465000000006,-7.50799999999999],[112.74414000000006,-7.508209999999957],[112.74374000000009,-7.508279999999976],[112.74312000000013,-7.508419999999925],[112.74283000000003,-7.5085099999999105],[112.74233999999998,-7.508669999999915],[112.74164000000006,-7.50888999999991],[112.74138000000005,-7.508969999999957],[112.74122000000013,-7.509029999999948],[112.74116000000005,-7.509049999999915],[112.74109000000011,-7.50907999999991],[112.74102,-7.509109999999994],[112.74039000000002,-7.509099999999966],[112.74012000000006,-7.509099999999966],[112.73989000000005,-7.509169999999896],[112.73965000000008,-7.509339999999929],[112.73919000000004,-7.50957999999998],[112.73913999999998,-7.5096099999999755],[112.73882000000006,-7.509780000000008],[112.73862000000013,-7.509989999999975],[112.73809999999999,-7.5109999999999655],[112.73794000000008,-7.511209999999933],[112.73742000000004,-7.51153999999997],[112.73716000000002,-7.511659999999951],[112.73602000000002,-7.511739999999998]]]},"properties":{"KDPPUM":"","NAMOBJ":"Kalidawir","REMARK":"","KDPBPS":"","FCODE":"BA03060060","LUASWH":0,"UUPP":"","SRS_ID":"SRGI 2013","LCODE":"","METADATA":"","KDEBPS":"","KDEPUM":"","KDCBPS":"","KDCPUM":"","KDBBPS":"","KDBPUM":"","WADMKD":"Kalidawir","WIADKD":"","WADMKC":"Tanggulangin","WIADKC":"","WADMKK":"Sidoarjo","WIADKK":"","WADMPR":"Jawa Timur","WIADPR":"","TIPADM":0,"SHAPE_Leng":0.05482311283,"SHAPE_Area":0.00009689355}},
{"type":"Feature","geometry":{"type":"Polygon","coordinates":[[[112.70742427956353,-7.504175783390715],[112.70633427956358,-7.5039457833907806],[112.7061842795636,-7.503915783390785],[112.7057742795636,-7.5038357833907385],[112.70553427956355,-7.50376578339072],[112.70502427956363,-7.503615783390832],[112.70332427956357,-7.503205783390748],[112.70283427956353,-7.50312578339079],[112.70259427956357,-7.503165783390814],[112.7024142795636,-7.5032557833908],[112.7017842795636,-7.503705783390818],[112.70159427956361,-7.503815783390771],[112.70125427956354,-7.5039357833907525],[112.70079427956358,-7.504065783390762],[112.70009427956357,-7.5041557833908366],[112.69993427956356,-7.504125783390752],[112.69975427956359,-7.5040357833907665],[112.69960427956362,-7.503915783390785],[112.69926427956355,-7.503665783390795],[112.6991842795636,-7.503635783390799],[112.69898427956356,-7.5035457833908135],[112.69879427956366,-7.503535783390785],[112.69867427956359,-7.503575783390809],[112.69848427956359,-7.503665783390795],[112.69840427956363,-7.503725783390785],[112.6982342795636,-7.5038357833907385],[112.69809427956356,-7.5039357833907525],[112.69776427956361,-7.504185783390743],[112.69761427956354,-7.504345783390748],[112.69740427956357,-7.504715783390719],[112.69708427956365,-7.5049457833908315],[112.69673427956356,-7.505145783390771],[112.69651427956357,-7.505335783390771],[112.69616427956356,-7.505765783390733],[112.69609427956364,-7.505895783390742],[112.69594427956356,-7.506165783390789],[112.69569427956358,-7.5068257833907746],[112.6955742795636,-7.507415783390742],[112.69555427956362,-7.5075057833907275],[112.69547427956358,-7.507835783390765],[112.69518427956356,-7.5083157833907785],[112.69499427956357,-7.508575783390797],[112.69467427956356,-7.509025783390816],[112.69444427956363,-7.509545783390764],[112.69434427956361,-7.510075783390829],[112.69425427956362,-7.510075783390829],[112.6936442795636,-7.510085783390768],[112.69301427956353,-7.509985783390754],[112.69287427956357,-7.509965783390787],[112.69211427956357,-7.509575783390759],[112.69169427956355,-7.509335783390797],[112.69116427956358,-7.509125783390741],[112.69088427956359,-7.509045783390783],[112.69072427956358,-7.509135783390769],[112.69062427956356,-7.509225783390755],[112.6905742795636,-7.509425783390783],[112.69052427956356,-7.509735783390764],[112.69046427956366,-7.510075783390829],[112.6904442795636,-7.510315783390792],[112.69039427956355,-7.510675783390735],[112.69036427956355,-7.511015783390712],[112.69032427956353,-7.511425783390796],[112.6903142795636,-7.511785783390828],[112.6903142795636,-7.512335783390772],[112.6902542795636,-7.512885783390716],[112.69035427956352,-7.5132957833908],[112.69039427956355,-7.513775783390813],[112.6904442795636,-7.514155783390813],[112.69059427956348,-7.514535783390813],[112.69070427956362,-7.514485783390762],[112.69132427956357,-7.514395783390776],[112.69169427956355,-7.514435783390799],[112.69249427956366,-7.514615783390771],[112.69296427956355,-7.514705783390757],[112.69336427956361,-7.514705783390757],[112.69355427956353,-7.514655783390794],[112.69372427956355,-7.514515783390757],[112.6938942795636,-7.514295783390762],[112.69396427956352,-7.514145783390785],[112.69407427956365,-7.514315783390818],[112.6941542795636,-7.514435783390799],[112.69449427956359,-7.514575783390748],[112.69473427956355,-7.514705783390757],[112.69509427956349,-7.5148657833907615],[112.69528427956358,-7.514945783390808],[112.69564427956361,-7.515095783390785],[112.69591427956367,-7.515265783390729],[112.69617427956351,-7.515405783390766],[112.69647427956355,-7.515515783390719],[112.69652427956359,-7.515445783390789],[112.69661427956358,-7.515235783390822],[112.69673427956356,-7.514855783390822],[112.69704427956363,-7.513905783390823],[112.69710427956353,-7.513515783390795],[112.69732427956362,-7.513515783390795],[112.69753427956358,-7.513505783390767],[112.69759427956357,-7.5133857833907856],[112.6976342795636,-7.5132957833908],[112.69771427956364,-7.513055783390748],[112.69774427956355,-7.5129857833908185],[112.69777427956355,-7.5129157833908],[112.69784427956357,-7.512765783390734],[112.6979842795636,-7.512465783390781],[112.69808427956362,-7.512245783390786],[112.6981442795636,-7.512045783390758],[112.69821427956363,-7.511815783390824],[112.6982342795636,-7.511745783390805],[112.69827427956362,-7.511645783390791],[112.6983642795636,-7.51146578339073],[112.69842427956351,-7.51133578339081],[112.69845427956359,-7.511255783390763],[112.69849427956362,-7.511205783390801],[112.69856427956354,-7.511165783390777],[112.69857427956366,-7.511105783390787],[112.69860427956357,-7.510945783390782],[112.69863427956356,-7.5107957833908054],[112.69865427956353,-7.510635783390712],[112.69868427956352,-7.5104957833907635],[112.6987142795636,-7.510335783390759],[112.69873427956358,-7.510225783390717],[112.69876427956358,-7.510055783390773],[112.69878427956354,-7.509915783390736],[112.69884427956362,-7.509925783390764],[112.69904427956355,-7.509915783390736],[112.69913427956354,-7.509915783390736],[112.69926427956355,-7.509915783390736],[112.6994042795636,-7.509925783390764],[112.69957427956362,-7.5098057833907825],[112.69989427956354,-7.509585783390787],[112.70091427956365,-7.509185783390731],[112.70185427956362,-7.50881578339076],[112.70204427956362,-7.508745783390741],[112.70310427956358,-7.508795783390792],[112.7040642795636,-7.508835783390727],[112.70440427956358,-7.508825783390788],[112.70454427956352,-7.508745783390741],[112.70471427956356,-7.508555783390741],[112.70483427956363,-7.508475783390783],[112.70495427956352,-7.50849578339075],[112.70500427956367,-7.508235783390821],[112.70502427956363,-7.508085783390755],[112.70505427956363,-7.5079157833908114],[112.70508427956354,-7.507765783390746],[112.70510427956359,-7.5076157833907695],[112.70513427956358,-7.507465783390793],[112.70514427956361,-7.507395783390774],[112.70519427956357,-7.507255783390737],[112.70522427956357,-7.507165783390751],[112.70525427956356,-7.507095783390732],[112.70529427956359,-7.506965783390723],[112.70535427956358,-7.5068157833907465],[112.7053942795636,-7.506735783390789],[112.70548427956359,-7.506735783390789],[112.70557427956358,-7.506735783390789],[112.7056742795635,-7.506725783390761],[112.70575427956355,-7.506655783390831],[112.70595427956366,-7.506575783390784],[112.70623427956365,-7.506445783390775],[112.70641427956362,-7.506245783390747],[112.70649427956367,-7.506045783390808],[112.70678427956359,-7.505485783390747],[112.70706427956358,-7.505075783390752],[112.70713427956359,-7.504885783390752],[112.70719427956358,-7.504715783390719],[112.70727427956363,-7.504535783390748],[112.70734427956356,-7.50432578339078],[112.70742427956353,-7.504175783390715]]]},"properties":{"KDPPUM":"","NAMOBJ":"Kalisampurno","REMARK":"","KDPBPS":"","FCODE":"BA03060060","LUASWH":0,"UUPP":"","SRS_ID":"SRGI 2013","LCODE":"","METADATA":"","KDEBPS":"","KDEPUM":"","KDCBPS":"","KDCPUM":"","KDBBPS":"","KDBPUM":"","WADMKD":"Kalisampurno","WIADKD":"","WADMKC":"Tanggulangin","WIADKC":"","WADMKK":"Sidoarjo","WIADKK":"","WADMPR":"Jawa Timur","WIADPR":"","TIPADM":0,"SHAPE_Leng":0.05166161602,"SHAPE_Area":0.0000943095}},
{"type":"Feature","geometry":{"type":"Polygon","coordinates":[[[112.71475000000007,-7.512609999999951],[112.71480000000011,-7.512539999999932],[112.7148900000001,-7.5123799999999274],[112.71495000000009,-7.512219999999923],[112.71499000000003,-7.512079999999974],[112.71504000000007,-7.512009999999956],[112.71519000000005,-7.5116999999999745],[112.71526000000007,-7.511389999999993],[112.71528000000004,-7.511319999999975],[112.71532000000006,-7.511129999999975],[112.7153300000001,-7.510979999999998],[112.71544000000004,-7.510609999999938],[112.71560000000014,-7.5099999999999145],[112.71609,-7.508319999999999],[112.71620000000004,-7.507959999999967],[112.71630000000006,-7.507579999999967],[112.71637000000007,-7.507349999999944],[112.7164100000001,-7.5072099999999065],[112.71648000000003,-7.507019999999995],[112.71662000000006,-7.506639999999907],[112.71665000000006,-7.50648999999993],[112.71672,-7.506069999999996],[112.71677000000012,-7.505869999999968],[112.71686000000011,-7.505549999999959],[112.71693000000005,-7.505309999999996],[112.71697000000007,-7.505169999999959],[112.71702000000003,-7.50503000000001],[112.71710000000007,-7.504879999999945],[112.71617000000005,-7.50452999999994],[112.71600000000001,-7.504479999999978],[112.71554000000006,-7.504359999999997],[112.71526000000007,-7.504289999999978],[112.71355000000007,-7.503769999999941],[112.71297999999999,-7.503619999999964],[112.71264000000009,-7.5035399999999175],[112.71179000000011,-7.503309999999983],[112.71114000000016,-7.503109999999955],[112.71109000000001,-7.503239999999964],[112.71103000000002,-7.503419999999936],[112.71095000000007,-7.503579999999941],[112.7108400000001,-7.503799999999936],[112.71065000000011,-7.504049999999927],[112.7105200000001,-7.504209999999931],[112.71035000000006,-7.504409999999959],[112.71016000000007,-7.504559999999936],[112.71005000000002,-7.504549999999908],[112.70977000000003,-7.504589999999931],[112.70944000000009,-7.504679999999917],[112.70878000000002,-7.504699999999973],[112.70852,-7.504639999999982],[112.70825000000004,-7.504569999999964],[112.70810000000006,-7.50452999999994],[112.70800000000006,-7.504509999999884],[112.70757,-7.504419999999898],[112.70749000000004,-7.504569999999964],[112.70742000000011,-7.504779999999931],[112.70734000000006,-7.504959999999903],[112.70728000000007,-7.5051299999999355],[112.70721000000006,-7.505319999999935],[112.70693000000007,-7.5057299999999305],[112.70664000000015,-7.506289999999991],[112.7065600000001,-7.50648999999993],[112.70638000000012,-7.506689999999958],[112.70610000000013,-7.506819999999967],[112.70590000000003,-7.506900000000014],[112.70581999999997,-7.506969999999944],[112.70572000000006,-7.506979999999972],[112.70563000000007,-7.506979999999972],[112.70554000000008,-7.506979999999972],[112.70550000000006,-7.50705999999993],[112.70544000000007,-7.5072099999999065],[112.70540000000004,-7.507339999999916],[112.70537000000004,-7.507409999999934],[112.70534000000005,-7.50749999999992],[112.70529000000009,-7.507639999999958],[112.70528000000006,-7.507709999999976],[112.70525000000006,-7.507859999999953],[112.70523000000001,-7.5080099999999295],[112.7052000000001,-7.508159999999995],[112.70517000000011,-7.508329999999939],[112.70515000000015,-7.508480000000004],[112.7051,-7.508739999999934],[112.70514000000003,-7.508959999999929],[112.7052000000001,-7.509279999999938],[112.70528000000006,-7.509619999999915],[112.70536000000001,-7.509849999999938],[112.7054800000001,-7.510069999999933],[112.70560000000016,-7.510369999999975],[112.70570000000008,-7.510639999999933],[112.7058000000001,-7.5109099999999795],[112.70584000000012,-7.511009999999905],[112.70594000000004,-7.511019999999933],[112.70615000000011,-7.511029999999961],[112.70631000000002,-7.511049999999928],[112.70646000000008,-7.511089999999951],[112.70667999999999,-7.511139999999914],[112.70684000000008,-7.511169999999909],[112.70699000000006,-7.511189999999965],[112.70716,-7.511169999999909],[112.70734000000006,-7.511129999999975],[112.7075100000001,-7.511069999999984],[112.70763000000008,-7.511039999999989],[112.70777000000011,-7.511029999999961],[112.70795000000008,-7.511029999999961],[112.70814000000009,-7.511029999999961],[112.70837000000002,-7.511019999999933],[112.70852,-7.511019999999933],[112.70863000000013,-7.511009999999905],[112.70883000000006,-7.5109999999999655],[112.70915,-7.510989999999937],[112.70940000000007,-7.5109999999999655],[112.70968000000005,-7.511039999999989],[112.70994000000007,-7.511089999999951],[112.71013000000008,-7.511129999999975],[112.71029000000007,-7.511209999999933],[112.71048000000008,-7.511309999999947],[112.71063000000005,-7.5114199999999],[112.71089000000008,-7.511569999999965],[112.71113000000004,-7.511659999999951],[112.71144000000001,-7.511719999999942],[112.71180999999999,-7.511809999999928],[112.71207000000001,-7.511859999999979],[112.71239000000001,-7.5119000000000025],[112.71262000000004,-7.511929999999909],[112.71286000000009,-7.5119000000000025],[112.7130500000001,-7.511839999999923],[112.71325000000003,-7.511759999999965],[112.71347000000003,-7.511709999999914],[112.71361000000006,-7.511669999999979],[112.71377000000007,-7.511669999999979],[112.71387000000009,-7.5116999999999745],[112.71397,-7.511809999999928],[112.71408000000005,-7.511949999999965],[112.71422000000008,-7.512079999999974],[112.71436000000003,-7.512219999999923],[112.71475000000007,-7.512609999999951]]]},"properties":{"KDPPUM":"","NAMOBJ":"Kalitengah","REMARK":"","KDPBPS":"","FCODE":"BA03060060","LUASWH":0,"UUPP":"","SRS_ID":"SRGI 2013","LCODE":"","METADATA":"","KDEBPS":"","KDEPUM":"","KDCBPS":"","KDCPUM":"","KDBBPS":"","KDBPUM":"","WADMKD":"Kalitengah","WIADKD":"","WADMKC":"Tanggulangin","WIADKC":"","WADMKK":"Sidoarjo","WIADKK":"","WADMPR":"Jawa Timur","WIADPR":"","TIPADM":0,"SHAPE_Leng":0.03601816702,"SHAPE_Area":0.0000748956}},
{"type":"Feature","geometry":{"type":"Polygon","coordinates":[[[112.69688000000004,-7.497559999999934],[112.69681000000003,-7.497509999999972],[112.69676000000005,-7.497469999999948],[112.69642000000009,-7.49726999999992],[112.69609000000004,-7.497129999999972],[112.69551000000001,-7.496979999999995],[112.69466000000013,-7.496869999999953],[112.69424000000001,-7.496860000000014],[112.69401000000008,-7.496860000000014],[112.69369000000006,-7.496869999999953],[112.69363000000007,-7.496869999999953],[112.69271000000008,-7.496769999999939],[112.69199,-7.496689999999981],[112.69131000000006,-7.49663999999993],[112.69035000000011,-7.496539999999916],[112.69002000000008,-7.496529999999977],[112.6896200000001,-7.4964899999999535],[112.68943000000002,-7.496419999999935],[112.68862000000006,-7.497729999999967],[112.68848000000003,-7.497829999999981],[112.6881000000001,-7.49821999999992],[112.68757999999998,-7.4992599999999054],[112.68755000000007,-7.499329999999924],[112.68744000000004,-7.499399999999943],[112.68740000000001,-7.4994900000000175],[112.68733000000009,-7.499689999999957],[112.68744999999997,-7.499779999999943],[112.68770000000005,-7.499989999999999],[112.68786000000014,-7.500139999999975],[112.68805000000006,-7.500349999999942],[112.68822000000009,-7.500449999999956],[112.68858000000013,-7.50048999999998],[112.68900000000006,-7.500579999999966],[112.68906999999999,-7.500639999999956],[112.68910000000007,-7.501089999999975],[112.68911000000001,-7.501339999999965],[112.68913000000006,-7.501669999999914],[112.68915000000004,-7.5020499999999135],[112.68918000000012,-7.502539999999955],[112.68921000000012,-7.502979999999946],[112.68912000000013,-7.5031499999999784],[112.68906999999999,-7.503209999999969],[112.68895000000009,-7.503259999999932],[112.68863000000009,-7.503320000000011],[112.68833000000005,-7.503379999999913],[112.68772000000003,-7.503509999999922],[112.68599000000006,-7.503819999999992],[112.68540000000009,-7.5039500000000015],[112.68454000000007,-7.504179999999936],[112.68415999999999,-7.5043399999999405],[112.68368000000007,-7.504729999999968],[112.68342000000004,-7.505009999999954],[112.68280000000009,-7.505759999999926],[112.68307000000004,-7.505820000000005],[112.68304000000005,-7.50591999999993],[112.68285000000004,-7.5064199999999115],[112.68289000000007,-7.50661],[112.68303000000002,-7.50730999999992],[112.6830000000001,-7.50756],[112.68292000000007,-7.507749999999911],[112.68266000000004,-7.508149999999967],[112.68256000000012,-7.508349999999995],[112.68257000000006,-7.508489999999943],[112.68265000000011,-7.5086199999999526],[112.68280000000009,-7.5087099999999385],[112.68307000000004,-7.5088199999999805],[112.68368000000007,-7.509009999999892],[112.68393000000005,-7.509059999999943],[112.68402000000003,-7.509159999999957],[112.68417000000011,-7.5093099999999335],[112.68433000000002,-7.509349999999957],[112.68497000000004,-7.509359999999985],[112.68522000000011,-7.50938999999998],[112.68545000000005,-7.5094999999999335],[112.68592000000004,-7.509819999999943],[112.68625000000007,-7.5101099999999565],[112.68709000000003,-7.510439999999994],[112.68739000000008,-7.510480000000017],[112.68781000000001,-7.510480000000017],[112.68836000000013,-7.5103200000000125],[112.68897000000007,-7.510159999999919],[112.6892,-7.510259999999933],[112.68973000000007,-7.510739999999947],[112.69004000000004,-7.510849999999989],[112.69045000000004,-7.510919999999919],[112.69054000000003,-7.510919999999919],[112.69059000000007,-7.510559999999975],[112.69061000000013,-7.5103200000000125],[112.69067000000004,-7.509979999999947],[112.69072000000008,-7.509669999999966],[112.69077000000004,-7.509469999999938],[112.69087000000006,-7.509379999999952],[112.69103000000007,-7.509289999999966],[112.69131000000006,-7.509369999999924],[112.69184000000003,-7.50957999999998],[112.69226000000005,-7.509819999999943],[112.69302000000005,-7.5102099999999705],[112.69316,-7.510229999999938],[112.69379000000008,-7.510329999999952],[112.6944000000001,-7.5103200000000125],[112.69449000000009,-7.5103200000000125],[112.6945900000001,-7.509789999999947],[112.69482000000004,-7.509269999999999],[112.69514000000005,-7.5088199999999805],[112.69533000000004,-7.508559999999962],[112.69562000000006,-7.508079999999948],[112.6957000000001,-7.507749999999911],[112.69572000000008,-7.507659999999925],[112.69584000000006,-7.507069999999958],[112.69609000000004,-7.506409999999972],[112.69624000000012,-7.506139999999926],[112.69631000000004,-7.506009999999916],[112.69666000000005,-7.505579999999954],[112.69688000000004,-7.505389999999954],[112.69723000000013,-7.505190000000015],[112.69755000000005,-7.504959999999903],[112.69776000000002,-7.504589999999931],[112.69791000000009,-7.504429999999926],[112.69824000000004,-7.504179999999936],[112.69838000000007,-7.504079999999922],[112.69855000000011,-7.503969999999969],[112.69863000000007,-7.503909999999978],[112.69882000000007,-7.503819999999992],[112.69894000000014,-7.503779999999969],[112.69878000000004,-7.503689999999983],[112.69863000000007,-7.503419999999936],[112.69813000000008,-7.502659999999937],[112.69773000000012,-7.501889999999909],[112.69765000000007,-7.50174999999996],[112.69760000000011,-7.501699999999998],[112.69746000000006,-7.501469999999886],[112.69732000000012,-7.501299999999942],[112.69691000000013,-7.500799999999961],[112.69681000000003,-7.500609999999961],[112.69674000000009,-7.50035999999997],[112.69677,-7.500219999999933],[112.69672000000004,-7.5001699999999705],[112.69653000000004,-7.499979999999971],[112.69637000000012,-7.499769999999915],[112.6961700000001,-7.499559999999947],[112.69609000000004,-7.499439999999966],[112.69577000000004,-7.49897999999992],[112.69567000000002,-7.498820000000004],[112.6955700000001,-7.498639999999943],[112.69552000000013,-7.498489999999967],[112.69553000000008,-7.498419999999948],[112.69564000000003,-7.498419999999948],[112.6958900000001,-7.498419999999948],[112.69603000000005,-7.498410000000009],[112.69623,-7.498339999999901],[112.69634000000003,-7.498259999999943],[112.69653000000004,-7.498039999999948],[112.69678000000012,-7.497689999999944],[112.69688000000004,-7.497559999999934]]]},"properties":{"KDPPUM":"","NAMOBJ":"Kedensari","REMARK":"","KDPBPS":"","FCODE":"BA03060060","LUASWH":0,"UUPP":"","SRS_ID":"SRGI 2013","LCODE":"","METADATA":"","KDEBPS":"","KDEPUM":"","KDCBPS":"","KDCPUM":"","KDBBPS":"","KDBPUM":"","WADMKD":"Kedensari","WIADKD":"","WADMKC":"Tanggulangin","WIADKC":"","WADMKK":"Sidoarjo","WIADKK":"","WADMPR":"Jawa Timur","WIADPR":"","TIPADM":0,"SHAPE_Leng":0.057114687,"SHAPE_Area":0.00014006335}},
{"type":"Feature","geometry":{"type":"Polygon","coordinates":[[[112.74765000000004,-7.502499999999932],[112.74781000000004,-7.502169999999984],[112.74797000000005,-7.501799999999923],[112.74806000000004,-7.501549999999932],[112.7482100000001,-7.5010700000000075],[112.74832000000005,-7.50073999999997],[112.7484300000001,-7.5004299999999],[112.74823000000006,-7.500439999999928],[112.7478900000001,-7.500619999999989],[112.74759000000005,-7.500779999999994],[112.74724999999998,-7.500939999999998],[112.74660000000003,-7.501189999999989],[112.74611000000007,-7.501289999999914],[112.74585000000006,-7.501339999999965],[112.74556000000004,-7.501419999999923],[112.74508999999996,-7.5015699999999885],[112.74448000000004,-7.501679999999942],[112.74410000000012,-7.501789999999984],[112.74363999999998,-7.501919999999904],[112.74305000000003,-7.502079999999998],[112.74291000000007,-7.501959999999928],[112.7425700000001,-7.501639999999918],[112.74212000000007,-7.501229999999923],[112.74169000000002,-7.5008599999999515],[112.74133000000008,-7.500539999999942],[112.74099000000001,-7.500749999999909],[112.74065000000004,-7.500949999999937],[112.74022,-7.501249999999979],[112.73972,-7.5015599999999605],[112.73887000000002,-7.502029999999946],[112.73835000000007,-7.502379999999951],[112.73767000000012,-7.502819999999941],[112.73719000000001,-7.503039999999936],[112.73662000000002,-7.503419999999936],[112.73614000000009,-7.503730000000006],[112.73561000000002,-7.504019999999931],[112.73564000000012,-7.504209999999931],[112.73570000000011,-7.504459999999922],[112.7357900000001,-7.50471999999994],[112.73597000000007,-7.504969999999931],[112.73625999999999,-7.505249999999917],[112.73661000000008,-7.505529999999991],[112.73684000000002,-7.5057199999999025],[112.73720999999999,-7.505969999999893],[112.73767000000012,-7.506259999999907],[112.7379800000001,-7.5064299999999395],[112.73835000000007,-7.506759999999888],[112.73806000000006,-7.507579999999967],[112.7380400000001,-7.507709999999976],[112.73801,-7.507929999999972],[112.73779000000002,-7.507959999999967],[112.73729000000003,-7.507899999999976],[112.73690000000009,-7.507729999999944],[112.7365500000001,-7.507679999999981],[112.73645000000008,-7.50787999999992],[112.73645000000008,-7.5085099999999105],[112.73642000000008,-7.508749999999962],[112.73622000000015,-7.509429999999915],[112.73610000000006,-7.509690000000022],[112.73609000000013,-7.50995999999998],[112.73602000000002,-7.510570000000003],[112.73601000000008,-7.510730000000008],[112.73600000000015,-7.5108899999999235],[112.73596000000012,-7.51134999999997],[112.73602000000002,-7.511739999999998],[112.73716000000002,-7.511659999999951],[112.73742000000004,-7.51153999999997],[112.73794000000008,-7.511209999999933],[112.73809999999999,-7.5109999999999655],[112.73862000000013,-7.509989999999975],[112.73882000000006,-7.509780000000008],[112.73913999999998,-7.5096099999999755],[112.73919000000004,-7.50957999999998],[112.73965000000008,-7.509339999999929],[112.73989000000005,-7.509169999999896],[112.74012000000006,-7.509099999999966],[112.74039000000002,-7.509099999999966],[112.74102,-7.509109999999994],[112.74109000000011,-7.50907999999991],[112.74116000000005,-7.509049999999915],[112.74122000000013,-7.509029999999948],[112.74138000000005,-7.508969999999957],[112.74164000000006,-7.50888999999991],[112.74233999999998,-7.508669999999915],[112.74283000000003,-7.5085099999999105],[112.74312000000013,-7.508419999999925],[112.74374000000009,-7.508279999999976],[112.74414000000006,-7.508209999999957],[112.74465000000006,-7.50799999999999],[112.74481000000007,-7.507889999999948],[112.74494000000008,-7.507690000000009],[112.74506000000007,-7.507469999999925],[112.7452000000001,-7.5073199999999485],[112.74539000000001,-7.507259999999958],[112.74584000000003,-7.50730999999992],[112.74610000000004,-7.5073299999999765],[112.74628000000011,-7.50730999999992],[112.74644000000002,-7.507239999999991],[112.74659000000008,-7.507159999999944],[112.74667000000014,-7.50686999999993],[112.74668000000007,-7.506779999999944],[112.74667000000014,-7.506589999999944],[112.74664000000006,-7.506389999999916],[112.74656,-7.506200000000005],[112.74635000000004,-7.505909999999991],[112.74603000000003,-7.505309999999996],[112.74595000000006,-7.505009999999954],[112.74592000000007,-7.504629999999954],[112.7459600000001,-7.504240000000015],[112.74607000000005,-7.5038499999999875],[112.74620000000006,-7.503479999999927],[112.74632000000004,-7.50313999999995],[112.74661000000006,-7.502620000000002],[112.74670000000005,-7.50250999999996],[112.74681000000008,-7.502419999999974],[112.74709000000007,-7.502369999999923],[112.74733999999997,-7.502429999999913],[112.74765000000004,-7.502499999999932]]]},"properties":{"KDPPUM":"","NAMOBJ":"Kedungbanteng","REMARK":"","KDPBPS":"","FCODE":"BA03060060","LUASWH":0,"UUPP":"","SRS_ID":"SRGI 2013","LCODE":"","METADATA":"","KDEBPS":"","KDEPUM":"","KDCBPS":"","KDCPUM":"","KDBBPS":"","KDBPUM":"","WADMKD":"Kedungbanteng","WIADKD":"","WADMKC":"Tanggulangin","WIADKC":"","WADMKK":"Sidoarjo","WIADKK":"","WADMPR":"Jawa Timur","WIADPR":"","TIPADM":0,"SHAPE_Leng":0.0460397383,"SHAPE_Area":0.00007401295}},
{"type":"Feature","geometry":{"type":"Polygon","coordinates":[[[112.71475000000007,-7.512609999999951],[112.71436000000003,-7.512219999999923],[112.71422000000008,-7.512079999999974],[112.71408000000005,-7.511949999999965],[112.71397,-7.511809999999928],[112.71387000000009,-7.5116999999999745],[112.71377000000007,-7.511669999999979],[112.71361000000006,-7.511669999999979],[112.71347000000003,-7.511709999999914],[112.71325000000003,-7.511759999999965],[112.7130500000001,-7.511839999999923],[112.71286000000009,-7.5119000000000025],[112.71262000000004,-7.511929999999909],[112.71239000000001,-7.5119000000000025],[112.71207000000001,-7.511859999999979],[112.71180999999999,-7.511809999999928],[112.71144000000001,-7.511719999999942],[112.71113000000004,-7.511659999999951],[112.71089000000008,-7.511569999999965],[112.71063000000005,-7.5114199999999],[112.71048000000008,-7.511309999999947],[112.71046000000003,-7.511400000000021],[112.71043000000012,-7.511509999999975],[112.71031000000005,-7.511769999999993],[112.71028000000005,-7.511859999999979],[112.71023,-7.511999999999928],[112.71017000000009,-7.512139999999965],[112.70999000000003,-7.512639999999946],[112.70983000000003,-7.513049999999941],[112.70963000000009,-7.5135799999999175],[112.70942000000004,-7.514169999999973],[112.70918000000007,-7.514789999999936],[112.70895000000004,-7.515389999999931],[112.70865,-7.516169999999898],[112.70821000000002,-7.517319999999925],[112.70806000000005,-7.517719999999981],[112.70792000000009,-7.518129999999887],[112.70784999999998,-7.518309999999948],[112.70779000000009,-7.518479999999981],[112.70764000000011,-7.51886999999992],[112.70755000000013,-7.519129999999938],[112.70739999999996,-7.519529999999994],[112.70724000000006,-7.519989999999952],[112.70708000000005,-7.520409999999975],[112.70694,-7.520799999999914],[112.70686000000005,-7.5210299999999375],[112.70676000000003,-7.521289999999956],[112.70663000000003,-7.521639999999961],[112.70650000000002,-7.521979999999937],[112.70665000000008,-7.522009999999932],[112.70687000000008,-7.522119999999974],[112.70725000000007,-7.522289999999918],[112.70752000000003,-7.522329999999942],[112.70761000000002,-7.52233999999997],[112.70771000000003,-7.522049999999956],[112.70777000000011,-7.521909999999918],[112.70788000000007,-7.521859999999956],[112.70801000000007,-7.521889999999951],[112.70841000000004,-7.521989999999965],[112.70847999999998,-7.521779999999998],[112.70851000000006,-7.521679999999984],[112.7085900000001,-7.521489999999984],[112.70866000000004,-7.521969999999998],[112.70884000000001,-7.522509999999913],[112.71024000000011,-7.522929999999937],[112.71143000000008,-7.523289999999969],[112.71232000000009,-7.523509999999964],[112.71253000000006,-7.523560000000016],[112.7125500000001,-7.5237099999999035],[112.71389000000013,-7.524179999999978],[112.71396000000007,-7.523929999999988],[112.71432000000001,-7.522770000000021],[112.71441000000009,-7.5225199999999415],[112.71473,-7.522189999999993],[112.71499000000003,-7.522049999999956],[112.71531000000003,-7.521949999999942],[112.71633000000006,-7.522219999999988],[112.71673000000011,-7.522309999999974],[112.71841000000002,-7.522719999999969],[112.71860000000002,-7.522749999999965],[112.71981000000004,-7.522929999999937],[112.71992000000009,-7.522949999999993],[112.72067000000006,-7.523139999999993],[112.72071000000008,-7.522749999999965],[112.72103000000008,-7.5216199999999045],[112.72114000000013,-7.521180000000003],[112.72133000000004,-7.520459999999938],[112.72140000000006,-7.520109999999933],[112.72157,-7.519459999999976],[112.72193000000003,-7.518569999999967],[112.72199000000002,-7.518469999999953],[112.72193000000003,-7.518449999999985],[112.72255000000008,-7.5165499999998975],[112.72258000000008,-7.516349999999958],[112.72264000000007,-7.5159699999999585],[112.72252,-7.515949999999991],[112.7222700000001,-7.51589999999994],[112.72216000000006,-7.515879999999973],[112.72202000000001,-7.515849999999977],[112.72187000000004,-7.515809999999954],[112.72161000000003,-7.515739999999935],[112.72123000000012,-7.515639999999921],[112.7211000000001,-7.515599999999987],[112.72089999999999,-7.515529999999968],[112.7206900000001,-7.515459999999949],[112.72043000000009,-7.515419999999926],[112.72027,-7.515409999999987],[112.72020000000006,-7.515399999999959],[112.72001000000016,-7.5153699999999635],[112.71995000000008,-7.515359999999935],[112.71986,-7.51532999999994],[112.71973,-7.515299999999945],[112.71957000000008,-7.5152599999999214],[112.71950000000005,-7.515230000000015],[112.71933000000003,-7.515189999999992],[112.7192000000001,-7.515149999999968],[112.71894000000009,-7.51507999999995],[112.71884000000007,-7.515049999999954],[112.71871000000006,-7.515019999999959],[112.71858000000006,-7.514980000000024],[112.71840000000009,-7.514929999999973],[112.7183100000001,-7.514899999999978],[112.71822000000012,-7.514879999999922],[112.71803000000011,-7.514829999999959],[112.7179000000001,-7.514799999999964],[112.71775000000004,-7.514769999999968],[112.71766000000005,-7.514739999999973],[112.71752000000001,-7.514709999999978],[112.71729000000008,-7.514649999999987],[112.71710000000007,-7.514599999999936],[112.71690000000005,-7.514549999999973],[112.7168200000001,-7.514519999999978],[112.71673000000011,-7.514499999999922],[112.71643000000006,-7.514409999999936],[112.71648000000003,-7.514249999999931],[112.71666000000009,-7.51368999999996],[112.71676000000001,-7.513409999999974],[112.71678000000007,-7.513339999999955],[112.71645000000004,-7.513289999999904],[112.71617999999998,-7.513239999999941],[112.7158400000001,-7.513169999999922],[112.71549,-7.513039999999913],[112.71522999999999,-7.512889999999937],[112.71497000000015,-7.512749999999899],[112.71475000000007,-7.512609999999951]]]},"properties":{"KDPPUM":"","NAMOBJ":"Kedungbendo","REMARK":"","KDPBPS":"","FCODE":"BA03060060","LUASWH":0,"UUPP":"","SRS_ID":"SRGI 2013","LCODE":"","METADATA":"","KDEBPS":"","KDEPUM":"","KDCBPS":"","KDCPUM":"","KDBBPS":"","KDBPUM":"","WADMKD":"Kedungbendo","WIADKD":"","WADMKC":"Tanggulangin","WIADKC":"","WADMKK":"Sidoarjo","WIADKK":"","WADMPR":"Jawa Timur","WIADPR":"","TIPADM":0,"SHAPE_Leng":0.05107892186,"SHAPE_Area":0.0001277561}},
{"type":"Feature","geometry":{"type":"Polygon","coordinates":[[[112.7051,-7.508739999999934],[112.7049800000001,-7.5087199999999665],[112.70486000000004,-7.508799999999924],[112.70469,-7.508989999999924],[112.70455000000005,-7.509069999999971],[112.70421000000007,-7.50907999999991],[112.70325000000005,-7.509039999999976],[112.7021900000001,-7.508989999999924],[112.7020000000001,-7.509059999999943],[112.70106000000013,-7.509429999999915],[112.70004000000002,-7.509829999999971],[112.6997200000001,-7.510049999999966],[112.69955000000007,-7.510169999999947],[112.69941000000003,-7.510159999999919],[112.69928000000002,-7.510159999999919],[112.69919000000003,-7.510159999999919],[112.6989900000001,-7.510169999999947],[112.69893000000002,-7.510159999999919],[112.69891000000005,-7.5102999999999565],[112.69888000000006,-7.5104699999999],[112.69886000000008,-7.510579999999942],[112.69883,-7.510739999999947],[112.6988,-7.510879999999895],[112.69878000000004,-7.511039999999989],[112.69875000000005,-7.511189999999965],[112.69872000000014,-7.51134999999997],[112.69871000000002,-7.511409999999961],[112.6986400000001,-7.511449999999984],[112.69860000000007,-7.5114999999999466],[112.69856999999999,-7.511579999999993],[112.69851000000008,-7.511709999999914],[112.6984200000001,-7.511889999999974],[112.69838000000007,-7.511989999999988],[112.69836000000011,-7.512060000000007],[112.69829000000009,-7.5122899999999415],[112.6982300000001,-7.5124899999999695],[112.69813000000008,-7.512709999999965],[112.69799000000005,-7.513009999999918],[112.69792000000002,-7.513159999999983],[112.69789000000003,-7.513230000000002],[112.69786000000012,-7.513299999999932],[112.69778000000008,-7.513539999999983],[112.69774000000005,-7.513629999999969],[112.69768000000006,-7.51374999999995],[112.6974700000001,-7.513759999999978],[112.69725000000001,-7.513759999999978],[112.6971900000001,-7.514150000000006],[112.69688000000004,-7.515100000000006],[112.69676000000005,-7.5154800000000055],[112.69667000000007,-7.515689999999973],[112.69662000000002,-7.5157599999999025],[112.69698000000005,-7.515849999999977],[112.69753,-7.516039999999977],[112.69802000000004,-7.516239999999916],[112.69848,-7.516419999999888],[112.69895000000007,-7.516589999999921],[112.69949000000008,-7.516819999999944],[112.69990000000007,-7.517019999999972],[112.70022000000009,-7.517339999999892],[112.70056000000015,-7.517730000000009],[112.70090000000003,-7.5180399999999015],[112.70109000000004,-7.518219999999962],[112.7012400000001,-7.518309999999948],[112.70141000000004,-7.518439999999957],[112.70172000000002,-7.518689999999948],[112.70195000000005,-7.518879999999948],[112.70245000000011,-7.519209999999896],[112.70347000000005,-7.51987999999991],[112.70383000000008,-7.520109999999933],[112.70442000000004,-7.5204399999999705],[112.70516000000008,-7.52075999999998],[112.70535000000008,-7.520909999999956],[112.70566000000007,-7.5211299999999515],[112.70588000000005,-7.521299999999984],[112.70609000000002,-7.521469999999928],[112.70626999999999,-7.5216299999999325],[112.70639000000007,-7.521749999999914],[112.70650000000002,-7.521979999999937],[112.70663000000003,-7.521639999999961],[112.70676000000003,-7.521289999999956],[112.70686000000005,-7.5210299999999375],[112.70694,-7.520799999999914],[112.70708000000005,-7.520409999999975],[112.70724000000006,-7.519989999999952],[112.70739999999996,-7.519529999999994],[112.70755000000013,-7.519129999999938],[112.70764000000011,-7.51886999999992],[112.70779000000009,-7.518479999999981],[112.70784999999998,-7.518309999999948],[112.70792000000009,-7.518129999999887],[112.70806000000005,-7.517719999999981],[112.70821000000002,-7.517319999999925],[112.70865,-7.516169999999898],[112.70895000000004,-7.515389999999931],[112.70918000000007,-7.514789999999936],[112.70942000000004,-7.514169999999973],[112.70963000000009,-7.5135799999999175],[112.70983000000003,-7.513049999999941],[112.70999000000003,-7.512639999999946],[112.71017000000009,-7.512139999999965],[112.71023,-7.511999999999928],[112.71028000000005,-7.511859999999979],[112.71031000000005,-7.511769999999993],[112.71043000000012,-7.511509999999975],[112.71046000000003,-7.511400000000021],[112.71048000000008,-7.511309999999947],[112.71029000000007,-7.511209999999933],[112.71013000000008,-7.511129999999975],[112.70994000000007,-7.511089999999951],[112.70968000000005,-7.511039999999989],[112.70940000000007,-7.5109999999999655],[112.70915,-7.510989999999937],[112.70883000000006,-7.5109999999999655],[112.70863000000013,-7.511009999999905],[112.70852,-7.511019999999933],[112.70837000000002,-7.511019999999933],[112.70814000000009,-7.511029999999961],[112.70795000000008,-7.511029999999961],[112.70777000000011,-7.511029999999961],[112.70763000000008,-7.511039999999989],[112.7075100000001,-7.511069999999984],[112.70734000000006,-7.511129999999975],[112.70716,-7.511169999999909],[112.70699000000006,-7.511189999999965],[112.70684000000008,-7.511169999999909],[112.70667999999999,-7.511139999999914],[112.70646000000008,-7.511089999999951],[112.70631000000002,-7.511049999999928],[112.70615000000011,-7.511029999999961],[112.70594000000004,-7.511019999999933],[112.70584000000012,-7.511009999999905],[112.7058000000001,-7.5109099999999795],[112.70570000000008,-7.510639999999933],[112.70560000000016,-7.510369999999975],[112.7054800000001,-7.510069999999933],[112.70536000000001,-7.509849999999938],[112.70528000000006,-7.509619999999915],[112.7052000000001,-7.509279999999938],[112.70514000000003,-7.508959999999929],[112.7051,-7.508739999999934]]]},"properties":{"KDPPUM":"","NAMOBJ":"Ketapang","REMARK":"","KDPBPS":"","FCODE":"BA03060060","LUASWH":0,"UUPP":"","SRS_ID":"SRGI 2013","LCODE":"","METADATA":"","KDEBPS":"","KDEPUM":"","KDCBPS":"","KDCPUM":"","KDBBPS":"","KDBPUM":"","WADMKD":"Ketapang","WIADKD":"","WADMKC":"Tanggulangin","WIADKC":"","WADMKK":"Sidoarjo","WIADKK":"","WADMPR":"Jawa Timur","WIADPR":"","TIPADM":0,"SHAPE_Leng":0.0433429553,"SHAPE_Area":0.00010206835}},
{"type":"Feature","geometry":{"type":"Polygon","coordinates":[[[112.69410000000006,-7.490508616169814],[112.69406000000004,-7.490448616169735],[112.69406000000004,-7.490338616169781],[112.69410000000006,-7.490238616169767],[112.69416000000005,-7.4900486161697675],[112.69419999999998,-7.489918616169847],[112.69423000000008,-7.489828616169772],[112.69427000000009,-7.489718616169819],[112.69432000000006,-7.489608616169777],[112.69438000000005,-7.4894586161698005],[112.69443000000001,-7.4893686161698145],[112.69464000000006,-7.488848616169777],[112.69392000000009,-7.488598616169787],[112.69293000000006,-7.48826861616975],[112.69175000000004,-7.4878686161697825],[112.69185000000006,-7.487568616169741],[112.69126000000009,-7.4873786161698295],[112.69117000000001,-7.48731861616975],[112.69109000000006,-7.487258616169759],[112.69102000000012,-7.487208616169797],[112.69052000000015,-7.486888616169788],[112.69038000000002,-7.486788616169774],[112.6903100000001,-7.486738616169722],[112.69022000000011,-7.486638616169797],[112.68997000000003,-7.4863686161697505],[112.68982999999999,-7.485978616169811],[112.68979000000006,-7.485878616169797],[112.68974,-7.485818616169718],[112.6896800000001,-7.485758616169816],[112.68959000000002,-7.48566861616983],[112.6894900000001,-7.4857986161698395],[112.68940000000012,-7.485908616169793],[112.68928000000004,-7.485958616169755],[112.6892,-7.485958616169755],[112.68888000000008,-7.4857986161698395],[112.68852000000004,-7.4855786161697555],[112.68828000000008,-7.485558616169788],[112.68815000000008,-7.48554861616976],[112.68833000000005,-7.4863786161697785],[112.68802000000007,-7.486968616169834],[112.6879,-7.487298616169783],[112.68752000000008,-7.488218616169787],[112.68732000000014,-7.488758616169791],[112.68706000000013,-7.489408616169749],[112.68690000000004,-7.489818616169744],[112.6868000000001,-7.489778616169721],[112.68677000000002,-7.489898616169791],[112.68675000000006,-7.48996861616981],[112.68612000000006,-7.491528616169743],[112.6857500000001,-7.492438616169808],[112.68548000000014,-7.4930286161697754],[112.68463000000006,-7.494908616169807],[112.68456000000005,-7.495078616169751],[112.68519000000003,-7.495548616169826],[112.68537,-7.495658616169779],[112.68580000000006,-7.495768616169732],[112.68573000000004,-7.495878616169774],[112.68568000000008,-7.495948616169793],[112.68564000000005,-7.496008616169783],[112.68548000000014,-7.496008616169783],[112.6853100000001,-7.496008616169783],[112.68503000000011,-7.4965086161697645],[112.68472000000004,-7.497478616169731],[112.68467000000008,-7.49766861616982],[112.68469999999999,-7.49773861616975],[112.68490000000011,-7.497848616169792],[112.68481000000013,-7.498168616169801],[112.68469999999999,-7.498448616169787],[112.68467000000008,-7.498518616169806],[112.68462000000012,-7.498608616169792],[112.68459000000004,-7.4986886161697495],[112.68456000000005,-7.498758616169768],[112.68452000000002,-7.498838616169815],[112.68449000000011,-7.498898616169717],[112.68400000000007,-7.499928616169763],[112.68388000000009,-7.5001786161697535],[112.68365000000007,-7.500628616169772],[112.68316000000003,-7.501558616169804],[112.68293000000008,-7.50202861616979],[112.68223000000008,-7.503458616169803],[112.68202000000011,-7.503888616169766],[112.68197000000006,-7.504008616169747],[112.68190000000004,-7.50417861616978],[112.68203000000005,-7.50423861616977],[112.68235000000006,-7.5043586161697515],[112.68239000000008,-7.504408616169803],[112.68238000000005,-7.504488616169761],[112.6822400000001,-7.504838616169765],[112.6822400000001,-7.504958616169835],[112.6823000000001,-7.505138616169807],[112.68239000000008,-7.505278616169756],[112.68244000000004,-7.505658616169756],[112.68250000000003,-7.505728616169774],[112.68264000000008,-7.505698616169779],[112.68280000000009,-7.505688616169751],[112.68342000000004,-7.504938616169779],[112.68368000000007,-7.5046586161697935],[112.68415999999999,-7.504268616169766],[112.68454000000007,-7.504108616169761],[112.68540000000009,-7.5038786161698265],[112.68599000000006,-7.503748616169817],[112.68772000000003,-7.503438616169747],[112.68833000000005,-7.503308616169738],[112.68863000000009,-7.503248616169836],[112.68895000000009,-7.503188616169757],[112.68906999999999,-7.503138616169794],[112.68912000000013,-7.5030786161698035],[112.68921000000012,-7.502908616169771],[112.68918000000012,-7.5024686161697804],[112.68915000000004,-7.501978616169739],[112.68913000000006,-7.501598616169739],[112.68911000000001,-7.50126861616979],[112.68910000000007,-7.5010186161698],[112.68906999999999,-7.500568616169781],[112.68900000000006,-7.500508616169791],[112.68858000000013,-7.500418616169805],[112.68822000000009,-7.500378616169781],[112.68805000000006,-7.500278616169767],[112.68786000000014,-7.5000686161698],[112.68770000000005,-7.499918616169824],[112.68744999999997,-7.499708616169768],[112.68733000000009,-7.499618616169782],[112.68740000000001,-7.499418616169843],[112.68744000000004,-7.499328616169768],[112.68755000000007,-7.499258616169749],[112.68757999999998,-7.4991886161697305],[112.6881000000001,-7.498148616169745],[112.68848000000003,-7.497758616169806],[112.68862000000006,-7.497658616169792],[112.68943000000002,-7.49634861616976],[112.6896200000001,-7.496418616169779],[112.69002000000008,-7.496458616169802],[112.69035000000011,-7.496468616169741],[112.69131000000006,-7.496568616169755],[112.69199,-7.4966186161698065],[112.69271000000008,-7.496698616169764],[112.69363000000007,-7.496798616169778],[112.69369000000006,-7.496798616169778],[112.69401000000008,-7.496788616169839],[112.69424000000001,-7.496788616169839],[112.69466000000013,-7.496798616169778],[112.69551000000001,-7.49690861616982],[112.69609000000004,-7.497058616169797],[112.69642000000009,-7.4971986161697455],[112.69676000000005,-7.497398616169773],[112.69681000000003,-7.497438616169797],[112.69688000000004,-7.497488616169759],[112.69714000000015,-7.497168616169839],[112.69738000000011,-7.496988616169778],[112.69764000000013,-7.496888616169764],[112.69764000000013,-7.496828616169774],[112.69758000000004,-7.496818616169746],[112.69751000000012,-7.496778616169722],[112.6974100000001,-7.496748616169816],[112.69723000000013,-7.4967086161697924],[112.69711000000007,-7.496668616169769],[112.69667000000007,-7.496558616169727],[112.69653000000004,-7.496488616169797],[112.69648000000008,-7.496388616169783],[112.69650000000004,-7.496258616169774],[112.69651000000007,-7.496178616169816],[112.69653000000004,-7.495938616169765],[112.6964300000001,-7.495768616169732],[112.69634000000003,-7.495698616169802],[112.69620000000009,-7.495518616169742],[112.69612000000004,-7.4953286161698305],[112.69602000000012,-7.494878616169812],[112.69595000000001,-7.494398616169798],[112.69596000000004,-7.494028616169738],[112.6958900000001,-7.493938616169752],[112.69571000000005,-7.493808616169742],[112.69550000000008,-7.493608616169714],[112.69543000000006,-7.493448616169799],[112.69541000000001,-7.493278616169766],[112.69537000000007,-7.493178616169752],[112.69525000000009,-7.493058616169771],[112.69509000000008,-7.492978616169724],[112.69450000000003,-7.492058616169809],[112.69422000000013,-7.491368616169739],[112.69410000000006,-7.490508616169814]]]},"properties":{"KDPPUM":"","NAMOBJ":"Ketegan","REMARK":"","KDPBPS":"","FCODE":"BA03060060","LUASWH":0,"UUPP":"","SRS_ID":"SRGI 2013","LCODE":"","METADATA":"","KDEBPS":"","KDEPUM":"","KDCBPS":"","KDCPUM":"","KDBBPS":"","KDBPUM":"","WADMKD":"Ketegan","WIADKD":"","WADMKC":"Tanggulangin","WIADKC":"","WADMKK":"Sidoarjo","WIADKK":"","WADMPR":"Jawa Timur","WIADPR":"","TIPADM":0,"SHAPE_Leng":0.06600141778,"SHAPE_Area":0.0001217862}},
{"type":"Feature","geometry":{"type":"Polygon","coordinates":[[[112.70814000000009,-7.502099999999965],[112.70788000000007,-7.501990000000012],[112.70775000000006,-7.50193999999996],[112.70737000000005,-7.5017599999999],[112.70724000000006,-7.501699999999998],[112.70688000000011,-7.501549999999932],[112.70610000000013,-7.501289999999914],[112.70536000000001,-7.501109999999942],[112.70507000000009,-7.500999999999989],[112.70464000000004,-7.5007699999999655],[112.70401000000005,-7.500459999999984],[112.70372000000013,-7.50035999999997],[112.70287000000005,-7.50010999999998],[112.70246000000006,-7.499999999999938],[112.70201000000013,-7.499769999999915],[112.7006700000001,-7.499189999999976],[112.69985000000011,-7.498839999999971],[112.69963000000011,-7.498759999999924],[112.69930000000008,-7.498649999999971],[112.69894000000014,-7.498539999999929],[112.69847000000006,-7.4983799999999246],[112.69772000000009,-7.498119999999995],[112.69748999999997,-7.498030000000009],[112.6970600000001,-7.497729999999967],[112.69694000000003,-7.49758999999993],[112.69688000000004,-7.497559999999934],[112.69678000000012,-7.497689999999944],[112.69653000000004,-7.498039999999948],[112.69634000000003,-7.498259999999943],[112.69623,-7.498339999999901],[112.69603000000005,-7.498410000000009],[112.6958900000001,-7.498419999999948],[112.69564000000003,-7.498419999999948],[112.69553000000008,-7.498419999999948],[112.69552000000013,-7.498489999999967],[112.6955700000001,-7.498639999999943],[112.69567000000002,-7.498820000000004],[112.69577000000004,-7.49897999999992],[112.69609000000004,-7.499439999999966],[112.6961700000001,-7.499559999999947],[112.69637000000012,-7.499769999999915],[112.69653000000004,-7.499979999999971],[112.69672000000004,-7.5001699999999705],[112.69677,-7.500219999999933],[112.69674000000009,-7.50035999999997],[112.69681000000003,-7.500609999999961],[112.69691000000013,-7.500799999999961],[112.69732000000012,-7.501299999999942],[112.69746000000006,-7.501469999999886],[112.69760000000011,-7.501699999999998],[112.69765000000007,-7.50174999999996],[112.69773000000012,-7.501889999999909],[112.69813000000008,-7.502659999999937],[112.69863000000007,-7.503419999999936],[112.69878000000004,-7.503689999999983],[112.69894000000014,-7.503779999999969],[112.69913000000004,-7.503789999999997],[112.69933000000007,-7.503879999999983],[112.69941000000003,-7.503909999999978],[112.6997500000001,-7.504159999999969],[112.69990000000007,-7.50427999999995],[112.70008000000004,-7.504369999999936],[112.70024000000005,-7.50440000000002],[112.70094000000006,-7.504309999999945],[112.70140000000002,-7.504179999999936],[112.70174000000009,-7.504059999999955],[112.70193000000008,-7.5039500000000015],[112.70256000000008,-7.503499999999983],[112.70274000000005,-7.503409999999997],[112.70298000000001,-7.503369999999974],[112.70347000000005,-7.503449999999932],[112.70517000000011,-7.5038600000000155],[112.70568000000003,-7.504009999999903],[112.70592000000008,-7.504079999999922],[112.70633000000008,-7.504159999999969],[112.70648000000006,-7.504189999999964],[112.70757,-7.504419999999898],[112.70800000000006,-7.504509999999884],[112.70810000000006,-7.50452999999994],[112.70825000000004,-7.504569999999964],[112.70852,-7.504639999999982],[112.70878000000002,-7.504699999999973],[112.70944000000009,-7.504679999999917],[112.70977000000003,-7.504589999999931],[112.71005000000002,-7.504549999999908],[112.71016000000007,-7.504559999999936],[112.71035000000006,-7.504409999999959],[112.7105200000001,-7.504209999999931],[112.71065000000011,-7.504049999999927],[112.7108400000001,-7.503799999999936],[112.71095000000007,-7.503579999999941],[112.71103000000002,-7.503419999999936],[112.71109000000001,-7.503239999999964],[112.71114000000016,-7.503109999999955],[112.71070000000007,-7.502979999999946],[112.71063000000005,-7.5029599999999785],[112.71034000000013,-7.502859999999965],[112.70985000000009,-7.502669999999965],[112.70921000000007,-7.502459999999909],[112.70871000000008,-7.502299999999904],[112.70814000000009,-7.502099999999965]]]},"properties":{"KDPPUM":"","NAMOBJ":"Kludan","REMARK":"","KDPBPS":"","FCODE":"BA03060060","LUASWH":0,"UUPP":"","SRS_ID":"SRGI 2013","LCODE":"","METADATA":"","KDEBPS":"","KDEPUM":"","KDCBPS":"","KDCPUM":"","KDBBPS":"","KDBPUM":"","WADMKD":"Kludan","WIADKD":"","WADMKC":"Tanggulangin","WIADKC":"","WADMKK":"Sidoarjo","WIADKK":"","WADMPR":"Jawa Timur","WIADPR":"","TIPADM":0,"SHAPE_Leng":0.03716506266,"SHAPE_Area":0.00004946605}},
{"type":"Feature","geometry":{"type":"Polygon","coordinates":[[[112.71338138383028,-7.499836205389931],[112.71287138383019,-7.49959620538988],[112.71179138383017,-7.4992862053898985],[112.71151138383019,-7.499146205389861],[112.71068138383026,-7.4986862053899035],[112.71009138383029,-7.49838620538995],[112.7099013838302,-7.498316205389843],[112.70975138383022,-7.498286205389848],[112.70960138383025,-7.498256205389941],[112.70956138383023,-7.498376205389922],[112.70920138383029,-7.499306205389866],[112.70899138383022,-7.499556205389945],[112.70894138383026,-7.499626205389875],[112.70868138383015,-7.49996620538994],[112.70860138383028,-7.50009620538995],[112.70826138383022,-7.500716205389912],[112.70823138383022,-7.50085620538986],[112.70823138383022,-7.500966205389902],[112.70823138383022,-7.501116205389879],[112.70823138383022,-7.501206205389865],[112.70823138383022,-7.501306205389879],[112.70823138383022,-7.5014662053898835],[112.7082213838302,-7.501886205389907],[112.70821138383026,-7.502076205389907],[112.70878138383026,-7.502276205389846],[112.70928138383024,-7.50243620538985],[112.70992138383026,-7.502646205389906],[112.7104113838303,-7.502836205389906],[112.71070138383023,-7.50293620538992],[112.71077138383025,-7.5029562053898875],[112.71121138383033,-7.503086205389897],[112.71186138383028,-7.503286205389925],[112.71271138383027,-7.503516205389859],[112.71305138383016,-7.503596205389906],[112.71362138383024,-7.5037462053898825],[112.71533138383025,-7.50426620538992],[112.71561138383024,-7.504336205389938],[112.71607138383018,-7.5044562053899195],[112.71624138383022,-7.504506205389882],[112.71717138383025,-7.504856205389887],[112.7174413838302,-7.504956205389901],[112.71795138383023,-7.505206205389891],[112.71800138383018,-7.5052362053898865],[112.71847138383026,-7.505446205389854],[112.7186713838302,-7.505496205389905],[112.7190913838303,-7.505486205389877],[112.71976138383023,-7.505396205389891],[112.71998138383023,-7.5053462053899285],[112.72082138383027,-7.505396205389891],[112.72120138383019,-7.505546205389956],[112.72178138383022,-7.5057362053898675],[112.72220138383032,-7.505796205389947],[112.72354138383018,-7.505696205389844],[112.7244713838302,-7.505886205389933],[112.72544138383026,-7.506136205389923],[112.72555138383022,-7.505726205389928],[112.72560138383027,-7.505516205389872],[112.72564138383021,-7.505356205389868],[112.72567138383029,-7.505176205389896],[112.72571138383032,-7.504976205389868],[112.72622138383024,-7.503246205389901],[112.72631138383022,-7.502896205389897],[112.7264613838302,-7.502446205389878],[112.72637138383021,-7.502386205389888],[112.72630138383028,-7.502336205389925],[112.72591138383025,-7.502296205389902],[112.72562138383033,-7.5022562053898785],[112.72526138383029,-7.502196205389888],[112.72513138383029,-7.50218620538986],[112.7249413838302,-7.502176205389921],[112.72461138383025,-7.502136205389897],[112.72430138383018,-7.502106205389902],[112.72423138383024,-7.502096205389874],[112.72417138383017,-7.502066205389879],[112.72419138383022,-7.501976205389893],[112.72420138383025,-7.501846205389883],[112.72425138383021,-7.501596205389893],[112.7243113838302,-7.501316205389907],[112.7245313838302,-7.501056205389888],[112.72406138383022,-7.501026205389893],[112.7235813838302,-7.501026205389893],[112.72303138383026,-7.500996205389898],[112.72231138383019,-7.500926205389879],[112.72123138383027,-7.500646205389893],[112.72113138383025,-7.500616205389898],[112.72103138383024,-7.500646205389893],[112.72091138383026,-7.500796205389959],[112.7207313838302,-7.501056205389888],[112.72047138383019,-7.501446205389827],[112.72018138383025,-7.501836205389944],[112.71981138383029,-7.502416205389883],[112.71957138383023,-7.502806205389911],[112.71946138383028,-7.502736205389892],[112.71925138383023,-7.502616205389911],[112.71894138383024,-7.502526205389836],[112.71838138383028,-7.5023762053899485],[112.71797138383027,-7.502136205389897],[112.71743138383027,-7.501886205389907],[112.7168413838303,-7.501646205389855],[112.71643138383023,-7.501446205389827],[112.71631138383025,-7.501386205389926],[112.71602138383022,-7.50123620538986],[112.7152213838303,-7.500686205389917],[112.71391138383017,-7.500156205389851],[112.71366138383027,-7.500056205389926],[112.71356138383025,-7.4999762053898795],[112.71338138383028,-7.499836205389931]]]},"properties":{"KDPPUM":"","NAMOBJ":"Ngaban","REMARK":"","KDPBPS":"","FCODE":"BA03060060","LUASWH":0,"UUPP":"","SRS_ID":"SRGI 2013","LCODE":"","METADATA":"","KDEBPS":"","KDEPUM":"","KDCBPS":"","KDCPUM":"","KDBBPS":"","KDBPUM":"","WADMKD":"Ngaban","WIADKD":"","WADMKC":"Tanggulangin","WIADKC":"","WADMKK":"Sidoarjo","WIADKK":"","WADMPR":"Jawa Timur","WIADPR":"","TIPADM":0,"SHAPE_Leng":0.04657984956,"SHAPE_Area":0.0000667808}},
{"type":"Feature","geometry":{"type":"Polygon","coordinates":[[[112.76692138947571,-7.520419631813519],[112.76676138947579,-7.520489631813449],[112.76657138947579,-7.520629631813486],[112.76618138947576,-7.521209631813514],[112.76571138947587,-7.5219396318135185],[112.76548138947575,-7.522219631813504],[112.76523138947576,-7.522409631813504],[112.76507138947576,-7.522469631813495],[112.7648613894758,-7.522459631813556],[112.76459138947584,-7.522369631813481],[112.76443138947575,-7.522269631813556],[112.76433138947581,-7.5221296318135185],[112.76427138947582,-7.521889631813556],[112.76427138947582,-7.521619631813509],[112.76449138947574,-7.520899631813533],[112.76474138947582,-7.520199631813524],[112.76484138947573,-7.519699631813454],[112.7649913894758,-7.519069631813464],[112.76511138947578,-7.518649631813529],[112.76519138947583,-7.518009631813511],[112.76520138947576,-7.5177596318135205],[112.76484138947573,-7.517639631813539],[112.7648613894758,-7.516729631813474],[112.76487138947581,-7.516039631813493],[112.76488138947576,-7.515439631813498],[112.76484138947573,-7.514939631813517],[112.76473138947578,-7.514759631813545],[112.7644213894758,-7.514479631813559],[112.76417138947572,-7.514299631813499],[112.76400138947587,-7.514109631813499],[112.76328138947581,-7.513819631813485],[112.76310138947584,-7.5139896318135175],[112.76298138947575,-7.514129631813555],[112.76292138947586,-7.514239631813508],[112.76288138947584,-7.514799631813569],[112.76289138947577,-7.515049631813559],[112.76275138947582,-7.515249631813498],[112.7621113894758,-7.515129631813517],[112.76188138947569,-7.514439631813536],[112.76171138947583,-7.514069631813475],[112.76152138947575,-7.513829631813513],[112.76139138947583,-7.51371963181356],[112.76121138947586,-7.513679631813536],[112.7610913894758,-7.513699631813504],[112.76083138947577,-7.513899631813532],[112.76063138947583,-7.514139631813494],[112.76034138947573,-7.514899631813494],[112.76023138947578,-7.515179631813568],[112.76003138947574,-7.515489631813461],[112.75975138947577,-7.515769631813535],[112.75947138947578,-7.515979631813503],[112.75927138947584,-7.516059631813549],[112.7589413894758,-7.5160696318134885],[112.75852138947577,-7.515939631813479],[112.75750138947576,-7.515449631813526],[112.75699138947584,-7.51523963181347],[112.75689138947583,-7.515219631813503],[112.7568213894758,-7.51422963181348],[112.75679138947572,-7.514059631813536],[112.75683138947575,-7.51365963181348],[112.75687138947576,-7.512949631813532],[112.75686138947583,-7.512349631813537],[112.75691138947579,-7.511359631813514],[112.75718138947575,-7.510839631813477],[112.75662138947587,-7.510759631813519],[112.75623138947574,-7.51062963181351],[112.75611138947576,-7.510619631813482],[112.75599138947578,-7.510659631813505],[112.75591138947583,-7.510789631813514],[112.75583138947579,-7.511019631813538],[112.75546138947581,-7.5114496318135],[112.75529138947577,-7.511599631813565],[112.75493138947574,-7.511749631813453],[112.75462138947576,-7.511839631813528],[112.75445138947573,-7.511839631813528],[112.75417138947574,-7.511739631813514],[112.75375138947581,-7.511619631813533],[112.7533013894758,-7.511469631813556],[112.75305138947571,-7.511499631813463],[112.75275138947585,-7.511549631813514],[112.75263138947578,-7.511509631813491],[112.75244138947578,-7.511399631813537],[112.75212138947586,-7.5112096318135375],[112.75176138947583,-7.510989631813542],[112.75089138947578,-7.5108796318135],[112.7506113894758,-7.510859631813533],[112.75024138947583,-7.510839631813477],[112.75013138947587,-7.510839631813477],[112.74940138947578,-7.510839631813477],[112.74922138947572,-7.51081963181351],[112.74910138947583,-7.511049631813533],[112.74887138947581,-7.511539631813486],[112.74878138947582,-7.511779631813537],[112.74861138947578,-7.512199631813472],[112.74845138947578,-7.512619631813495],[112.74813138947577,-7.513419631813518],[112.74791138947577,-7.5138896318135036],[112.74737138947577,-7.5138896318135036],[112.74693138947569,-7.513899631813532],[112.74650138947582,-7.513909631813471],[112.74584138947574,-7.513919631813499],[112.74474138947576,-7.513949631813494],[112.74401138947586,-7.513949631813494],[112.74359138947574,-7.513949631813494],[112.7433913894758,-7.513949631813494],[112.7428513894758,-7.5138796318134755],[112.7424413894758,-7.513799631813518],[112.74202138947578,-7.513799631813518],[112.74189138947585,-7.51378963181349],[112.74112138947574,-7.513759631813494],[112.74094138947576,-7.513839631813541],[112.74084138947576,-7.513959631813522],[112.7407313894758,-7.514289631813471],[112.74050138947587,-7.514819631813536],[112.74042138947583,-7.515099631813522],[112.74031138947578,-7.515629631813498],[112.74013138947572,-7.516329631813507],[112.73998138947574,-7.516989631813493],[112.73975138947581,-7.517139631813558],[112.73934138947581,-7.517259631813539],[112.73864138947572,-7.517489631813474],[112.7383513894758,-7.517569631813521],[112.7379713894757,-7.517629631813511],[112.73764138947575,-7.5176696318135345],[112.7373113894758,-7.51769963181353],[112.73714138947577,-7.51769963181353],[112.7371213894758,-7.517789631813516],[112.73709138947581,-7.517899631813469],[112.73705138947578,-7.518009631813511],[112.7369013894758,-7.5184696318135575],[112.73640138947583,-7.519919631813538],[112.73622138947586,-7.520569631813496],[112.7360113894758,-7.521019631813514],[112.73613138947587,-7.521059631813538],[112.73648138947578,-7.521199631813486],[112.73747138947572,-7.521519631813495],[112.73757138947582,-7.5215496318135795],[112.73789138947583,-7.521629631813537],[112.73796138947576,-7.521649631813505],[112.73803138947578,-7.521669631813561],[112.73850138947577,-7.521749631813519],[112.73896138947572,-7.521819631813537],[112.73925138947583,-7.521849631813533],[112.73950138947573,-7.5218296318134765],[112.73973138947584,-7.521779631813514],[112.74061138947573,-7.5219296318134905],[112.74094138947576,-7.521999631813509],[112.74126138947587,-7.522069631813528],[112.74172138947583,-7.5220596318135],[112.74257138947581,-7.5218696318135],[112.74264138947574,-7.521849631813533],[112.74311138947581,-7.521809631813509],[112.7439913894758,-7.521899631813495],[112.74550138947586,-7.5219396318135185],[112.74695138947584,-7.5218296318134765],[112.74725138947588,-7.521819631813537],[112.74766138947578,-7.521859631813472],[112.74812138947583,-7.521899631813495],[112.74823138947579,-7.521919631813551],[112.74823138947579,-7.5221296318135185],[112.74834138947583,-7.522489631813462],[112.74851138947587,-7.5227296318135135],[112.74878138947582,-7.522989631813532],[112.74882138947575,-7.523039631813495],[112.7492513894758,-7.5226296318134995],[112.74946138947585,-7.522399631813476],[112.74962138947578,-7.522239631813472],[112.75012138947575,-7.521729631813551],[112.75024138947583,-7.521519631813495],[112.75059138947583,-7.5215496318135795],[112.75093138947572,-7.521569631813458],[112.7509913894758,-7.5214396318135375],[112.75165138947578,-7.5214896318135],[112.75209138947578,-7.521499631813528],[112.75243138947584,-7.5214396318135375],[112.75287138947574,-7.521369631813519],[112.75322138947574,-7.5214396318135375],[112.75691138947579,-7.520559631813557],[112.75710138947579,-7.520509631813505],[112.75730138947581,-7.520459631813543],[112.75776138947577,-7.520359631813529],[112.75803138947582,-7.520189631813496],[112.75821138947579,-7.520029631813491],[112.75836138947577,-7.519869631813487],[112.75846138947587,-7.5197396318134775],[112.75857138947583,-7.519619631813496],[112.75892138947583,-7.519729631813538],[112.75924138947585,-7.519969631813501],[112.75955138947582,-7.520079631813454],[112.75971138947574,-7.520149631813473],[112.75991138947586,-7.520309631813566],[112.75998138947578,-7.520459631813543],[112.76012138947573,-7.520609631813519],[112.76068138947579,-7.520869631813449],[112.76102138947577,-7.5210296318134535],[112.76136138947584,-7.521209631813514],[112.76159138947577,-7.5213496318135515],[112.7618913894758,-7.521619631813509],[112.76208138947581,-7.5218296318134765],[112.76225138947585,-7.521999631813509],[112.76230138947581,-7.5221296318135185],[112.76262138947581,-7.5225296318134856],[112.76287138947572,-7.522859631813523],[112.76306138947581,-7.523119631813453],[112.76314138947576,-7.523209631813527],[112.76345138947575,-7.5234196318134945],[112.76372138947579,-7.523539631813476],[112.76406138947577,-7.523679631813513],[112.76454138947587,-7.523869631813513],[112.76629138947571,-7.524159631813527],[112.76637138947576,-7.523899631813508],[112.76659138947576,-7.523599631813555],[112.76710138947577,-7.52306963181349],[112.76742138947587,-7.522739631813453],[112.76766138947583,-7.522409631813504],[112.76782138947574,-7.5220396318135325],[112.76793138947579,-7.521569631813458],[112.76794138947581,-7.521289631813472],[112.7679013894758,-7.521069631813477],[112.76775138947582,-7.520779631813463],[112.76757138947585,-7.520559631813557],[112.76739138947578,-7.5204396318134865],[112.76719138947576,-7.520379631813496],[112.76702138947581,-7.520379631813496],[112.76692138947571,-7.520419631813519]]]},"properties":{"KDPPUM":"","NAMOBJ":"Penatarsewu","REMARK":"","KDPBPS":"","FCODE":"BA03060060","LUASWH":0,"UUPP":"","SRS_ID":"SRGI 2013","LCODE":"","METADATA":"","KDEBPS":"","KDEPUM":"","KDCBPS":"","KDCPUM":"","KDBBPS":"","KDBPUM":"","WADMKD":"Penatarsewu","WIADKD":"","WADMKC":"Tanggulangin","WIADKC":"","WADMKK":"Sidoarjo","WIADKK":"","WADMPR":"Jawa Timur","WIADPR":"","TIPADM":0,"SHAPE_Leng":0.09531926761,"SHAPE_Area":0.00022593275}},
{"type":"Feature","geometry":{"type":"Polygon","coordinates":[[[112.73561000000002,-7.504019999999931],[112.73519000000009,-7.503719999999889],[112.73458000000007,-7.503309999999983],[112.73400999999998,-7.502940000000011],[112.73349000000003,-7.502559999999923],[112.73305999999998,-7.5022599999999695],[112.73270000000004,-7.50200999999989],[112.73227000000007,-7.501679999999942],[112.73182000000006,-7.50130999999997],[112.73146000000011,-7.501039999999923],[112.73112000000005,-7.500989999999961],[112.73071000000006,-7.500949999999937],[112.73011000000005,-7.500919999999942],[112.72957000000005,-7.500899999999975],[112.72898000000009,-7.500910000000003],[112.72825000000009,-7.50092999999997],[112.72762000000009,-7.500999999999989],[112.7273700000001,-7.501059999999979],[112.72722000000013,-7.501079999999947],[112.72714000000008,-7.501089999999975],[112.72701000000006,-7.501109999999942],[112.72646000000013,-7.501129999999909],[112.72614000000011,-7.501149999999965],[112.72557000000003,-7.50111999999997],[112.72510000000013,-7.501099999999914],[112.72483000000008,-7.501079999999947],[112.72446000000002,-7.501079999999947],[112.72424000000002,-7.501339999999965],[112.72418000000003,-7.501619999999951],[112.72413000000007,-7.501869999999942],[112.72412000000004,-7.501999999999951],[112.72409999999999,-7.502089999999937],[112.72416000000007,-7.502119999999932],[112.72423,-7.50212999999996],[112.72454000000008,-7.5021599999999555],[112.72487000000002,-7.502199999999979],[112.72506000000011,-7.502209999999918],[112.72519000000011,-7.502219999999946],[112.72555000000015,-7.502279999999937],[112.72584000000008,-7.50231999999996],[112.7262300000001,-7.5023599999999835],[112.72630000000004,-7.502409999999946],[112.72639000000002,-7.502469999999937],[112.72624000000005,-7.502919999999955],[112.72615000000006,-7.50326999999996],[112.72564000000014,-7.504999999999926],[112.72560000000011,-7.505199999999954],[112.72557000000003,-7.505379999999926],[112.72553000000009,-7.505539999999931],[112.72548000000005,-7.505749999999987],[112.72537000000008,-7.506159999999982],[112.72560000000011,-7.506219999999972],[112.72627000000013,-7.50623],[112.72665000000003,-7.506329999999926],[112.72726000000014,-7.506569999999977],[112.72774000000007,-7.506789999999972],[112.72830000000013,-7.50705999999993],[112.72885000000008,-7.5073199999999485],[112.72938000000015,-7.507449999999958],[112.73046000000015,-7.507820000000018],[112.7306000000001,-7.5080299999999855],[112.73080999999998,-7.5085099999999105],[112.73080999999998,-7.508769999999929],[112.73088000000008,-7.509439999999943],[112.73097000000007,-7.509619999999915],[112.73125000000006,-7.510139999999952],[112.73147999999999,-7.510459999999961],[112.73168000000011,-7.510739999999947],[112.73203000000002,-7.511079999999923],[112.73234000000001,-7.511309999999947],[112.73258000000006,-7.511379999999965],[112.7330700000001,-7.511459999999923],[112.73400999999998,-7.511579999999993],[112.73445000000007,-7.511650000000012],[112.73530999999998,-7.511739999999998],[112.73602000000002,-7.511739999999998],[112.73596000000012,-7.51134999999997],[112.73600000000015,-7.5108899999999235],[112.73601000000008,-7.510730000000008],[112.73602000000002,-7.510570000000003],[112.73609000000013,-7.50995999999998],[112.73610000000006,-7.509690000000022],[112.73622000000015,-7.509429999999915],[112.73642000000008,-7.508749999999962],[112.73645000000008,-7.5085099999999105],[112.73645000000008,-7.50787999999992],[112.7365500000001,-7.507679999999981],[112.73690000000009,-7.507729999999944],[112.73729000000003,-7.507899999999976],[112.73779000000002,-7.507959999999967],[112.73801,-7.507929999999972],[112.7380400000001,-7.507709999999976],[112.73806000000006,-7.507579999999967],[112.73835000000007,-7.506759999999888],[112.7379800000001,-7.5064299999999395],[112.73767000000012,-7.506259999999907],[112.73720999999999,-7.505969999999893],[112.73684000000002,-7.5057199999999025],[112.73661000000008,-7.505529999999991],[112.73625999999999,-7.505249999999917],[112.73597000000007,-7.504969999999931],[112.7357900000001,-7.50471999999994],[112.73570000000011,-7.504459999999922],[112.73564000000012,-7.504209999999931],[112.73561000000002,-7.504019999999931]]]},"properties":{"KDPPUM":"","NAMOBJ":"Putat","REMARK":"","KDPBPS":"","FCODE":"BA03060060","LUASWH":0,"UUPP":"","SRS_ID":"SRGI 2013","LCODE":"","METADATA":"","KDEBPS":"","KDEPUM":"","KDCBPS":"","KDCPUM":"","KDBBPS":"","KDBPUM":"","WADMKD":"Putat","WIADKD":"","WADMKC":"Tanggulangin","WIADKC":"","WADMKK":"Sidoarjo","WIADKK":"","WADMPR":"Jawa Timur","WIADPR":"","TIPADM":0,"SHAPE_Leng":0.04354981941,"SHAPE_Area":0.0000822024}},
{"type":"Feature","geometry":{"type":"Polygon","coordinates":[[[112.68668294610075,-7.490215002047143],[112.68661294610064,-7.4901850020472365],[112.68635294610071,-7.490115002047218],[112.6858429461007,-7.490145002047213],[112.68556294610072,-7.4900850020472225],[112.68533294610069,-7.489995002047237],[112.68474294610073,-7.489775002047241],[112.6845129461007,-7.489745002047157],[112.68401294610072,-7.489705002047223],[112.68355294610068,-7.489635002047204],[112.6829929461007,-7.489465002047171],[112.68251294610069,-7.489235002047237],[112.68179294610063,-7.489225002047209],[112.68142294610065,-7.489145002047251],[112.68078294610072,-7.488855002047237],[112.68036294610079,-7.488675002047176],[112.67971294610065,-7.488435002047214],[112.67949294610065,-7.488285002047237],[112.67930294610066,-7.488155002047228],[112.67894294610072,-7.4879050020472375],[112.67873294610065,-7.487875002047153],[112.67809294610063,-7.487835002047219],[112.67782294610068,-7.487755002047172],[112.67763294610069,-7.487585002047228],[112.6773229461007,-7.487295002047214],[112.67702294610066,-7.487015002047229],[112.67689294610074,-7.486955002047238],[112.67670294610065,-7.486985002047233],[112.6764029461007,-7.487015002047229],[112.6761529461007,-7.4869950020471725],[112.6748829461007,-7.490455002047194],[112.67455294610075,-7.491505002047208],[112.6743429461007,-7.492145002047226],[112.67414294610076,-7.492795002047184],[112.67400294610063,-7.492775002047217],[112.67383294610077,-7.492825002047179],[112.67353294610074,-7.4929750020472445],[112.67322294610067,-7.493185002047212],[112.67303294610075,-7.493275002047198],[112.67289294610072,-7.493285002047226],[112.67274294610064,-7.493245002047202],[112.67267294610072,-7.493475002047226],[112.67233294610065,-7.494635002047192],[112.67218294610068,-7.4951450020472015],[112.6718429461007,-7.495965002047192],[112.67177294610067,-7.49616500204722],[112.67167294610076,-7.49641500204721],[112.67154294610074,-7.496775002047243],[112.67140294610071,-7.497145002047215],[112.67132294610074,-7.497385002047177],[112.67125294610064,-7.4976150020472],[112.67119294610075,-7.497905002047214],[112.67114294610069,-7.498115002047181],[112.67107294610067,-7.498455002047158],[112.6699429461007,-7.498265002047247],[112.66962294610069,-7.500365002047185],[112.66924294610078,-7.500505002047222],[112.66898294610067,-7.50052500204719],[112.66875294610074,-7.500485002047255],[112.66865294610072,-7.500465002047199],[112.66866294610075,-7.500655002047199],[112.66866294610075,-7.500765002047241],[112.66865294610072,-7.501315002047185],[112.66859294610065,-7.5018150020472545],[112.6684829461007,-7.503125002047198],[112.66883294610078,-7.503075002047235],[112.66915294610071,-7.503075002047235],[112.66954294610065,-7.503075002047235],[112.6702629461007,-7.503055002047179],[112.67121294610062,-7.503035002047212],[112.67201294610064,-7.503025002047184],[112.67281294610066,-7.503025002047184],[112.67376294610067,-7.503035002047212],[112.67442294610073,-7.503035002047212],[112.67521294610064,-7.503035002047212],[112.67568294610072,-7.503035002047212],[112.67582294610075,-7.503035002047212],[112.67707294610071,-7.503065002047207],[112.67798294610068,-7.5030950020472025],[112.67895294610065,-7.503125002047198],[112.67971294610065,-7.503145002047254],[112.68021294610064,-7.503135002047226],[112.68062294610063,-7.5030950020472025],[112.68081294610072,-7.50323500204724],[112.6809029461007,-7.503285002047202],[112.6809329461007,-7.503465002047174],[112.68083294610068,-7.503955002047216],[112.6808729461007,-7.504145002047216],[112.68095294610076,-7.504265002047197],[112.68111294610067,-7.5043850020471785],[112.68132294610072,-7.504445002047169],[112.68178294610068,-7.504615002047202],[112.6818529461007,-7.504445002047169],[112.68190294610075,-7.504325002047188],[112.68211294610072,-7.5038950020472255],[112.68281294610073,-7.502465002047212],[112.68304294610067,-7.501995002047226],[112.68353294610071,-7.501065002047194],[112.68376294610073,-7.500615002047176],[112.68388294610071,-7.500365002047185],[112.68437294610075,-7.499335002047139],[112.68440294610066,-7.499275002047237],[112.68444294610069,-7.49919500204719],[112.68447294610068,-7.499125002047172],[112.68450294610076,-7.499045002047214],[112.68455294610072,-7.498955002047228],[112.68458294610063,-7.498885002047209],[112.68469294610077,-7.498605002047223],[112.68478294610075,-7.498285002047214],[112.68458294610063,-7.498175002047172],[112.68455294610072,-7.498105002047242],[112.68460294610068,-7.497915002047153],[112.68491294610075,-7.496945002047187],[112.68519294610074,-7.4964450020472055],[112.68536294610078,-7.4964450020472055],[112.68552294610069,-7.4964450020472055],[112.68556294610072,-7.496385002047215],[112.68561294610068,-7.496315002047196],[112.6856829461007,-7.496205002047154],[112.68525294610065,-7.496095002047201],[112.68507294610068,-7.495985002047248],[112.68444294610069,-7.495515002047173],[112.6845129461007,-7.495345002047229],[112.68536294610078,-7.493465002047198],[112.68563294610074,-7.492875002047231],[112.6860029461007,-7.4919650020471655],[112.6866329461007,-7.490405002047232],[112.68665294610066,-7.490335002047213],[112.68668294610075,-7.490215002047143]]]},"properties":{"KDPPUM":"","NAMOBJ":"Randegan","REMARK":"","KDPBPS":"","FCODE":"BA03060060","LUASWH":0,"UUPP":"","SRS_ID":"SRGI 2013","LCODE":"","METADATA":"","KDEBPS":"","KDEPUM":"","KDCBPS":"","KDCPUM":"","KDBBPS":"","KDBPUM":"","WADMKD":"Randegan","WIADKD":"","WADMKC":"Tanggulangin","WIADKC":"","WADMKK":"Sidoarjo","WIADKK":"","WADMPR":"Jawa Timur","WIADPR":"","TIPADM":0,"SHAPE_Leng":0.0627668825,"SHAPE_Area":0.0001888695}},
{"type":"Feature","geometry":{"type":"Polygon","coordinates":[[[112.74869000000002,-7.522549999999937],[112.7486500000001,-7.522499999999974],[112.74838000000014,-7.522239999999956],[112.7482100000001,-7.521999999999904],[112.74810000000006,-7.521639999999961],[112.74810000000006,-7.521429999999993],[112.7479900000001,-7.521409999999937],[112.74753000000005,-7.521369999999914],[112.74712000000015,-7.521329999999979],[112.74682000000011,-7.521339999999919],[112.74537000000014,-7.521449999999961],[112.74386000000007,-7.521409999999937],[112.74298000000009,-7.521319999999951],[112.74251000000001,-7.521359999999975],[112.74244000000009,-7.521379999999942],[112.7415900000001,-7.521569999999942],[112.74113000000014,-7.52157999999997],[112.74081000000004,-7.521509999999951],[112.74048,-7.521439999999933],[112.73960000000011,-7.521289999999956],[112.73937000000001,-7.521339999999919],[112.7391200000001,-7.521359999999975],[112.73883,-7.521329999999979],[112.73837000000005,-7.521259999999961],[112.73790000000005,-7.521180000000003],[112.73783000000003,-7.521159999999947],[112.73776000000011,-7.5211399999999795],[112.73744000000009,-7.521060000000022],[112.73733999999999,-7.5210299999999375],[112.73635000000006,-7.520709999999928],[112.73600000000015,-7.52056999999998],[112.73588000000008,-7.520529999999956],[112.73582000000009,-7.520669999999905],[112.73552000000004,-7.521489999999984],[112.73543000000005,-7.5217199999999185],[112.73525000000008,-7.522189999999993],[112.73520000000012,-7.522359999999937],[112.73517000000004,-7.5224199999999275],[112.73570000000011,-7.522569999999993],[112.73631000000013,-7.5227299999999975],[112.73538000000009,-7.524239999999969],[112.735,-7.52511999999995],[112.73463999999997,-7.52618999999993],[112.73439000000008,-7.5266999999999395],[112.73411000000009,-7.527419999999916],[112.73406000000013,-7.527559999999953],[112.73385000000006,-7.528169999999976],[112.73379000000007,-7.52833999999992],[112.73359000000005,-7.528940000000004],[112.7334800000001,-7.529449999999924],[112.73343000000013,-7.529749999999966],[112.73329000000001,-7.530999999999919],[112.73322000000007,-7.531739999999951],[112.73396000000002,-7.532109999999923],[112.73425000000012,-7.532259999999988],[112.73506000000009,-7.532680000000012],[112.73615000000004,-7.53307999999989],[112.73656000000003,-7.533169999999965],[112.7368100000001,-7.533220000000016],[112.73704000000014,-7.533209999999899],[112.7373500000001,-7.533239999999983],[112.73771000000015,-7.533269999999979],[112.73803000000007,-7.533339999999997],[112.7383900000001,-7.533429999999983],[112.73883,-7.533549999999964],[112.73919000000004,-7.533619999999894],[112.73967999999998,-7.533739999999964],[112.74041000000008,-7.533879999999913],[112.7411800000001,-7.5340599999999736],[112.74172000000011,-7.534179999999955],[112.74225,-7.534289999999908],[112.74287999999999,-7.534429999999945],[112.74340000000002,-7.534529999999959],[112.7440600000001,-7.534669999999908],[112.74452000000005,-7.534759999999983],[112.74477000000005,-7.534800000000006],[112.74502000000004,-7.5348499999999685],[112.74521000000004,-7.534770000000011],[112.74572000000005,-7.53395999999996],[112.7461500000001,-7.533369999999904],[112.74647000000002,-7.532869999999923],[112.74666000000002,-7.532550000000002],[112.74683000000005,-7.53224999999996],[112.74702000000005,-7.531829999999937],[112.74768000000003,-7.53041999999998],[112.74807000000007,-7.5298900000000035],[112.74819000000005,-7.529629999999985],[112.74825000000013,-7.529489999999948],[112.74828000000004,-7.52927999999998],[112.74825000000013,-7.529049999999957],[112.74775000000014,-7.52726],[112.7476700000001,-7.526269999999977],[112.74765000000004,-7.525919999999973],[112.74763000000007,-7.525389999999996],[112.74762000000014,-7.524429999999969],[112.74772000000006,-7.523609999999978],[112.74787000000003,-7.523289999999969],[112.74819000000005,-7.522939999999965],[112.74851000000005,-7.522669999999918],[112.74857000000004,-7.522629999999895],[112.74869000000002,-7.522549999999937]]]},"properties":{"KDPPUM":"","NAMOBJ":"Sentul","REMARK":"","KDPBPS":"","FCODE":"BA03060060","LUASWH":0,"UUPP":"","SRS_ID":"SRGI 2013","LCODE":"","METADATA":"","KDEBPS":"","KDEPUM":"","KDCBPS":"","KDCPUM":"","KDBBPS":"","KDBPUM":"","WADMKD":"Sentul","WIADKD":"","WADMKC":"Tanggulangin","WIADKC":"","WADMKK":"Sidoarjo","WIADKK":"","WADMPR":"Jawa Timur","WIADPR":"","TIPADM":0,"SHAPE_Leng":0.05259738373,"SHAPE_Area":0.0001645194}}
]}