{
"type": "FeatureCollection",
"name": "kdkec_090",
"crs": { "type": "name", "properties": { "name": "urn:ogc:def:crs:OGC:1.3:CRS84" } },
"xy_coordinate_resolution": 1e-15,
"features": [
{"type":"Feature","properties":{"kdkab":"15","kdkec":"090","nmkab":"SIDOARJO","nmkec":"WONOAYU","kddesa":"002","kdprov":"35","nmdesa":"POPOH","nmprov":"JAWA TIMUR","iddesa":"3515090002"},"geometry":{"type":"MultiPolygon","coordinates":[[[[112.61369,-7.44859],[112.61368941,-7.44859004999997],[112.61353351,-7.44860361],[112.613494057,-7.44860704299998],[112.61348306,-7.448608],[112.61346,-7.44861],[112.613447661,-7.44861093099998],[112.61293,-7.44865],[112.6128,-7.44866],[112.6127,-7.44867],[112.61266534,-7.44867451999995],[112.612660710724995,-7.44867512383895],[112.612508467818003,-7.44843180788379],[112.612510963598993,-7.44843173451903],[112.612397087074996,-7.44825819004736],[112.612344671535993,-7.44824144694658],[112.612384746819998,-7.44811804411171],[112.612487378644005,-7.44788587324178],[112.612577424177005,-7.44771925293757],[112.61257736,-7.44771909],[112.61258092,-7.44770973999995],[112.61259233,-7.44764623999992],[112.612643356,-7.44750133199994],[112.612789281,-7.44708691899995],[112.61293973,-7.44665965999996],[112.61309063,-7.44626017999998],[112.61309113,-7.44625839999996],[112.61312782,-7.44613],[112.61313782,-7.44606],[112.61329859,-7.44563692199995],[112.61332782,-7.44556],[112.61335782,-7.44548],[112.61352135,-7.44502054999997],[112.61353572,-7.44496713999996],[112.61358753,-7.44481442999995],[112.6136508,-7.44463282000002],[112.61369197,-7.44452442999992],[112.61370485,-7.44448689999996],[112.61370712,-7.44448027999993],[112.61377623,-7.44433680999996],[112.61383568,-7.44419991999995],[112.61387904,-7.44410584999995],[112.61389154,-7.44408309999996],[112.613916636,-7.444029475],[112.61391845,-7.44402559999993],[112.613938396,-7.44395385399994],[112.61394557,-7.44392804999994],[112.61394681,-7.44392362000001],[112.61394648,-7.44392352999995],[112.61402127,-7.44363684999997],[112.61409782,-7.44326],[112.61422782,-7.44266],[112.61432782,-7.44213],[112.61434782,-7.44201],[112.61436782,-7.44192],[112.614371957,-7.44187862499993],[112.61437782,-7.44182],[112.614394023,-7.44176328999992],[112.61441782,-7.44168],[112.61455782,-7.44102],[112.61479782,-7.43977],[112.61489782,-7.43926],[112.61502782,-7.43859],[112.61507782,-7.43832],[112.61510069,-7.43818278999992],[112.615106105,-7.43815510599993],[112.61510878,-7.43814142999994],[112.61510993,-7.43814015000002],[112.61510999,-7.43814007999993],[112.61511001,-7.43813999],[112.61511022,-7.43813955999997],[112.61511203,-7.43814012999998],[112.6152659,-7.43816885000001],[112.615266,-7.43816885999996],[112.61526932,-7.43816932999994],[112.61532929,-7.43818191999998],[112.615329451,-7.43818892699996],[112.6153333,-7.43835627999994],[112.61592587,-7.43850293999996],[112.61628146,-7.43860111],[112.61669812,-7.43871236999995],[112.61717805,-7.43887815999997],[112.6175271,-7.43901340999995],[112.61783848,-7.43911091999997],[112.61795903,-7.43914866999995],[112.61803667,-7.43918316999996],[112.61810061,-7.43920382999993],[112.6181006,-7.43920393999995],[112.61811264,-7.43920775],[112.6181281,-7.4392108399999],[112.61839424,-7.43927846999995],[112.61865057,-7.43933736999995],[112.61903342,-7.43944643999991],[112.61921885,-7.43948898],[112.61927817,-7.43949924699996],[112.619625971,-7.43958448199994],[112.619840048,-7.439617308],[112.620175437,-7.43964014299994],[112.620251078,-7.43964727799992],[112.620254245,-7.43964789199991],[112.621056717,-7.43980334499997],[112.621068855,-7.43980569599997],[112.621412807,-7.43986706499995],[112.621469894,-7.43987134699994],[112.621977637,-7.43988668399991],[112.622367593,-7.439898463],[112.622754361,-7.43991130799996],[112.622824293,-7.43992415199996],[112.622862219,-7.43993541699996],[112.622968438,-7.439966968],[112.623056924,-7.43998694899993],[112.623463672,-7.44003975399995],[112.623958905,-7.44007686099997],[112.624070225,-7.44009255999991],[112.62443273,-7.44013965700002],[112.6246254,-7.44016820099995],[112.624735294,-7.44019531799993],[112.624869551,-7.44024949899996],[112.625049119,-7.44032196699994],[112.625088165,-7.44031700699997],[112.625417845,-7.44029274499995],[112.625516321,-7.44029559999997],[112.625542702,-7.44030017199996],[112.62560513,-7.44021039699993],[112.625604767,-7.44021025599996],[112.62592541,-7.43973691999995],[112.625935166,-7.43972328799992],[112.626147413,-7.43942671199994],[112.62625482,-7.43927662999993],[112.62631372,-7.43915663999997],[112.62634208,-7.43911737999994],[112.62638571,-7.43910428999992],[112.62647079,-7.43913046999996],[112.62652615,-7.43913836999997],[112.62654714,-7.43914136999997],[112.62661477,-7.43913482999993],[112.62665404,-7.43909555999992],[112.6267403,-7.43891017999997],[112.62680675,-7.43873950999996],[112.62681178,-7.43872660099993],[112.62681192,-7.43872623999995],[112.62681221,-7.43872549],[112.62690165,-7.43875982999996],[112.62704868,-7.43885756999989],[112.62728102,-7.43899827999996],[112.62750244,-7.43915316999994],[112.627938717,-7.43944967399992],[112.62794648,-7.43945494999995],[112.628155272965301,-7.439587468296497],[112.628267821040751,-7.439659130555826],[112.62892512,-7.44005840999997],[112.62906024,-7.44014486999995],[112.62926748,-7.44026702999998],[112.62954017,-7.44040009999995],[112.62974666,-7.44046504999994],[112.62979704,-7.44048088999995],[112.62991261,-7.44048046999997],[112.629925821,-7.44048042099996],[112.63002046,-7.44048007],[112.63014663,-7.44049827],[112.6302131,-7.44050034999998],[112.629691413,-7.441674898],[112.62965401,-7.44175911],[112.629636269,-7.44179113799992],[112.62963624,-7.44179118999996],[112.630132309159549,-7.442076296825443],[112.630036579994837,-7.442154291041053],[112.629884568531054,-7.442127298351223],[112.629921505896093,-7.442017906924018],[112.629873203187969,-7.441995176237846],[112.629802169793678,-7.442091781654079],[112.6296004349539,-7.442088940318308],[112.62954929091002,-7.442135822358538],[112.629455685,-7.44230988799997],[112.62945091,-7.44232028599991],[112.62924111,-7.44277706399993],[112.62911481,-7.44297941599993],[112.628951842,-7.44317497799996],[112.628677512,-7.44349412499997],[112.628570224,-7.44362314099994],[112.628567045,-7.44363671999998],[112.628490098,-7.44396537499993],[112.62841133,-7.44428587899997],[112.628395731,-7.44431039199996],[112.628278239,-7.44449502199993],[112.628077245,-7.44471231299996],[112.628064424,-7.44472009799992],[112.627963167,-7.44478157500001],[112.627677972,-7.44482639099995],[112.627437594,-7.44485898499994],[112.627193478,-7.44488201499995],[112.627005728,-7.44489972699997],[112.626715101,-7.44496219799991],[112.626695632,-7.44496795599995],[112.62665225,-7.44498078799993],[112.626522255,-7.44501923699992],[112.626029276,-7.44513331499994],[112.625930305,-7.44515423999996],[112.625938193,-7.44531594599996],[112.625915908,-7.44532280299993],[112.62590529,-7.44532606999995],[112.62586,-7.44534],[112.62582895,-7.44535746999998],[112.6257,-7.44543],[112.62554,-7.44558],[112.6253,-7.44588],[112.625,-7.44613],[112.624990547,-7.446135672],[112.62495,-7.44616],[112.62472,-7.44644],[112.62461,-7.44657],[112.62458405,-7.44660027999994],[112.624571366,-7.44661507599992],[112.62455,-7.44664],[112.624534855,-7.44662864299996],[112.62452021,-7.44661765999996],[112.624510135308185,-7.44661010347948],[112.62447,-7.44658],[112.62442,-7.44655],[112.624375191,-7.446505191],[112.62435,-7.44648],[112.62419765,-7.44634941399993],[112.62414,-7.4463],[112.624097,-7.44624839999996],[112.62409,-7.44624],[112.62399,-7.44615],[112.623959387,-7.44611758699994],[112.62382,-7.44597],[112.6237,-7.44578],[112.6236,-7.44563],[112.623464775,-7.44552181999994],[112.62345,-7.44551],[112.6234398,-7.44550591999998],[112.62330662,-7.44545264999994],[112.6233,-7.44545],[112.62313063,-7.44550210999994],[112.62304,-7.44553],[112.622955189,-7.44554884699995],[112.62295,-7.44555],[112.6228,-7.4456],[112.62269,-7.4456],[112.62245,-7.44546],[112.62231,-7.44534],[112.62221,-7.44525],[112.62205,-7.44511],[112.621961610677729,-7.445063205652916],[112.62188,-7.44502],[112.62171,-7.44499],[112.62131,-7.44509],[112.62099,-7.44527],[112.620938713,-7.44531196199994],[112.62088,-7.44536],[112.620874121,-7.44536529099997],[112.62061765,-7.44559611399992],[112.62059581,-7.44561576999996],[112.62058,-7.44563],[112.62038,-7.44577],[112.62015,-7.44587],[112.619950838,-7.44588731799997],[112.61992,-7.44589],[112.61968647,-7.44590843999993],[112.61954,-7.44592],[112.61922,-7.446],[112.61896,-7.44612],[112.61879,-7.44625],[112.61869,-7.44636],[112.61867884,-7.44637115999995],[112.618653224,-7.44639677599994],[112.618589885,-7.44646011499997],[112.6185,-7.44655],[112.61794,-7.44702],[112.61758,-7.44725],[112.61725,-7.44742],[112.61702,-7.44756],[112.61659,-7.44806],[112.6165,-7.44821],[112.61645,-7.44829],[112.61633,-7.44848],[112.61617,-7.44864],[112.61603,-7.44874],[112.61574,-7.44876],[112.61567,-7.44876],[112.61553864,-7.44876972999996],[112.615507647,-7.44877202299995],[112.61549336,-7.44877307999996],[112.6154,-7.44878],[112.61518,-7.44878],[112.61478,-7.4487],[112.61468976,-7.44868280999998],[112.614578211,-7.44866155999996],[112.61457548,-7.44866103999995],[112.61436,-7.44862],[112.614,-7.4486],[112.61369,-7.44859]]]]}},
{"type":"Feature","properties":{"kdkab":"15","kdkec":"090","nmkab":"SIDOARJO","nmkec":"WONOAYU","kddesa":"009","kdprov":"35","nmdesa":"PLOSO","nmprov":"JAWA TIMUR","iddesa":"3515090009"},"geometry":{"type":"MultiPolygon","coordinates":[[[[112.64253649,-7.43909546999991],[112.64251209,-7.43914764999996],[112.64240028,-7.43937397999995],[112.64233048,-7.43952640999995],[112.64228821,-7.43960930999998],[112.64225392,-7.43968261000001],[112.6422411,-7.43971],[112.64223725,-7.43972038999994],[112.64223715,-7.43972035999996],[112.64216298,-7.4398927],[112.64204081,-7.44010757999996],[112.64198464,-7.44022319999994],[112.64191755,-7.44034045999993],[112.64184338,-7.44049861999996],[112.64180139,-7.44060878999995],[112.64174658,-7.44073639999993],[112.64174155,-7.44074968999995],[112.64172801,-7.44078544999998],[112.6417174,-7.44081347999997],[112.64171181,-7.44082825000001],[112.641706,-7.44084798999998],[112.64170598,-7.44084806999998],[112.641701325,-7.44084664099994],[112.63789841,-7.43967907999996],[112.63787738,-7.43967261999997],[112.637886393,-7.43964953399995],[112.636269434,-7.438893592],[112.636347938,-7.43879141299992],[112.636069402,-7.43874275299994],[112.635483806,-7.43856153699995],[112.635363138,-7.43843932099998],[112.63544026,-7.43838872999991],[112.63565678,-7.43831291999993],[112.63583893,-7.43827582999995],[112.63596655,-7.43822020999993],[112.63606799,-7.43816784999996],[112.63615416,-7.43808603999996],[112.63621961,-7.43802931999995],[112.63628833,-7.43790824999998],[112.63640397,-7.43762120999996],[112.63517,-7.43732],[112.633680365,-7.436903898],[112.633686007,-7.436878347999929],[112.633950934,-7.435678679999981],[112.63404953,-7.43548001999998],[112.63420769,-7.43514951999992],[112.63432986,-7.43490301],[112.63432996,-7.43490305999994],[112.63433547,-7.434886909999911],[112.63433553,-7.43488692999997],[112.634463745,-7.43462740399998],[112.63446727,-7.43462026999992],[112.63446848,-7.43461781999998],[112.63472687,-7.43409670999994],[112.63474268,-7.43404871999998],[112.63486048,-7.43363858999995],[112.63525097,-7.43244748999995],[112.635579467,-7.43146202699996],[112.63558693,-7.43143963999997],[112.63559003,-7.43142543999994],[112.63559014,-7.43142546999996],[112.6361743,-7.42974024999994],[112.63650278,-7.42879212999998],[112.636297276,-7.428693492],[112.637325331,-7.42572860199989],[112.637350507,-7.42574081599998],[112.637378147,-7.42571729299996],[112.638684838,-7.42614018199992],[112.638690429,-7.42614199099998],[112.63869187,-7.42613912999997],[112.63869247,-7.42613792999993],[112.63876797,-7.42616093999998],[112.63900984,-7.42623728999996],[112.63926481,-7.42631745999995],[112.63951241,-7.426396],[112.63981918,-7.42649226],[112.64020667,-7.42664087000002],[112.64051372,-7.42674886000002],[112.64085894,-7.42687265999998],[112.64116544,-7.42698336999993],[112.6411655,-7.42698373],[112.64120362,-7.42699727999997],[112.6413191,-7.42703980999991],[112.64136682,-7.42706135999991],[112.6414609,-7.42710170999995],[112.64151162,-7.42712052999995],[112.64176795,-7.42721105999992],[112.6419062,-7.42725986999995],[112.64202727,-7.42729749999997],[112.64214726,-7.42733431999995],[112.64239649,-7.42741093999996],[112.64254668,-7.42745770999993],[112.64278218,-7.42752861],[112.64269224,-7.42753493999993],[112.64258208,-7.42768327999994],[112.6422603,-7.42815557999995],[112.64190363,-7.42865731999995],[112.64188738,-7.42869936999995],[112.64185,-7.42875],[112.64179,-7.42891],[112.64177,-7.42909],[112.64176585,-7.42914810999998],[112.641756266,-7.42928233099998],[112.64175531,-7.42929571999996],[112.64185243,-7.42936248999997],[112.641996981,-7.42944032999998],[112.64202259,-7.42945411999994],[112.64224487,-7.42953928999998],[112.64225601,-7.42954355999998],[112.64242617,-7.42957409999997],[112.64283847,-7.42970062999995],[112.64332276,-7.42972461999995],[112.64338513,-7.42972838999997],[112.64375688,-7.42975079999997],[112.643792256,-7.42975279899995],[112.64414301,-7.4297726199999],[112.64457713,-7.42985114999993],[112.64496762,-7.42998640999998],[112.64521413,-7.43010638999993],[112.64547373,-7.43029617999998],[112.64593621,-7.43048160999995],[112.64613036,-7.43054486999993],[112.64651431,-7.43058195999993],[112.646644682,-7.43060463399996],[112.64632866,-7.43220793699992],[112.646384751,-7.432232244],[112.646359484,-7.432310151],[112.64643318,-7.43234173499995],[112.646419209,-7.43234941899992],[112.646391068,-7.43236489699997],[112.64628263,-7.43300078699998],[112.646582678,-7.43308922199997],[112.64669173248258,-7.433146882999863],[112.646720068,-7.43316186499994],[112.646876058,-7.4332893609999],[112.64686735,-7.43332852999995],[112.646847236,-7.43337953199996],[112.64683681,-7.43340596999998],[112.64677573,-7.43354885999994],[112.646735528,-7.43363255999998],[112.64675782,-7.43373705499992],[112.646845185,-7.43381675599994],[112.646900362,-7.43393630699991],[112.646993091,-7.43412348999995],[112.646993605,-7.43413478999997],[112.64710073,-7.43417039000001],[112.64710091,-7.43417113999991],[112.64725143,-7.43422785999998],[112.64740414,-7.43427148999996],[112.64760047,-7.43429984999993],[112.64775754,-7.43430639],[112.64781862,-7.43433692999996],[112.64789061,-7.43436964999996],[112.64796479,-7.43439582999998],[112.648052897,-7.43440479099996],[112.64809349,-7.43440891999997],[112.64816767,-7.43442200999995],[112.64822732,-7.43442534999997],[112.64822688,-7.43442828999996],[112.64822615,-7.43443318999996],[112.64822525,-7.43443920999996],[112.64823577,-7.43453387999995],[112.64822486,-7.43460804999992],[112.64816378,-7.43469313],[112.64810488,-7.43478474999996],[112.64805034,-7.43497017999993],[112.648047172,-7.4349802479999],[112.64802224,-7.43505947999994],[112.647878,-7.43551773999998],[112.64782784,-7.43566106999998],[112.64774057,-7.43591040999998],[112.64757041,-7.43641216],[112.6474177,-7.43686481999995],[112.64740822,-7.436893],[112.64730645,-7.43719531999991],[112.64722137,-7.43744401],[112.64718323,-7.43755279999995],[112.64714173,-7.43767117999993],[112.64705087,-7.437959],[112.64663,-7.4378],[112.64655055,-7.43777043999998],[112.64654337,-7.43780995999996],[112.64654401,-7.43781063999997],[112.64650696,-7.43809597999997],[112.64647093,-7.43837346999996],[112.64646409,-7.43842089],[112.64646038,-7.43844660999996],[112.64646006,-7.43845589999995],[112.6464599,-7.43845583999995],[112.64636162,-7.438418],[112.64635631,-7.43841494999996],[112.64610774,-7.43832772999994],[112.6452155,-7.43799177999995],[112.64437125,-7.43768200999994],[112.643678838,-7.43742364199997],[112.64364402,-7.43741064999996],[112.64364044,-7.43740931999998],[112.64342447,-7.43794596999993],[112.64321068,-7.43845862999998],[112.64294345,-7.43914143999998],[112.64292644,-7.43918058999998],[112.64291635,-7.43920379999998],[112.64291391,-7.43920941999994],[112.642546134,-7.43909838199993],[112.64253649,-7.43909546999991]]]]}},
{"type":"Feature","properties":{"kdkab":"15","kdkec":"090","nmkab":"SIDOARJO","nmkec":"WONOAYU","kddesa":"008","kdprov":"35","nmdesa":"WONOKASIAN","nmprov":"JAWA TIMUR","iddesa":"3515090008"},"geometry":{"type":"MultiPolygon","coordinates":[[[[112.65107696,-7.44057942999997],[112.65108254,-7.44058526],[112.65107434,-7.44059304999995],[112.65096437,-7.44069749999997],[112.65092331,-7.44072111999998],[112.65079441,-7.44071858999996],[112.65064683,-7.44068624999997],[112.65047591,-7.44064878999995],[112.65033106,-7.44061185999994],[112.65022276,-7.44058425999998],[112.65003088,-7.44053534999992],[112.64993489,-7.44039136999992],[112.649864935,-7.44022036699994],[112.64986368,-7.44021729999997],[112.64985636,-7.44019938999997],[112.64985424,-7.44019721999993],[112.64970365,-7.44004231999994],[112.64956403,-7.43998560999995],[112.64932407,-7.43998560999995],[112.64920627,-7.43993760999996],[112.64913646,-7.4397979899999],[112.64889213,-7.44038263999992],[112.64876124,-7.44075349999996],[112.64862162,-7.44109817999994],[112.64850357,-7.44110379999994],[112.64827311,-7.44111476999997],[112.647327125,-7.44105622899996],[112.64610618,-7.44098065999996],[112.64610175,-7.44098038999994],[112.646095593,-7.44097837499994],[112.64608895,-7.44097619999996],[112.64608838,-7.44097600999991],[112.64611336,-7.44080739999993],[112.64612042,-7.44078091999996],[112.64613551,-7.44067659999998],[112.64613666,-7.44066368999995],[112.64613913,-7.44066418999995],[112.64614965,-7.44059448999997],[112.64614935,-7.44059442999997],[112.64619828,-7.44023949999998],[112.64628335,-7.43970065999997],[112.64642515,-7.43872333999997],[112.64646006,-7.43845937999994],[112.6464599,-7.43845583999995],[112.64646006,-7.43845589999995],[112.64646038,-7.43844660999996],[112.64646409,-7.43842089],[112.64647093,-7.43837346999996],[112.64650696,-7.43809597999997],[112.64654401,-7.43781063999997],[112.64654337,-7.43780995999996],[112.64655055,-7.43777043999998],[112.64663,-7.4378],[112.64705087,-7.437959],[112.64714173,-7.43767117999993],[112.64718323,-7.43755279999995],[112.64722137,-7.43744401],[112.64730645,-7.43719531999991],[112.64740822,-7.436893],[112.6474177,-7.43686481999995],[112.64757041,-7.43641216],[112.64774057,-7.43591040999998],[112.64782784,-7.43566106999998],[112.647878,-7.43551773999998],[112.64802224,-7.43505947999994],[112.648047172,-7.4349802479999],[112.64805034,-7.43497017999993],[112.64810488,-7.43478474999996],[112.64816378,-7.43469313],[112.64822486,-7.43460804999992],[112.64823577,-7.43453387999995],[112.64822525,-7.43443920999996],[112.64822615,-7.43443318999996],[112.64822688,-7.43442828999996],[112.64822732,-7.43442534999997],[112.64816767,-7.43442200999995],[112.64809349,-7.43440891999997],[112.648052897,-7.43440479099996],[112.64796479,-7.43439582999998],[112.64789061,-7.43436964999996],[112.64781862,-7.43433692999996],[112.64775754,-7.43430639],[112.64760047,-7.43429984999993],[112.64740414,-7.43427148999996],[112.64725143,-7.43422785999998],[112.64710091,-7.43417113999991],[112.64710073,-7.43417039000001],[112.646993605,-7.43413478999997],[112.646993091,-7.43412348999995],[112.646900362,-7.43393630699991],[112.646845185,-7.43381675599994],[112.64675782,-7.43373705499992],[112.646735528,-7.43363255999998],[112.64677573,-7.43354885999994],[112.64683681,-7.43340596999998],[112.646847236,-7.43337953199996],[112.64686735,-7.43332852999995],[112.646876058,-7.4332893609999],[112.646720068,-7.43316186499994],[112.64669173248258,-7.433146882999863],[112.646582678,-7.43308922199997],[112.64628263,-7.43300078699998],[112.646391068,-7.43236489699997],[112.646419209,-7.43234941899992],[112.64643318,-7.43234173499995],[112.646359484,-7.432310151],[112.646384751,-7.432232244],[112.64632866,-7.43220793699992],[112.646644682,-7.43060463399996],[112.64651431,-7.43058195999993],[112.64613036,-7.43054486999993],[112.64593621,-7.43048160999995],[112.64547373,-7.43029617999998],[112.64521413,-7.43010638999993],[112.64496762,-7.42998640999998],[112.64457713,-7.42985114999993],[112.64414301,-7.4297726199999],[112.643792256,-7.42975279899995],[112.64375688,-7.42975079999997],[112.64338513,-7.42972838999997],[112.64332276,-7.42972461999995],[112.64283847,-7.42970062999995],[112.64242617,-7.42957409999997],[112.64225601,-7.42954355999998],[112.64224487,-7.42953928999998],[112.64202259,-7.42945411999994],[112.641996981,-7.42944032999998],[112.64185243,-7.42936248999997],[112.64175531,-7.42929571999996],[112.641756266,-7.42928233099998],[112.64176585,-7.42914810999998],[112.64177,-7.42909],[112.64179,-7.42891],[112.64185,-7.42875],[112.64188738,-7.42869936999995],[112.64190363,-7.42865731999995],[112.6422603,-7.42815557999995],[112.64258208,-7.42768327999994],[112.64269224,-7.42753493999993],[112.64278218,-7.42752861],[112.64282,-7.42754],[112.64339,-7.42772],[112.64345149,-7.42774732999995],[112.64364556,-7.42735496999993],[112.64369724,-7.42725329999997],[112.64464,-7.42509],[112.644672074,-7.42503119799995],[112.64468445,-7.42500850999996],[112.6447,-7.42498],[112.64507,-7.42516],[112.64557691,-7.42541908999997],[112.64573265,-7.42549413999994],[112.64590498,-7.42557921999996],[112.64602715,-7.42564465999992],[112.64625512,-7.42577446],[112.64634523,-7.42582043999995],[112.64710699,-7.42616469999994],[112.64728588,-7.42624785],[112.64746367,-7.42633292999995],[112.64774232,-7.42646687999996],[112.64781,-7.4265],[112.64837683,-7.42679255999997],[112.64868062,-7.42693772999997],[112.648692113,-7.42691534399998],[112.64895473,-7.42640382999997],[112.64901661,-7.42628492999998],[112.64907093,-7.42618818999994],[112.6491238,-7.42609404999997],[112.64917288,-7.42600569999995],[112.64924051,-7.42599260999998],[112.649462778953577,-7.425964581804678],[112.64973353,-7.42593043999996],[112.650102200000021,-7.42587809],[112.65016663,-7.42587196999995],[112.6505385,-7.42583663999995],[112.65076974,-7.42582354999996],[112.650787351,-7.42581339799994],[112.65085322,-7.42577542999992],[112.65086246,-7.42577009999997],[112.650873228,-7.42576299099996],[112.6509748,-7.42569592999996],[112.651019295,-7.42565553599997],[112.6510577,-7.42562066999995],[112.65119404,-7.42559557999991],[112.65125351,-7.42558225999992],[112.65139365,-7.42555085999991],[112.65155181,-7.42549195999993],[112.65172633,-7.42541234],[112.65188013,-7.42530652999995],[112.6519772,-7.42523562999997],[112.65206774,-7.42520944999995],[112.6520954,-7.42520221699993],[112.652115636,-7.42519692499993],[112.65213864,-7.42519090999997],[112.65221281,-7.42509274000001],[112.65230661,-7.42491494999997],[112.65241896,-7.42471315999992],[112.65250186,-7.42464443999995],[112.65273637,-7.42448300999996],[112.65293078,-7.42437489999998],[112.65295997,-7.42435866999997],[112.65309086,-7.42423540999993],[112.65325557,-7.42416559999995],[112.653261289,-7.42416104499993],[112.65344318,-7.42401616999996],[112.65352321,-7.42396249999997],[112.65359389,-7.42378931999995],[112.65359393,-7.42378923],[112.65359698,-7.42378743999993],[112.65363148,-7.42378367],[112.6537051,-7.42377576999994],[112.65377927,-7.42373976999995],[112.65393689,-7.4236743299999],[112.65411631,-7.42359796999994],[112.65425048,-7.42355651999998],[112.65434428,-7.42353634999994],[112.65437107,-7.42353972999994],[112.65449665,-7.42343238999995],[112.65456134,-7.42337709999994],[112.65457928,-7.42335915999997],[112.65458063,-7.42335854999996],[112.65458671,-7.42335358999997],[112.65459754,-7.42334473999998],[112.65459788,-7.42334491999996],[112.654614253,-7.42333175399997],[112.65461968,-7.42332738999992],[112.65465136,-7.42330063],[112.65468876,-7.42326903999998],[112.65474111,-7.42322104999995],[112.65474711,-7.42319159999993],[112.65475532,-7.42314316999997],[112.65475802,-7.4231272499999],[112.65480001,-7.42306343999995],[112.65485728,-7.42302089999991],[112.65489933,-7.42298308999996],[112.65491127,-7.42297235999996],[112.6549778,-7.42293744999996],[112.65502198,-7.42290418999995],[112.65504979,-7.42286546999998],[112.65509833,-7.42279946999994],[112.65512833,-7.42275911999996],[112.65517523,-7.42275093999997],[112.65520305,-7.42273948],[112.65522595,-7.42271112000002],[112.65524886,-7.42268440000002],[112.65526958,-7.42266476999989],[112.6552816,-7.42263717999996],[112.65532521,-7.42253714999991],[112.65535445,-7.42247221999997],[112.65537211,-7.42243297999994],[112.6553972,-7.42237953999992],[112.65544513,-7.42228659999995],[112.65545065,-7.42227590999996],[112.65547603,-7.42224161999996],[112.65551282,-7.42219192999992],[112.65562408,-7.42212974999994],[112.65574548,-7.42206246999998],[112.65584659,-7.42209157999997],[112.65613019,-7.42216574999997],[112.656152477,-7.42216917699995],[112.6561869,-7.42217446999995],[112.65619633,-7.42213966999998],[112.65624362,-7.42196504999991],[112.65639197,-7.42166617999994],[112.65651849,-7.42135858999997],[112.65657739,-7.42114043999992],[112.65661361,-7.42114622999998],[112.65677648,-7.42117228999996],[112.65696475,-7.42122317999994],[112.65699,-7.42123],[112.65763,-7.42145],[112.6579,-7.42153],[112.65912,-7.42195],[112.65959,-7.42208],[112.6599,-7.42219],[112.66012,-7.42228],[112.66098,-7.42252],[112.66145,-7.42267],[112.662281387,-7.42294068399998],[112.663691515,-7.423314556],[112.664001855,-7.42339683799997],[112.663342932,-7.42498177999993],[112.66348178,-7.42501332999995],[112.66348375,-7.4250124],[112.66349485,-7.42500722999996],[112.6634965,-7.42500812000001],[112.6635,-7.42501],[112.66374,-7.425],[112.6638086,-7.425],[112.66388316,-7.42505870999998],[112.66388526,-7.42506035999996],[112.66388595,-7.42506090999997],[112.66401303,-7.42514060999996],[112.66416051,-7.42520364999997],[112.66427662,-7.42525230999998],[112.66440353,-7.42536754999996],[112.66446716,-7.42547250999993],[112.66448663,-7.42557052999995],[112.66449222,-7.42559865999993],[112.66449756,-7.42561849999994],[112.66452429,-7.42571776999994],[112.6645528,-7.42582636999996],[112.6646093,-7.42590329999996],[112.66463534,-7.42590997999995],[112.66464164,-7.42591159999992],[112.66469018,-7.42592403999994],[112.66476761,-7.42588760999995],[112.66476871,-7.42588869999994],[112.6648,-7.42592],[112.66495,-7.42592],[112.66495055,-7.42592002999993],[112.66495061,-7.42592002999993],[112.664950625,-7.42592014899998],[112.665074567,-7.42593012199995],[112.665126725,-7.42593569199992],[112.665177752,-7.42611979399994],[112.665112944,-7.42641020699995],[112.66513445,-7.42659157699995],[112.66517757,-7.42669775499996],[112.66528637,-7.42678127099993],[112.665483544,-7.42697264399992],[112.66559675,-7.42710652200001],[112.665653614,-7.42720867799993],[112.665678619,-7.42733335599996],[112.665666901,-7.42748943999995],[112.665642774,-7.42755593099996],[112.66562147,-7.42761464200001],[112.665508202,-7.42785655699994],[112.665480628,-7.42795109400001],[112.665434667,-7.428065],[112.665404691,-7.42813693999995],[112.66541868,-7.42825684099994],[112.66543067,-7.42833906299995],[112.665432668,-7.42835276099993],[112.665460645,-7.42846067199997],[112.665511669,-7.42857909299996],[112.665511658,-7.42857918299996],[112.66556361,-7.42882296099996],[112.665511654,-7.42937849999993],[112.665531637,-7.42983412199995],[112.66555162,-7.43000997599993],[112.665551066,-7.43001363499998],[112.665531637,-7.43014186699998],[112.665511654,-7.43026176699993],[112.66541973,-7.430405648],[112.665413801,-7.43042195299994],[112.665288097,-7.43040016099995],[112.665241818,-7.43039213799995],[112.66521881,-7.43038528999995],[112.66500555,-7.43035234],[112.66493137,-7.43033597999994],[112.66472631,-7.43025635999991],[112.66457688,-7.43023562999996],[112.66440127,-7.43023781999997],[112.66432447,-7.43022473],[112.66424521,-7.43022727999995],[112.66407404,-7.43022254999996],[112.66402605,-7.43023890999995],[112.66397042,-7.43029234999995],[112.66378172,-7.43042761],[112.66361702,-7.43053013999998],[112.66350495,-7.43059202999998],[112.66342941,-7.43063375999996],[112.66334106,-7.43065774999996],[112.66324289,-7.43065229999995],[112.66314363,-7.43062829999993],[112.66310117,-7.43060905999994],[112.66306183,-7.43059121999993],[112.66297565,-7.43056612999997],[112.66261571,-7.43043087999996],[112.662571558,-7.43041657599996],[112.66246082,-7.43038069999996],[112.66231575,-7.43033816],[112.66218268,-7.43029561999996],[112.66191326,-7.43024435999996],[112.66167766,-7.43020945999997],[112.66148896,-7.43018981999995],[112.66142133,-7.43016582999997],[112.66126099,-7.43011673999996],[112.66118246,-7.43013747],[112.66112029,-7.43014292],[112.66101012,-7.43013309999995],[112.66087268,-7.43009928999993],[112.660801708,-7.43008333599994],[112.66077561,-7.43007746999998],[112.66072478,-7.43019818999994],[112.66065922,-7.43035246999996],[112.66062583,-7.43043105],[112.66054075,-7.43070809999992],[112.66033242,-7.43129928999994],[112.66033272,-7.43129929999998],[112.6603316,-7.43130747000001],[112.660315885,-7.43139355700001],[112.66031543,-7.43139604999996],[112.66017126,-7.43138736999992],[112.660072,-7.43140481999995],[112.66002401,-7.43142553999997],[112.65995966,-7.43143971999996],[112.65985712,-7.43142118],[112.65975241,-7.43139172999998],[112.65966733,-7.43136009999995],[112.65958662,-7.43132737],[112.65951177,-7.43129218999997],[112.65941206,-7.43126900999995],[112.65931066,-7.43126083999993],[112.65912959,-7.43124229999994],[112.65906306,-7.43122702999992],[112.658871718,-7.43122702999992],[112.65883182,-7.43122702999992],[112.65869547,-7.43122702999992],[112.658650148,-7.43122163099997],[112.65862982,-7.43121920999992],[112.658627147,-7.43122851699995],[112.65804163,-7.43326727999992],[112.6580203,-7.43332306999997],[112.65801,-7.43335],[112.65797,-7.43346],[112.65794135,-7.4335746099999],[112.65793806,-7.43358777000001],[112.65780433,-7.43350123999993],[112.65758181,-7.43338561999997],[112.65750976,-7.43334885],[112.657500163,-7.43335065399997],[112.65731483,-7.43338549999992],[112.65730258,-7.43338780999992],[112.65717824,-7.43344453],[112.65714551,-7.43350342999994],[112.6570648,-7.43388736999997],[112.65692731,-7.43457889999997],[112.65692146,-7.434599],[112.65690692,-7.43464890999994],[112.65689393,-7.43469349999997],[112.65682838,-7.43508514999995],[112.65532891,-7.43482734],[112.65528,-7.43482],[112.655236133,-7.43482],[112.65523132,-7.43482],[112.65522737,-7.43482],[112.65522852,-7.43481450999997],[112.65522415,-7.43478723999993],[112.65520234,-7.43475178999994],[112.65510744,-7.43471470999998],[112.65461988,-7.43463180999993],[112.654456409,-7.43460858199994],[112.65400578,-7.43454454999995],[112.65343205,-7.43445728999997],[112.653080695,-7.43440670199995],[112.6526707,-7.43434766999995],[112.6520108,-7.4342315],[112.6513024,-7.43410247],[112.65130235,-7.43410268],[112.65130201,-7.43410429999996],[112.651298781,-7.43410508299995],[112.65128572,-7.43410824999991],[112.651278486,-7.43411728899995],[112.65127154,-7.43412596999998],[112.65125736,-7.43415460999997],[112.65124884,-7.43417569000001],[112.6512455,-7.43418038999996],[112.65123036,-7.43450255999993],[112.65117146,-7.43462471999994],[112.65106457,-7.43468579999996],[112.65095549,-7.43473815999992],[112.65090522,-7.43477511999991],[112.65088132,-7.43479269999995],[112.65086387,-7.43486249999996],[112.65091186,-7.43486686999996],[112.65099912,-7.43489740999995],[112.65101493,-7.43493164999996],[112.65101521,-7.43500607999993],[112.65103403,-7.43516790999995],[112.65101439,-7.43522026999997],[112.65096422,-7.43527044999995],[112.650835345,-7.43541642999998],[112.65074512,-7.43551862999993],[112.65071771,-7.43554967999995],[112.65070026,-7.43563475999997],[112.65069589,-7.43587908999995],[112.65070898,-7.43613431999992],[112.65079188,-7.43626738999996],[112.65096204,-7.43640918999996],[112.65106021,-7.43652262999996],[112.651117842,-7.43667700299994],[112.65112129,-7.43668624],[112.65116492,-7.43673641999994],[112.65130672,-7.43688911999995],[112.65135035,-7.43691747999996],[112.65140913,-7.43701153999998],[112.65141017,-7.43702219999996],[112.65141087,-7.43702934],[112.651410039,-7.43703132599996],[112.65137189,-7.43712253999997],[112.65135807,-7.43714454999998],[112.65126654,-7.43729032999995],[112.65125409,-7.43731014999997],[112.65113629,-7.43753157999991],[112.65111883,-7.43767118999993],[112.6511352,-7.43771045999995],[112.65119846,-7.43778026999998],[112.65125627,-7.43786097999991],[112.65137407,-7.43806276999993],[112.65143624,-7.43815440000002],[112.65145151,-7.43823401999994],[112.65148205,-7.43837690999994],[112.65149506,-7.43842466999995],[112.6514946,-7.43842544999994],[112.65152398,-7.43853568],[112.65152524,-7.43853791999996],[112.65152508,-7.43853785999994],[112.65160354,-7.43874268999998],[112.65160476,-7.43875989999997],[112.651661994,-7.43887826799992],[112.65170075,-7.43895841999995],[112.65185345,-7.43910675999992],[112.65203234,-7.43915693000001],[112.652215493,-7.43917561999996],[112.65223186,-7.43917728999997],[112.65224613,-7.43917874999991],[112.65236829,-7.43926818999993],[112.6523761,-7.43931085999995],[112.65240101,-7.43944706999994],[112.65238747,-7.43952497],[112.65236611,-7.43964776999994],[112.65236298,-7.43965651999996],[112.65230066,-7.43983101999997],[112.65215841,-7.44000714999992],[112.65208688,-7.44008188999995],[112.65207846,-7.44009526999998],[112.65199634,-7.44022586999997],[112.65196144,-7.44024113999995],[112.65184146,-7.44028149999995],[112.65182965,-7.44028195999994],[112.65180479,-7.44028294000002],[112.6517302,-7.44028585999995],[112.65159276,-7.44027058999996],[112.65156281,-7.44027422999994],[112.651412539,-7.44029248599996],[112.6513716,-7.44029745999994],[112.65131095,-7.44029768999994],[112.65115781,-7.44041065999995],[112.65107696,-7.44057942999997]]]]}},
{"type":"Feature","properties":{"kdkab":"15","kdkec":"090","nmkab":"SIDOARJO","nmkec":"WONOAYU","kddesa":"001","kdprov":"35","nmdesa":"SIMOKETAWANG","nmprov":"JAWA TIMUR","iddesa":"3515090001"},"geometry":{"type":"MultiPolygon","coordinates":[[[[112.597563593,-7.44927849999993],[112.597531263,-7.44928819899996],[112.597506346,-7.44929927299993],[112.59747307,-7.44931406199996],[112.597408411,-7.44930436299996],[112.597227365,-7.44922677299998],[112.596950948,-7.4490877559999],[112.596574309,-7.44894712199993],[112.596183121,-7.44883396899995],[112.595879761,-7.44875730399996],[112.595588258,-7.44868363599994],[112.595287593,-7.44860927799994],[112.594767088,-7.44845571299994],[112.594448642,-7.44837327299996],[112.594330639,-7.44836195799997],[112.59420617,-7.44836195799997],[112.594083318,-7.44838620499997],[112.593624239,-7.44851713899994],[112.59329009,-7.44860067699995],[112.59329003,-7.44860022699995],[112.59329,-7.4486],[112.59327,-7.44851],[112.59327,-7.44795],[112.59328,-7.44778],[112.59338,-7.44694],[112.59338569,-7.44689038599997],[112.59338581,-7.44688933999993],[112.59339217,-7.44683381999994],[112.59349,-7.44598],[112.59353,-7.44553],[112.59354,-7.44537],[112.59359,-7.44503],[112.59359,-7.44494668299996],[112.59359,-7.44494],[112.59359,-7.44491784999997],[112.59359,-7.44489944999997],[112.59359,-7.44489582999997],[112.59359,-7.44489452199996],[112.59359,-7.44487121999993],[112.59359,-7.44486119999993],[112.59359,-7.44485701999998],[112.59359,-7.44485644999998],[112.59359,-7.44484],[112.59361,-7.44473],[112.59371,-7.44429],[112.59372584,-7.44424081999991],[112.59373756,-7.44417616999993],[112.59387729,-7.44372154999997],[112.59389276,-7.44372249],[112.59389272,-7.44372258999995],[112.59452606,-7.44377414],[112.59495363,-7.44381340999996],[112.59495779,-7.44380815999993],[112.5957477,-7.44390066999994],[112.59691698,-7.44399664999996],[112.59834369,-7.44411445],[112.59950425,-7.44420607999994],[112.60009983,-7.44422746],[112.60035504,-7.44423661999994],[112.600388432,-7.44423557299994],[112.60039428,-7.44423538999997],[112.600260647599626,-7.443773922238858],[112.600229155144007,-7.443638947388798],[112.60022346844849,-7.443589611607514],[112.600208518869266,-7.443531816062907],[112.600203394491885,-7.44348761359282],[112.600200620019194,-7.443440509436521],[112.602174208601454,-7.4434221910986],[112.603562363072569,-7.443407127004488],[112.603716229753829,-7.443405457260799],[112.604771934086514,-7.443432337127775],[112.604819967301069,-7.443434816271253],[112.604797117008061,-7.443548272753588],[112.604782047567028,-7.443641731353052],[112.60478908,-7.44370862999991],[112.604782305,-7.44374719499995],[112.60469348,-7.44425280999998],[112.60466532,-7.44435138999995],[112.60466,-7.44437],[112.60464079,-7.44443724999995],[112.60606461,-7.44473366999996],[112.60644113,-7.44483652999997],[112.60802412,-7.44515830999995],[112.6092716,-7.44544618999993],[112.60939461,-7.44546697999997],[112.61032452,-7.44566657999996],[112.61031906,-7.44567749999993],[112.61309113,-7.44625839999996],[112.61309063,-7.44626017999998],[112.61293973,-7.44665965999996],[112.612789281,-7.44708691899995],[112.612643356,-7.44750133199994],[112.61259233,-7.44764623999992],[112.61258092,-7.44770973999995],[112.61257736,-7.44771909],[112.612577424177005,-7.44771925293757],[112.612487378644005,-7.44788587324178],[112.612384746819998,-7.44811804411171],[112.612344671535993,-7.44824144694658],[112.612397087074996,-7.44825819004736],[112.612510963598993,-7.44843173451903],[112.612508467818003,-7.44843180788379],[112.612660710724995,-7.44867512383895],[112.61247,-7.4487],[112.61231,-7.44874],[112.6122,-7.44881],[112.61216,-7.44887],[112.612,-7.4491],[112.61191,-7.44922],[112.61173,-7.44934],[112.61162,-7.44936],[112.6115,-7.44933],[112.61133,-7.44927],[112.61111,-7.44925],[112.61087,-7.4493],[112.61055,-7.44942],[112.61031,-7.44948],[112.61013,-7.44949],[112.610095155,-7.44948303099994],[112.60998,-7.44946],[112.60971,-7.44936],[112.6093,-7.44921],[112.60906,-7.44912],[112.60874,-7.44901],[112.60839,-7.4489],[112.608248796,-7.44887111699993],[112.60795,-7.44881],[112.60764,-7.44881],[112.60742,-7.44884],[112.60712,-7.44894],[112.60706497,-7.44897056999995],[112.60702396,-7.44897072000001],[112.60680759,-7.44906420999998],[112.60658253,-7.44919602999996],[112.60630534,-7.44941062999993],[112.60614089,-7.44961666999993],[112.60611325,-7.44963751999994],[112.606042232,-7.44969108499994],[112.60598531,-7.44969361399991],[112.605789177,-7.44967637199997],[112.60534303,-7.44963326599995],[112.605192159,-7.44961386799994],[112.60514822,-7.449614514],[112.605045598,-7.449616024],[112.604849466,-7.44961817899997],[112.604649022,-7.44960524699995],[112.604473316,-7.44960574199995],[112.604453016,-7.44956138299996],[112.604144269,-7.44925748599994],[112.604063445,-7.44918151099997],[112.603866235,-7.44888246299996],[112.603502528,-7.44811948599998],[112.603439485,-7.44804997799997],[112.603360278,-7.44801764799993],[112.60328592,-7.44801118199996],[112.602873719,-7.44803058],[112.602762366,-7.44803311099998],[112.602660344,-7.44803542899993],[112.602060631,-7.44794813899992],[112.601730869,-7.44788024699993],[112.601507796,-7.44782528699994],[112.600583171,-7.44753108899994],[112.600518112,-7.44750997700001],[112.600094995,-7.44737267399993],[112.599957595,-7.44734842699997],[112.599791097,-7.44733711099995],[112.599707041,-7.44735004299996],[112.599632683,-7.44738237299991],[112.599563174,-7.44742278499996],[112.599495282,-7.44747612799994],[112.599429147,-7.44754750099995],[112.599332018,-7.44765232399992],[112.599134037,-7.44792622299996],[112.599117027,-7.44794975599998],[112.598881021,-7.44821324199994],[112.598612686,-7.44842015099992],[112.598559839,-7.4484563959999],[112.598303939,-7.44863190899996],[112.598227287,-7.44870261899996],[112.598072658,-7.44884526099996],[112.597886888,-7.44901663099994],[112.597699377,-7.44920090899997],[112.597563593,-7.44927849999993]]]]}},
{"type":"Feature","properties":{"kdkab":"15","kdkec":"090","nmkab":"SIDOARJO","nmkec":"WONOAYU","kddesa":"012","kdprov":"35","nmdesa":"SEMAMBUNG","nmprov":"JAWA TIMUR","iddesa":"3515090012"},"geometry":{"type":"MultiPolygon","coordinates":[[[[112.61391845,-7.44402559999993],[112.613916636,-7.444029475],[112.61389154,-7.44408309999996],[112.61387904,-7.44410584999995],[112.61383568,-7.44419991999995],[112.61377623,-7.44433680999996],[112.61370712,-7.44448027999993],[112.61370485,-7.44448689999996],[112.61369197,-7.44452442999992],[112.6136508,-7.44463282000002],[112.61358753,-7.44481442999995],[112.61353572,-7.44496713999996],[112.61352135,-7.44502054999997],[112.61335782,-7.44548],[112.61332782,-7.44556],[112.61329859,-7.44563692199995],[112.61313782,-7.44606],[112.61312782,-7.44613],[112.61309113,-7.44625839999996],[112.61031906,-7.44567749999993],[112.61032452,-7.44566657999996],[112.60939461,-7.44546697999997],[112.6092716,-7.44544618999993],[112.60802412,-7.44515830999995],[112.60644113,-7.44483652999997],[112.60606461,-7.44473366999996],[112.60464079,-7.44443724999995],[112.60466,-7.44437],[112.60466532,-7.44435138999995],[112.60469348,-7.44425280999998],[112.604782305,-7.44374719499995],[112.60478908,-7.44370862999991],[112.604782047567028,-7.443641731353052],[112.604797117008061,-7.443548272753588],[112.604819967301069,-7.443434816271253],[112.60503603929287,-7.442188553944637],[112.605072533,-7.44194070399994],[112.60507449,-7.44192740999994],[112.60495513,-7.44189976999991],[112.60495731,-7.44188121999998],[112.60497149,-7.44160634999998],[112.60504567,-7.44112423999996],[112.60509039,-7.44075556999991],[112.60514056,-7.44040106999989],[112.60520055,-7.4401829199999],[112.605266669,-7.43998636599996],[112.60527208,-7.43997027999996],[112.60539097,-7.44002096],[112.6054233,-7.43995408999992],[112.605424978,-7.43995061899994],[112.60558434,-7.43962102999996],[112.60565,-7.43947],[112.6057,-7.43935],[112.605824974,-7.43903755999996],[112.60582901,-7.43902746999992],[112.60584,-7.439],[112.60584795,-7.43898197999993],[112.605876022290005,-7.43888432112012],[112.60588882,-7.43883979999992],[112.606054349993002,-7.43845263026379],[112.60608515,-7.43838058999993],[112.60617528,-7.43823384999995],[112.606175908,-7.43823240699993],[112.60619,-7.4382],[112.6062039,-7.43817046999994],[112.60627,-7.43803],[112.606272355,-7.438023719],[112.60628022,-7.43800273999995],[112.60628032,-7.43800246999996],[112.60616055,-7.43785954999992],[112.60586823,-7.43743415999993],[112.60562254,-7.43707911999996],[112.60560945,-7.437059],[112.60559879,-7.43704259],[112.60554264,-7.43694931999995],[112.60556039,-7.43690055],[112.6055665,-7.43688373999993],[112.60564,-7.4367],[112.60575,-7.4363],[112.605751818,-7.43629091099992],[112.605753489,-7.43628255699998],[112.60575648,-7.43626759999995],[112.60575682,-7.43626586999994],[112.60576337,-7.43623313999994],[112.60576771,-7.43621146999996],[112.60577,-7.4362],[112.60581,-7.43583],[112.60596,-7.43515],[112.60635,-7.43341],[112.60661,-7.43213],[112.6067,-7.43178],[112.60608,-7.4317],[112.60581,-7.43165],[112.60572,-7.43162],[112.60581,-7.43104],[112.60588,-7.4307],[112.60596,-7.43029],[112.60609,-7.42979],[112.6060922,-7.42973384999992],[112.60616251,-7.42931572999996],[112.60617838,-7.42922138999996],[112.60618,-7.42922],[112.60625,-7.42887],[112.60634,-7.42845],[112.60653,-7.42779],[112.60656,-7.42772],[112.6065788,-7.42757901999996],[112.606586841,-7.42757212799994],[112.60676755,-7.42741722999993],[112.60685481,-7.42717726999994],[112.60696389,-7.42663624999997],[112.60696584,-7.42633948999998],[112.606967011,-7.42633984999998],[112.60726,-7.42643],[112.6083,-7.42675],[112.60865,-7.42685],[112.60935,-7.42703],[112.6097228,-7.42712477999993],[112.60994,-7.42718],[112.60994783,-7.42718133999994],[112.61059186,-7.42729149999994],[112.61062144,-7.42729655999995],[112.61069258,-7.42730872999993],[112.6107,-7.42731],[112.610748164,-7.42733778699994],[112.61096,-7.42746],[112.61147,-7.42778],[112.61276,-7.42846],[112.61327,-7.42878],[112.61333,-7.42881],[112.61336059,-7.42882325999993],[112.61363,-7.42894],[112.61431,-7.42932],[112.614446117,-7.42939448199995],[112.61445048,-7.42939686999996],[112.61465329,-7.42950783999993],[112.61484,-7.42961],[112.61561,-7.43002],[112.61576,-7.4301],[112.6168,-7.43068],[112.61689,-7.4307],[112.61701,-7.43072],[112.61699,-7.43082],[112.61696,-7.43091],[112.61690184,-7.43140433999996],[112.6169,-7.43142],[112.61689269,-7.43146327999995],[112.616892249,-7.431465895],[112.61677,-7.43219],[112.61671,-7.43255],[112.61667,-7.43288],[112.61654,-7.43369],[112.6164,-7.4345],[112.61631,-7.43509],[112.61623,-7.43551],[112.616189493,-7.43581379099994],[112.61618831,-7.43582265999991],[112.61617942,-7.43588936999991],[112.61617,-7.43596],[112.6161,-7.43643],[112.61609427,-7.43645148999998],[112.61608024,-7.43650410999993],[112.616075892,-7.43652041099994],[112.61606,-7.43658],[112.61582,-7.43695],[112.61563,-7.43724],[112.61533,-7.43771],[112.61512867,-7.43810351999994],[112.6151282,-7.43810441999995],[112.61511022,-7.43813955999997],[112.61511001,-7.43813999],[112.61510999,-7.43814007999993],[112.61510993,-7.43814015000002],[112.61510878,-7.43814142999994],[112.615106105,-7.43815510599993],[112.61510069,-7.43818278999992],[112.61507782,-7.43832],[112.61502782,-7.43859],[112.61489782,-7.43926],[112.61479782,-7.43977],[112.61455782,-7.44102],[112.61441782,-7.44168],[112.614394023,-7.44176328999992],[112.61437782,-7.44182],[112.614371957,-7.44187862499993],[112.61436782,-7.44192],[112.61434782,-7.44201],[112.61432782,-7.44213],[112.61422782,-7.44266],[112.61409782,-7.44326],[112.61402127,-7.44363684999997],[112.61394648,-7.44392352999995],[112.61394681,-7.44392362000001],[112.61394557,-7.44392804999994],[112.613938396,-7.44395385399994],[112.61391845,-7.44402559999993]]]]}},
{"type":"Feature","properties":{"kdkab":"15","kdkec":"090","nmkab":"SIDOARJO","nmkec":"WONOAYU","kddesa":"005","kdprov":"35","nmdesa":"PILANG","nmprov":"JAWA TIMUR","iddesa":"3515090005"},"geometry":{"type":"MultiPolygon","coordinates":[[[[112.65076128,-7.45336547999995],[112.65056,-7.45329],[112.6504579,-7.45322993999998],[112.65039,-7.45319],[112.650367571,-7.45315956099994],[112.65031865,-7.45309316999992],[112.65025,-7.453],[112.65024716,-7.45299586999996],[112.65009842,-7.45280203999992],[112.64997217,-7.45268676999993],[112.649636406,-7.45250221699995],[112.6496331,-7.45250039999995],[112.64958151,-7.45247203999994],[112.64949734,-7.45243676999998],[112.64931,-7.45238],[112.64921502,-7.4523525999999],[112.64922184,-7.45232131999995],[112.649354823,-7.45171191099997],[112.64947283,-7.45117112999997],[112.64959199,-7.45052455999995],[112.649594758,-7.45050954099998],[112.64970681,-7.44990153999997],[112.64981818,-7.44978232999995],[112.64985745,-7.44962525999995],[112.64989672,-7.44941582999996],[112.64987054,-7.44929366999998],[112.64983782,-7.44926530999993],[112.64983461,-7.44924446999994],[112.64980291,-7.44918458999994],[112.64978328,-7.44905369999995],[112.64980416,-7.44898821999994],[112.64986181,-7.44876355999997],[112.64996643,-7.44849287999994],[112.6499855,-7.44838940999995],[112.64986181,-7.44832943999994],[112.649713789,-7.44827320599996],[112.64947132,-7.44818108999996],[112.64903938,-7.44802129999991],[112.64892267,-7.44795475999998],[112.64891986,-7.44795263999995],[112.648920671,-7.44794291699998],[112.64892451,-7.44789689000001],[112.648918,-7.44789454999995],[112.64892884,-7.44784099],[112.64901879,-7.44739652999994],[112.6491085,-7.44687301299995],[112.648959521,-7.44681547599992],[112.649045139,-7.44657326699996],[112.649072176,-7.44655186200001],[112.649214686,-7.44624614299993],[112.649216392,-7.44624339199992],[112.649216398,-7.44624336399995],[112.64929863,-7.44576347999994],[112.649429239,-7.44537109299997],[112.6494362,-7.44535017999991],[112.64943921,-7.44534113699992],[112.649424392,-7.44533423899998],[112.649410047,-7.44531579699998],[112.649437457847384,-7.445165738088762],[112.649501071645545,-7.444917399607498],[112.64951251,-7.44486468],[112.64958374,-7.44464946999995],[112.64958891,-7.44463383999992],[112.649611002,-7.44457623399996],[112.64975601,-7.44419811999997],[112.6498238,-7.44418562999991],[112.6498931,-7.44417286000001],[112.65007013,-7.44423837999994],[112.65009063,-7.44421259999997],[112.65018689,-7.44409158],[112.650198624,-7.44405136599995],[112.650219879956609,-7.443978519620795],[112.65076533,-7.44210140999994],[112.651804388265433,-7.442371654030643],[112.651830139039859,-7.44231622030449],[112.651858970489727,-7.44230202196806],[112.652005867287727,-7.442371724361513],[112.652050856956606,-7.442363955914503],[112.65219148802295,-7.442444719039754],[112.652319938961526,-7.442508332837909],[112.652510679315483,-7.442590881383438],[112.653042264164,-7.4428234613166],[112.653195467212001,-7.4428815233439],[112.65320033,-7.44288918999995],[112.653207184,-7.44289507499994],[112.653306282,-7.442980333],[112.6533408,-7.44301002999994],[112.65339996,-7.44301703999998],[112.65354688,-7.44309520999996],[112.65370177,-7.44318901999998],[112.65371438,-7.443197975],[112.65385229,-7.44329590999994],[112.65398973,-7.44335044999996],[112.6540864,-7.44335251999996],[112.65437852,-7.44335877],[112.65444991,-7.44335505999994],[112.65471668,-7.443245722],[112.65473596,-7.44323782],[112.65498593,-7.44304922],[112.65524469,-7.44281591999993],[112.6552888,-7.44283113999997],[112.65563002,-7.44282997999994],[112.65570029794165,-7.442829585227551],[112.65589636,-7.44282906999997],[112.655939,-7.44282494999992],[112.65631101,-7.44278893999996],[112.65636975,-7.44278325999992],[112.65653498,-7.44277710999993],[112.656712425,-7.44277050199998],[112.65677987,-7.44276798999993],[112.65683143,-7.44276234999996],[112.65717909,-7.44272435999993],[112.65756521,-7.44272871999994],[112.65762556,-7.44273055000002],[112.65778955,-7.44276877999992],[112.65793,-7.44276],[112.65803105,-7.44270745999997],[112.65842037,-7.44213382999995],[112.658558367,-7.44211800099992],[112.6585589,-7.44211793999997],[112.65861617,-7.44211136999997],[112.65869305,-7.4421637099999],[112.65874759,-7.44220733999994],[112.65878634,-7.44219846999994],[112.65888908,-7.44217495999991],[112.65892866,-7.44216588999995],[112.65907482,-7.44215061999995],[112.65908685,-7.44214894999995],[112.65911173,-7.44214549999995],[112.65931042,-7.44211789999992],[112.6594655,-7.44205520999995],[112.65960165,-7.44200429999997],[112.65964598,-7.4419597099999],[112.659666,-7.44191066],[112.65964419,-7.44181903],[112.65961147,-7.44173176999996],[112.65954166,-7.44160306999995],[112.6595482,-7.44149398999994],[112.65959183,-7.44143290999996],[112.65963743,-7.44141648999993],[112.65970091,-7.44139363999994],[112.65984489,-7.44135873999993],[112.6598907,-7.441422],[112.65987991,-7.44147057],[112.65986452,-7.44153979999992],[112.65984467,-7.44163480999993],[112.65983398,-7.44168595999997],[112.65982526,-7.44179939999998],[112.65980998,-7.44196082999995],[112.65982089,-7.44207208999996],[112.6599147,-7.44210917999993],[112.66003032,-7.44212880999994],[112.6601263,-7.44218334999996],[112.66018084,-7.44224878999994],[112.66028555,-7.44227278999996],[112.66037063,-7.44226187999995],[112.66046522,-7.44219494],[112.660495701,-7.44218598299991],[112.660499896,-7.44218474999997],[112.66050102,-7.44218441999995],[112.66051256,-7.44218102999998],[112.66057569,-7.44218334999996],[112.66084947,-7.44221279999995],[112.66106871,-7.44223460999996],[112.6612236,-7.44229132999994],[112.66130977,-7.44238294999997],[112.66132581,-7.44239734999998],[112.66138394,-7.44244948999997],[112.66139902,-7.44245510999998],[112.66144829,-7.44247348999994],[112.66150501,-7.44246911999995],[112.66157155,-7.44243203999995],[112.66164245,-7.44241021999996],[112.66175152,-7.44244948999997],[112.661806906,-7.44250191799995],[112.66183333,-7.44252692999994],[112.661877450618206,-7.442589775933676],[112.66189441,-7.44261309999995],[112.661920338741666,-7.442690469788817],[112.661951556137097,-7.442742953596281],[112.661998572449264,-7.442800376421078],[112.662048328429407,-7.442855500391454],[112.662088095575328,-7.442877418592395],[112.662132047042675,-7.442899633713518],[112.662204932604268,-7.442922510911897],[112.662372290461335,-7.442953653365148],[112.662505307681826,-7.442985599218462],[112.662599496760322,-7.443011609505219],[112.66273150673328,-7.443084083944734],[112.662764368474825,-7.443187231474773],[112.66277261932926,-7.443287854762292],[112.662788807364848,-7.443372144790819],[112.662808364186716,-7.443467781930445],[112.662839430697616,-7.443547925499376],[112.6629427523836,-7.443600120228843],[112.663051301022534,-7.443607078459882],[112.663172522129798,-7.44362416086201],[112.663253232129804,-7.44364489086194],[112.663301023075832,-7.443654311751663],[112.663342370479043,-7.443660467725019],[112.663383147272057,-7.443670442590164],[112.663383387272049,-7.443670402590193],[112.663451785328206,-7.443686540821949],[112.663623032280512,-7.443716754254789],[112.663769259634236,-7.443728278218383],[112.663946426736146,-7.443748855419968],[112.66407031134915,-7.443754616830573],[112.664201375742323,-7.443750852213316],[112.664301657984012,-7.443750740867536],[112.66441892,-7.44380857999994],[112.664446997,-7.44382296199993],[112.66450837,-7.44385439999998],[112.66458254,-7.44391547999993],[112.66465016,-7.44396019999995],[112.66465377,-7.44396266999998],[112.66466762,-7.44397219999997],[112.6647407,-7.44398964999993],[112.66482897,-7.44396401999996],[112.66490976,-7.44394056999993],[112.6651301,-7.44385875999996],[112.665304669973764,-7.443805491970009],[112.665457919511084,-7.443794783396283],[112.665587330853342,-7.443809913238125],[112.665716553765066,-7.443870720391986],[112.665901233542144,-7.444081076418472],[112.66599998949556,-7.44417094986273],[112.66607668706763,-7.444338857594402],[112.666124616983254,-7.444429361425152],[112.666113016027182,-7.444545142099516],[112.666075186870941,-7.444771036203982],[112.666049787294625,-7.44495423740354],[112.666045734170751,-7.444978285938586],[112.666028440842183,-7.445139330060909],[112.666027427561204,-7.4452002620233],[112.666041367552481,-7.44520230935363],[112.666041077,-7.44520751199997],[112.66603279,-7.44526862999995],[112.66594943,-7.44564712999993],[112.66589165,-7.44590949999998],[112.66560936,-7.44701003999992],[112.66544914,-7.447649],[112.6652317,-7.44849967999993],[112.66518974,-7.44861030999995],[112.66518328,-7.44863724999992],[112.6651783,-7.44865798999996],[112.66517073,-7.44869015399996],[112.66517067,-7.44869040999992],[112.66509819,-7.44865607999998],[112.66511131,-7.44866482999992],[112.66510338,-7.44866140999994],[112.66509819,-7.44865798999996],[112.66508358,-7.44865287999993],[112.66506683,-7.44864701999993],[112.66506004,-7.44864463999993],[112.66502953,-7.44873046999996],[112.66499138,-7.44883918999994],[112.66484261,-7.44920348999997],[112.66478157,-7.44935035999992],[112.6646595,-7.44962882999996],[112.66455269,-7.44978904999996],[112.66448021,-7.44982909999995],[112.664464817,-7.44985711499992],[112.66428947,-7.45017623999997],[112.66428944,-7.45017622999996],[112.66428875,-7.45017591899995],[112.66412709417375,-7.450103614733874],[112.6640377,-7.45006751999996],[112.66380119,-7.45000266999997],[112.66363335,-7.44995688999992],[112.66332436,-7.44996833999994],[112.66330147,-7.44997787999995],[112.66311836,-7.44997596999997],[112.663023,-7.44998740999994],[112.66290092,-7.44999885999993],[112.66278648,-7.45000648999996],[112.6626873,-7.45002364999995],[112.662654323,-7.45003798899996],[112.66259956,-7.45006179999995],[112.66255379,-7.45008277999996],[112.66247245,-7.45030137999995],[112.66246808,-7.45031312],[112.66246223,-7.45032882999995],[112.662462106,-7.45032878499998],[112.66226986,-7.45025904999994],[112.66226769,-7.45025825999994],[112.66226387,-7.45027350999993],[112.662263615,-7.45027424399993],[112.66224861,-7.45031737999995],[112.662028452,-7.45094339799992],[112.66180992,-7.45156478999995],[112.66150475,-7.45243644999991],[112.66055107,-7.45527648999995],[112.66054344,-7.45529937999992],[112.65953255,-7.45508003],[112.65903282,-7.45495986999994],[112.65757179,-7.45462989999996],[112.65719087,-7.45456308999998],[112.65706,-7.45454],[112.65704033,-7.45453552999994],[112.656864759,-7.45449465999998],[112.65683937,-7.45448874999993],[112.65682668,-7.45448672999989],[112.6567741,-7.45447836999992],[112.65675612,-7.45447519999994],[112.65663251,-7.45445337999998],[112.6565,-7.45443],[112.65563,-7.45424],[112.65537,-7.4542],[112.655096081,-7.45416298399992],[112.655,-7.45415],[112.65454861,-7.45405595999996],[112.65452,-7.45405],[112.65414,-7.454],[112.65398622,-7.45398901999992],[112.653520929,-7.45395578099993],[112.65344,-7.45395],[112.65236034,-7.45380004999996],[112.6521381,-7.45374101999992],[112.65163017,-7.45360598999998],[112.65157,-7.45359],[112.65154879,-7.4535842199999],[112.6508,-7.45338],[112.650783583,-7.45337384399993],[112.65076128,-7.45336547999995]]]]}},
{"type":"Feature","properties":{"kdkab":"15","kdkec":"090","nmkab":"SIDOARJO","nmkec":"WONOAYU","kddesa":"020","kdprov":"35","nmdesa":"SAWOCANGKRING","nmprov":"JAWA TIMUR","iddesa":"3515090020"},"geometry":{"type":"MultiPolygon","coordinates":[[[[112.6520954,-7.42520221699993],[112.65206774,-7.42520944999995],[112.6519772,-7.42523562999997],[112.65188013,-7.42530652999995],[112.65172633,-7.42541234],[112.65155181,-7.42549195999993],[112.65139365,-7.42555085999991],[112.65125351,-7.42558225999992],[112.65119404,-7.42559557999991],[112.6510577,-7.42562066999995],[112.651019295,-7.42565553599997],[112.6509748,-7.42569592999996],[112.650873228,-7.42576299099996],[112.65086246,-7.42577009999997],[112.65085322,-7.42577542999992],[112.650787351,-7.42581339799994],[112.65076974,-7.42582354999996],[112.6505385,-7.42583663999995],[112.65016663,-7.42587196999995],[112.650102200000021,-7.42587809],[112.64973353,-7.42593043999996],[112.649462778953577,-7.425964581804678],[112.64924051,-7.42599260999998],[112.64917288,-7.42600569999995],[112.6491238,-7.42609404999997],[112.64907093,-7.42618818999994],[112.64901661,-7.42628492999998],[112.64895473,-7.42640382999997],[112.648692113,-7.42691534399998],[112.64868062,-7.42693772999997],[112.64837683,-7.42679255999997],[112.64781,-7.4265],[112.64774232,-7.42646687999996],[112.64746367,-7.42633292999995],[112.64728588,-7.42624785],[112.64710699,-7.42616469999994],[112.64634523,-7.42582043999995],[112.64625512,-7.42577446],[112.64602715,-7.42564465999992],[112.64590498,-7.42557921999996],[112.64573265,-7.42549413999994],[112.64557691,-7.42541908999997],[112.64507,-7.42516],[112.6447,-7.42498],[112.6447364,-7.42490113999998],[112.64482736,-7.42466403999993],[112.645016157,-7.42422858399994],[112.645154696,-7.4242914459999],[112.645247697,-7.42432297099996],[112.645364342,-7.42429775099992],[112.645417936,-7.42420317299996],[112.64540375,-7.42400298499996],[112.645394292,-7.42394426799995],[112.645199846,-7.42385560699998],[112.645201328,-7.42385287699996],[112.64539401,-7.42349801999995],[112.64539728,-7.42349365999992],[112.645397387,-7.42349370099992],[112.645515272,-7.42325882199996],[112.645589675,-7.42311057799994],[112.6455887,-7.42310970999996],[112.64572396,-7.42283920999997],[112.64576131,-7.42270604999993],[112.64577,-7.42258],[112.645775503,-7.42253045499996],[112.64577574,-7.42252831999995],[112.64578,-7.42249],[112.64578366,-7.42246437999995],[112.6458,-7.42235],[112.64582,-7.42228],[112.64586,-7.4221],[112.64588,-7.42203],[112.64599,-7.42157],[112.64602,-7.42145],[112.64606,-7.42129],[112.64609,-7.42116],[112.64611325,-7.421067],[112.64619332,-7.42054871999996],[112.64619199,-7.42054846999994],[112.646242252,-7.42026635],[112.6462439,-7.42025709999994],[112.64610347572318,-7.420223718004627],[112.646140315109477,-7.420102933131459],[112.646178266782627,-7.419943701111451],[112.646194767510096,-7.419812520328128],[112.646249219910757,-7.41954768365236],[112.646291296765781,-7.419404952359813],[112.646363899966587,-7.419075762846949],[112.646424127621799,-7.418891779735746],[112.646505393704544,-7.418626943059978],[112.646534459757888,-7.4185186213147],[112.64653976,-7.41851933999994],[112.646663636,-7.41855745499995],[112.64667128,-7.41853401],[112.64679883,-7.41814649999998],[112.64681119,-7.41810894999998],[112.64682943,-7.41791990999995],[112.64683598,-7.41728945999994],[112.646865289,-7.417021017],[112.6468667,-7.41700808999998],[112.64686692,-7.41700813999993],[112.64686703,-7.41699777999998],[112.64689812,-7.41670600999992],[112.64691339,-7.41648894999993],[112.64691259,-7.41638285999994],[112.64691121,-7.41619771999995],[112.64691121,-7.41601446999992],[112.64691884,-7.41598501999995],[112.64727443,-7.41607663999996],[112.647377676,-7.41610818099995],[112.64758242,-7.41617072999997],[112.64766924,-7.41618919999994],[112.6477714,-7.41622048999996],[112.6478351,-7.41594948999993],[112.64790011,-7.41567292999996],[112.64794156,-7.41553330999997],[112.64797428,-7.41548313999993],[112.64801874,-7.41542924],[112.64803251,-7.41540927999994],[112.648033923,-7.41540356899997],[112.64803422,-7.41540236999998],[112.64803772,-7.41538819999994],[112.648040453,-7.41537714999996],[112.64804719,-7.41534990999994],[112.64921682,-7.41062030999994],[112.64930691,-7.41025603999997],[112.64934754,-7.40988320999995],[112.64969222,-7.40851540999993],[112.6498711,-7.40770606999995],[112.64990152,-7.40769559999996],[112.65000422,-7.40771271999996],[112.65006967,-7.40772362999995],[112.6501373,-7.40774325999996],[112.65022892,-7.40773017000002],[112.65036295,-7.4076906],[112.65037,-7.4077],[112.65057,-7.40776],[112.65126,-7.40798],[112.65179,-7.4081],[112.65237,-7.40825],[112.6527217,-7.40835694999994],[112.653897323,-7.40871444899994],[112.65408,-7.40877],[112.65457,-7.40892],[112.65467,-7.40895],[112.65505,-7.40905],[112.65526,-7.40907],[112.65565,-7.40899],[112.65586,-7.40902],[112.65612,-7.40908],[112.65647,-7.40908],[112.657,-7.40909],[112.65745,-7.40914],[112.65774,-7.4092],[112.65842,-7.40938],[112.65868,-7.40947],[112.65883,-7.40956],[112.65899,-7.40971],[112.65913,-7.4099],[112.65922,-7.41006],[112.6595,-7.41032],[112.65965,-7.41052],[112.65985,-7.41075],[112.65985283,-7.41077971999995],[112.6598619,-7.41102030999996],[112.65987726,-7.41118224999996],[112.65982891,-7.4114033299999],[112.65977093,-7.41167844999996],[112.65969858,-7.41205670999994],[112.65935088,-7.41244581999996],[112.65930399,-7.41258799000001],[112.659303399,-7.41258978199992],[112.65918069,-7.41296188999996],[112.6590505,-7.41365208999998],[112.65889598,-7.41441354999996],[112.658773832360197,-7.415023081514239],[112.65877046,-7.41503990999998],[112.65878375,-7.41513032999996],[112.65877202,-7.41516841999994],[112.658567301,-7.41583374299996],[112.65856641,-7.41583663999994],[112.65849969,-7.41605349999997],[112.65849228,-7.41607759999992],[112.6581758,-7.41642669999995],[112.65807202,-7.41669906999994],[112.65796805,-7.41691912999993],[112.65795976,-7.41750495999998],[112.65794978,-7.41754546999993],[112.65786686,-7.41788188999993],[112.65778177,-7.41822712999995],[112.65777312,-7.41826220999996],[112.65776651,-7.41828902099997],[112.65776363,-7.41830070000001],[112.65776367,-7.41831082999996],[112.65774,-7.41836999999989],[112.657624,-7.41883067999993],[112.657603892,-7.41891053899998],[112.65739,-7.41976],[112.65720299,-7.42047339999994],[112.65712,-7.42079],[112.65702,-7.42112],[112.65699,-7.42123],[112.65696475,-7.42122317999994],[112.65677648,-7.42117228999996],[112.65661361,-7.42114622999998],[112.65657739,-7.42114043999992],[112.65651849,-7.42135858999997],[112.65639197,-7.42166617999994],[112.65624362,-7.42196504999991],[112.65619633,-7.42213966999998],[112.6561869,-7.42217446999995],[112.656152477,-7.42216917699995],[112.65613019,-7.42216574999997],[112.65584659,-7.42209157999997],[112.65574548,-7.42206246999998],[112.65562408,-7.42212974999994],[112.65551282,-7.42219192999992],[112.65547603,-7.42224161999996],[112.65545065,-7.42227590999996],[112.65544513,-7.42228659999995],[112.6553972,-7.42237953999992],[112.65537211,-7.42243297999994],[112.65535445,-7.42247221999997],[112.65532521,-7.42253714999991],[112.6552816,-7.42263717999996],[112.65526958,-7.42266476999989],[112.65524886,-7.42268440000002],[112.65522595,-7.42271112000002],[112.65520305,-7.42273948],[112.65517523,-7.42275093999997],[112.65512833,-7.42275911999996],[112.65509833,-7.42279946999994],[112.65504979,-7.42286546999998],[112.65502198,-7.42290418999995],[112.6549778,-7.42293744999996],[112.65491127,-7.42297235999996],[112.65489933,-7.42298308999996],[112.65485728,-7.42302089999991],[112.65480001,-7.42306343999995],[112.65475802,-7.4231272499999],[112.65475532,-7.42314316999997],[112.65474711,-7.42319159999993],[112.65474111,-7.42322104999995],[112.65468876,-7.42326903999998],[112.65465136,-7.42330063],[112.65461968,-7.42332738999992],[112.654614253,-7.42333175399997],[112.65459788,-7.42334491999996],[112.65459754,-7.42334473999998],[112.65458671,-7.42335358999997],[112.65458063,-7.42335854999996],[112.65457928,-7.42335915999997],[112.65456134,-7.42337709999994],[112.65449665,-7.42343238999995],[112.65437107,-7.42353972999994],[112.65434428,-7.42353634999994],[112.65425048,-7.42355651999998],[112.65411631,-7.42359796999994],[112.65393689,-7.4236743299999],[112.65377927,-7.42373976999995],[112.6537051,-7.42377576999994],[112.65363148,-7.42378367],[112.65359698,-7.42378743999993],[112.65359393,-7.42378923],[112.65359389,-7.42378931999995],[112.65352321,-7.42396249999997],[112.65344318,-7.42401616999996],[112.653261289,-7.42416104499993],[112.65325557,-7.42416559999995],[112.65309086,-7.42423540999993],[112.65295997,-7.42435866999997],[112.65293078,-7.42437489999998],[112.65273637,-7.42448300999996],[112.65250186,-7.42464443999995],[112.65241896,-7.42471315999992],[112.65230661,-7.42491494999997],[112.65221281,-7.42509274000001],[112.65213864,-7.42519090999997],[112.652115636,-7.42519692499993],[112.6520954,-7.42520221699993]]]]}},
{"type":"Feature","properties":{"kdkab":"15","kdkec":"090","nmkab":"SIDOARJO","nmkec":"WONOAYU","kddesa":"003","kdprov":"35","nmdesa":"JIMBARAN WETAN","nmprov":"JAWA TIMUR","iddesa":"3515090003"},"geometry":{"type":"MultiPolygon","coordinates":[[[[112.634743641,-7.44825444199993],[112.63468477,-7.44823019999993],[112.63466,-7.44822],[112.63367,-7.44785],[112.63351,-7.44778],[112.63284,-7.44717],[112.6328375,-7.44716721999995],[112.63275776,-7.44707861999998],[112.63275,-7.44707],[112.63274966,-7.44706262999997],[112.632749658,-7.44706259199995],[112.63271,-7.44619],[112.6327184,-7.44596732999996],[112.63273,-7.44566],[112.632751176,-7.44533529699995],[112.63276,-7.4452],[112.63274,-7.44494],[112.63268,-7.44448],[112.6326,-7.44419],[112.6325,-7.44394],[112.632461403,-7.44389496899991],[112.6323883,-7.44380967999994],[112.63238,-7.4438],[112.63234685,-7.44376092999995],[112.6321,-7.44347],[112.63206396,-7.44343585999997],[112.632025395,-7.44339932099994],[112.63202475,-7.44339870999993],[112.63191,-7.44329],[112.63187755,-7.44326758999996],[112.63149,-7.443],[112.63126,-7.44287],[112.63099,-7.44269],[112.6307,-7.44246],[112.630667224849006,-7.4424444749272],[112.630622437221007,-7.44240417875959],[112.630393510223996,-7.44224472949496],[112.630139792559007,-7.44207037739382],[112.63015068,-7.44205077999993],[112.63019,-7.44198],[112.6301953,-7.44197775999992],[112.6303091,-7.44179670999993],[112.63032962,-7.44177866],[112.63049016,-7.44163745999996],[112.630513088,-7.44162427999991],[112.63051963,-7.44162051999995],[112.63066469,-7.44153711],[112.63073518,-7.44149010999998],[112.63073527,-7.44149014999993],[112.63076095,-7.44147411999993],[112.630933926,-7.44136164499996],[112.63095428,-7.44134840999993],[112.63117025,-7.44121423999996],[112.63133605,-7.44113243999995],[112.631433943,-7.44107481099997],[112.63143797,-7.44107243999997],[112.6314379,-7.44107227999998],[112.63144256,-7.44106984999997],[112.63154755,-7.44101176999992],[112.63172698,-7.44095341],[112.63186714,-7.44091468999994],[112.632005155,-7.44088412099995],[112.63200513,-7.44088477],[112.63202912,-7.44087814999994],[112.63216028,-7.44083969999995],[112.63233971,-7.44078188999992],[112.63250387,-7.44072161999997],[112.6326244,-7.44067144999997],[112.632746481,-7.44058515399996],[112.63274711,-7.44058470999993],[112.63282346,-7.44053073999992],[112.63314251,-7.44037421999995],[112.6335739,-7.44017678999995],[112.63374024,-7.44004862999997],[112.63393876,-7.43988500999994],[112.63412201,-7.43972575999993],[112.63434125,-7.43952614999995],[112.634463171,-7.43938989399991],[112.63446874,-7.43938366999993],[112.63446871,-7.43938366999993],[112.63447003,-7.43938240999993],[112.6345622,-7.43929023999994],[112.63474927,-7.43910154],[112.63486707,-7.4389608299999],[112.63502523,-7.43878630999996],[112.63523683,-7.4385528899999],[112.63532137,-7.43846671999995],[112.635363138,-7.43843932099998],[112.635483806,-7.43856153699995],[112.636069402,-7.43874275299994],[112.636347938,-7.43879141299992],[112.636269434,-7.438893592],[112.637886393,-7.43964953399995],[112.63787738,-7.43967261999997],[112.63780424,-7.43993894999995],[112.63766681,-7.44047342999991],[112.63759046,-7.44077883999996],[112.63745956,-7.44122168999996],[112.6373614,-7.44156527999995],[112.63712036,-7.44244099],[112.63699599,-7.44295380999994],[112.6369,-7.44338138999991],[112.636784894,-7.44385003199996],[112.63677873,-7.44387252999996],[112.63678943,-7.44394313],[112.63678591,-7.44403559999996],[112.63872348,-7.44494429999996],[112.63880215,-7.44505706999996],[112.63884142,-7.44516615],[112.63891996,-7.44525776999993],[112.63907702,-7.44533630999997],[112.63916865,-7.44534066999997],[112.63926006,-7.44540922999997],[112.63932653,-7.44561796999994],[112.63944218,-7.44576376999994],[112.63969361,-7.44584117999996],[112.64000217,-7.44580347999994],[112.64017492,-7.44567198999996],[112.640218211,-7.44568028199998],[112.64047381,-7.44575146999992],[112.64049347,-7.44569710999995],[112.64052944,-7.44559767999994],[112.64055344,-7.44554858999992],[112.64057525,-7.44549842],[112.64058961,-7.44550058999996],[112.64074025,-7.44548775999995],[112.64080967,-7.44547921999998],[112.64090493,-7.44542315999996],[112.64094829,-7.44542315999996],[112.64097447,-7.44543078999993],[112.64103555,-7.44543187999996],[112.64109445,-7.44544714999993],[112.64112827,-7.44546241999993],[112.64117198,-7.44546654999993],[112.64118284,-7.44556701999996],[112.64118938,-7.445687],[112.64118611,-7.44578080999998],[112.64117957,-7.44593787999996],[112.64118257,-7.446342],[112.64119784,-7.44683065999995],[112.64122402,-7.44717751999996],[112.64124583,-7.44746329999998],[112.64125674,-7.44777089999995],[112.6412611,-7.44829009999998],[112.64131127,-7.44842534999996],[112.64145962,-7.44873512999993],[112.64159051,-7.44905580999993],[112.64166468,-7.44914743999993],[112.64169304,-7.44926632999995],[112.64170169,-7.44934528999994],[112.64165445,-7.44937565999995],[112.64134,-7.44913],[112.64101,-7.44894],[112.64075,-7.44886],[112.64074085,-7.44885868999997],[112.640715116,-7.44885501499994],[112.64069499,-7.44885213999994],[112.64053353,-7.44882907699995],[112.64052823,-7.44882831999992],[112.64048376,-7.44882196999994],[112.6404,-7.44881],[112.63949,-7.4489],[112.639269731,-7.44893671099995],[112.63913,-7.44896],[112.63867,-7.44904],[112.63777,-7.44921],[112.63775794,-7.44921134099998],[112.63774761,-7.44921248999997],[112.63768,-7.44922],[112.63751,-7.44925],[112.637,-7.44927],[112.63668,-7.44927],[112.63649,-7.44922],[112.636056419,-7.44902206099996],[112.63603,-7.44901],[112.63602731,-7.44900833999996],[112.63564,-7.44877],[112.63512,-7.44844],[112.63483,-7.44829],[112.63481632,-7.44828436999995],[112.634806863,-7.44828047599997],[112.634743641,-7.44825444199993]]]]}},
{"type":"Feature","properties":{"kdkab":"15","kdkec":"090","nmkab":"SIDOARJO","nmkec":"WONOAYU","kddesa":"007","kdprov":"35","nmdesa":"MOJORANGAGUNG","nmprov":"JAWA TIMUR","iddesa":"3515090007"},"geometry":{"type":"MultiPolygon","coordinates":[[[[112.659559593,-7.43582177699995],[112.658399865,-7.43532027299995],[112.65772498,-7.43502842999992],[112.65690692,-7.43464890999994],[112.65692146,-7.434599],[112.65692731,-7.43457889999997],[112.6570648,-7.43388736999997],[112.65714551,-7.43350342999994],[112.65717824,-7.43344453],[112.65730258,-7.43338780999992],[112.65731483,-7.43338549999992],[112.657500163,-7.43335065399997],[112.65750976,-7.43334885],[112.65758181,-7.43338561999997],[112.65780433,-7.43350123999993],[112.65793806,-7.43358777000001],[112.65794135,-7.4335746099999],[112.65797,-7.43346],[112.65801,-7.43335],[112.6580203,-7.43332306999997],[112.65804163,-7.43326727999992],[112.658627147,-7.43122851699995],[112.65862982,-7.43121920999992],[112.658650148,-7.43122163099997],[112.65869547,-7.43122702999992],[112.65883182,-7.43122702999992],[112.658871718,-7.43122702999992],[112.65906306,-7.43122702999992],[112.65912959,-7.43124229999994],[112.65931066,-7.43126083999993],[112.65941206,-7.43126900999995],[112.65951177,-7.43129218999997],[112.65958662,-7.43132737],[112.65966733,-7.43136009999995],[112.65975241,-7.43139172999998],[112.65985712,-7.43142118],[112.65995966,-7.43143971999996],[112.66002401,-7.43142553999997],[112.660072,-7.43140481999995],[112.66017126,-7.43138736999992],[112.66031543,-7.43139604999996],[112.660315885,-7.43139355700001],[112.6603316,-7.43130747000001],[112.66033272,-7.43129929999998],[112.66033242,-7.43129928999994],[112.66054075,-7.43070809999992],[112.66062583,-7.43043105],[112.66065922,-7.43035246999996],[112.66072478,-7.43019818999994],[112.66077561,-7.43007746999998],[112.660801708,-7.43008333599994],[112.66087268,-7.43009928999993],[112.66101012,-7.43013309999995],[112.66112029,-7.43014292],[112.66118246,-7.43013747],[112.66126099,-7.43011673999996],[112.66142133,-7.43016582999997],[112.66148896,-7.43018981999995],[112.66167766,-7.43020945999997],[112.66191326,-7.43024435999996],[112.66218268,-7.43029561999996],[112.66231575,-7.43033816],[112.66246082,-7.43038069999996],[112.662571558,-7.43041657599996],[112.66261571,-7.43043087999996],[112.66297565,-7.43056612999997],[112.66306183,-7.43059121999993],[112.66310117,-7.43060905999994],[112.66314363,-7.43062829999993],[112.66324289,-7.43065229999995],[112.66334106,-7.43065774999996],[112.66342941,-7.43063375999996],[112.66350495,-7.43059202999998],[112.66361702,-7.43053013999998],[112.66378172,-7.43042761],[112.66397042,-7.43029234999995],[112.66402605,-7.43023890999995],[112.66407404,-7.43022254999996],[112.66424521,-7.43022727999995],[112.66432447,-7.43022473],[112.66440127,-7.43023781999997],[112.66457688,-7.43023562999996],[112.66472631,-7.43025635999991],[112.66493137,-7.43033597999994],[112.66500555,-7.43035234],[112.66521881,-7.43038528999995],[112.665241818,-7.43039213799995],[112.665288097,-7.43040016099995],[112.665413801,-7.43042195299994],[112.66537177,-7.43053753799995],[112.665375766,-7.43067342599994],[112.665475683,-7.430761353],[112.665523644,-7.43085727299996],[112.665519647,-7.43095718999997],[112.665475683,-7.43137284599992],[112.665455687,-7.43149873599997],[112.665281027604223,-7.431597608206442],[112.664889392263021,-7.431826465072489],[112.664680226,-7.43181603499992],[112.664612047,-7.43209427899993],[112.664114992,-7.43395335899995],[112.663801609,-7.43506033099994],[112.663625653,-7.435037477],[112.663621902,-7.43503570299992],[112.66330528,-7.43497467],[112.6630497,-7.43492507999998],[112.662649472,-7.43495184499996],[112.66264447,-7.43495217999989],[112.66222954,-7.43498038999998],[112.6617794,-7.43487929999997],[112.66090202,-7.43465042000001],[112.66058922,-7.4346199],[112.66026878,-7.43463897999992],[112.660226004,-7.43476421500001],[112.659997822453875,-7.434739590693608],[112.659853391564425,-7.435245258712733],[112.659758568,-7.43519506199992],[112.659746908,-7.43521793999996],[112.659559593,-7.43582177699995]]]]}},
{"type":"Feature","properties":{"kdkab":"15","kdkec":"090","nmkab":"SIDOARJO","nmkec":"WONOAYU","kddesa":"018","kdprov":"35","nmdesa":"MULYODADI","nmprov":"JAWA TIMUR","iddesa":"3515090018"},"geometry":{"type":"MultiPolygon","coordinates":[[[[112.62776781,-7.42900537000001],[112.62643273,-7.42863014999992],[112.625950176,-7.42848611999994],[112.62557758,-7.42837490999994],[112.62475188,-7.42798878999994],[112.62391309,-7.42765610999994],[112.62341954,-7.4274013699999],[112.62344,-7.42734],[112.62343984,-7.42733991999995],[112.62345678,-7.42730603999996],[112.623601875,-7.42686886999998],[112.62360621,-7.42685580999994],[112.62357615,-7.42684237999992],[112.62357609,-7.42684246999996],[112.62354418,-7.42683156999994],[112.62352687,-7.42682254999994],[112.62349024,-7.42680346999993],[112.62334,-7.42672],[112.62224,-7.42652],[112.6221,-7.42649],[112.62198,-7.42647],[112.62186,-7.42645],[112.62139,-7.42626],[112.62126087,-7.42619235999993],[112.62118,-7.42615],[112.62088,-7.426],[112.62074,-7.42593],[112.6206,-7.42588],[112.6204,-7.42582],[112.62008,-7.42578],[112.61977,-7.42564],[112.61934,-7.42518],[112.61896,-7.42492],[112.618932791,-7.42490639499995],[112.61890528,-7.42489263999992],[112.6189,-7.42489],[112.618890294,-7.424877863],[112.61888942,-7.42487676999998],[112.61888187,-7.42486733999993],[112.61882,-7.42479],[112.6187,-7.42458],[112.61861,-7.42431],[112.61858202,-7.42411413999996],[112.61855,-7.42389],[112.618586752,-7.42338960699996],[112.618630652,-7.42279189099998],[112.61868,-7.42212],[112.61869,-7.42206],[112.61876,-7.4217],[112.61877997,-7.42158014999994],[112.61878,-7.42158],[112.618791691,-7.42158116999998],[112.61883216,-7.42158521999994],[112.61898,-7.4216],[112.6194,-7.42165],[112.61963,-7.42172],[112.61967744,-7.42172],[112.619689664,-7.42172],[112.61969,-7.42172],[112.61978,-7.42172],[112.61992,-7.42175],[112.62004,-7.42185],[112.62011,-7.42199],[112.62016,-7.42213],[112.62021573,-7.42222552999993],[112.620215975,-7.42222594899995],[112.62023,-7.42225],[112.62037,-7.4224],[112.62049,-7.42245],[112.62062,-7.42245],[112.62075,-7.42239],[112.62111,-7.42214],[112.62127,-7.42205],[112.62135,-7.42206],[112.62149,-7.42215],[112.62176,-7.42239],[112.62207,-7.42261],[112.62227,-7.42267],[112.62246,-7.42267],[112.62256,-7.42266],[112.6232,-7.4227],[112.62326,-7.42279],[112.62341,-7.42302],[112.62349,-7.42306],[112.6236,-7.42306],[112.62373,-7.42299],[112.62414,-7.42274],[112.62425,-7.42277],[112.62455,-7.42292],[112.625,-7.42317],[112.62506403,-7.42319561999993],[112.62506992,-7.42319797399996],[112.62507987,-7.42320195],[112.6251,-7.42321],[112.62533,-7.42324],[112.62556,-7.4232],[112.62587,-7.42312],[112.62607,-7.42315],[112.62658,-7.42332],[112.62662576,-7.42331084999994],[112.626626526,-7.42331069699997],[112.626668615,-7.42330228099996],[112.62667582,-7.42330083999996],[112.62668,-7.4233],[112.62735,-7.42327],[112.627610335,-7.42325224999996],[112.62779,-7.42324],[112.627838774,-7.42324],[112.62785,-7.42324],[112.62785339,-7.42324202999995],[112.62792202,-7.42323923999993],[112.62806382,-7.42324250999998],[112.62813145,-7.42325777999998],[112.62828633,-7.42334503999995],[112.62832996,-7.42336468],[112.62840632,-7.42337121999997],[112.62850448,-7.42337994999997],[112.62859611,-7.42336685999995],[112.62868773,-7.42339739999991],[112.6287859,-7.42341048999995],[112.62893642,-7.42344538999994],[112.62895805,-7.42345237999997],[112.62900296,-7.42347265999997],[112.62907904,-7.42354082999997],[112.6291982,-7.42355255999993],[112.62933891,-7.42356509999995],[112.6294548,-7.42358445999998],[112.62952406,-7.42359454999997],[112.62959984,-7.42361544999996],[112.629606489,-7.42361728299994],[112.62963778,-7.42362590999994],[112.62982675,-7.42367471999994],[112.62994309,-7.42370481999996],[112.62994531,-7.42370661999995],[112.63014,-7.42376],[112.63057,-7.42372],[112.63082,-7.42374],[112.63119,-7.42397],[112.63136,-7.42401],[112.63169,-7.42404],[112.63205,-7.42402],[112.63238,-7.4241],[112.63266,-7.42421],[112.632700599,-7.42422476],[112.63271218,-7.42422896999995],[112.6327124,-7.42422905999995],[112.63277,-7.42425],[112.63276204,-7.42427121999998],[112.63271,-7.42441],[112.63255631,-7.42486557999997],[112.63243,-7.42524],[112.63227,-7.4258],[112.63226,-7.42587],[112.63218,-7.42617],[112.63211,-7.42645],[112.63199,-7.42685],[112.63190812,-7.42697281999994],[112.63187,-7.42703],[112.63186616,-7.42703],[112.63176201,-7.42703],[112.63176,-7.42703],[112.63176161,-7.42703198],[112.63189,-7.42719],[112.63225,-7.42759],[112.63242,-7.42772],[112.63256,-7.42774],[112.63315,-7.42781],[112.63323,-7.4278],[112.63331,-7.42771],[112.63335,-7.42756],[112.6334,-7.42724],[112.63347,-7.4272],[112.63354,-7.42721],[112.63366,-7.42731],[112.63375,-7.42745],[112.63394,-7.42789],[112.63402,-7.428],[112.63413,-7.42807],[112.63429,-7.42809],[112.63458,-7.42813],[112.63489,-7.4282],[112.63503,-7.4283],[112.63508,-7.42841],[112.63518,-7.42856],[112.63533,-7.4287],[112.63539,-7.42871],[112.63554,-7.4287],[112.63595,-7.42865],[112.63609,-7.42864],[112.63629,-7.42869],[112.636297276,-7.428693492],[112.63650278,-7.42879212999998],[112.6361743,-7.42974024999994],[112.63559014,-7.43142546999996],[112.63559003,-7.43142543999994],[112.63558693,-7.43143963999997],[112.635579467,-7.43146202699996],[112.63525097,-7.43244748999995],[112.63486048,-7.43363858999995],[112.63474268,-7.43404871999998],[112.63472687,-7.43409670999994],[112.63446848,-7.43461781999998],[112.63446727,-7.43462026999992],[112.634463745,-7.43462740399998],[112.63433553,-7.43488692999997],[112.63433547,-7.434886909999911],[112.63207761,-7.434127259999929],[112.63204392,-7.43411591999998],[112.63203622,-7.43411358999998],[112.631993605,-7.43410067599994],[112.63199177,-7.43410011999991],[112.631963943,-7.434091683],[112.63042296,-7.43362733000002],[112.6304253,-7.43361379999993],[112.63050683,-7.43338936999995],[112.62986,-7.43326],[112.62904,-7.43306],[112.62845,-7.43293],[112.6283959,-7.43292226999996],[112.628384162,-7.43292059199997],[112.62838079,-7.43292010999994],[112.62838,-7.43292],[112.62838022,-7.43291912999996],[112.628380977,-7.43291609999995],[112.62838868,-7.43288526999993],[112.62841,-7.4328],[112.62847,-7.43253],[112.62871,-7.4313],[112.62884,-7.43062],[112.6289,-7.43021],[112.6289,-7.42999319599992],[112.6289,-7.42998272999995],[112.6289,-7.42994],[112.6289,-7.42989684000001],[112.6289,-7.42984],[112.62891,-7.42971],[112.62892,-7.4296],[112.62892622,-7.42957976999995],[112.62893282,-7.42949651999992],[112.62896227,-7.42938634999997],[112.6289713,-7.42935563000001],[112.628967651,-7.42935456799996],[112.62776781,-7.42900537000001]]]]}},
{"type":"Feature","properties":{"kdkab":"15","kdkec":"090","nmkab":"SIDOARJO","nmkec":"WONOAYU","kddesa":"010","kdprov":"35","nmdesa":"JIMBARAN KULON","nmprov":"JAWA TIMUR","iddesa":"3515090010"},"geometry":{"type":"MultiPolygon","coordinates":[[[[112.63073527,-7.44149014999993],[112.63073518,-7.44149010999998],[112.63066469,-7.44153711],[112.63051963,-7.44162051999995],[112.630513088,-7.44162427999991],[112.63049016,-7.44163745999996],[112.63032962,-7.44177866],[112.6303091,-7.44179670999993],[112.6301953,-7.44197775999992],[112.63019,-7.44198],[112.63015068,-7.44205077999993],[112.630139792559007,-7.44207037739382],[112.630132309159549,-7.442076296825443],[112.62963624,-7.44179118999996],[112.629636269,-7.44179113799992],[112.62965401,-7.44175911],[112.629691413,-7.441674898],[112.6302131,-7.44050034999998],[112.63014663,-7.44049827],[112.63002046,-7.44048007],[112.629925821,-7.44048042099996],[112.62991261,-7.44048046999997],[112.62979704,-7.44048088999995],[112.62974666,-7.44046504999994],[112.62954017,-7.44040009999995],[112.62926748,-7.44026702999998],[112.62906024,-7.44014486999995],[112.62892512,-7.44005840999997],[112.628267821040751,-7.439659130555826],[112.628294722958614,-7.439612205749327],[112.628373324820231,-7.439467448827201],[112.628641127956897,-7.439592427753031],[112.628763349870709,-7.439343739650272],[112.628832826843265,-7.439189886693908],[112.629046047238077,-7.438285578862416],[112.628837817,-7.43821982199996],[112.62885528,-7.43817473999997],[112.628855664,-7.43817374899994],[112.62906226,-7.43764034],[112.62921074,-7.43717182999995],[112.62940926,-7.43661554999996],[112.63003099,-7.43476998999996],[112.63042148,-7.43362688999996],[112.63042296,-7.43362733000002],[112.631963943,-7.434091683],[112.63199177,-7.43410011999991],[112.631993605,-7.43410067599994],[112.63203622,-7.43411358999998],[112.63204392,-7.43411591999998],[112.63207761,-7.434127259999929],[112.63433547,-7.434886909999911],[112.63432996,-7.43490305999994],[112.63432986,-7.43490301],[112.63420769,-7.43514951999992],[112.63404953,-7.43548001999998],[112.633950934,-7.435678679999981],[112.633686007,-7.436878347999929],[112.633680365,-7.436903898],[112.63517,-7.43732],[112.63640397,-7.43762120999996],[112.63628833,-7.43790824999998],[112.63621961,-7.43802931999995],[112.63615416,-7.43808603999996],[112.63606799,-7.43816784999996],[112.63596655,-7.43822020999993],[112.63583893,-7.43827582999995],[112.63565678,-7.43831291999993],[112.63544026,-7.43838872999991],[112.635363138,-7.43843932099998],[112.63532137,-7.43846671999995],[112.63523683,-7.4385528899999],[112.63502523,-7.43878630999996],[112.63486707,-7.4389608299999],[112.63474927,-7.43910154],[112.6345622,-7.43929023999994],[112.63447003,-7.43938240999993],[112.63446871,-7.43938366999993],[112.63446874,-7.43938366999993],[112.634463171,-7.43938989399991],[112.63434125,-7.43952614999995],[112.63412201,-7.43972575999993],[112.63393876,-7.43988500999994],[112.63374024,-7.44004862999997],[112.6335739,-7.44017678999995],[112.63314251,-7.44037421999995],[112.63282346,-7.44053073999992],[112.63274711,-7.44058470999993],[112.632746481,-7.44058515399996],[112.6326244,-7.44067144999997],[112.63250387,-7.44072161999997],[112.63233971,-7.44078188999992],[112.63216028,-7.44083969999995],[112.63202912,-7.44087814999994],[112.63200513,-7.44088477],[112.632005155,-7.44088412099995],[112.63186714,-7.44091468999994],[112.63172698,-7.44095341],[112.63154755,-7.44101176999992],[112.63144256,-7.44106984999997],[112.6314379,-7.44107227999998],[112.63143797,-7.44107243999997],[112.631433943,-7.44107481099997],[112.63133605,-7.44113243999995],[112.63117025,-7.44121423999996],[112.63095428,-7.44134840999993],[112.630933926,-7.44136164499996],[112.63076095,-7.44147411999993],[112.63073527,-7.44149014999993]]]]}},
{"type":"Feature","properties":{"kdkab":"15","kdkec":"090","nmkab":"SIDOARJO","nmkec":"WONOAYU","kddesa":"013","kdprov":"35","nmdesa":"SIMO ANGIN ANGIN","nmprov":"JAWA TIMUR","iddesa":"3515090013"},"geometry":{"type":"MultiPolygon","coordinates":[[[[112.600388432,-7.44423557299994],[112.60035504,-7.44423661999994],[112.60009983,-7.44422746],[112.59950425,-7.44420607999994],[112.59834369,-7.44411445],[112.59691698,-7.44399664999996],[112.5957477,-7.44390066999994],[112.59495779,-7.44380815999993],[112.59495363,-7.44381340999996],[112.59452606,-7.44377414],[112.59389272,-7.44372258999995],[112.59389276,-7.44372249],[112.59387729,-7.44372154999997],[112.59389245,-7.44367224],[112.594033967,-7.44322890699992],[112.59408987,-7.44305377999994],[112.59422731,-7.44263274999996],[112.59438328,-7.44224225999996],[112.594547751617569,-7.44191283226565],[112.594756738532965,-7.441497558010293],[112.5949399,-7.44119020999995],[112.59502,-7.44103],[112.59505,-7.44097],[112.59513,-7.44083],[112.595242492,-7.44059564199993],[112.59525,-7.44058],[112.59525733,-7.44056057999997],[112.59526141,-7.44054975999996],[112.59541695,-7.44013756999993],[112.59554364,-7.43976993999993],[112.59581524,-7.43903094999996],[112.595819962,-7.43901887199995],[112.59582182,-7.43901411999998],[112.59601812,-7.43851229999995],[112.59605292,-7.43844268999993],[112.59607103,-7.43839740999992],[112.59608036,-7.43837409000001],[112.59609388,-7.43834029999995],[112.5961621,-7.43808691],[112.596181623,-7.43803226799997],[112.59635189,-7.43755571000001],[112.59648278,-7.43710958999997],[112.59665594,-7.43654296999996],[112.596657522,-7.43653401199995],[112.59665971,-7.43652161999996],[112.59666,-7.43652],[112.596666714,-7.43649896599992],[112.59667492,-7.43647325999996],[112.59671114,-7.43635977999998],[112.59689026,-7.43573555899997],[112.59690381,-7.43568833999992],[112.59704452,-7.43569924999998],[112.59707942,-7.43570033999994],[112.59746773,-7.43580068999993],[112.5976008,-7.43579086999995],[112.597923360671999,-7.43573003073862],[112.597999742593998,-7.43525745837355],[112.598263527,-7.43527484999992],[112.59833999,-7.43477687999997],[112.59853414,-7.43386500999994],[112.598659195,-7.43332156899995],[112.598712376531751,-7.433090461078285],[112.59876757,-7.43285060999994],[112.598999879,-7.43169250499992],[112.59904862,-7.43144951999993],[112.59904847,-7.43144952999995],[112.59906191,-7.43139942999996],[112.59928449,-7.43144348999993],[112.59959,-7.43146],[112.60019084,-7.43151535999995],[112.600234441,-7.43151728099997],[112.60052366,-7.43152997999993],[112.601695722,-7.43162388499998],[112.60171151,-7.43162514999996],[112.60172858,-7.43130662999997],[112.60172963,-7.43129307],[112.60176659,-7.43081498999994],[112.60182167,-7.43012836000001],[112.60184131,-7.43007764],[112.60186557,-7.43007],[112.6019,-7.43007],[112.60195044,-7.43007365999998],[112.60203628,-7.43007600999992],[112.60282162,-7.43012836000001],[112.60366913,-7.43019162999995],[112.60376833,-7.43020461],[112.6037819,-7.43020540999991],[112.60378285,-7.43020554],[112.60378906,-7.43020582999998],[112.60386287,-7.43020927999991],[112.60388183,-7.43021016999994],[112.60393232,-7.43019191999996],[112.60394,-7.43019],[112.60394,-7.43008],[112.60394,-7.42909223999992],[112.60393937,-7.42907987999995],[112.60394046,-7.42904878999997],[112.603970006,-7.4290517929999],[112.60484197,-7.42914041999996],[112.60561313,-7.42922658999991],[112.60602908,-7.42928808999996],[112.60604215,-7.42929002999995],[112.60604834,-7.42929093999995],[112.60605501,-7.42929276999997],[112.60610905,-7.42930430999998],[112.60616251,-7.42931572999996],[112.6060922,-7.42973384999992],[112.60609,-7.42979],[112.60596,-7.43029],[112.60588,-7.4307],[112.60581,-7.43104],[112.60572,-7.43162],[112.60581,-7.43165],[112.60608,-7.4317],[112.6067,-7.43178],[112.60661,-7.43213],[112.60635,-7.43341],[112.60596,-7.43515],[112.60581,-7.43583],[112.60577,-7.4362],[112.60576771,-7.43621146999996],[112.60576337,-7.43623313999994],[112.60575682,-7.43626586999994],[112.60575648,-7.43626759999995],[112.605753489,-7.43628255699998],[112.605751818,-7.43629091099992],[112.60575,-7.4363],[112.60564,-7.4367],[112.6055665,-7.43688373999993],[112.60556039,-7.43690055],[112.60554264,-7.43694931999995],[112.60559879,-7.43704259],[112.60560945,-7.437059],[112.60562254,-7.43707911999996],[112.60586823,-7.43743415999993],[112.60616055,-7.43785954999992],[112.60628032,-7.43800246999996],[112.60628022,-7.43800273999995],[112.606272355,-7.438023719],[112.60627,-7.43803],[112.6062039,-7.43817046999994],[112.60619,-7.4382],[112.606175908,-7.43823240699993],[112.60617528,-7.43823384999995],[112.60608515,-7.43838058999993],[112.606054349993002,-7.43845263026379],[112.60588882,-7.43883979999992],[112.605876022290005,-7.43888432112012],[112.60584795,-7.43898197999993],[112.60584,-7.439],[112.60582901,-7.43902746999992],[112.605824974,-7.43903755999996],[112.6057,-7.43935],[112.60565,-7.43947],[112.60558434,-7.43962102999996],[112.605424978,-7.43995061899994],[112.6054233,-7.43995408999992],[112.60539097,-7.44002096],[112.60527208,-7.43997027999996],[112.605266669,-7.43998636599996],[112.60520055,-7.4401829199999],[112.60514056,-7.44040106999989],[112.60509039,-7.44075556999991],[112.60504567,-7.44112423999996],[112.60497149,-7.44160634999998],[112.60495731,-7.44188121999998],[112.60495513,-7.44189976999991],[112.60507449,-7.44192740999994],[112.605072533,-7.44194070399994],[112.60503603929287,-7.442188553944637],[112.604819967301069,-7.443434816271253],[112.604771934086514,-7.443432337127775],[112.603716229753829,-7.443405457260799],[112.603562363072569,-7.443407127004488],[112.602174208601454,-7.4434221910986],[112.600200620019194,-7.443440509436521],[112.600203394491885,-7.44348761359282],[112.600208518869266,-7.443531816062907],[112.60022346844849,-7.443589611607514],[112.600229155144007,-7.443638947388798],[112.600260647599626,-7.443773922238858],[112.60039428,-7.44423538999997],[112.600388432,-7.44423557299994]]]]}},
{"type":"Feature","properties":{"kdkab":"15","kdkec":"090","nmkab":"SIDOARJO","nmkec":"WONOAYU","kddesa":"011","kdprov":"35","nmdesa":"WONOAYU","nmprov":"JAWA TIMUR","iddesa":"3515090011"},"geometry":{"type":"MultiPolygon","coordinates":[[[[112.622824293,-7.43992415199996],[112.622754361,-7.43991130799996],[112.622367593,-7.439898463],[112.621977637,-7.43988668399991],[112.621469894,-7.43987134699994],[112.621412807,-7.43986706499995],[112.621068855,-7.43980569599997],[112.621056717,-7.43980334499997],[112.620254245,-7.43964789199991],[112.620251078,-7.43964727799992],[112.620175437,-7.43964014299994],[112.619840048,-7.439617308],[112.619625971,-7.43958448199994],[112.61927817,-7.43949924699996],[112.61921885,-7.43948898],[112.61903342,-7.43944643999991],[112.61865057,-7.43933736999995],[112.61839424,-7.43927846999995],[112.6181281,-7.4392108399999],[112.61811264,-7.43920775],[112.6181006,-7.43920393999995],[112.61810061,-7.43920382999993],[112.61803667,-7.43918316999996],[112.61795903,-7.43914866999995],[112.61783848,-7.43911091999997],[112.6175271,-7.43901340999995],[112.61717805,-7.43887815999997],[112.61669812,-7.43871236999995],[112.61628146,-7.43860111],[112.61592587,-7.43850293999996],[112.6153333,-7.43835627999994],[112.615329451,-7.43818892699996],[112.61532929,-7.43818191999998],[112.61526932,-7.43816932999994],[112.615266,-7.43816885999996],[112.6152659,-7.43816885000001],[112.61511203,-7.43814012999998],[112.61511022,-7.43813955999997],[112.6151282,-7.43810441999995],[112.61512867,-7.43810351999994],[112.61533,-7.43771],[112.61563,-7.43724],[112.61582,-7.43695],[112.61606,-7.43658],[112.616075892,-7.43652041099994],[112.61608024,-7.43650410999993],[112.61609427,-7.43645148999998],[112.6161,-7.43643],[112.61617,-7.43596],[112.61617942,-7.43588936999991],[112.61618831,-7.43582265999991],[112.616189493,-7.43581379099994],[112.61623,-7.43551],[112.61631,-7.43509],[112.6164,-7.4345],[112.61654,-7.43369],[112.61667,-7.43288],[112.61671,-7.43255],[112.61709,-7.43265],[112.61738,-7.43263],[112.61764,-7.43261],[112.61803,-7.43258],[112.61883,-7.43258],[112.61909,-7.43261],[112.61941,-7.43264],[112.61991,-7.43259],[112.620084555,-7.43255866999997],[112.620396031,-7.432400048],[112.621033009,-7.43207455899992],[112.621652489,-7.43176306899997],[112.622023476,-7.43149007799995],[112.622222969,-7.43111909099998],[112.622322691,-7.43103256799998],[112.62253,-7.43046],[112.62263,-7.43013],[112.62288,-7.42932],[112.62304,-7.42871],[112.6234,-7.42746],[112.62341954,-7.4274013699999],[112.62391309,-7.42765610999994],[112.62475188,-7.42798878999994],[112.62557758,-7.42837490999994],[112.625950176,-7.42848611999994],[112.62643273,-7.42863014999992],[112.62776781,-7.42900537000001],[112.628967651,-7.42935456799996],[112.6289713,-7.42935563000001],[112.62896227,-7.42938634999997],[112.62893282,-7.42949651999992],[112.62892622,-7.42957976999995],[112.62892,-7.4296],[112.62891,-7.42971],[112.6289,-7.42984],[112.6289,-7.42989684000001],[112.6289,-7.42994],[112.6289,-7.42998272999995],[112.6289,-7.42999319599992],[112.6289,-7.43021],[112.62884,-7.43062],[112.62871,-7.4313],[112.62847,-7.43253],[112.62841,-7.4328],[112.62838868,-7.43288526999993],[112.628380977,-7.43291609999995],[112.62838022,-7.43291912999996],[112.62838,-7.43292],[112.62838079,-7.43292010999994],[112.628384162,-7.43292059199997],[112.6283959,-7.43292226999996],[112.62845,-7.43293],[112.62904,-7.43306],[112.62986,-7.43326],[112.63050683,-7.43338936999995],[112.6304253,-7.43361379999993],[112.63042296,-7.43362733000002],[112.63042148,-7.43362688999996],[112.63003099,-7.43476998999996],[112.62940926,-7.43661554999996],[112.62921074,-7.43717182999995],[112.62906226,-7.43764034],[112.628855664,-7.43817374899994],[112.62885528,-7.43817473999997],[112.628837817,-7.43821982199996],[112.629046047238077,-7.438285578862416],[112.628832826843265,-7.439189886693908],[112.628763349870709,-7.439343739650272],[112.628641127956897,-7.439592427753031],[112.628373324820231,-7.439467448827201],[112.628294722958614,-7.439612205749327],[112.628267821040751,-7.439659130555826],[112.628155272965301,-7.439587468296497],[112.62794648,-7.43945494999995],[112.627938717,-7.43944967399992],[112.62750244,-7.43915316999994],[112.62728102,-7.43899827999996],[112.62704868,-7.43885756999989],[112.62690165,-7.43875982999996],[112.62681221,-7.43872549],[112.62681192,-7.43872623999995],[112.62681178,-7.43872660099993],[112.62680675,-7.43873950999996],[112.6267403,-7.43891017999997],[112.62665404,-7.43909555999992],[112.62661477,-7.43913482999993],[112.62654714,-7.43914136999997],[112.62652615,-7.43913836999997],[112.62647079,-7.43913046999996],[112.62638571,-7.43910428999992],[112.62634208,-7.43911737999994],[112.62631372,-7.43915663999997],[112.62625482,-7.43927662999993],[112.626147413,-7.43942671199994],[112.625935166,-7.43972328799992],[112.62592541,-7.43973691999995],[112.625604767,-7.44021025599996],[112.62560513,-7.44021039699993],[112.625542702,-7.44030017199996],[112.625516321,-7.44029559999997],[112.625417845,-7.44029274499995],[112.625088165,-7.44031700699997],[112.625049119,-7.44032196699994],[112.624869551,-7.44024949899996],[112.624735294,-7.44019531799993],[112.6246254,-7.44016820099995],[112.62443273,-7.44013965700002],[112.624070225,-7.44009255999991],[112.623958905,-7.44007686099997],[112.623463672,-7.44003975399995],[112.623056924,-7.43998694899993],[112.622968438,-7.439966968],[112.622862219,-7.43993541699996],[112.622824293,-7.43992415199996]]]]}},
{"type":"Feature","properties":{"kdkab":"15","kdkec":"090","nmkab":"SIDOARJO","nmkec":"WONOAYU","kddesa":"016","kdprov":"35","nmdesa":"PAGERNGUMBUK","nmprov":"JAWA TIMUR","iddesa":"3515090016"},"geometry":{"type":"MultiPolygon","coordinates":[[[[112.61689269,-7.43146327999995],[112.6169,-7.43142],[112.61690184,-7.43140433999996],[112.61696,-7.43091],[112.61699,-7.43082],[112.61701,-7.43072],[112.61689,-7.4307],[112.6168,-7.43068],[112.61576,-7.4301],[112.61561,-7.43002],[112.61484,-7.42961],[112.61465329,-7.42950783999993],[112.61445048,-7.42939686999996],[112.614446117,-7.42939448199995],[112.61431,-7.42932],[112.61363,-7.42894],[112.61336059,-7.42882325999993],[112.61348666,-7.42843082999998],[112.61376589,-7.42764330999998],[112.61416511,-7.42693213999996],[112.61453814,-7.42624495999994],[112.6145518,-7.42617114999994],[112.61455186,-7.42617109999996],[112.614553733,-7.42617434999991],[112.6145545,-7.42617568000001],[112.61455488,-7.42617659999998],[112.61457097,-7.42621501999997],[112.6146026,-7.42623573999997],[112.6147444,-7.42603285999996],[112.6150858,-7.42548311999996],[112.61516434,-7.42532386999996],[112.61542612,-7.42431383999995],[112.615494241,-7.42411231399996],[112.615685137338502,-7.423530425094843],[112.615865086125879,-7.422936364311151],[112.615981200518249,-7.422651293220866],[112.616128255636454,-7.422310317298121],[112.616283741500126,-7.422145914355665],[112.616350900345878,-7.421973783800459],[112.61658238,-7.4215695899999],[112.61660600679167,-7.421539147800527],[112.616325186,-7.42129639099994],[112.61629514,-7.42127385999993],[112.61621,-7.42121],[112.616100224,-7.421158001],[112.61602,-7.42112],[112.61582,-7.42105],[112.61573,-7.42099],[112.61565669,-7.42097777999989],[112.61562627,-7.42090713999992],[112.6156312,-7.42076916999995],[112.61563282,-7.42072389999994],[112.61571789,-7.42047738999998],[112.61583252,-7.42021596999995],[112.61584224,-7.42019378999995],[112.615836363,-7.42017517899997],[112.61582915,-7.42015233999994],[112.61565899,-7.42004980999997],[112.61524887,-7.41986437999995],[112.61503727,-7.41978366999998],[112.61486667,-7.41974454],[112.61479759,-7.41971822299995],[112.61478873,-7.41971298999994],[112.61473259,-7.41969352999998],[112.61461639,-7.419665],[112.61449204,-7.41963228],[112.61444841,-7.41963445999994],[112.61442984,-7.41963801999997],[112.614414319,-7.41964629799996],[112.614251828,-7.41965476099996],[112.61409712,-7.41958573799997],[112.613977902,-7.419504977],[112.61392434,-7.41967018799993],[112.613905327,-7.41981414299993],[112.613783101,-7.42004320400002],[112.613757606,-7.42021],[112.61369,-7.42021],[112.6132,-7.42027],[112.61261,-7.42029],[112.61239,-7.41982],[112.612285149,-7.419662724],[112.61217,-7.41949],[112.611913727,-7.41933784499997],[112.61185,-7.4193],[112.61155,-7.41923],[112.61124,-7.4192],[112.61103,-7.41923],[112.61068,-7.41937],[112.61056,-7.41939],[112.61048,-7.41935],[112.61042,-7.41927],[112.61037,-7.41905],[112.61039,-7.41857],[112.61042,-7.41826],[112.61051,-7.41786],[112.61052,-7.41734],[112.61059,-7.41699],[112.61071,-7.41614],[112.61077,-7.41596],[112.61095,-7.41571],[112.61102,-7.41571],[112.61137,-7.41579],[112.61224,-7.41593],[112.61235,-7.41595],[112.61318,-7.41611],[112.61319297,-7.41611235999996],[112.61319304,-7.41611233999994],[112.61323463,-7.41609447999996],[112.61331904,-7.41605823999992],[112.61378685,-7.41613441999993],[112.61470963,-7.41629693999994],[112.61554515,-7.41644201],[112.61650283,-7.41661434999995],[112.61658463,-7.41660234999998],[112.61672534,-7.41652490999996],[112.61679297,-7.41646382999993],[112.61685078,-7.41637001999993],[112.61686605,-7.41630238999993],[112.61694624,-7.416293],[112.61707,-7.41626],[112.61725,-7.41624],[112.61746,-7.41621],[112.61758,-7.41621],[112.61772,-7.4162],[112.61787,-7.41619],[112.61793851,-7.41615574],[112.617944178,-7.41615290699997],[112.61797,-7.41614],[112.61802,-7.41603],[112.61806,-7.4159],[112.61809,-7.41575],[112.61811637,-7.41567087999992],[112.61820358,-7.41565475999996],[112.61827775,-7.41563730999995],[112.61832793,-7.4155653199999],[112.61832793,-7.41519881999995],[112.6183672,-7.41481051999994],[112.61840428,-7.41429131999998],[112.61839992,-7.41397935999993],[112.61848063,-7.41381574999996],[112.61854826,-7.4137623],[112.618553571,-7.41375618699998],[112.619216125,-7.41380832199997],[112.619201456,-7.41358486499996],[112.619225857,-7.41359012199997],[112.61932415,-7.41361129999996],[112.61948086,-7.41364504999998],[112.61992152,-7.41376284999992],[112.62053464,-7.4139828099999],[112.62055681,-7.41399076999992],[112.62069377,-7.41403989999997],[112.62226664,-7.414594],[112.62401839,-7.41522008999996],[112.6243827,-7.41534498999994],[112.62436576,-7.41539441999991],[112.62432,-7.41555],[112.62421,-7.41615],[112.62415,-7.41643],[112.62396799,-7.41728803999997],[112.623967891,-7.41728850799994],[112.62394,-7.41742],[112.62392,-7.41749],[112.62377,-7.41794],[112.62366,-7.41819],[112.62338,-7.41887],[112.62335,-7.41905],[112.623321731,-7.41922528199995],[112.6233,-7.41936],[112.62325,-7.41963],[112.62316,-7.42007],[112.62293,-7.42107],[112.62263,-7.42234],[112.62258,-7.4226],[112.62256,-7.42266],[112.62246,-7.42267],[112.62227,-7.42267],[112.62207,-7.42261],[112.62176,-7.42239],[112.62149,-7.42215],[112.62135,-7.42206],[112.62127,-7.42205],[112.62111,-7.42214],[112.62075,-7.42239],[112.62062,-7.42245],[112.62049,-7.42245],[112.62037,-7.4224],[112.62023,-7.42225],[112.620215975,-7.42222594899995],[112.62021573,-7.42222552999993],[112.62016,-7.42213],[112.62011,-7.42199],[112.62004,-7.42185],[112.61992,-7.42175],[112.61978,-7.42172],[112.61969,-7.42172],[112.619689664,-7.42172],[112.61967744,-7.42172],[112.61963,-7.42172],[112.6194,-7.42165],[112.61898,-7.4216],[112.61883216,-7.42158521999994],[112.618791691,-7.42158116999998],[112.61878,-7.42158],[112.61877997,-7.42158014999994],[112.61876,-7.4217],[112.61869,-7.42206],[112.61868,-7.42212],[112.618630652,-7.42279189099998],[112.618586752,-7.42338960699996],[112.61855,-7.42389],[112.61858202,-7.42411413999996],[112.61861,-7.42431],[112.6187,-7.42458],[112.61882,-7.42479],[112.61888187,-7.42486733999993],[112.61888942,-7.42487676999998],[112.618890294,-7.424877863],[112.6189,-7.42489],[112.61890528,-7.42489263999992],[112.618932791,-7.42490639499995],[112.61896,-7.42492],[112.61934,-7.42518],[112.61977,-7.42564],[112.62008,-7.42578],[112.6204,-7.42582],[112.6206,-7.42588],[112.62074,-7.42593],[112.62088,-7.426],[112.62118,-7.42615],[112.62126087,-7.42619235999993],[112.62139,-7.42626],[112.62186,-7.42645],[112.62198,-7.42647],[112.6221,-7.42649],[112.62224,-7.42652],[112.62334,-7.42672],[112.62349024,-7.42680346999993],[112.62352687,-7.42682254999994],[112.62354418,-7.42683156999994],[112.62357609,-7.42684246999996],[112.62357615,-7.42684237999992],[112.62360621,-7.42685580999994],[112.623601875,-7.42686886999998],[112.62345678,-7.42730603999996],[112.62343984,-7.42733991999995],[112.62344,-7.42734],[112.62341954,-7.4274013699999],[112.6234,-7.42746],[112.62304,-7.42871],[112.62288,-7.42932],[112.62263,-7.43013],[112.62253,-7.43046],[112.622322691,-7.43103256799998],[112.622222969,-7.43111909099998],[112.622023476,-7.43149007799995],[112.621652489,-7.43176306899997],[112.621033009,-7.43207455899992],[112.620396031,-7.432400048],[112.620084555,-7.43255866999997],[112.61991,-7.43259],[112.61941,-7.43264],[112.61909,-7.43261],[112.61883,-7.43258],[112.61803,-7.43258],[112.61764,-7.43261],[112.61738,-7.43263],[112.61709,-7.43265],[112.61671,-7.43255],[112.61677,-7.43219],[112.616892249,-7.431465895],[112.61689269,-7.43146327999995]]]]}},
{"type":"Feature","properties":{"kdkab":"15","kdkec":"090","nmkab":"SIDOARJO","nmkec":"WONOAYU","kddesa":"006","kdprov":"35","nmdesa":"SUMBEREJO","nmprov":"JAWA TIMUR","iddesa":"3515090006"},"geometry":{"type":"MultiPolygon","coordinates":[[[[112.65803105,-7.44270745999997],[112.65793,-7.44276],[112.65778955,-7.44276877999992],[112.65762556,-7.44273055000002],[112.65756521,-7.44272871999994],[112.65717909,-7.44272435999993],[112.65683143,-7.44276234999996],[112.65677987,-7.44276798999993],[112.656712425,-7.44277050199998],[112.65653498,-7.44277710999993],[112.65636975,-7.44278325999992],[112.65631101,-7.44278893999996],[112.655939,-7.44282494999992],[112.65589636,-7.44282906999997],[112.65570029794165,-7.442829585227551],[112.65563002,-7.44282997999994],[112.6552888,-7.44283113999997],[112.65524469,-7.44281591999993],[112.65498593,-7.44304922],[112.65473596,-7.44323782],[112.65471668,-7.443245722],[112.65444991,-7.44335505999994],[112.65437852,-7.44335877],[112.6540864,-7.44335251999996],[112.65398973,-7.44335044999996],[112.65385229,-7.44329590999994],[112.65371438,-7.443197975],[112.65370177,-7.44318901999998],[112.65354688,-7.44309520999996],[112.65339996,-7.44301703999998],[112.6533408,-7.44301002999994],[112.653306282,-7.442980333],[112.653207184,-7.44289507499994],[112.65320033,-7.44288918999995],[112.653195467212001,-7.4428815233439],[112.653042264164,-7.4428234613166],[112.652510679315483,-7.442590881383438],[112.652319938961526,-7.442508332837909],[112.65219148802295,-7.442444719039754],[112.652050856956606,-7.442363955914503],[112.652005867287727,-7.442371724361513],[112.651858970489727,-7.44230202196806],[112.651830139039859,-7.44231622030449],[112.651804388265433,-7.442371654030643],[112.65076533,-7.44210140999994],[112.650928686,-7.44146036999994],[112.65097509,-7.44127826999995],[112.651015660867486,-7.441119059468],[112.65107543,-7.44088450999992],[112.65107434,-7.44059304999995],[112.65108254,-7.44058526],[112.65107696,-7.44057942999997],[112.65115781,-7.44041065999995],[112.65131095,-7.44029768999994],[112.6513716,-7.44029745999994],[112.651412539,-7.44029248599996],[112.65156281,-7.44027422999994],[112.65159276,-7.44027058999996],[112.6517302,-7.44028585999995],[112.65180479,-7.44028294000002],[112.65182965,-7.44028195999994],[112.65184146,-7.44028149999995],[112.65196144,-7.44024113999995],[112.65199634,-7.44022586999997],[112.65207846,-7.44009526999998],[112.65208688,-7.44008188999995],[112.65215841,-7.44000714999992],[112.65230066,-7.43983101999997],[112.65236298,-7.43965651999996],[112.65236611,-7.43964776999994],[112.65238747,-7.43952497],[112.65240101,-7.43944706999994],[112.6523761,-7.43931085999995],[112.65236829,-7.43926818999993],[112.65224613,-7.43917874999991],[112.65223186,-7.43917728999997],[112.652215493,-7.43917561999996],[112.65203234,-7.43915693000001],[112.65185345,-7.43910675999992],[112.65170075,-7.43895841999995],[112.651661994,-7.43887826799992],[112.65160476,-7.43875989999997],[112.65160354,-7.43874268999998],[112.65152508,-7.43853785999994],[112.65152524,-7.43853791999996],[112.65152398,-7.43853568],[112.6514946,-7.43842544999994],[112.65149506,-7.43842466999995],[112.65148205,-7.43837690999994],[112.65145151,-7.43823401999994],[112.65143624,-7.43815440000002],[112.65137407,-7.43806276999993],[112.65125627,-7.43786097999991],[112.65119846,-7.43778026999998],[112.6511352,-7.43771045999995],[112.65111883,-7.43767118999993],[112.65113629,-7.43753157999991],[112.65125409,-7.43731014999997],[112.65126654,-7.43729032999995],[112.65135807,-7.43714454999998],[112.65137189,-7.43712253999997],[112.651410039,-7.43703132599996],[112.65141087,-7.43702934],[112.65141017,-7.43702219999996],[112.65140913,-7.43701153999998],[112.65135035,-7.43691747999996],[112.65130672,-7.43688911999995],[112.65116492,-7.43673641999994],[112.65112129,-7.43668624],[112.651117842,-7.43667700299994],[112.65106021,-7.43652262999996],[112.65096204,-7.43640918999996],[112.65079188,-7.43626738999996],[112.65070898,-7.43613431999992],[112.65069589,-7.43587908999995],[112.65070026,-7.43563475999997],[112.65071771,-7.43554967999995],[112.65074512,-7.43551862999993],[112.650835345,-7.43541642999998],[112.65096422,-7.43527044999995],[112.65101439,-7.43522026999997],[112.65103403,-7.43516790999995],[112.65101521,-7.43500607999993],[112.65101493,-7.43493164999996],[112.65099912,-7.43489740999995],[112.65091186,-7.43486686999996],[112.65086387,-7.43486249999996],[112.65088132,-7.43479269999995],[112.65090522,-7.43477511999991],[112.65095549,-7.43473815999992],[112.65106457,-7.43468579999996],[112.65117146,-7.43462471999994],[112.65123036,-7.43450255999993],[112.6512455,-7.43418038999996],[112.65124884,-7.43417569000001],[112.65125736,-7.43415460999997],[112.65127154,-7.43412596999998],[112.651278486,-7.43411728899995],[112.65128572,-7.43410824999991],[112.651298781,-7.43410508299995],[112.65130201,-7.43410429999996],[112.65130235,-7.43410268],[112.6513024,-7.43410247],[112.6520108,-7.4342315],[112.6526707,-7.43434766999995],[112.653080695,-7.43440670199995],[112.65343205,-7.43445728999997],[112.65400578,-7.43454454999995],[112.654456409,-7.43460858199994],[112.65461988,-7.43463180999993],[112.65510744,-7.43471470999998],[112.65520234,-7.43475178999994],[112.65522415,-7.43478723999993],[112.65522852,-7.43481450999997],[112.65522737,-7.43482],[112.65523132,-7.43482],[112.655236133,-7.43482],[112.65528,-7.43482],[112.65532891,-7.43482734],[112.65682838,-7.43508514999995],[112.65689393,-7.43469349999997],[112.65690692,-7.43464890999994],[112.65772498,-7.43502842999992],[112.658399865,-7.43532027299995],[112.659559593,-7.43582177699995],[112.65984443,-7.43594494999998],[112.65980339,-7.43613814999998],[112.65977669,-7.43625068999997],[112.6597538,-7.43634414999997],[112.65970802,-7.43649672999992],[112.65970421,-7.43660735999994],[112.65971947,-7.43671035999996],[112.65971184,-7.43682860999994],[112.65969276,-7.43693923999998],[112.65968132,-7.43706893999998],[112.659699833,-7.43714144899994],[112.65970421,-7.43715858999995],[112.6598072,-7.43716811999994],[112.65992165,-7.43716048999996],[112.660078889189549,-7.437119010557756],[112.660152230123671,-7.437157427237539],[112.660199377867045,-7.43728839319134],[112.660127783145626,-7.437452537186773],[112.660276211226616,-7.437697006967202],[112.660443847647471,-7.437894329004264],[112.660468294625517,-7.438047995723392],[112.660532503544871,-7.438148990525951],[112.660505549586446,-7.438296491505384],[112.66057209704482,-7.438365535480473],[112.660687734248327,-7.4384622897432],[112.660748617667437,-7.438542545924786],[112.660800409339629,-7.438619665132441],[112.66080666,-7.43869591],[112.660874684414551,-7.438787730250433],[112.660953257290899,-7.438853143214981],[112.660901598872485,-7.439001995157943],[112.660831088061869,-7.439071926608547],[112.660777980320177,-7.439167088815477],[112.66077624131691,-7.439183620210058],[112.660772312989224,-7.439208448179218],[112.660758425050631,-7.4392427771263],[112.660769215506591,-7.439319873714258],[112.66080117649426,-7.439357753403353],[112.660852077326481,-7.439396816832733],[112.660847342365344,-7.439440615223251],[112.660846101,-7.43946422699994],[112.66420555,-7.44056891999996],[112.66663933,-7.44141578999997],[112.6666584,-7.44142341999997],[112.666852899,-7.44148713399993],[112.66685475,-7.44148773999996],[112.66787529,-7.44182204999996],[112.66798973,-7.44188880999996],[112.668191663,-7.44195504199997],[112.66858304,-7.44208340999995],[112.6689434,-7.4422016099999],[112.66894383,-7.44220174999997],[112.66894386,-7.44220158999997],[112.66898895,-7.44221631999997],[112.66949,-7.44238],[112.66979,-7.44247],[112.669909237710399,-7.442509358551446],[112.670463008552275,-7.44270736116404],[112.67066004,-7.44277368999997],[112.670891767,-7.44286186099994],[112.670806971,-7.44340715999992],[112.670762206,-7.44368001499995],[112.670673984,-7.44421775099994],[112.670555332,-7.44471081499993],[112.670519411,-7.44470508299998],[112.67048835,-7.44468308099994],[112.67048836,-7.44468688999996],[112.67048836,-7.44470977999995],[112.67047745,-7.44483911999991],[112.67046165,-7.44502651999994],[112.67040006,-7.44575683999994],[112.67036773,-7.44614024999993],[112.67033958,-7.44647407999998],[112.67033577,-7.44650840999997],[112.67023682,-7.44656358999994],[112.67022814,-7.44654501999995],[112.67018177,-7.44644573999997],[112.67010148,-7.44631989999993],[112.67000836,-7.44632024999992],[112.66990707,-7.44623088999997],[112.66985475,-7.44615484999997],[112.66984752,-7.44600217999991],[112.66984752,-7.44600162999993],[112.66984749,-7.44599397999997],[112.66984702,-7.44586940999996],[112.6698512,-7.44575747999992],[112.66983758,-7.44572874999993],[112.66983728,-7.44572812999998],[112.66971247,-7.44575353999997],[112.66963594,-7.44576911999997],[112.66947131,-7.44570217999992],[112.66940889,-7.44571200999996],[112.66936754,-7.44571851999995],[112.66935932,-7.44571423999994],[112.6693036,-7.44568522999996],[112.66924092,-7.4456526],[112.6691984,-7.445599],[112.66919899,-7.44559668999993],[112.669173221,-7.44556448699993],[112.66916847,-7.44555854999993],[112.66907311,-7.44545363999995],[112.66897392,-7.44538116999998],[112.66888237,-7.44529532999995],[112.66879463,-7.44525528000001],[112.66868782,-7.44516945000001],[112.66859245,-7.44507216999994],[112.66853523,-7.44497107999993],[112.6684742,-7.44486426999993],[112.66837883,-7.44481849999996],[112.66834068,-7.44479941999997],[112.66817284,-7.444767],[112.66814232,-7.444767],[112.66798973,-7.44477462999993],[112.66778755,-7.44478034999997],[112.66772652,-7.44478225999995],[112.66755867,-7.44478797999996],[112.66747856,-7.44473838999995],[112.667465167,-7.44472499499993],[112.66740227,-7.44466208999996],[112.66732979,-7.44458008],[112.66729164,-7.44451523000002],[112.66721916,-7.44443512000001],[112.66713142,-7.44437789999993],[112.66695976,-7.44426154999995],[112.666867843974757,-7.44424522699415],[112.666782862859264,-7.44424522699415],[112.666698702817357,-7.444235374111194],[112.666634659078142,-7.444237016258353],[112.666572257486081,-7.444225521228237],[112.666522993071297,-7.444227163375396],[112.666463875773545,-7.444243584846991],[112.666419537800238,-7.444251795582788],[112.666331696271044,-7.444335345913024],[112.666281393029308,-7.444378344672026],[112.666245446735005,-7.444412008671252],[112.666210334674645,-7.444421629485561],[112.666164657362629,-7.444421441055042],[112.666124616983254,-7.444429361425152],[112.66607668706763,-7.444338857594402],[112.66599998949556,-7.44417094986273],[112.665901233542144,-7.444081076418472],[112.665716553765066,-7.443870720391986],[112.665587330853342,-7.443809913238125],[112.665457919511084,-7.443794783396283],[112.665304669973764,-7.443805491970009],[112.6651301,-7.44385875999996],[112.66490976,-7.44394056999993],[112.66482897,-7.44396401999996],[112.6647407,-7.44398964999993],[112.66466762,-7.44397219999997],[112.66465377,-7.44396266999998],[112.66465016,-7.44396019999995],[112.66458254,-7.44391547999993],[112.66450837,-7.44385439999998],[112.664446997,-7.44382296199993],[112.66441892,-7.44380857999994],[112.664301657984012,-7.443750740867536],[112.664201375742323,-7.443750852213316],[112.66407031134915,-7.443754616830573],[112.663946426736146,-7.443748855419968],[112.663769259634236,-7.443728278218383],[112.663623032280512,-7.443716754254789],[112.663451785328206,-7.443686540821949],[112.663383387272049,-7.443670402590193],[112.663383147272057,-7.443670442590164],[112.663342370479043,-7.443660467725019],[112.663301023075832,-7.443654311751663],[112.663253232129804,-7.44364489086194],[112.663172522129798,-7.44362416086201],[112.663051301022534,-7.443607078459882],[112.6629427523836,-7.443600120228843],[112.662839430697616,-7.443547925499376],[112.662808364186716,-7.443467781930445],[112.662788807364848,-7.443372144790819],[112.66277261932926,-7.443287854762292],[112.662764368474825,-7.443187231474773],[112.66273150673328,-7.443084083944734],[112.662599496760322,-7.443011609505219],[112.662505307681826,-7.442985599218462],[112.662372290461335,-7.442953653365148],[112.662204932604268,-7.442922510911897],[112.662132047042675,-7.442899633713518],[112.662088095575328,-7.442877418592395],[112.662048328429407,-7.442855500391454],[112.661998572449264,-7.442800376421078],[112.661951556137097,-7.442742953596281],[112.661920338741666,-7.442690469788817],[112.66189441,-7.44261309999995],[112.661877450618206,-7.442589775933676],[112.66183333,-7.44252692999994],[112.661806906,-7.44250191799995],[112.66175152,-7.44244948999997],[112.66164245,-7.44241021999996],[112.66157155,-7.44243203999995],[112.66150501,-7.44246911999995],[112.66144829,-7.44247348999994],[112.66139902,-7.44245510999998],[112.66138394,-7.44244948999997],[112.66132581,-7.44239734999998],[112.66130977,-7.44238294999997],[112.6612236,-7.44229132999994],[112.66106871,-7.44223460999996],[112.66084947,-7.44221279999995],[112.66057569,-7.44218334999996],[112.66051256,-7.44218102999998],[112.66050102,-7.44218441999995],[112.660499896,-7.44218474999997],[112.660495701,-7.44218598299991],[112.66046522,-7.44219494],[112.66037063,-7.44226187999995],[112.66028555,-7.44227278999996],[112.66018084,-7.44224878999994],[112.6601263,-7.44218334999996],[112.66003032,-7.44212880999994],[112.6599147,-7.44210917999993],[112.65982089,-7.44207208999996],[112.65980998,-7.44196082999995],[112.65982526,-7.44179939999998],[112.65983398,-7.44168595999997],[112.65984467,-7.44163480999993],[112.65986452,-7.44153979999992],[112.65987991,-7.44147057],[112.6598907,-7.441422],[112.65984489,-7.44135873999993],[112.65970091,-7.44139363999994],[112.65963743,-7.44141648999993],[112.65959183,-7.44143290999996],[112.6595482,-7.44149398999994],[112.65954166,-7.44160306999995],[112.65961147,-7.44173176999996],[112.65964419,-7.44181903],[112.659666,-7.44191066],[112.65964598,-7.4419597099999],[112.65960165,-7.44200429999997],[112.6594655,-7.44205520999995],[112.65931042,-7.44211789999992],[112.65911173,-7.44214549999995],[112.65908685,-7.44214894999995],[112.65907482,-7.44215061999995],[112.65892866,-7.44216588999995],[112.65888908,-7.44217495999991],[112.65878634,-7.44219846999994],[112.65874759,-7.44220733999994],[112.65869305,-7.4421637099999],[112.65861617,-7.44211136999997],[112.6585589,-7.44211793999997],[112.658558367,-7.44211800099992],[112.65842037,-7.44213382999995],[112.65803105,-7.44270745999997]]]]}},
{"type":"Feature","properties":{"kdkab":"15","kdkec":"090","nmkab":"SIDOARJO","nmkec":"WONOAYU","kddesa":"022","kdprov":"35","nmdesa":"KARANGPURI","nmprov":"JAWA TIMUR","iddesa":"3515090022"},"geometry":{"type":"MultiPolygon","coordinates":[[[[112.63487929,-7.41424857999992],[112.63487056,-7.41461506999995],[112.63487056,-7.41498264999996],[112.63493055,-7.41510590999997],[112.6351258,-7.41551602999991],[112.63523269,-7.41578871999998],[112.63526486,-7.41593073999994],[112.63527741,-7.41598613999998],[112.63528343,-7.41603854999994],[112.63532595,-7.41640880999995],[112.63532643,-7.41641151999991],[112.63532634,-7.41641150999994],[112.63532575,-7.41641145999996],[112.63529565,-7.41638518999998],[112.63524111,-7.41637100999998],[112.63522738,-7.4163695],[112.63522546,-7.41636886000001],[112.63506185,-7.41634486999992],[112.634950009,-7.41633462699998],[112.63482611,-7.41632327999995],[112.63482,-7.41625],[112.63480759,-7.41615689999997],[112.6348088,-7.41602636999992],[112.63479134,-7.41591292999992],[112.6347608,-7.41576022],[112.63475862,-7.41568822999995],[112.63461682,-7.41569259999993],[112.63447939,-7.41564896999995],[112.63437468,-7.41552243999997],[112.63430487,-7.41538718999993],[112.6341478,-7.41533918999991],[112.63399946,-7.41531955999995],[112.63387293,-7.41518430999998],[112.63372459,-7.41509049999994],[112.63346717,-7.41502724000001],[112.63339039,-7.41503325999998],[112.63337118,-7.41502941999994],[112.633296785,-7.41502769099998],[112.63318358,-7.41502505999996],[112.6328738,-7.41485053999994],[112.63248986,-7.41463674999992],[112.6324026,-7.41454511999997],[112.63229352,-7.41447531999993],[112.63212773,-7.41444040999996],[112.63209825,-7.41456567999995],[112.63209579,-7.41456451999994],[112.63171152,-7.41438206999994],[112.63168093,-7.41436754999998],[112.631004728,-7.41404648699994],[112.63099888,-7.41404370999991],[112.63097468,-7.41403221999997],[112.63097,-7.41403],[112.63019,-7.41364],[112.62993,-7.41351],[112.62968,-7.41333],[112.6296619,-7.41331328999998],[112.62952084,-7.41321889],[112.629492226,-7.41318279299996],[112.62947285,-7.41315834999995],[112.62947285,-7.41299364999995],[112.62948322,-7.41291068999992],[112.62948161,-7.41287283999997],[112.62947985,-7.41283144999994],[112.62947,-7.4126],[112.629470703,-7.41259250099996],[112.62947504,-7.41254621999995],[112.629479977079001,-7.41229198727819],[112.62948294,-7.41207059999993],[112.62947978,-7.41161550999994],[112.629479672,-7.41159994999998],[112.62947858,-7.41144232999998],[112.62950694,-7.41115436999995],[112.6294806,-7.41105872999998],[112.62905,-7.41075],[112.62868,-7.41048],[112.62861,-7.41043],[112.62834,-7.41024],[112.628273451140998,-7.41020685625654],[112.62819784,-7.41017055999992],[112.62803,-7.41009],[112.62774,-7.40995],[112.62752,-7.40984],[112.6272,-7.40968],[112.62699,-7.40951],[112.6269,-7.40935],[112.6267,-7.40897],[112.62647,-7.40853],[112.62644,-7.40844],[112.62634,-7.40823],[112.62614,-7.40795],[112.62608,-7.4079],[112.62585,-7.4077],[112.62567,-7.40751],[112.6256,-7.40738],[112.6255656,-7.40743274999993],[112.62483468,-7.4070139],[112.62432829,-7.40685198999995],[112.62451712,-7.40615535999996],[112.62451654,-7.40615510999995],[112.62451622,-7.40615496999991],[112.624532357,-7.40610048799995],[112.624533961,-7.40609507199998],[112.62453533,-7.40609044999997],[112.62452315,-7.40608858999997],[112.6243934,-7.40607755999996],[112.62438135,-7.40607058999995],[112.62435218,-7.40605013999995],[112.624337366,-7.40603584099995],[112.624325804,-7.40602771499995],[112.624300912,-7.40592100099993],[112.624399413,-7.40521547699996],[112.624423844,-7.40508578],[112.624444899,-7.40491748999996],[112.62449018,-7.40477975499996],[112.624500188,-7.40474931499996],[112.624530776,-7.40458330199993],[112.62454826,-7.40451643699994],[112.624557755,-7.40444715999997],[112.62454062,-7.40435806599992],[112.62454388,-7.40432374999997],[112.62456481,-7.40424765999993],[112.62459275,-7.40414611399994],[112.624654535,-7.40404201599996],[112.624672231,-7.4039953559999],[112.624683018,-7.40395863299993],[112.624687361,-7.40391936399993],[112.624675648,-7.40385660899996],[112.624654326,-7.403772917],[112.624624933,-7.40369139499992],[112.624624088,-7.40367859099995],[112.624595721,-7.40363648499996],[112.624590564,-7.40362783999995],[112.624568378,-7.40359065399996],[112.624553114,-7.40354065399996],[112.624559464,-7.40348876399996],[112.624594199,-7.40342350199995],[112.62468924,-7.40328296099994],[112.624702421,-7.40320247299996],[112.624710874,-7.40306795199994],[112.624720369,-7.40299867499993],[112.624747984,-7.40294952700002],[112.62474839,-7.40293630999997],[112.62475633,-7.40288912999998],[112.62479837,-7.40263912999995],[112.62480947,-7.40257308999996],[112.62484601,-7.40247001999996],[112.62492182,-7.40237675999998],[112.62492171,-7.40236212],[112.62492125,-7.40230203999993],[112.62492006,-7.40229719999993],[112.62491773,-7.40219732999996],[112.62491882,-7.40213896999994],[112.62492319,-7.40210815999998],[112.624961,-7.40207979999993],[112.62501,-7.40207],[112.62521,-7.40221],[112.62529,-7.40225],[112.6253,-7.40215],[112.6253042,-7.40212216999989],[112.62531481,-7.40212374999994],[112.62604893,-7.40223346999993],[112.6261486,-7.40224469999995],[112.62662939,-7.40232022999993],[112.62690091,-7.40236080999994],[112.62797261,-7.40250037999992],[112.62805469,-7.40219968],[112.62805668,-7.40218907999995],[112.62809322,-7.40193071999995],[112.62820029,-7.40148122999993],[112.62825592,-7.40146249999995],[112.62826149,-7.40144208],[112.62829,-7.40145],[112.62829569,-7.40144909999995],[112.62848,-7.40142],[112.6288,-7.40143],[112.6295,-7.40141],[112.62967,-7.4014],[112.63029,-7.40138],[112.6304,-7.40137],[112.63049,-7.40138],[112.63058,-7.40138],[112.6308,-7.40137],[112.6311,-7.40136],[112.63167,-7.40134],[112.63214066,-7.40134783999996],[112.632141771,-7.40134785899994],[112.63227,-7.40135],[112.63239,-7.40135],[112.63256749817144,-7.40135],[112.63259,-7.40135],[112.6327,-7.40135],[112.632770235,-7.40135],[112.63277247,-7.40135],[112.63278,-7.40135],[112.63280026,-7.40135144999995],[112.63334,-7.40139],[112.63414199,-7.40145561999998],[112.63441588,-7.40135683999998],[112.634420453,-7.40135519099992],[112.63455437,-7.40130688999994],[112.63473481,-7.40122182999995],[112.63505531,-7.40107441999993],[112.63511535,-7.40100367999994],[112.63518595,-7.40082559999993],[112.63526676,-7.40082530999995],[112.63527254,-7.40081848999996],[112.63529736,-7.40054034],[112.63529948,-7.40051658999992],[112.63577039,-7.40058952999994],[112.63612571,-7.40058822999992],[112.63614222,-7.40080335999996],[112.63614863,-7.40088683999997],[112.63614574,-7.40093095999992],[112.636184,-7.40132094999996],[112.63620332,-7.40161241999994],[112.63622554,-7.40167739],[112.63635578,-7.40197113999992],[112.63668587,-7.40198168999998],[112.63674645,-7.40198146999995],[112.63678657,-7.40199198999992],[112.63684432,-7.40199451999995],[112.63692139,-7.40202734999998],[112.63694136,-7.40203259],[112.63695084,-7.40203988999993],[112.63706911,-7.40209026999998],[112.63708981,-7.40221540999994],[112.637110989,-7.40227807799995],[112.63712852,-7.40232994999995],[112.63911484,-7.40250876999993],[112.63925406,-7.40252255999998],[112.63925403,-7.40253850999995],[112.63925386,-7.40261775999994],[112.63924216,-7.40277084999997],[112.63916938,-7.40299149999994],[112.63916656,-7.40299843999994],[112.63915954,-7.40301572999993],[112.63916,-7.40302],[112.63916105,-7.40303102999996],[112.63918,-7.40323],[112.63923,-7.40366],[112.63925,-7.40378],[112.63929,-7.40394],[112.63930079,-7.40396157999995],[112.63954076,-7.40421423],[112.63955049,-7.40428963999993],[112.63982484,-7.40439236],[112.63985357,-7.404496],[112.639850487960871,-7.40462369495501],[112.63983718,-7.40517506999997],[112.63978196,-7.40557136999996],[112.63977868,-7.40564584999992],[112.63998614,-7.40566915999991],[112.64016465,-7.40571300999994],[112.64040005,-7.40573192999995],[112.64053884,-7.40575366999996],[112.64070027,-7.40578654999994],[112.640789221,-7.40580466999996],[112.64078777,-7.40581330999995],[112.64077225,-7.40590611999993],[112.64067989,-7.40638245999998],[112.64064349,-7.40658782],[112.64058032,-7.40692063999992],[112.64067496,-7.40705875999993],[112.64068695,-7.40706111],[112.64067,-7.40713],[112.64062,-7.40721],[112.64054,-7.40742],[112.64035,-7.40807],[112.64033066,-7.40809636999996],[112.64024325,-7.40821555999997],[112.64012037,-7.408299],[112.64006638,-7.40833444999992],[112.63987295,-7.40842759999991],[112.63982,-7.40845],[112.639403922,-7.40858546699997],[112.63939,-7.40859],[112.63903,-7.4086],[112.6388,-7.40858],[112.63867,-7.40855],[112.63853,-7.40852],[112.63814,-7.40842],[112.63791679,-7.40836533],[112.637705433,-7.40832314299996],[112.63758949,-7.4083],[112.63753,-7.4083],[112.637527041,-7.40830008699995],[112.63752524,-7.40830013999996],[112.63731038,-7.40830665999993],[112.63729302,-7.40830413],[112.63727623,-7.40830608999996],[112.63697082,-7.40827335999998],[112.63670904,-7.40825154999994],[112.63635346,-7.40825590999997],[112.63610966,-7.40825441999993],[112.63599787,-7.40825372999992],[112.63589731,-7.40827007999996],[112.63555502,-7.40832571999994],[112.63536298,-7.40835952999995],[112.63535792,-7.40835989999994],[112.6353579,-7.40836013999994],[112.635357545,-7.40836681199996],[112.63534422,-7.40861715999994],[112.63540639,-7.40894110999995],[112.63550783,-7.40925196999996],[112.63557873,-7.40943630999994],[112.63557655,-7.40953992999993],[112.63569326,-7.40976680999994],[112.63583942,-7.40998386999998],[112.6358497,-7.41001749999997],[112.63586342,-7.41006239999996],[112.63586353,-7.41006305999997],[112.63589069,-7.41022710999995],[112.63589614,-7.41056414999994],[112.63586082,-7.41071934999996],[112.63585161,-7.41073893999994],[112.635849678,-7.41074304999996],[112.63580101,-7.41084661000001],[112.63576541,-7.41088879999995],[112.63568562,-7.41104953999995],[112.63560741,-7.41114465999995],[112.63552419,-7.41124586999997],[112.635484904,-7.41126622499996],[112.63534313,-7.41133967999997],[112.63527332,-7.41142256999996],[112.63524169,-7.41152837999994],[112.63518676,-7.41172665999991],[112.63517733,-7.41176070999994],[112.63516971,-7.41178594999994],[112.63511734,-7.41195921999997],[112.63511407,-7.41208029999993],[112.63521395,-7.41230797999998],[112.63523115,-7.41235549999995],[112.635231679,-7.41235696199995],[112.63532034,-7.41260191999991],[112.63531765,-7.41277436],[112.635296385097007,-7.41286398809858],[112.63520526,-7.41324806999998],[112.635198144,-7.41327065599994],[112.635090659417003,-7.413248283758],[112.635002025128003,-7.41383559450999],[112.635019478,-7.41383748399992],[112.63497433,-7.41398071999988],[112.63487929,-7.41424857999992]]]]}},
{"type":"Feature","properties":{"kdkab":"15","kdkec":"090","nmkab":"SIDOARJO","nmkec":"WONOAYU","kddesa":"021","kdprov":"35","nmdesa":"BECIRONGENGOR","nmprov":"JAWA TIMUR","iddesa":"3515090021"},"geometry":{"type":"MultiPolygon","coordinates":[[[[112.63984699,-7.41818797999997],[112.63982387,-7.41822724999997],[112.63980202,-7.41831384999994],[112.63956657,-7.41879074999997],[112.63951903,-7.41888705],[112.63945104,-7.41895503999997],[112.63940701,-7.41901467999996],[112.63938341,-7.41904665999995],[112.639335298,-7.41913870999997],[112.63933361,-7.41914194],[112.63933324,-7.41914264999997],[112.63919144,-7.41914045999994],[112.63910636,-7.41917972999995],[112.63901692,-7.419195],[112.63894711,-7.41921681999998],[112.63890323,-7.41920511999997],[112.63888068,-7.41919909999994],[112.63881622,-7.41918190999995],[112.638793023,-7.41918190999995],[112.63872678,-7.41918190999995],[112.6386766,-7.41920154999996],[112.63856317,-7.41916663999995],[112.63831557,-7.41909355999997],[112.63802215,-7.41901175999996],[112.63790217,-7.41887868],[112.63783563,-7.41878051999991],[112.63778635,-7.41869154999994],[112.637783298,-7.41869050299995],[112.63777983,-7.41868931999992],[112.63777,-7.41869],[112.63759,-7.41865],[112.63746777,-7.41867820999994],[112.63728808,-7.41866489999995],[112.637179,-7.41879141999992],[112.6370612,-7.41888304999997],[112.63691286,-7.41902265999994],[112.63687886,-7.41911157999993],[112.63687585,-7.4191144399999],[112.63692158,-7.41920590999996],[112.63700012,-7.41933243999996],[112.636991091,-7.41934823799993],[112.63696521,-7.41939352000001],[112.63687359,-7.41944587999994],[112.636737973,-7.41948825599995],[112.63661843,-7.41944850999988],[112.6364591,-7.41942841999992],[112.63635439,-7.41940005999987],[112.63629549,-7.41930843999995],[112.63626059,-7.41912955999987],[112.636261398,-7.41901099799992],[112.6362616,-7.41898139999994],[112.63626165,-7.41897281999994],[112.63626384,-7.41896333999995],[112.63632,-7.41872],[112.63635245,-7.41859946999996],[112.63638476,-7.41847948],[112.636434681,-7.41837784799998],[112.63646674,-7.41831257999994],[112.63652128,-7.41820132999992],[112.63649123,-7.41806255999994],[112.6364821,-7.41802035999994],[112.63645377,-7.41800510999997],[112.63611676,-7.41766340999995],[112.63597438,-7.41743951999998],[112.6356156,-7.41724134999995],[112.63558401,-7.41720222999995],[112.635579437,-7.41719656699997],[112.63548176,-7.41707560999992],[112.63536365,-7.41666044999992],[112.63532634,-7.41641150999994],[112.63532643,-7.41641151999991],[112.63532595,-7.41640880999995],[112.63528343,-7.41603854999994],[112.63527741,-7.41598613999998],[112.63526486,-7.41593073999994],[112.63523269,-7.41578871999998],[112.6351258,-7.41551602999991],[112.63493055,-7.41510590999997],[112.63487056,-7.41498264999996],[112.63487056,-7.41461506999995],[112.63487929,-7.41424857999992],[112.63497433,-7.41398071999988],[112.635019478,-7.41383748399992],[112.635002025128003,-7.41383559450999],[112.635090659417003,-7.413248283758],[112.635198144,-7.41327065599994],[112.63520526,-7.41324806999998],[112.635296385097007,-7.41286398809858],[112.63531765,-7.41277436],[112.63532034,-7.41260191999991],[112.635231679,-7.41235696199995],[112.63523115,-7.41235549999995],[112.63521395,-7.41230797999998],[112.63511407,-7.41208029999993],[112.63511734,-7.41195921999997],[112.63516971,-7.41178594999994],[112.63517733,-7.41176070999994],[112.63518676,-7.41172665999991],[112.63524169,-7.41152837999994],[112.63527332,-7.41142256999996],[112.63534313,-7.41133967999997],[112.635484904,-7.41126622499996],[112.63552419,-7.41124586999997],[112.63560741,-7.41114465999995],[112.63568562,-7.41104953999995],[112.63576541,-7.41088879999995],[112.63580101,-7.41084661000001],[112.635849678,-7.41074304999996],[112.63585161,-7.41073893999994],[112.63586082,-7.41071934999996],[112.63589614,-7.41056414999994],[112.63589069,-7.41022710999995],[112.63586353,-7.41006305999997],[112.63586342,-7.41006239999996],[112.6358497,-7.41001749999997],[112.63583942,-7.40998386999998],[112.63569326,-7.40976680999994],[112.63557655,-7.40953992999993],[112.63557873,-7.40943630999994],[112.63550783,-7.40925196999996],[112.63540639,-7.40894110999995],[112.63534422,-7.40861715999994],[112.635357545,-7.40836681199996],[112.6353579,-7.40836013999994],[112.63535792,-7.40835989999994],[112.63536298,-7.40835952999995],[112.63555502,-7.40832571999994],[112.63589731,-7.40827007999996],[112.63599787,-7.40825372999992],[112.63610966,-7.40825441999993],[112.63635346,-7.40825590999997],[112.63670904,-7.40825154999994],[112.63697082,-7.40827335999998],[112.63727623,-7.40830608999996],[112.63729302,-7.40830413],[112.63731038,-7.40830665999993],[112.63752524,-7.40830013999996],[112.637527041,-7.40830008699995],[112.63753,-7.4083],[112.63758949,-7.4083],[112.637705433,-7.40832314299996],[112.63791679,-7.40836533],[112.63814,-7.40842],[112.63853,-7.40852],[112.63867,-7.40855],[112.6388,-7.40858],[112.63903,-7.4086],[112.63939,-7.40859],[112.639403922,-7.40858546699997],[112.63982,-7.40845],[112.63987295,-7.40842759999991],[112.64006638,-7.40833444999992],[112.64012037,-7.408299],[112.64024325,-7.40821555999997],[112.64033066,-7.40809636999996],[112.64035,-7.40807],[112.64054,-7.40742],[112.64062,-7.40721],[112.64067,-7.40713],[112.64139,-7.40727],[112.6419,-7.40737],[112.64311,-7.40763],[112.64332,-7.40767],[112.64343,-7.40768],[112.64358,-7.40768],[112.64365,-7.40765],[112.64372,-7.40755],[112.64379,-7.40734],[112.6439,-7.40717],[112.6439025,-7.40716774999993],[112.64391939,-7.40702867999992],[112.64400001,-7.40699613999993],[112.64403684,-7.40698126999993],[112.644041869,-7.406979242],[112.64405157,-7.40697533],[112.644059313,-7.40697220499991],[112.64409783,-7.40695665999993],[112.64492065,-7.40716768999996],[112.64631612,-7.40759065999993],[112.64710254,-7.40762342999994],[112.647179773,-7.40750685199991],[112.647324313546974,-7.407288679222241],[112.64738688,-7.40719423999995],[112.64752891,-7.40694397999994],[112.64767347,-7.40693766999994],[112.64783,-7.40688],[112.64861,-7.40681],[112.64881,-7.4068],[112.64937,-7.40676],[112.64991,-7.40678],[112.65003,-7.40678],[112.65008119,-7.40679180999996],[112.65016,-7.40681],[112.65017754,-7.40682534999997],[112.65017845,-7.40683241999992],[112.650178848,-7.40683550299997],[112.65022293,-7.40717720999992],[112.65024678,-7.40736203999998],[112.6502751,-7.40755485999992],[112.65027677,-7.40755414999997],[112.65028,-7.40758],[112.65036295,-7.4076906],[112.65022892,-7.40773017000002],[112.6501373,-7.40774325999996],[112.65006967,-7.40772362999995],[112.65000422,-7.40771271999996],[112.64990152,-7.40769559999996],[112.6498711,-7.40770606999995],[112.64969222,-7.40851540999993],[112.64934754,-7.40988320999995],[112.64930691,-7.41025603999997],[112.64921682,-7.41062030999994],[112.64804719,-7.41534990999994],[112.648040453,-7.41537714999996],[112.64803772,-7.41538819999994],[112.64803422,-7.41540236999998],[112.648033923,-7.41540356899997],[112.64803251,-7.41540927999994],[112.64801874,-7.41542924],[112.64797428,-7.41548313999993],[112.64794156,-7.41553330999997],[112.64790011,-7.41567292999996],[112.6478351,-7.41594948999993],[112.6477714,-7.41622048999996],[112.64766924,-7.41618919999994],[112.64758242,-7.41617072999997],[112.647377676,-7.41610818099995],[112.64727443,-7.41607663999996],[112.64691884,-7.41598501999995],[112.64691121,-7.41601446999992],[112.64691121,-7.41619771999995],[112.64691259,-7.41638285999994],[112.64691339,-7.41648894999993],[112.64689812,-7.41670600999992],[112.64686703,-7.41699777999998],[112.64686692,-7.41700813999993],[112.6468667,-7.41700808999998],[112.646865289,-7.417021017],[112.64683598,-7.41728945999994],[112.64682943,-7.41791990999995],[112.64681119,-7.41810894999998],[112.64679883,-7.41814649999998],[112.64667128,-7.41853401],[112.646663636,-7.41855745499995],[112.64653976,-7.41851933999994],[112.646534459757888,-7.4185186213147],[112.646505393704544,-7.418626943059978],[112.646424127621799,-7.418891779735746],[112.646363899966587,-7.419075762846949],[112.646291296765781,-7.419404952359813],[112.646249219910757,-7.41954768365236],[112.646194767510096,-7.419812520328128],[112.646178266782627,-7.419943701111451],[112.646140315109477,-7.420102933131459],[112.64610347572318,-7.420223718004627],[112.64603329,-7.42020703],[112.64600737,-7.42022543999997],[112.6457725,-7.42037514000001],[112.64568932,-7.42045580999997],[112.64555355,-7.42058746],[112.64535736,-7.42058818999991],[112.64523936,-7.42051029000001],[112.64505082,-7.42045614999994],[112.64481539,-7.42045701999995],[112.64445423,-7.42041135999996],[112.64424212,-7.42035573999994],[112.64420914,-7.42032859999996],[112.64412448,-7.42025891999995],[112.64406102,-7.42024305999996],[112.64405463,-7.42024537999991],[112.64395934,-7.42028001999994],[112.643842133,-7.42022826399998],[112.64358989,-7.42011687999996],[112.64322806,-7.41989104999995],[112.64287396,-7.41963386],[112.64258404,-7.41952041999994],[112.64252786,-7.41941579999996],[112.64263714,-7.41925871999995],[112.64263653,-7.41909422],[112.64270527,-7.41858478999995],[112.6425718,-7.41856960999997],[112.64257128,-7.41842861],[112.64244552,-7.41837423999996],[112.64257846,-7.4182484099999],[112.64258502,-7.41815162999994],[112.64248878,-7.41802789999998],[112.64239716,-7.41799298999993],[112.64231863,-7.41800171999993],[112.64223573,-7.4179755399999],[112.642221651,-7.41795735499994],[112.64213102,-7.41784028999995],[112.64206121,-7.41777047999993],[112.64195213,-7.41774867],[112.6416729,-7.41772248999997],[112.64147657,-7.41777483999994],[112.64119733,-7.4177443],[112.64069731,-7.41769085999994],[112.64042659,-7.41780985000001],[112.63994864,-7.41801528999996],[112.63989615,-7.41810446999993],[112.639850729,-7.41818162899994],[112.63984699,-7.41818797999997]]]]}},
{"type":"Feature","properties":{"kdkab":"15","kdkec":"090","nmkab":"SIDOARJO","nmkec":"WONOAYU","kddesa":"023","kdprov":"35","nmdesa":"CANDINEGORO","nmprov":"JAWA TIMUR","iddesa":"3515090023"},"geometry":{"type":"MultiPolygon","coordinates":[[[[112.61840428,-7.41429131999998],[112.6183672,-7.41481051999994],[112.61832793,-7.41519881999995],[112.61832793,-7.4155653199999],[112.61827775,-7.41563730999995],[112.61820358,-7.41565475999996],[112.61811637,-7.41567087999992],[112.61809,-7.41575],[112.61806,-7.4159],[112.61802,-7.41603],[112.61797,-7.41614],[112.617944178,-7.41615290699997],[112.61793851,-7.41615574],[112.61787,-7.41619],[112.61772,-7.4162],[112.61758,-7.41621],[112.61746,-7.41621],[112.61725,-7.41624],[112.61707,-7.41626],[112.61694624,-7.416293],[112.61686605,-7.41630238999993],[112.61685078,-7.41637001999993],[112.61679297,-7.41646382999993],[112.61672534,-7.41652490999996],[112.61658463,-7.41660234999998],[112.61650283,-7.41661434999995],[112.61554515,-7.41644201],[112.61470963,-7.41629693999994],[112.61378685,-7.41613441999993],[112.61331904,-7.41605823999992],[112.61323463,-7.41609447999996],[112.61319304,-7.41611233999994],[112.61319297,-7.41611235999996],[112.61321294,-7.41599114999996],[112.6132187,-7.41599220999998],[112.61329603,-7.41548691],[112.61359384,-7.41367964999993],[112.613686703,-7.41298742499993],[112.613672806,-7.41291851899997],[112.613667169,-7.412703321],[112.613910954,-7.41096357399996],[112.613622076,-7.41084758999996],[112.613002254,-7.41063852799993],[112.612995835,-7.41061624899997],[112.612961019,-7.41059092999994],[112.612868175,-7.40988200599997],[112.612828717,-7.40932959699998],[112.612805506,-7.409265149],[112.612745158,-7.4091984],[112.612698736,-7.40913855599998],[112.612659278,-7.40901426299996],[112.612640709,-7.40892449699996],[112.612615474,-7.40888311099997],[112.612580361,-7.408825523],[112.612564113,-7.40859074899992],[112.612571076,-7.40838129299994],[112.612572172,-7.40837545899996],[112.61257086,-7.40836818999996],[112.612575168,-7.40835950999996],[112.612649813,-7.40820911599998],[112.612656178,-7.40818062299997],[112.612670597,-7.40812637599993],[112.612673418,-7.40812201199997],[112.61271925,-7.40805109799994],[112.612765428,-7.40798618199994],[112.612771829,-7.40796318999996],[112.61278831,-7.40790398699995],[112.612788254,-7.40788870699995],[112.61278682,-7.40749471999991],[112.612798543,-7.40742987499994],[112.612808592,-7.40737428699992],[112.61281092,-7.40736140999998],[112.612812166,-7.40735452099995],[112.61281331,-7.40734818999995],[112.61282421,-7.40728791],[112.61283773,-7.4072131],[112.61288,-7.40722],[112.61293675,-7.40721766000001],[112.61294285,-7.40712554999992],[112.61302542,-7.40587894999991],[112.61317742,-7.40464832999992],[112.61348377,-7.40283138999995],[112.613543003,-7.40261550499998],[112.61354329,-7.40261445999994],[112.61382821,-7.40255920999996],[112.61630713,-7.40285433999998],[112.61634854,-7.40285926999995],[112.61637,-7.40287],[112.616366,-7.40286134999997],[112.61653033,-7.40288090999994],[112.616531249,-7.40288101999994],[112.61654071,-7.4028821499999],[112.6165494,-7.40289290999991],[112.61776093,-7.40439343],[112.618594009,-7.40448936199996],[112.618597418,-7.40448975499994],[112.61860102,-7.40449017000001],[112.6186051,-7.40449063999997],[112.61863699,-7.40449430999995],[112.61941542,-7.40458393999998],[112.61988757,-7.40463830999992],[112.61988759,-7.40463812999996],[112.619887838,-7.40463512999998],[112.61989157,-7.4045900099999],[112.62000876,-7.40317268999994],[112.622943764,-7.40349001599998],[112.622957175,-7.40349133300002],[112.624590564,-7.40362783999995],[112.624595721,-7.40363648499996],[112.624624088,-7.40367859099995],[112.624624933,-7.40369139499992],[112.624654326,-7.403772917],[112.624675648,-7.40385660899996],[112.624687361,-7.40391936399993],[112.624683018,-7.40395863299993],[112.624672231,-7.4039953559999],[112.624654535,-7.40404201599996],[112.62459275,-7.40414611399994],[112.62456481,-7.40424765999993],[112.62454388,-7.40432374999997],[112.62454062,-7.40435806599992],[112.624557755,-7.40444715999997],[112.62454826,-7.40451643699994],[112.624530776,-7.40458330199993],[112.624500188,-7.40474931499996],[112.62449018,-7.40477975499996],[112.624444899,-7.40491748999996],[112.624423844,-7.40508578],[112.624399413,-7.40521547699996],[112.624300912,-7.40592100099993],[112.624325804,-7.40602771499995],[112.624337366,-7.40603584099995],[112.62435218,-7.40605013999995],[112.62438135,-7.40607058999995],[112.6243934,-7.40607755999996],[112.62452315,-7.40608858999997],[112.62453533,-7.40609044999997],[112.624533961,-7.40609507199998],[112.624532357,-7.40610048799995],[112.62451622,-7.40615496999991],[112.62451654,-7.40615510999995],[112.62451712,-7.40615535999996],[112.62432829,-7.40685198999995],[112.62483468,-7.4070139],[112.6255656,-7.40743274999993],[112.62545,-7.40761],[112.625,-7.40821],[112.62485,-7.40841],[112.62472,-7.40856],[112.624703727,-7.40857803099996],[112.62470307,-7.40857875999994],[112.62435,-7.40897],[112.62434146,-7.40897196999991],[112.62425714,-7.40906011999992],[112.62418952,-7.40905029999995],[112.62398882,-7.40896304999991],[112.62379685,-7.40887359999993],[112.62339763,-7.40874488999998],[112.6231372,-7.40868478999995],[112.623071675,-7.40888508400001],[112.622873671581004,-7.40949028071994],[112.622823178,-7.40964461499993],[112.622763321,-7.40982756899996],[112.62269573,-7.41003415999996],[112.62266304,-7.41013991999996],[112.62266319,-7.41013994999997],[112.62265901,-7.41016615999995],[112.62265448,-7.41016563199994],[112.62237478,-7.41013300999996],[112.62211409,-7.41009046999998],[112.6218788,-7.41004016999996],[112.62160108,-7.41064236999995],[112.62152106,-7.41061568999993],[112.62106697,-7.41046432999998],[112.6209517,-7.41044573999992],[112.62093171,-7.41044250999995],[112.62089035,-7.41044595999996],[112.62087936,-7.41044687999992],[112.62084227,-7.41082864000001],[112.62084009,-7.41087881999996],[112.62085754,-7.41090498999996],[112.62087652,-7.41092396999993],[112.62087611,-7.41095632999998],[112.62087522,-7.41102706999993],[112.620875201,-7.41102857499991],[112.62087346,-7.41116609999998],[112.62084445,-7.41147],[112.62085754,-7.41149835999992],[112.62086921,-7.41150255],[112.62094262,-7.41152889999997],[112.62096754,-7.41154327999993],[112.62099934,-7.41156162999992],[112.62099573,-7.41162473999997],[112.62099061,-7.41171432999995],[112.62097098,-7.41185830999997],[112.62092953,-7.41191502999995],[112.62087936,-7.41204156],[112.62087879,-7.41206261000001],[112.62091317,-7.41237205999993],[112.62090008,-7.41265128999994],[112.62085209,-7.41298288],[112.62064484,-7.41365259999996],[112.62055681,-7.41399076999992],[112.62053464,-7.4139828099999],[112.61992152,-7.41376284999992],[112.61948086,-7.41364504999998],[112.61932415,-7.41361129999996],[112.619225857,-7.41359012199997],[112.619201456,-7.41358486499996],[112.619216125,-7.41380832199997],[112.618553571,-7.41375618699998],[112.61854826,-7.4137623],[112.61848063,-7.41381574999996],[112.61839992,-7.41397935999993],[112.61840428,-7.41429131999998]]]]}},
{"type":"Feature","properties":{"kdkab":"15","kdkec":"090","nmkab":"SIDOARJO","nmkec":"WONOAYU","kddesa":"019","kdprov":"35","nmdesa":"LAMBANGAN","nmprov":"JAWA TIMUR","iddesa":"3515090019"},"geometry":{"type":"MultiPolygon","coordinates":[[[[112.636297276,-7.428693492],[112.63629,-7.42869],[112.63609,-7.42864],[112.63595,-7.42865],[112.63554,-7.4287],[112.63539,-7.42871],[112.63533,-7.4287],[112.63518,-7.42856],[112.63508,-7.42841],[112.63503,-7.4283],[112.63489,-7.4282],[112.63458,-7.42813],[112.63429,-7.42809],[112.63413,-7.42807],[112.63402,-7.428],[112.63394,-7.42789],[112.63375,-7.42745],[112.63366,-7.42731],[112.63354,-7.42721],[112.63347,-7.4272],[112.6334,-7.42724],[112.63335,-7.42756],[112.63331,-7.42771],[112.63323,-7.4278],[112.63315,-7.42781],[112.63256,-7.42774],[112.63242,-7.42772],[112.63225,-7.42759],[112.63189,-7.42719],[112.63176161,-7.42703198],[112.63176,-7.42703],[112.63176201,-7.42703],[112.63186616,-7.42703],[112.63187,-7.42703],[112.63190812,-7.42697281999994],[112.63199,-7.42685],[112.63211,-7.42645],[112.63218,-7.42617],[112.63226,-7.42587],[112.63227,-7.4258],[112.63243,-7.42524],[112.63255631,-7.42486557999997],[112.63271,-7.42441],[112.63276204,-7.42427121999998],[112.63277,-7.42425],[112.6327124,-7.42422905999995],[112.63271218,-7.42422896999995],[112.632700599,-7.42422476],[112.63266,-7.42421],[112.63238,-7.4241],[112.63205,-7.42402],[112.63169,-7.42404],[112.63136,-7.42401],[112.63119,-7.42397],[112.63082,-7.42374],[112.63057,-7.42372],[112.63014,-7.42376],[112.62994531,-7.42370661999995],[112.62994309,-7.42370481999996],[112.62982675,-7.42367471999994],[112.62963778,-7.42362590999994],[112.629606489,-7.42361728299994],[112.62959984,-7.42361544999996],[112.62952406,-7.42359454999997],[112.6294548,-7.42358445999998],[112.62933891,-7.42356509999995],[112.6291982,-7.42355255999993],[112.62907904,-7.42354082999997],[112.62900296,-7.42347265999997],[112.62895805,-7.42345237999997],[112.62893642,-7.42344538999994],[112.6287859,-7.42341048999995],[112.62868773,-7.42339739999991],[112.62859611,-7.42336685999995],[112.62850448,-7.42337994999997],[112.62840632,-7.42337121999997],[112.62832996,-7.42336468],[112.62828633,-7.42334503999995],[112.62813145,-7.42325777999998],[112.62806382,-7.42324250999998],[112.62792202,-7.42323923999993],[112.62785339,-7.42324202999995],[112.62785,-7.42324],[112.62786,-7.423],[112.62809,-7.42121],[112.62823,-7.42005],[112.62837,-7.41899],[112.62839,-7.41886],[112.62847,-7.41827],[112.62853,-7.41772],[112.62856,-7.41749],[112.62856811,-7.41738460999993],[112.62857,-7.41736],[112.62857249,-7.41736148999997],[112.62857143,-7.41735444999993],[112.628573458,-7.41733352299998],[112.62857452,-7.41732255999995],[112.62858051,-7.41732433999995],[112.62894973,-7.41749995999992],[112.62914825,-7.41759702999995],[112.62961727,-7.41782172999996],[112.62988717,-7.417951],[112.63020102,-7.41807497999998],[112.63081864,-7.41830042999992],[112.63082245,-7.41829002899992],[112.6308564,-7.41819734999995],[112.63113025,-7.41732229999997],[112.63140948,-7.41648677999994],[112.63171707,-7.41545929999995],[112.63187519,-7.41499801999993],[112.63199684,-7.41493560999995],[112.63209579,-7.41456451999994],[112.63209825,-7.41456567999995],[112.63212773,-7.41444040999996],[112.63229352,-7.41447531999993],[112.6324026,-7.41454511999997],[112.63248986,-7.41463674999992],[112.6328738,-7.41485053999994],[112.63318358,-7.41502505999996],[112.633296785,-7.41502769099998],[112.63337118,-7.41502941999994],[112.63339039,-7.41503325999998],[112.63346717,-7.41502724000001],[112.63372459,-7.41509049999994],[112.63387293,-7.41518430999998],[112.63399946,-7.41531955999995],[112.6341478,-7.41533918999991],[112.63430487,-7.41538718999993],[112.63437468,-7.41552243999997],[112.63447939,-7.41564896999995],[112.63461682,-7.41569259999993],[112.63475862,-7.41568822999995],[112.6347608,-7.41576022],[112.63479134,-7.41591292999992],[112.6348088,-7.41602636999992],[112.63480759,-7.41615689999997],[112.63482,-7.41625],[112.63482611,-7.41632327999995],[112.634950009,-7.41633462699998],[112.63506185,-7.41634486999992],[112.63522546,-7.41636886000001],[112.63522738,-7.4163695],[112.63524111,-7.41637100999998],[112.63529565,-7.41638518999998],[112.63532575,-7.41641145999996],[112.63532634,-7.41641150999994],[112.63536365,-7.41666044999992],[112.63548176,-7.41707560999992],[112.635579437,-7.41719656699997],[112.63558401,-7.41720222999995],[112.6356156,-7.41724134999995],[112.63597438,-7.41743951999998],[112.63611676,-7.41766340999995],[112.63645377,-7.41800510999997],[112.6364821,-7.41802035999994],[112.63649123,-7.41806255999994],[112.63652128,-7.41820132999992],[112.63646674,-7.41831257999994],[112.636434681,-7.41837784799998],[112.63638476,-7.41847948],[112.63635245,-7.41859946999996],[112.63632,-7.41872],[112.63626384,-7.41896333999995],[112.63626165,-7.41897281999994],[112.6362616,-7.41898139999994],[112.636261398,-7.41901099799992],[112.63626059,-7.41912955999987],[112.63629549,-7.41930843999995],[112.63635439,-7.41940005999987],[112.6364591,-7.41942841999992],[112.63661843,-7.41944850999988],[112.636737973,-7.41948825599995],[112.63687359,-7.41944587999994],[112.63696521,-7.41939352000001],[112.636991091,-7.41934823799993],[112.63700012,-7.41933243999996],[112.63692158,-7.41920590999996],[112.63687585,-7.4191144399999],[112.63687886,-7.41911157999993],[112.63691286,-7.41902265999994],[112.6370612,-7.41888304999997],[112.637179,-7.41879141999992],[112.63728808,-7.41866489999995],[112.63746777,-7.41867820999994],[112.63759,-7.41865],[112.63777,-7.41869],[112.63777983,-7.41868931999992],[112.637783298,-7.41869050299995],[112.63778635,-7.41869154999994],[112.63783563,-7.41878051999991],[112.63790217,-7.41887868],[112.63802215,-7.41901175999996],[112.63831557,-7.41909355999997],[112.63856317,-7.41916663999995],[112.6386766,-7.41920154999996],[112.63872678,-7.41918190999995],[112.638793023,-7.41918190999995],[112.63881622,-7.41918190999995],[112.63888068,-7.41919909999994],[112.63890323,-7.41920511999997],[112.63894711,-7.41921681999998],[112.63901692,-7.419195],[112.63910636,-7.41917972999995],[112.63919144,-7.41914045999994],[112.63933324,-7.41914264999997],[112.63933361,-7.41914194],[112.639335298,-7.41913870999997],[112.63938341,-7.41904665999995],[112.63940701,-7.41901467999996],[112.63945104,-7.41895503999997],[112.63951903,-7.41888705],[112.63956657,-7.41879074999997],[112.63980202,-7.41831384999994],[112.63982387,-7.41822724999997],[112.63984699,-7.41818797999997],[112.639850729,-7.41818162899994],[112.63989615,-7.41810446999993],[112.63994864,-7.41801528999996],[112.64042659,-7.41780985000001],[112.64069731,-7.41769085999994],[112.64119733,-7.4177443],[112.64147657,-7.41777483999994],[112.6416729,-7.41772248999997],[112.64195213,-7.41774867],[112.64206121,-7.41777047999993],[112.64213102,-7.41784028999995],[112.642221651,-7.41795735499994],[112.64223573,-7.4179755399999],[112.64231863,-7.41800171999993],[112.64239716,-7.41799298999993],[112.64248878,-7.41802789999998],[112.64258502,-7.41815162999994],[112.64257846,-7.4182484099999],[112.64244552,-7.41837423999996],[112.64257128,-7.41842861],[112.6425718,-7.41856960999997],[112.64270527,-7.41858478999995],[112.64263653,-7.41909422],[112.64263714,-7.41925871999995],[112.64252786,-7.41941579999996],[112.64258404,-7.41952041999994],[112.64287396,-7.41963386],[112.64322806,-7.41989104999995],[112.64358989,-7.42011687999996],[112.643842133,-7.42022826399998],[112.64395934,-7.42028001999994],[112.64405463,-7.42024537999991],[112.64406102,-7.42024305999996],[112.64412448,-7.42025891999995],[112.64420914,-7.42032859999996],[112.64424212,-7.42035573999994],[112.64445423,-7.42041135999996],[112.64481539,-7.42045701999995],[112.64505082,-7.42045614999994],[112.64523936,-7.42051029000001],[112.64535736,-7.42058818999991],[112.64555355,-7.42058746],[112.64568932,-7.42045580999997],[112.6457725,-7.42037514000001],[112.64600737,-7.42022543999997],[112.64603329,-7.42020703],[112.64610347572318,-7.420223718004627],[112.6462439,-7.42025709999994],[112.646242252,-7.42026635],[112.64619199,-7.42054846999994],[112.64619332,-7.42054871999996],[112.64611325,-7.421067],[112.64609,-7.42116],[112.64606,-7.42129],[112.64602,-7.42145],[112.64599,-7.42157],[112.64588,-7.42203],[112.64586,-7.4221],[112.64582,-7.42228],[112.6458,-7.42235],[112.64578366,-7.42246437999995],[112.64578,-7.42249],[112.64577574,-7.42252831999995],[112.645775503,-7.42253045499996],[112.64577,-7.42258],[112.64576131,-7.42270604999993],[112.64572396,-7.42283920999997],[112.6455887,-7.42310970999996],[112.645589675,-7.42311057799994],[112.645515272,-7.42325882199996],[112.645397387,-7.42349370099992],[112.64539728,-7.42349365999992],[112.64539401,-7.42349801999995],[112.645201328,-7.42385287699996],[112.645199846,-7.42385560699998],[112.645394292,-7.42394426799995],[112.64540375,-7.42400298499996],[112.645417936,-7.42420317299996],[112.645364342,-7.42429775099992],[112.645247697,-7.42432297099996],[112.645154696,-7.4242914459999],[112.645016157,-7.42422858399994],[112.64482736,-7.42466403999993],[112.6447364,-7.42490113999998],[112.6447,-7.42498],[112.64468445,-7.42500850999996],[112.644672074,-7.42503119799995],[112.64464,-7.42509],[112.64369724,-7.42725329999997],[112.64364556,-7.42735496999993],[112.64345149,-7.42774732999995],[112.64339,-7.42772],[112.64282,-7.42754],[112.64278218,-7.42752861],[112.64254668,-7.42745770999993],[112.64239649,-7.42741093999996],[112.64214726,-7.42733431999995],[112.64202727,-7.42729749999997],[112.6419062,-7.42725986999995],[112.64176795,-7.42721105999992],[112.64151162,-7.42712052999995],[112.6414609,-7.42710170999995],[112.64136682,-7.42706135999991],[112.6413191,-7.42703980999991],[112.64120362,-7.42699727999997],[112.6411655,-7.42698373],[112.64116544,-7.42698336999993],[112.64085894,-7.42687265999998],[112.64051372,-7.42674886000002],[112.64020667,-7.42664087000002],[112.63981918,-7.42649226],[112.63951241,-7.426396],[112.63926481,-7.42631745999995],[112.63900984,-7.42623728999996],[112.63876797,-7.42616093999998],[112.63869247,-7.42613792999993],[112.63869187,-7.42613912999997],[112.638690429,-7.42614199099998],[112.638684838,-7.42614018199992],[112.637378147,-7.42571729299996],[112.637350507,-7.42574081599998],[112.637325331,-7.42572860199989],[112.636297276,-7.428693492]]]]}},
{"type":"Feature","properties":{"kdkab":"15","kdkec":"090","nmkab":"SIDOARJO","nmkec":"WONOAYU","kddesa":"004","kdprov":"35","nmdesa":"KETIMANG","nmprov":"JAWA TIMUR","iddesa":"3515090004"},"geometry":{"type":"MultiPolygon","coordinates":[[[[112.645203937,-7.45046727199997],[112.64489,-7.4504],[112.64335,-7.45003],[112.643111995,-7.44997104499995],[112.642395734,-7.44979362199995],[112.64207,-7.4497],[112.64192,-7.44962],[112.64165445,-7.44937565999995],[112.64170169,-7.44934528999994],[112.64169304,-7.44926632999995],[112.64166468,-7.44914743999993],[112.64159051,-7.44905580999993],[112.64145962,-7.44873512999993],[112.64131127,-7.44842534999996],[112.6412611,-7.44829009999998],[112.64125674,-7.44777089999995],[112.64124583,-7.44746329999998],[112.64122402,-7.44717751999996],[112.64119784,-7.44683065999995],[112.64118257,-7.446342],[112.64117957,-7.44593787999996],[112.64118611,-7.44578080999998],[112.64118938,-7.445687],[112.64118284,-7.44556701999996],[112.64117198,-7.44546654999993],[112.64112827,-7.44546241999993],[112.64109445,-7.44544714999993],[112.64103555,-7.44543187999996],[112.64097447,-7.44543078999993],[112.64094829,-7.44542315999996],[112.64090493,-7.44542315999996],[112.64080967,-7.44547921999998],[112.64074025,-7.44548775999995],[112.64058961,-7.44550058999996],[112.64057525,-7.44549842],[112.64055344,-7.44554858999992],[112.64052944,-7.44559767999994],[112.64049347,-7.44569710999995],[112.64047381,-7.44575146999992],[112.640218211,-7.44568028199998],[112.64017492,-7.44567198999996],[112.64000217,-7.44580347999994],[112.63969361,-7.44584117999996],[112.63944218,-7.44576376999994],[112.63932653,-7.44561796999994],[112.63926006,-7.44540922999997],[112.63916865,-7.44534066999997],[112.63907702,-7.44533630999997],[112.63891996,-7.44525776999993],[112.63884142,-7.44516615],[112.63880215,-7.44505706999996],[112.63872348,-7.44494429999996],[112.63678591,-7.44403559999996],[112.63678943,-7.44394313],[112.63677873,-7.44387252999996],[112.636784894,-7.44385003199996],[112.6369,-7.44338138999991],[112.63699599,-7.44295380999994],[112.63712036,-7.44244099],[112.6373614,-7.44156527999995],[112.63745956,-7.44122168999996],[112.63759046,-7.44077883999996],[112.63766681,-7.44047342999991],[112.63780424,-7.43993894999995],[112.63787738,-7.43967261999997],[112.63789841,-7.43967907999996],[112.641701325,-7.44084664099994],[112.64170598,-7.44084806999998],[112.641706,-7.44084798999998],[112.64171181,-7.44082825000001],[112.6417174,-7.44081347999997],[112.64172801,-7.44078544999998],[112.64174155,-7.44074968999995],[112.64174658,-7.44073639999993],[112.64180139,-7.44060878999995],[112.64184338,-7.44049861999996],[112.64191755,-7.44034045999993],[112.64198464,-7.44022319999994],[112.64204081,-7.44010757999996],[112.64216298,-7.4398927],[112.64223715,-7.43972035999996],[112.64223725,-7.43972038999994],[112.6422411,-7.43971],[112.64225392,-7.43968261000001],[112.64228821,-7.43960930999998],[112.64233048,-7.43952640999995],[112.64240028,-7.43937397999995],[112.64251209,-7.43914764999996],[112.64253649,-7.43909546999991],[112.642546134,-7.43909838199993],[112.64291391,-7.43920941999994],[112.64291635,-7.43920379999998],[112.64292644,-7.43918058999998],[112.64294345,-7.43914143999998],[112.64321068,-7.43845862999998],[112.64342447,-7.43794596999993],[112.64364044,-7.43740931999998],[112.64364402,-7.43741064999996],[112.643678838,-7.43742364199997],[112.64437125,-7.43768200999994],[112.6452155,-7.43799177999995],[112.64610774,-7.43832772999994],[112.64635631,-7.43841494999996],[112.64636162,-7.438418],[112.6464599,-7.43845583999995],[112.64646006,-7.43845937999994],[112.64642515,-7.43872333999997],[112.64628335,-7.43970065999997],[112.64619828,-7.44023949999998],[112.64614935,-7.44059442999997],[112.64614965,-7.44059448999997],[112.64613913,-7.44066418999995],[112.64613666,-7.44066368999995],[112.64613551,-7.44067659999998],[112.64612042,-7.44078091999996],[112.64611336,-7.44080739999993],[112.64608838,-7.44097600999991],[112.64608895,-7.44097619999996],[112.646095593,-7.44097837499994],[112.64610175,-7.44098038999994],[112.64610618,-7.44098065999996],[112.647327125,-7.44105622899996],[112.64827311,-7.44111476999997],[112.64850357,-7.44110379999994],[112.64862162,-7.44109817999994],[112.64876124,-7.44075349999996],[112.64889213,-7.44038263999992],[112.64913646,-7.4397979899999],[112.64920627,-7.43993760999996],[112.64932407,-7.43998560999995],[112.64956403,-7.43998560999995],[112.64970365,-7.44004231999994],[112.64985424,-7.44019721999993],[112.64985636,-7.44019938999997],[112.64986368,-7.44021729999997],[112.649864935,-7.44022036699994],[112.64993489,-7.44039136999992],[112.65003088,-7.44053534999992],[112.65022276,-7.44058425999998],[112.65033106,-7.44061185999994],[112.65047591,-7.44064878999995],[112.65064683,-7.44068624999997],[112.65079441,-7.44071858999996],[112.65092331,-7.44072111999998],[112.65096437,-7.44069749999997],[112.65107434,-7.44059304999995],[112.65107543,-7.44088450999992],[112.651015660867486,-7.441119059468],[112.65097509,-7.44127826999995],[112.650928686,-7.44146036999994],[112.65076533,-7.44210140999994],[112.650219879956609,-7.443978519620795],[112.650198624,-7.44405136599995],[112.65018689,-7.44409158],[112.65009063,-7.44421259999997],[112.65007013,-7.44423837999994],[112.6498931,-7.44417286000001],[112.6498238,-7.44418562999991],[112.64975601,-7.44419811999997],[112.649611002,-7.44457623399996],[112.64958891,-7.44463383999992],[112.64958374,-7.44464946999995],[112.64951251,-7.44486468],[112.649501071645545,-7.444917399607498],[112.649437457847384,-7.445165738088762],[112.649410047,-7.44531579699998],[112.649424392,-7.44533423899998],[112.64943921,-7.44534113699992],[112.6494362,-7.44535017999991],[112.649429239,-7.44537109299997],[112.64929863,-7.44576347999994],[112.649216398,-7.44624336399995],[112.649216392,-7.44624339199992],[112.649214686,-7.44624614299993],[112.649072176,-7.44655186200001],[112.649045139,-7.44657326699996],[112.648959521,-7.44681547599992],[112.6491085,-7.44687301299995],[112.64901879,-7.44739652999994],[112.64892884,-7.44784099],[112.648918,-7.44789454999995],[112.64892451,-7.44789689000001],[112.648920671,-7.44794291699998],[112.64891986,-7.44795263999995],[112.64892267,-7.44795475999998],[112.64903938,-7.44802129999991],[112.64947132,-7.44818108999996],[112.649713789,-7.44827320599996],[112.64986181,-7.44832943999994],[112.6499855,-7.44838940999995],[112.64996643,-7.44849287999994],[112.64986181,-7.44876355999997],[112.64980416,-7.44898821999994],[112.64978328,-7.44905369999995],[112.64980291,-7.44918458999994],[112.64983461,-7.44924446999994],[112.64983782,-7.44926530999993],[112.64987054,-7.44929366999998],[112.64989672,-7.44941582999996],[112.64985745,-7.44962525999995],[112.64981818,-7.44978232999995],[112.64970681,-7.44990153999997],[112.649594758,-7.45050954099998],[112.64959199,-7.45052455999995],[112.64947283,-7.45117112999997],[112.649354823,-7.45171191099997],[112.64922184,-7.45232131999995],[112.64921502,-7.4523525999999],[112.64879,-7.45223],[112.648696225,-7.45220863399994],[112.64868493,-7.45220605999996],[112.64839999,-7.45214113999998],[112.648,-7.45205],[112.64767,-7.45198],[112.64752,-7.4519],[112.64751255,-7.45189254999997],[112.64751013,-7.45189013],[112.64739,-7.45177],[112.64734,-7.4516],[112.64728,-7.45114],[112.64712,-7.45101],[112.6467,-7.45084],[112.646271671,-7.45072138599994],[112.64605,-7.45066],[112.64557,-7.45055],[112.64545838,-7.45052208999991],[112.645452183,-7.45052054399997],[112.645203937,-7.45046727199997]]]]}},
{"type":"Feature","properties":{"kdkab":"15","kdkec":"090","nmkab":"SIDOARJO","nmkec":"WONOAYU","kddesa":"014","kdprov":"35","nmdesa":"TANGGUL","nmprov":"JAWA TIMUR","iddesa":"3515090014"},"geometry":{"type":"MultiPolygon","coordinates":[[[[112.59224908,-7.44490665699995],[112.592228386,-7.44488382199997],[112.592203411,-7.44486740899995],[112.592152032,-7.44483172899994],[112.592118608,-7.44481710599995],[112.592106362,-7.44481174899994],[112.592076391,-7.44480175799996],[112.59203643,-7.44479961799996],[112.591968639,-7.44480746699998],[112.591863027,-7.44483172899994],[112.591583299,-7.44494090899994],[112.591467697,-7.44497230699995],[112.591399192,-7.44498229700001],[112.591337823,-7.44497658899994],[112.591282162,-7.44496088999993],[112.591219366,-7.44492949099992],[112.591179405,-7.44490094799993],[112.591138017,-7.44486384099997],[112.591115182,-7.44483244299995],[112.591099483,-7.44478819999997],[112.591089492,-7.44475394799996],[112.591089492,-7.44469828699992],[112.591089492,-7.444672451],[112.591089492,-7.44463549099991],[112.591088065,-7.44454272399998],[112.591098056,-7.44439429699996],[112.591100196,-7.44413098099997],[112.591096628,-7.44406033599996],[112.591084497,-7.44401466599994],[112.591062376,-7.44397898599992],[112.591030264,-7.44394473399996],[112.590969609,-7.44390833999995],[112.590901818,-7.44388621899996],[112.590843303,-7.44387836999992],[112.590794715,-7.44387506699996],[112.590769803,-7.44387337399998],[112.590655628,-7.44387194699994],[112.590555594,-7.44387138499997],[112.590528609,-7.44387123399996],[112.590498804,-7.44386676299995],[112.590471521,-7.443862671],[112.590405157,-7.44384054899995],[112.590311677,-7.443787743],[112.590269575,-7.44375705899993],[112.590236036,-7.44370996199995],[112.590221764,-7.44365216099997],[112.590216769,-7.44357366599996],[112.590215504,-7.44351549899994],[112.590214329,-7.44351317499996],[112.590219623,-7.44347804399997],[112.590245312,-7.44339241299998],[112.590310963,-7.44322614599998],[112.590344502,-7.44315193199998],[112.590426565,-7.44299850999992],[112.590456536,-7.44290431599997],[112.59045939,-7.44284294699995],[112.590460817,-7.44277301499997],[112.590447973,-7.44271307299993],[112.590426565,-7.44265170399995],[112.590395167,-7.44257463599997],[112.590325235,-7.44243762599994],[112.590212487,-7.44221498499995],[112.590112584,-7.44204229599997],[112.590076905,-7.441983781],[112.59002838,-7.44191527599995],[112.589969866,-7.44184819899994],[112.589885662,-7.441755432],[112.589827147,-7.44168978099998],[112.58972389,-7.44160453399997],[112.589709486,-7.44159264199991],[112.589389001,-7.44137294599992],[112.589240574,-7.44126876199997],[112.589140671,-7.44117599399994],[112.589013652,-7.44102185799997],[112.588976545,-7.44096905299995],[112.588900904,-7.44085630499995],[112.588858088,-7.44077638299995],[112.588835254,-7.440726431],[112.588820982,-7.44068218799992],[112.58880671,-7.44058228499997],[112.588806164,-7.44057218699994],[112.588801001,-7.44047667399994],[112.588792438,-7.44025403299997],[112.588782448,-7.44004423699994],[112.588772457,-7.43993719799994],[112.588762467,-7.43986012999995],[112.588752555,-7.43982361099996],[112.588735351,-7.43976022699997],[112.588642584,-7.43952474099998],[112.588574079,-7.43935062499996],[112.588552671,-7.43926213899995],[112.58854744,-7.43922097799998],[112.588519846,-7.43900381899997],[112.588524127,-7.43896813899992],[112.588536972,-7.43893388699996],[112.588607993,-7.43879417299995],[112.588614753,-7.43878403199994],[112.588711088,-7.43866129399993],[112.588778166,-7.43854569199994],[112.588793865,-7.43850858499998],[112.588802428,-7.43846434299997],[112.588802428,-7.438414391],[112.588789584,-7.43832305099991],[112.58876104,-7.43822172099994],[112.588718938,-7.43813894399994],[112.588696103,-7.438107546],[112.588667559,-7.43808185699993],[112.58863188,-7.43806187599997],[112.588574792,-7.43803690099995],[112.588511996,-7.438011925],[112.5884492,-7.43799765299996],[112.588268304,-7.43797695900002],[112.588158411,-7.437973034],[112.588010697,-7.43797588900001],[112.587832928,-7.4379908],[112.587789293,-7.43799287799994],[112.587801399,-7.43789835599995],[112.587806642,-7.43785742099993],[112.587913459,-7.43702342899994],[112.587950661,-7.43673296799995],[112.588083389,-7.43601937499993],[112.588164739,-7.43556552999995],[112.588251797,-7.435040326],[112.588305316,-7.434764166],[112.588348845,-7.43459290399993],[112.588375962,-7.43450441799996],[112.588404506,-7.43443733999991],[112.588525816,-7.43412193199992],[112.588630714,-7.43384149099994],[112.588669962,-7.43374515599991],[112.588694224,-7.433693063],[112.588779142,-7.43352822299994],[112.58884945,-7.43338105299996],[112.588866914,-7.43333448299994],[112.588891176,-7.43323172599995],[112.588916865,-7.43306331799995],[112.588962535,-7.43287350199996],[112.588996787,-7.43269510399996],[112.58904103,-7.43251599199992],[112.589096738,-7.43228536899994],[112.58914782,-7.43210682999997],[112.589268569,-7.43158282999997],[112.58941545,-7.43094542999995],[112.58955149,-7.43035509999995],[112.589558518,-7.43032460499993],[112.58962308,-7.43004444999995],[112.589750233,-7.42931661699992],[112.58977123,-7.42919642999993],[112.58993221,-7.42881123999998],[112.58999052,-7.42872911999997],[112.59023121,-7.42827908999993],[112.590231792,-7.42827800299993],[112.59024873,-7.42824632999996],[112.59025507,-7.42823446999997],[112.59036118,-7.42819353999994],[112.5903664,-7.4281915199999],[112.59039482,-7.42821574999995],[112.59040911,-7.42822793999993],[112.59042769,-7.42824376999993],[112.59042816,-7.42824267999992],[112.590428309,-7.42824233999993],[112.59042852,-7.42824185999994],[112.5904296,-7.42823938999994],[112.59050214,-7.42807365999994],[112.59056406,-7.42793218999996],[112.590817714,-7.42764881899993],[112.590913,-7.42754236999997],[112.590914564,-7.42754205199996],[112.591047872,-7.42730566799997],[112.591082416,-7.42713153099997],[112.59108948,-7.42708465899992],[112.591154757,-7.42665152299998],[112.591363766,-7.42662234799997],[112.591810458,-7.42658948999997],[112.592104801,-7.42634439899994],[112.592340237,-7.42635802499996],[112.592340311,-7.42635786200001],[112.592364693,-7.42635942299995],[112.592501203,-7.42636816000002],[112.592531975,-7.426368954],[112.592559876,-7.42637191499995],[112.592760099,-7.42639316299993],[112.594455564,-7.42657309],[112.594714236,-7.42490505399996],[112.594749291,-7.42491754499998],[112.59478782,-7.42492442999998],[112.59478784,-7.424924312],[112.594826036,-7.42493168499996],[112.594893114,-7.42493810699995],[112.594951628,-7.42493775099993],[112.594988735,-7.424941319],[112.59502156,-7.42494702699997],[112.595127172,-7.42497628499998],[112.59530343,-7.42503551299998],[112.595449002,-7.42508118299997],[112.595517864,-7.42510437499993],[112.595563534,-7.42511579199991],[112.595630612,-7.42512292799994],[112.595724806,-7.42513577299997],[112.595821855,-7.42515147199991],[112.596065903,-7.42521712199994],[112.596167041,-7.42523932299996],[112.59679268,-7.42543210999997],[112.59737,-7.42561],[112.59788165,-7.42574691999995],[112.59800711,-7.42578049],[112.59800785,-7.42578068999997],[112.598039531,-7.42578916899993],[112.598031851,-7.42579798699996],[112.598016865,-7.425819394],[112.598013973,-7.42582650499998],[112.59800627,-7.42584544199997],[112.598005999,-7.42586109699995],[112.59800028,-7.42619152999992],[112.59800017,-7.42619150999997],[112.59804598,-7.42665835999995],[112.59812888,-7.42733243999994],[112.598156032,-7.427534022],[112.5981712,-7.42764662999996],[112.59828813,-7.42851481999997],[112.59843429,-7.42953793999991],[112.59852591,-7.43027092999995],[112.59856604,-7.43064856],[112.59863717,-7.43131804999993],[112.59878603,-7.43134482999993],[112.59906191,-7.43139942999996],[112.59904847,-7.43144952999995],[112.59904862,-7.43144951999993],[112.598999879,-7.43169250499992],[112.59876757,-7.43285060999994],[112.598712376531751,-7.433090461078285],[112.598659195,-7.43332156899995],[112.59853414,-7.43386500999994],[112.59833999,-7.43477687999997],[112.598263527,-7.43527484999992],[112.597999742593998,-7.43525745837355],[112.597923360671999,-7.43573003073862],[112.5976008,-7.43579086999995],[112.59746773,-7.43580068999993],[112.59707942,-7.43570033999994],[112.59704452,-7.43569924999998],[112.59690381,-7.43568833999992],[112.59689026,-7.43573555899997],[112.59671114,-7.43635977999998],[112.59667492,-7.43647325999996],[112.596666714,-7.43649896599992],[112.59666,-7.43652],[112.59665971,-7.43652161999996],[112.596657522,-7.43653401199995],[112.59665594,-7.43654296999996],[112.59648278,-7.43710958999997],[112.59635189,-7.43755571000001],[112.596181623,-7.43803226799997],[112.5961621,-7.43808691],[112.59609388,-7.43834029999995],[112.59608036,-7.43837409000001],[112.59607103,-7.43839740999992],[112.59605292,-7.43844268999993],[112.59601812,-7.43851229999995],[112.59582182,-7.43901411999998],[112.595819962,-7.43901887199995],[112.59581524,-7.43903094999996],[112.59554364,-7.43976993999993],[112.59541695,-7.44013756999993],[112.59526141,-7.44054975999996],[112.59525733,-7.44056057999997],[112.59525,-7.44058],[112.595242492,-7.44059564199993],[112.59513,-7.44083],[112.59505,-7.44097],[112.59502,-7.44103],[112.5949399,-7.44119020999995],[112.594756738532965,-7.441497558010293],[112.594547751617569,-7.44191283226565],[112.59438328,-7.44224225999996],[112.59422731,-7.44263274999996],[112.59408987,-7.44305377999994],[112.594033967,-7.44322890699992],[112.59389245,-7.44367224],[112.59387729,-7.44372154999997],[112.59373756,-7.44417616999993],[112.59372584,-7.44424081999991],[112.59371,-7.44429],[112.59361,-7.44473],[112.59359,-7.44484],[112.59359,-7.44485644999998],[112.59359,-7.44485701999998],[112.59359,-7.44486119999993],[112.59359,-7.44487121999993],[112.59359,-7.44489452199996],[112.59359,-7.44489582999997],[112.59359,-7.44489944999997],[112.59359,-7.44491784999997],[112.59359,-7.44494],[112.59359,-7.44494668299996],[112.593349351,-7.445084519],[112.593240344,-7.44517271999995],[112.593177375,-7.44522366999996],[112.592848409,-7.44547057299998],[112.592782758,-7.44549911699994],[112.592726299,-7.44550855599991],[112.59272608,-7.44550871],[112.592539248,-7.44553923499996],[112.592498838,-7.44554246799989],[112.592448886,-7.44553961299991],[112.592425025,-7.44553552299991],[112.592423911,-7.44553533199996],[112.592399648,-7.44552177299993],[112.592381095,-7.44550678799991],[112.592363969,-7.44547967099991],[112.59234827,-7.44542115699991],[112.592325435,-7.44534551599995],[112.592305214,-7.44522351699993],[112.592282619,-7.44508719499996],[112.592261212,-7.44494519099994],[112.592253922,-7.44492203399995],[112.59224908,-7.44490665699995]]]]}},
{"type":"Feature","properties":{"kdkab":"15","kdkec":"090","nmkab":"SIDOARJO","nmkec":"WONOAYU","kddesa":"017","kdprov":"35","nmdesa":"PLAOSAN","nmprov":"JAWA TIMUR","iddesa":"3515090017"},"geometry":{"type":"MultiPolygon","coordinates":[[[[112.626626526,-7.42331069699997],[112.62662576,-7.42331084999994],[112.62658,-7.42332],[112.62607,-7.42315],[112.62587,-7.42312],[112.62556,-7.4232],[112.62533,-7.42324],[112.6251,-7.42321],[112.62507987,-7.42320195],[112.62506992,-7.42319797399996],[112.62506403,-7.42319561999993],[112.625,-7.42317],[112.62455,-7.42292],[112.62425,-7.42277],[112.62414,-7.42274],[112.62373,-7.42299],[112.6236,-7.42306],[112.62349,-7.42306],[112.62341,-7.42302],[112.62326,-7.42279],[112.6232,-7.4227],[112.62256,-7.42266],[112.62258,-7.4226],[112.62263,-7.42234],[112.62293,-7.42107],[112.62316,-7.42007],[112.62325,-7.41963],[112.6233,-7.41936],[112.623321731,-7.41922528199995],[112.62335,-7.41905],[112.62338,-7.41887],[112.62366,-7.41819],[112.62377,-7.41794],[112.62392,-7.41749],[112.62394,-7.41742],[112.623967891,-7.41728850799994],[112.62396799,-7.41728803999997],[112.62415,-7.41643],[112.62421,-7.41615],[112.62432,-7.41555],[112.62436576,-7.41539441999991],[112.6243827,-7.41534498999994],[112.62401839,-7.41522008999996],[112.62226664,-7.414594],[112.62069377,-7.41403989999997],[112.62055681,-7.41399076999992],[112.62064484,-7.41365259999996],[112.62085209,-7.41298288],[112.62090008,-7.41265128999994],[112.62091317,-7.41237205999993],[112.62087879,-7.41206261000001],[112.62087936,-7.41204156],[112.62092953,-7.41191502999995],[112.62097098,-7.41185830999997],[112.62099061,-7.41171432999995],[112.62099573,-7.41162473999997],[112.62099934,-7.41156162999992],[112.62096754,-7.41154327999993],[112.62094262,-7.41152889999997],[112.62086921,-7.41150255],[112.62085754,-7.41149835999992],[112.62084445,-7.41147],[112.62087346,-7.41116609999998],[112.620875201,-7.41102857499991],[112.62087522,-7.41102706999993],[112.62087611,-7.41095632999998],[112.62087652,-7.41092396999993],[112.62085754,-7.41090498999996],[112.62084009,-7.41087881999996],[112.62084227,-7.41082864000001],[112.62087936,-7.41044687999992],[112.62089035,-7.41044595999996],[112.62093171,-7.41044250999995],[112.6209517,-7.41044573999992],[112.62106697,-7.41046432999998],[112.62152106,-7.41061568999993],[112.62160108,-7.41064236999995],[112.6218788,-7.41004016999996],[112.62211409,-7.41009046999998],[112.62237478,-7.41013300999996],[112.62265448,-7.41016563199994],[112.62265901,-7.41016615999995],[112.62266319,-7.41013994999997],[112.62266304,-7.41013991999996],[112.62269573,-7.41003415999996],[112.622763321,-7.40982756899996],[112.622823178,-7.40964461499993],[112.622873671581004,-7.40949028071994],[112.623071675,-7.40888508400001],[112.6231372,-7.40868478999995],[112.62339763,-7.40874488999998],[112.62379685,-7.40887359999993],[112.62398882,-7.40896304999991],[112.62418952,-7.40905029999995],[112.62425714,-7.40906011999992],[112.62434146,-7.40897196999991],[112.62435,-7.40897],[112.62470307,-7.40857875999994],[112.624703727,-7.40857803099996],[112.62472,-7.40856],[112.62485,-7.40841],[112.625,-7.40821],[112.62545,-7.40761],[112.6255656,-7.40743274999993],[112.6256,-7.40738],[112.62567,-7.40751],[112.62585,-7.4077],[112.62608,-7.4079],[112.62614,-7.40795],[112.62634,-7.40823],[112.62644,-7.40844],[112.62647,-7.40853],[112.6267,-7.40897],[112.6269,-7.40935],[112.62699,-7.40951],[112.6272,-7.40968],[112.62752,-7.40984],[112.62774,-7.40995],[112.62803,-7.41009],[112.62819784,-7.41017055999992],[112.628273451140998,-7.41020685625654],[112.62834,-7.41024],[112.62861,-7.41043],[112.62868,-7.41048],[112.62905,-7.41075],[112.6294806,-7.41105872999998],[112.62950694,-7.41115436999995],[112.62947858,-7.41144232999998],[112.629479672,-7.41159994999998],[112.62947978,-7.41161550999994],[112.62948294,-7.41207059999993],[112.629479977079001,-7.41229198727819],[112.62947504,-7.41254621999995],[112.629470703,-7.41259250099996],[112.62947,-7.4126],[112.62947985,-7.41283144999994],[112.62948161,-7.41287283999997],[112.62948322,-7.41291068999992],[112.62947285,-7.41299364999995],[112.62947285,-7.41315834999995],[112.629492226,-7.41318279299996],[112.62952084,-7.41321889],[112.6296619,-7.41331328999998],[112.62968,-7.41333],[112.62993,-7.41351],[112.63019,-7.41364],[112.63097,-7.41403],[112.63097468,-7.41403221999997],[112.63099888,-7.41404370999991],[112.631004728,-7.41404648699994],[112.63168093,-7.41436754999998],[112.63171152,-7.41438206999994],[112.63209579,-7.41456451999994],[112.63199684,-7.41493560999995],[112.63187519,-7.41499801999993],[112.63171707,-7.41545929999995],[112.63140948,-7.41648677999994],[112.63113025,-7.41732229999997],[112.6308564,-7.41819734999995],[112.63082245,-7.41829002899992],[112.63081864,-7.41830042999992],[112.63020102,-7.41807497999998],[112.62988717,-7.417951],[112.62961727,-7.41782172999996],[112.62914825,-7.41759702999995],[112.62894973,-7.41749995999992],[112.62858051,-7.41732433999995],[112.62857452,-7.41732255999995],[112.628573458,-7.41733352299998],[112.62857143,-7.41735444999993],[112.62857249,-7.41736148999997],[112.62857,-7.41736],[112.62856811,-7.41738460999993],[112.62856,-7.41749],[112.62853,-7.41772],[112.62847,-7.41827],[112.62839,-7.41886],[112.62837,-7.41899],[112.62823,-7.42005],[112.62809,-7.42121],[112.62786,-7.423],[112.62785,-7.42324],[112.627838774,-7.42324],[112.62779,-7.42324],[112.627610335,-7.42325224999996],[112.62735,-7.42327],[112.62668,-7.4233],[112.62667582,-7.42330083999996],[112.626668615,-7.42330228099996],[112.626626526,-7.42331069699997]]]]}},
{"type":"Feature","properties":{"kdkab":"15","kdkec":"090","nmkab":"SIDOARJO","nmkec":"WONOAYU","kddesa":"015","kdprov":"35","nmdesa":"WONOKALANG","nmprov":"JAWA TIMUR","iddesa":"3515090015"},"geometry":{"type":"MultiPolygon","coordinates":[[[[112.60394,-7.42909223999992],[112.60394,-7.43008],[112.60394,-7.43019],[112.60393232,-7.43019191999996],[112.60388183,-7.43021016999994],[112.60386287,-7.43020927999991],[112.60378906,-7.43020582999998],[112.60378285,-7.43020554],[112.6037819,-7.43020540999991],[112.60376833,-7.43020461],[112.60366913,-7.43019162999995],[112.60282162,-7.43012836000001],[112.60203628,-7.43007600999992],[112.60195044,-7.43007365999998],[112.6019,-7.43007],[112.60186557,-7.43007],[112.60184131,-7.43007764],[112.60182167,-7.43012836000001],[112.60176659,-7.43081498999994],[112.60172963,-7.43129307],[112.60172858,-7.43130662999997],[112.60171151,-7.43162514999996],[112.601695722,-7.43162388499998],[112.60052366,-7.43152997999993],[112.600234441,-7.43151728099997],[112.60019084,-7.43151535999995],[112.59959,-7.43146],[112.59928449,-7.43144348999993],[112.59906191,-7.43139942999996],[112.59878603,-7.43134482999993],[112.59863717,-7.43131804999993],[112.59856604,-7.43064856],[112.59852591,-7.43027092999995],[112.59843429,-7.42953793999991],[112.59828813,-7.42851481999997],[112.5981712,-7.42764662999996],[112.598156032,-7.427534022],[112.59812888,-7.42733243999994],[112.59804598,-7.42665835999995],[112.59800017,-7.42619150999997],[112.59800028,-7.42619152999992],[112.598005999,-7.42586109699995],[112.59800627,-7.42584544199997],[112.598013973,-7.42582650499998],[112.598196363,-7.42582176799993],[112.598611704,-7.42582786299994],[112.599618277,-7.42562846499993],[112.600913933,-7.42544038499995],[112.60116993,-7.42534765199997],[112.601171021,-7.425341578],[112.601473707,-7.42365604799995],[112.601440312,-7.42364875299995],[112.60149,-7.42345],[112.60159,-7.42286],[112.60186,-7.42106],[112.60212,-7.42105],[112.60253,-7.42108],[112.60285,-7.42111],[112.60266,-7.4195],[112.60265,-7.41936],[112.60261,-7.41907],[112.60257,-7.41888],[112.60254,-7.41882],[112.602545225,-7.41882016699998],[112.602702495,-7.41882519999997],[112.603115075,-7.41883840199995],[112.60379,-7.41886],[112.60514,-7.41889],[112.60575,-7.41891],[112.60651,-7.41893],[112.606520497,-7.41893],[112.60754,-7.41893],[112.6087,-7.41896],[112.60923,-7.41895],[112.60999,-7.41898],[112.61031,-7.41905],[112.61037,-7.41905],[112.61042,-7.41927],[112.61048,-7.41935],[112.61056,-7.41939],[112.61068,-7.41937],[112.61103,-7.41923],[112.61124,-7.4192],[112.61155,-7.41923],[112.61185,-7.4193],[112.611913727,-7.41933784499997],[112.61217,-7.41949],[112.612285149,-7.419662724],[112.61239,-7.41982],[112.61261,-7.42029],[112.6132,-7.42027],[112.61369,-7.42021],[112.613757606,-7.42021],[112.613783101,-7.42004320400002],[112.613905327,-7.41981414299993],[112.61392434,-7.41967018799993],[112.613977902,-7.419504977],[112.61409712,-7.41958573799997],[112.614251828,-7.41965476099996],[112.614414319,-7.41964629799996],[112.61442984,-7.41963801999997],[112.61444841,-7.41963445999994],[112.61449204,-7.41963228],[112.61461639,-7.419665],[112.61473259,-7.41969352999998],[112.61478873,-7.41971298999994],[112.61479759,-7.41971822299995],[112.61486667,-7.41974454],[112.61503727,-7.41978366999998],[112.61524887,-7.41986437999995],[112.61565899,-7.42004980999997],[112.61582915,-7.42015233999994],[112.615836363,-7.42017517899997],[112.61584224,-7.42019378999995],[112.61583252,-7.42021596999995],[112.61571789,-7.42047738999998],[112.61563282,-7.42072389999994],[112.6156312,-7.42076916999995],[112.61562627,-7.42090713999992],[112.61565669,-7.42097777999989],[112.61573,-7.42099],[112.61582,-7.42105],[112.61602,-7.42112],[112.616100224,-7.421158001],[112.61621,-7.42121],[112.61629514,-7.42127385999993],[112.616325186,-7.42129639099994],[112.61660600679167,-7.421539147800527],[112.61658238,-7.4215695899999],[112.616350900345878,-7.421973783800459],[112.616283741500126,-7.422145914355665],[112.616128255636454,-7.422310317298121],[112.615981200518249,-7.422651293220866],[112.615865086125879,-7.422936364311151],[112.615685137338502,-7.423530425094843],[112.615494241,-7.42411231399996],[112.61542612,-7.42431383999995],[112.61516434,-7.42532386999996],[112.6150858,-7.42548311999996],[112.6147444,-7.42603285999996],[112.6146026,-7.42623573999997],[112.61457097,-7.42621501999997],[112.61455488,-7.42617659999998],[112.6145545,-7.42617568000001],[112.614553733,-7.42617434999991],[112.61455186,-7.42617109999996],[112.6145518,-7.42617114999994],[112.61453814,-7.42624495999994],[112.61416511,-7.42693213999996],[112.61376589,-7.42764330999998],[112.61348666,-7.42843082999998],[112.61336059,-7.42882325999993],[112.61333,-7.42881],[112.61327,-7.42878],[112.61276,-7.42846],[112.61147,-7.42778],[112.61096,-7.42746],[112.610748164,-7.42733778699994],[112.6107,-7.42731],[112.61069258,-7.42730872999993],[112.61062144,-7.42729655999995],[112.61059186,-7.42729149999994],[112.60994783,-7.42718133999994],[112.60994,-7.42718],[112.6097228,-7.42712477999993],[112.60935,-7.42703],[112.60865,-7.42685],[112.6083,-7.42675],[112.60726,-7.42643],[112.606967011,-7.42633984999998],[112.60696584,-7.42633948999998],[112.60696389,-7.42663624999997],[112.60685481,-7.42717726999994],[112.60676755,-7.42741722999993],[112.606586841,-7.42757212799994],[112.6065788,-7.42757901999996],[112.60656,-7.42772],[112.60653,-7.42779],[112.60634,-7.42845],[112.60625,-7.42887],[112.60618,-7.42922],[112.60617838,-7.42922138999996],[112.60616251,-7.42931572999996],[112.60610905,-7.42930430999998],[112.60605501,-7.42929276999997],[112.60604834,-7.42929093999995],[112.60604215,-7.42929002999995],[112.60602908,-7.42928808999996],[112.60561313,-7.42922658999991],[112.60484197,-7.42914041999996],[112.603970006,-7.4290517929999],[112.60394046,-7.42904878999997],[112.60393937,-7.42907987999995],[112.60394,-7.42909223999992]]]]}}
]
}
