{
"type": "FeatureCollection",
"name": "kecamatan_balongbendo",
"crs": { "type": "name", "properties": { "name": "urn:ogc:def:crs:OGC:1.3:CRS84" } },
"features": [
{ "type": "Feature", "properties": { "nama_desa": "Bakalanwringinpitu", "nama_kecamatan": "Balongbendo", "luas": 9.94488e-05 }, "geometry": { "type": "Polygon", "coordinates": [ [ [ 112.538195618957403, -7.41217044332592, 0.0 ], [ 112.538185618957371, -7.412270443325845, 0.0 ], [ 112.538155618957376, -7.412450443325906, 0.0 ], [ 112.538135618957412, -7.412560443325859, 0.0 ], [ 112.53812561895738, -7.412640443325905, 0.0 ], [ 112.538165618957407, -7.41306044332584, 0.0 ], [ 112.538215618957452, -7.413310443325919, 0.0 ], [ 112.538335618957348, -7.413580443325966, 0.0 ], [ 112.538525618957436, -7.4138104433259, 0.0 ], [ 112.53871561895744, -7.413980443325844, 0.0 ], [ 112.539205618957396, -7.414600443325895, 0.0 ], [ 112.53922561895736, -7.414670443325914, 0.0 ], [ 112.539275618957319, -7.414830443325918, 0.0 ], [ 112.539295618957468, -7.414890443325909, 0.0 ], [ 112.539265618957387, -7.415080443325909, 0.0 ], [ 112.53922561895736, -7.415520443325899, 0.0 ], [ 112.539205618957396, -7.415760443325862, 0.0 ], [ 112.539205618957396, -7.415830443325881, 0.0 ], [ 112.539205618957396, -7.416130443325923, 0.0 ], [ 112.539215618957414, -7.416240443325876, 0.0 ], [ 112.539255618957441, -7.416290443325927, 0.0 ], [ 112.539395618957386, -7.416540443325918, 0.0 ], [ 112.539445618957359, -7.416790443325908, 0.0 ], [ 112.539445618957359, -7.416950443325913, 0.0 ], [ 112.539375618957337, -7.417290443325889, 0.0 ], [ 112.539355618957373, -7.417370443325936, 0.0 ], [ 112.539245618957409, -7.417850443325861, 0.0 ], [ 112.539165618957455, -7.418180443325898, 0.0 ], [ 112.539105618957379, -7.418520443325875, 0.0 ], [ 112.539065618957437, -7.41874044332587, 0.0 ], [ 112.539015618957308, -7.418990443325949, 0.0 ], [ 112.539015618957308, -7.419190443325888, 0.0 ], [ 112.539025618957425, -7.419470443325874, 0.0 ], [ 112.53905561895732, -7.419700443325898, 0.0 ], [ 112.539085618957415, -7.419850443325874, 0.0 ], [ 112.539095618957347, -7.420010443325879, 0.0 ], [ 112.539085618957415, -7.420170443325883, 0.0 ], [ 112.539075618957384, -7.420360443325883, 0.0 ], [ 112.539045618957388, -7.420560443325911, 0.0 ], [ 112.539005618957361, -7.42082044332593, 0.0 ], [ 112.538985618957398, -7.421020443325869, 0.0 ], [ 112.538965618957334, -7.421420443325925, 0.0 ], [ 112.538945618957371, -7.42164044332592, 0.0 ], [ 112.538925618957322, -7.421870443325943, 0.0 ], [ 112.538895618957412, -7.422130443325873, 0.0 ], [ 112.538865618957416, -7.422390443325892, 0.0 ], [ 112.538835618957336, -7.422680443325905, 0.0 ], [ 112.538805618957426, -7.422940443325924, 0.0 ], [ 112.538785618957363, -7.423140443325863, 0.0 ], [ 112.538765618957399, -7.423270443325872, 0.0 ], [ 112.538735618957404, -7.42335044332583, 0.0 ], [ 112.538695618957377, -7.423440443325905, 0.0 ], [ 112.538635618957386, -7.423640443325844, 0.0 ], [ 112.538595618957373, -7.423780443325882, 0.0 ], [ 112.538555618957346, -7.423930443325858, 0.0 ], [ 112.538505618957387, -7.424090443325863, 0.0 ], [ 112.53846561895736, -7.424140443325914, 0.0 ], [ 112.538415618957401, -7.424190443325877, 0.0 ], [ 112.538305618957438, -7.424220443325872, 0.0 ], [ 112.538115618957349, -7.424250443325867, 0.0 ], [ 112.537945618957409, -7.424270443325835, 0.0 ], [ 112.5377856189574, -7.424280443325951, 0.0 ], [ 112.53772561895741, -7.424290443325891, 0.0 ], [ 112.537545618957438, -7.424300443325919, 0.0 ], [ 112.53696561895741, -7.424240443325928, 0.0 ], [ 112.536305618957343, -7.424080443325924, 0.0 ], [ 112.536195618957393, -7.424030443325872, 0.0 ], [ 112.536075618957412, -7.424130443325886, 0.0 ], [ 112.536025618957353, -7.4242304433259, 0.0 ], [ 112.535995618957358, -7.424370443325937, 0.0 ], [ 112.535945618957399, -7.424640443325895, 0.0 ], [ 112.535975618957394, -7.424700443325886, 0.0 ], [ 112.535855618957328, -7.424740443325909, 0.0 ], [ 112.535595618957302, -7.424910443325942, 0.0 ], [ 112.535485618957352, -7.424900443325914, 0.0 ], [ 112.535095618957328, -7.424670443325891, 0.0 ], [ 112.534935618957405, -7.424670443325891, 0.0 ], [ 112.534705618957389, -7.424680443325919, 0.0 ], [ 112.534345618957445, -7.424550443325909, 0.0 ], [ 112.53400561895738, -7.4244204433259, 0.0 ], [ 112.533895618957416, -7.424460443325923, 0.0 ], [ 112.5336656189574, -7.424550443325909, 0.0 ], [ 112.533545618957419, -7.424550443325909, 0.0 ], [ 112.533275618957376, -7.424520443325914, 0.0 ], [ 112.533135618957417, -7.424510443325886, 0.0 ], [ 112.533175618957443, -7.424440443325867, 0.0 ], [ 112.53321561895747, -7.424330443325914, 0.0 ], [ 112.53318561895739, -7.424280443325951, 0.0 ], [ 112.533075618957426, -7.4242304433259, 0.0 ], [ 112.53298561895744, -7.424190443325877, 0.0 ], [ 112.532995618957386, -7.424130443325886, 0.0 ], [ 112.533045618957431, -7.423910443325891, 0.0 ], [ 112.532925618957364, -7.423760443325914, 0.0 ], [ 112.53293561895731, -7.423670443325928, 0.0 ], [ 112.532845618957325, -7.423610443325938, 0.0 ], [ 112.532855618957441, -7.423310443325896, 0.0 ], [ 112.532875618957405, -7.423060443325905, 0.0 ], [ 112.532975618957323, -7.422780443325919, 0.0 ], [ 112.533065618957309, -7.422680443325905, 0.0 ], [ 112.533195618957322, -7.422540443325868, 0.0 ], [ 112.533205618957354, -7.422440443325854, 0.0 ], [ 112.533225618957403, -7.422190443325864, 0.0 ], [ 112.533305618957456, -7.422110443325906, 0.0 ], [ 112.533385618957325, -7.422000443325953, 0.0 ], [ 112.533425618957352, -7.421890443325911, 0.0 ], [ 112.533515618957338, -7.421760443325901, 0.0 ], [ 112.533635618957405, -7.42145044332592, 0.0 ], [ 112.533735618957323, -7.421240443325953, 0.0 ], [ 112.533925618957326, -7.421030443325897, 0.0 ], [ 112.53459561895734, -7.420380443325939, 0.0 ], [ 112.534755618957433, -7.420160443325944, 0.0 ], [ 112.534875618957329, -7.41994044332586, 0.0 ], [ 112.535025618957391, -7.41956044332586, 0.0 ], [ 112.535155618957404, -7.419270443325846, 0.0 ], [ 112.535485618957352, -7.418800443325861, 0.0 ], [ 112.535525618957379, -7.418660443325912, 0.0 ], [ 112.535515618957433, -7.417960443325903, 0.0 ], [ 112.535525618957379, -7.417610443325898, 0.0 ], [ 112.535535618957397, -7.417380443325875, 0.0 ], [ 112.535315618957313, -7.417300443325917, 0.0 ], [ 112.535215618957395, -7.417250443325955, 0.0 ], [ 112.535105618957445, -7.417210443325931, 0.0 ], [ 112.534725618957353, -7.417140443325913, 0.0 ], [ 112.534185618957352, -7.417090443325861, 0.0 ], [ 112.532915618957432, -7.416860443325927, 0.0 ], [ 112.532395618957295, -7.416770443325852, 0.0 ], [ 112.532155618957333, -7.416730443325829, 0.0 ], [ 112.531855618957294, -7.416670443325927, 0.0 ], [ 112.53171561895735, -7.416660443325899, 0.0 ], [ 112.53072561895732, -7.416500443325894, 0.0 ], [ 112.529775618957331, -7.416320443325922, 0.0 ], [ 112.529425618957319, -7.416260443325932, 0.0 ], [ 112.529055618957344, -7.416240443325876, 0.0 ], [ 112.528985618957421, -7.416240443325876, 0.0 ], [ 112.528915618957399, -7.416220443325908, 0.0 ], [ 112.529045618957412, -7.415820443325853, 0.0 ], [ 112.529075618957407, -7.415750443325923, 0.0 ], [ 112.529175618957424, -7.415400443325918, 0.0 ], [ 112.529195618957388, -7.415340443325928, 0.0 ], [ 112.529305618957423, -7.415000443325951, 0.0 ], [ 112.529385618957477, -7.414710443325937, 0.0 ], [ 112.529405618957355, -7.414610443325923, 0.0 ], [ 112.529395618957409, -7.414490443325942, 0.0 ], [ 112.529235618957316, -7.414490443325942, 0.0 ], [ 112.528935618957462, -7.414440443325891, 0.0 ], [ 112.528845618957476, -7.414430443325863, 0.0 ], [ 112.528785618957386, -7.412910443325952, 0.0 ], [ 112.528645618957356, -7.412840443325933, 0.0 ], [ 112.52861561895736, -7.412780443325854, 0.0 ], [ 112.528595618957397, -7.412620443325938, 0.0 ], [ 112.528565618957302, -7.412280443325873, 0.0 ], [ 112.528455618957352, -7.411560443325897, 0.0 ], [ 112.52844561895742, -7.41148044332585, 0.0 ], [ 112.528395618957447, -7.410560443325846, 0.0 ], [ 112.528305618957461, -7.409820443325902, 0.0 ], [ 112.52827561895738, -7.409700443325921, 0.0 ], [ 112.528265618957448, -7.40958044332594, 0.0 ], [ 112.528235618957353, -7.409430443325874, 0.0 ], [ 112.52855561895737, -7.409410443325907, 0.0 ], [ 112.528975618957304, -7.409360443325856, 0.0 ], [ 112.529355618957396, -7.409340443325888, 0.0 ], [ 112.529765618957384, -7.409360443325856, 0.0 ], [ 112.53061561895737, -7.409440443325902, 0.0 ], [ 112.531115618957358, -7.409530443325888, 0.0 ], [ 112.531305618957347, -7.409630443325902, 0.0 ], [ 112.531645618957413, -7.409760443325911, 0.0 ], [ 112.532335618957404, -7.409960443325939, 0.0 ], [ 112.53298561895744, -7.410160443325879, 0.0 ], [ 112.533645618957337, -7.410310443325855, 0.0 ], [ 112.534355618957377, -7.410440443325864, 0.0 ], [ 112.534605618957372, -7.410540443325967, 0.0 ], [ 112.534805618957392, -7.410630443325953, 0.0 ], [ 112.535145618957372, -7.410760443325874, 0.0 ], [ 112.53555561895746, -7.410920443325878, 0.0 ], [ 112.536055618957434, -7.411120443325906, 0.0 ], [ 112.536595618957449, -7.411310443325906, 0.0 ], [ 112.537065618957342, -7.411510443325934, 0.0 ], [ 112.537525618957389, -7.411690443325906, 0.0 ], [ 112.537795618957347, -7.411840443325882, 0.0 ], [ 112.538085618957453, -7.412090443325873, 0.0 ], [ 112.538195618957403, -7.41217044332592, 0.0 ] ] ] } },
{ "type": "Feature", "properties": { "nama_desa": "Bakungpringgondani", "nama_kecamatan": "Balongbendo", "luas": 0.00016724367 }, "geometry": { "type": "Polygon", "coordinates": [ [ [ 112.508110000000158, -7.409272956499899, 0.0 ], [ 112.508110000000158, -7.409342956499918, 0.0 ], [ 112.50799, -7.411002956499955, 0.0 ], [ 112.507920000000155, -7.411972956499921, 0.0 ], [ 112.507910000000223, -7.41204295649994, 0.0 ], [ 112.50789000000016, -7.412462956499963, 0.0 ], [ 112.50786, -7.412822956499907, 0.0 ], [ 112.507830000000169, -7.413112956499921, 0.0 ], [ 112.507790000000142, -7.413592956499935, 0.0 ], [ 112.50777, -7.413852956499953, 0.0 ], [ 112.507750000000129, -7.414182956499902, 0.0 ], [ 112.507750000000129, -7.414392956499958, 0.0 ], [ 112.507740000000183, -7.414462956499976, 0.0 ], [ 112.507720000000134, -7.41463295649992, 0.0 ], [ 112.50789000000016, -7.41463295649992, 0.0 ], [ 112.508420000000143, -7.414542956499934, 0.0 ], [ 112.508750000000177, -7.414612956499953, 0.0 ], [ 112.5086000000002, -7.414702956499939, 0.0 ], [ 112.508520000000146, -7.41475295649999, 0.0 ], [ 112.50837000000017, -7.414972956499897, 0.0 ], [ 112.5084, -7.415092956499967, 0.0 ], [ 112.508480000000134, -7.415542956499985, 0.0 ], [ 112.508510000000214, -7.415892956499901, 0.0 ], [ 112.508520000000146, -7.416052956499906, 0.0 ], [ 112.508560000000173, -7.416452956499962, 0.0 ], [ 112.508610000000132, -7.417042956499929, 0.0 ], [ 112.509500000000145, -7.4170329564999, 0.0 ], [ 112.509500000000145, -7.417132956499914, 0.0 ], [ 112.509500000000145, -7.417672956499919, 0.0 ], [ 112.50948, -7.4189329564999, 0.0 ], [ 112.509500000000145, -7.419332956499956, 0.0 ], [ 112.509530000000225, -7.419822956499909, 0.0 ], [ 112.509520000000109, -7.420022956499936, 0.0 ], [ 112.509500000000145, -7.420172956499913, 0.0 ], [ 112.50947000000015, -7.420222956499964, 0.0 ], [ 112.509550000000203, -7.420282956499955, 0.0 ], [ 112.509710000000197, -7.420382956499969, 0.0 ], [ 112.5101200000002, -7.420542956499974, 0.0 ], [ 112.510330000000167, -7.420652956499927, 0.0 ], [ 112.510720000000191, -7.420832956499988, 0.0 ], [ 112.510890000000231, -7.420912956499945, 0.0 ], [ 112.510910000000109, -7.420982956499875, 0.0 ], [ 112.510890000000231, -7.421112956499973, 0.0 ], [ 112.510710000000159, -7.421692956499912, 0.0 ], [ 112.510700000000142, -7.421762956499931, 0.0 ], [ 112.51069000000011, -7.42189295649994, 0.0 ], [ 112.5106600000002, -7.422052956499945, 0.0 ], [ 112.510130000000132, -7.423772956499883, 0.0 ], [ 112.51001000000015, -7.424122956499977, 0.0 ], [ 112.509840000000125, -7.424712956499944, 0.0 ], [ 112.50987000000012, -7.42479295649999, 0.0 ], [ 112.509810000000215, -7.42480295649993, 0.0 ], [ 112.5097, -7.424812956499869, 0.0 ], [ 112.509550000000203, -7.424752956499967, 0.0 ], [ 112.509460000000118, -7.424722956499883, 0.0 ], [ 112.509300000000124, -7.424602956499902, 0.0 ], [ 112.509150000000147, -7.424462956499953, 0.0 ], [ 112.509000000000171, -7.424372956499967, 0.0 ], [ 112.508690000000186, -7.424372956499967, 0.0 ], [ 112.508320000000211, -7.424462956499953, 0.0 ], [ 112.508150000000185, -7.424452956499925, 0.0 ], [ 112.507900000000106, -7.424412956499991, 0.0 ], [ 112.50745, -7.424492956499948, 0.0 ], [ 112.507270000000105, -7.424522956499944, 0.0 ], [ 112.507060000000237, -7.424512956499916, 0.0 ], [ 112.506760000000185, -7.424402956499963, 0.0 ], [ 112.506350000000197, -7.424212956499963, 0.0 ], [ 112.506040000000127, -7.424102956499921, 0.0 ], [ 112.505580000000165, -7.423982956499939, 0.0 ], [ 112.505320000000154, -7.424002956499907, 0.0 ], [ 112.5044800000001, -7.424192956499907, 0.0 ], [ 112.50408000000013, -7.424202956499935, 0.0 ], [ 112.503960000000149, -7.424112956499949, 0.0 ], [ 112.50375, -7.423802956499967, 0.0 ], [ 112.503590000000187, -7.423612956499968, 0.0 ], [ 112.503390000000152, -7.42347295649993, 0.0 ], [ 112.503190000000217, -7.42341295649994, 0.0 ], [ 112.502880000000147, -7.423362956499977, 0.0 ], [ 112.502660000000148, -7.423352956499949, 0.0 ], [ 112.5023300000002, -7.423292956499958, 0.0 ], [ 112.501540000000119, -7.423122956499926, 0.0 ], [ 112.501770000000135, -7.422042956499917, 0.0 ], [ 112.501950000000107, -7.421002956499931, 0.0 ], [ 112.502120000000147, -7.419932956499951, 0.0 ], [ 112.502200000000187, -7.419382956499918, 0.0 ], [ 112.502310000000151, -7.41867295649997, 0.0 ], [ 112.50232, -7.41861295649989, 0.0 ], [ 112.502690000000229, -7.4176029564999, 0.0 ], [ 112.502810000000125, -7.417252956499985, 0.0 ], [ 112.503060000000204, -7.416582956499971, 0.0 ], [ 112.503160000000136, -7.41633295649998, 0.0 ], [ 112.503290000000135, -7.41608295649999, 0.0 ], [ 112.503310000000113, -7.41602295649991, 0.0 ], [ 112.503450000000143, -7.415722956499957, 0.0 ], [ 112.503500000000201, -7.415612956499915, 0.0 ], [ 112.503510000000134, -7.415532956499957, 0.0 ], [ 112.503540000000129, -7.415262956499911, 0.0 ], [ 112.50355000000016, -7.415152956499957, 0.0 ], [ 112.50355000000016, -7.415022956499948, 0.0 ], [ 112.503500000000201, -7.414902956499878, 0.0 ], [ 112.50336, -7.414832956499948, 0.0 ], [ 112.503160000000136, -7.414772956499869, 0.0 ], [ 112.503000000000128, -7.414692956499911, 0.0 ], [ 112.502780000000214, -7.41457295649993, 0.0 ], [ 112.502540000000167, -7.414412956499925, 0.0 ], [ 112.502270000000124, -7.414242956499981, 0.0 ], [ 112.502060000000242, -7.414112956499883, 0.0 ], [ 112.501950000000107, -7.414072956499949, 0.0 ], [ 112.501850000000189, -7.414032956499925, 0.0 ], [ 112.501750000000172, -7.414012956499958, 0.0 ], [ 112.501630000000191, -7.413992956499902, 0.0 ], [ 112.501380000000196, -7.41400295649993, 0.0 ], [ 112.50128, -7.414032956499925, 0.0 ], [ 112.501220000000203, -7.414092956499916, 0.0 ], [ 112.501120000000185, -7.414182956499902, 0.0 ], [ 112.501060000000109, -7.414272956499888, 0.0 ], [ 112.501020000000167, -7.414342956499906, 0.0 ], [ 112.500930000000182, -7.414422956499953, 0.0 ], [ 112.500880000000137, -7.414372956499991, 0.0 ], [ 112.500860000000159, -7.414272956499888, 0.0 ], [ 112.50083, -7.414162956499935, 0.0 ], [ 112.5008100000002, -7.414072956499949, 0.0 ], [ 112.500790000000151, -7.413992956499902, 0.0 ], [ 112.50078000000012, -7.413802956499902, 0.0 ], [ 112.500770000000173, -7.413632956499958, 0.0 ], [ 112.50075000000021, -7.413412956499963, 0.0 ], [ 112.50075000000021, -7.413292956499982, 0.0 ], [ 112.50074, -7.413212956499935, 0.0 ], [ 112.500720000000214, -7.413012956499907, 0.0 ], [ 112.500690000000134, -7.412792956500001, 0.0 ], [ 112.500660000000224, -7.412522956499954, 0.0 ], [ 112.50061, -7.412152956499893, 0.0 ], [ 112.500490000000198, -7.411562956499926, 0.0 ], [ 112.50050000000013, -7.411172956499987, 0.0 ], [ 112.500190000000146, -7.411272956499912, 0.0 ], [ 112.499670000000208, -7.411442956499945, 0.0 ], [ 112.499420000000129, -7.411522956499903, 0.0 ], [ 112.49926000000012, -7.411582956499982, 0.0 ], [ 112.498380000000139, -7.411872956499996, 0.0 ], [ 112.497300000000124, -7.412242956499968, 0.0 ], [ 112.497220000000169, -7.412272956499875, 0.0 ], [ 112.49711000000022, -7.412292956499931, 0.0 ], [ 112.49687, -7.412312956499898, 0.0 ], [ 112.496750000000191, -7.412332956499954, 0.0 ], [ 112.49663000000011, -7.41242295649994, 0.0 ], [ 112.496470000000116, -7.412482956499931, 0.0 ], [ 112.496250000000202, -7.412542956499921, 0.0 ], [ 112.495350000000172, -7.412732956499921, 0.0 ], [ 112.493570000000148, -7.413072956499898, 0.0 ], [ 112.492240000000237, -7.413322956499888, 0.0 ], [ 112.492130000000103, -7.413342956499944, 0.0 ], [ 112.492130000000103, -7.413272956499926, 0.0 ], [ 112.491920000000135, -7.412322956499926, 0.0 ], [ 112.491770000000159, -7.411692956499936, 0.0 ], [ 112.491730000000146, -7.411452956499973, 0.0 ], [ 112.491700000000236, -7.411302956499908, 0.0 ], [ 112.491620000000182, -7.410962956499931, 0.0 ], [ 112.491570000000223, -7.410742956499936, 0.0 ], [ 112.491540000000143, -7.410612956499927, 0.0 ], [ 112.491450000000157, -7.410372956499964, 0.0 ], [ 112.49147000000012, -7.410182956499964, 0.0 ], [ 112.491470158000141, -7.410181452499929, 0.0 ], [ 112.492093946000139, -7.410116790499908, 0.0 ], [ 112.492643261000211, -7.409793023499942, 0.0 ], [ 112.493352815000122, -7.409145490499922, 0.0 ], [ 112.493665603000153, -7.408874146499942, 0.0 ], [ 112.494267694000143, -7.408401551499919, 0.0 ], [ 112.494375737477071, -7.408316744775165, 0.0 ], [ 112.495413410563188, -7.407968557541009, 0.0 ], [ 112.495565331000222, -7.407959572499943, 0.0 ], [ 112.496068873000226, -7.40800677149994, 0.0 ], [ 112.496702116000137, -7.407999154499931, 0.0 ], [ 112.496923360000224, -7.407906159499964, 0.0 ], [ 112.497404028000119, -7.40755855149998, 0.0 ], [ 112.497852965005208, -7.407149974204517, 0.0 ], [ 112.497857953000192, -7.407148300499964, 0.0 ], [ 112.49789672542191, -7.407110147875793, 0.0 ], [ 112.49802963000019, -7.406989191499944, 0.0 ], [ 112.49864759100025, -7.406647774499939, 0.0 ], [ 112.499185327786549, -7.406635735960618, 0.0 ], [ 112.499669323000234, -7.406737527499905, 0.0 ], [ 112.499782317240687, -7.406756473566132, 0.0 ], [ 112.49978437600025, -7.406757477499957, 0.0 ], [ 112.499902335762656, -7.406776597413698, 0.0 ], [ 112.499939486000201, -7.406782826499922, 0.0 ], [ 112.500204753674964, -7.406825615861132, 0.0 ], [ 112.500310817000198, -7.4068428075, 0.0 ], [ 112.500311175691053, -7.406842782408427, 0.0 ], [ 112.500311759000098, -7.406842876499917, 0.0 ], [ 112.500630600000193, -7.406820596499939, 0.0 ], [ 112.500885586000152, -7.406777326499911, 0.0 ], [ 112.501480387000157, -7.406626873499897, 0.0 ], [ 112.501990144000146, -7.406476707499996, 0.0 ], [ 112.50235120050742, -7.406411900666141, 0.0 ], [ 112.502406648112327, -7.406414310215856, 0.0 ], [ 112.50279791200019, -7.406431569499903, 0.0 ], [ 112.503329648000133, -7.406493398499956, 0.0 ], [ 112.503733819000175, -7.406555649499955, 0.0 ], [ 112.503990471628484, -7.406631498980962, 0.0 ], [ 112.504156043000208, -7.406681165499949, 0.0 ], [ 112.504789905773407, -7.406750743819499, 0.0 ], [ 112.505095301000125, -7.406784314499957, 0.0 ], [ 112.5057543140002, -7.406760879499883, 0.0 ], [ 112.506094487000198, -7.406759728499965, 0.0 ], [ 112.506668096000141, -7.406630546499935, 0.0 ], [ 112.506857565825385, -7.40653976755353, 0.0 ], [ 112.507116220000086, -7.406417026499943, 0.0 ], [ 112.50733776995331, -7.406192115249786, 0.0 ], [ 112.507368116000151, -7.406161641499951, 0.0 ], [ 112.507516509000169, -7.406033898499951, 0.0 ], [ 112.507716794149971, -7.405966557294628, 0.0 ], [ 112.507772361000193, -7.405948278499972, 0.0 ], [ 112.50782373126593, -7.405929013275623, 0.0 ], [ 112.508004929000165, -7.405862593499899, 0.0 ], [ 112.508240227000186, -7.405787043499954, 0.0 ], [ 112.508250000000103, -7.405962956499943, 0.0 ], [ 112.508280000000184, -7.406402956499933, 0.0 ], [ 112.508230000000225, -7.406952956499966, 0.0 ], [ 112.508210000000176, -7.407162956499933, 0.0 ], [ 112.508200000000144, -7.407372956499989, 0.0 ], [ 112.508170000000149, -7.407882956499909, 0.0 ], [ 112.508130000000122, -7.40863295649997, 0.0 ], [ 112.508110000000158, -7.40920295649997, 0.0 ], [ 112.508110000000158, -7.409272956499899, 0.0 ] ] ] } },
{ "type": "Feature", "properties": { "nama_desa": "Bakungtemenggungan", "nama_kecamatan": "Balongbendo", "luas": 0.0001864295 }, "geometry": { "type": "Polygon", "coordinates": [ [ [ 112.501928427077914, -7.423259213538894, 0.0 ], [ 112.50184842707796, -7.423259213538894, 0.0 ], [ 112.501188427077963, -7.423319213538885, 0.0 ], [ 112.500948427077915, -7.423269213538922, 0.0 ], [ 112.500698427078021, -7.423229213538899, 0.0 ], [ 112.500628427077913, -7.423219213538959, 0.0 ], [ 112.500058427078002, -7.423209213538931, 0.0 ], [ 112.499858427077967, -7.423199213538903, 0.0 ], [ 112.499688427077942, -7.423139213538913, 0.0 ], [ 112.499368427077926, -7.423019213538931, 0.0 ], [ 112.498538427078003, -7.422989213538847, 0.0 ], [ 112.498158427077911, -7.422959213538941, 0.0 ], [ 112.497628427078027, -7.422939213538885, 0.0 ], [ 112.497368427078001, -7.422929213538946, 0.0 ], [ 112.496548427078011, -7.422949213538913, 0.0 ], [ 112.496238427077941, -7.422999213538875, 0.0 ], [ 112.496048427077852, -7.42296921353888, 0.0 ], [ 112.495718427077904, -7.422919213538917, 0.0 ], [ 112.495598427077923, -7.422959213538941, 0.0 ], [ 112.495508427077937, -7.423029213538871, 0.0 ], [ 112.495418427077865, -7.423199213538903, 0.0 ], [ 112.495398427077987, -7.423289213538889, 0.0 ], [ 112.49535842707796, -7.423459213538922, 0.0 ], [ 112.49535842707796, -7.423629213538955, 0.0 ], [ 112.495258427077943, -7.423639213538894, 0.0 ], [ 112.494918427077877, -7.423659213538861, 0.0 ], [ 112.494868427077918, -7.423699213538884, 0.0 ], [ 112.494848427077955, -7.42378921353887, 0.0 ], [ 112.494798427077995, -7.424069213538856, 0.0 ], [ 112.494728427077973, -7.42409921353894, 0.0 ], [ 112.494578427077997, -7.424169213538959, 0.0 ], [ 112.494478427077979, -7.424279213538912, 0.0 ], [ 112.494468427077862, -7.424389213538954, 0.0 ], [ 112.494418427077903, -7.424809213538889, 0.0 ], [ 112.494348427077966, -7.424909213538903, 0.0 ], [ 112.494208427078021, -7.425019213538945, 0.0 ], [ 112.494108427077919, -7.425009213538917, 0.0 ], [ 112.494018427077933, -7.425019213538945, 0.0 ], [ 112.493988427077937, -7.425089213538963, 0.0 ], [ 112.493978427078005, -7.425249213538879, 0.0 ], [ 112.494008427077901, -7.425509213538898, 0.0 ], [ 112.494088427077955, -7.425719213538954, 0.0 ], [ 112.494168427077994, -7.425919213538893, 0.0 ], [ 112.494148427077945, -7.426039213538874, 0.0 ], [ 112.494048427077928, -7.426239213538902, 0.0 ], [ 112.49394842707801, -7.426409213538846, 0.0 ], [ 112.493918427077915, -7.426509213538949, 0.0 ], [ 112.493878427077902, -7.42656921353885, 0.0 ], [ 112.493768427077939, -7.426589213538906, 0.0 ], [ 112.493628427077994, -7.426559213538911, 0.0 ], [ 112.4934684270779, -7.426429213538902, 0.0 ], [ 112.493388427077946, -7.426359213538883, 0.0 ], [ 112.493258427078018, -7.426369213538911, 0.0 ], [ 112.492778427078008, -7.426539213538944, 0.0 ], [ 112.492588427078005, -7.426659213538925, 0.0 ], [ 112.492508427077965, -7.426779213538906, 0.0 ], [ 112.492448427077974, -7.426939213538911, 0.0 ], [ 112.492288427077966, -7.42763921353892, 0.0 ], [ 112.492268427078002, -7.427709213538939, 0.0 ], [ 112.492288427077966, -7.427869213538854, 0.0 ], [ 112.492208427077927, -7.428479213538878, 0.0 ], [ 112.492188427077949, -7.428829213538882, 0.0 ], [ 112.492178427078017, -7.428989213538887, 0.0 ], [ 112.49205842707795, -7.429269213538872, 0.0 ], [ 112.491968427077964, -7.429919213538919, 0.0 ], [ 112.491978427077896, -7.430119213538858, 0.0 ], [ 112.491988427077928, -7.430269213538923, 0.0 ], [ 112.491948427077901, -7.430409213538872, 0.0 ], [ 112.491838427077951, -7.430589213538933, 0.0 ], [ 112.491788427077992, -7.430779213538844, 0.0 ], [ 112.491798427077924, -7.43091921353897, 0.0 ], [ 112.491708427077938, -7.431279213538914, 0.0 ], [ 112.491698427078006, -7.431559213538899, 0.0 ], [ 112.491608427077921, -7.431919213538932, 0.0 ], [ 112.49154842707803, -7.432219213538885, 0.0 ], [ 112.491578427077926, -7.43249921353896, 0.0 ], [ 112.491498427077886, -7.432769213538918, 0.0 ], [ 112.491418427078017, -7.432959213538918, 0.0 ], [ 112.491468427077976, -7.433299213538894, 0.0 ], [ 112.491568427077993, -7.433589213538908, 0.0 ], [ 112.491448427077927, -7.43363921353887, 0.0 ], [ 112.491318427077914, -7.43363921353887, 0.0 ], [ 112.491258427077923, -7.433669213538955, 0.0 ], [ 112.491188427077986, -7.433679213538894, 0.0 ], [ 112.49058842707791, -7.433399213538908, 0.0 ], [ 112.490448427077965, -7.433369213538913, 0.0 ], [ 112.490378427078028, -7.433379213538941, 0.0 ], [ 112.49030842707792, -7.433359213538885, 0.0 ], [ 112.489758427077973, -7.433189213538852, 0.0 ], [ 112.489328427077922, -7.433139213538889, 0.0 ], [ 112.489118427077955, -7.433069213538871, 0.0 ], [ 112.488738427077962, -7.432949213538889, 0.0 ], [ 112.488178427077983, -7.432799213538913, 0.0 ], [ 112.487698427077973, -7.432659213538876, 0.0 ], [ 112.487528427077947, -7.432599213538885, 0.0 ], [ 112.487358427077908, -7.432609213538913, 0.0 ], [ 112.487278427077953, -7.432599213538885, 0.0 ], [ 112.487078427077918, -7.432449213538908, 0.0 ], [ 112.486878427077983, -7.432399213538857, 0.0 ], [ 112.486658427077984, -7.432349213538894, 0.0 ], [ 112.485968427078006, -7.432159213538895, 0.0 ], [ 112.48533842707802, -7.431949213538927, 0.0 ], [ 112.484978427077991, -7.431849213538913, 0.0 ], [ 112.484588427077952, -7.431759213538927, 0.0 ], [ 112.4843784270779, -7.431709213538965, 0.0 ], [ 112.484298427078031, -7.431689213538909, 0.0 ], [ 112.484238427077955, -7.431659213538913, 0.0 ], [ 112.48426842707795, -7.431159213538932, 0.0 ], [ 112.484258427078004, -7.431069213538858, 0.0 ], [ 112.484208427078045, -7.430999213538928, 0.0 ], [ 112.483978427077929, -7.430949213538876, 0.0 ], [ 112.483718427078003, -7.430949213538876, 0.0 ], [ 112.483498427078004, -7.430959213538904, 0.0 ], [ 112.483228427077961, -7.43091921353897, 0.0 ], [ 112.483198427077966, -7.42940921353891, 0.0 ], [ 112.483128427078043, -7.427609213538925, 0.0 ], [ 112.483078427077899, -7.425989213538911, 0.0 ], [ 112.482988427077913, -7.425919213538893, 0.0 ], [ 112.482768427078, -7.426049213538902, 0.0 ], [ 112.482258427077909, -7.426329213538888, 0.0 ], [ 112.482138427078013, -7.426089213538925, 0.0 ], [ 112.482008427078, -7.425839213538935, 0.0 ], [ 112.481898427077965, -7.42549921353887, 0.0 ], [ 112.481778427077984, -7.425159213538893, 0.0 ], [ 112.481738427077957, -7.424869213538879, 0.0 ], [ 112.481738427077957, -7.424719213538903, 0.0 ], [ 112.481748427077989, -7.424589213538893, 0.0 ], [ 112.481818427077911, -7.424489213538879, 0.0 ], [ 112.481978427077919, -7.424369213538898, 0.0 ], [ 112.482338427077948, -7.424049213538889, 0.0 ], [ 112.48251842707792, -7.423909213538852, 0.0 ], [ 112.482638427078001, -7.423779213538842, 0.0 ], [ 112.482978427077882, -7.42353921353888, 0.0 ], [ 112.483178427078002, -7.423439213538866, 0.0 ], [ 112.483538427078031, -7.423309213538945, 0.0 ], [ 112.483928427077885, -7.423239213538838, 0.0 ], [ 112.484388427078017, -7.423179213538936, 0.0 ], [ 112.48460842707793, -7.423149213538852, 0.0 ], [ 112.485008427077886, -7.423029213538871, 0.0 ], [ 112.485188427077958, -7.422929213538946, 0.0 ], [ 112.485298427077993, -7.422819213538904, 0.0 ], [ 112.485568427077951, -7.422609213538848, 0.0 ], [ 112.485858427077972, -7.42233921353889, 0.0 ], [ 112.486178427077888, -7.422029213538909, 0.0 ], [ 112.486578427077944, -7.421689213538932, 0.0 ], [ 112.486898427077946, -7.421399213538918, 0.0 ], [ 112.487088427077865, -7.421249213538942, 0.0 ], [ 112.488008427077958, -7.420529213538877, 0.0 ], [ 112.488228427077956, -7.420309213538881, 0.0 ], [ 112.488428427077892, -7.420119213538881, 0.0 ], [ 112.488698427077935, -7.419909213538914, 0.0 ], [ 112.488948427078014, -7.419629213538928, 0.0 ], [ 112.489178427077945, -7.419449213538868, 0.0 ], [ 112.489538427077989, -7.419139213538887, 0.0 ], [ 112.489878427077869, -7.418879213538957, 0.0 ], [ 112.490098427077953, -7.418649213538933, 0.0 ], [ 112.490268427077893, -7.41848921353884, 0.0 ], [ 112.49072842707794, -7.418259213538906, 0.0 ], [ 112.491218427077897, -7.418269213538934, 0.0 ], [ 112.491458427078044, -7.418309213538957, 0.0 ], [ 112.491978427077896, -7.418379213538887, 0.0 ], [ 112.49236842707802, -7.418319213538896, 0.0 ], [ 112.49267842707799, -7.418249213538878, 0.0 ], [ 112.493548427077954, -7.417989213538859, 0.0 ], [ 112.494468427077862, -7.417739213538868, 0.0 ], [ 112.494648427077919, -7.417649213538883, 0.0 ], [ 112.494848427077955, -7.417509213538934, 0.0 ], [ 112.495168427077957, -7.417279213538911, 0.0 ], [ 112.495398427077987, -7.417059213538916, 0.0 ], [ 112.495698427078025, -7.41683921353892, 0.0 ], [ 112.496098427077996, -7.416579213538902, 0.0 ], [ 112.496508427077984, -7.416419213538897, 0.0 ], [ 112.496688427077956, -7.416409213538869, 0.0 ], [ 112.496848427077964, -7.416419213538897, 0.0 ], [ 112.497428427077907, -7.416559213538934, 0.0 ], [ 112.497728427077945, -7.416559213538934, 0.0 ], [ 112.497888427077953, -7.416519213538911, 0.0 ], [ 112.49820842707787, -7.41639921353893, 0.0 ], [ 112.498568427077899, -7.41620921353893, 0.0 ], [ 112.499158427077958, -7.415869213538865, 0.0 ], [ 112.499628427077951, -7.415759213538911, 0.0 ], [ 112.499888427077963, -7.415789213538907, 0.0 ], [ 112.500058427078002, -7.415799213538935, 0.0 ], [ 112.500318427077929, -7.415809213538874, 0.0 ], [ 112.500698427078021, -7.415739213538855, 0.0 ], [ 112.500858427077929, -7.415699213538921, 0.0 ], [ 112.500978427077911, -7.41563921353893, 0.0 ], [ 112.501108427078009, -7.415549213538944, 0.0 ], [ 112.501188427077963, -7.415449213538841, 0.0 ], [ 112.501238427078022, -7.41532921353886, 0.0 ], [ 112.5012584270779, -7.415239213538874, 0.0 ], [ 112.501278427077949, -7.415109213538865, 0.0 ], [ 112.501308427077944, -7.414889213538959, 0.0 ], [ 112.501318427077976, -7.414709213538898, 0.0 ], [ 112.501318427077976, -7.414559213538921, 0.0 ], [ 112.501408427077962, -7.414479213538875, 0.0 ], [ 112.501448427077904, -7.414409213538856, 0.0 ], [ 112.501508427077979, -7.41431921353887, 0.0 ], [ 112.501608427077997, -7.414229213538884, 0.0 ], [ 112.501668427077888, -7.414169213538893, 0.0 ], [ 112.501768427077991, -7.414139213538898, 0.0 ], [ 112.502018427077985, -7.41412921353887, 0.0 ], [ 112.502138427077966, -7.414149213538926, 0.0 ], [ 112.502238427077984, -7.414169213538893, 0.0 ], [ 112.502338427077902, -7.414209213538917, 0.0 ], [ 112.502448427078036, -7.414249213538851, 0.0 ], [ 112.502658427077918, -7.414379213538949, 0.0 ], [ 112.502928427077961, -7.414549213538893, 0.0 ], [ 112.503168427078009, -7.414709213538898, 0.0 ], [ 112.503388427077923, -7.414829213538879, 0.0 ], [ 112.503548427077931, -7.414909213538837, 0.0 ], [ 112.503748427077866, -7.414969213538916, 0.0 ], [ 112.503888427077996, -7.415039213538846, 0.0 ], [ 112.503938427077955, -7.415159213538916, 0.0 ], [ 112.503938427077955, -7.415289213538926, 0.0 ], [ 112.503928427077923, -7.415399213538879, 0.0 ], [ 112.503898427077928, -7.415669213538925, 0.0 ], [ 112.503888427077996, -7.415749213538883, 0.0 ], [ 112.503838427077937, -7.415859213538925, 0.0 ], [ 112.503698427077907, -7.416159213538879, 0.0 ], [ 112.503678427077929, -7.416219213538958, 0.0 ], [ 112.503548427077931, -7.416469213538949, 0.0 ], [ 112.503448427077998, -7.416719213538939, 0.0 ], [ 112.503198427077919, -7.417389213538953, 0.0 ], [ 112.503078427078023, -7.417739213538868, 0.0 ], [ 112.502708427077877, -7.418749213538859, 0.0 ], [ 112.502698427077945, -7.418809213538938, 0.0 ], [ 112.502588427077981, -7.419519213538886, 0.0 ], [ 112.502508427077942, -7.420069213538919, 0.0 ], [ 112.502338427077902, -7.4211392135389, 0.0 ], [ 112.50215842707793, -7.422179213538885, 0.0 ], [ 112.501928427077914, -7.423259213538894, 0.0 ] ] ] } },
{ "type": "Feature", "properties": { "nama_desa": "Balongbendo", "nama_kecamatan": "Balongbendo", "luas": 9.92109e-05 }, "geometry": { "type": "Polygon", "coordinates": [ [ [ 112.5588, -7.41086, 0.0 ], [ 112.55853, -7.41095, 0.0 ], [ 112.5582, -7.41104, 0.0 ], [ 112.55793, -7.41108, 0.0 ], [ 112.55745, -7.4112, 0.0 ], [ 112.55707, -7.41133, 0.0 ], [ 112.55665, -7.41149, 0.0 ], [ 112.55635, -7.4116, 0.0 ], [ 112.55596, -7.41166, 0.0 ], [ 112.555390000000102, -7.41167, 0.0 ], [ 112.55496, -7.4117, 0.0 ], [ 112.55465, -7.41176, 0.0 ], [ 112.55429, -7.41188, 0.0 ], [ 112.553950000000142, -7.412, 0.0 ], [ 112.55369, -7.41214, 0.0 ], [ 112.55339, -7.41222, 0.0 ], [ 112.55322, -7.41224, 0.0 ], [ 112.55291, -7.41222, 0.0 ], [ 112.55258, -7.41216, 0.0 ], [ 112.552330000000126, -7.41211, 0.0 ], [ 112.55217, -7.41208, 0.0 ], [ 112.55205, -7.4121, 0.0 ], [ 112.55199, -7.41212, 0.0 ], [ 112.55195, -7.41218, 0.0 ], [ 112.551920000000138, -7.41225, 0.0 ], [ 112.5519, -7.41242, 0.0 ], [ 112.55185, -7.4129, 0.0 ], [ 112.55182, -7.41316, 0.0 ], [ 112.55178, -7.41327, 0.0 ], [ 112.55174, -7.41335, 0.0 ], [ 112.55169, -7.4134, 0.0 ], [ 112.55157, -7.41349, 0.0 ], [ 112.551380000000137, -7.41359, 0.0 ], [ 112.551120000000111, -7.41368, 0.0 ], [ 112.550800000000109, -7.41372, 0.0 ], [ 112.55033, -7.41375, 0.0 ], [ 112.5499, -7.41372, 0.0 ], [ 112.54908, -7.41367, 0.0 ], [ 112.54869, -7.41363, 0.0 ], [ 112.54826, -7.41362, 0.0 ], [ 112.54708, -7.4135, 0.0 ], [ 112.546210000000116, -7.41343, 0.0 ], [ 112.54546, -7.41337, 0.0 ], [ 112.54488, -7.41335, 0.0 ], [ 112.54426, -7.41329, 0.0 ], [ 112.54358, -7.41321, 0.0 ], [ 112.54317, -7.41315, 0.0 ], [ 112.5431, -7.41313, 0.0 ], [ 112.54269, -7.41306, 0.0 ], [ 112.54217, -7.41295, 0.0 ], [ 112.54176, -7.4128, 0.0 ], [ 112.54126, -7.41259, 0.0 ], [ 112.540930000000131, -7.41248, 0.0 ], [ 112.5406, -7.4124, 0.0 ], [ 112.54027, -7.41232, 0.0 ], [ 112.540300000000144, -7.41222, 0.0 ], [ 112.54034, -7.41214, 0.0 ], [ 112.54038, -7.41206, 0.0 ], [ 112.54043, -7.41194, 0.0 ], [ 112.540480000000116, -7.41183999999989, 0.0 ], [ 112.540540000000107, -7.41171, 0.0 ], [ 112.54059, -7.41157, 0.0 ], [ 112.54065, -7.41141, 0.0 ], [ 112.54069, -7.41129, 0.0 ], [ 112.54072, -7.41117, 0.0 ], [ 112.54074, -7.41107, 0.0 ], [ 112.54078, -7.41094, 0.0 ], [ 112.54082, -7.4108, 0.0 ], [ 112.54087, -7.41064, 0.0 ], [ 112.54091, -7.41050999999989, 0.0 ], [ 112.540950000000109, -7.41041, 0.0 ], [ 112.54101, -7.41025, 0.0 ], [ 112.54104, -7.41016, 0.0 ], [ 112.54107, -7.41009, 0.0 ], [ 112.541110000000103, -7.41, 0.0 ], [ 112.54114, -7.40992, 0.0 ], [ 112.54117, -7.40985, 0.0 ], [ 112.54121000000012, -7.40975, 0.0 ], [ 112.54131, -7.40952, 0.0 ], [ 112.54137, -7.40938, 0.0 ], [ 112.54145, -7.40922, 0.0 ], [ 112.54154, -7.40905, 0.0 ], [ 112.54163, -7.40893, 0.0 ], [ 112.541840000000107, -7.40902, 0.0 ], [ 112.54235, -7.40919, 0.0 ], [ 112.54281, -7.40938, 0.0 ], [ 112.542830000000137, -7.40922, 0.0 ], [ 112.54302, -7.40858, 0.0 ], [ 112.54334, -7.40754, 0.0 ], [ 112.54338, -7.407469999999892, 0.0 ], [ 112.54338, -7.4074, 0.0 ], [ 112.54347, -7.40742, 0.0 ], [ 112.544720000000112, -7.40743, 0.0 ], [ 112.545170000000127, -7.40744, 0.0 ], [ 112.54523, -7.40744, 0.0 ], [ 112.54537, -7.40745, 0.0 ], [ 112.546, -7.40749, 0.0 ], [ 112.54635, -7.40749, 0.0 ], [ 112.54705, -7.40754, 0.0 ], [ 112.54765, -7.40758, 0.0 ], [ 112.54865, -7.40759, 0.0 ], [ 112.54896, -7.40759, 0.0 ], [ 112.54903, -7.40759, 0.0 ], [ 112.54955, -7.40764, 0.0 ], [ 112.55025, -7.40759, 0.0 ], [ 112.5504, -7.40758, 0.0 ], [ 112.55053, -7.40752, 0.0 ], [ 112.55066, -7.40746, 0.0 ], [ 112.55087, -7.4074, 0.0 ], [ 112.55109, -7.40732, 0.0 ], [ 112.55128, -7.4072, 0.0 ], [ 112.55168, -7.407, 0.0 ], [ 112.552, -7.4068, 0.0 ], [ 112.55232, -7.4067, 0.0 ], [ 112.552550000000124, -7.40661, 0.0 ], [ 112.55299, -7.40651, 0.0 ], [ 112.553110000000103, -7.40645, 0.0 ], [ 112.55333, -7.406299999999897, 0.0 ], [ 112.55343, -7.40626, 0.0 ], [ 112.55358, -7.40622, 0.0 ], [ 112.55415, -7.40604, 0.0 ], [ 112.55431, -7.40591, 0.0 ], [ 112.55444, -7.4058, 0.0 ], [ 112.554710000000142, -7.40572, 0.0 ], [ 112.555080000000117, -7.40563, 0.0 ], [ 112.55546, -7.4055, 0.0 ], [ 112.55563, -7.40541, 0.0 ], [ 112.5558, -7.40528, 0.0 ], [ 112.55602, -7.40521, 0.0 ], [ 112.55643, -7.40503, 0.0 ], [ 112.55674, -7.40501, 0.0 ], [ 112.55693, -7.40494, 0.0 ], [ 112.55702, -7.40496, 0.0 ], [ 112.55763, -7.40471, 0.0 ], [ 112.55766, -7.40482, 0.0 ], [ 112.55772, -7.405219999999888, 0.0 ], [ 112.557870000000122, -7.40626, 0.0 ], [ 112.55798, -7.40677, 0.0 ], [ 112.55822, -7.4086, 0.0 ], [ 112.55831, -7.4093, 0.0 ], [ 112.55838, -7.40971, 0.0 ], [ 112.558410000000123, -7.40976, 0.0 ], [ 112.55852, -7.41002, 0.0 ], [ 112.55868, -7.41048, 0.0 ], [ 112.55875, -7.41073, 0.0 ], [ 112.55878, -7.41078, 0.0 ], [ 112.5588, -7.41086, 0.0 ] ] ] } },
{ "type": "Feature", "properties": { "nama_desa": "Bogempinggir", "nama_kecamatan": "Balongbendo", "luas": 0.00010862478 }, "geometry": { "type": "Polygon", "coordinates": [ [ [ 112.523621883015934, -7.406816835931012, 0.0 ], [ 112.522321883015934, -7.407126835930994, 0.0 ], [ 112.52218188301589, -7.407156835930989, 0.0 ], [ 112.521741883015991, -7.407266835931031, 0.0 ], [ 112.521361883015999, -7.407366835931045, 0.0 ], [ 112.520741883015944, -7.407536835931078, 0.0 ], [ 112.520541883016008, -7.407596835930979, 0.0 ], [ 112.519561883015925, -7.407886835930993, 0.0 ], [ 112.519431883015912, -7.407916835930989, 0.0 ], [ 112.51826188301591, -7.408076835931082, 0.0 ], [ 112.517561883016, -7.408146835931012, 0.0 ], [ 112.517461883016068, -7.40815683593104, 0.0 ], [ 112.516861883015991, -7.408216835931031, 0.0 ], [ 112.516051883015933, -7.408296835930988, 0.0 ], [ 112.515831883015935, -7.408326835931073, 0.0 ], [ 112.515541883016013, -7.408376835931035, 0.0 ], [ 112.513741883015939, -7.40853683593104, 0.0 ], [ 112.513551883016035, -7.408556835931007, 0.0 ], [ 112.513331883016036, -7.408566835931035, 0.0 ], [ 112.51270188301595, -7.408636835930965, 0.0 ], [ 112.511621883016034, -7.408836835930993, 0.0 ], [ 112.510511883015937, -7.40897683593103, 0.0 ], [ 112.509191883015973, -7.409176835930969, 0.0 ], [ 112.508431883015973, -7.409306835930979, 0.0 ], [ 112.508431883015973, -7.409236835931049, 0.0 ], [ 112.508451883015937, -7.408666835931049, 0.0 ], [ 112.508491883015964, -7.407916835930989, 0.0 ], [ 112.508521883015959, -7.407406835931068, 0.0 ], [ 112.508531883015991, -7.407196835931012, 0.0 ], [ 112.50855188301604, -7.406986835931045, 0.0 ], [ 112.508601883015999, -7.406436835931013, 0.0 ], [ 112.508571883015918, -7.405996835931022, 0.0 ], [ 112.508562110016001, -7.405820922931033, 0.0 ], [ 112.508722926406691, -7.405769287343938, 0.0 ], [ 112.508796133016006, -7.405746114931061, 0.0 ], [ 112.509036549442328, -7.405661802824698, 0.0 ], [ 112.509346172015952, -7.405553724931041, 0.0 ], [ 112.509621984016036, -7.40538313893096, 0.0 ], [ 112.510024855015971, -7.405063684930996, 0.0 ], [ 112.510597304015903, -7.404595199931046, 0.0 ], [ 112.51104248701597, -7.404211977930958, 0.0 ], [ 112.511466616016065, -7.403892450930988, 0.0 ], [ 112.51153264476271, -7.403842043764103, 0.0 ], [ 112.5120005000161, -7.403487825931082, 0.0 ], [ 112.512549815015987, -7.403167855931075, 0.0 ], [ 112.51267951501606, -7.403092511931058, 0.0 ], [ 112.512679851016003, -7.403092319931043, 0.0 ], [ 112.513144902016023, -7.40282643793107, 0.0 ], [ 112.513801043016045, -7.402463572931067, 0.0 ], [ 112.514312202015972, -7.402207509931019, 0.0 ], [ 112.514509505076973, -7.402094576583634, 0.0 ], [ 112.514649335015974, -7.40201549693103, 0.0 ], [ 112.514927159883797, -7.401945213933297, 0.0 ], [ 112.515075144016038, -7.401908043931021, 0.0 ], [ 112.515140125830001, -7.401891338679972, 0.0 ], [ 112.515414060015914, -7.401822039931011, 0.0 ], [ 112.515720853540728, -7.401779244244638, 0.0 ], [ 112.515883859015887, -7.401756896931039, 0.0 ], [ 112.516181390015987, -7.401649610931043, 0.0 ], [ 112.516371938560496, -7.401568771134054, 0.0 ], [ 112.516688384016021, -7.401435991931043, 0.0 ], [ 112.517176504015993, -7.401179857930989, 0.0 ], [ 112.517601132015955, -7.401008760931044, 0.0 ], [ 112.51796212401598, -7.400880290931072, 0.0 ], [ 112.518302145016051, -7.40083672193102, 0.0 ], [ 112.518960999016031, -7.400770860930988, 0.0 ], [ 112.519777548850527, -7.400625456883075, 0.0 ], [ 112.519812989016089, -7.400619167931049, 0.0 ], [ 112.520278400016053, -7.400511882931054, 0.0 ], [ 112.520326136628498, -7.400485149056562, 0.0 ], [ 112.520660231016024, -7.400298522930987, 0.0 ], [ 112.52125435801598, -7.39995720393099, 0.0 ], [ 112.521593869016002, -7.399765188931001, 0.0 ], [ 112.521880554901699, -7.399463563211755, 0.0 ], [ 112.522040763016037, -7.399296900931068, 0.0 ], [ 112.522612976015949, -7.398786200931001, 0.0 ], [ 112.522739551755166, -7.398650352308161, 0.0 ], [ 112.523013508015964, -7.398360736931059, 0.0 ], [ 112.523352799016052, -7.398105106931046, 0.0 ], [ 112.523713277015943, -7.39782819893105, 0.0 ], [ 112.523879338903924, -7.397723880353452, 0.0 ], [ 112.52405493301606, -7.397614620931053, 0.0 ], [ 112.524367599881799, -7.39748081738068, 0.0 ], [ 112.524604676015983, -7.397379815930988, 0.0 ], [ 112.525050411015911, -7.39716623093099, 0.0 ], [ 112.525358053507134, -7.397135944857608, 0.0 ], [ 112.525428219016092, -7.397129188931034, 0.0 ], [ 112.52543179301594, -7.397128816931003, 0.0 ], [ 112.525431698015936, -7.397130905930998, 0.0 ], [ 112.525421883015923, -7.397346835931012, 0.0 ], [ 112.525401883015959, -7.397766835931035, 0.0 ], [ 112.525391883016013, -7.397906835930984, 0.0 ], [ 112.525391883016013, -7.39843683593096, 0.0 ], [ 112.525421883015923, -7.398766835930997, 0.0 ], [ 112.525481883015999, -7.399786835931016, 0.0 ], [ 112.525511883015909, -7.40013683593102, 0.0 ], [ 112.525521883016026, -7.400226835931006, 0.0 ], [ 112.525621883016044, -7.400736835931015, 0.0 ], [ 112.525721883015962, -7.40114683593101, 0.0 ], [ 112.525891883016001, -7.401896835930982, 0.0 ], [ 112.526011883015883, -7.402416835931019, 0.0 ], [ 112.526021883016, -7.40247683593101, 0.0 ], [ 112.526111883015986, -7.402886835931005, 0.0 ], [ 112.52605188301591, -7.40303683593107, 0.0 ], [ 112.526001883015951, -7.403166835930991, 0.0 ], [ 112.526091883015937, -7.403346835930963, 0.0 ], [ 112.526121883016017, -7.403406835931042, 0.0 ], [ 112.526071883015973, -7.403466835931033, 0.0 ], [ 112.525991883016005, -7.403496835931028, 0.0 ], [ 112.525481883015999, -7.403646835931005, 0.0 ], [ 112.524981883016025, -7.403826835931065, 0.0 ], [ 112.524681883015973, -7.40392683593099, 0.0 ], [ 112.523981883015963, -7.404186835931009, 0.0 ], [ 112.52348188301599, -7.404386835931037, 0.0 ], [ 112.523321883015981, -7.404476835931023, 0.0 ], [ 112.52331188301595, -7.404636835931028, 0.0 ], [ 112.523411883015967, -7.405336835931037, 0.0 ], [ 112.523541883016065, -7.406436835931013, 0.0 ], [ 112.523601883015971, -7.406746835930994, 0.0 ], [ 112.523621883015934, -7.406816835931012, 0.0 ] ] ] } },
{ "type": "Feature", "properties": { "nama_desa": "Gagangkepuhsari", "nama_kecamatan": "Balongbendo", "luas": 8.42251e-05 }, "geometry": { "type": "Polygon", "coordinates": [ [ [ 112.53568, -7.42456, 0.0 ], [ 112.535800000000137, -7.42456, 0.0 ], [ 112.53592, -7.42463, 0.0 ], [ 112.53603, -7.42477, 0.0 ], [ 112.536080000000126, -7.42485, 0.0 ], [ 112.53624, -7.4251, 0.0 ], [ 112.53666, -7.42549, 0.0 ], [ 112.53681, -7.42562, 0.0 ], [ 112.53701, -7.42576, 0.0 ], [ 112.53705, -7.42587, 0.0 ], [ 112.53701, -7.42622, 0.0 ], [ 112.536930000000112, -7.4265, 0.0 ], [ 112.53683, -7.42659, 0.0 ], [ 112.53694, -7.42665, 0.0 ], [ 112.53713, -7.42702, 0.0 ], [ 112.537250000000114, -7.42699, 0.0 ], [ 112.53787, -7.42684, 0.0 ], [ 112.53833000000013, -7.42673, 0.0 ], [ 112.53847, -7.4267, 0.0 ], [ 112.538730000000101, -7.42664, 0.0 ], [ 112.53884, -7.42664, 0.0 ], [ 112.53894, -7.42664, 0.0 ], [ 112.539370000000119, -7.42665, 0.0 ], [ 112.540030000000101, -7.42665, 0.0 ], [ 112.54073, -7.42661, 0.0 ], [ 112.54105, -7.42659, 0.0 ], [ 112.54131, -7.42662, 0.0 ], [ 112.54163, -7.4267, 0.0 ], [ 112.54185, -7.42675, 0.0 ], [ 112.54234, -7.42677, 0.0 ], [ 112.54254, -7.42677, 0.0 ], [ 112.54272, -7.42675, 0.0 ], [ 112.54287, -7.42678, 0.0 ], [ 112.54311, -7.42684, 0.0 ], [ 112.54327, -7.42694, 0.0 ], [ 112.54349, -7.42709, 0.0 ], [ 112.54378, -7.42734, 0.0 ], [ 112.54406, -7.42758, 0.0 ], [ 112.54438, -7.4278, 0.0 ], [ 112.54452, -7.42786, 0.0 ], [ 112.54462, -7.42789, 0.0 ], [ 112.5448, -7.4279, 0.0 ], [ 112.54506, -7.4279, 0.0 ], [ 112.545320000000103, -7.42791, 0.0 ], [ 112.54552, -7.42793, 0.0 ], [ 112.54568, -7.42797, 0.0 ], [ 112.54585, -7.42803, 0.0 ], [ 112.54614, -7.42812, 0.0 ], [ 112.54646, -7.42821, 0.0 ], [ 112.546880000000129, -7.4283, 0.0 ], [ 112.54717, -7.42836, 0.0 ], [ 112.547330000000144, -7.42837, 0.0 ], [ 112.54759, -7.42832, 0.0 ], [ 112.54786, -7.42827, 0.0 ], [ 112.548330000000107, -7.42817, 0.0 ], [ 112.54892, -7.42806, 0.0 ], [ 112.54915, -7.42803, 0.0 ], [ 112.54943, -7.42806, 0.0 ], [ 112.54961, -7.42811, 0.0 ], [ 112.54994, -7.42825, 0.0 ], [ 112.5502, -7.42839, 0.0 ], [ 112.550300000000121, -7.42847, 0.0 ], [ 112.550360000000111, -7.42852, 0.0 ], [ 112.55038, -7.42859, 0.0 ], [ 112.5504, -7.429, 0.0 ], [ 112.55044, -7.42909, 0.0 ], [ 112.55051, -7.42914, 0.0 ], [ 112.55073, -7.42922, 0.0 ], [ 112.551030000000125, -7.42932, 0.0 ], [ 112.55121, -7.42939, 0.0 ], [ 112.55132, -7.42944, 0.0 ], [ 112.55139, -7.42949, 0.0 ], [ 112.55146, -7.42965, 0.0 ], [ 112.55158, -7.42989, 0.0 ], [ 112.551660000000112, -7.43014, 0.0 ], [ 112.551700000000139, -7.4303, 0.0 ], [ 112.55172, -7.43042, 0.0 ], [ 112.55169, -7.43065, 0.0 ], [ 112.55164, -7.43093, 0.0 ], [ 112.55162, -7.43115, 0.0 ], [ 112.5516, -7.43138, 0.0 ], [ 112.55163, -7.43148, 0.0 ], [ 112.55168, -7.43156, 0.0 ], [ 112.55178, -7.43164, 0.0 ], [ 112.55173, -7.43168, 0.0 ], [ 112.55167, -7.43172, 0.0 ], [ 112.55137, -7.43193, 0.0 ], [ 112.55128, -7.43179, 0.0 ], [ 112.55111, -7.431669999999899, 0.0 ], [ 112.55101, -7.43162, 0.0 ], [ 112.55094, -7.43163, 0.0 ], [ 112.5508600000001, -7.43171, 0.0 ], [ 112.55081, -7.43192, 0.0 ], [ 112.55078, -7.43216, 0.0 ], [ 112.55074, -7.43224, 0.0 ], [ 112.55061, -7.43231, 0.0 ], [ 112.55013, -7.43227, 0.0 ], [ 112.54993, -7.43222, 0.0 ], [ 112.54946, -7.43192, 0.0 ], [ 112.54938, -7.43188, 0.0 ], [ 112.54901, -7.43217, 0.0 ], [ 112.54871, -7.43237, 0.0 ], [ 112.54848, -7.4321, 0.0 ], [ 112.548370000000133, -7.43194, 0.0 ], [ 112.5483, -7.43189, 0.0 ], [ 112.54823, -7.43191, 0.0 ], [ 112.54817, -7.43197, 0.0 ], [ 112.54825, -7.43224, 0.0 ], [ 112.54828, -7.43236, 0.0 ], [ 112.54825, -7.43252, 0.0 ], [ 112.54821, -7.43258, 0.0 ], [ 112.54812, -7.43259, 0.0 ], [ 112.54786, -7.43248, 0.0 ], [ 112.54769, -7.4324, 0.0 ], [ 112.54728, -7.4322, 0.0 ], [ 112.54714, -7.43215, 0.0 ], [ 112.546920000000142, -7.43219, 0.0 ], [ 112.54677, -7.43227, 0.0 ], [ 112.54651, -7.43248, 0.0 ], [ 112.54639, -7.43253, 0.0 ], [ 112.54633, -7.43254, 0.0 ], [ 112.54624, -7.43243, 0.0 ], [ 112.54614, -7.43212, 0.0 ], [ 112.5461, -7.43198, 0.0 ], [ 112.546020000000112, -7.4319, 0.0 ], [ 112.54588, -7.43197, 0.0 ], [ 112.5456, -7.43248, 0.0 ], [ 112.54553, -7.43259, 0.0 ], [ 112.545450000000116, -7.43264, 0.0 ], [ 112.54535, -7.43263, 0.0 ], [ 112.54528, -7.43258, 0.0 ], [ 112.54523, -7.43219, 0.0 ], [ 112.545210000000154, -7.43211, 0.0 ], [ 112.54484, -7.432, 0.0 ], [ 112.544720000000112, -7.43197, 0.0 ], [ 112.54466, -7.4319, 0.0 ], [ 112.544630000000126, -7.43177, 0.0 ], [ 112.5447, -7.43138, 0.0 ], [ 112.54481, -7.43112, 0.0 ], [ 112.54486, -7.43099, 0.0 ], [ 112.54401, -7.4308, 0.0 ], [ 112.54389, -7.4308, 0.0 ], [ 112.543590000000137, -7.43096, 0.0 ], [ 112.54339, -7.43105, 0.0 ], [ 112.54335, -7.43078, 0.0 ], [ 112.54332, -7.43053, 0.0 ], [ 112.54325, -7.43031, 0.0 ], [ 112.54316, -7.43032, 0.0 ], [ 112.5431, -7.4304, 0.0 ], [ 112.543010000000109, -7.43056, 0.0 ], [ 112.54285, -7.43049, 0.0 ], [ 112.54273, -7.43042, 0.0 ], [ 112.54254, -7.43053, 0.0 ], [ 112.54214, -7.43096, 0.0 ], [ 112.54207, -7.43104, 0.0 ], [ 112.54197000000012, -7.43114, 0.0 ], [ 112.54159, -7.43143, 0.0 ], [ 112.54149000000011, -7.43143, 0.0 ], [ 112.54133, -7.43141, 0.0 ], [ 112.54103, -7.43137, 0.0 ], [ 112.54075, -7.43133, 0.0 ], [ 112.540350000000103, -7.43126, 0.0 ], [ 112.53999, -7.43119, 0.0 ], [ 112.53993, -7.43118, 0.0 ], [ 112.53935, -7.43111, 0.0 ], [ 112.538830000000104, -7.43104, 0.0 ], [ 112.53872, -7.43103, 0.0 ], [ 112.538640000000115, -7.43101, 0.0 ], [ 112.53834, -7.43095, 0.0 ], [ 112.538010000000114, -7.43092, 0.0 ], [ 112.537690000000111, -7.43089, 0.0 ], [ 112.5373, -7.43084, 0.0 ], [ 112.53669, -7.43073, 0.0 ], [ 112.53661, -7.43073, 0.0 ], [ 112.53591, -7.43064, 0.0 ], [ 112.53549, -7.43058, 0.0 ], [ 112.53524, -7.4305, 0.0 ], [ 112.53503, -7.43047, 0.0 ], [ 112.534720000000135, -7.43043, 0.0 ], [ 112.53424, -7.43036, 0.0 ], [ 112.534090000000134, -7.43035, 0.0 ], [ 112.53376, -7.43031, 0.0 ], [ 112.53366, -7.43029, 0.0 ], [ 112.532970000000105, -7.4302, 0.0 ], [ 112.53277, -7.43015, 0.0 ], [ 112.53249, -7.43012, 0.0 ], [ 112.53249, -7.4299, 0.0 ], [ 112.53252, -7.42941, 0.0 ], [ 112.53253, -7.42907, 0.0 ], [ 112.53255, -7.42853, 0.0 ], [ 112.532560000000117, -7.42818, 0.0 ], [ 112.53259, -7.427709999999896, 0.0 ], [ 112.53258, -7.42745, 0.0 ], [ 112.532510000000144, -7.42718, 0.0 ], [ 112.53237, -7.42682, 0.0 ], [ 112.532340000000119, -7.42676, 0.0 ], [ 112.532340000000119, -7.42656, 0.0 ], [ 112.532340000000119, -7.42639, 0.0 ], [ 112.532340000000119, -7.42633, 0.0 ], [ 112.5324, -7.42542, 0.0 ], [ 112.532430000000105, -7.42506, 0.0 ], [ 112.532430000000105, -7.42497, 0.0 ], [ 112.53284, -7.42437, 0.0 ], [ 112.53298, -7.42438, 0.0 ], [ 112.53325, -7.42441, 0.0 ], [ 112.53337, -7.42441, 0.0 ], [ 112.5336, -7.42432, 0.0 ], [ 112.53371, -7.42428, 0.0 ], [ 112.534050000000121, -7.42441, 0.0 ], [ 112.53441, -7.42454, 0.0 ], [ 112.53464, -7.42453, 0.0 ], [ 112.5348, -7.42453, 0.0 ], [ 112.53519, -7.42476, 0.0 ], [ 112.5353, -7.42477, 0.0 ], [ 112.53556, -7.4246, 0.0 ], [ 112.53568, -7.42456, 0.0 ] ] ] } },
{ "type": "Feature", "properties": { "nama_desa": "Jabaran", "nama_kecamatan": "Balongbendo", "luas": 0.0001034687 }, "geometry": { "type": "Polygon", "coordinates": [ [ [ 112.558681383830233, -7.413442348142102, 0.0 ], [ 112.558501383830162, -7.413542348142116, 0.0 ], [ 112.558311383830258, -7.413632348142102, 0.0 ], [ 112.558031383830269, -7.413802348142045, 0.0 ], [ 112.557741383830162, -7.413902348142059, 0.0 ], [ 112.557321383830228, -7.414032348142069, 0.0 ], [ 112.557081383830266, -7.414072348142092, 0.0 ], [ 112.556961383830199, -7.41408234814212, 0.0 ], [ 112.556871383830213, -7.414102348142087, 0.0 ], [ 112.556511383830269, -7.41415234814205, 0.0 ], [ 112.556041383830291, -7.414222348142069, 0.0 ], [ 112.555371383830277, -7.414312348142055, 0.0 ], [ 112.554981383830238, -7.414362348142106, 0.0 ], [ 112.554961383830275, -7.41446234814212, 0.0 ], [ 112.554961383830275, -7.41465234814212, 0.0 ], [ 112.554961383830275, -7.415012348142064, 0.0 ], [ 112.554931383830279, -7.415642348142054, 0.0 ], [ 112.554881383830235, -7.416872348142128, 0.0 ], [ 112.554871383830289, -7.417202348142077, 0.0 ], [ 112.554811383830213, -7.418562348142071, 0.0 ], [ 112.554761383830254, -7.419932348142094, 0.0 ], [ 112.554751383830222, -7.420322348142122, 0.0 ], [ 112.554731383830159, -7.420902348142061, 0.0 ], [ 112.554721383830227, -7.42115234814214, 0.0 ], [ 112.554691383830317, -7.42179234814207, 0.0 ], [ 112.554691383830317, -7.422382348142037, 0.0 ], [ 112.5546813838302, -7.422662348142111, 0.0 ], [ 112.554671383830168, -7.422752348142097, 0.0 ], [ 112.5546813838302, -7.422882348142107, 0.0 ], [ 112.554621383830209, -7.422882348142107, 0.0 ], [ 112.554611383830277, -7.422632348142027, 0.0 ], [ 112.554301383830207, -7.422602348142032, 0.0 ], [ 112.553341383830258, -7.422502348142107, 0.0 ], [ 112.552701383830154, -7.422442348142116, 0.0 ], [ 112.55245138383026, -7.42242234814206, 0.0 ], [ 112.552151383830207, -7.422402348142093, 0.0 ], [ 112.551471383830261, -7.422372348142098, 0.0 ], [ 112.551101383830286, -7.422352348142041, 0.0 ], [ 112.550911383830282, -7.422342348142102, 0.0 ], [ 112.550131383830234, -7.422292348142051, 0.0 ], [ 112.549571383830255, -7.422222348142032, 0.0 ], [ 112.549311383830243, -7.422212348142093, 0.0 ], [ 112.549201383830294, -7.422222348142032, 0.0 ], [ 112.548981383830295, -7.422222348142032, 0.0 ], [ 112.547181383830221, -7.422092348142112, 0.0 ], [ 112.5461313838302, -7.422032348142121, 0.0 ], [ 112.54607138383021, -7.422012348142065, 0.0 ], [ 112.546011383830219, -7.42198234814207, 0.0 ], [ 112.545981383830224, -7.421802348142098, 0.0 ], [ 112.545741383830261, -7.420292348142127, 0.0 ], [ 112.545691383830302, -7.42002234814208, 0.0 ], [ 112.545541383830155, -7.419082348142108, 0.0 ], [ 112.545321383830156, -7.417822348142128, 0.0 ], [ 112.545201383830261, -7.417162348142142, 0.0 ], [ 112.545101383830243, -7.416372348142058, 0.0 ], [ 112.545091383830226, -7.4162923481421, 0.0 ], [ 112.545041383830167, -7.416032348142082, 0.0 ], [ 112.545021383830289, -7.415932348142068, 0.0 ], [ 112.544951383830181, -7.415652348142082, 0.0 ], [ 112.544931383830217, -7.415542348142129, 0.0 ], [ 112.544831383830285, -7.415052348142087, 0.0 ], [ 112.544781383830156, -7.414772348142101, 0.0 ], [ 112.544751383830246, -7.41459234814204, 0.0 ], [ 112.544731383830182, -7.414442348142064, 0.0 ], [ 112.54401138383021, -7.414312348142055, 0.0 ], [ 112.543791383830126, -7.414262348142092, 0.0 ], [ 112.543541383830231, -7.414202348142101, 0.0 ], [ 112.543161383830139, -7.41408234814212, 0.0 ], [ 112.543241383830178, -7.413302348142064, 0.0 ], [ 112.543241383830178, -7.413202348142139, 0.0 ], [ 112.543651383830181, -7.413262348142041, 0.0 ], [ 112.544331383830126, -7.413342348142088, 0.0 ], [ 112.544951383830181, -7.413402348142078, 0.0 ], [ 112.545531383830209, -7.413422348142046, 0.0 ], [ 112.546281383830276, -7.413482348142036, 0.0 ], [ 112.547151383830226, -7.413552348142055, 0.0 ], [ 112.54833138383016, -7.413672348142125, 0.0 ], [ 112.548761383830211, -7.413682348142064, 0.0 ], [ 112.549151383830235, -7.413722348142088, 0.0 ], [ 112.549971383830226, -7.41377234814205, 0.0 ], [ 112.550401383830192, -7.413802348142045, 0.0 ], [ 112.55087138383027, -7.41377234814205, 0.0 ], [ 112.551191383830272, -7.413732348142116, 0.0 ], [ 112.551451383830297, -7.413642348142041, 0.0 ], [ 112.551641383830201, -7.413542348142116, 0.0 ], [ 112.551761383830183, -7.41345234814213, 0.0 ], [ 112.551811383830241, -7.413402348142078, 0.0 ], [ 112.551851383830169, -7.41332234814212, 0.0 ], [ 112.551891383830196, -7.413212348142078, 0.0 ], [ 112.551921383830191, -7.412952348142149, 0.0 ], [ 112.551971383830235, -7.412472348142046, 0.0 ], [ 112.551991383830298, -7.412302348142102, 0.0 ], [ 112.552021383830208, -7.412232348142084, 0.0 ], [ 112.552061383830221, -7.412172348142093, 0.0 ], [ 112.552121383830126, -7.412152348142126, 0.0 ], [ 112.552241383830193, -7.41213234814207, 0.0 ], [ 112.552401383830286, -7.412162348142065, 0.0 ], [ 112.552651383830195, -7.412212348142116, 0.0 ], [ 112.552981383830229, -7.412272348142107, 0.0 ], [ 112.553291383830214, -7.412292348142074, 0.0 ], [ 112.553461383830154, -7.412272348142107, 0.0 ], [ 112.553761383830192, -7.41219234814206, 0.0 ], [ 112.554021383830303, -7.412052348142112, 0.0 ], [ 112.554361383830198, -7.411932348142042, 0.0 ], [ 112.554721383830227, -7.41181234814206, 0.0 ], [ 112.555031383830212, -7.41175234814207, 0.0 ], [ 112.555461383830263, -7.411722348142074, 0.0 ], [ 112.556031383830174, -7.411712348142046, 0.0 ], [ 112.556421383830198, -7.411652348142056, 0.0 ], [ 112.556721383830237, -7.411542348142103, 0.0 ], [ 112.557141383830256, -7.411382348142098, 0.0 ], [ 112.557521383830178, -7.411252348142089, 0.0 ], [ 112.558001383830188, -7.411132348142107, 0.0 ], [ 112.558271383830231, -7.411092348142084, 0.0 ], [ 112.55860138383018, -7.411002348142098, 0.0 ], [ 112.558871383830137, -7.410912348142112, 0.0 ], [ 112.559111383830285, -7.410832348142065, 0.0 ], [ 112.559321383830152, -7.410652348142094, 0.0 ], [ 112.559511383830241, -7.410402348142103, 0.0 ], [ 112.559771383830181, -7.410112348142089, 0.0 ], [ 112.559931383830275, -7.409942348142057, 0.0 ], [ 112.560111383830247, -7.409872348142127, 0.0 ], [ 112.560171383830237, -7.409962348142113, 0.0 ], [ 112.560411383830285, -7.410522348142084, 0.0 ], [ 112.560681383830243, -7.411162348142103, 0.0 ], [ 112.560761383830197, -7.411342348142075, 0.0 ], [ 112.560801383830224, -7.411442348142089, 0.0 ], [ 112.560841383830251, -7.411582348142126, 0.0 ], [ 112.561161383830168, -7.412342348142037, 0.0 ], [ 112.561061383830236, -7.412402348142116, 0.0 ], [ 112.560281383830272, -7.412662348142135, 0.0 ], [ 112.560121383830179, -7.412732348142065, 0.0 ], [ 112.559671383830249, -7.412922348142065, 0.0 ], [ 112.55931138383022, -7.413082348142069, 0.0 ], [ 112.558991383830204, -7.413242348142074, 0.0 ], [ 112.558681383830233, -7.413442348142102, 0.0 ] ] ] } },
{ "type": "Feature", "properties": { "nama_desa": "Jeruklegi", "nama_kecamatan": "Balongbendo", "luas": 0.0001266077 }, "geometry": { "type": "Polygon", "coordinates": [ [ [ 112.570339517844019, -7.40301, 0.0 ], [ 112.570219517844123, -7.40303, 0.0 ], [ 112.570149517844101, -7.40303, 0.0 ], [ 112.569829517844099, -7.40307, 0.0 ], [ 112.569699517844086, -7.40308, 0.0 ], [ 112.569599517844068, -7.40309, 0.0 ], [ 112.569139517844121, -7.40314, 0.0 ], [ 112.569049517844135, -7.40315, 0.0 ], [ 112.568669517844043, -7.40315, 0.0 ], [ 112.568429517844081, -7.40315, 0.0 ], [ 112.568309517844099, -7.40315, 0.0 ], [ 112.567959517844187, -7.40314, 0.0 ], [ 112.566529517844074, -7.40299, 0.0 ], [ 112.566129517844118, -7.40296, 0.0 ], [ 112.565939517844114, -7.40296, 0.0 ], [ 112.565719517844116, -7.40307, 0.0 ], [ 112.565519517844095, -7.40322, 0.0 ], [ 112.565219517844142, -7.40352, 0.0 ], [ 112.564939517844152, -7.40385, 0.0 ], [ 112.564699517844105, -7.40412, 0.0 ], [ 112.564389517844035, -7.40428, 0.0 ], [ 112.563979517844032, -7.40444, 0.0 ], [ 112.56314951784411, -7.404589999999898, 0.0 ], [ 112.561799517844136, -7.40466, 0.0 ], [ 112.560349517844159, -7.40468, 0.0 ], [ 112.558989517844068, -7.40471, 0.0 ], [ 112.558539517844054, -7.40465, 0.0 ], [ 112.558089517844039, -7.40461, 0.0 ], [ 112.55786951784404, -7.40465, 0.0 ], [ 112.557639517844024, -7.40471, 0.0 ], [ 112.557029517844086, -7.40496, 0.0 ], [ 112.5569395178441, -7.40494, 0.0 ], [ 112.556749517844096, -7.40501, 0.0 ], [ 112.556439517844112, -7.40503, 0.0 ], [ 112.556029517844124, -7.40521, 0.0 ], [ 112.555809517844125, -7.40528, 0.0 ], [ 112.555639517844099, -7.40541, 0.0 ], [ 112.55546951784406, -7.4055, 0.0 ], [ 112.555089517844152, -7.40563, 0.0 ], [ 112.554719517844177, -7.40572, 0.0 ], [ 112.554449517844134, -7.4058, 0.0 ], [ 112.554319517844121, -7.40591, 0.0 ], [ 112.554159517844113, -7.40604, 0.0 ], [ 112.553589517844031, -7.40622, 0.0 ], [ 112.553439517844055, -7.40626, 0.0 ], [ 112.553339517844122, -7.406299999999897, 0.0 ], [ 112.553119517844138, -7.40645, 0.0 ], [ 112.552999517844057, -7.40651, 0.0 ], [ 112.552559517844159, -7.40661, 0.0 ], [ 112.552329517844043, -7.4067, 0.0 ], [ 112.552009517844041, -7.4068, 0.0 ], [ 112.551689517844025, -7.407, 0.0 ], [ 112.551289517844069, -7.4072, 0.0 ], [ 112.551099517844065, -7.40732, 0.0 ], [ 112.550879517844066, -7.4074, 0.0 ], [ 112.550669517844099, -7.40746, 0.0 ], [ 112.550539517844086, -7.40752, 0.0 ], [ 112.550409517844088, -7.40758, 0.0 ], [ 112.550259517844012, -7.40759, 0.0 ], [ 112.549559517844102, -7.40764, 0.0 ], [ 112.549039517844065, -7.40759, 0.0 ], [ 112.548969517844128, -7.40759, 0.0 ], [ 112.548659517844058, -7.40759, 0.0 ], [ 112.547659517844096, -7.40758, 0.0 ], [ 112.547059517844019, -7.40754, 0.0 ], [ 112.546359517844095, -7.40749, 0.0 ], [ 112.546009517844084, -7.40749, 0.0 ], [ 112.545379517844097, -7.40745, 0.0 ], [ 112.545239517844067, -7.40744, 0.0 ], [ 112.545179517844161, -7.40744, 0.0 ], [ 112.544729517844146, -7.40743, 0.0 ], [ 112.543479517844105, -7.40742, 0.0 ], [ 112.543389517844119, -7.4074, 0.0 ], [ 112.543409517844083, -7.40733, 0.0 ], [ 112.543459517844042, -7.40719, 0.0 ], [ 112.543749517844148, -7.40629, 0.0 ], [ 112.543799517844107, -7.40613, 0.0 ], [ 112.544059517844133, -7.40571, 0.0 ], [ 112.544089517844029, -7.40565, 0.0 ], [ 112.544239517844105, -7.40549, 0.0 ], [ 112.544219517844041, -7.40543, 0.0 ], [ 112.544179517844015, -7.40531, 0.0 ], [ 112.544109517844092, -7.40511, 0.0 ], [ 112.544029517844038, -7.40489, 0.0 ], [ 112.543969776844079, -7.404710776999943, 0.0 ], [ 112.544376961844108, -7.404658575999976, 0.0 ], [ 112.544759351844121, -7.404572420999953, 0.0 ], [ 112.545247969844056, -7.404464700999922, 0.0 ], [ 112.546281730033769, -7.404289161971542, 0.0 ], [ 112.546907330844206, -7.40418325, 0.0 ], [ 112.547591282068396, -7.404047756182761, 0.0 ], [ 112.547670161844096, -7.404032172999928, 0.0 ], [ 112.548455976844096, -7.403796178999942, 0.0 ], [ 112.549029262844016, -7.403582126999906, 0.0 ], [ 112.549496172844002, -7.403347230999922, 0.0 ], [ 112.549984045844056, -7.403027450999931, 0.0 ], [ 112.550179897144915, -7.402858827667211, 0.0 ], [ 112.550432127844175, -7.402644018, 0.0 ], [ 112.550643116980211, -7.402285725716693, 0.0 ], [ 112.550746225844051, -7.402112952999937, 0.0 ], [ 112.551084173844131, -7.40147559499996, 0.0 ], [ 112.551290613066911, -7.401098103115009, 0.0 ], [ 112.551317153844124, -7.401050429000042, 0.0 ], [ 112.551461445503463, -7.400905133918032, 0.0 ], [ 112.551591960844036, -7.400774038999911, 0.0 ], [ 112.551931315844143, -7.400539594999964, 0.0 ], [ 112.552355996844113, -7.400389672, 0.0 ], [ 112.552716217069488, -7.400388416638402, 0.0 ], [ 112.552820139844144, -7.400388098000041, 0.0 ], [ 112.552820554339604, -7.400388053024729, 0.0 ], [ 112.552823717844078, -7.400388041999948, 0.0 ], [ 112.553631301844021, -7.40030040799998, 0.0 ], [ 112.554438587844118, -7.400127943999921, 0.0 ], [ 112.554438989844058, -7.400127782, 0.0 ], [ 112.554696478705495, -7.400024005981996, 0.0 ], [ 112.55486480084403, -7.399956562999952, 0.0 ], [ 112.55524628384407, -7.399743419, 0.0 ], [ 112.555768831119295, -7.399586659109678, 0.0 ], [ 112.555818553844077, -7.399571775, 0.0 ], [ 112.555844316588463, -7.399565512852311, 0.0 ], [ 112.556351876665531, -7.399442684068189, 0.0 ], [ 112.556859845844173, -7.399440909, 0.0 ], [ 112.557455197844135, -7.399460033, 0.0 ], [ 112.557928364801043, -7.399571549168469, 0.0 ], [ 112.557985216844116, -7.399585088999947, 0.0 ], [ 112.558664255844164, -7.399731497999982, 0.0 ], [ 112.558719263838583, -7.399731283646647, 0.0 ], [ 112.559029399844093, -7.399730198999963, 0.0 ], [ 112.559029971790139, -7.399730072890085, 0.0 ], [ 112.559030456844084, -7.399730070999953, 0.0 ], [ 112.559515430378397, -7.399623032871014, 0.0 ], [ 112.559518005844012, -7.399622464999931, 0.0 ], [ 112.55951874301843, -7.399622307496587, 0.0 ], [ 112.559923099844141, -7.399536003999971, 0.0 ], [ 112.560027362226336, -7.399497844811007, 0.0 ], [ 112.560452472844148, -7.399343512999943, 0.0 ], [ 112.560940704844043, -7.399129746999931, 0.0 ], [ 112.561449972844088, -7.398852290999978, 0.0 ], [ 112.561747088844157, -7.398702807999955, 0.0 ], [ 112.562002057844026, -7.398659504999925, 0.0 ], [ 112.562291222217183, -7.398608301502483, 0.0 ], [ 112.562494200844156, -7.398572780999944, 0.0 ], [ 112.563173214844113, -7.398485516, 0.0 ], [ 112.563959031844121, -7.39839825199998, 0.0 ], [ 112.564301312758488, -7.398342314985404, 0.0 ], [ 112.564891973844126, -7.398246457999944, 0.0 ], [ 112.565763027844071, -7.398073750999954, 0.0 ], [ 112.566293997844042, -7.397923442999952, 0.0 ], [ 112.566385574155461, -7.397886534164497, 0.0 ], [ 112.566614084844147, -7.397795063999988, 0.0 ], [ 112.566995543844186, -7.397602883999985, 0.0 ], [ 112.567246016802471, -7.397365061790859, 0.0 ], [ 112.567354665844135, -7.397262341999964, 0.0 ], [ 112.567357056844074, -7.397259138999965, 0.0 ], [ 112.567359517844096, -7.39726, 0.0 ], [ 112.567559517844131, -7.39733, 0.0 ], [ 112.567699517844162, -7.39739, 0.0 ], [ 112.568169517844055, -7.39758, 0.0 ], [ 112.568269517844072, -7.39761, 0.0 ], [ 112.568349517844027, -7.39763, 0.0 ], [ 112.568379517844122, -7.39784, 0.0 ], [ 112.568429517844081, -7.39822, 0.0 ], [ 112.568569517844111, -7.39949, 0.0 ], [ 112.568579517844057, -7.39959, 0.0 ], [ 112.568609517844138, -7.40004, 0.0 ], [ 112.568649517844079, -7.40044, 0.0 ], [ 112.568659517844097, -7.40055, 0.0 ], [ 112.568669517844043, -7.40065, 0.0 ], [ 112.568699517844124, -7.40109, 0.0 ], [ 112.568829517844136, -7.40244, 0.0 ], [ 112.569539517844177, -7.40249, 0.0 ], [ 112.569869517844126, -7.40252, 0.0 ], [ 112.570079517844178, -7.40256, 0.0 ], [ 112.570199517844074, -7.40263, 0.0 ], [ 112.570279517844114, -7.40269, 0.0 ], [ 112.570279517844114, -7.40278, 0.0 ], [ 112.57031951784414, -7.40287, 0.0 ], [ 112.570339517844019, -7.40301, 0.0 ] ] ] } },
{ "type": "Feature", "properties": { "nama_desa": "Kedungsukodani", "nama_kecamatan": "Balongbendo", "luas": 0.00011850328 }, "geometry": { "type": "Polygon", "coordinates": [ [ [ 112.491800158000046, -7.410288495999948, 0.0 ], [ 112.4918, -7.41029, 0.0 ], [ 112.49178, -7.41048, 0.0 ], [ 112.49187, -7.41072, 0.0 ], [ 112.491900000000129, -7.41085, 0.0 ], [ 112.49195, -7.41107, 0.0 ], [ 112.492030000000142, -7.41141, 0.0 ], [ 112.49206, -7.41156, 0.0 ], [ 112.4921, -7.4118, 0.0 ], [ 112.49225, -7.41243, 0.0 ], [ 112.49246, -7.41338, 0.0 ], [ 112.49246, -7.41345, 0.0 ], [ 112.492570000000143, -7.41343, 0.0 ], [ 112.4939, -7.41318, 0.0 ], [ 112.49568, -7.41284, 0.0 ], [ 112.496580000000108, -7.41265, 0.0 ], [ 112.4968, -7.41259, 0.0 ], [ 112.49696, -7.41253, 0.0 ], [ 112.49708, -7.41244, 0.0 ], [ 112.4972, -7.41242, 0.0 ], [ 112.497440000000125, -7.4124, 0.0 ], [ 112.49755, -7.412379999999894, 0.0 ], [ 112.49763, -7.41235, 0.0 ], [ 112.49871, -7.41198, 0.0 ], [ 112.49959, -7.41169, 0.0 ], [ 112.49975, -7.41163, 0.0 ], [ 112.500000000000114, -7.41155, 0.0 ], [ 112.50052, -7.41138, 0.0 ], [ 112.50083, -7.41128, 0.0 ], [ 112.500820000000104, -7.41167, 0.0 ], [ 112.50094, -7.41226, 0.0 ], [ 112.500990000000129, -7.41263, 0.0 ], [ 112.50102, -7.4129, 0.0 ], [ 112.50105000000012, -7.41312, 0.0 ], [ 112.50107, -7.41332, 0.0 ], [ 112.501080000000115, -7.4134, 0.0 ], [ 112.501080000000115, -7.41352, 0.0 ], [ 112.5011, -7.41374, 0.0 ], [ 112.50111, -7.41391, 0.0 ], [ 112.50112, -7.4141, 0.0 ], [ 112.501140000000106, -7.41418, 0.0 ], [ 112.50116, -7.41427, 0.0 ], [ 112.50119, -7.41438, 0.0 ], [ 112.50121, -7.41448, 0.0 ], [ 112.50126, -7.41453, 0.0 ], [ 112.50126, -7.41468, 0.0 ], [ 112.50125, -7.41486, 0.0 ], [ 112.50122, -7.41508, 0.0 ], [ 112.5012, -7.41521, 0.0 ], [ 112.501180000000133, -7.4153, 0.0 ], [ 112.50113, -7.415419999999893, 0.0 ], [ 112.50105000000012, -7.41552, 0.0 ], [ 112.50092, -7.41561, 0.0 ], [ 112.5008, -7.41567, 0.0 ], [ 112.500640000000132, -7.41571, 0.0 ], [ 112.50026, -7.41578, 0.0 ], [ 112.500000000000114, -7.41577, 0.0 ], [ 112.49983, -7.41576, 0.0 ], [ 112.49957, -7.41573, 0.0 ], [ 112.4991, -7.41584, 0.0 ], [ 112.49851, -7.41618, 0.0 ], [ 112.49815, -7.41637, 0.0 ], [ 112.49783, -7.41649, 0.0 ], [ 112.49767, -7.41653, 0.0 ], [ 112.49737, -7.41653, 0.0 ], [ 112.49679, -7.41639, 0.0 ], [ 112.49663, -7.41638, 0.0 ], [ 112.49645, -7.41639, 0.0 ], [ 112.496040000000107, -7.41655, 0.0 ], [ 112.495640000000137, -7.41681, 0.0 ], [ 112.49534, -7.41703, 0.0 ], [ 112.49511, -7.41725, 0.0 ], [ 112.49479, -7.41748, 0.0 ], [ 112.49459, -7.41762, 0.0 ], [ 112.49441, -7.41771, 0.0 ], [ 112.49349, -7.41796, 0.0 ], [ 112.492620000000102, -7.41822, 0.0 ], [ 112.492310000000131, -7.41829, 0.0 ], [ 112.49192, -7.41835, 0.0 ], [ 112.491400000000155, -7.41828, 0.0 ], [ 112.49116, -7.41824, 0.0 ], [ 112.49067, -7.41823, 0.0 ], [ 112.49021, -7.418459999999891, 0.0 ], [ 112.49004, -7.41862, 0.0 ], [ 112.48982, -7.41885, 0.0 ], [ 112.4894800000001, -7.41911, 0.0 ], [ 112.48912, -7.41942, 0.0 ], [ 112.488890000000126, -7.4196, 0.0 ], [ 112.48864, -7.41988, 0.0 ], [ 112.48837, -7.42009, 0.0 ], [ 112.48817, -7.42028, 0.0 ], [ 112.48795, -7.4205, 0.0 ], [ 112.48703, -7.42122, 0.0 ], [ 112.48684, -7.42137, 0.0 ], [ 112.48655, -7.42098, 0.0 ], [ 112.48631, -7.42029, 0.0 ], [ 112.48617, -7.41967, 0.0 ], [ 112.48615, -7.41953, 0.0 ], [ 112.48594, -7.41791, 0.0 ], [ 112.4859, -7.41764, 0.0 ], [ 112.48585, -7.41742, 0.0 ], [ 112.485820000000132, -7.41685, 0.0 ], [ 112.48552, -7.41679, 0.0 ], [ 112.485020000000105, -7.41669, 0.0 ], [ 112.4841, -7.41654, 0.0 ], [ 112.48373, -7.41654, 0.0 ], [ 112.483726431000022, -7.41654, 0.0 ], [ 112.483604373000048, -7.415433764999966, 0.0 ], [ 112.483230530000014, -7.41415581900001, 0.0 ], [ 112.483215273, -7.413217427999905, 0.0 ], [ 112.483200015000065, -7.412211769999919, 0.0 ], [ 112.482973095000034, -7.41148232099996, 0.0 ], [ 112.482971130000053, -7.411476004999971, 0.0 ], [ 112.483093213000117, -7.410874703999957, 0.0 ], [ 112.483512828000016, -7.410325389999981, 0.0 ], [ 112.484168945000036, -7.409756512999897, 0.0 ], [ 112.485061587, -7.409224873999962, 0.0 ], [ 112.486274659000088, -7.409009311999979, 0.0 ], [ 112.487686101, -7.409106585999945, 0.0 ], [ 112.488914430000023, -7.409379816999904, 0.0 ], [ 112.490188556, -7.409719324000017, 0.0 ], [ 112.491210899000052, -7.41012750199995, 0.0 ], [ 112.491798344999978, -7.410288683999964, 0.0 ], [ 112.491800158000046, -7.410288495999948, 0.0 ] ] ] } },
{ "type": "Feature", "properties": { "nama_desa": "Kemangsen", "nama_kecamatan": "Balongbendo", "luas": 0.00022365915 }, "geometry": { "type": "Polygon", "coordinates": [ [ [ 112.579750000000104, -7.41265, 0.0 ], [ 112.57964, -7.41283, 0.0 ], [ 112.579620000000105, -7.4129, 0.0 ], [ 112.57959, -7.41298, 0.0 ], [ 112.579440000000133, -7.41339, 0.0 ], [ 112.579340000000116, -7.41364, 0.0 ], [ 112.57928, -7.41384, 0.0 ], [ 112.57923, -7.41401, 0.0 ], [ 112.5792, -7.41422, 0.0 ], [ 112.579180000000107, -7.41428, 0.0 ], [ 112.57906, -7.41426, 0.0 ], [ 112.57896, -7.41423, 0.0 ], [ 112.578450000000103, -7.41413, 0.0 ], [ 112.57834, -7.41411, 0.0 ], [ 112.57801, -7.41404, 0.0 ], [ 112.57771, -7.41562, 0.0 ], [ 112.57743, -7.41711, 0.0 ], [ 112.57731, -7.41775, 0.0 ], [ 112.57714, -7.41764, 0.0 ], [ 112.57702, -7.41757, 0.0 ], [ 112.57676, -7.41898, 0.0 ], [ 112.57667, -7.41937, 0.0 ], [ 112.57663, -7.41946, 0.0 ], [ 112.5766, -7.41958, 0.0 ], [ 112.57653, -7.41977, 0.0 ], [ 112.57626, -7.42055, 0.0 ], [ 112.57618, -7.42085, 0.0 ], [ 112.57606, -7.42132, 0.0 ], [ 112.57603, -7.42143, 0.0 ], [ 112.57581, -7.42215, 0.0 ], [ 112.57572, -7.42244, 0.0 ], [ 112.57569, -7.42259, 0.0 ], [ 112.5754, -7.42257, 0.0 ], [ 112.57504, -7.42254, 0.0 ], [ 112.57461, -7.42251, 0.0 ], [ 112.574440000000138, -7.42249, 0.0 ], [ 112.57372, -7.42245, 0.0 ], [ 112.57265, -7.42235, 0.0 ], [ 112.572590000000105, -7.42233, 0.0 ], [ 112.57252, -7.42233, 0.0 ], [ 112.57184, -7.42228, 0.0 ], [ 112.57148, -7.42224, 0.0 ], [ 112.57134, -7.42218, 0.0 ], [ 112.571280000000158, -7.42216, 0.0 ], [ 112.57119, -7.42206, 0.0 ], [ 112.57113, -7.42201, 0.0 ], [ 112.57108, -7.42198, 0.0 ], [ 112.5709, -7.4219, 0.0 ], [ 112.57063, -7.42178, 0.0 ], [ 112.57035, -7.42165, 0.0 ], [ 112.56985, -7.42151, 0.0 ], [ 112.56964, -7.42145, 0.0 ], [ 112.56947, -7.42136, 0.0 ], [ 112.56928, -7.42133, 0.0 ], [ 112.56802, -7.42124, 0.0 ], [ 112.5677, -7.4212, 0.0 ], [ 112.56763, -7.4212, 0.0 ], [ 112.56734, -7.42118, 0.0 ], [ 112.56671, -7.42108, 0.0 ], [ 112.56608, -7.42097, 0.0 ], [ 112.56612, -7.4207, 0.0 ], [ 112.566110000000137, -7.42043, 0.0 ], [ 112.56604, -7.4204, 0.0 ], [ 112.56583, -7.42037, 0.0 ], [ 112.56551, -7.42031, 0.0 ], [ 112.56505, -7.42023, 0.0 ], [ 112.56452, -7.42012, 0.0 ], [ 112.56364, -7.41997, 0.0 ], [ 112.56294, -7.41986, 0.0 ], [ 112.56275, -7.41983, 0.0 ], [ 112.56204, -7.41965, 0.0 ], [ 112.56099, -7.4194, 0.0 ], [ 112.56006, -7.41916, 0.0 ], [ 112.55998, -7.4191, 0.0 ], [ 112.55996, -7.41898, 0.0 ], [ 112.55982, -7.41827, 0.0 ], [ 112.55941, -7.41814, 0.0 ], [ 112.55888, -7.4179, 0.0 ], [ 112.55885, -7.41782, 0.0 ], [ 112.55884, -7.41774, 0.0 ], [ 112.55881, -7.41726, 0.0 ], [ 112.55876, -7.41665, 0.0 ], [ 112.55873, -7.41636, 0.0 ], [ 112.55871, -7.41541, 0.0 ], [ 112.5587, -7.415, 0.0 ], [ 112.55868, -7.4149, 0.0 ], [ 112.558630000000122, -7.41353, 0.0 ], [ 112.55861, -7.41339, 0.0 ], [ 112.55892, -7.41319, 0.0 ], [ 112.55924, -7.41303, 0.0 ], [ 112.5596, -7.41287, 0.0 ], [ 112.56005, -7.41268, 0.0 ], [ 112.560210000000112, -7.41261, 0.0 ], [ 112.56099, -7.41235, 0.0 ], [ 112.56109, -7.41229, 0.0 ], [ 112.56077, -7.41153, 0.0 ], [ 112.56073, -7.41139, 0.0 ], [ 112.56069, -7.41129, 0.0 ], [ 112.56061, -7.41111, 0.0 ], [ 112.560340000000124, -7.41047, 0.0 ], [ 112.5601, -7.40991, 0.0 ], [ 112.56004, -7.40982, 0.0 ], [ 112.5606, -7.40951, 0.0 ], [ 112.560940000000116, -7.4094, 0.0 ], [ 112.56117, -7.40932, 0.0 ], [ 112.56159, -7.4093, 0.0 ], [ 112.562110000000118, -7.4093, 0.0 ], [ 112.56244, -7.40923, 0.0 ], [ 112.56293, -7.40906, 0.0 ], [ 112.56326, -7.40894, 0.0 ], [ 112.563860000000133, -7.40879, 0.0 ], [ 112.564260000000104, -7.40866, 0.0 ], [ 112.56465, -7.40854, 0.0 ], [ 112.564990000000108, -7.4085, 0.0 ], [ 112.56531, -7.40851, 0.0 ], [ 112.56578, -7.40861, 0.0 ], [ 112.56626, -7.40867, 0.0 ], [ 112.56652, -7.40868, 0.0 ], [ 112.56682, -7.40862, 0.0 ], [ 112.56725, -7.40847, 0.0 ], [ 112.56762, -7.40842, 0.0 ], [ 112.56817, -7.40842, 0.0 ], [ 112.56863, -7.40851, 0.0 ], [ 112.56909, -7.40861, 0.0 ], [ 112.56955, -7.40871, 0.0 ], [ 112.56989, -7.40885, 0.0 ], [ 112.57017, -7.40895, 0.0 ], [ 112.57039, -7.409, 0.0 ], [ 112.570610000000144, -7.40897, 0.0 ], [ 112.57098000000012, -7.40891, 0.0 ], [ 112.57117, -7.4089, 0.0 ], [ 112.57143, -7.40893, 0.0 ], [ 112.571650000000133, -7.409, 0.0 ], [ 112.572000000000131, -7.40912, 0.0 ], [ 112.57221, -7.40918, 0.0 ], [ 112.57253, -7.40924, 0.0 ], [ 112.57275, -7.40919, 0.0 ], [ 112.57298, -7.40907, 0.0 ], [ 112.573130000000106, -7.40894, 0.0 ], [ 112.57327, -7.40885, 0.0 ], [ 112.57344, -7.40877, 0.0 ], [ 112.5736, -7.40874, 0.0 ], [ 112.57375, -7.40876, 0.0 ], [ 112.57387, -7.40883, 0.0 ], [ 112.574, -7.40898, 0.0 ], [ 112.57417, -7.40918, 0.0 ], [ 112.57433, -7.40922, 0.0 ], [ 112.57446, -7.4092, 0.0 ], [ 112.57455, -7.40918, 0.0 ], [ 112.57462000000011, -7.40914, 0.0 ], [ 112.57476, -7.40904, 0.0 ], [ 112.57485, -7.40898, 0.0 ], [ 112.57493, -7.40892, 0.0 ], [ 112.57504, -7.40882, 0.0 ], [ 112.57518, -7.40872, 0.0 ], [ 112.575350000000114, -7.40862, 0.0 ], [ 112.57558, -7.40851, 0.0 ], [ 112.57589, -7.40836, 0.0 ], [ 112.57615000000014, -7.40827, 0.0 ], [ 112.57629, -7.40823, 0.0 ], [ 112.57644, -7.4082, 0.0 ], [ 112.57657, -7.40817, 0.0 ], [ 112.5768, -7.40816, 0.0 ], [ 112.5771, -7.40814, 0.0 ], [ 112.577410000000114, -7.4081, 0.0 ], [ 112.57775, -7.40804, 0.0 ], [ 112.57812, -7.40799, 0.0 ], [ 112.578230000000104, -7.40799, 0.0 ], [ 112.578230000000104, -7.40806, 0.0 ], [ 112.57825, -7.40857, 0.0 ], [ 112.5775000000001, -7.40891, 0.0 ], [ 112.57759, -7.40985, 0.0 ], [ 112.5787, -7.41081, 0.0 ], [ 112.57873, -7.41101, 0.0 ], [ 112.5787, -7.41137, 0.0 ], [ 112.578620000000143, -7.41181, 0.0 ], [ 112.57861, -7.41195, 0.0 ], [ 112.578640000000107, -7.41204, 0.0 ], [ 112.578860000000105, -7.41228, 0.0 ], [ 112.579210000000103, -7.41252, 0.0 ], [ 112.579530000000119, -7.41264, 0.0 ], [ 112.579750000000104, -7.41265, 0.0 ] ] ] } },
{ "type": "Feature", "properties": { "nama_desa": "Seduri", "nama_kecamatan": "Balongbendo", "luas": 0.00011147455 }, "geometry": { "type": "Polygon", "coordinates": [ [ [ 112.51826, -7.41201, 0.0 ], [ 112.51822, -7.41211, 0.0 ], [ 112.51822, -7.41217, 0.0 ], [ 112.51822, -7.41229, 0.0 ], [ 112.51821000000011, -7.41246, 0.0 ], [ 112.5182, -7.41261, 0.0 ], [ 112.518190000000132, -7.41274, 0.0 ], [ 112.51818, -7.41286, 0.0 ], [ 112.51817, -7.41297, 0.0 ], [ 112.51816, -7.41307, 0.0 ], [ 112.518150000000119, -7.41315, 0.0 ], [ 112.51813, -7.41325, 0.0 ], [ 112.51812, -7.41333, 0.0 ], [ 112.518100000000146, -7.4134, 0.0 ], [ 112.51809, -7.41348, 0.0 ], [ 112.51807, -7.413549999999889, 0.0 ], [ 112.518060000000133, -7.41362, 0.0 ], [ 112.51805, -7.41368, 0.0 ], [ 112.51803, -7.41376, 0.0 ], [ 112.518020000000107, -7.41383, 0.0 ], [ 112.51801, -7.4139, 0.0 ], [ 112.518, -7.41397, 0.0 ], [ 112.51799, -7.41405, 0.0 ], [ 112.51798, -7.41412, 0.0 ], [ 112.517970000000147, -7.41419, 0.0 ], [ 112.51796, -7.41426, 0.0 ], [ 112.51795, -7.41432, 0.0 ], [ 112.51795, -7.41439, 0.0 ], [ 112.51794, -7.41447, 0.0 ], [ 112.517930000000121, -7.41458, 0.0 ], [ 112.517930000000121, -7.41464, 0.0 ], [ 112.51792, -7.41471, 0.0 ], [ 112.51792, -7.41478, 0.0 ], [ 112.51792, -7.41485, 0.0 ], [ 112.51791, -7.41492, 0.0 ], [ 112.51791, -7.415, 0.0 ], [ 112.51791, -7.41508, 0.0 ], [ 112.5179, -7.41516, 0.0 ], [ 112.5179, -7.41524, 0.0 ], [ 112.5179, -7.41531, 0.0 ], [ 112.51789, -7.41539, 0.0 ], [ 112.51789, -7.41547, 0.0 ], [ 112.51788, -7.41555, 0.0 ], [ 112.51788, -7.41563, 0.0 ], [ 112.51787, -7.4157, 0.0 ], [ 112.51787, -7.41578, 0.0 ], [ 112.51787, -7.41586, 0.0 ], [ 112.51786, -7.41595, 0.0 ], [ 112.51786, -7.41603, 0.0 ], [ 112.51786, -7.41612, 0.0 ], [ 112.51786, -7.41619, 0.0 ], [ 112.51786, -7.4163, 0.0 ], [ 112.51786, -7.41639, 0.0 ], [ 112.51786, -7.41649, 0.0 ], [ 112.51787, -7.416589999999887, 0.0 ], [ 112.51787, -7.4167, 0.0 ], [ 112.51787, -7.4168, 0.0 ], [ 112.51787, -7.41692, 0.0 ], [ 112.51788, -7.41703, 0.0 ], [ 112.51788, -7.41716, 0.0 ], [ 112.51789, -7.41729, 0.0 ], [ 112.5179, -7.41744, 0.0 ], [ 112.51791, -7.4176, 0.0 ], [ 112.51792, -7.41778, 0.0 ], [ 112.517930000000121, -7.41797, 0.0 ], [ 112.51794, -7.41819, 0.0 ], [ 112.51795, -7.4183, 0.0 ], [ 112.51796, -7.41842, 0.0 ], [ 112.51798, -7.41866, 0.0 ], [ 112.518, -7.4189, 0.0 ], [ 112.51803, -7.41913, 0.0 ], [ 112.51805, -7.41936, 0.0 ], [ 112.51807, -7.41956, 0.0 ], [ 112.518100000000146, -7.41974, 0.0 ], [ 112.51813, -7.41989, 0.0 ], [ 112.518150000000119, -7.42001, 0.0 ], [ 112.51818, -7.42011, 0.0 ], [ 112.51821000000011, -7.42019, 0.0 ], [ 112.51825, -7.42025, 0.0 ], [ 112.51828, -7.4203, 0.0 ], [ 112.518340000000109, -7.42037, 0.0 ], [ 112.51843, -7.42045, 0.0 ], [ 112.5185, -7.42052, 0.0 ], [ 112.51855, -7.42056, 0.0 ], [ 112.51861, -7.4206, 0.0 ], [ 112.51866, -7.42064, 0.0 ], [ 112.51871, -7.42068, 0.0 ], [ 112.51876, -7.42072, 0.0 ], [ 112.51881, -7.42075, 0.0 ], [ 112.518880000000124, -7.4208, 0.0 ], [ 112.51894, -7.42085, 0.0 ], [ 112.519010000000122, -7.42089, 0.0 ], [ 112.51909, -7.42095, 0.0 ], [ 112.51915, -7.42099, 0.0 ], [ 112.51921, -7.42103, 0.0 ], [ 112.51927, -7.42107, 0.0 ], [ 112.51933, -7.4211, 0.0 ], [ 112.51939, -7.42116, 0.0 ], [ 112.51944, -7.42122, 0.0 ], [ 112.51947, -7.42128, 0.0 ], [ 112.5195, -7.42135, 0.0 ], [ 112.51952, -7.42143, 0.0 ], [ 112.51953, -7.42152, 0.0 ], [ 112.51953, -7.42161, 0.0 ], [ 112.51953, -7.42168, 0.0 ], [ 112.51954, -7.42176, 0.0 ], [ 112.51954, -7.42185, 0.0 ], [ 112.51954, -7.42191, 0.0 ], [ 112.51954, -7.42198, 0.0 ], [ 112.51954, -7.42204, 0.0 ], [ 112.51954, -7.42211, 0.0 ], [ 112.51954, -7.42217, 0.0 ], [ 112.51954, -7.42224, 0.0 ], [ 112.51954, -7.4223, 0.0 ], [ 112.51954, -7.42236, 0.0 ], [ 112.51954, -7.422419999999894, 0.0 ], [ 112.51954, -7.42248, 0.0 ], [ 112.51956, -7.42256, 0.0 ], [ 112.51958, -7.42266, 0.0 ], [ 112.51963, -7.42276, 0.0 ], [ 112.5197, -7.42284, 0.0 ], [ 112.519770000000122, -7.42289, 0.0 ], [ 112.51982, -7.42292, 0.0 ], [ 112.51987, -7.42295, 0.0 ], [ 112.519960000000125, -7.42299, 0.0 ], [ 112.52004, -7.42301, 0.0 ], [ 112.52012, -7.42303, 0.0 ], [ 112.5202, -7.42304, 0.0 ], [ 112.52028, -7.42305, 0.0 ], [ 112.5206, -7.42308, 0.0 ], [ 112.520940000000124, -7.42305, 0.0 ], [ 112.5211, -7.42303, 0.0 ], [ 112.521300000000153, -7.42308, 0.0 ], [ 112.52169, -7.42323, 0.0 ], [ 112.52188, -7.4233, 0.0 ], [ 112.52186, -7.42352, 0.0 ], [ 112.5218500000001, -7.4236, 0.0 ], [ 112.52178, -7.42389, 0.0 ], [ 112.52171, -7.42414, 0.0 ], [ 112.52168, -7.42425, 0.0 ], [ 112.521630000000101, -7.4245, 0.0 ], [ 112.521570000000111, -7.42482, 0.0 ], [ 112.52152, -7.42508, 0.0 ], [ 112.52106, -7.42511, 0.0 ], [ 112.52082, -7.42513, 0.0 ], [ 112.52039, -7.42531, 0.0 ], [ 112.520180000000124, -7.42539, 0.0 ], [ 112.5198, -7.42534, 0.0 ], [ 112.51957, -7.42531, 0.0 ], [ 112.51939, -7.42534, 0.0 ], [ 112.51919, -7.42543, 0.0 ], [ 112.519, -7.4256, 0.0 ], [ 112.51886, -7.42574, 0.0 ], [ 112.51876, -7.42576, 0.0 ], [ 112.51855, -7.42572, 0.0 ], [ 112.51831, -7.42563, 0.0 ], [ 112.517930000000121, -7.4257, 0.0 ], [ 112.51739000000012, -7.42569, 0.0 ], [ 112.51714, -7.4257, 0.0 ], [ 112.51694, -7.42577, 0.0 ], [ 112.51681, -7.42585, 0.0 ], [ 112.51652, -7.42585, 0.0 ], [ 112.51604, -7.42577, 0.0 ], [ 112.51592, -7.42576, 0.0 ], [ 112.51586, -7.42576, 0.0 ], [ 112.5156, -7.42583, 0.0 ], [ 112.51534, -7.42593, 0.0 ], [ 112.51507, -7.42597, 0.0 ], [ 112.51491, -7.42595, 0.0 ], [ 112.514770000000141, -7.42591, 0.0 ], [ 112.51466, -7.42587, 0.0 ], [ 112.51445, -7.42579, 0.0 ], [ 112.51429, -7.42579, 0.0 ], [ 112.5140600000001, -7.42583, 0.0 ], [ 112.5138, -7.42594, 0.0 ], [ 112.51364, -7.42602, 0.0 ], [ 112.5135, -7.42603, 0.0 ], [ 112.51326, -7.42597, 0.0 ], [ 112.51313, -7.42592, 0.0 ], [ 112.513020000000111, -7.42588, 0.0 ], [ 112.51271, -7.42564, 0.0 ], [ 112.51263, -7.42559, 0.0 ], [ 112.512300000000138, -7.42574, 0.0 ], [ 112.512070000000122, -7.42588, 0.0 ], [ 112.51133, -7.42612, 0.0 ], [ 112.5112, -7.42607, 0.0 ], [ 112.51115, -7.42601, 0.0 ], [ 112.51114, -7.42589, 0.0 ], [ 112.511530000000107, -7.42532, 0.0 ], [ 112.51171, -7.425, 0.0 ], [ 112.511760000000137, -7.42486, 0.0 ], [ 112.51173, -7.42475, 0.0 ], [ 112.51168, -7.42469, 0.0 ], [ 112.51128, -7.42464, 0.0 ], [ 112.510990000000106, -7.42466, 0.0 ], [ 112.51034, -7.42486, 0.0 ], [ 112.5102, -7.4249, 0.0 ], [ 112.51017, -7.42482, 0.0 ], [ 112.51034, -7.42423, 0.0 ], [ 112.51046, -7.42388, 0.0 ], [ 112.510990000000106, -7.42216, 0.0 ], [ 112.51102, -7.422, 0.0 ], [ 112.51103, -7.42187, 0.0 ], [ 112.51104, -7.4218, 0.0 ], [ 112.511220000000137, -7.42122, 0.0 ], [ 112.51124, -7.421089999999895, 0.0 ], [ 112.511220000000137, -7.42102, 0.0 ], [ 112.51105, -7.42094, 0.0 ], [ 112.51066, -7.42076, 0.0 ], [ 112.510450000000105, -7.42065, 0.0 ], [ 112.510040000000103, -7.42049, 0.0 ], [ 112.509880000000109, -7.42039, 0.0 ], [ 112.5098, -7.42033, 0.0 ], [ 112.50983, -7.42028, 0.0 ], [ 112.50985, -7.42013, 0.0 ], [ 112.509860000000131, -7.41993, 0.0 ], [ 112.50983, -7.41944, 0.0 ], [ 112.50981, -7.41904, 0.0 ], [ 112.50983, -7.41778, 0.0 ], [ 112.50983, -7.41724, 0.0 ], [ 112.50983, -7.41714, 0.0 ], [ 112.50894, -7.41715, 0.0 ], [ 112.50889, -7.41656, 0.0 ], [ 112.50885, -7.41616, 0.0 ], [ 112.50884000000012, -7.416, 0.0 ], [ 112.50881, -7.41565, 0.0 ], [ 112.50873, -7.4152, 0.0 ], [ 112.5087, -7.41508, 0.0 ], [ 112.50885, -7.41486, 0.0 ], [ 112.508930000000106, -7.41481, 0.0 ], [ 112.50908, -7.41472, 0.0 ], [ 112.50934, -7.41461, 0.0 ], [ 112.509880000000109, -7.41456, 0.0 ], [ 112.51044, -7.41451, 0.0 ], [ 112.51083, -7.41448, 0.0 ], [ 112.51103, -7.41451, 0.0 ], [ 112.51125, -7.41457, 0.0 ], [ 112.51151, -7.41466, 0.0 ], [ 112.511720000000111, -7.41477, 0.0 ], [ 112.51195, -7.41486, 0.0 ], [ 112.51209, -7.41494, 0.0 ], [ 112.51227, -7.41491, 0.0 ], [ 112.51247, -7.4148, 0.0 ], [ 112.512800000000126, -7.41466, 0.0 ], [ 112.51299, -7.4145, 0.0 ], [ 112.5131, -7.41432, 0.0 ], [ 112.5132, -7.41414, 0.0 ], [ 112.5133000000001, -7.41384, 0.0 ], [ 112.51332, -7.41359, 0.0 ], [ 112.51333, -7.41335, 0.0 ], [ 112.51335, -7.4131, 0.0 ], [ 112.51338, -7.412919999999898, 0.0 ], [ 112.51342, -7.41277, 0.0 ], [ 112.51352, -7.41267, 0.0 ], [ 112.51361, -7.41261, 0.0 ], [ 112.5138, -7.41259, 0.0 ], [ 112.51405, -7.41258, 0.0 ], [ 112.51445, -7.41253, 0.0 ], [ 112.51484, -7.41251, 0.0 ], [ 112.515220000000156, -7.41246, 0.0 ], [ 112.51551, -7.41239, 0.0 ], [ 112.515850000000142, -7.41232, 0.0 ], [ 112.516440000000117, -7.41218, 0.0 ], [ 112.51714, -7.41202, 0.0 ], [ 112.51754, -7.41192, 0.0 ], [ 112.51786, -7.4119, 0.0 ], [ 112.51812, -7.41195, 0.0 ], [ 112.51826, -7.41201, 0.0 ] ] ] } },
{ "type": "Feature", "properties": { "nama_desa": "Seketi", "nama_kecamatan": "Balongbendo", "luas": 0.00010110575 }, "geometry": { "type": "Polygon", "coordinates": [ [ [ 112.57228366203168, -7.430853901640703, 0.0 ], [ 112.572233662031707, -7.430893901640638, 0.0 ], [ 112.572173662031716, -7.43100390164068, 0.0 ], [ 112.57197366203178, -7.431433901640642, 0.0 ], [ 112.571693662031706, -7.431923901640684, 0.0 ], [ 112.571583662031756, -7.432293901640745, 0.0 ], [ 112.571443662031811, -7.432833901640749, 0.0 ], [ 112.571233662031744, -7.433603901640688, 0.0 ], [ 112.57098366203185, -7.434253901640735, 0.0 ], [ 112.570953662031769, -7.434363901640688, 0.0 ], [ 112.57067366203178, -7.435143901640655, 0.0 ], [ 112.570493662031808, -7.435653901640664, 0.0 ], [ 112.570433662031732, -7.435823901640696, 0.0 ], [ 112.570033662031676, -7.436843901640715, 0.0 ], [ 112.569773662031835, -7.437543901640724, 0.0 ], [ 112.569553662031751, -7.438203901640709, 0.0 ], [ 112.569353662031716, -7.438173901640714, 0.0 ], [ 112.569243662031766, -7.438383901640681, 0.0 ], [ 112.569053662031763, -7.438783901640737, 0.0 ], [ 112.568973662031809, -7.438733901640686, 0.0 ], [ 112.568823662031832, -7.438653901640728, 0.0 ], [ 112.568753662031725, -7.438723901640658, 0.0 ], [ 112.568703662031766, -7.438673901640695, 0.0 ], [ 112.568523662031794, -7.438583901640709, 0.0 ], [ 112.568263662031768, -7.438443901640672, 0.0 ], [ 112.568153662031818, -7.438363901640714, 0.0 ], [ 112.568023662031806, -7.438273901640639, 0.0 ], [ 112.567843662031748, -7.438123901640751, 0.0 ], [ 112.567703662031803, -7.438003901640681, 0.0 ], [ 112.567573662031791, -7.437873901640672, 0.0 ], [ 112.567423662031729, -7.437773901640658, 0.0 ], [ 112.567263662031806, -7.437643901640649, 0.0 ], [ 112.567133662031708, -7.437573901640719, 0.0 ], [ 112.567023662031843, -7.437553901640663, 0.0 ], [ 112.566873662031696, -7.437553901640663, 0.0 ], [ 112.566593662031792, -7.437603901640714, 0.0 ], [ 112.566443662031816, -7.43763390164071, 0.0 ], [ 112.566313662031803, -7.43763390164071, 0.0 ], [ 112.566213662031799, -7.437603901640714, 0.0 ], [ 112.565883662031752, -7.437413901640714, 0.0 ], [ 112.565673662031784, -7.437303901640672, 0.0 ], [ 112.565543662031786, -7.437233901640654, 0.0 ], [ 112.565413662031773, -7.437173901640663, 0.0 ], [ 112.565293662031706, -7.437113901640672, 0.0 ], [ 112.56520366203172, -7.437083901640677, 0.0 ], [ 112.565103662031788, -7.437083901640677, 0.0 ], [ 112.564903662031853, -7.43706390164071, 0.0 ], [ 112.564843662031777, -7.43706390164071, 0.0 ], [ 112.564683662031769, -7.43706390164071, 0.0 ], [ 112.564353662031735, -7.437083901640677, 0.0 ], [ 112.564143662031768, -7.437083901640677, 0.0 ], [ 112.564023662031786, -7.437073901640738, 0.0 ], [ 112.563923662031769, -7.437023901640686, 0.0 ], [ 112.56381366203172, -7.436953901640757, 0.0 ], [ 112.563653662031811, -7.436803901640691, 0.0 ], [ 112.563473662031754, -7.436663901640743, 0.0 ], [ 112.563343662031741, -7.43656390164064, 0.0 ], [ 112.563253662031755, -7.436543901640673, 0.0 ], [ 112.563083662031715, -7.436523901640705, 0.0 ], [ 112.562853662031785, -7.436543901640673, 0.0 ], [ 112.562563662031778, -7.436513901640677, 0.0 ], [ 112.562373662031689, -7.436433901640719, 0.0 ], [ 112.562203662031834, -7.436333901640706, 0.0 ], [ 112.562073662031821, -7.436233901640692, 0.0 ], [ 112.561893662031764, -7.436033901640664, 0.0 ], [ 112.561763662031751, -7.435983901640701, 0.0 ], [ 112.561583662031779, -7.435983901640701, 0.0 ], [ 112.561373662031727, -7.43605390164072, 0.0 ], [ 112.561183662031809, -7.436143901640706, 0.0 ], [ 112.561043662031778, -7.436193901640668, 0.0 ], [ 112.560913662031766, -7.436213901640724, 0.0 ], [ 112.560813662031748, -7.436193901640668, 0.0 ], [ 112.560683662031735, -7.436093901640654, 0.0 ], [ 112.560433662031755, -7.435833901640724, 0.0 ], [ 112.560013662031722, -7.435183901640678, 0.0 ], [ 112.559903662031687, -7.435083901640753, 0.0 ], [ 112.559813662031701, -7.435043901640729, 0.0 ], [ 112.559713662031683, -7.435033901640701, 0.0 ], [ 112.559513662031748, -7.435023901640673, 0.0 ], [ 112.559233662031758, -7.435083901640753, 0.0 ], [ 112.559063662031818, -7.435093901640692, 0.0 ], [ 112.558983662031764, -7.435053901640669, 0.0 ], [ 112.558933662031805, -7.434943901640716, 0.0 ], [ 112.558823662031671, -7.434573901640655, 0.0 ], [ 112.558723662031753, -7.434253901640735, 0.0 ], [ 112.558643662031699, -7.434143901640692, 0.0 ], [ 112.558413662031683, -7.433933901640636, 0.0 ], [ 112.558093662031766, -7.433683901640646, 0.0 ], [ 112.557753662031786, -7.433443901640683, 0.0 ], [ 112.557603662031724, -7.433313901640674, 0.0 ], [ 112.557543662031733, -7.433263901640712, 0.0 ], [ 112.55749366203176, -7.433213901640749, 0.0 ], [ 112.557403662031774, -7.433003901640693, 0.0 ], [ 112.55749366203176, -7.433003901640693, 0.0 ], [ 112.558013662031712, -7.43264390164066, 0.0 ], [ 112.558193662031684, -7.432213901640698, 0.0 ], [ 112.55831366203175, -7.431963901640708, 0.0 ], [ 112.558793662031775, -7.430673901640731, 0.0 ], [ 112.559033662031737, -7.430033901640713, 0.0 ], [ 112.559083662031696, -7.429913901640732, 0.0 ], [ 112.559623662031697, -7.428333901640742, 0.0 ], [ 112.559843662031781, -7.427813901640705, 0.0 ], [ 112.559873662031777, -7.427763901640653, 0.0 ], [ 112.559883662031723, -7.427693901640635, 0.0 ], [ 112.561253662031746, -7.427973901640709, 0.0 ], [ 112.561773662031783, -7.428073901640723, 0.0 ], [ 112.562313662031784, -7.428193901640705, 0.0 ], [ 112.563153662031823, -7.428383901640705, 0.0 ], [ 112.563393662031785, -7.428433901640667, 0.0 ], [ 112.563443662031759, -7.428513901640714, 0.0 ], [ 112.563603662031753, -7.428583901640732, 0.0 ], [ 112.563763662031761, -7.428583901640732, 0.0 ], [ 112.56418366203178, -7.428573901640704, 0.0 ], [ 112.564483662031734, -7.428673901640718, 0.0 ], [ 112.564683662031769, -7.428683901640658, 0.0 ], [ 112.564943662031695, -7.428703901640714, 0.0 ], [ 112.565223662031769, -7.428783901640672, 0.0 ], [ 112.565913662031747, -7.429003901640756, 0.0 ], [ 112.565923662031778, -7.429183901640728, 0.0 ], [ 112.566513662031753, -7.429193901640667, 0.0 ], [ 112.566703662031657, -7.429163901640671, 0.0 ], [ 112.56703366203179, -7.429153901640643, 0.0 ], [ 112.567553662031727, -7.429163901640671, 0.0 ], [ 112.568083662031711, -7.429123901640737, 0.0 ], [ 112.568693662031819, -7.429313901640648, 0.0 ], [ 112.568823662031832, -7.429353901640671, 0.0 ], [ 112.56951366203181, -7.429773901640695, 0.0 ], [ 112.570113662031716, -7.429913901640732, 0.0 ], [ 112.570583662031794, -7.430083901640676, 0.0 ], [ 112.571053662031773, -7.430253901640708, 0.0 ], [ 112.571643662031747, -7.430543901640722, 0.0 ], [ 112.571893662031826, -7.430673901640731, 0.0 ], [ 112.572003662031776, -7.430713901640666, 0.0 ], [ 112.57228366203168, -7.430853901640703, 0.0 ] ] ] } },
{ "type": "Feature", "properties": { "nama_desa": "Singkalan", "nama_kecamatan": "Balongbendo", "luas": 0.00011250557 }, "geometry": { "type": "Polygon", "coordinates": [ [ [ 112.486914235327362, -7.421535304458779, 0.0 ], [ 112.48659423532736, -7.421825304458793, 0.0 ], [ 112.486194235327304, -7.422165304458769, 0.0 ], [ 112.485874235327387, -7.42247530445875, 0.0 ], [ 112.485584235327366, -7.422745304458708, 0.0 ], [ 112.485314235327408, -7.422955304458764, 0.0 ], [ 112.485204235327373, -7.423065304458806, 0.0 ], [ 112.485024235327302, -7.423165304458731, 0.0 ], [ 112.484624235327345, -7.423285304458712, 0.0 ], [ 112.484404235327432, -7.423315304458797, 0.0 ], [ 112.4839442353273, -7.423375304458698, 0.0 ], [ 112.483554235327446, -7.423445304458806, 0.0 ], [ 112.483194235327417, -7.423575304458726, 0.0 ], [ 112.482994235327297, -7.42367530445874, 0.0 ], [ 112.482654235327416, -7.423915304458703, 0.0 ], [ 112.482534235327336, -7.424045304458712, 0.0 ], [ 112.482354235327364, -7.424185304458749, 0.0 ], [ 112.481994235327335, -7.424505304458759, 0.0 ], [ 112.481834235327327, -7.42462530445874, 0.0 ], [ 112.481764235327404, -7.424725304458754, 0.0 ], [ 112.481754235327372, -7.424855304458763, 0.0 ], [ 112.481754235327372, -7.42500530445874, 0.0 ], [ 112.481794235327399, -7.425295304458754, 0.0 ], [ 112.48191423532738, -7.42563530445873, 0.0 ], [ 112.482024235327415, -7.425975304458795, 0.0 ], [ 112.482154235327428, -7.426225304458786, 0.0 ], [ 112.482274235327324, -7.426465304458748, 0.0 ], [ 112.482784235327415, -7.426185304458762, 0.0 ], [ 112.483004235327329, -7.426055304458753, 0.0 ], [ 112.483094235327314, -7.426125304458772, 0.0 ], [ 112.483144235327458, -7.427745304458785, 0.0 ], [ 112.483214235327381, -7.42954530445877, 0.0 ], [ 112.483244235327376, -7.43105530445883, 0.0 ], [ 112.483044235327355, -7.431075304458709, 0.0 ], [ 112.482214235327419, -7.431025304458746, 0.0 ], [ 112.482124235327348, -7.431025304458746, 0.0 ], [ 112.481974235327456, -7.431045304458713, 0.0 ], [ 112.481704235327413, -7.431035304458774, 0.0 ], [ 112.48086423532736, -7.431015304458807, 0.0 ], [ 112.480694235327334, -7.431015304458807, 0.0 ], [ 112.480494235327399, -7.431005304458779, 0.0 ], [ 112.480234235327373, -7.430995304458751, 0.0 ], [ 112.479974235327361, -7.430985304458723, 0.0 ], [ 112.4795142353274, -7.430985304458723, 0.0 ], [ 112.478454235327362, -7.430985304458723, 0.0 ], [ 112.478134235327346, -7.431005304458779, 0.0 ], [ 112.47790423532733, -7.431025304458746, 0.0 ], [ 112.477444235327368, -7.431045304458713, 0.0 ], [ 112.4769142353273, -7.43112530445876, 0.0 ], [ 112.476494235327365, -7.431185304458751, 0.0 ], [ 112.476184235327381, -7.431225304458774, 0.0 ], [ 112.476094235327395, -7.431225304458774, 0.0 ], [ 112.475714235327402, -7.431255304458769, 0.0 ], [ 112.475444235327444, -7.431285304458765, 0.0 ], [ 112.475344235327341, -7.431295304458793, 0.0 ], [ 112.475254235327355, -7.431285304458765, 0.0 ], [ 112.474304235327352, -7.431215304458746, 0.0 ], [ 112.473334235327385, -7.431195304458779, 0.0 ], [ 112.47200423532739, -7.431305304458821, 0.0 ], [ 112.47183423532735, -7.431355304458783, 0.0 ], [ 112.471864235327345, -7.431185304458751, 0.0 ], [ 112.471824235327333, -7.430955304458728, 0.0 ], [ 112.471784235327306, -7.430535304458704, 0.0 ], [ 112.471774235327359, -7.430455304458746, 0.0 ], [ 112.471744235327279, -7.430365304458761, 0.0 ], [ 112.4717242353274, -7.430295304458742, 0.0 ], [ 112.471694297327318, -7.430195510458745, 0.0 ], [ 112.472127694327384, -7.430051502458731, 0.0 ], [ 112.473546777327385, -7.429278573458816, 0.0 ], [ 112.474050319327304, -7.428606691458736, 0.0 ], [ 112.474141864327336, -7.428025435458782, 0.0 ], [ 112.47396639132738, -7.427264403458786, 0.0 ], [ 112.47382965932735, -7.426793493458725, 0.0 ], [ 112.473829051327385, -7.426791399458729, 0.0 ], [ 112.473752764327372, -7.42651768545873, 0.0 ], [ 112.47361544732739, -7.425551585458731, 0.0 ], [ 112.473668836327363, -7.424877358458723, 0.0 ], [ 112.473951134327365, -7.424377152458813, 0.0 ], [ 112.474912447327313, -7.423517901458773, 0.0 ], [ 112.476323865327387, -7.422468840458748, 0.0 ], [ 112.477063933327344, -7.4220153984588, 0.0 ], [ 112.477628481327329, -7.421719269458723, 0.0 ], [ 112.478254107327317, -7.421147540458758, 0.0 ], [ 112.478940762327383, -7.420362666458743, 0.0 ], [ 112.479573981327363, -7.419910143458782, 0.0 ], [ 112.480161475327392, -7.419844809458795, 0.0 ], [ 112.480977806327431, -7.419729423458751, 0.0 ], [ 112.481817036327413, -7.419466203458732, 0.0 ], [ 112.482290063327383, -7.419096181458759, 0.0 ], [ 112.482908049327364, -7.418013752458815, 0.0 ], [ 112.483617578327355, -7.417209824458734, 0.0 ], [ 112.483800666327326, -7.416705304458734, 0.0 ], [ 112.483804235327355, -7.416705304458734, 0.0 ], [ 112.484174235327316, -7.416705304458734, 0.0 ], [ 112.485094235327409, -7.416855304458799, 0.0 ], [ 112.485594235327397, -7.416955304458725, 0.0 ], [ 112.485894235327436, -7.417015304458804, 0.0 ], [ 112.485924235327346, -7.417585304458715, 0.0 ], [ 112.485974235327305, -7.417805304458799, 0.0 ], [ 112.486014235327332, -7.418075304458757, 0.0 ], [ 112.486224235327384, -7.41969530445877, 0.0 ], [ 112.486244235327348, -7.419835304458719, 0.0 ], [ 112.486384235327392, -7.42045530445877, 0.0 ], [ 112.486624235327355, -7.421145304458751, 0.0 ], [ 112.486914235327362, -7.421535304458779, 0.0 ] ] ] } },
{ "type": "Feature", "properties": { "nama_desa": "Sumokembangsri", "nama_kecamatan": "Balongbendo", "luas": 0.00012225655 }, "geometry": { "type": "Polygon", "coordinates": [ [ [ 112.501889035688066, -7.423168134013793, 0.0 ], [ 112.502679035688146, -7.423338134013826, 0.0 ], [ 112.503009035688095, -7.423398134013817, 0.0 ], [ 112.503229035688094, -7.423408134013845, 0.0 ], [ 112.503539035688163, -7.423458134013807, 0.0 ], [ 112.503739035688099, -7.423518134013798, 0.0 ], [ 112.503939035688134, -7.423658134013835, 0.0 ], [ 112.504099035688043, -7.423848134013835, 0.0 ], [ 112.504309035688095, -7.424158134013816, 0.0 ], [ 112.504429035688077, -7.424248134013802, 0.0 ], [ 112.504829035688047, -7.424238134013774, 0.0 ], [ 112.505669035688101, -7.424048134013774, 0.0 ], [ 112.505929035688112, -7.424028134013807, 0.0 ], [ 112.506389035688073, -7.424148134013788, 0.0 ], [ 112.506699035688143, -7.42425813401383, 0.0 ], [ 112.507109035688131, -7.42444813401383, 0.0 ], [ 112.507409035688184, -7.424558134013783, 0.0 ], [ 112.507619035688052, -7.424568134013811, 0.0 ], [ 112.507799035688024, -7.424538134013816, 0.0 ], [ 112.508249035688053, -7.424458134013858, 0.0 ], [ 112.508499035688132, -7.424498134013793, 0.0 ], [ 112.508669035688158, -7.424508134013821, 0.0 ], [ 112.509039035688133, -7.424418134013835, 0.0 ], [ 112.508989035688174, -7.424808134013774, 0.0 ], [ 112.508489035688186, -7.427278134013773, 0.0 ], [ 112.508279035688133, -7.428388134013777, 0.0 ], [ 112.508019035688108, -7.429688134013781, 0.0 ], [ 112.507699035688105, -7.43114813401379, 0.0 ], [ 112.505449035688102, -7.430478134013776, 0.0 ], [ 112.505219035688071, -7.430408134013846, 0.0 ], [ 112.504459035688072, -7.430188134013762, 0.0 ], [ 112.5042790356881, -7.4301381340138, 0.0 ], [ 112.503199035688098, -7.429808134013762, 0.0 ], [ 112.502959035688136, -7.42981813401379, 0.0 ], [ 112.501659035688135, -7.428088134013824, 0.0 ], [ 112.500839035688145, -7.427978134013782, 0.0 ], [ 112.500019035688155, -7.427888134013796, 0.0 ], [ 112.500019035688155, -7.433578134013854, 0.0 ], [ 112.499929035688169, -7.433498134013807, 0.0 ], [ 112.499839035688183, -7.433528134013803, 0.0 ], [ 112.499069035688066, -7.433788134013821, 0.0 ], [ 112.498659035688064, -7.433998134013788, 0.0 ], [ 112.498299035688035, -7.434198134013816, 0.0 ], [ 112.497979035688118, -7.434408134013784, 0.0 ], [ 112.497879035688101, -7.434498134013858, 0.0 ], [ 112.497889035688033, -7.434688134013769, 0.0 ], [ 112.497859035688137, -7.434638134013807, 0.0 ], [ 112.497719035688093, -7.434398134013755, 0.0 ], [ 112.497129035688033, -7.433988134013849, 0.0 ], [ 112.496869035688107, -7.433998134013788, 0.0 ], [ 112.496559035688122, -7.433968134013793, 0.0 ], [ 112.49479903568816, -7.433658134013812, 0.0 ], [ 112.494279035688123, -7.433518134013775, 0.0 ], [ 112.493549035688119, -7.433418134013849, 0.0 ], [ 112.493559035688065, -7.433198134013854, 0.0 ], [ 112.493579035688114, -7.432448134013794, 0.0 ], [ 112.493579035688114, -7.432388134013803, 0.0 ], [ 112.493629035688173, -7.431698134013822, 0.0 ], [ 112.493679035688132, -7.431488134013766, 0.0 ], [ 112.493959035688121, -7.43107813401386, 0.0 ], [ 112.494089035688134, -7.430908134013827, 0.0 ], [ 112.494139035688093, -7.430808134013813, 0.0 ], [ 112.49417903568812, -7.43038813401379, 0.0 ], [ 112.493819035688077, -7.430318134013771, 0.0 ], [ 112.492669035688053, -7.430098134013776, 0.0 ], [ 112.492199035688159, -7.430028134013758, 0.0 ], [ 112.491939035688048, -7.430028134013758, 0.0 ], [ 112.491929035688116, -7.429828134013818, 0.0 ], [ 112.492019035688102, -7.429178134013772, 0.0 ], [ 112.492139035688169, -7.428898134013786, 0.0 ], [ 112.492149035688101, -7.428738134013781, 0.0 ], [ 112.492169035688079, -7.428388134013777, 0.0 ], [ 112.492249035688118, -7.427778134013754, 0.0 ], [ 112.492229035688155, -7.427618134013838, 0.0 ], [ 112.492249035688118, -7.427548134013819, 0.0 ], [ 112.492409035688127, -7.42684813401381, 0.0 ], [ 112.492469035688117, -7.426688134013806, 0.0 ], [ 112.492549035688157, -7.426568134013825, 0.0 ], [ 112.49273903568816, -7.426448134013843, 0.0 ], [ 112.49321903568817, -7.426278134013811, 0.0 ], [ 112.493349035688098, -7.426268134013783, 0.0 ], [ 112.493429035688052, -7.426338134013801, 0.0 ], [ 112.493589035688146, -7.426468134013811, 0.0 ], [ 112.493729035688091, -7.426498134013806, 0.0 ], [ 112.493839035688055, -7.42647813401375, 0.0 ], [ 112.493879035688067, -7.426418134013848, 0.0 ], [ 112.493909035688162, -7.426318134013745, 0.0 ], [ 112.49400903568808, -7.426148134013801, 0.0 ], [ 112.494109035688098, -7.425948134013773, 0.0 ], [ 112.494129035688147, -7.425828134013792, 0.0 ], [ 112.494049035688107, -7.425628134013853, 0.0 ], [ 112.493969035688053, -7.425418134013797, 0.0 ], [ 112.493939035688157, -7.425158134013778, 0.0 ], [ 112.49394903568809, -7.424998134013863, 0.0 ], [ 112.493979035688085, -7.424928134013844, 0.0 ], [ 112.494069035688071, -7.424918134013816, 0.0 ], [ 112.494169035688174, -7.424928134013844, 0.0 ], [ 112.494309035688119, -7.424818134013802, 0.0 ], [ 112.494379035688056, -7.424718134013788, 0.0 ], [ 112.494429035688015, -7.424298134013854, 0.0 ], [ 112.494439035688131, -7.424188134013812, 0.0 ], [ 112.494539035688149, -7.424078134013858, 0.0 ], [ 112.494689035688126, -7.42400813401384, 0.0 ], [ 112.494759035688148, -7.423978134013756, 0.0 ], [ 112.494809035688107, -7.42369813401377, 0.0 ], [ 112.49482903568807, -7.423608134013784, 0.0 ], [ 112.494879035688029, -7.42356813401376, 0.0 ], [ 112.495219035688095, -7.423548134013793, 0.0 ], [ 112.495319035688112, -7.423538134013854, 0.0 ], [ 112.495319035688112, -7.423368134013821, 0.0 ], [ 112.495359035688139, -7.423198134013789, 0.0 ], [ 112.495379035688018, -7.423108134013803, 0.0 ], [ 112.495469035688089, -7.42293813401377, 0.0 ], [ 112.495559035688075, -7.42286813401384, 0.0 ], [ 112.495679035688056, -7.422828134013817, 0.0 ], [ 112.496009035688004, -7.422878134013779, 0.0 ], [ 112.496199035688093, -7.422908134013775, 0.0 ], [ 112.496509035688163, -7.422858134013812, 0.0 ], [ 112.497329035688153, -7.422838134013845, 0.0 ], [ 112.497589035688179, -7.422848134013784, 0.0 ], [ 112.498119035688063, -7.42286813401384, 0.0 ], [ 112.498499035688155, -7.422898134013747, 0.0 ], [ 112.499329035688078, -7.422928134013831, 0.0 ], [ 112.499649035688094, -7.423048134013812, 0.0 ], [ 112.49981903568812, -7.423108134013803, 0.0 ], [ 112.500019035688155, -7.423118134013831, 0.0 ], [ 112.500589035688066, -7.423128134013859, 0.0 ], [ 112.500659035688173, -7.423138134013798, 0.0 ], [ 112.500909035688068, -7.423178134013821, 0.0 ], [ 112.501149035688115, -7.423228134013784, 0.0 ], [ 112.501809035688112, -7.423168134013793, 0.0 ], [ 112.501889035688066, -7.423168134013793, 0.0 ] ] ] } },
{ "type": "Feature", "properties": { "nama_desa": "Suwaluh", "nama_kecamatan": "Balongbendo", "luas": 0.00010036665 }, "geometry": { "type": "Polygon", "coordinates": [ [ [ 112.540372823397377, -7.412424397191059, 0.0 ], [ 112.540702823397325, -7.412504397191017, 0.0 ], [ 112.541032823397444, -7.412584397191064, 0.0 ], [ 112.541362823397392, -7.412694397191017, 0.0 ], [ 112.541862823397381, -7.412904397190984, 0.0 ], [ 112.542272823397369, -7.41305439719105, 0.0 ], [ 112.542792823397406, -7.413164397191003, 0.0 ], [ 112.543202823397408, -7.413234397191022, 0.0 ], [ 112.543272823397331, -7.413254397191078, 0.0 ], [ 112.543272823397331, -7.413354397191003, 0.0 ], [ 112.543192823397291, -7.414134397191058, 0.0 ], [ 112.543572823397383, -7.41425439719104, 0.0 ], [ 112.543822823397278, -7.41431439719103, 0.0 ], [ 112.544042823397362, -7.414364397190993, 0.0 ], [ 112.544762823397335, -7.414494397191002, 0.0 ], [ 112.544782823397398, -7.414644397190979, 0.0 ], [ 112.544812823397308, -7.414824397191039, 0.0 ], [ 112.544862823397438, -7.415104397191025, 0.0 ], [ 112.54496282339737, -7.415594397191067, 0.0 ], [ 112.544982823397334, -7.41570439719102, 0.0 ], [ 112.545052823397441, -7.415984397191006, 0.0 ], [ 112.545072823397319, -7.41608439719102, 0.0 ], [ 112.545122823397378, -7.416344397191039, 0.0 ], [ 112.545132823397395, -7.416424397190997, 0.0 ], [ 112.545232823397413, -7.41721439719108, 0.0 ], [ 112.545352823397309, -7.417874397191066, 0.0 ], [ 112.545572823397308, -7.419134397191047, 0.0 ], [ 112.545722823397455, -7.420074397191018, 0.0 ], [ 112.545772823397414, -7.420344397191065, 0.0 ], [ 112.546012823397376, -7.421854397191036, 0.0 ], [ 112.546042823397372, -7.422034397191008, 0.0 ], [ 112.546022823397323, -7.422164397191017, 0.0 ], [ 112.545902823397427, -7.423694397191045, 0.0 ], [ 112.545882823397378, -7.423964397191003, 0.0 ], [ 112.545792823397392, -7.424844397190983, 0.0 ], [ 112.545732823397401, -7.425474397190974, 0.0 ], [ 112.545722823397455, -7.425834397191006, 0.0 ], [ 112.545692823397374, -7.425974397191044, 0.0 ], [ 112.545562823397361, -7.426964397191067, 0.0 ], [ 112.545562823397361, -7.42707439719102, 0.0 ], [ 112.545552823397429, -7.427174397191034, 0.0 ], [ 112.545532823397366, -7.427304397191043, 0.0 ], [ 112.545512823397402, -7.427404397191057, 0.0 ], [ 112.545442823397295, -7.427914397191066, 0.0 ], [ 112.545422823397416, -7.428014397190991, 0.0 ], [ 112.545162823397305, -7.428004397191052, 0.0 ], [ 112.544902823397294, -7.428004397191052, 0.0 ], [ 112.544722823397322, -7.427994397191024, 0.0 ], [ 112.54462282339739, -7.427964397191029, 0.0 ], [ 112.54448282339736, -7.427904397191038, 0.0 ], [ 112.544162823397343, -7.427684397191043, 0.0 ], [ 112.543882823397354, -7.427444397190992, 0.0 ], [ 112.543592823397347, -7.427194397191001, 0.0 ], [ 112.543372823397348, -7.427044397191024, 0.0 ], [ 112.54321282339734, -7.426944397191011, 0.0 ], [ 112.542972823397378, -7.42688439719102, 0.0 ], [ 112.542822823397316, -7.426854397191025, 0.0 ], [ 112.542642823397344, -7.426874397191081, 0.0 ], [ 112.542442823397408, -7.426874397191081, 0.0 ], [ 112.541952823397367, -7.426854397191025, 0.0 ], [ 112.541732823397368, -7.426804397190973, 0.0 ], [ 112.541412823397366, -7.426724397191015, 0.0 ], [ 112.54115282339734, -7.42669439719102, 0.0 ], [ 112.540832823397338, -7.426714397190987, 0.0 ], [ 112.540132823397414, -7.426754397191011, 0.0 ], [ 112.539472823397432, -7.426754397191011, 0.0 ], [ 112.539042823397381, -7.426744397191071, 0.0 ], [ 112.538942823397363, -7.426744397191071, 0.0 ], [ 112.538832823397414, -7.426744397191071, 0.0 ], [ 112.538572823397388, -7.426804397190973, 0.0 ], [ 112.538432823397443, -7.426834397191057, 0.0 ], [ 112.537972823397396, -7.426944397191011, 0.0 ], [ 112.537352823397427, -7.427094397190987, 0.0 ], [ 112.53723282339736, -7.427124397191071, 0.0 ], [ 112.537042823397357, -7.426754397191011, 0.0 ], [ 112.536932823397322, -7.42669439719102, 0.0 ], [ 112.537032823397425, -7.426604397191034, 0.0 ], [ 112.537112823397294, -7.426324397191048, 0.0 ], [ 112.537152823397321, -7.425974397191044, 0.0 ], [ 112.537112823397294, -7.425864397191002, 0.0 ], [ 112.536912823397358, -7.425724397191053, 0.0 ], [ 112.536762823397382, -7.425594397191044, 0.0 ], [ 112.536342823397348, -7.425204397191016, 0.0 ], [ 112.536182823397439, -7.424954397191025, 0.0 ], [ 112.536132823397381, -7.424874397191068, 0.0 ], [ 112.536022823397346, -7.42473439719103, 0.0 ], [ 112.53590282339745, -7.424664397191012, 0.0 ], [ 112.535782823397383, -7.424664397191012, 0.0 ], [ 112.535752823397388, -7.424604397191021, 0.0 ], [ 112.535802823397347, -7.424334397191063, 0.0 ], [ 112.535832823397342, -7.424194397191026, 0.0 ], [ 112.535882823397401, -7.424094397191012, 0.0 ], [ 112.536002823397382, -7.423994397190998, 0.0 ], [ 112.536112823397332, -7.424044397191049, 0.0 ], [ 112.536772823397399, -7.424204397191054, 0.0 ], [ 112.537352823397427, -7.424264397191044, 0.0 ], [ 112.537532823397399, -7.424254397191016, 0.0 ], [ 112.537592823397389, -7.424244397191077, 0.0 ], [ 112.537752823397398, -7.42423439719096, 0.0 ], [ 112.537922823397338, -7.424214397190993, 0.0 ], [ 112.538112823397427, -7.424184397190998, 0.0 ], [ 112.53822282339739, -7.424154397191002, 0.0 ], [ 112.538272823397349, -7.42410439719104, 0.0 ], [ 112.538312823397376, -7.424054397190988, 0.0 ], [ 112.538362823397335, -7.423894397190984, 0.0 ], [ 112.538402823397362, -7.423744397191007, 0.0 ], [ 112.538442823397375, -7.42360439719097, 0.0 ], [ 112.538502823397366, -7.423404397191031, 0.0 ], [ 112.538542823397393, -7.423314397190956, 0.0 ], [ 112.538572823397388, -7.423234397190998, 0.0 ], [ 112.538592823397352, -7.423104397190989, 0.0 ], [ 112.538612823397415, -7.42290439719105, 0.0 ], [ 112.538642823397325, -7.422644397191031, 0.0 ], [ 112.538672823397405, -7.422354397191017, 0.0 ], [ 112.538702823397401, -7.422094397190999, 0.0 ], [ 112.538732823397311, -7.421834397191069, 0.0 ], [ 112.53875282339736, -7.421604397191046, 0.0 ], [ 112.538772823397323, -7.42138439719105, 0.0 ], [ 112.538792823397387, -7.420984397190995, 0.0 ], [ 112.53881282339735, -7.420784397191055, 0.0 ], [ 112.538852823397377, -7.420524397191037, 0.0 ], [ 112.538882823397373, -7.420324397191009, 0.0 ], [ 112.538892823397404, -7.420134397191009, 0.0 ], [ 112.538902823397336, -7.419974397191004, 0.0 ], [ 112.538892823397404, -7.419814397191, 0.0 ], [ 112.538862823397309, -7.419664397191023, 0.0 ], [ 112.538832823397414, -7.419434397191, 0.0 ], [ 112.538822823397297, -7.419154397191014, 0.0 ], [ 112.538822823397297, -7.418954397191075, 0.0 ], [ 112.538872823397426, -7.418704397190996, 0.0 ], [ 112.538912823397368, -7.418484397191, 0.0 ], [ 112.538972823397444, -7.418144397191024, 0.0 ], [ 112.539052823397398, -7.417814397190987, 0.0 ], [ 112.539162823397362, -7.417334397191062, 0.0 ], [ 112.539182823397326, -7.417254397191015, 0.0 ], [ 112.539252823397348, -7.416914397191039, 0.0 ], [ 112.539252823397348, -7.416754397191034, 0.0 ], [ 112.539202823397375, -7.416504397191043, 0.0 ], [ 112.53906282339743, -7.416254397191053, 0.0 ], [ 112.539022823397403, -7.416204397191001, 0.0 ], [ 112.539012823397385, -7.416094397191048, 0.0 ], [ 112.539012823397385, -7.415794397191006, 0.0 ], [ 112.539012823397385, -7.415724397190988, 0.0 ], [ 112.539032823397349, -7.415484397191025, 0.0 ], [ 112.539072823397376, -7.415044397191035, 0.0 ], [ 112.539102823397457, -7.414854397191035, 0.0 ], [ 112.539082823397308, -7.414794397191044, 0.0 ], [ 112.539032823397349, -7.41463439719104, 0.0 ], [ 112.539012823397385, -7.414564397191021, 0.0 ], [ 112.538522823397429, -7.41394439719097, 0.0 ], [ 112.538332823397425, -7.413774397191026, 0.0 ], [ 112.538142823397337, -7.413544397191091, 0.0 ], [ 112.538022823397441, -7.413274397191045, 0.0 ], [ 112.537972823397396, -7.413024397190966, 0.0 ], [ 112.537932823397369, -7.412604397191031, 0.0 ], [ 112.537942823397401, -7.412524397190984, 0.0 ], [ 112.537962823397365, -7.412414397191031, 0.0 ], [ 112.53799282339736, -7.412234397190971, 0.0 ], [ 112.538002823397392, -7.412134397191045, 0.0 ], [ 112.538112823397427, -7.412204397191064, 0.0 ], [ 112.538362823397335, -7.412304397190989, 0.0 ], [ 112.538612823397415, -7.412324397191045, 0.0 ], [ 112.539032823397349, -7.412324397191045, 0.0 ], [ 112.539502823397427, -7.412284397191022, 0.0 ], [ 112.539842823397393, -7.412314397191017, 0.0 ], [ 112.540212823397368, -7.412384397191036, 0.0 ], [ 112.540372823397377, -7.412424397191059, 0.0 ] ] ] } },
{ "type": "Feature", "properties": { "nama_desa": "Waruberon", "nama_kecamatan": "Balongbendo", "luas": 8.231955e-05 }, "geometry": { "type": "Polygon", "coordinates": [ [ [ 112.53284, -7.42437, 0.0 ], [ 112.532430000000105, -7.42497, 0.0 ], [ 112.532430000000105, -7.42506, 0.0 ], [ 112.5324, -7.42542, 0.0 ], [ 112.532340000000119, -7.42633, 0.0 ], [ 112.532340000000119, -7.42639, 0.0 ], [ 112.532340000000119, -7.42656, 0.0 ], [ 112.532340000000119, -7.42676, 0.0 ], [ 112.53237, -7.42682, 0.0 ], [ 112.532510000000144, -7.42718, 0.0 ], [ 112.53258, -7.42745, 0.0 ], [ 112.53259, -7.427709999999896, 0.0 ], [ 112.532560000000117, -7.42818, 0.0 ], [ 112.53255, -7.42853, 0.0 ], [ 112.53253, -7.42907, 0.0 ], [ 112.53252, -7.42941, 0.0 ], [ 112.53249, -7.4299, 0.0 ], [ 112.53249, -7.43012, 0.0 ], [ 112.53242, -7.43012, 0.0 ], [ 112.53222, -7.43015, 0.0 ], [ 112.53183, -7.43014, 0.0 ], [ 112.53155, -7.43008, 0.0 ], [ 112.53125, -7.42994, 0.0 ], [ 112.5309, -7.42978, 0.0 ], [ 112.530350000000126, -7.42957, 0.0 ], [ 112.52974, -7.42929, 0.0 ], [ 112.52956, -7.42923, 0.0 ], [ 112.529140000000112, -7.42898, 0.0 ], [ 112.52893, -7.42888, 0.0 ], [ 112.528790000000114, -7.42885, 0.0 ], [ 112.528420000000139, -7.42881, 0.0 ], [ 112.52828, -7.42874, 0.0 ], [ 112.52821, -7.42869, 0.0 ], [ 112.52786, -7.42846, 0.0 ], [ 112.52766, -7.42834, 0.0 ], [ 112.52746, -7.4283, 0.0 ], [ 112.52736, -7.42828, 0.0 ], [ 112.52709, -7.42822, 0.0 ], [ 112.52685, -7.42811, 0.0 ], [ 112.52665, -7.42793, 0.0 ], [ 112.52618, -7.42779, 0.0 ], [ 112.52580000000016, -7.42768, 0.0 ], [ 112.52558, -7.42757, 0.0 ], [ 112.52538, -7.42738, 0.0 ], [ 112.525400000000104, -7.42731, 0.0 ], [ 112.52543, -7.42722, 0.0 ], [ 112.52561, -7.42653, 0.0 ], [ 112.5257, -7.42621, 0.0 ], [ 112.52575, -7.42605, 0.0 ], [ 112.52578, -7.42593, 0.0 ], [ 112.52584, -7.42577, 0.0 ], [ 112.526040000000123, -7.42513, 0.0 ], [ 112.526130000000109, -7.42481, 0.0 ], [ 112.526170000000135, -7.42466, 0.0 ], [ 112.5262, -7.42457, 0.0 ], [ 112.52623, -7.42445, 0.0 ], [ 112.52632, -7.42416, 0.0 ], [ 112.52643, -7.4238, 0.0 ], [ 112.52651, -7.42355, 0.0 ], [ 112.526540000000111, -7.42344, 0.0 ], [ 112.52669, -7.42292, 0.0 ], [ 112.52675, -7.42274, 0.0 ], [ 112.52681, -7.42255, 0.0 ], [ 112.526890000000108, -7.42231, 0.0 ], [ 112.52692, -7.42224, 0.0 ], [ 112.52694, -7.42217, 0.0 ], [ 112.52697, -7.42204, 0.0 ], [ 112.52715, -7.42132, 0.0 ], [ 112.52727, -7.42087, 0.0 ], [ 112.52730000000011, -7.42074, 0.0 ], [ 112.52738000000015, -7.4205, 0.0 ], [ 112.52771, -7.41935, 0.0 ], [ 112.52789, -7.41876, 0.0 ], [ 112.528120000000101, -7.41799, 0.0 ], [ 112.52839, -7.41703, 0.0 ], [ 112.52852, -7.41663, 0.0 ], [ 112.52869, -7.4161, 0.0 ], [ 112.52876, -7.4161, 0.0 ], [ 112.52913, -7.41612, 0.0 ], [ 112.52948, -7.41618, 0.0 ], [ 112.53043, -7.41636, 0.0 ], [ 112.53142, -7.41652, 0.0 ], [ 112.53156, -7.41653, 0.0 ], [ 112.53186, -7.416589999999887, 0.0 ], [ 112.5321, -7.41663, 0.0 ], [ 112.532620000000108, -7.41672, 0.0 ], [ 112.53389, -7.41695, 0.0 ], [ 112.53443, -7.417, 0.0 ], [ 112.534810000000121, -7.41707, 0.0 ], [ 112.53492, -7.41711, 0.0 ], [ 112.53502, -7.41716, 0.0 ], [ 112.53524, -7.41724, 0.0 ], [ 112.53523, -7.41747, 0.0 ], [ 112.535220000000109, -7.41782, 0.0 ], [ 112.53523, -7.41852, 0.0 ], [ 112.53519, -7.41866, 0.0 ], [ 112.53486, -7.41913, 0.0 ], [ 112.53473, -7.41942, 0.0 ], [ 112.53458, -7.4198, 0.0 ], [ 112.534460000000109, -7.42002, 0.0 ], [ 112.5343, -7.42024, 0.0 ], [ 112.53363, -7.42089, 0.0 ], [ 112.53344, -7.4211, 0.0 ], [ 112.53334, -7.42131, 0.0 ], [ 112.53322, -7.42162, 0.0 ], [ 112.53313, -7.42175, 0.0 ], [ 112.53309, -7.42186, 0.0 ], [ 112.533010000000132, -7.42197, 0.0 ], [ 112.53293, -7.42205, 0.0 ], [ 112.53291, -7.4223, 0.0 ], [ 112.5329, -7.4224, 0.0 ], [ 112.53277, -7.42254, 0.0 ], [ 112.53268, -7.42264, 0.0 ], [ 112.53258, -7.42292, 0.0 ], [ 112.532560000000117, -7.42317, 0.0 ], [ 112.53255, -7.42347, 0.0 ], [ 112.53264, -7.42353, 0.0 ], [ 112.53263, -7.42362, 0.0 ], [ 112.532750000000107, -7.42377, 0.0 ], [ 112.5327, -7.42399, 0.0 ], [ 112.532690000000116, -7.42405, 0.0 ], [ 112.532780000000102, -7.42409, 0.0 ], [ 112.53289, -7.42414, 0.0 ], [ 112.532920000000146, -7.42419, 0.0 ], [ 112.532880000000119, -7.4243, 0.0 ], [ 112.53284, -7.42437, 0.0 ] ] ] } },
{ "type": "Feature", "properties": { "nama_desa": "Watesari", "nama_kecamatan": "Balongbendo", "luas": 0.0001536749 }, "geometry": { "type": "Polygon", "coordinates": [ [ [ 112.55998, -7.4191, 0.0 ], [ 112.55996, -7.41925, 0.0 ], [ 112.55994, -7.41968, 0.0 ], [ 112.55985, -7.42077, 0.0 ], [ 112.55988, -7.42089, 0.0 ], [ 112.5599500000001, -7.42092, 0.0 ], [ 112.56002, -7.42093, 0.0 ], [ 112.56, -7.42152, 0.0 ], [ 112.5599, -7.42336, 0.0 ], [ 112.56019, -7.42342, 0.0 ], [ 112.56083, -7.42357, 0.0 ], [ 112.56104, -7.42362, 0.0 ], [ 112.56109, -7.42368, 0.0 ], [ 112.56106, -7.42376, 0.0 ], [ 112.5608, -7.42449, 0.0 ], [ 112.56078, -7.42455, 0.0 ], [ 112.56074, -7.42469, 0.0 ], [ 112.560660000000127, -7.42491, 0.0 ], [ 112.56054, -7.42523, 0.0 ], [ 112.56046, -7.42542, 0.0 ], [ 112.56032, -7.42581, 0.0 ], [ 112.56029, -7.42589, 0.0 ], [ 112.56009, -7.42645, 0.0 ], [ 112.55968, -7.42758, 0.0 ], [ 112.559670000000111, -7.42765, 0.0 ], [ 112.55964, -7.427709999999896, 0.0 ], [ 112.55963, -7.42778, 0.0 ], [ 112.5596, -7.42783, 0.0 ], [ 112.55938, -7.42835, 0.0 ], [ 112.55884, -7.42993, 0.0 ], [ 112.55879, -7.43005, 0.0 ], [ 112.55855, -7.43069, 0.0 ], [ 112.55807, -7.43198, 0.0 ], [ 112.55795, -7.43223, 0.0 ], [ 112.55777, -7.43266, 0.0 ], [ 112.55725, -7.43302, 0.0 ], [ 112.55716, -7.43302, 0.0 ], [ 112.5571, -7.43294, 0.0 ], [ 112.55704, -7.43281, 0.0 ], [ 112.556960000000146, -7.43273, 0.0 ], [ 112.55687000000016, -7.43268, 0.0 ], [ 112.55677, -7.432619999999899, 0.0 ], [ 112.55654, -7.43253, 0.0 ], [ 112.556150000000102, -7.43234, 0.0 ], [ 112.55581, -7.43217, 0.0 ], [ 112.55557, -7.43204, 0.0 ], [ 112.5554, -7.43199, 0.0 ], [ 112.55521000000013, -7.43193, 0.0 ], [ 112.55506, -7.43191, 0.0 ], [ 112.55474, -7.43188, 0.0 ], [ 112.5542, -7.43188, 0.0 ], [ 112.55373, -7.43185, 0.0 ], [ 112.55349, -7.43182, 0.0 ], [ 112.553240000000102, -7.43179, 0.0 ], [ 112.55303, -7.43176, 0.0 ], [ 112.55277, -7.43175, 0.0 ], [ 112.55252, -7.43173, 0.0 ], [ 112.55218, -7.43171, 0.0 ], [ 112.551940000000101, -7.43169, 0.0 ], [ 112.55178, -7.43164, 0.0 ], [ 112.55168, -7.43156, 0.0 ], [ 112.55163, -7.43148, 0.0 ], [ 112.5516, -7.43138, 0.0 ], [ 112.55162, -7.43115, 0.0 ], [ 112.55164, -7.43093, 0.0 ], [ 112.55169, -7.43065, 0.0 ], [ 112.55172, -7.43042, 0.0 ], [ 112.551700000000139, -7.4303, 0.0 ], [ 112.551660000000112, -7.43014, 0.0 ], [ 112.55158, -7.42989, 0.0 ], [ 112.55146, -7.42965, 0.0 ], [ 112.55139, -7.42949, 0.0 ], [ 112.55132, -7.42944, 0.0 ], [ 112.55121, -7.42939, 0.0 ], [ 112.551030000000125, -7.42932, 0.0 ], [ 112.55073, -7.42922, 0.0 ], [ 112.55051, -7.42914, 0.0 ], [ 112.55044, -7.42909, 0.0 ], [ 112.5504, -7.429, 0.0 ], [ 112.55038, -7.42859, 0.0 ], [ 112.550360000000111, -7.42852, 0.0 ], [ 112.550300000000121, -7.42847, 0.0 ], [ 112.5502, -7.42839, 0.0 ], [ 112.54994, -7.42825, 0.0 ], [ 112.54961, -7.42811, 0.0 ], [ 112.54943, -7.42806, 0.0 ], [ 112.54915, -7.42803, 0.0 ], [ 112.54892, -7.42806, 0.0 ], [ 112.548330000000107, -7.42817, 0.0 ], [ 112.54786, -7.42827, 0.0 ], [ 112.54759, -7.42832, 0.0 ], [ 112.547330000000144, -7.42837, 0.0 ], [ 112.54717, -7.42836, 0.0 ], [ 112.546880000000129, -7.4283, 0.0 ], [ 112.54646, -7.42821, 0.0 ], [ 112.54614, -7.42812, 0.0 ], [ 112.54585, -7.42803, 0.0 ], [ 112.54568, -7.42797, 0.0 ], [ 112.54552, -7.42793, 0.0 ], [ 112.545320000000103, -7.42791, 0.0 ], [ 112.54534, -7.42781, 0.0 ], [ 112.54541, -7.4273, 0.0 ], [ 112.54543, -7.4272, 0.0 ], [ 112.545450000000116, -7.42707, 0.0 ], [ 112.54546, -7.42697, 0.0 ], [ 112.54546, -7.42686, 0.0 ], [ 112.54559, -7.42587, 0.0 ], [ 112.545620000000142, -7.42573, 0.0 ], [ 112.54563, -7.42537, 0.0 ], [ 112.54569, -7.42474, 0.0 ], [ 112.54578, -7.42386, 0.0 ], [ 112.545800000000114, -7.42359, 0.0 ], [ 112.54592, -7.42206, 0.0 ], [ 112.54594, -7.42193, 0.0 ], [ 112.546, -7.42196, 0.0 ], [ 112.54606, -7.42198, 0.0 ], [ 112.54711, -7.42204, 0.0 ], [ 112.548910000000134, -7.42217, 0.0 ], [ 112.549130000000133, -7.42217, 0.0 ], [ 112.54924, -7.42216, 0.0 ], [ 112.5495, -7.42217, 0.0 ], [ 112.55006, -7.42224, 0.0 ], [ 112.550840000000122, -7.42229, 0.0 ], [ 112.551030000000125, -7.4223, 0.0 ], [ 112.5514000000001, -7.42232, 0.0 ], [ 112.55208, -7.42235, 0.0 ], [ 112.55238, -7.42237, 0.0 ], [ 112.55263, -7.42239, 0.0 ], [ 112.55327, -7.42245, 0.0 ], [ 112.55423, -7.42255, 0.0 ], [ 112.554540000000117, -7.422579999999899, 0.0 ], [ 112.55455, -7.42283, 0.0 ], [ 112.55461, -7.42283, 0.0 ], [ 112.5546, -7.4227, 0.0 ], [ 112.55461, -7.42261, 0.0 ], [ 112.554620000000156, -7.42233, 0.0 ], [ 112.554620000000156, -7.42174, 0.0 ], [ 112.55465, -7.4211, 0.0 ], [ 112.55466, -7.42085, 0.0 ], [ 112.55468, -7.42027, 0.0 ], [ 112.55469, -7.41988, 0.0 ], [ 112.55474, -7.41851, 0.0 ], [ 112.554800000000128, -7.41715, 0.0 ], [ 112.55481, -7.41682, 0.0 ], [ 112.554860000000119, -7.41559, 0.0 ], [ 112.554890000000114, -7.41496, 0.0 ], [ 112.554890000000114, -7.4146, 0.0 ], [ 112.554890000000114, -7.41441, 0.0 ], [ 112.55491, -7.41431, 0.0 ], [ 112.555300000000116, -7.41426, 0.0 ], [ 112.55597000000013, -7.41417, 0.0 ], [ 112.556440000000109, -7.4141, 0.0 ], [ 112.5568, -7.41405, 0.0 ], [ 112.55689, -7.41403, 0.0 ], [ 112.557010000000105, -7.41402, 0.0 ], [ 112.55725, -7.41398, 0.0 ], [ 112.55767, -7.41385, 0.0 ], [ 112.557960000000108, -7.41375, 0.0 ], [ 112.55824, -7.41358, 0.0 ], [ 112.55843, -7.41349, 0.0 ], [ 112.55861, -7.41339, 0.0 ], [ 112.558630000000122, -7.41353, 0.0 ], [ 112.55868, -7.4149, 0.0 ], [ 112.5587, -7.415, 0.0 ], [ 112.55871, -7.41541, 0.0 ], [ 112.55873, -7.41636, 0.0 ], [ 112.55876, -7.41665, 0.0 ], [ 112.55881, -7.41726, 0.0 ], [ 112.55884, -7.41774, 0.0 ], [ 112.55885, -7.41782, 0.0 ], [ 112.55888, -7.4179, 0.0 ], [ 112.55941, -7.41814, 0.0 ], [ 112.55982, -7.41827, 0.0 ], [ 112.55996, -7.41898, 0.0 ], [ 112.55998, -7.4191, 0.0 ] ] ] } },
{ "type": "Feature", "properties": { "nama_desa": "Wonokarang", "nama_kecamatan": "Balongbendo", "luas": 7.865125e-05 }, "geometry": { "type": "Polygon", "coordinates": [ [ [ 112.52489, -7.40996, 0.0 ], [ 112.52489, -7.41003, 0.0 ], [ 112.52485, -7.41037, 0.0 ], [ 112.5248, -7.41054, 0.0 ], [ 112.52473, -7.41068, 0.0 ], [ 112.52461, -7.41082, 0.0 ], [ 112.52439, -7.41104, 0.0 ], [ 112.52403, -7.411299999999885, 0.0 ], [ 112.52358, -7.41161, 0.0 ], [ 112.523100000000142, -7.41199, 0.0 ], [ 112.52282, -7.4122, 0.0 ], [ 112.52236, -7.41258, 0.0 ], [ 112.52191, -7.41293, 0.0 ], [ 112.52151, -7.41317, 0.0 ], [ 112.520850000000138, -7.41339, 0.0 ], [ 112.52051, -7.41344, 0.0 ], [ 112.52013, -7.41349, 0.0 ], [ 112.51967, -7.41345, 0.0 ], [ 112.51944, -7.41336, 0.0 ], [ 112.51927, -7.41322, 0.0 ], [ 112.51912, -7.41305, 0.0 ], [ 112.5189, -7.41278, 0.0 ], [ 112.51872, -7.41247, 0.0 ], [ 112.518560000000107, -7.41226, 0.0 ], [ 112.51839, -7.41211, 0.0 ], [ 112.51826, -7.41201, 0.0 ], [ 112.51812, -7.41195, 0.0 ], [ 112.51786, -7.4119, 0.0 ], [ 112.51754, -7.41192, 0.0 ], [ 112.51714, -7.41202, 0.0 ], [ 112.516440000000117, -7.41218, 0.0 ], [ 112.515850000000142, -7.41232, 0.0 ], [ 112.51551, -7.41239, 0.0 ], [ 112.515220000000156, -7.41246, 0.0 ], [ 112.51484, -7.41251, 0.0 ], [ 112.51445, -7.41253, 0.0 ], [ 112.51405, -7.41258, 0.0 ], [ 112.5138, -7.41259, 0.0 ], [ 112.51361, -7.41261, 0.0 ], [ 112.51352, -7.41267, 0.0 ], [ 112.51342, -7.41277, 0.0 ], [ 112.51338, -7.412919999999898, 0.0 ], [ 112.51335, -7.4131, 0.0 ], [ 112.51333, -7.41335, 0.0 ], [ 112.51332, -7.41359, 0.0 ], [ 112.5133000000001, -7.41384, 0.0 ], [ 112.5132, -7.41414, 0.0 ], [ 112.5131, -7.41432, 0.0 ], [ 112.51299, -7.4145, 0.0 ], [ 112.512800000000126, -7.41466, 0.0 ], [ 112.51247, -7.4148, 0.0 ], [ 112.51227, -7.41491, 0.0 ], [ 112.51209, -7.41494, 0.0 ], [ 112.51195, -7.41486, 0.0 ], [ 112.511720000000111, -7.41477, 0.0 ], [ 112.51151, -7.41466, 0.0 ], [ 112.51125, -7.41457, 0.0 ], [ 112.51103, -7.41451, 0.0 ], [ 112.51083, -7.41448, 0.0 ], [ 112.51044, -7.41451, 0.0 ], [ 112.509880000000109, -7.41456, 0.0 ], [ 112.50934, -7.41461, 0.0 ], [ 112.50908, -7.41472, 0.0 ], [ 112.50875, -7.41465, 0.0 ], [ 112.50822, -7.41474, 0.0 ], [ 112.50805, -7.41474, 0.0 ], [ 112.50807, -7.41457, 0.0 ], [ 112.50808, -7.4145, 0.0 ], [ 112.50808, -7.41429, 0.0 ], [ 112.5081, -7.41396, 0.0 ], [ 112.50812, -7.4137, 0.0 ], [ 112.50816, -7.41322, 0.0 ], [ 112.50819, -7.41293, 0.0 ], [ 112.50822, -7.41257, 0.0 ], [ 112.508240000000129, -7.41215, 0.0 ], [ 112.50825, -7.41208, 0.0 ], [ 112.50832, -7.41111, 0.0 ], [ 112.50844, -7.40945, 0.0 ], [ 112.50844, -7.40938, 0.0 ], [ 112.5092, -7.40925, 0.0 ], [ 112.51052, -7.40905, 0.0 ], [ 112.511630000000125, -7.40891, 0.0 ], [ 112.51271, -7.40871, 0.0 ], [ 112.513340000000127, -7.40864, 0.0 ], [ 112.513560000000126, -7.40863, 0.0 ], [ 112.51375, -7.40861, 0.0 ], [ 112.515550000000104, -7.40845, 0.0 ], [ 112.51584, -7.4084, 0.0 ], [ 112.51606, -7.40837, 0.0 ], [ 112.51687, -7.40829, 0.0 ], [ 112.517470000000159, -7.40823, 0.0 ], [ 112.51757, -7.40822, 0.0 ], [ 112.51827, -7.40815, 0.0 ], [ 112.51944, -7.40799, 0.0 ], [ 112.51957, -7.40796, 0.0 ], [ 112.5205500000001, -7.40767, 0.0 ], [ 112.52075, -7.40761, 0.0 ], [ 112.52137, -7.40744, 0.0 ], [ 112.52175, -7.40734, 0.0 ], [ 112.52219, -7.40723, 0.0 ], [ 112.52233, -7.4072, 0.0 ], [ 112.52363, -7.40689, 0.0 ], [ 112.523690000000101, -7.40725, 0.0 ], [ 112.52381, -7.40787, 0.0 ], [ 112.52384, -7.4081, 0.0 ], [ 112.52387, -7.40822, 0.0 ], [ 112.52393, -7.40851, 0.0 ], [ 112.52397, -7.40863, 0.0 ], [ 112.52408, -7.40895, 0.0 ], [ 112.52422, -7.40922, 0.0 ], [ 112.524290000000107, -7.40933, 0.0 ], [ 112.52438, -7.40947, 0.0 ], [ 112.524550000000119, -7.40967, 0.0 ], [ 112.52462, -7.40975, 0.0 ], [ 112.52479, -7.40988, 0.0 ], [ 112.52489, -7.40996, 0.0 ] ] ] } },
{ "type": "Feature", "properties": { "nama_desa": "Wonokupang", "nama_kecamatan": "Balongbendo", "luas": 0.0001253748 }, "geometry": { "type": "Polygon", "coordinates": [ [ [ 112.5279100575016, -7.409123126169773, 0.0 ], [ 112.527940057501695, -7.409273126169838, 0.0 ], [ 112.527950057501627, -7.409393126169819, 0.0 ], [ 112.527980057501708, -7.4095131261698, 0.0 ], [ 112.528070057501694, -7.410253126169744, 0.0 ], [ 112.528120057501667, -7.411173126169748, 0.0 ], [ 112.528130057501599, -7.411253126169795, 0.0 ], [ 112.528240057501549, -7.411973126169771, 0.0 ], [ 112.528270057501643, -7.412313126169837, 0.0 ], [ 112.528290057501607, -7.412473126169752, 0.0 ], [ 112.528320057501602, -7.412533126169832, 0.0 ], [ 112.528460057501633, -7.41260312616985, 0.0 ], [ 112.528520057501723, -7.414123126169761, 0.0 ], [ 112.528610057501709, -7.414133126169789, 0.0 ], [ 112.528910057501562, -7.41418312616984, 0.0 ], [ 112.529070057501656, -7.41418312616984, 0.0 ], [ 112.529080057501602, -7.414303126169822, 0.0 ], [ 112.529060057501724, -7.414403126169836, 0.0 ], [ 112.52898005750167, -7.414693126169849, 0.0 ], [ 112.528870057501635, -7.415033126169826, 0.0 ], [ 112.528850057501671, -7.415093126169817, 0.0 ], [ 112.528750057501654, -7.415443126169821, 0.0 ], [ 112.528720057501658, -7.415513126169751, 0.0 ], [ 112.528590057501646, -7.415913126169807, 0.0 ], [ 112.528660057501668, -7.415933126169774, 0.0 ], [ 112.528490057501628, -7.41646312616975, 0.0 ], [ 112.528360057501629, -7.416863126169806, 0.0 ], [ 112.528090057501672, -7.417823126169834, 0.0 ], [ 112.527860057501641, -7.418593126169773, 0.0 ], [ 112.527680057501669, -7.419183126169829, 0.0 ], [ 112.527350057501721, -7.420333126169767, 0.0 ], [ 112.527270057501681, -7.420573126169819, 0.0 ], [ 112.527240057501587, -7.420703126169828, 0.0 ], [ 112.527120057501605, -7.421153126169846, 0.0 ], [ 112.526940057501548, -7.421873126169823, 0.0 ], [ 112.526910057501638, -7.422003126169743, 0.0 ], [ 112.526890057501589, -7.422073126169762, 0.0 ], [ 112.526860057501679, -7.422143126169781, 0.0 ], [ 112.526780057501639, -7.422383126169743, 0.0 ], [ 112.526720057501649, -7.422573126169832, 0.0 ], [ 112.526660057501559, -7.422753126169804, 0.0 ], [ 112.526510057501682, -7.423273126169841, 0.0 ], [ 112.526480057501587, -7.423383126169794, 0.0 ], [ 112.526400057501547, -7.423633126169785, 0.0 ], [ 112.526290057501598, -7.423993126169817, 0.0 ], [ 112.526200057501612, -7.424283126169831, 0.0 ], [ 112.526170057501616, -7.424403126169812, 0.0 ], [ 112.526140057501706, -7.424493126169798, 0.0 ], [ 112.526100057501679, -7.424643126169864, 0.0 ], [ 112.526010057501693, -7.424963126169784, 0.0 ], [ 112.525810057501573, -7.425603126169802, 0.0 ], [ 112.525750057501583, -7.425763126169807, 0.0 ], [ 112.525720057501587, -7.425883126169788, 0.0 ], [ 112.525670057501628, -7.426043126169793, 0.0 ], [ 112.525580057501642, -7.426363126169802, 0.0 ], [ 112.525400057501585, -7.427053126169783, 0.0 ], [ 112.525370057501675, -7.427143126169858, 0.0 ], [ 112.525350057501626, -7.427213126169788, 0.0 ], [ 112.525290057501635, -7.427153126169797, 0.0 ], [ 112.525210057501582, -7.427023126169788, 0.0 ], [ 112.524870057501701, -7.426733126169774, 0.0 ], [ 112.524810057501611, -7.426693126169839, 0.0 ], [ 112.524640057501585, -7.426583126169797, 0.0 ], [ 112.52444005750165, -7.426453126169788, 0.0 ], [ 112.524170057501593, -7.426123126169751, 0.0 ], [ 112.524030057501648, -7.425693126169788, 0.0 ], [ 112.523960057501625, -7.425453126169826, 0.0 ], [ 112.523870057501554, -7.425313126169788, 0.0 ], [ 112.523570057501686, -7.425173126169751, 0.0 ], [ 112.523320057501607, -7.42511312616976, 0.0 ], [ 112.523020057501569, -7.425033126169803, 0.0 ], [ 112.522810057501687, -7.42498312616984, 0.0 ], [ 112.522480057501568, -7.424873126169798, 0.0 ], [ 112.522360057501672, -7.42486312616977, 0.0 ], [ 112.522070057501566, -7.425003126169807, 0.0 ], [ 112.521710057501622, -7.424953126169756, 0.0 ], [ 112.521490057501538, -7.424913126169821, 0.0 ], [ 112.521540057501682, -7.424653126169803, 0.0 ], [ 112.521600057501672, -7.424333126169794, 0.0 ], [ 112.521650057501631, -7.424083126169803, 0.0 ], [ 112.521680057501626, -7.42397312616985, 0.0 ], [ 112.521750057501649, -7.42372312616977, 0.0 ], [ 112.521820057501671, -7.423433126169845, 0.0 ], [ 112.521830057501603, -7.423353126169799, 0.0 ], [ 112.521850057501581, -7.423133126169803, 0.0 ], [ 112.521660057501578, -7.423063126169785, 0.0 ], [ 112.521270057501724, -7.422913126169808, 0.0 ], [ 112.521070057501603, -7.422863126169757, 0.0 ], [ 112.520910057501695, -7.422883126169813, 0.0 ], [ 112.520570057501629, -7.422913126169808, 0.0 ], [ 112.520250057501613, -7.422883126169813, 0.0 ], [ 112.520170057501659, -7.422873126169785, 0.0 ], [ 112.520090057501619, -7.422863126169757, 0.0 ], [ 112.520010057501651, -7.42284312616979, 0.0 ], [ 112.519930057501696, -7.422823126169822, 0.0 ], [ 112.519840057501625, -7.422783126169799, 0.0 ], [ 112.519790057501666, -7.422753126169804, 0.0 ], [ 112.519740057501693, -7.422723126169808, 0.0 ], [ 112.519670057501585, -7.422673126169757, 0.0 ], [ 112.519600057501577, -7.422593126169799, 0.0 ], [ 112.519550057501604, -7.422493126169785, 0.0 ], [ 112.51953005750164, -7.42239312616986, 0.0 ], [ 112.519510057501591, -7.422313126169813, 0.0 ], [ 112.519510057501591, -7.422253126169734, 0.0 ], [ 112.519510057501591, -7.422193126169832, 0.0 ], [ 112.519510057501591, -7.422133126169753, 0.0 ], [ 112.519510057501591, -7.422073126169762, 0.0 ], [ 112.519510057501591, -7.422003126169743, 0.0 ], [ 112.519510057501591, -7.421943126169841, 0.0 ], [ 112.519510057501591, -7.421873126169823, 0.0 ], [ 112.519510057501591, -7.421813126169832, 0.0 ], [ 112.519510057501591, -7.421743126169813, 0.0 ], [ 112.519510057501591, -7.421683126169823, 0.0 ], [ 112.519510057501591, -7.421593126169748, 0.0 ], [ 112.519500057501645, -7.42151312616979, 0.0 ], [ 112.519500057501645, -7.421443126169772, 0.0 ], [ 112.519500057501645, -7.421353126169786, 0.0 ], [ 112.519490057501613, -7.4212631261698, 0.0 ], [ 112.51947005750165, -7.421183126169842, 0.0 ], [ 112.519440057501654, -7.421113126169823, 0.0 ], [ 112.519410057501574, -7.421053126169832, 0.0 ], [ 112.519360057501615, -7.420993126169753, 0.0 ], [ 112.519300057501624, -7.420933126169851, 0.0 ], [ 112.519240057501534, -7.420903126169767, 0.0 ], [ 112.519180057501643, -7.420863126169833, 0.0 ], [ 112.519120057501652, -7.420823126169809, 0.0 ], [ 112.519060057501562, -7.420783126169786, 0.0 ], [ 112.518980057501693, -7.420723126169795, 0.0 ], [ 112.518910057501586, -7.420683126169772, 0.0 ], [ 112.518850057501695, -7.420633126169809, 0.0 ], [ 112.518780057501587, -7.420583126169758, 0.0 ], [ 112.518730057501614, -7.420553126169763, 0.0 ], [ 112.518680057501655, -7.420513126169828, 0.0 ], [ 112.518630057501611, -7.420473126169805, 0.0 ], [ 112.518580057501637, -7.420433126169781, 0.0 ], [ 112.518520057501561, -7.420393126169847, 0.0 ], [ 112.518470057501602, -7.420353126169823, 0.0 ], [ 112.518400057501665, -7.420283126169805, 0.0 ], [ 112.518310057501679, -7.420203126169758, 0.0 ], [ 112.518250057501604, -7.420133126169739, 0.0 ], [ 112.518220057501608, -7.420083126169777, 0.0 ], [ 112.518180057501681, -7.420023126169786, 0.0 ], [ 112.518150057501586, -7.419943126169828, 0.0 ], [ 112.51812005750169, -7.419843126169814, 0.0 ], [ 112.518100057501627, -7.419723126169833, 0.0 ], [ 112.518070057501717, -7.419573126169768, 0.0 ], [ 112.518040057501636, -7.419393126169796, 0.0 ], [ 112.518020057501587, -7.419193126169768, 0.0 ], [ 112.518000057501609, -7.418963126169745, 0.0 ], [ 112.517970057501614, -7.41873312616981, 0.0 ], [ 112.51795005750165, -7.418493126169759, 0.0 ], [ 112.517930057501601, -7.418253126169796, 0.0 ], [ 112.517920057501655, -7.418133126169815, 0.0 ], [ 112.517910057501624, -7.418023126169862, 0.0 ], [ 112.517900057501691, -7.417803126169778, 0.0 ], [ 112.51789005750166, -7.417613126169778, 0.0 ], [ 112.517880057501628, -7.417433126169806, 0.0 ], [ 112.517870057501611, -7.417273126169802, 0.0 ], [ 112.517860057501665, -7.417123126169825, 0.0 ], [ 112.517850057501633, -7.416993126169816, 0.0 ], [ 112.517850057501633, -7.416863126169806, 0.0 ], [ 112.517840057501616, -7.416753126169764, 0.0 ], [ 112.517840057501616, -7.416633126169783, 0.0 ], [ 112.517840057501616, -7.416533126169769, 0.0 ], [ 112.517840057501616, -7.416423126169727, 0.0 ], [ 112.517830057501584, -7.416323126169802, 0.0 ], [ 112.517830057501584, -7.416223126169788, 0.0 ], [ 112.517830057501584, -7.416133126169802, 0.0 ], [ 112.517830057501584, -7.416023126169849, 0.0 ], [ 112.517830057501584, -7.41595312616983, 0.0 ], [ 112.517830057501584, -7.415863126169844, 0.0 ], [ 112.517830057501584, -7.415783126169798, 0.0 ], [ 112.517840057501616, -7.415693126169812, 0.0 ], [ 112.517840057501616, -7.415613126169765, 0.0 ], [ 112.517840057501616, -7.415533126169807, 0.0 ], [ 112.517850057501633, -7.415463126169788, 0.0 ], [ 112.517850057501633, -7.415383126169742, 0.0 ], [ 112.517860057501665, -7.415303126169784, 0.0 ], [ 112.517860057501665, -7.415223126169826, 0.0 ], [ 112.517870057501611, -7.415143126169779, 0.0 ], [ 112.517870057501611, -7.41507312616976, 0.0 ], [ 112.517870057501611, -7.414993126169803, 0.0 ], [ 112.517880057501628, -7.414913126169756, 0.0 ], [ 112.517880057501628, -7.414833126169798, 0.0 ], [ 112.517880057501628, -7.414753126169751, 0.0 ], [ 112.51789005750166, -7.414683126169821, 0.0 ], [ 112.51789005750166, -7.414613126169803, 0.0 ], [ 112.51789005750166, -7.414543126169784, 0.0 ], [ 112.517900057501691, -7.414473126169765, 0.0 ], [ 112.517900057501691, -7.414413126169775, 0.0 ], [ 112.517910057501624, -7.414303126169822, 0.0 ], [ 112.517920057501655, -7.414223126169775, 0.0 ], [ 112.517920057501655, -7.414153126169845, 0.0 ], [ 112.517930057501601, -7.414093126169766, 0.0 ], [ 112.517940057501718, -7.414023126169836, 0.0 ], [ 112.51795005750165, -7.413953126169817, 0.0 ], [ 112.517960057501597, -7.413883126169798, 0.0 ], [ 112.517970057501614, -7.413803126169752, 0.0 ], [ 112.517980057501646, -7.413733126169822, 0.0 ], [ 112.517990057501677, -7.413663126169803, 0.0 ], [ 112.518000057501609, -7.413593126169784, 0.0 ], [ 112.518020057501587, -7.413513126169827, 0.0 ], [ 112.518030057501704, -7.413453126169836, 0.0 ], [ 112.518040057501636, -7.413383126169728, 0.0 ], [ 112.5180600575016, -7.413313126169799, 0.0 ], [ 112.518070057501717, -7.413233126169841, 0.0 ], [ 112.518090057501595, -7.413163126169822, 0.0 ], [ 112.518100057501627, -7.413083126169775, 0.0 ], [ 112.51812005750169, -7.41298312616985, 0.0 ], [ 112.518130057501622, -7.412903126169804, 0.0 ], [ 112.518140057501654, -7.41280312616979, 0.0 ], [ 112.518150057501586, -7.412693126169836, 0.0 ], [ 112.518160057501703, -7.412573126169766, 0.0 ], [ 112.518170057501649, -7.412443126169846, 0.0 ], [ 112.518180057501681, -7.41229312616978, 0.0 ], [ 112.518190057501613, -7.412123126169748, 0.0 ], [ 112.518190057501613, -7.412003126169767, 0.0 ], [ 112.518190057501613, -7.411943126169776, 0.0 ], [ 112.51823005750164, -7.411843126169762, 0.0 ], [ 112.518360057501653, -7.411943126169776, 0.0 ], [ 112.518530057501678, -7.412093126169752, 0.0 ], [ 112.518690057501601, -7.412303126169808, 0.0 ], [ 112.518870057501573, -7.41261312616979, 0.0 ], [ 112.519090057501657, -7.412883126169747, 0.0 ], [ 112.519240057501534, -7.41305312616978, 0.0 ], [ 112.519410057501574, -7.413193126169817, 0.0 ], [ 112.51964005750159, -7.413283126169803, 0.0 ], [ 112.520100057501637, -7.413323126169827, 0.0 ], [ 112.520480057501644, -7.413273126169864, 0.0 ], [ 112.520820057501709, -7.413223126169813, 0.0 ], [ 112.521480057501606, -7.413003126169817, 0.0 ], [ 112.521880057501662, -7.412763126169766, 0.0 ], [ 112.522330057501591, -7.412413126169762, 0.0 ], [ 112.522790057501638, -7.412033126169762, 0.0 ], [ 112.523070057501712, -7.411823126169795, 0.0 ], [ 112.523550057501637, -7.411443126169795, 0.0 ], [ 112.524000057501652, -7.411133126169725, 0.0 ], [ 112.524360057501596, -7.410873126169795, 0.0 ], [ 112.524580057501595, -7.4106531261698, 0.0 ], [ 112.524700057501661, -7.410513126169763, 0.0 ], [ 112.524770057501598, -7.410373126169814, 0.0 ], [ 112.524820057501557, -7.410203126169781, 0.0 ], [ 112.524860057501584, -7.409863126169805, 0.0 ], [ 112.524860057501584, -7.409793126169786, 0.0 ], [ 112.52492005750166, -7.409413126169786, 0.0 ], [ 112.52503005750161, -7.409153126169857, 0.0 ], [ 112.5250900575016, -7.408983126169824, 0.0 ], [ 112.525250057501609, -7.408893126169838, 0.0 ], [ 112.525400057501585, -7.408823126169819, 0.0 ], [ 112.525580057501642, -7.408843126169787, 0.0 ], [ 112.52582005750169, -7.408923126169745, 0.0 ], [ 112.526150057501638, -7.409043126169815, 0.0 ], [ 112.526630057501663, -7.409143126169829, 0.0 ], [ 112.527250057501618, -7.409163126169796, 0.0 ], [ 112.5279100575016, -7.409123126169773, 0.0 ] ] ] } }
]
}
