{"type":"FeatureCollection", "features": [
{"type":"Feature","geometry":{"type":"Polygon","coordinates":[[[112.68617000000003,-7.5136699999999035],[112.68606000000007,-7.51374999999995],[112.68586999999998,-7.513759999999978],[112.68519999999997,-7.5137899999999735],[112.68487000000002,-7.513799999999913],[112.68449000000011,-7.51374999999995],[112.68359000000008,-7.513509999999899],[112.68298000000006,-7.513239999999941],[112.68257000000006,-7.513099999999993],[112.68217,-7.513099999999993],[112.6817000000001,-7.513219999999974],[112.68152000000013,-7.513289999999904],[112.68125000000009,-7.513819999999969],[112.68113000000001,-7.514099999999955],[112.68103000000009,-7.514249999999931],[112.68059000000001,-7.514429999999992],[112.68044000000012,-7.514489999999983],[112.68022000000003,-7.514899999999978],[112.68007000000016,-7.5152799999999775],[112.68003000000013,-7.515389999999931],[112.67997000000005,-7.515509999999912],[112.67983000000001,-7.5154699999999774],[112.67963000000007,-7.515499999999973],[112.67952000000002,-7.515599999999987],[112.6794500000001,-7.515779999999959],[112.67941000000008,-7.51602000000001],[112.67938000000008,-7.516319999999963],[112.67930000000004,-7.516779999999921],[112.67922000000007,-7.517179999999977],[112.67919000000008,-7.517299999999958],[112.67913000000009,-7.517549999999948],[112.67910000000009,-7.517779999999972],[112.67921000000005,-7.517829999999934],[112.67929000000001,-7.517939999999976],[112.6792300000001,-7.5183599999999995],[112.67902000000005,-7.518769999999995],[112.67879000000002,-7.519029999999924],[112.67835000000004,-7.519479999999943],[112.67802000000009,-7.519769999999957],[112.67762000000003,-7.519969999999985],[112.67726000000009,-7.520059999999971],[112.67727000000002,-7.520169999999924],[112.67728000000014,-7.52025999999991],[112.67726000000009,-7.520379999999891],[112.67723000000001,-7.520709999999928],[112.67717000000002,-7.521249999999933],[112.67712000000004,-7.521979999999937],[112.67707000000009,-7.522489999999946],[112.67704,-7.522949999999993],[112.67697000000007,-7.523299999999908],[112.67693000000006,-7.523469999999941],[112.67690999999999,-7.523619999999918],[112.67746000000011,-7.523549999999988],[112.67805000000008,-7.523499999999936],[112.6787200000001,-7.523439999999946],[112.67922000000007,-7.523400000000011],[112.67986000000009,-7.523329999999904],[112.68054000000005,-7.523279999999941],[112.68112000000008,-7.5232199999999505],[112.68171000000004,-7.523149999999932],[112.68234000000004,-7.523069999999974],[112.6830000000001,-7.523009999999983],[112.68356000000009,-7.522919999999909],[112.68413000000008,-7.522890000000002],[112.68471000000011,-7.522799999999927],[112.68486000000009,-7.522169999999937],[112.68514000000008,-7.5210299999999375],[112.68527000000007,-7.520610000000003],[112.68542000000005,-7.519949999999929],[112.68560000000002,-7.519869999999971],[112.68567000000004,-7.519789999999924],[112.68570000000012,-7.5196499999999755],[112.68586999999998,-7.51898999999999],[112.68591,-7.5188499999999525],[112.68635000000009,-7.517190000000005],[112.68643000000004,-7.517039999999939],[112.68663000000008,-7.5153699999999635],[112.68668000000004,-7.514980000000024],[112.68668000000004,-7.514749999999912],[112.68591,-7.514609999999964],[112.68599999999999,-7.513949999999978],[112.68617000000003,-7.5136699999999035]]]},"properties":{"KDPPUM":"","NAMOBJ":"Candipari","REMARK":"","KDPBPS":"","FCODE":"BA03060060","LUASWH":0,"UUPP":"","SRS_ID":"SRGI 2013","LCODE":"","METADATA":"","KDEBPS":"","KDEPUM":"","KDCBPS":"","KDCPUM":"","KDBBPS":"","KDBPUM":"","WADMKD":"Candipari","WIADKD":"","WADMKC":"Porong","WIADKC":"","WADMKK":"Sidoarjo","WIADKK":"","WADMPR":"Jawa Timur","WIADPR":"","TIPADM":0,"SHAPE_Leng":0.03537207142,"SHAPE_Area":0.00006874745}},
{"type":"Feature","geometry":{"type":"Polygon","coordinates":[[[112.73322000000007,-7.531739999999951],[112.73329000000001,-7.530999999999919],[112.73343000000013,-7.529749999999966],[112.7334800000001,-7.529449999999924],[112.73359000000005,-7.528940000000004],[112.73379000000007,-7.52833999999992],[112.73385000000006,-7.528169999999976],[112.73406000000013,-7.527559999999953],[112.73411000000009,-7.527419999999916],[112.73439000000008,-7.5266999999999395],[112.73463999999997,-7.52618999999993],[112.735,-7.52511999999995],[112.73538000000009,-7.524239999999969],[112.73631000000013,-7.5227299999999975],[112.73570000000011,-7.522569999999993],[112.73517000000004,-7.5224199999999275],[112.73355000000002,-7.5219299999999745],[112.73247000000002,-7.5216299999999325],[112.73223000000006,-7.521549999999975],[112.73145000000008,-7.521319999999951],[112.73098000000002,-7.521099999999956],[112.73088000000008,-7.5211299999999515],[112.73058000000005,-7.52119999999997],[112.72958000000008,-7.521279999999928],[112.72890000000004,-7.521189999999942],[112.7286,-7.521109999999984],[112.72783000000005,-7.520889999999989],[112.72766000000003,-7.521299999999984],[112.7273700000001,-7.521809999999993],[112.72721000000001,-7.522159999999909],[112.72705000000009,-7.522559999999965],[112.72688000000007,-7.522890000000002],[112.72675000000005,-7.523179999999927],[112.7266400000001,-7.523449999999974],[112.72648000000001,-7.523749999999927],[112.72635,-7.5240199999999735],[112.72621999999998,-7.524289999999931],[112.72611000000003,-7.5245099999999265],[112.72592000000012,-7.524829999999936],[112.72565000000007,-7.525339999999945],[112.72544000000002,-7.525719999999945],[112.72520000000006,-7.526119999999912],[112.72501000000014,-7.526479999999944],[112.7247400000001,-7.526879999999911],[112.72453000000004,-7.527199999999921],[112.72426000000009,-7.52764],[112.72407000000008,-7.527989999999916],[112.72394000000007,-7.52833999999992],[112.72380000000013,-7.528609999999967],[112.72370000000002,-7.528899999999981],[112.72355999999999,-7.52927999999998],[112.72346000000006,-7.529629999999985],[112.72330000000015,-7.530089999999943],[112.72311000000006,-7.530549999999989],[112.72298000000005,-7.530949999999956],[112.72276000000014,-7.53161999999997],[112.72270000000006,-7.5318699999999605],[112.72263000000014,-7.532079999999928],[112.72254000000005,-7.532409999999965],[112.72245000000007,-7.5326599999999555],[112.72234999999996,-7.53300999999996],[112.72229000000007,-7.533299999999974],[112.72225000000005,-7.5334700000000066],[112.72223000000008,-7.5335599999999925],[112.72215000000003,-7.533859999999946],[112.72208,-7.5340599999999736],[112.72232000000007,-7.533899999999969],[112.72238999999999,-7.533859999999946],[112.72250000000012,-7.533799999999955],[112.72269000000003,-7.533759999999932],[112.72350000000009,-7.533989999999955],[112.72386000000003,-7.534079999999941],[112.72472999999998,-7.534309999999964],[112.72578000000009,-7.534659999999969],[112.72616000000008,-7.534809999999945],[112.72619000000007,-7.5347399999999265],[112.72630000000004,-7.5345399999998985],[112.72644000000007,-7.534239999999945],[112.72655000000012,-7.533969999999988],[112.72666000000007,-7.533719999999997],[112.72673000000009,-7.533519999999969],[112.72707000000005,-7.533609999999955],[112.72741000000003,-7.533709999999969],[112.7277800000001,-7.533819999999922],[112.72814000000004,-7.533929999999964],[112.72862000000005,-7.534079999999941],[112.72922999999999,-7.5342600000000015],[112.72941999999999,-7.534319999999992],[112.72959000000002,-7.534369999999955],[112.73009,-7.534449999999913],[112.7304700000001,-7.534499999999964],[112.73097000000007,-7.534609999999917],[112.73134000000005,-7.534669999999908],[112.73181000000012,-7.534729999999987],[112.73218000000008,-7.53477999999995],[112.73268000000007,-7.534800000000006],[112.73275,-7.534489999999936],[112.73277000000006,-7.534199999999922],[112.73282000000002,-7.533909999999908],[112.73283000000005,-7.533729999999936],[112.73287000000008,-7.5334599999999785],[112.73291000000009,-7.533139999999969],[112.73295000000012,-7.532879999999951],[112.73298000000011,-7.53262999999996],[112.73301000000002,-7.532419999999904],[112.73305000000005,-7.53218999999997],[112.73309000000006,-7.5319599999999465],[112.73322000000007,-7.531739999999951]]]},"properties":{"KDPPUM":"","NAMOBJ":"Glagahharum","REMARK":"","KDPBPS":"","FCODE":"BA03060060","LUASWH":0,"UUPP":"","SRS_ID":"SRGI 2013","LCODE":"","METADATA":"","KDEBPS":"","KDEPUM":"","KDCBPS":"","KDCPUM":"","KDBBPS":"","KDBPUM":"","WADMKD":"Glagahharum","WIADKD":"","WADMKC":"Porong","WIADKC":"","WADMKK":"Sidoarjo","WIADKK":"","WADMPR":"Jawa Timur","WIADPR":"","TIPADM":0,"SHAPE_Leng":0.04784059438,"SHAPE_Area":0.00012362995}},
{"type":"Feature","geometry":{"type":"Polygon","coordinates":[[[112.67677999999998,-7.529299999999948],[112.67658000000004,-7.529100000000009],[112.67605000000007,-7.528619999999906],[112.67538000000006,-7.528039999999967],[112.6751700000001,-7.527869999999934],[112.67499000000012,-7.527739999999925],[112.67472000000006,-7.527509999999991],[112.67386000000015,-7.526579999999958],[112.67349,-7.52606000000001],[112.67303000000004,-7.525469999999954],[112.67282000000016,-7.5251999999999075],[112.67272000000006,-7.525069999999987],[112.67232,-7.524539999999922],[112.67225000000008,-7.524529999999983],[112.67189000000003,-7.524489999999959],[112.67151000000004,-7.524449999999936],[112.67114000000007,-7.524419999999941],[112.6707100000001,-7.524379999999917],[112.67024999999997,-7.524329999999955],[112.66981000000007,-7.524289999999931],[112.66939000000005,-7.524249999999908],[112.66897000000002,-7.524209999999885],[112.6686500000001,-7.524190000000006],[112.6683,-7.524159999999922],[112.66812000000003,-7.52454999999995],[112.66797000000005,-7.524879999999898],[112.66787000000014,-7.525149999999945],[112.66778000000015,-7.525349999999973],[112.6677000000001,-7.525549999999912],[112.66761000000011,-7.525729999999973],[112.66753000000007,-7.525919999999973],[112.66745000000002,-7.52606000000001],[112.66722000000009,-7.526619999999982],[112.66682999999998,-7.5275999999999765],[112.66671000000008,-7.52789999999993],[112.66663000000003,-7.528129999999953],[112.6664000000001,-7.52833999999992],[112.66618000000001,-7.528549999999976],[112.66597000000004,-7.528809999999995],[112.66575000000014,-7.52928999999992],[112.66563000000006,-7.529569999999994],[112.66549000000012,-7.5298799999999755],[112.6652600000001,-7.5301699999999006],[112.66493000000006,-7.530650000000003],[112.66483000000005,-7.530810000000008],[112.66459000000009,-7.5309599999998955],[112.66445000000013,-7.5310699999999375],[112.66449000000016,-7.5312799999999935],[112.66486000000013,-7.532589999999937],[112.66495000000012,-7.532909999999946],[112.66495000000012,-7.533159999999937],[112.66522000000008,-7.5332599999999506],[112.66551,-7.53338999999996],[112.66581000000004,-7.533519999999969],[112.66620000000016,-7.533679999999974],[112.66661000000006,-7.533839999999978],[112.66692000000005,-7.533969999999988],[112.66726000000003,-7.534099999999997],[112.66761000000011,-7.5342499999999735],[112.66806000000004,-7.534409999999978],[112.66852000000009,-7.534599999999978],[112.66890000000001,-7.53477999999995],[112.66932000000011,-7.53496999999995],[112.66975,-7.535180000000006],[112.6701700000001,-7.535379999999945],[112.67057000000015,-7.535569999999945],[112.6711200000001,-7.535849999999931],[112.67148000000013,-7.536009999999935],[112.67186000000004,-7.53616999999994],[112.67230000000004,-7.5363500000000005],[112.67279000000008,-7.536569999999907],[112.67325000000004,-7.536749999999968],[112.67375000000001,-7.5369299999999395],[112.67402000000006,-7.536209999999963],[112.67468000000005,-7.534159999999899],[112.67489000000002,-7.533509999999941],[112.67508000000011,-7.532849999999955],[112.67526000000008,-7.532279999999956],[112.67534000000003,-7.532049999999932],[112.67547000000005,-7.531729999999923],[112.67569999999998,-7.531389999999947],[112.67582999999999,-7.53123999999997],[112.67600000000002,-7.531029999999914],[112.67609,-7.53079999999998],[112.67621000000007,-7.530529999999933],[112.67623999999998,-7.5304699999999425],[112.67628,-7.530359999999989],[112.67632000000003,-7.530279999999943],[112.67639000000004,-7.530099999999971],[112.67645000000003,-7.5299799999999895],[112.67654000000002,-7.529749999999966],[112.67659000000008,-7.529640000000013],[112.67663,-7.529559999999966],[112.67668000000006,-7.529429999999957],[112.67674000000014,-7.529349999999999],[112.67677999999998,-7.529299999999948]]]},"properties":{"KDPPUM":"","NAMOBJ":"Kebakalan","REMARK":"","KDPBPS":"","FCODE":"BA03060060","LUASWH":0,"UUPP":"","SRS_ID":"SRGI 2013","LCODE":"","METADATA":"","KDEBPS":"","KDEPUM":"","KDCBPS":"","KDCPUM":"","KDBBPS":"","KDBPUM":"","WADMKD":"Kebakalan","WIADKD":"","WADMKC":"Porong","WIADKC":"","WADMKK":"Sidoarjo","WIADKK":"","WADMPR":"Jawa Timur","WIADPR":"","TIPADM":0,"SHAPE_Leng":0.03862699511,"SHAPE_Area":0.00009641215}},
{"type":"Feature","geometry":{"type":"Polygon","coordinates":[[[112.67884000000008,-7.54481999999995],[112.67866000000002,-7.544889999999969],[112.6784700000001,-7.544919999999964],[112.67837000000009,-7.544929999999992],[112.67809000000011,-7.544909999999936],[112.67761000000009,-7.544799999999983],[112.67704,-7.5447799999999265],[112.67628,-7.544889999999969],[112.67616000000011,-7.544949999999959],[112.67555000000009,-7.545279999999908],[112.6751700000001,-7.545499999999992],[112.67448000000002,-7.545799999999945],[112.67379000000004,-7.545949999999921],[112.67334000000002,-7.546010000000001],[112.67303999999997,-7.545989999999945],[112.67208000000004,-7.545529999999898],[112.67180000000005,-7.54538999999995],[112.67175000000009,-7.545339999999987],[112.67153000000009,-7.545149999999987],[112.67125000000011,-7.544829999999978],[112.6705800000001,-7.544119999999941],[112.67054000000007,-7.544269999999917],[112.67047000000005,-7.544399999999927],[112.67041000000006,-7.544519999999997],[112.67035000000007,-7.544649999999917],[112.67027000000012,-7.544809999999922],[112.67022000000006,-7.544929999999992],[112.67015999999998,-7.545109999999964],[112.67013000000007,-7.545209999999978],[112.66998000000001,-7.545299999999964],[112.66993000000005,-7.545429999999973],[112.66987999999999,-7.5455799999999495],[112.6698200000001,-7.545729999999926],[112.66957000000002,-7.546069999999903],[112.66879000000004,-7.54759999999993],[112.66812000000003,-7.548879999999967],[112.66807000000007,-7.548979999999981],[112.66768000000005,-7.548929999999929],[112.66711000000014,-7.548779999999953],[112.66691000000002,-7.548800000000009],[112.66677000000007,-7.549129999999957],[112.66591000000005,-7.551219999999956],[112.66573000000008,-7.551759999999961],[112.66560000000007,-7.552069999999942],[112.66524999999999,-7.551969999999928],[112.66481000000007,-7.552380000000012],[112.66458000000014,-7.552509999999932],[112.66439000000005,-7.552569999999923],[112.66403000000003,-7.553219999999969],[112.66386000000008,-7.553550000000007],[112.66368000000011,-7.553859999999899],[112.66345,-7.5542199999999315],[112.66328000000014,-7.554559999999997],[112.66308000000002,-7.554869999999978],[112.66289000000002,-7.555229999999922],[112.66264000000004,-7.55561999999995],[112.66242000000013,-7.555999999999949],[112.66239000000004,-7.556050000000001],[112.66221086700014,-7.556358505999947],[112.66254417200001,-7.556604204999937],[112.6632460840001,-7.556977103999971],[112.66385645300005,-7.557296591000027],[112.66448205400003,-7.557562180999975],[112.66522212300008,-7.557827795000014],[112.66575615600011,-7.558022344999946],[112.66636650000017,-7.558091473999982],[112.66697686900014,-7.558196389999958],[112.66757195600007,-7.558265519999994],[112.66834251500015,-7.558316079000003],[112.66909784000012,-7.558367097999961],[112.67004387200015,-7.558434800999967],[112.67079919700011,-7.558521605999955],[112.67142479900009,-7.558483426999993],[112.67196647299997,-7.558409533000008],[112.67243188400002,-7.55813963899997],[112.67303458700015,-7.557511643999968],[112.67371360200002,-7.556883671999968],[112.67421714500003,-7.556416833999977],[112.6747664590001,-7.5558784730000195],[112.67476815000015,-7.5558760359999955],[112.67533867200001,-7.555054017000016],[112.67558533468691,-7.554732119999672],[112.67550610400009,-7.554580813999943],[112.67616026400005,-7.553479925999982],[112.67624952500015,-7.5532988710000115],[112.67658211600005,-7.552743975999929],[112.67612699300004,-7.552330508999914],[112.67600109800001,-7.552234171999936],[112.67578490600008,-7.55216611599999],[112.67535978500007,-7.552092532999941],[112.67515121400004,-7.55212162799995],[112.67475448100008,-7.552124234999988],[112.67441307200008,-7.5520778119999665],[112.67414142599998,-7.552044952999912],[112.673932418,-7.552018542999948],[112.67361047700001,-7.551749927999927],[112.67370621700003,-7.551485497999986],[112.67370507400003,-7.551305060999978],[112.67370432200005,-7.551187089999898],[112.67378608999998,-7.550922803999969],[112.67384810300005,-7.550825294999983],[112.6738756080001,-7.550769591999904],[112.67405375500002,-7.550367887999885],[112.67431015200009,-7.550185740999913],[112.67446980000015,-7.550122299999904],[112.67460914700004,-7.550142196999952],[112.67479041500003,-7.550182634999922],[112.67492929800007,-7.55014015599996],[112.67516456599999,-7.5499234649999725],[112.67528236799997,-7.549839391999944],[112.67624201100014,-7.549701283999974],[112.67809873600002,-7.549439314999971],[112.67839080800003,-7.5494027559999655],[112.678717772,-7.549365971999942],[112.67923766000003,-7.549312083999924],[112.68054948100003,-7.548741398999956],[112.68083327700006,-7.548496585999951],[112.6809786350001,-7.548370729999929],[112.68120023800006,-7.54819576499993],[112.68144268500014,-7.548020719999924],[112.6817343380001,-7.54791464099994],[112.68195651300002,-7.547829983999952],[112.68206739200004,-7.5477528969999685],[112.68272571999998,-7.547311374999941],[112.68313465200006,-7.5470449250000105],[112.68332198300001,-7.5469534409999905],[112.6839594600001,-7.546646513999997],[112.6843686000001,-7.547476717999944],[112.68423680300012,-7.547553975999941],[112.68418842700012,-7.547602888999991],[112.68416105200008,-7.547672421999971],[112.68419652200008,-7.547783297999997],[112.68426685700004,-7.547886897999954],[112.68444177600011,-7.548024627999981],[112.68459556500014,-7.5481277249999845],[112.68486775500001,-7.548243924999918],[112.68526692300009,-7.548350324999928],[112.68562219700009,-7.548389724999902],[112.68555251490027,-7.548847846439264],[112.6856459990001,-7.548874696999972],[112.68632501400006,-7.548928085999949],[112.68705741700009,-7.5490101269999865],[112.68776694700009,-7.549120265999951],[112.6886977450001,-7.549172735000029],[112.68925956500013,-7.549142825999953],[112.68926231700009,-7.549142680000029],[112.68975909578612,-7.548948983280388],[112.68962067900007,-7.54845256899995],[112.6897938010001,-7.548319552999958],[112.68980030300011,-7.548243138999942],[112.6897508600001,-7.548132408999928],[112.68967409600006,-7.54810513299998],[112.68987378100006,-7.547770691999931],[112.69001315400013,-7.547797543999932],[112.69015221700009,-7.547782812999957],[112.6902424570001,-7.547740517999921],[112.69032546600013,-7.547663627999954],[112.69042192500002,-7.5475102959999685],[112.690504333,-7.547336317999962],[112.69056623900006,-7.547231756000015],[112.6906074020001,-7.547134324999947],[112.69099313400012,-7.546282884999931],[112.69167878300001,-7.546242262999945],[112.69186738000008,-7.546184165999934],[112.69176000000007,-7.546149999999949],[112.69122000000007,-7.545999999999973],[112.6907900000001,-7.545849999999996],[112.69058000000005,-7.545799999999945],[112.69032000000003,-7.545729999999926],[112.68969000000004,-7.545549999999954],[112.68928000000004,-7.545429999999973],[112.68825,-7.545299999999964],[112.68789000000005,-7.545249999999912],[112.68743000000009,-7.545229999999945],[112.68660000000008,-7.545329999999959],[112.68592000000004,-7.545419999999945],[112.68557000000013,-7.545489999999964],[112.68530000000007,-7.545489999999964],[112.68342000000004,-7.544899999999908],[112.68317000000005,-7.544829999999978],[112.68268,-7.544859999999973],[112.68244000000004,-7.544919999999964],[112.6809700000001,-7.544959999999987],[112.68047000000003,-7.544859999999973],[112.68013000000005,-7.5447799999999265],[112.67969000000006,-7.544749999999931],[112.67942000000002,-7.544739999999903],[112.67917000000011,-7.544759999999959],[112.67884000000008,-7.54481999999995]]]},"properties":{"KDPPUM":"","NAMOBJ":"Kebonagung","REMARK":"","KDPBPS":"","FCODE":"BA03060060","LUASWH":0,"UUPP":"","SRS_ID":"SRGI 2013","LCODE":"","METADATA":"","KDEBPS":"","KDEPUM":"","KDCBPS":"","KDCPUM":"","KDBBPS":"","KDBPUM":"","WADMKD":"Kebonagung","WIADKD":"","WADMKC":"Porong","WIADKC":"","WADMKK":"Sidoarjo","WIADKK":"","WADMPR":"Jawa Timur","WIADPR":"","TIPADM":0,"SHAPE_Leng":0.097597407,"SHAPE_Area":0.00021126664}},
{"type":"Feature","geometry":{"type":"Polygon","coordinates":[[[112.67910000000009,-7.517779999999972],[112.67838000000003,-7.5175700000000045],[112.6782800000001,-7.517419999999939],[112.67820000000006,-7.517209999999972],[112.6781500000001,-7.516839999999911],[112.6781500000001,-7.516689999999935],[112.6781500000001,-7.516569999999954],[112.67816000000003,-7.516389999999982],[112.67811000000007,-7.516179999999926],[112.67809000000011,-7.516109999999996],[112.67806000000012,-7.516009999999982],[112.67804000000005,-7.515949999999991],[112.67802000000009,-7.515879999999973],[112.67801000000006,-7.515739999999935],[112.67800000000013,-7.515649999999949],[112.67800000000013,-7.515579999999931],[112.67799000000001,-7.515459999999949],[112.67800000000013,-7.515299999999945],[112.67801000000006,-7.515129999999912],[112.67794999999998,-7.515089999999889],[112.67780000000009,-7.515039999999926],[112.67772000000005,-7.515009999999931],[112.67762000000003,-7.514980000000024],[112.67748000000009,-7.514940000000001],[112.67732,-7.51488999999995],[112.6772000000001,-7.514849999999926],[112.67699000000005,-7.51475999999994],[112.67686000000003,-7.51469999999995],[112.67672000000009,-7.514629999999931],[112.67668000000006,-7.514549999999973],[112.67670000000011,-7.514419999999964],[112.67674000000014,-7.514109999999983],[112.67676000000002,-7.513919999999894],[112.67680000000004,-7.513629999999969],[112.67683000000012,-7.513489999999932],[112.67690000000006,-7.513199999999918],[112.67694000000007,-7.513019999999946],[112.67696000000005,-7.512949999999927],[112.67685000000009,-7.512689999999997],[112.6764700000001,-7.511819999999956],[112.67640000000007,-7.511669999999979],[112.67623000000005,-7.511379999999965],[112.67600000000002,-7.510959999999942],[112.67594000000011,-7.510869999999956],[112.67587,-7.510839999999961],[112.67550000000004,-7.5106999999999235],[112.67538000000006,-7.5106999999999235],[112.67530000000009,-7.510679999999956],[112.67523000000008,-7.510639999999933],[112.67498,-7.510639999999933],[112.67484000000005,-7.510619999999966],[112.67446000000005,-7.510499999999984],[112.67429000000001,-7.51039999999997],[112.67409000000008,-7.510079999999961],[112.67401000000004,-7.509949999999952],[112.67383000000007,-7.509829999999971],[112.67287000000012,-7.509849999999938],[112.67249999999997,-7.509810000000003],[112.67243000000005,-7.509810000000003],[112.67175000000009,-7.509879999999933],[112.67164000000005,-7.509849999999938],[112.67141000000002,-7.50957999999998],[112.67104000000005,-7.509039999999976],[112.67078000000004,-7.5087099999999385],[112.67065000000002,-7.508589999999957],[112.67040000000013,-7.508799999999924],[112.66987000000006,-7.509259999999971],[112.66947000000009,-7.509659999999938],[112.66930000000006,-7.509899999999989],[112.66916000000002,-7.5104699999999],[112.66900000000011,-7.510609999999938],[112.66872000000004,-7.510839999999961],[112.66844000000005,-7.511229999999989],[112.66779000000008,-7.512129999999937],[112.66721000000005,-7.513039999999913],[112.6668800000001,-7.513529999999955],[112.66664000000006,-7.513819999999969],[112.66645000000005,-7.513999999999941],[112.66637000000001,-7.51412999999995],[112.66613000000005,-7.5143799999999406],[112.66595000000008,-7.514599999999936],[112.66577000000011,-7.514809999999992],[112.66561000000002,-7.51494999999994],[112.66542000000001,-7.515100000000006],[112.66514000000002,-7.515179999999964],[112.66470999999997,-7.5151699999999355],[112.66422000000011,-7.515119999999973],[112.66385000000005,-7.515039999999926],[112.66358000000001,-7.514909999999917],[112.66328000000014,-7.514789999999936],[112.66294000000008,-7.514659999999926],[112.66284000000006,-7.514629999999931],[112.66258999999998,-7.514560000000001],[112.66229000000011,-7.514549999999973],[112.66190000000009,-7.5145699999999405],[112.66175000000011,-7.514829999999959],[112.66131000000003,-7.515649999999949],[112.6612,-7.515860000000005],[112.66099000000011,-7.516249999999944],[112.66096000000003,-7.516309999999935],[112.6623800000001,-7.517409999999911],[112.66255000000005,-7.517499999999897],[112.66263000000001,-7.51753999999992],[112.66282000000001,-7.5175700000000045],[112.6630100000001,-7.5176],[112.66340000000004,-7.517619999999967],[112.66340000000004,-7.517719999999981],[112.66340000000004,-7.517789999999911],[112.66396000000009,-7.517829999999934],[112.66565000000004,-7.51785999999993],[112.66582000000007,-7.51784999999999],[112.6658000000001,-7.517789999999911],[112.66574000000003,-7.517689999999986],[112.66561000000002,-7.51753999999992],[112.66545000000009,-7.517350000000009],[112.66542000000001,-7.517239999999967],[112.66547000000007,-7.517159999999921],[112.66578999999999,-7.516889999999963],[112.66643000000009,-7.516489999999996],[112.66664000000006,-7.5162700000000005],[112.66690000000008,-7.516229999999977],[112.66769000000008,-7.516819999999944],[112.66849,-7.517149999999981],[112.66944000000001,-7.5176],[112.66998000000001,-7.517909999999981],[112.67074000000001,-7.518709999999915],[112.67155000000007,-7.519409999999924],[112.67157000000012,-7.5196499999999755],[112.67156000000008,-7.519730000000022],[112.67158000000006,-7.519799999999952],[112.67175000000009,-7.519799999999952],[112.67195000000002,-7.519779999999985],[112.67217000000002,-7.519759999999929],[112.67260000000007,-7.519820000000008],[112.67373000000013,-7.520049999999943],[112.67416000000001,-7.520159999999985],[112.67476000000009,-7.520309999999961],[112.67572000000003,-7.520520000000017],[112.67582999999999,-7.5204399999999705],[112.67635000000011,-7.520230000000003],[112.67665000000015,-7.52018999999998],[112.67675000000008,-7.520169999999924],[112.67726000000009,-7.520059999999971],[112.67762000000003,-7.519969999999985],[112.67802000000009,-7.519769999999957],[112.67835000000004,-7.519479999999943],[112.67879000000002,-7.519029999999924],[112.67902000000005,-7.518769999999995],[112.6792300000001,-7.5183599999999995],[112.67929000000001,-7.517939999999976],[112.67921000000005,-7.517829999999934],[112.67910000000009,-7.517779999999972]]]},"properties":{"KDPPUM":"","NAMOBJ":"Kedungboto","REMARK":"","KDPBPS":"","FCODE":"BA03060060","LUASWH":0,"UUPP":"","SRS_ID":"SRGI 2013","LCODE":"","METADATA":"","KDEBPS":"","KDEPUM":"","KDCBPS":"","KDCPUM":"","KDBBPS":"","KDBPUM":"","WADMKD":"Kedungboto","WIADKD":"","WADMKC":"Porong","WIADKC":"","WADMKK":"Sidoarjo","WIADKK":"","WADMPR":"Jawa Timur","WIADPR":"","TIPADM":0,"SHAPE_Leng":0.05239119894,"SHAPE_Area":0.0001069869}},
{"type":"Feature","geometry":{"type":"Polygon","coordinates":[[[112.67375000000001,-7.5369299999999395],[112.67325000000004,-7.536749999999968],[112.67279000000008,-7.536569999999907],[112.67230000000004,-7.5363500000000005],[112.67135000000003,-7.537720000000023],[112.67121000000009,-7.53793999999993],[112.6711200000001,-7.538069999999939],[112.67102000000008,-7.538179999999981],[112.67069999999998,-7.538799999999943],[112.67067000000009,-7.538890000000018],[112.67051000000008,-7.539140000000009],[112.67030000000011,-7.539449999999901],[112.67004000000009,-7.539839999999929],[112.6698200000001,-7.540199999999961],[112.66957000000002,-7.540569999999933],[112.66939000000005,-7.540829999999952],[112.66923000000013,-7.54102999999998],[112.66911999999999,-7.541149999999961],[112.66905000000007,-7.541209999999952],[112.66901000000004,-7.541260000000003],[112.66895000000014,-7.5412999999999375],[112.66891000000012,-7.541369999999956],[112.66859000000011,-7.541939999999956],[112.66807000000007,-7.542779999999913],[112.66797000000005,-7.542849999999932],[112.6678900000001,-7.542999999999909],[112.66783000000011,-7.543109999999951],[112.66777000000003,-7.543249999999988],[112.66761000000011,-7.543609999999932],[112.66749000000004,-7.543879999999978],[112.66796000000012,-7.543829999999927],[112.66815000000013,-7.543729999999913],[112.66900000000011,-7.543299999999951],[112.66933000000006,-7.543309999999979],[112.6696000000001,-7.543399999999965],[112.67010000000008,-7.54367999999995],[112.6703900000001,-7.543920000000002],[112.6705800000001,-7.544119999999941],[112.67125000000011,-7.544829999999978],[112.67153000000009,-7.545149999999987],[112.67175000000009,-7.545339999999987],[112.67180000000005,-7.54538999999995],[112.67208000000004,-7.545529999999898],[112.67303999999997,-7.545989999999945],[112.67334000000002,-7.546010000000001],[112.67379000000004,-7.545949999999921],[112.67448000000002,-7.545799999999945],[112.6751700000001,-7.545499999999992],[112.67555000000009,-7.545279999999908],[112.67616000000011,-7.544949999999959],[112.67628,-7.544889999999969],[112.67704,-7.5447799999999265],[112.67761000000009,-7.544799999999983],[112.67809000000011,-7.544909999999936],[112.67837000000009,-7.544929999999992],[112.6784700000001,-7.544919999999964],[112.67866000000002,-7.544889999999969],[112.67884000000008,-7.54481999999995],[112.6790400000001,-7.544609999999983],[112.67924999999998,-7.544469999999945],[112.67965999999998,-7.544139999999997],[112.68006000000004,-7.5435999999999925],[112.68024000000001,-7.5433899999999365],[112.68047000000003,-7.542929999999979],[112.68055000000008,-7.5427999999999695],[112.68070000000014,-7.542529999999923],[112.68099000000007,-7.541879999999965],[112.68123000000003,-7.541419999999919],[112.68147000000008,-7.5407799999999],[112.68155000000004,-7.540559999999994],[112.68161000000012,-7.540359999999966],[112.68167000000003,-7.540139999999971],[112.68149999999999,-7.540079999999891],[112.68136999999997,-7.540039999999957],[112.68121000000006,-7.539979999999966],[112.68090000000008,-7.540039999999957],[112.6808100000001,-7.540039999999957],[112.68066000000012,-7.5400199999999895],[112.68042000000007,-7.539979999999966],[112.68015000000003,-7.539949999999971],[112.6800500000001,-7.539930000000004],[112.6799900000001,-7.5399099999999475],[112.6796400000001,-7.539769999999999],[112.67929000000001,-7.539629999999962],[112.6792300000001,-7.5396099999999056],[112.67920000000002,-7.539529999999948],[112.67918000000006,-7.539399999999938],[112.67917000000011,-7.53932999999992],[112.67915000000006,-7.539249999999962],[112.67911999999997,-7.53919999999991],[112.67905000000005,-7.539129999999981],[112.67884000000008,-7.538929999999953],[112.67897000000009,-7.538809999999971],[112.67914000000012,-7.538659999999906],[112.67922000000007,-7.5385299999999855],[112.6792600000001,-7.538449999999939],[112.67931000000006,-7.538359999999953],[112.67927000000013,-7.538199999999948],[112.67917000000011,-7.537789999999953],[112.67915000000006,-7.53768],[112.67909000000007,-7.537279999999944],[112.67906000000008,-7.53698999999993],[112.67848999999998,-7.536979999999991],[112.67794000000004,-7.536979999999991],[112.67746000000011,-7.536969999999963],[112.67677999999998,-7.53698999999993],[112.67582999999999,-7.53705000000001],[112.67519999999999,-7.537079999999916],[112.67456000000007,-7.537119999999939],[112.67375000000001,-7.5369299999999395]]]},"properties":{"KDPPUM":"","NAMOBJ":"Kedungsolo","REMARK":"","KDPBPS":"","FCODE":"BA03060060","LUASWH":0,"UUPP":"","SRS_ID":"SRGI 2013","LCODE":"","METADATA":"","KDEBPS":"","KDEPUM":"","KDCBPS":"","KDCPUM":"","KDBBPS":"","KDBPUM":"","WADMKD":"Kedungsolo","WIADKD":"","WADMKC":"Porong","WIADKC":"","WADMKK":"Sidoarjo","WIADKK":"","WADMPR":"Jawa Timur","WIADPR":"","TIPADM":0,"SHAPE_Leng":0.03965780414,"SHAPE_Area":0.00008434405}},
{"type":"Feature","geometry":{"type":"Polygon","coordinates":[[[112.69995000000003,-7.526939999999991],[112.69963000000011,-7.526879999999911],[112.69942000000006,-7.526850000000005],[112.69926000000005,-7.526819999999921],[112.6989900000001,-7.526779999999986],[112.69878000000004,-7.526739999999963],[112.69863000000007,-7.526719999999996],[112.69856000000004,-7.526709999999968],[112.69828000000005,-7.526679999999972],[112.69819000000007,-7.526669999999944],[112.69789000000003,-7.526629999999921],[112.69776000000002,-7.526619999999982],[112.6976900000001,-7.526609999999954],[112.69755000000005,-7.526629999999921],[112.6974100000001,-7.526649999999977],[112.69721000000008,-7.526679999999972],[112.69707000000004,-7.5266999999999395],[112.69696000000009,-7.526709999999968],[112.69681000000003,-7.526729999999935],[112.69660000000015,-7.5275899999999485],[112.69638000000006,-7.527520000000019],[112.69628000000013,-7.5274899999999345],[112.69618000000003,-7.527449999999911],[112.69605000000003,-7.527409999999977],[112.69595000000001,-7.527369999999953],[112.69585000000008,-7.527339999999958],[112.69577000000004,-7.527309999999963],[112.69571000000005,-7.527279999999967],[112.69561000000012,-7.52726],[112.69551000000001,-7.527219999999977],[112.69541000000001,-7.527179999999953],[112.69533000000004,-7.527159999999986],[112.69521000000006,-7.527119999999963],[112.69511000000014,-7.527079999999939],[112.69500000000001,-7.527039999999916],[112.69491000000002,-7.526999999999893],[112.69479000000004,-7.526959999999958],[112.6946200000001,-7.5268899999999395],[112.69447000000004,-7.526829999999949],[112.69433,-7.526779999999986],[112.69424000000001,-7.526739999999963],[112.69411,-7.52669],[112.69401000000008,-7.526659999999916],[112.69388000000006,-7.526619999999982],[112.69375000000005,-7.526579999999958],[112.69359000000006,-7.526529999999996],[112.69330000000004,-7.526429999999982],[112.69328000000007,-7.526529999999996],[112.69306000000007,-7.527299999999935],[112.69294000000001,-7.527799999999916],[112.69289999999998,-7.5280799999999015],[112.69246000000008,-7.529309999999976],[112.69242000000006,-7.529419999999929],[112.6924,-7.529629999999985],[112.6923700000001,-7.529859999999919],[112.69231000000002,-7.530129999999966],[112.69221000000009,-7.530560000000017],[112.69202000000008,-7.531229999999942],[112.69181000000003,-7.5319599999999465],[112.69162000000003,-7.53262999999996],[112.69140999999998,-7.5333599999999645],[112.69122000000007,-7.5339499999999315],[112.6910700000001,-7.534549999999927],[112.69099000000004,-7.534889999999992],[112.69094000000008,-7.535089999999931],[112.69093000000005,-7.535169999999978],[112.69086000000003,-7.535459999999903],[112.69083000000003,-7.53572000000001],[112.69106000000015,-7.53578999999994],[112.69153000000004,-7.535849999999931],[112.69223000000015,-7.535959999999973],[112.69263000000002,-7.535999999999907],[112.69322000000008,-7.5361399999999445],[112.69369000000006,-7.536269999999954],[112.69414000000009,-7.536309999999977],[112.6942100000001,-7.536309999999977],[112.69435000000014,-7.536269999999954],[112.6953800000001,-7.535999999999907],[112.69552000000013,-7.535959999999973],[112.69613000000007,-7.5361199999998885],[112.6968700000001,-7.536319999999916],[112.69699,-7.536309999999977],[112.69705000000008,-7.536309999999977],[112.69705000000008,-7.536379999999996],[112.69684000000011,-7.5370199999999254],[112.69668000000001,-7.537459999999916],[112.69660000000015,-7.538259999999939],[112.6964300000001,-7.538919999999925],[112.69642000000009,-7.539009999999999],[112.69675000000004,-7.539059999999962],[112.69708000000007,-7.539140000000009],[112.69743000000007,-7.5392099999999385],[112.69777000000013,-7.539279999999957],[112.69811000000003,-7.539349999999976],[112.69855000000011,-7.539439999999962],[112.69882000000007,-7.539499999999952],[112.69900000000004,-7.539539999999976],[112.69915000000002,-7.539569999999971],[112.69922000000012,-7.53957999999991],[112.6994000000001,-7.539619999999934],[112.69962000000008,-7.539669999999985],[112.69984000000008,-7.539629999999962],[112.6999400000001,-7.539309999999952],[112.70035000000009,-7.5378199999999485],[112.70050000000006,-7.537919999999962],[112.70063000000007,-7.537970000000014],[112.70074000000012,-7.538019999999976],[112.70088000000007,-7.538079999999967],[112.7010200000001,-7.538149999999986],[112.7012400000001,-7.538239999999972],[112.70145000000007,-7.538329999999958],[112.70166000000003,-7.5384199999999435],[112.7017800000001,-7.538459999999967],[112.70188000000012,-7.538510000000018],[112.70201000000013,-7.53856999999992],[112.70221000000006,-7.538649999999967],[112.70232000000011,-7.538699999999929],[112.7024100000001,-7.538739999999953],[112.70245000000011,-7.53856999999992],[112.70248000000002,-7.538449999999939],[112.70252000000005,-7.538289999999934],[112.70256000000008,-7.538119999999902],[112.70261000000004,-7.53793999999993],[112.70265000000006,-7.537789999999953],[112.70268000000014,-7.537649999999916],[112.70271000000005,-7.537529999999935],[112.70275000000007,-7.53736999999993],[112.70276000000001,-7.537279999999944],[112.70276000000001,-7.536959999999935],[112.70276000000001,-7.536769999999935],[112.70276000000001,-7.536599999999991],[112.7027300000001,-7.536389999999935],[112.70268000000014,-7.536039999999931],[112.70269000000008,-7.5356499999999915],[112.70270000000002,-7.535499999999926],[112.70271000000005,-7.535289999999959],[112.70272000000007,-7.535099999999959],[112.70272000000007,-7.534879999999964],[112.7027300000001,-7.534770000000011],[112.7027300000001,-7.534689999999964],[112.70274000000005,-7.534509999999992],[112.70274000000005,-7.534439999999973],[112.70261000000004,-7.534279999999969],[112.70245000000011,-7.533989999999955],[112.70242000000003,-7.533939999999992],[112.7021900000001,-7.53357999999996],[112.70180000000008,-7.533179999999993],[112.70151000000006,-7.532939999999941],[112.70128000000012,-7.532609999999993],[112.70117000000008,-7.532430000000021],[112.70114,-7.532319999999979],[112.70112000000003,-7.532159999999974],[112.70112000000003,-7.532029999999965],[112.70112000000003,-7.531929999999951],[112.70113000000006,-7.531799999999942],[112.7012100000001,-7.53161999999997],[112.70125000000004,-7.531439999999998],[112.70134000000012,-7.531329999999956],[112.70154000000005,-7.530999999999919],[112.70150000000002,-7.530829999999975],[112.70141000000004,-7.53048999999991],[112.70142000000007,-7.530289999999971],[112.70142000000007,-7.530180000000017],[112.70151000000006,-7.529899999999943],[112.70160000000013,-7.529589999999962],[112.70170000000006,-7.529249999999896],[112.70181000000001,-7.5288799999999245],[112.70187000000008,-7.528709999999892],[112.70215000000007,-7.52789999999993],[112.70222000000001,-7.527629999999972],[112.70224000000006,-7.5274999999999626],[112.70226000000002,-7.527419999999916],[112.70228000000009,-7.527319999999991],[112.70232000000011,-7.527179999999953],[112.70234000000008,-7.527019999999949],[112.70224000000006,-7.526999999999893],[112.70211000000005,-7.526980000000014],[112.7019,-7.526959999999958],[112.70169000000011,-7.526939999999991],[112.70158000000008,-7.526929999999963],[112.70150000000002,-7.526929999999963],[112.70142000000007,-7.526939999999991],[112.70133000000008,-7.526939999999991],[112.70115000000011,-7.52694999999993],[112.70098000000009,-7.526959999999958],[112.70087000000004,-7.526969999999986],[112.70080000000011,-7.526969999999986],[112.70064000000002,-7.526980000000014],[112.70040000000006,-7.526969999999986],[112.70014000000003,-7.526959999999958],[112.70006,-7.52694999999993],[112.69995000000003,-7.526939999999991]]]},"properties":{"KDPPUM":"","NAMOBJ":"Kel. Gedang","REMARK":"","KDPBPS":"","FCODE":"BA03060060","LUASWH":0,"UUPP":"","SRS_ID":"SRGI 2013","LCODE":"","METADATA":"","KDEBPS":"","KDEPUM":"","KDCBPS":"","KDCPUM":"","KDBBPS":"","KDBPUM":"","WADMKD":"Kel. Gedang","WIADKD":"","WADMKC":"Porong","WIADKC":"","WADMKK":"Sidoarjo","WIADKK":"","WADMPR":"Jawa Timur","WIADPR":"","TIPADM":0,"SHAPE_Leng":0.04898451746,"SHAPE_Area":0.00010861655}},
{"type":"Feature","geometry":{"type":"Polygon","coordinates":[[[112.71057000000006,-7.52921999999999],[112.71017000000009,-7.5290899999999805],[112.70975000000007,-7.528940000000004],[112.70819000000004,-7.528369999999915],[112.70779000000009,-7.528239999999906],[112.7077300000001,-7.528229999999967],[112.70721999999999,-7.52808999999993],[112.70694,-7.527989999999916],[112.70674000000007,-7.527919999999897],[112.70617000000007,-7.527819999999972],[112.7054800000001,-7.52770999999993],[112.70522000000007,-7.527669999999906],[112.70429000000004,-7.527619999999944],[112.70366000000004,-7.52764],[112.70341000000006,-7.527629999999972],[112.70329000000008,-7.52764],[112.70321000000003,-7.527659999999967],[112.70298000000001,-7.5276999999999905],[112.70261000000004,-7.527729999999986],[112.70236000000013,-7.527779999999948],[112.70215000000007,-7.52789999999993],[112.70187000000008,-7.528709999999892],[112.70181000000001,-7.5288799999999245],[112.70170000000006,-7.529249999999896],[112.70160000000013,-7.529589999999962],[112.70151000000006,-7.529899999999943],[112.70142000000007,-7.530180000000017],[112.70142000000007,-7.530289999999971],[112.70141000000004,-7.53048999999991],[112.70150000000002,-7.530829999999975],[112.70154000000005,-7.530999999999919],[112.70134000000012,-7.531329999999956],[112.70125000000004,-7.531439999999998],[112.7012100000001,-7.53161999999997],[112.70113000000006,-7.531799999999942],[112.70112000000003,-7.531929999999951],[112.70112000000003,-7.532029999999965],[112.70112000000003,-7.532159999999974],[112.70114,-7.532319999999979],[112.70117000000008,-7.532430000000021],[112.70128000000012,-7.532609999999993],[112.70151000000006,-7.532939999999941],[112.70180000000008,-7.533179999999993],[112.7021900000001,-7.53357999999996],[112.70242000000003,-7.533939999999992],[112.70245000000011,-7.533989999999955],[112.70261000000004,-7.534279999999969],[112.70274000000005,-7.534439999999973],[112.70284000000005,-7.534479999999997],[112.70310000000008,-7.534549999999927],[112.70332000000008,-7.534629999999973],[112.70367000000007,-7.534729999999987],[112.7039600000001,-7.534829999999912],[112.70429000000004,-7.534930000000015],[112.70448000000013,-7.534979999999978],[112.70490000000007,-7.53502999999994],[112.70497000000007,-7.535020000000001],[112.70702999999999,-7.535859999999959],[112.70755000000013,-7.536089999999982],[112.70834000000002,-7.536399999999963],[112.70871000000008,-7.536559999999968],[112.70916000000011,-7.536769999999935],[112.70961000000013,-7.536999999999958],[112.70997000000015,-7.537159999999963],[112.7105200000001,-7.537409999999953],[112.71099,-7.537599999999953],[112.71158000000005,-7.537889999999967],[112.71206000000006,-7.538099999999934],[112.71221000000004,-7.538149999999986],[112.7125800000001,-7.537829999999888],[112.71288000000006,-7.537509999999967],[112.71327000000008,-7.537149999999935],[112.71358000000006,-7.536839999999954],[112.71388000000002,-7.536589999999963],[112.71405999999999,-7.536409999999902],[112.71414999999998,-7.536319999999916],[112.71436000000003,-7.536449999999926],[112.71465000000005,-7.536629999999986],[112.71524000000011,-7.537039999999893],[112.71576999999999,-7.536489999999949],[112.71603,-7.536219999999991],[112.71628000000008,-7.535859999999959],[112.71639999999998,-7.535579999999884],[112.7163800000001,-7.535310000000015],[112.71636000000005,-7.5350499999999965],[112.71639999999998,-7.534829999999912],[112.71620000000004,-7.534829999999912],[112.71588000000013,-7.5347499999999545],[112.71563999999998,-7.534599999999978],[112.71524000000011,-7.534379999999983],[112.71378,-7.533789999999927],[112.71362000000009,-7.533729999999936],[112.71326000000015,-7.533609999999955],[112.71289,-7.533489999999974],[112.71247000000007,-7.53338999999996],[112.7120100000001,-7.533239999999983],[112.71169000000009,-7.533499999999913],[112.71173000000012,-7.53338999999996],[112.71183000000005,-7.53319999999996],[112.7120100000001,-7.53281999999996],[112.71219000000008,-7.532169999999914],[112.71256999999999,-7.5305699999999565],[112.71274000000003,-7.530009999999985],[112.71219000000008,-7.529839999999952],[112.71171000000007,-7.529689999999976],[112.71136000000006,-7.5295799999999335],[112.71059000000002,-7.529319999999915],[112.71057000000006,-7.52921999999999]]]},"properties":{"KDPPUM":"","NAMOBJ":"Kel. Jatirejo","REMARK":"","KDPBPS":"","FCODE":"BA03060060","LUASWH":0,"UUPP":"","SRS_ID":"SRGI 2013","LCODE":"","METADATA":"","KDEBPS":"","KDEPUM":"","KDCBPS":"","KDCPUM":"","KDBBPS":"","KDBPUM":"","WADMKD":"Kel. Jatirejo","WIADKD":"","WADMKC":"Porong","WIADKC":"","WADMKK":"Sidoarjo","WIADKK":"","WADMPR":"Jawa Timur","WIADPR":"","TIPADM":0,"SHAPE_Leng":0.04400000175,"SHAPE_Area":0.0000926455}},
{"type":"Feature","geometry":{"type":"Polygon","coordinates":[[[112.69984000000008,-7.539629999999962],[112.69962000000008,-7.539669999999985],[112.6994000000001,-7.539619999999934],[112.69922000000012,-7.53957999999991],[112.69915000000002,-7.539569999999971],[112.69900000000004,-7.539539999999976],[112.69882000000007,-7.539499999999952],[112.69855000000011,-7.539439999999962],[112.69811000000003,-7.539349999999976],[112.69777000000013,-7.539279999999957],[112.69743000000007,-7.5392099999999385],[112.69708000000007,-7.539140000000009],[112.69675000000004,-7.539059999999962],[112.69642000000009,-7.539009999999999],[112.6964300000001,-7.538919999999925],[112.69660000000015,-7.538259999999939],[112.69668000000001,-7.537459999999916],[112.69684000000011,-7.5370199999999254],[112.69705000000008,-7.536379999999996],[112.69705000000008,-7.536309999999977],[112.69699,-7.536309999999977],[112.6968700000001,-7.536319999999916],[112.69613000000007,-7.5361199999998885],[112.69552000000013,-7.535959999999973],[112.6953800000001,-7.535999999999907],[112.69435000000014,-7.536269999999954],[112.6942100000001,-7.536309999999977],[112.69414000000009,-7.536309999999977],[112.69369000000006,-7.536269999999954],[112.69322000000008,-7.5361399999999445],[112.69263000000002,-7.535999999999907],[112.69223000000015,-7.535959999999973],[112.69153000000004,-7.535849999999931],[112.69106000000015,-7.53578999999994],[112.69083000000003,-7.53572000000001],[112.69073999999996,-7.535949999999945],[112.69064999999998,-7.536249999999898],[112.69051000000003,-7.536449999999926],[112.69040000000008,-7.536559999999968],[112.69023000000004,-7.536599999999991],[112.68963000000005,-7.536640000000014],[112.68915000000004,-7.536689999999977],[112.68888000000008,-7.53673999999994],[112.68839000000004,-7.53679999999993],[112.68772000000003,-7.536859999999921],[112.68696000000011,-7.536879999999977],[112.6857500000001,-7.5369199999999115],[112.68488000000005,-7.5369199999999115],[112.68399000000014,-7.536949999999907],[112.68332000000012,-7.536949999999907],[112.68278000000011,-7.536949999999907],[112.68213000000007,-7.536959999999935],[112.68175000000006,-7.536949999999907],[112.68132000000001,-7.5369299999999395],[112.68085000000012,-7.536949999999907],[112.68031000000012,-7.536979999999991],[112.67986000000009,-7.536959999999935],[112.67959000000005,-7.536969999999963],[112.67906000000008,-7.53698999999993],[112.67909000000007,-7.537279999999944],[112.67915000000006,-7.53768],[112.67917000000011,-7.537789999999953],[112.67927000000013,-7.538199999999948],[112.67931000000006,-7.538359999999953],[112.6792600000001,-7.538449999999939],[112.67922000000007,-7.5385299999999855],[112.67914000000012,-7.538659999999906],[112.67897000000009,-7.538809999999971],[112.67884000000008,-7.538929999999953],[112.67905000000005,-7.539129999999981],[112.67911999999997,-7.53919999999991],[112.67915000000006,-7.539249999999962],[112.67917000000011,-7.53932999999992],[112.67918000000006,-7.539399999999938],[112.67920000000002,-7.539529999999948],[112.6792300000001,-7.5396099999999056],[112.67929000000001,-7.539629999999962],[112.6796400000001,-7.539769999999999],[112.6799900000001,-7.5399099999999475],[112.6800500000001,-7.539930000000004],[112.68015000000003,-7.539949999999971],[112.68042000000007,-7.539979999999966],[112.68066000000012,-7.5400199999999895],[112.6808100000001,-7.540039999999957],[112.68090000000008,-7.540039999999957],[112.68121000000006,-7.539979999999966],[112.68136999999997,-7.540039999999957],[112.68149999999999,-7.540079999999891],[112.68167000000003,-7.540139999999971],[112.68180000000002,-7.54014999999991],[112.6819200000001,-7.540169999999966],[112.6820500000001,-7.540189999999933],[112.68219000000015,-7.540199999999961],[112.68233000000009,-7.5402200000000175],[112.68244999999999,-7.540239999999896],[112.68261000000008,-7.540259999999952],[112.68269000000012,-7.54026999999998],[112.68289000000007,-7.540299999999975],[112.68311000000006,-7.540319999999943],[112.68325000000002,-7.540349999999938],[112.68357000000002,-7.540379999999933],[112.68387000000006,-7.540409999999929],[112.6842,-7.5404999999999145],[112.68430000000002,-7.5404999999999145],[112.68454000000007,-7.540519999999971],[112.68475000000004,-7.540539999999938],[112.68489000000008,-7.540569999999933],[112.68505000000009,-7.5405999999999285],[112.68516000000012,-7.540619999999896],[112.68527000000007,-7.540639999999952],[112.68541000000003,-7.540659999999919],[112.68560000000002,-7.540689999999914],[112.68566000000011,-7.540689999999914],[112.6858800000001,-7.5407099999999705],[112.68596000000007,-7.5407199999999985],[112.68602000000014,-7.540729999999938],[112.68610000000001,-7.540729999999938],[112.68630000000003,-7.540749999999905],[112.68644000000008,-7.540769999999961],[112.68652000000012,-7.5407799999999],[112.68678000000014,-7.540819999999924],[112.68690999999997,-7.540829999999952],[112.68718000000001,-7.540889999999942],[112.68741000000013,-7.540929999999966],[112.68763000000004,-7.540969999999989],[112.68796000000007,-7.54102999999998],[112.68816000000001,-7.541069999999914],[112.68826000000003,-7.541079999999942],[112.68855000000003,-7.541109999999938],[112.68890000000013,-7.541139999999933],[112.68912000000013,-7.5411599999999],[112.6892,-7.541169999999928],[112.6894900000001,-7.5411999999999235],[112.68987000000001,-7.541249999999975],[112.69008000000007,-7.541269999999942],[112.69038000000002,-7.5412999999999375],[112.69052000000015,-7.5413099999999655],[112.69088000000009,-7.541339999999961],[112.69113000000009,-7.541349999999989],[112.6913900000001,-7.541319999999905],[112.69154000000007,-7.5412999999999375],[112.69177,-7.54127999999997],[112.6919300000001,-7.541260000000003],[112.69207000000006,-7.541239999999947],[112.6923700000001,-7.541239999999947],[112.6926900000001,-7.541249999999975],[112.6929100000001,-7.541249999999975],[112.69303,-7.541260000000003],[112.69334000000006,-7.54127999999997],[112.69357,-7.5412999999999375],[112.6938600000001,-7.541319999999905],[112.69422000000013,-7.541339999999961],[112.69449000000009,-7.541359999999928],[112.69483000000007,-7.541390000000012],[112.6951300000001,-7.5413999999999515],[112.69543000000006,-7.541419999999919],[112.69561000000012,-7.541419999999919],[112.69587000000006,-7.54089999999997],[112.6958900000001,-7.5408099999999845],[112.69682000000014,-7.540949999999933],[112.69727000000016,-7.541079999999942],[112.69799000000005,-7.54127999999997],[112.69850000000005,-7.541459999999942],[112.69919000000003,-7.541739999999928],[112.69923000000006,-7.541599999999979],[112.69942999999999,-7.541010000000012],[112.69971000000007,-7.540090000000008],[112.69984000000008,-7.539629999999962]]]},"properties":{"KDPPUM":"","NAMOBJ":"Kel. Juwetkenongo","REMARK":"","KDPBPS":"","FCODE":"BA03060060","LUASWH":0,"UUPP":"","SRS_ID":"SRGI 2013","LCODE":"","METADATA":"","KDEBPS":"","KDEPUM":"","KDCBPS":"","KDCPUM":"","KDBBPS":"","KDBPUM":"","WADMKD":"Kel. Juwetkenongo","WIADKD":"","WADMKC":"Porong","WIADKC":"","WADMKK":"Sidoarjo","WIADKK":"","WADMPR":"Jawa Timur","WIADPR":"","TIPADM":0,"SHAPE_Leng":0.05084756785,"SHAPE_Area":0.0000795509}},
{"type":"Feature","geometry":{"type":"Polygon","coordinates":[[[112.70834000000002,-7.536399999999963],[112.70755000000013,-7.536089999999982],[112.70702999999999,-7.535859999999959],[112.70497000000007,-7.535020000000001],[112.70490000000007,-7.53502999999994],[112.70448000000013,-7.534979999999978],[112.70429000000004,-7.534930000000015],[112.7039600000001,-7.534829999999912],[112.70367000000007,-7.534729999999987],[112.70332000000008,-7.534629999999973],[112.70310000000008,-7.534549999999927],[112.70284000000005,-7.534479999999997],[112.70274000000005,-7.534439999999973],[112.70274000000005,-7.534509999999992],[112.7027300000001,-7.534689999999964],[112.7027300000001,-7.534770000000011],[112.70272000000007,-7.534879999999964],[112.70272000000007,-7.535099999999959],[112.70271000000005,-7.535289999999959],[112.70270000000002,-7.535499999999926],[112.70269000000008,-7.5356499999999915],[112.70268000000014,-7.536039999999931],[112.7027300000001,-7.536389999999935],[112.70276000000001,-7.536599999999991],[112.70276000000001,-7.536769999999935],[112.70276000000001,-7.536959999999935],[112.70276000000001,-7.537279999999944],[112.70275000000007,-7.53736999999993],[112.70271000000005,-7.537529999999935],[112.70268000000014,-7.537649999999916],[112.70265000000006,-7.537789999999953],[112.70261000000004,-7.53793999999993],[112.70256000000008,-7.538119999999902],[112.70252000000005,-7.538289999999934],[112.70248000000002,-7.538449999999939],[112.70245000000011,-7.53856999999992],[112.7024100000001,-7.538739999999953],[112.70232000000011,-7.538699999999929],[112.70221000000006,-7.538649999999967],[112.70201000000013,-7.53856999999992],[112.70188000000012,-7.538510000000018],[112.7017800000001,-7.538459999999967],[112.70166000000003,-7.5384199999999435],[112.70145000000007,-7.538329999999958],[112.7012400000001,-7.538239999999972],[112.7010200000001,-7.538149999999986],[112.70088000000007,-7.538079999999967],[112.70074000000012,-7.538019999999976],[112.70063000000007,-7.537970000000014],[112.70050000000006,-7.537919999999962],[112.70035000000009,-7.5378199999999485],[112.6999400000001,-7.539309999999952],[112.69984000000008,-7.539629999999962],[112.69971000000007,-7.540090000000008],[112.69942999999999,-7.541010000000012],[112.69923000000006,-7.541599999999979],[112.69919000000003,-7.541739999999928],[112.70000000000009,-7.542049999999998],[112.70024000000005,-7.5421099999999885],[112.70011000000012,-7.542809999999998],[112.70002000000014,-7.5434999999999786],[112.69996000000006,-7.543849999999983],[112.69992000000003,-7.54399999999996],[112.69990000000007,-7.544159999999964],[112.69988000000002,-7.544349999999964],[112.69986000000004,-7.54462999999995],[112.69985000000011,-7.544889999999969],[112.69984000000008,-7.545169999999954],[112.69979000000004,-7.545419999999945],[112.69964999999999,-7.545609999999945],[112.69964823000011,-7.545612401999966],[112.69965354700011,-7.545612173999947],[112.7005004180001,-7.545628399000046],[112.70173638800014,-7.545486294000012],[112.70264426300002,-7.545325596000039],[112.70308784841633,-7.545253555977203],[112.70350984500006,-7.545158606999989],[112.70361546600009,-7.54514430899996],[112.7037100000001,-7.544699999999969],[112.70373000000006,-7.544639999999978],[112.70386000000008,-7.544269999999917],[112.70394000000012,-7.544119999999941],[112.70415,-7.5435899999999645],[112.70419000000003,-7.543510000000007],[112.70451000000003,-7.542709999999984],[112.70477000000005,-7.542069999999965],[112.70516000000008,-7.541419999999919],[112.70546000000003,-7.541039999999919],[112.70566000000007,-7.540689999999914],[112.70581999999997,-7.540479999999947],[112.70608000000009,-7.540129999999943],[112.70733000000004,-7.538249999999911],[112.70763000000008,-7.537669999999972],[112.70811,-7.536759999999996],[112.70823000000007,-7.536539999999912],[112.70834000000002,-7.536399999999963]]]},"properties":{"KDPPUM":"","NAMOBJ":"Kel. Mindi","REMARK":"","KDPBPS":"","FCODE":"BA03060060","LUASWH":0,"UUPP":"","SRS_ID":"SRGI 2013","LCODE":"","METADATA":"","KDEBPS":"","KDEPUM":"","KDCBPS":"","KDCPUM":"","KDBBPS":"","KDBPUM":"","WADMKD":"Kel. Mindi","WIADKD":"","WADMKC":"Porong","WIADKC":"","WADMKK":"Sidoarjo","WIADKK":"","WADMPR":"Jawa Timur","WIADPR":"","TIPADM":0,"SHAPE_Leng":0.0355874449,"SHAPE_Area":0.00005374717}},
{"type":"Feature","geometry":{"type":"Polygon","coordinates":[[[112.69919000000003,-7.541739999999928],[112.69850000000005,-7.541459999999942],[112.69799000000005,-7.54127999999997],[112.69727000000016,-7.541079999999942],[112.69682000000014,-7.540949999999933],[112.6958900000001,-7.5408099999999845],[112.69587000000006,-7.54089999999997],[112.69561000000012,-7.541419999999919],[112.69543000000006,-7.541419999999919],[112.6951300000001,-7.5413999999999515],[112.69483000000007,-7.541390000000012],[112.69449000000009,-7.541359999999928],[112.69422000000013,-7.541339999999961],[112.6938600000001,-7.541319999999905],[112.69357,-7.5412999999999375],[112.69334000000006,-7.54127999999997],[112.69303,-7.541260000000003],[112.6929100000001,-7.541249999999975],[112.6926900000001,-7.541249999999975],[112.6923700000001,-7.541239999999947],[112.69207000000006,-7.541239999999947],[112.6919300000001,-7.541260000000003],[112.69177,-7.54127999999997],[112.69154000000007,-7.5412999999999375],[112.6913900000001,-7.541319999999905],[112.69113000000009,-7.541349999999989],[112.69088000000009,-7.541339999999961],[112.69052000000015,-7.5413099999999655],[112.69038000000002,-7.5412999999999375],[112.69008000000007,-7.541269999999942],[112.68987000000001,-7.541249999999975],[112.6894900000001,-7.5411999999999235],[112.6892,-7.541169999999928],[112.68912000000013,-7.5411599999999],[112.68890000000013,-7.541139999999933],[112.68855000000003,-7.541109999999938],[112.68826000000003,-7.541079999999942],[112.68816000000001,-7.541069999999914],[112.68796000000007,-7.54102999999998],[112.68763000000004,-7.540969999999989],[112.68741000000013,-7.540929999999966],[112.68718000000001,-7.540889999999942],[112.68690999999997,-7.540829999999952],[112.68678000000014,-7.540819999999924],[112.68652000000012,-7.5407799999999],[112.68644000000008,-7.540769999999961],[112.68630000000003,-7.540749999999905],[112.68610000000001,-7.540729999999938],[112.68602000000014,-7.540729999999938],[112.68596000000007,-7.5407199999999985],[112.6858800000001,-7.5407099999999705],[112.68566000000011,-7.540689999999914],[112.68560000000002,-7.540689999999914],[112.68541000000003,-7.540659999999919],[112.68527000000007,-7.540639999999952],[112.68516000000012,-7.540619999999896],[112.68505000000009,-7.5405999999999285],[112.68489000000008,-7.540569999999933],[112.68475000000004,-7.540539999999938],[112.68454000000007,-7.540519999999971],[112.68430000000002,-7.5404999999999145],[112.6842,-7.5404999999999145],[112.68387000000006,-7.540409999999929],[112.68357000000002,-7.540379999999933],[112.68325000000002,-7.540349999999938],[112.68311000000006,-7.540319999999943],[112.68289000000007,-7.540299999999975],[112.68269000000012,-7.54026999999998],[112.68261000000008,-7.540259999999952],[112.68244999999999,-7.540239999999896],[112.68233000000009,-7.5402200000000175],[112.68219000000015,-7.540199999999961],[112.6820500000001,-7.540189999999933],[112.6819200000001,-7.540169999999966],[112.68180000000002,-7.54014999999991],[112.68167000000003,-7.540139999999971],[112.68161000000012,-7.540359999999966],[112.68155000000004,-7.540559999999994],[112.68147000000008,-7.5407799999999],[112.68123000000003,-7.541419999999919],[112.68099000000007,-7.541879999999965],[112.68070000000014,-7.542529999999923],[112.68055000000008,-7.5427999999999695],[112.68047000000003,-7.542929999999979],[112.68024000000001,-7.5433899999999365],[112.68006000000004,-7.5435999999999925],[112.67965999999998,-7.544139999999997],[112.67924999999998,-7.544469999999945],[112.6790400000001,-7.544609999999983],[112.67884000000008,-7.54481999999995],[112.67917000000011,-7.544759999999959],[112.67942000000002,-7.544739999999903],[112.67969000000006,-7.544749999999931],[112.68013000000005,-7.5447799999999265],[112.68047000000003,-7.544859999999973],[112.6809700000001,-7.544959999999987],[112.68244000000004,-7.544919999999964],[112.68268,-7.544859999999973],[112.68317000000005,-7.544829999999978],[112.68342000000004,-7.544899999999908],[112.68530000000007,-7.545489999999964],[112.68557000000013,-7.545489999999964],[112.68592000000004,-7.545419999999945],[112.68660000000008,-7.545329999999959],[112.68743000000009,-7.545229999999945],[112.68789000000005,-7.545249999999912],[112.68825,-7.545299999999964],[112.68928000000004,-7.545429999999973],[112.68969000000004,-7.545549999999954],[112.69032000000003,-7.545729999999926],[112.69058000000005,-7.545799999999945],[112.6907900000001,-7.545849999999996],[112.69122000000007,-7.545999999999973],[112.69176000000007,-7.546149999999949],[112.69186738000008,-7.546184165999934],[112.69210467000008,-7.546111069999926],[112.69225482400007,-7.546124410999964],[112.69244103300002,-7.5461873319999295],[112.69255565900009,-7.546229285999937],[112.69275626899999,-7.546306434000014],[112.69301416500001,-7.5463973729999],[112.69325014400009,-7.546424301999908],[112.69347905300002,-7.546458490999983],[112.69364116769404,-7.546462951272757],[112.69376488100013,-7.546379451000016],[112.69377130100013,-7.546375118000013],[112.694379536197,-7.546081570972438],[112.69451079500003,-7.545980430999952],[112.69463892100006,-7.545901194999969],[112.69491661500004,-7.545742640999906],[112.6953520340001,-7.5456613999999345],[112.69555211400004,-7.545660080999914],[112.695773795,-7.545680012999965],[112.69584097669176,-7.545692956268555],[112.69587701500001,-7.5456855849999815],[112.69676201700014,-7.545623612000005],[112.69757073100008,-7.545600737999978],[112.6979445500001,-7.545579725000016],[112.69865410300011,-7.545655093000034],[112.69964823000011,-7.545612401999966],[112.69964999999999,-7.545609999999945],[112.69979000000004,-7.545419999999945],[112.69984000000008,-7.545169999999954],[112.69985000000011,-7.544889999999969],[112.69986000000004,-7.54462999999995],[112.69988000000002,-7.544349999999964],[112.69990000000007,-7.544159999999964],[112.69992000000003,-7.54399999999996],[112.69996000000006,-7.543849999999983],[112.70002000000014,-7.5434999999999786],[112.70011000000012,-7.542809999999998],[112.70024000000005,-7.5421099999999885],[112.70000000000009,-7.542049999999998],[112.69919000000003,-7.541739999999928]]]},"properties":{"KDPPUM":"","NAMOBJ":"Kel. Porong","REMARK":"","KDPBPS":"","FCODE":"BA03060060","LUASWH":0,"UUPP":"","SRS_ID":"SRGI 2013","LCODE":"","METADATA":"","KDEBPS":"","KDEPUM":"","KDCBPS":"","KDCPUM":"","KDBBPS":"","KDBPUM":"","WADMKD":"Kel. Porong","WIADKD":"","WADMKC":"Porong","WIADKC":"","WADMKK":"Sidoarjo","WIADKK":"","WADMPR":"Jawa Timur","WIADPR":"","TIPADM":0,"SHAPE_Leng":0.04987541388,"SHAPE_Area":0.00008866098}},
{"type":"Feature","geometry":{"type":"Polygon","coordinates":[[[112.7125500000001,-7.5237099999999035],[112.71253000000006,-7.523560000000016],[112.71232000000009,-7.523509999999964],[112.71143000000008,-7.523289999999969],[112.71024000000011,-7.522929999999937],[112.70884000000001,-7.522509999999913],[112.70866000000004,-7.521969999999998],[112.7085900000001,-7.521489999999984],[112.70851000000006,-7.521679999999984],[112.70847999999998,-7.521779999999998],[112.70841000000004,-7.521989999999965],[112.70801000000007,-7.521889999999951],[112.70788000000007,-7.521859999999956],[112.70777000000011,-7.521909999999918],[112.70771000000003,-7.522049999999956],[112.70761000000002,-7.52233999999997],[112.70752000000003,-7.522329999999942],[112.70725000000007,-7.522289999999918],[112.70687000000008,-7.522119999999974],[112.70665000000008,-7.522009999999932],[112.70650000000002,-7.521979999999937],[112.70639000000007,-7.521749999999914],[112.70626999999999,-7.5216299999999325],[112.70609000000002,-7.521469999999928],[112.70588000000005,-7.521299999999984],[112.70566000000007,-7.5211299999999515],[112.70535000000008,-7.520909999999956],[112.70516000000008,-7.52075999999998],[112.70442000000004,-7.5204399999999705],[112.70383000000008,-7.520109999999933],[112.70347000000005,-7.51987999999991],[112.70245000000011,-7.519209999999896],[112.7024100000001,-7.519489999999971],[112.70237000000007,-7.519600000000013],[112.70230000000005,-7.519799999999952],[112.70220000000003,-7.519999999999891],[112.7019,-7.520739999999924],[112.70164000000015,-7.5218199999999324],[112.70150000000002,-7.522379999999904],[112.70149,-7.5225299999999695],[112.70142000000007,-7.522559999999965],[112.70131999999997,-7.522860000000007],[112.70122999999998,-7.523149999999932],[112.70113000000006,-7.523519999999992],[112.7010200000001,-7.523939999999927],[112.70099000000002,-7.524049999999969],[112.70081000000005,-7.524730000000011],[112.70073000000001,-7.524849999999992],[112.70064000000002,-7.525149999999945],[112.70055000000004,-7.525360000000001],[112.70042000000002,-7.525629999999959],[112.70027999999998,-7.525969999999935],[112.70022000000009,-7.526169999999963],[112.70011000000012,-7.52650999999994],[112.70000000000009,-7.526879999999911],[112.69995000000003,-7.526939999999991],[112.70006,-7.52694999999993],[112.70014000000003,-7.526959999999958],[112.70040000000006,-7.526969999999986],[112.70064000000002,-7.526980000000014],[112.70080000000011,-7.526969999999986],[112.70087000000004,-7.526969999999986],[112.70098000000009,-7.526959999999958],[112.70115000000011,-7.52694999999993],[112.70133000000008,-7.526939999999991],[112.70142000000007,-7.526939999999991],[112.70150000000002,-7.526929999999963],[112.70158000000008,-7.526929999999963],[112.70169000000011,-7.526939999999991],[112.7019,-7.526959999999958],[112.70211000000005,-7.526980000000014],[112.70224000000006,-7.526999999999893],[112.70234000000008,-7.527019999999949],[112.70232000000011,-7.527179999999953],[112.70228000000009,-7.527319999999991],[112.70226000000002,-7.527419999999916],[112.70224000000006,-7.5274999999999626],[112.70222000000001,-7.527629999999972],[112.70215000000007,-7.52789999999993],[112.70236000000013,-7.527779999999948],[112.70261000000004,-7.527729999999986],[112.70298000000001,-7.5276999999999905],[112.70321000000003,-7.527659999999967],[112.70329000000008,-7.52764],[112.70341000000006,-7.527629999999972],[112.70366000000004,-7.52764],[112.70429000000004,-7.527619999999944],[112.70522000000007,-7.527669999999906],[112.7054800000001,-7.52770999999993],[112.70617000000007,-7.527819999999972],[112.70674000000007,-7.527919999999897],[112.70694,-7.527989999999916],[112.70721999999999,-7.52808999999993],[112.7077300000001,-7.528229999999967],[112.70779000000009,-7.528239999999906],[112.70819000000004,-7.528369999999915],[112.70975000000007,-7.528940000000004],[112.71017000000009,-7.5290899999999805],[112.71057000000006,-7.52921999999999],[112.71065000000011,-7.529009999999934],[112.71070000000007,-7.528859999999957],[112.71079000000006,-7.528619999999906],[112.71088000000013,-7.528369999999915],[112.71095000000007,-7.528159999999948],[112.71108000000007,-7.527789999999888],[112.71116000000004,-7.5275799999999204],[112.7112800000001,-7.527219999999977],[112.71135000000002,-7.527039999999916],[112.71149000000007,-7.526649999999977],[112.71159000000009,-7.526350000000024],[112.71170000000004,-7.526039999999954],[112.71179000000011,-7.525769999999996],[112.71184000000007,-7.525479999999982],[112.71195000000012,-7.525329999999917],[112.7120400000001,-7.525089999999954],[112.71213000000009,-7.5248199999999965],[112.7122300000001,-7.524539999999922],[112.71233000000002,-7.524259999999936],[112.7124200000001,-7.5240099999999455],[112.7125500000001,-7.5237099999999035]]]},"properties":{"KDPPUM":"","NAMOBJ":"Kel. Siring","REMARK":"","KDPBPS":"","FCODE":"BA03060060","LUASWH":0,"UUPP":"","SRS_ID":"SRGI 2013","LCODE":"","METADATA":"","KDEBPS":"","KDEPUM":"","KDCBPS":"","KDCPUM":"","KDBBPS":"","KDBPUM":"","WADMKD":"Kel. Siring","WIADKD":"","WADMKC":"Porong","WIADKC":"","WADMKK":"Sidoarjo","WIADKK":"","WADMPR":"Jawa Timur","WIADPR":"","TIPADM":0,"SHAPE_Leng":0.03890501823,"SHAPE_Area":0.00007005235}},
{"type":"Feature","geometry":{"type":"Polygon","coordinates":[[[112.69242000000006,-7.529477107064069],[112.69203000000003,-7.52952710706412],[112.69064999999998,-7.529397107064111],[112.69018000000008,-7.5293571070640875],[112.68926000000008,-7.529187107064055],[112.68863000000009,-7.529067107064074],[112.68785000000003,-7.529097107064069],[112.68744999999997,-7.52908710706413],[112.68685000000006,-7.5290571070640455],[112.68678000000014,-7.529047107064106],[112.68644000000008,-7.52896710706406],[112.68638000000009,-7.52895710706412],[112.68622000000008,-7.528937107064064],[112.68598000000011,-7.528997107064144],[112.68578,-7.529107107064097],[112.68549000000007,-7.5293571070640875],[112.68507000000014,-7.529747107064115],[112.68454000000007,-7.529767107064083],[112.6842300000001,-7.529767107064083],[112.68383000000004,-7.529697107064153],[112.68309000000009,-7.529537107064148],[112.68263000000005,-7.529427107064106],[112.6821100000001,-7.529307107064036],[112.68188000000008,-7.5292571070640735],[112.68153000000007,-7.529207107064111],[112.68007000000016,-7.529177107064116],[112.67986000000009,-7.529157107064148],[112.67992,-7.529047107064106],[112.67994000000014,-7.528987107064116],[112.67988000000007,-7.528937107064064],[112.67958000000012,-7.528857107064106],[112.67786,-7.528787107064088],[112.67724000000013,-7.52883710706405],[112.67694000000007,-7.529067107064074],[112.67688000000008,-7.529207107064111],[112.67677999999998,-7.5293571070640875],[112.67674000000014,-7.529407107064139],[112.67668000000006,-7.529487107064097],[112.67663,-7.529617107064106],[112.67659000000008,-7.529697107064153],[112.67654000000002,-7.529807107064106],[112.67645000000003,-7.530037107064129],[112.67639000000004,-7.5301571070641105],[112.67632000000003,-7.530337107064082],[112.67628,-7.530417107064129],[112.67623999999998,-7.530527107064082],[112.67621000000007,-7.530587107064073],[112.67609,-7.5308571070641195],[112.67600000000002,-7.531087107064054],[112.67582999999999,-7.53129710706411],[112.67569999999998,-7.5314471070640865],[112.67547000000005,-7.531787107064063],[112.67534000000003,-7.532107107064072],[112.67526000000008,-7.532337107064095],[112.67508000000011,-7.532907107064095],[112.67489000000002,-7.533567107064081],[112.67468000000005,-7.5342171070640385],[112.67402000000006,-7.536267107064103],[112.67375000000001,-7.536987107064079],[112.67456000000007,-7.537177107064079],[112.67519999999999,-7.537137107064056],[112.67582999999999,-7.537107107064149],[112.67677999999998,-7.53704710706407],[112.67746000000011,-7.537027107064103],[112.67794000000004,-7.537037107064131],[112.67848999999998,-7.537037107064131],[112.67906000000008,-7.53704710706407],[112.67959000000005,-7.537027107064103],[112.67986000000009,-7.537017107064075],[112.68031000000012,-7.537037107064131],[112.68085000000012,-7.5370071070640465],[112.68132000000001,-7.536987107064079],[112.68175000000006,-7.5370071070640465],[112.68213000000007,-7.537017107064075],[112.68278000000011,-7.5370071070640465],[112.68332000000012,-7.5370071070640465],[112.68399000000014,-7.5370071070640465],[112.68488000000005,-7.536977107064051],[112.6857500000001,-7.536977107064051],[112.68696000000011,-7.536937107064117],[112.68772000000003,-7.536917107064061],[112.68839000000004,-7.53685710706407],[112.68888000000008,-7.536797107064079],[112.68915000000004,-7.536747107064117],[112.68963000000005,-7.536697107064154],[112.69023000000004,-7.536657107064131],[112.69040000000008,-7.5366171070641075],[112.69051000000003,-7.5365071070640655],[112.69064999999998,-7.5363071070640375],[112.69073999999996,-7.536007107064084],[112.69083000000003,-7.53577710706415],[112.69086000000003,-7.5355171070640425],[112.69093000000005,-7.5352271070641175],[112.69094000000008,-7.535147107064071],[112.69099000000004,-7.534947107064132],[112.6910700000001,-7.534607107064066],[112.69122000000007,-7.534007107064071],[112.69140999999998,-7.533417107064104],[112.69162000000003,-7.5326871070641],[112.69181000000003,-7.532017107064086],[112.69202000000008,-7.531287107064082],[112.69221000000009,-7.530617107064157],[112.69231000000002,-7.530187107064106],[112.6923700000001,-7.529917107064059],[112.6924,-7.529687107064125],[112.69242000000006,-7.529477107064069]]]},"properties":{"KDPPUM":"","NAMOBJ":"Kesambi","REMARK":"","KDPBPS":"","FCODE":"BA03060060","LUASWH":0,"UUPP":"","SRS_ID":"SRGI 2013","LCODE":"","METADATA":"","KDEBPS":"","KDEPUM":"","KDCBPS":"","KDCPUM":"","KDBBPS":"","KDBPUM":"","WADMKD":"Kesambi","WIADKD":"","WADMKC":"Porong","WIADKC":"","WADMKK":"Sidoarjo","WIADKK":"","WADMPR":"Jawa Timur","WIADPR":"","TIPADM":0,"SHAPE_Leng":0.04901434925,"SHAPE_Area":0.0001267696}},
{"type":"Feature","geometry":{"type":"Polygon","coordinates":[[[112.67726000000009,-7.520059999999971],[112.67675000000008,-7.520169999999924],[112.67665000000015,-7.52018999999998],[112.67635000000011,-7.520230000000003],[112.67582999999999,-7.5204399999999705],[112.67572000000003,-7.520520000000017],[112.67476000000009,-7.520309999999961],[112.67416000000001,-7.520159999999985],[112.67373000000013,-7.520049999999943],[112.67260000000007,-7.519820000000008],[112.67217000000002,-7.519759999999929],[112.67195000000002,-7.519779999999985],[112.67175000000009,-7.519799999999952],[112.67158000000006,-7.519799999999952],[112.67156000000008,-7.519730000000022],[112.67157000000012,-7.5196499999999755],[112.67155000000007,-7.519409999999924],[112.67074000000001,-7.518709999999915],[112.66998000000001,-7.517909999999981],[112.66944000000001,-7.5176],[112.66849,-7.517149999999981],[112.66769000000008,-7.516819999999944],[112.66690000000008,-7.516229999999977],[112.66664000000006,-7.5162700000000005],[112.66643000000009,-7.516489999999996],[112.66578999999999,-7.516889999999963],[112.66547000000007,-7.517159999999921],[112.66542000000001,-7.517239999999967],[112.66545000000009,-7.517350000000009],[112.66561000000002,-7.51753999999992],[112.66574000000003,-7.517689999999986],[112.6658000000001,-7.517789999999911],[112.66582000000007,-7.51784999999999],[112.66565000000004,-7.51785999999993],[112.66396000000009,-7.517829999999934],[112.66340000000004,-7.517789999999911],[112.66340000000004,-7.517719999999981],[112.66340000000004,-7.517619999999967],[112.6630100000001,-7.5176],[112.66282000000001,-7.5175700000000045],[112.66263000000001,-7.51753999999992],[112.66255000000005,-7.517499999999897],[112.6623800000001,-7.517409999999911],[112.66096000000003,-7.516309999999935],[112.66090000000013,-7.516429999999916],[112.66085000000008,-7.516539999999958],[112.66077000000003,-7.516739999999986],[112.65987000000008,-7.518779999999934],[112.65979000000003,-7.51898999999999],[112.65976000000003,-7.5190600000000085],[112.65973000000004,-7.5191499999999944],[112.65965000000008,-7.519349999999934],[112.65962,-7.519409999999924],[112.65936000000008,-7.519899999999966],[112.65933000000008,-7.519969999999985],[112.65929000000006,-7.520039999999915],[112.65921,-7.520249999999971],[112.65914000000008,-7.520419999999914],[112.65909000000012,-7.520549999999924],[112.6590500000001,-7.52062999999997],[112.65894999999999,-7.520849999999966],[112.65882000000006,-7.521049999999905],[112.65921,-7.521219999999937],[112.65966000000003,-7.521349999999947],[112.66046000000004,-7.52157999999997],[112.66256000000007,-7.522329999999942],[112.66341000000016,-7.522749999999965],[112.66393000000001,-7.522959999999932],[112.66490000000006,-7.523279999999941],[112.66573000000008,-7.52353999999996],[112.66609000000003,-7.523650000000002],[112.66644000000012,-7.523739999999988],[112.66678,-7.523859999999969],[112.66714000000005,-7.523939999999927],[112.66755000000003,-7.5240199999999735],[112.66805000000011,-7.524129999999927],[112.6683,-7.524159999999922],[112.6686500000001,-7.524190000000006],[112.66897000000002,-7.524209999999885],[112.66939000000005,-7.524249999999908],[112.66981000000007,-7.524289999999931],[112.67024999999997,-7.524329999999955],[112.6707100000001,-7.524379999999917],[112.67114000000007,-7.524419999999941],[112.67151000000004,-7.524449999999936],[112.67189000000003,-7.524489999999959],[112.67225000000008,-7.524529999999983],[112.67232,-7.524539999999922],[112.67272000000006,-7.525069999999987],[112.67282000000016,-7.5251999999999075],[112.67303000000004,-7.525469999999954],[112.67349,-7.52606000000001],[112.67386000000015,-7.526579999999958],[112.67472000000006,-7.527509999999991],[112.67499000000012,-7.527739999999925],[112.6751700000001,-7.527869999999934],[112.67538000000006,-7.528039999999967],[112.67605000000007,-7.528619999999906],[112.67658000000004,-7.529100000000009],[112.67677999999998,-7.529299999999948],[112.67688000000008,-7.529149999999971],[112.67694000000007,-7.529009999999934],[112.67712000000004,-7.528599999999939],[112.67728000000014,-7.528249999999934],[112.67750000000005,-7.527819999999972],[112.67771000000002,-7.527309999999963],[112.67792000000007,-7.5268999999999675],[112.67808,-7.526499999999912],[112.67822000000002,-7.526169999999963],[112.67835000000004,-7.525819999999959],[112.6784700000001,-7.525439999999959],[112.6782800000001,-7.525349999999973],[112.67817000000007,-7.524649999999964],[112.67799000000001,-7.524439999999997],[112.67749000000002,-7.523989999999978],[112.67723000000001,-7.523799999999978],[112.67690999999999,-7.523619999999918],[112.67693000000006,-7.523469999999941],[112.67697000000007,-7.523299999999908],[112.67704,-7.522949999999993],[112.67707000000009,-7.522489999999946],[112.67712000000004,-7.521979999999937],[112.67717000000002,-7.521249999999933],[112.67723000000001,-7.520709999999928],[112.67726000000009,-7.520379999999891],[112.67728000000014,-7.52025999999991],[112.67727000000002,-7.520169999999924],[112.67726000000009,-7.520059999999971]]]},"properties":{"KDPPUM":"","NAMOBJ":"Lajuk","REMARK":"","KDPBPS":"","FCODE":"BA03060060","LUASWH":0,"UUPP":"","SRS_ID":"SRGI 2013","LCODE":"","METADATA":"","KDEBPS":"","KDEPUM":"","KDCBPS":"","KDCPUM":"","KDBBPS":"","KDBPUM":"","WADMKD":"Lajuk","WIADKD":"","WADMKC":"Porong","WIADKC":"","WADMKK":"Sidoarjo","WIADKK":"","WADMPR":"Jawa Timur","WIADPR":"","TIPADM":0,"SHAPE_Leng":0.05613068613,"SHAPE_Area":0.0001109478}},
{"type":"Feature","geometry":{"type":"Polygon","coordinates":[[[112.70245000000011,-7.519209999999896],[112.70195000000005,-7.518879999999948],[112.70172000000002,-7.518689999999948],[112.70141000000004,-7.518439999999957],[112.7012400000001,-7.518309999999948],[112.70109000000004,-7.518219999999962],[112.70090000000003,-7.5180399999999015],[112.70056000000015,-7.517730000000009],[112.70022000000009,-7.517339999999892],[112.69990000000007,-7.517019999999972],[112.69982000000003,-7.517119999999986],[112.69929000000005,-7.517369999999977],[112.69860000000007,-7.517709999999953],[112.69777000000013,-7.518099999999981],[112.69674000000009,-7.518589999999934],[112.6961100000001,-7.518900000000004],[112.69511000000014,-7.51936999999999],[112.69379000000008,-7.520039999999915],[112.69328000000007,-7.520249999999971],[112.69318000000005,-7.520289999999905],[112.69275,-7.52044999999991],[112.69241000000012,-7.520669999999905],[112.69062000000007,-7.521979999999937],[112.69001000000004,-7.522449999999923],[112.68943000000002,-7.522849999999979],[112.68924000000003,-7.522749999999965],[112.68890000000013,-7.522759999999993],[112.68836000000013,-7.522770000000021],[112.68782000000013,-7.522789999999899],[112.68744000000004,-7.522789999999899],[112.68735999999998,-7.522789999999899],[112.68679000000007,-7.522789999999899],[112.68622000000008,-7.522819999999983],[112.68576000000003,-7.522819999999983],[112.6853400000001,-7.522819999999983],[112.68471000000011,-7.522799999999927],[112.68413000000008,-7.522890000000002],[112.68356000000009,-7.522919999999909],[112.6830000000001,-7.523009999999983],[112.68234000000004,-7.523069999999974],[112.68171000000004,-7.523149999999932],[112.68112000000008,-7.5232199999999505],[112.68054000000005,-7.523279999999941],[112.67986000000009,-7.523329999999904],[112.67922000000007,-7.523400000000011],[112.6787200000001,-7.523439999999946],[112.67805000000008,-7.523499999999936],[112.67746000000011,-7.523549999999988],[112.67690999999999,-7.523619999999918],[112.67723000000001,-7.523799999999978],[112.67749000000002,-7.523989999999978],[112.67799000000001,-7.524439999999997],[112.67817000000007,-7.524649999999964],[112.6782800000001,-7.525349999999973],[112.6784700000001,-7.525439999999959],[112.67835000000004,-7.525819999999959],[112.67822000000002,-7.526169999999963],[112.67808,-7.526499999999912],[112.67792000000007,-7.5268999999999675],[112.67771000000002,-7.527309999999963],[112.67750000000005,-7.527819999999972],[112.67728000000014,-7.528249999999934],[112.67712000000004,-7.528599999999939],[112.67694000000007,-7.529009999999934],[112.67724000000013,-7.5287799999999105],[112.67786,-7.528729999999948],[112.67958000000012,-7.528799999999967],[112.67988000000007,-7.5288799999999245],[112.67994000000014,-7.528929999999976],[112.67992,-7.5289899999999665],[112.67986000000009,-7.529100000000009],[112.68007000000016,-7.529119999999976],[112.68153000000007,-7.529149999999971],[112.68188000000008,-7.529199999999934],[112.6821100000001,-7.529249999999896],[112.68263000000005,-7.529369999999966],[112.68309000000009,-7.529480000000008],[112.68383000000004,-7.529640000000013],[112.6842300000001,-7.529709999999943],[112.68454000000007,-7.529709999999943],[112.68507000000014,-7.529689999999976],[112.68549000000007,-7.529299999999948],[112.68578,-7.529049999999957],[112.68598000000011,-7.528940000000004],[112.68622000000008,-7.5288799999999245],[112.68638000000009,-7.528899999999981],[112.68644000000008,-7.52890999999992],[112.68678000000014,-7.5289899999999665],[112.68685000000006,-7.528999999999906],[112.68744999999997,-7.52902999999999],[112.68785000000003,-7.529039999999929],[112.68863000000009,-7.529009999999934],[112.68926000000008,-7.529129999999915],[112.69018000000008,-7.529299999999948],[112.69064999999998,-7.529339999999971],[112.69203000000003,-7.52946999999998],[112.69242000000006,-7.529419999999929],[112.69246000000008,-7.529309999999976],[112.69289999999998,-7.5280799999999015],[112.69294000000001,-7.527799999999916],[112.69306000000007,-7.527299999999935],[112.69328000000007,-7.526529999999996],[112.69330000000004,-7.526429999999982],[112.69359000000006,-7.526529999999996],[112.69375000000005,-7.526579999999958],[112.69388000000006,-7.526619999999982],[112.69401000000008,-7.526659999999916],[112.69411,-7.52669],[112.69424000000001,-7.526739999999963],[112.69433,-7.526779999999986],[112.69447000000004,-7.526829999999949],[112.6946200000001,-7.5268899999999395],[112.69479000000004,-7.526959999999958],[112.69491000000002,-7.526999999999893],[112.69500000000001,-7.527039999999916],[112.69511000000014,-7.527079999999939],[112.69521000000006,-7.527119999999963],[112.69533000000004,-7.527159999999986],[112.69541000000001,-7.527179999999953],[112.69551000000001,-7.527219999999977],[112.69561000000012,-7.52726],[112.69571000000005,-7.527279999999967],[112.69577000000004,-7.527309999999963],[112.69585000000008,-7.527339999999958],[112.69595000000001,-7.527369999999953],[112.69605000000003,-7.527409999999977],[112.69618000000003,-7.527449999999911],[112.69628000000013,-7.5274899999999345],[112.69638000000006,-7.527520000000019],[112.69660000000015,-7.5275899999999485],[112.69681000000003,-7.526729999999935],[112.69696000000009,-7.526709999999968],[112.69707000000004,-7.5266999999999395],[112.69721000000008,-7.526679999999972],[112.6974100000001,-7.526649999999977],[112.69755000000005,-7.526629999999921],[112.6976900000001,-7.526609999999954],[112.69776000000002,-7.526619999999982],[112.69789000000003,-7.526629999999921],[112.69819000000007,-7.526669999999944],[112.69828000000005,-7.526679999999972],[112.69856000000004,-7.526709999999968],[112.69863000000007,-7.526719999999996],[112.69878000000004,-7.526739999999963],[112.6989900000001,-7.526779999999986],[112.69926000000005,-7.526819999999921],[112.69942000000006,-7.526850000000005],[112.69963000000011,-7.526879999999911],[112.69995000000003,-7.526939999999991],[112.70000000000009,-7.526879999999911],[112.70011000000012,-7.52650999999994],[112.70022000000009,-7.526169999999963],[112.70027999999998,-7.525969999999935],[112.70042000000002,-7.525629999999959],[112.70055000000004,-7.525360000000001],[112.70064000000002,-7.525149999999945],[112.70073000000001,-7.524849999999992],[112.70081000000005,-7.524730000000011],[112.70099000000002,-7.524049999999969],[112.7010200000001,-7.523939999999927],[112.70113000000006,-7.523519999999992],[112.70122999999998,-7.523149999999932],[112.70131999999997,-7.522860000000007],[112.70142000000007,-7.522559999999965],[112.70149,-7.5225299999999695],[112.70150000000002,-7.522379999999904],[112.70164000000015,-7.5218199999999324],[112.7019,-7.520739999999924],[112.70220000000003,-7.519999999999891],[112.70230000000005,-7.519799999999952],[112.70237000000007,-7.519600000000013],[112.7024100000001,-7.519489999999971],[112.70245000000011,-7.519209999999896]]]},"properties":{"KDPPUM":"","NAMOBJ":"Pamotan","REMARK":"","KDPBPS":"","FCODE":"BA03060060","LUASWH":0,"UUPP":"","SRS_ID":"SRGI 2013","LCODE":"","METADATA":"","KDEBPS":"","KDEPUM":"","KDCBPS":"","KDCPUM":"","KDBBPS":"","KDBPUM":"","WADMKD":"Pamotan","WIADKD":"","WADMKC":"Porong","WIADKC":"","WADMKK":"Sidoarjo","WIADKK":"","WADMPR":"Jawa Timur","WIADPR":"","TIPADM":0,"SHAPE_Leng":0.06958266789,"SHAPE_Area":0.0001677636}},
{"type":"Feature","geometry":{"type":"Polygon","coordinates":[[[112.69040000000008,-7.513129999999899],[112.69046000000007,-7.512579999999955],[112.69046000000007,-7.512030000000012],[112.69047,-7.511669999999979],[112.69051000000003,-7.511259999999895],[112.69054000000003,-7.510919999999919],[112.69045000000004,-7.510919999999919],[112.69004000000004,-7.510849999999989],[112.68973000000007,-7.510739999999947],[112.6892,-7.510259999999933],[112.68897000000007,-7.510159999999919],[112.68836000000013,-7.5103200000000125],[112.68781000000001,-7.510480000000017],[112.68739000000008,-7.510480000000017],[112.68709000000003,-7.510439999999994],[112.68625000000007,-7.5101099999999565],[112.68592000000004,-7.509819999999943],[112.68545000000005,-7.5094999999999335],[112.68522000000011,-7.50938999999998],[112.68497000000004,-7.509359999999985],[112.68433000000002,-7.509349999999957],[112.68417000000011,-7.5093099999999335],[112.68402000000003,-7.509159999999957],[112.68393000000005,-7.509059999999943],[112.68368000000007,-7.509009999999892],[112.68307000000004,-7.5088199999999805],[112.68280000000009,-7.5087099999999385],[112.68265000000011,-7.5086199999999526],[112.68257000000006,-7.508489999999943],[112.68256000000012,-7.508349999999995],[112.68266000000004,-7.508149999999967],[112.68292000000007,-7.507749999999911],[112.6830000000001,-7.50756],[112.68303000000002,-7.50730999999992],[112.68289000000007,-7.50661],[112.68285000000004,-7.5064199999999115],[112.68304000000005,-7.50591999999993],[112.68307000000004,-7.505820000000005],[112.68280000000009,-7.505759999999926],[112.68264000000008,-7.505769999999954],[112.68250000000003,-7.505799999999949],[112.68244000000004,-7.5057299999999305],[112.68239000000008,-7.505349999999931],[112.6823000000001,-7.505209999999982],[112.6822400000001,-7.50503000000001],[112.6822400000001,-7.50490999999994],[112.68238000000005,-7.504559999999936],[112.68239000000008,-7.504479999999978],[112.68235000000006,-7.504429999999926],[112.68203000000005,-7.504309999999945],[112.68190000000004,-7.504249999999955],[112.68144000000008,-7.504079999999922],[112.68123000000003,-7.504019999999931],[112.68107000000012,-7.50389999999995],[112.68099000000007,-7.503779999999969],[112.68095000000004,-7.503589999999969],[112.68105000000006,-7.503099999999927],[112.68102000000006,-7.502919999999955],[112.68093000000007,-7.502869999999993],[112.68073999999999,-7.502729999999955],[112.68033,-7.502769999999979],[112.67983000000001,-7.502780000000007],[112.67907000000001,-7.502759999999951],[112.67810000000004,-7.502729999999955],[112.67719000000007,-7.50269999999996],[112.67594000000011,-7.502669999999965],[112.67580000000008,-7.502669999999965],[112.67533,-7.502669999999965],[112.67454000000009,-7.502669999999965],[112.67388000000003,-7.502669999999965],[112.67293000000002,-7.502659999999937],[112.67213,-7.502659999999937],[112.67132999999998,-7.502669999999965],[112.67038000000007,-7.502689999999932],[112.66966000000001,-7.502709999999988],[112.66927000000007,-7.502709999999988],[112.66895000000014,-7.502709999999988],[112.66860000000005,-7.502759999999951],[112.66857000000006,-7.503070000000021],[112.66857999999999,-7.5031499999999784],[112.66864000000007,-7.503769999999941],[112.66892000000006,-7.5046500000000105],[112.66957000000002,-7.506379999999977],[112.66973000000011,-7.507039999999963],[112.66993000000005,-7.50756],[112.67018000000004,-7.5081199999999715],[112.67033000000002,-7.508319999999999],[112.67054000000007,-7.508499999999971],[112.67065000000002,-7.508589999999957],[112.67078000000004,-7.5087099999999385],[112.67104000000005,-7.509039999999976],[112.67141000000002,-7.50957999999998],[112.67164000000005,-7.509849999999938],[112.67175000000009,-7.509879999999933],[112.67243000000005,-7.509810000000003],[112.67249999999997,-7.509810000000003],[112.67287000000012,-7.509849999999938],[112.67383000000007,-7.509829999999971],[112.67401000000004,-7.509949999999952],[112.67409000000008,-7.510079999999961],[112.67429000000001,-7.51039999999997],[112.67446000000005,-7.510499999999984],[112.67484000000005,-7.510619999999966],[112.67498,-7.510639999999933],[112.67523000000008,-7.510639999999933],[112.67530000000009,-7.510679999999956],[112.67538000000006,-7.5106999999999235],[112.67550000000004,-7.5106999999999235],[112.67587,-7.510839999999961],[112.67594000000011,-7.510869999999956],[112.67600000000002,-7.510959999999942],[112.67623000000005,-7.511379999999965],[112.67640000000007,-7.511669999999979],[112.6764700000001,-7.511819999999956],[112.67685000000009,-7.512689999999997],[112.67696000000005,-7.512949999999927],[112.67694000000007,-7.513019999999946],[112.67690000000006,-7.513199999999918],[112.67683000000012,-7.513489999999932],[112.67680000000004,-7.513629999999969],[112.67676000000002,-7.513919999999894],[112.67674000000014,-7.514109999999983],[112.67670000000011,-7.514419999999964],[112.67668000000006,-7.514549999999973],[112.67672000000009,-7.514629999999931],[112.67686000000003,-7.51469999999995],[112.67699000000005,-7.51475999999994],[112.6772000000001,-7.514849999999926],[112.67732,-7.51488999999995],[112.67748000000009,-7.514940000000001],[112.67762000000003,-7.514980000000024],[112.67772000000005,-7.515009999999931],[112.67780000000009,-7.515039999999926],[112.67794999999998,-7.515089999999889],[112.67801000000006,-7.515129999999912],[112.67800000000013,-7.515299999999945],[112.67799000000001,-7.515459999999949],[112.67800000000013,-7.515579999999931],[112.67800000000013,-7.515649999999949],[112.67801000000006,-7.515739999999935],[112.67802000000009,-7.515879999999973],[112.67804000000005,-7.515949999999991],[112.67806000000012,-7.516009999999982],[112.67809000000011,-7.516109999999996],[112.67811000000007,-7.516179999999926],[112.67816000000003,-7.516389999999982],[112.6781500000001,-7.516569999999954],[112.6781500000001,-7.516689999999935],[112.6781500000001,-7.516839999999911],[112.67820000000006,-7.517209999999972],[112.6782800000001,-7.517419999999939],[112.67838000000003,-7.5175700000000045],[112.67910000000009,-7.517779999999972],[112.67913000000009,-7.517549999999948],[112.67919000000008,-7.517299999999958],[112.67922000000007,-7.517179999999977],[112.67930000000004,-7.516779999999921],[112.67938000000008,-7.516319999999963],[112.67941000000008,-7.51602000000001],[112.6794500000001,-7.515779999999959],[112.67952000000002,-7.515599999999987],[112.67963000000007,-7.515499999999973],[112.67983000000001,-7.5154699999999774],[112.67997000000005,-7.515509999999912],[112.68003000000013,-7.515389999999931],[112.68007000000016,-7.5152799999999775],[112.68022000000003,-7.514899999999978],[112.68044000000012,-7.514489999999983],[112.68059000000001,-7.514429999999992],[112.68103000000009,-7.514249999999931],[112.68113000000001,-7.514099999999955],[112.68125000000009,-7.513819999999969],[112.68152000000013,-7.513289999999904],[112.6817000000001,-7.513219999999974],[112.68217,-7.513099999999993],[112.68257000000006,-7.513099999999993],[112.68298000000006,-7.513239999999941],[112.68359000000008,-7.513509999999899],[112.68449000000011,-7.51374999999995],[112.68487000000002,-7.513799999999913],[112.68519999999997,-7.5137899999999735],[112.68586999999998,-7.513759999999978],[112.68606000000007,-7.51374999999995],[112.68617000000003,-7.5136699999999035],[112.68620000000011,-7.513619999999941],[112.68637000000005,-7.513259999999908],[112.68658000000002,-7.51254999999996],[112.68852000000004,-7.512889999999937],[112.68888000000008,-7.512939999999988],[112.68967000000008,-7.513009999999918],[112.69040000000008,-7.513129999999899]]]},"properties":{"KDPPUM":"","NAMOBJ":"Pesawahan","REMARK":"","KDPBPS":"","FCODE":"BA03060060","LUASWH":0,"UUPP":"","SRS_ID":"SRGI 2013","LCODE":"","METADATA":"","KDEBPS":"","KDEPUM":"","KDCBPS":"","KDCPUM":"","KDBBPS":"","KDBPUM":"","WADMKD":"Pesawahan","WIADKD":"","WADMKC":"Porong","WIADKC":"","WADMKK":"Sidoarjo","WIADKK":"","WADMPR":"Jawa Timur","WIADPR":"","TIPADM":0,"SHAPE_Leng":0.06755667212,"SHAPE_Area":0.00014997395}},
{"type":"Feature","geometry":{"type":"Polygon","coordinates":[[[112.73268000000007,-7.534800000000006],[112.73315000000005,-7.5348499999999685],[112.73354000000009,-7.534869999999936],[112.73376000000007,-7.534879999999964],[112.73367000000009,-7.535239999999908],[112.73362000000013,-7.535669999999959],[112.73349000000003,-7.536079999999954],[112.73338,-7.5370199999999254],[112.7339900000001,-7.537209999999925],[112.73471000000008,-7.537409999999953],[112.73508000000005,-7.537499999999939],[112.73668000000009,-7.537949999999958],[112.73729000000003,-7.538119999999902],[112.73822000000007,-7.538389999999948],[112.73831000000006,-7.53793999999993],[112.73842,-7.537419999999981],[112.73849000000011,-7.537119999999939],[112.73856000000004,-7.536669999999921],[112.73856000000004,-7.536319999999916],[112.73913000000005,-7.536459999999954],[112.74038000000009,-7.536689999999977],[112.74143000000001,-7.536969999999963],[112.74207000000003,-7.537109999999911],[112.74256000000007,-7.5372299999999814],[112.74269000000008,-7.537279999999944],[112.74324000000001,-7.53736999999993],[112.74398000000005,-7.537539999999963],[112.74467000000003,-7.53768],[112.74519000000006,-7.5378199999999485],[112.74578000000012,-7.537979999999953],[112.74632000000004,-7.538139999999958],[112.74687000000007,-7.538279999999906],[112.74733999999997,-7.53837999999992],[112.7478600000001,-7.538510000000018],[112.74804000000007,-7.538259999999939],[112.74834000000011,-7.537810000000009],[112.74839000000007,-7.537739999999902],[112.74878000000001,-7.537219999999953],[112.74921000000006,-7.53660999999993],[112.74967000000002,-7.536089999999982],[112.75000000000014,-7.5355499999999775],[112.75023000000009,-7.535169999999978],[112.75042000000008,-7.534859999999997],[112.75057000000005,-7.534559999999955],[112.7506800000001,-7.534339999999959],[112.75072000000013,-7.53420999999995],[112.75081000000011,-7.5340599999999736],[112.75093,-7.533850000000006],[112.75105000000008,-7.533659999999918],[112.75180000000013,-7.533779999999988],[112.75220000000002,-7.533859999999946],[112.75300000000003,-7.533999999999894],[112.75341999999996,-7.534079999999941],[112.7535300000001,-7.534099999999997],[112.7534700000001,-7.533699999999941],[112.75345999999999,-7.5334700000000066],[112.75345999999999,-7.533310000000002],[112.75349000000007,-7.532979999999965],[112.75351000000005,-7.532609999999993],[112.75354999999998,-7.532219999999965],[112.75366000000011,-7.531679999999961],[112.75376000000003,-7.531309999999989],[112.75381000000009,-7.531079999999966],[112.75393000000007,-7.530509999999966],[112.75405000000005,-7.530049999999919],[112.75419000000008,-7.529369999999966],[112.75423000000002,-7.529149999999971],[112.75430000000004,-7.528589999999911],[112.75433000000012,-7.528319999999953],[112.75435000000009,-7.528059999999934],[112.75437000000015,-7.527919999999897],[112.75444000000007,-7.527729999999986],[112.7544800000001,-7.527669999999906],[112.75465000000004,-7.527409999999977],[112.75475000000006,-7.527239999999944],[112.75487000000012,-7.5270999999999955],[112.75508,-7.526919999999935],[112.7553,-7.526729999999935],[112.75562000000001,-7.526609999999954],[112.75596000000007,-7.526519999999968],[112.75636000000013,-7.526459999999888],[112.75664000000003,-7.526479999999944],[112.75678000000006,-7.526369999999902],[112.75692000000001,-7.52618999999993],[112.7570800000001,-7.526009999999959],[112.75734000000013,-7.526009999999959],[112.75751000000007,-7.52606000000001],[112.75773000000007,-7.526069999999949],[112.75960000000006,-7.525639999999987],[112.76004000000015,-7.525889999999977],[112.76054000000013,-7.526139999999968],[112.76149000000012,-7.526600000000014],[112.76198000000008,-7.5268899999999395],[112.76236000000009,-7.527009999999921],[112.76325000000008,-7.527199999999921],[112.76373000000001,-7.527209999999949],[112.76420000000009,-7.527149999999958],[112.7646500000001,-7.526980000000014],[112.7650900000001,-7.5267999999999535],[112.76517000000005,-7.526739999999963],[112.7654100000001,-7.526769999999958],[112.76597000000008,-7.527199999999921],[112.76607,-7.527249999999972],[112.76656000000004,-7.5275999999999765],[112.76675000000013,-7.527719999999958],[112.76696000000001,-7.527839999999939],[112.76724,-7.527819999999972],[112.76753000000011,-7.527729999999986],[112.76784000000008,-7.527449999999911],[112.76825000000008,-7.527109999999935],[112.76875000000005,-7.526879999999911],[112.76952000000009,-7.526639999999949],[112.76982000000012,-7.526609999999954],[112.7707600000001,-7.526549999999963],[112.77138000000006,-7.526549999999963],[112.77161,-7.52650999999994],[112.77214000000006,-7.52644000000001],[112.77284000000007,-7.526209999999898],[112.77349000000002,-7.525799999999991],[112.77381000000004,-7.525719999999945],[112.77400000000013,-7.525779999999935],[112.77432000000013,-7.525859999999982],[112.77447000000002,-7.526139999999968],[112.77486000000015,-7.526659999999916],[112.77522000000009,-7.527249999999972],[112.77579,-7.5276999999999905],[112.77598000000009,-7.527719999999958],[112.77658000000008,-7.527669999999906],[112.77745000000003,-7.527409999999977],[112.77804,-7.527119999999963],[112.77876000000006,-7.526859999999944],[112.77931000000001,-7.5268999999999675],[112.77984000000008,-7.527129999999902],[112.78040000000013,-7.527779999999948],[112.78082000000006,-7.528139999999981],[112.78125000000011,-7.528329999999892],[112.78173999999999,-7.528409999999939],[112.78263000000008,-7.528409999999939],[112.78348000000007,-7.528029999999939],[112.78381000000002,-7.527749999999953],[112.78426000000003,-7.527559999999953],[112.78456000000007,-7.5274899999999345],[112.7850100000001,-7.527469999999967],[112.78552000000002,-7.5274999999999626],[112.78601000000006,-7.527649999999939],[112.78660000000002,-7.527949999999981],[112.78720000000011,-7.5283799999999435],[112.78788000000006,-7.528759999999943],[112.78861000000006,-7.528899999999981],[112.78936000000013,-7.528749999999915],[112.79018000000012,-7.528229999999967],[112.7902700000001,-7.527979999999976],[112.79025000000004,-7.527849999999967],[112.79025000000004,-7.527569999999981],[112.7903000000001,-7.526839999999977],[112.79022000000005,-7.526609999999954],[112.79009000000003,-7.52644000000001],[112.7896400000001,-7.525919999999973],[112.78921000000005,-7.52555999999994],[112.78898000000004,-7.525429999999931],[112.78879000000003,-7.525360000000001],[112.78816000000005,-7.524999999999968],[112.78771000000003,-7.524459999999964],[112.78769000000015,-7.5239199999999595],[112.78790000000002,-7.523779999999922],[112.78819000000013,-7.523639999999974],[112.78854000000004,-7.523609999999978],[112.78957,-7.523549999999988],[112.79067000000006,-7.523529999999932],[112.79184000000006,-7.523629999999946],[112.79322000000002,-7.523810000000006],[112.79384000000007,-7.524029999999913],[112.7947,-7.524429999999969],[112.79541000000003,-7.524869999999959],[112.7957500000001,-7.524829999999936],[112.79619000000001,-7.524529999999983],[112.79674000000013,-7.524389999999945],[112.79730000000009,-7.524299999999959],[112.79772000000003,-7.524209999999885],[112.79857000000001,-7.523679999999997],[112.79988000000004,-7.522480000000007],[112.80025000000002,-7.522049999999956],[112.80063000000011,-7.521869999999984],[112.80118000000006,-7.521560000000003],[112.8014800000001,-7.521539999999947],[112.8025600000001,-7.521549999999975],[112.80371000000004,-7.521669999999956],[112.80430000000001,-7.521809999999993],[112.80517000000005,-7.522069999999923],[112.80597000000007,-7.522309999999974],[112.80672000000004,-7.522369999999965],[112.80771000000007,-7.52233999999997],[112.80842000000011,-7.52239999999996],[112.80843000000004,-7.52220999999996],[112.80843000000004,-7.522059999999984],[112.80840000000005,-7.521879999999923],[112.80828000000007,-7.5217299999999465],[112.80805000000014,-7.521560000000003],[112.80772,-7.52138999999997],[112.80695000000007,-7.521099999999956],[112.80623,-7.520909999999956],[112.80554000000002,-7.5208299999999095],[112.80520000000004,-7.520849999999966],[112.80469000000004,-7.520869999999933],[112.8039500000001,-7.520789999999975],[112.80358000000004,-7.520689999999961],[112.80215000000011,-7.520089999999966],[112.80143000000014,-7.519919999999933],[112.80083000000005,-7.519859999999943],[112.80013000000004,-7.51987999999991],[112.79976000000006,-7.519969999999985],[112.79941000000007,-7.520119999999961],[112.79893000000006,-7.5203299999999285],[112.7979,-7.520559999999952],[112.79720000000009,-7.5208299999999095],[112.79679000000009,-7.5208299999999095],[112.7961600000001,-7.52075999999998],[112.79513000000006,-7.520469999999966],[112.79475000000005,-7.520289999999905],[112.79440000000014,-7.520039999999915],[112.79402000000005,-7.519679999999971],[112.79277,-7.518369999999939],[112.79231999999999,-7.5180399999999015],[112.79195000000001,-7.517819999999995],[112.79147000000009,-7.517609999999939],[112.79119000000001,-7.517549999999948],[112.7908100000001,-7.5175599999999765],[112.79035000000015,-7.517629999999906],[112.7901400000001,-7.517719999999981],[112.78993000000004,-7.517879999999897],[112.78936000000013,-7.51829999999992],[112.78869000000012,-7.518639999999985],[112.78839000000006,-7.518699999999976],[112.78820000000007,-7.518669999999892],[112.78758000000002,-7.518429999999929],[112.78709000000006,-7.518179999999939],[112.78694000000009,-7.518029999999962],[112.78690000000006,-7.517959999999944],[112.78682000000002,-7.517789999999911],[112.78662000000008,-7.517429999999967],[112.78638000000002,-7.517009999999944],[112.78649000000007,-7.516899999999991],[112.7868500000001,-7.516509999999963],[112.78698000000011,-7.516219999999949],[112.7872900000001,-7.515349999999996],[112.78727999999998,-7.51507000000001],[112.78720000000011,-7.514809999999992],[112.78690000000006,-7.514169999999973],[112.78658000000006,-7.5136699999999035],[112.78598000000015,-7.512859999999941],[112.78563000000005,-7.512559999999988],[112.78539,-7.512409999999923],[112.78496000000004,-7.512239999999979],[112.78408000000006,-7.511949999999965],[112.78298000000008,-7.5114199999999],[112.78226000000011,-7.511079999999923],[112.78216000000009,-7.511079999999923],[112.78158000000006,-7.511079999999923],[112.78111,-7.5111100000000075],[112.78044000000016,-7.511249999999956],[112.78022000000007,-7.511339999999942],[112.78002999999998,-7.511439999999956],[112.77986000000013,-7.511619999999928],[112.7796900000001,-7.51191999999997],[112.77946000000007,-7.512559999999988],[112.77924000000007,-7.513349999999983],[112.77915000000009,-7.513659999999964],[112.77900000000011,-7.513900000000016],[112.77850000000005,-7.514349999999945],[112.77826000000009,-7.514519999999978],[112.77790000000005,-7.514659999999926],[112.77743000000007,-7.514729999999945],[112.77656000000002,-7.514729999999945],[112.77628000000004,-7.5146799999999825],[112.77587000000004,-7.514499999999922],[112.77502000000005,-7.513839999999936],[112.77486000000015,-7.513719999999955],[112.77457000000004,-7.513719999999955],[112.7744300000001,-7.513829999999908],[112.77432000000013,-7.5139900000000015],[112.77427000000009,-7.514259999999959],[112.77421000000001,-7.514899999999978],[112.77409000000011,-7.515499999999973],[112.77397000000005,-7.515819999999982],[112.77381000000004,-7.51608999999994],[112.77360000000007,-7.516299999999907],[112.77299999999998,-7.516629999999944],[112.77263000000002,-7.516879999999935],[112.77243000000007,-7.517049999999967],[112.77227000000008,-7.517109999999958],[112.77213000000003,-7.517089999999902],[112.77184000000011,-7.51690999999993],[112.77123000000009,-7.516379999999954],[112.77109000000004,-7.516239999999916],[112.77106000000005,-7.516389999999982],[112.77086000000011,-7.516560000000014],[112.7693,-7.516929999999986],[112.7688900000001,-7.517039999999939],[112.76783000000015,-7.517619999999967],[112.76738000000013,-7.517929999999948],[112.76707000000015,-7.518239999999929],[112.7669000000001,-7.518469999999953],[112.76681000000004,-7.518689999999948],[112.76677000000011,-7.519349999999934],[112.76678000000004,-7.519699999999938],[112.76678999999999,-7.519929999999961],[112.76689000000009,-7.519889999999938],[112.76706000000003,-7.519889999999938],[112.76726000000005,-7.519949999999929],[112.76744000000012,-7.520069999999999],[112.7676200000001,-7.520289999999905],[112.76777000000007,-7.520579999999919],[112.76781000000008,-7.520799999999914],[112.76780000000007,-7.5210799999999],[112.76769000000002,-7.521549999999975],[112.76753000000011,-7.521919999999946],[112.76729000000014,-7.522249999999895],[112.76697000000004,-7.522579999999932],[112.76646000000004,-7.523109999999997],[112.76624000000004,-7.52340999999995],[112.76615999999999,-7.523669999999969],[112.76441000000014,-7.523379999999955],[112.76393000000004,-7.523189999999955],[112.76359000000006,-7.523049999999918],[112.76332000000002,-7.522929999999937],[112.76301000000004,-7.522719999999969],[112.76293000000008,-7.522629999999895],[112.76274,-7.522369999999965],[112.76249000000008,-7.522039999999928],[112.76217000000008,-7.521639999999961],[112.76212000000012,-7.521509999999951],[112.76195000000008,-7.521339999999919],[112.76176000000008,-7.5211299999999515],[112.76146000000004,-7.520859999999994],[112.76123000000011,-7.520719999999956],[112.76089000000005,-7.520539999999896],[112.76055000000007,-7.520379999999891],[112.75999,-7.520119999999961],[112.75985000000006,-7.519969999999985],[112.75978000000013,-7.519820000000008],[112.75958000000001,-7.519659999999915],[112.75942000000009,-7.519589999999896],[112.75911000000012,-7.519479999999943],[112.7587900000001,-7.51923999999998],[112.7584400000001,-7.519129999999938],[112.75833000000014,-7.51924999999992],[112.75823000000004,-7.519379999999929],[112.75808000000006,-7.5195399999999335],[112.75790000000009,-7.519699999999938],[112.75763000000005,-7.519869999999971],[112.75717000000009,-7.519969999999985],[112.75697000000007,-7.520019999999947],[112.75678000000006,-7.520069999999999],[112.75309000000001,-7.52094999999998],[112.75274000000002,-7.520879999999961],[112.75230000000012,-7.52094999999998],[112.75196000000005,-7.52100999999997],[112.75152000000006,-7.520999999999942],[112.75086000000007,-7.52094999999998],[112.7508,-7.5210799999999],[112.7504600000001,-7.521060000000022],[112.7501100000001,-7.5210299999999375],[112.74999000000003,-7.5212399999999935],[112.74949000000005,-7.521749999999914],[112.74933000000013,-7.521909999999918],[112.74912000000008,-7.522139999999942],[112.74869000000002,-7.522549999999937],[112.74857000000004,-7.522629999999895],[112.74851000000005,-7.522669999999918],[112.74819000000005,-7.522939999999965],[112.74787000000003,-7.523289999999969],[112.74772000000006,-7.523609999999978],[112.74762000000014,-7.524429999999969],[112.74763000000007,-7.525389999999996],[112.74765000000004,-7.525919999999973],[112.7476700000001,-7.526269999999977],[112.74775000000014,-7.52726],[112.74825000000013,-7.529049999999957],[112.74828000000004,-7.52927999999998],[112.74825000000013,-7.529489999999948],[112.74819000000005,-7.529629999999985],[112.74807000000007,-7.5298900000000035],[112.74768000000003,-7.53041999999998],[112.74702000000005,-7.531829999999937],[112.74683000000005,-7.53224999999996],[112.74666000000002,-7.532550000000002],[112.74647000000002,-7.532869999999923],[112.7461500000001,-7.533369999999904],[112.74572000000005,-7.53395999999996],[112.74521000000004,-7.534770000000011],[112.74502000000004,-7.5348499999999685],[112.74477000000005,-7.534800000000006],[112.74452000000005,-7.534759999999983],[112.7440600000001,-7.534669999999908],[112.74340000000002,-7.534529999999959],[112.74287999999999,-7.534429999999945],[112.74225,-7.534289999999908],[112.74172000000011,-7.534179999999955],[112.7411800000001,-7.5340599999999736],[112.74041000000008,-7.533879999999913],[112.73967999999998,-7.533739999999964],[112.73919000000004,-7.533619999999894],[112.73883,-7.533549999999964],[112.7383900000001,-7.533429999999983],[112.73803000000007,-7.533339999999997],[112.73771000000015,-7.533269999999979],[112.7373500000001,-7.533239999999983],[112.73704000000014,-7.533209999999899],[112.7368100000001,-7.533220000000016],[112.73656000000003,-7.533169999999965],[112.73615000000004,-7.53307999999989],[112.73506000000009,-7.532680000000012],[112.73425000000012,-7.532259999999988],[112.73396000000002,-7.532109999999923],[112.73322000000007,-7.531739999999951],[112.73309000000006,-7.5319599999999465],[112.73305000000005,-7.53218999999997],[112.73301000000002,-7.532419999999904],[112.73298000000011,-7.53262999999996],[112.73295000000012,-7.532879999999951],[112.73291000000009,-7.533139999999969],[112.73287000000008,-7.5334599999999785],[112.73283000000005,-7.533729999999936],[112.73282000000002,-7.533909999999908],[112.73277000000006,-7.534199999999922],[112.73275,-7.534489999999936],[112.73268000000007,-7.534800000000006]]]},"properties":{"KDPPUM":"","NAMOBJ":"Plumbon","REMARK":"","KDPBPS":"","FCODE":"BA03060060","LUASWH":0,"UUPP":"","SRS_ID":"SRGI 2013","LCODE":"","METADATA":"","KDEBPS":"","KDEPUM":"","KDCBPS":"","KDCPUM":"","KDBBPS":"","KDBPUM":"","WADMKD":"Plumbon","WIADKD":"","WADMKC":"Porong","WIADKC":"","WADMKK":"Sidoarjo","WIADKK":"","WADMPR":"Jawa Timur","WIADPR":"","TIPADM":0,"SHAPE_Leng":0.21360295781,"SHAPE_Area":0.0005526275}},
{"type":"Feature","geometry":{"type":"Polygon","coordinates":[[[112.72783000000005,-7.520889999999989],[112.72661000000001,-7.520559999999952],[112.72634000000005,-7.520520000000017],[112.72609000000016,-7.520539999999896],[112.7260100000001,-7.520539999999896],[112.72579000000012,-7.520499999999961],[112.72563000000002,-7.520419999999914],[112.72554000000004,-7.520299999999933],[112.72552000000006,-7.52018999999998],[112.72571000000006,-7.519779999999985],[112.7256900000001,-7.519719999999994],[112.72557000000003,-7.519659999999915],[112.72499000000009,-7.519469999999915],[112.72443000000011,-7.51924999999992],[112.72392000000002,-7.519099999999943],[112.72221000000002,-7.518539999999971],[112.72199000000002,-7.518469999999953],[112.72193000000003,-7.518569999999967],[112.72157,-7.519459999999976],[112.72140000000006,-7.520109999999933],[112.72133000000004,-7.520459999999938],[112.72114000000013,-7.521180000000003],[112.72103000000008,-7.5216199999999045],[112.72071000000008,-7.522749999999965],[112.72067000000006,-7.523139999999993],[112.71992000000009,-7.522949999999993],[112.71981000000004,-7.522929999999937],[112.71860000000002,-7.522749999999965],[112.71841000000002,-7.522719999999969],[112.71673000000011,-7.522309999999974],[112.71633000000006,-7.522219999999988],[112.71531000000003,-7.521949999999942],[112.71499000000003,-7.522049999999956],[112.71473,-7.522189999999993],[112.71441000000009,-7.5225199999999415],[112.71432000000001,-7.522770000000021],[112.71396000000007,-7.523929999999988],[112.71389000000013,-7.524179999999978],[112.7125500000001,-7.5237099999999035],[112.7124200000001,-7.5240099999999455],[112.71233000000002,-7.524259999999936],[112.7122300000001,-7.524539999999922],[112.71213000000009,-7.5248199999999965],[112.7120400000001,-7.525089999999954],[112.71195000000012,-7.525329999999917],[112.71184000000007,-7.525479999999982],[112.71179000000011,-7.525769999999996],[112.71170000000004,-7.526039999999954],[112.71159000000009,-7.526350000000024],[112.71149000000007,-7.526649999999977],[112.71135000000002,-7.527039999999916],[112.7112800000001,-7.527219999999977],[112.71116000000004,-7.5275799999999204],[112.71108000000007,-7.527789999999888],[112.71095000000007,-7.528159999999948],[112.71088000000013,-7.528369999999915],[112.71079000000006,-7.528619999999906],[112.71070000000007,-7.528859999999957],[112.71065000000011,-7.529009999999934],[112.71057000000006,-7.52921999999999],[112.71059000000002,-7.529319999999915],[112.71136000000006,-7.5295799999999335],[112.71171000000007,-7.529689999999976],[112.71219000000008,-7.529839999999952],[112.71274000000003,-7.530009999999985],[112.71256999999999,-7.5305699999999565],[112.71219000000008,-7.532169999999914],[112.7120100000001,-7.53281999999996],[112.71183000000005,-7.53319999999996],[112.71173000000012,-7.53338999999996],[112.71169000000009,-7.533499999999913],[112.7120100000001,-7.533239999999983],[112.71247000000007,-7.53338999999996],[112.71289,-7.533489999999974],[112.71326000000015,-7.533609999999955],[112.71362000000009,-7.533729999999936],[112.71378,-7.533789999999927],[112.71524000000011,-7.534379999999983],[112.71563999999998,-7.534599999999978],[112.71588000000013,-7.5347499999999545],[112.71620000000004,-7.534829999999912],[112.71639999999998,-7.534829999999912],[112.71651000000011,-7.534829999999912],[112.71674000000004,-7.53477999999995],[112.71754000000007,-7.534609999999917],[112.71802,-7.53439999999995],[112.71847000000001,-7.5341499999999595],[112.71869000000001,-7.534079999999941],[112.7188500000001,-7.5340399999999175],[112.71957000000008,-7.533869999999974],[112.72009000000003,-7.533809999999983],[112.72060000000012,-7.533799999999955],[112.72118000000015,-7.533879999999913],[112.72139000000003,-7.5339499999999315],[112.72157,-7.534069999999913],[112.72175000000006,-7.534109999999936],[112.72208,-7.5340599999999736],[112.72215000000003,-7.533859999999946],[112.72223000000008,-7.5335599999999925],[112.72225000000005,-7.5334700000000066],[112.72229000000007,-7.533299999999974],[112.72234999999996,-7.53300999999996],[112.72245000000007,-7.5326599999999555],[112.72254000000005,-7.532409999999965],[112.72263000000014,-7.532079999999928],[112.72270000000006,-7.5318699999999605],[112.72276000000014,-7.53161999999997],[112.72298000000005,-7.530949999999956],[112.72311000000006,-7.530549999999989],[112.72330000000015,-7.530089999999943],[112.72346000000006,-7.529629999999985],[112.72355999999999,-7.52927999999998],[112.72370000000002,-7.528899999999981],[112.72380000000013,-7.528609999999967],[112.72394000000007,-7.52833999999992],[112.72407000000008,-7.527989999999916],[112.72426000000009,-7.52764],[112.72453000000004,-7.527199999999921],[112.7247400000001,-7.526879999999911],[112.72501000000014,-7.526479999999944],[112.72520000000006,-7.526119999999912],[112.72544000000002,-7.525719999999945],[112.72565000000007,-7.525339999999945],[112.72592000000012,-7.524829999999936],[112.72611000000003,-7.5245099999999265],[112.72621999999998,-7.524289999999931],[112.72635,-7.5240199999999735],[112.72648000000001,-7.523749999999927],[112.7266400000001,-7.523449999999974],[112.72675000000005,-7.523179999999927],[112.72688000000007,-7.522890000000002],[112.72705000000009,-7.522559999999965],[112.72721000000001,-7.522159999999909],[112.7273700000001,-7.521809999999993],[112.72766000000003,-7.521299999999984],[112.72783000000005,-7.520889999999989]]]},"properties":{"KDPPUM":"","NAMOBJ":"Renokenongo","REMARK":"","KDPBPS":"","FCODE":"BA03060060","LUASWH":0,"UUPP":"","SRS_ID":"SRGI 2013","LCODE":"","METADATA":"","KDEBPS":"","KDEPUM":"","KDCBPS":"","KDCPUM":"","KDBBPS":"","KDBPUM":"","WADMKD":"Renokenongo","WIADKD":"","WADMKC":"Porong","WIADKC":"","WADMKK":"Sidoarjo","WIADKK":"","WADMPR":"Jawa Timur","WIADPR":"","TIPADM":0,"SHAPE_Leng":0.05892771714,"SHAPE_Area":0.0001594477}},
{"type":"Feature","geometry":{"type":"Polygon","coordinates":[[[112.69040000000008,-7.513129999999899],[112.68967000000008,-7.513009999999918],[112.68888000000008,-7.512939999999988],[112.68852000000004,-7.512889999999937],[112.68658000000002,-7.51254999999996],[112.68637000000005,-7.513259999999908],[112.68620000000011,-7.513619999999941],[112.68617000000003,-7.5136699999999035],[112.68599999999999,-7.513949999999978],[112.68591,-7.514609999999964],[112.68668000000004,-7.514749999999912],[112.68668000000004,-7.514980000000024],[112.68663000000008,-7.5153699999999635],[112.68643000000004,-7.517039999999939],[112.68635000000009,-7.517190000000005],[112.68591,-7.5188499999999525],[112.68586999999998,-7.51898999999999],[112.68570000000012,-7.5196499999999755],[112.68567000000004,-7.519789999999924],[112.68560000000002,-7.519869999999971],[112.68542000000005,-7.519949999999929],[112.68527000000007,-7.520610000000003],[112.68514000000008,-7.5210299999999375],[112.68486000000009,-7.522169999999937],[112.68471000000011,-7.522799999999927],[112.6853400000001,-7.522819999999983],[112.68576000000003,-7.522819999999983],[112.68622000000008,-7.522819999999983],[112.68679000000007,-7.522789999999899],[112.68735999999998,-7.522789999999899],[112.68744000000004,-7.522789999999899],[112.68782000000013,-7.522789999999899],[112.68836000000013,-7.522770000000021],[112.68890000000013,-7.522759999999993],[112.68924000000003,-7.522749999999965],[112.68943000000002,-7.522849999999979],[112.69001000000004,-7.522449999999923],[112.69062000000007,-7.521979999999937],[112.69241000000012,-7.520669999999905],[112.69275,-7.52044999999991],[112.69318000000005,-7.520289999999905],[112.69328000000007,-7.520249999999971],[112.69379000000008,-7.520039999999915],[112.69511000000014,-7.51936999999999],[112.6961100000001,-7.518900000000004],[112.69674000000009,-7.518589999999934],[112.69777000000013,-7.518099999999981],[112.69860000000007,-7.517709999999953],[112.69929000000005,-7.517369999999977],[112.69982000000003,-7.517119999999986],[112.69990000000007,-7.517019999999972],[112.69949000000008,-7.516819999999944],[112.69895000000007,-7.516589999999921],[112.69848,-7.516419999999888],[112.69802000000004,-7.516239999999916],[112.69753,-7.516039999999977],[112.69698000000005,-7.515849999999977],[112.69662000000002,-7.5157599999999025],[112.69631999999999,-7.515649999999949],[112.69606000000014,-7.515509999999912],[112.69579000000009,-7.515339999999968],[112.69543000000006,-7.515189999999992],[112.69523999999997,-7.515109999999945],[112.69488000000003,-7.51494999999994],[112.69464000000006,-7.514819999999931],[112.69430000000008,-7.5146799999999825],[112.69422000000013,-7.514560000000001],[112.69411,-7.514389999999969],[112.69404000000007,-7.514539999999945],[112.69387000000003,-7.51475999999994],[112.6937,-7.514899999999978],[112.69351000000009,-7.51494999999994],[112.69311000000003,-7.51494999999994],[112.69264000000014,-7.514859999999954],[112.69184000000003,-7.5146799999999825],[112.69147000000005,-7.514639999999959],[112.6908500000001,-7.514729999999945],[112.69073999999996,-7.5147799999999965],[112.69059000000007,-7.514399999999997],[112.69054000000003,-7.514019999999997],[112.6905,-7.513539999999983],[112.69040000000008,-7.513129999999899]]]},"properties":{"KDPPUM":"","NAMOBJ":"Wunut","REMARK":"","KDPBPS":"","FCODE":"BA03060060","LUASWH":0,"UUPP":"","SRS_ID":"SRGI 2013","LCODE":"","METADATA":"","KDEBPS":"","KDEPUM":"","KDCBPS":"","KDCPUM":"","KDBBPS":"","KDBPUM":"","WADMKD":"Wunut","WIADKD":"","WADMKC":"Porong","WIADKC":"","WADMKK":"Sidoarjo","WIADKK":"","WADMPR":"Jawa Timur","WIADPR":"","TIPADM":0,"SHAPE_Leng":0.04383786932,"SHAPE_Area":0.00008264135}}
]}